well,chem,year,value_ugL,detect
10105,"1,1,2,2-Tetrachloroethane",2007,10.0,nondetect
10105,"1,2,4-Trichlorobenzene",2007,10.0,nondetect
10105,"1,2-Dichlorobenzene",2007,10.0,nondetect
10105,"1,2-Dichloroethane",2015,5.0,nondetect
10105,"1,2-Dichloroethane",2017,5.0,nondetect
10105,"1,2-Dichloroethane",2019,5.0,nondetect
10105,"1,4-Dichlorobenzene",2007,10.0,nondetect
10105,Benzene,2007,10.0,nondetect
10105,Benzene,2011,5.0,nondetect
10105,Benzene,2015,5.0,nondetect
10105,Benzene,2017,5.0,nondetect
10105,Benzene,2019,5.0,nondetect
10105,Benzo(a)pyrene,2015,1.9,nondetect
10105,Benzo(a)pyrene,2017,9.4,nondetect
10105,Benzo(a)pyrene,2019,9.4,nondetect
10105,Chlorobenzene,2007,10.0,nondetect
10105,Chlorobenzene,2011,5.0,nondetect
10105,Chlorobenzene,2015,5.0,nondetect
10105,Chlorobenzene,2017,5.0,nondetect
10105,Chlorobenzene,2019,5.0,nondetect
10105,Chloroform / THMs,2015,5.0,nondetect
10105,Chloroform / THMs,2017,5.0,nondetect
10105,Chloroform / THMs,2019,5.0,nondetect
10105,DDT / DDE / DDD,2015,0.05,nondetect
10105,DDT / DDE / DDD,2017,0.047,nondetect
10105,DDT / DDE / DDD,2019,0.047,nondetect
10105,Dieldrin,2015,0.05,nondetect
10105,Dieldrin,2017,0.047,nondetect
10105,Dieldrin,2019,0.047,nondetect
10105,Dioxins / furans,2015,9.3,nondetect
10105,Dioxins / furans,2017,9.4,nondetect
10105,Dioxins / furans,2019,9.4,nondetect
10105,Ethylbenzene,2007,10.0,nondetect
10105,Ethylbenzene,2011,5.0,nondetect
10105,Ethylbenzene,2015,5.0,nondetect
10105,Ethylbenzene,2017,5.0,nondetect
10105,Ethylbenzene,2019,5.0,nondetect
10105,Lindane / BHC,2015,0.05,nondetect
10105,Lindane / BHC,2017,0.047,nondetect
10105,Lindane / BHC,2019,0.047,nondetect
10105,Naphthalene,2015,1.9,nondetect
10105,Naphthalene,2017,9.4,nondetect
10105,Naphthalene,2019,9.4,nondetect
10105,PCBs,2015,0.4,nondetect
10105,PCBs,2017,0.94,nondetect
10105,PCBs,2019,0.94,nondetect
10105,Tetrachloroethene (PCE),2007,10.0,nondetect
10105,Tetrachloroethene (PCE),2011,5.0,nondetect
10105,Tetrachloroethene (PCE),2015,5.0,nondetect
10105,Tetrachloroethene (PCE),2017,5.0,nondetect
10105,Tetrachloroethene (PCE),2019,5.0,nondetect
10105,Toluene,2007,10.0,nondetect
10105,Toluene,2011,5.0,nondetect
10105,Toluene,2015,5.0,nondetect
10105,Toluene,2017,5.0,nondetect
10105,Toluene,2019,5.0,nondetect
10105,Trichloroethene (TCE),2007,10.0,nondetect
10105,Trichloroethene (TCE),2011,5.0,nondetect
10105,Trichloroethene (TCE),2015,5.0,nondetect
10105,Trichloroethene (TCE),2017,5.0,nondetect
10105,Trichloroethene (TCE),2019,5.0,nondetect
10105,Vinyl chloride,2011,5.0,nondetect
10105,Vinyl chloride,2015,5.0,nondetect
10105,Vinyl chloride,2017,5.0,nondetect
10105,Vinyl chloride,2019,5.0,nondetect
10105,Xylene,2007,10.0,nondetect
10105,Xylene,2011,15.0,nondetect
10105,Xylene,2015,10.0,nondetect
10105,Xylene,2017,5.0,nondetect
10105,Xylene,2019,5.0,nondetect
10113,"1,1,2,2-Tetrachloroethane",2001,10.0,nondetect
10113,"1,2,4-Trichlorobenzene",2001,10.0,nondetect
10113,"1,2-Dichlorobenzene",2001,10.0,nondetect
10113,"1,4-Dichlorobenzene",2001,10.0,nondetect
10113,Benzene,2001,10.0,nondetect
10113,Chlorobenzene,2001,10.0,nondetect
10113,Ethylbenzene,2001,10.0,nondetect
10113,Tetrachloroethene (PCE),2001,10.0,nondetect
10113,Toluene,2001,10.0,nondetect
10113,Trichloroethene (TCE),2001,10.0,nondetect
10113,Vinyl chloride,2001,10.0,nondetect
10135,"1,1,2,2-Tetrachloroethane",2000,27.0,detect
10135,"1,1,2,2-Tetrachloroethane",2001,100.0,detect
10135,"1,1,2,2-Tetrachloroethane",2002,56.0,detect
10135,"1,1,2,2-Tetrachloroethane",2003,38.0,detect
10135,"1,1,2,2-Tetrachloroethane",2007,16.0,detect
10135,"1,1,2,2-Tetrachloroethane",2018,500.0,nondetect
10135,"1,2,4-Trichlorobenzene",2000,45.0,detect
10135,"1,2,4-Trichlorobenzene",2001,42.0,detect
10135,"1,2,4-Trichlorobenzene",2002,2000.0,nondetect
10135,"1,2,4-Trichlorobenzene",2003,97.0,detect
10135,"1,2,4-Trichlorobenzene",2005,67.0,detect
10135,"1,2,4-Trichlorobenzene",2006,63.0,detect
10135,"1,2,4-Trichlorobenzene",2007,47.0,detect
10135,"1,2,4-Trichlorobenzene",2018,470.0,nondetect
10135,"1,2-Dichlorobenzene",2000,22.0,detect
10135,"1,2-Dichlorobenzene",2001,48.0,detect
10135,"1,2-Dichlorobenzene",2003,59.0,detect
10135,"1,2-Dichlorobenzene",2005,36.0,detect
10135,"1,2-Dichlorobenzene",2006,37.0,detect
10135,"1,2-Dichlorobenzene",2007,31.0,detect
10135,"1,2-Dichlorobenzene",2018,470.0,nondetect
10135,"1,2-Dichloroethane",2015,500.0,nondetect
10135,"1,2-Dichloroethane",2016,1000.0,nondetect
10135,"1,2-Dichloroethane",2017,5.0,nondetect
10135,"1,2-Dichloroethane",2019,5.0,nondetect
10135,"1,4-Dichlorobenzene",2000,59.0,detect
10135,"1,4-Dichlorobenzene",2001,69.0,detect
10135,"1,4-Dichlorobenzene",2003,160.0,detect
10135,"1,4-Dichlorobenzene",2005,100.0,detect
10135,"1,4-Dichlorobenzene",2006,100.0,detect
10135,"1,4-Dichlorobenzene",2007,84.0,detect
10135,"1,4-Dichlorobenzene",2018,470.0,nondetect
10135,Benzene,2000,6400.0,detect
10135,Benzene,2001,7600.0,detect
10135,Benzene,2002,5900.0,detect
10135,Benzene,2003,5500.0,detect
10135,Benzene,2006,6800.0,detect
10135,Benzene,2007,7100.0,detect
10135,Benzene,2010,3400.0,detect
10135,Benzene,2011,2200.0,detect
10135,Benzene,2012,5900.0,detect
10135,Benzene,2014,6100.0,detect
10135,Benzene,2015,6200.0,detect
10135,Benzene,2016,7100.0,detect
10135,Benzene,2017,6300.0,detect
10135,Benzene,2018,6200.0,detect
10135,Benzene,2019,5700.0,detect
10135,Benzo(a)pyrene,2015,46.0,nondetect
10135,Benzo(a)pyrene,2016,94.0,nondetect
10135,Benzo(a)pyrene,2017,190.0,nondetect
10135,Benzo(a)pyrene,2019,94.0,nondetect
10135,Chlorobenzene,2000,2300.0,detect
10135,Chlorobenzene,2001,2700.0,detect
10135,Chlorobenzene,2002,2200.0,detect
10135,Chlorobenzene,2003,1900.0,detect
10135,Chlorobenzene,2005,2000.0,detect
10135,Chlorobenzene,2006,2400.0,detect
10135,Chlorobenzene,2007,2100.0,detect
10135,Chlorobenzene,2010,1300.0,detect
10135,Chlorobenzene,2011,1100.0,detect
10135,Chlorobenzene,2012,2500.0,detect
10135,Chlorobenzene,2014,2300.0,detect
10135,Chlorobenzene,2015,2600.0,detect
10135,Chlorobenzene,2016,2700.0,detect
10135,Chlorobenzene,2017,2600.0,detect
10135,Chlorobenzene,2018,2400.0,detect
10135,Chlorobenzene,2019,2400.0,detect
10135,Chloroform / THMs,2000,100.0,detect
10135,Chloroform / THMs,2003,110.0,detect
10135,Chloroform / THMs,2015,180.0,detect
10135,Chloroform / THMs,2016,400.0,detect
10135,Chloroform / THMs,2017,100.0,detect
10135,Chloroform / THMs,2019,60.0,detect
10135,DDT / DDE / DDD,2015,0.05,nondetect
10135,DDT / DDE / DDD,2016,0.94,nondetect
10135,DDT / DDE / DDD,2017,1.9,nondetect
10135,DDT / DDE / DDD,2019,0.94,nondetect
10135,Dieldrin,2015,0.05,nondetect
10135,Dieldrin,2016,0.94,nondetect
10135,Dieldrin,2017,1.9,nondetect
10135,Dieldrin,2019,0.94,nondetect
10135,Dioxins / furans,2015,230.0,nondetect
10135,Dioxins / furans,2016,94.0,nondetect
10135,Dioxins / furans,2017,190.0,nondetect
10135,Dioxins / furans,2019,94.0,nondetect
10135,Ethylbenzene,2000,12.0,detect
10135,Ethylbenzene,2001,22.0,detect
10135,Ethylbenzene,2002,15.0,detect
10135,Ethylbenzene,2003,10.0,detect
10135,Ethylbenzene,2007,10.0,detect
10135,Ethylbenzene,2010,13.0,detect
10135,Ethylbenzene,2011,50.0,nondetect
10135,Ethylbenzene,2012,500.0,nondetect
10135,Ethylbenzene,2014,630.0,nondetect
10135,Ethylbenzene,2015,500.0,nondetect
10135,Ethylbenzene,2016,1000.0,nondetect
10135,Ethylbenzene,2017,14.0,detect
10135,Ethylbenzene,2018,500.0,nondetect
10135,Ethylbenzene,2019,11.0,detect
10135,Lindane / BHC,2015,20.0,detect
10135,Lindane / BHC,2016,25.0,detect
10135,Lindane / BHC,2017,29.0,detect
10135,Lindane / BHC,2019,26.0,detect
10135,Naphthalene,2015,46.0,nondetect
10135,Naphthalene,2016,94.0,nondetect
10135,Naphthalene,2017,190.0,nondetect
10135,Naphthalene,2019,94.0,nondetect
10135,PCBs,2015,0.4,nondetect
10135,PCBs,2016,0.94,nondetect
10135,PCBs,2017,0.94,nondetect
10135,PCBs,2019,0.94,nondetect
10135,Tetrachloroethene (PCE),2000,16.0,detect
10135,Tetrachloroethene (PCE),2001,50.0,detect
10135,Tetrachloroethene (PCE),2002,38.0,detect
10135,Tetrachloroethene (PCE),2003,18.0,detect
10135,Tetrachloroethene (PCE),2006,330.0,nondetect
10135,Tetrachloroethene (PCE),2007,13.0,detect
10135,Tetrachloroethene (PCE),2010,19.0,detect
10135,Tetrachloroethene (PCE),2011,9.5,detect
10135,Tetrachloroethene (PCE),2012,500.0,nondetect
10135,Tetrachloroethene (PCE),2014,630.0,nondetect
10135,Tetrachloroethene (PCE),2015,500.0,nondetect
10135,Tetrachloroethene (PCE),2016,1000.0,nondetect
10135,Tetrachloroethene (PCE),2017,17.0,detect
10135,Tetrachloroethene (PCE),2018,500.0,nondetect
10135,Tetrachloroethene (PCE),2019,5.3,detect
10135,Toluene,2000,21000.0,detect
10135,Toluene,2001,22000.0,detect
10135,Toluene,2002,20000.0,detect
10135,Toluene,2003,15000.0,detect
10135,Toluene,2005,16000.0,detect
10135,Toluene,2006,21000.0,detect
10135,Toluene,2007,23000.0,detect
10135,Toluene,2010,11000.0,detect
10135,Toluene,2011,3100.0,detect
10135,Toluene,2012,14000.0,detect
10135,Toluene,2014,20000.0,detect
10135,Toluene,2015,20000.0,detect
10135,Toluene,2016,23000.0,detect
10135,Toluene,2017,19000.0,detect
10135,Toluene,2018,21000.0,detect
10135,Toluene,2019,19000.0,detect
10135,Trichloroethene (TCE),2000,60.0,detect
10135,Trichloroethene (TCE),2001,140.0,detect
10135,Trichloroethene (TCE),2002,130.0,detect
10135,Trichloroethene (TCE),2003,91.0,detect
10135,Trichloroethene (TCE),2006,46.0,detect
10135,Trichloroethene (TCE),2007,89.0,detect
10135,Trichloroethene (TCE),2010,140.0,detect
10135,Trichloroethene (TCE),2011,52.0,detect
10135,Trichloroethene (TCE),2012,500.0,nondetect
10135,Trichloroethene (TCE),2014,630.0,nondetect
10135,Trichloroethene (TCE),2015,110.0,detect
10135,Trichloroethene (TCE),2016,78.0,detect
10135,Trichloroethene (TCE),2017,73.0,detect
10135,Trichloroethene (TCE),2018,71.0,detect
10135,Trichloroethene (TCE),2019,28.0,detect
10135,Vinyl chloride,2000,110.0,detect
10135,Vinyl chloride,2001,75.0,detect
10135,Vinyl chloride,2002,48.0,detect
10135,Vinyl chloride,2003,51.0,detect
10135,Vinyl chloride,2010,31.0,detect
10135,Vinyl chloride,2011,50.0,nondetect
10135,Vinyl chloride,2012,500.0,nondetect
10135,Vinyl chloride,2014,630.0,nondetect
10135,Vinyl chloride,2015,500.0,nondetect
10135,Vinyl chloride,2016,1000.0,nondetect
10135,Vinyl chloride,2017,15.0,detect
10135,Vinyl chloride,2018,500.0,nondetect
10135,Vinyl chloride,2019,3.9,detect
10135,Xylene,2000,42.0,detect
10135,Xylene,2007,37.0,detect
10135,Xylene,2010,51.0,detect
10135,Xylene,2011,150.0,nondetect
10135,Xylene,2012,1500.0,nondetect
10135,Xylene,2014,1300.0,nondetect
10135,Xylene,2015,1000.0,nondetect
10135,Xylene,2016,1000.0,nondetect
10135,Xylene,2017,58.0,detect
10135,Xylene,2018,35.0,detect
10135,Xylene,2019,48.0,detect
10147,"1,1,2,2-Tetrachloroethane",2007,10.0,nondetect
10147,"1,2,4-Trichlorobenzene",2007,10.0,nondetect
10147,"1,2-Dichlorobenzene",2007,10.0,nondetect
10147,"1,2-Dichloroethane",2015,5.0,nondetect
10147,"1,2-Dichloroethane",2017,5.0,nondetect
10147,"1,2-Dichloroethane",2019,5.0,nondetect
10147,"1,4-Dichlorobenzene",2007,10.0,nondetect
10147,Benzene,2007,10.0,nondetect
10147,Benzene,2011,5.0,nondetect
10147,Benzene,2015,5.0,nondetect
10147,Benzene,2017,5.0,nondetect
10147,Benzene,2019,5.0,nondetect
10147,Benzo(a)pyrene,2015,1.9,nondetect
10147,Benzo(a)pyrene,2017,9.4,nondetect
10147,Benzo(a)pyrene,2019,9.4,nondetect
10147,Chlorobenzene,2007,10.0,nondetect
10147,Chlorobenzene,2011,5.0,nondetect
10147,Chlorobenzene,2015,5.0,nondetect
10147,Chlorobenzene,2017,5.0,nondetect
10147,Chlorobenzene,2019,5.0,nondetect
10147,Chloroform / THMs,2015,5.0,nondetect
10147,Chloroform / THMs,2017,5.0,nondetect
10147,Chloroform / THMs,2019,5.0,nondetect
10147,DDT / DDE / DDD,2015,0.045,detect
10147,DDT / DDE / DDD,2017,0.047,nondetect
10147,DDT / DDE / DDD,2019,0.047,nondetect
10147,Dieldrin,2015,0.05,nondetect
10147,Dieldrin,2017,0.047,nondetect
10147,Dieldrin,2019,0.047,nondetect
10147,Dioxins / furans,2015,9.3,nondetect
10147,Dioxins / furans,2017,9.4,nondetect
10147,Dioxins / furans,2019,9.4,nondetect
10147,Ethylbenzene,2007,10.0,nondetect
10147,Ethylbenzene,2011,5.0,nondetect
10147,Ethylbenzene,2015,5.0,nondetect
10147,Ethylbenzene,2017,5.0,nondetect
10147,Ethylbenzene,2019,5.0,nondetect
10147,Lindane / BHC,2015,0.05,nondetect
10147,Lindane / BHC,2017,0.047,nondetect
10147,Lindane / BHC,2019,0.047,nondetect
10147,Naphthalene,2015,1.9,nondetect
10147,Naphthalene,2017,9.4,nondetect
10147,Naphthalene,2019,9.4,nondetect
10147,PCBs,2015,0.4,nondetect
10147,PCBs,2017,0.94,nondetect
10147,PCBs,2019,0.94,nondetect
10147,Tetrachloroethene (PCE),2007,10.0,nondetect
10147,Tetrachloroethene (PCE),2011,5.0,nondetect
10147,Tetrachloroethene (PCE),2015,5.0,nondetect
10147,Tetrachloroethene (PCE),2017,5.0,nondetect
10147,Tetrachloroethene (PCE),2019,5.0,nondetect
10147,Toluene,2007,10.0,nondetect
10147,Toluene,2011,5.0,nondetect
10147,Toluene,2015,5.0,nondetect
10147,Toluene,2017,5.0,nondetect
10147,Toluene,2019,5.0,nondetect
10147,Trichloroethene (TCE),2007,10.0,nondetect
10147,Trichloroethene (TCE),2011,5.0,nondetect
10147,Trichloroethene (TCE),2015,5.0,nondetect
10147,Trichloroethene (TCE),2017,5.0,nondetect
10147,Trichloroethene (TCE),2019,5.0,nondetect
10147,Vinyl chloride,2011,5.0,nondetect
10147,Vinyl chloride,2015,5.0,nondetect
10147,Vinyl chloride,2017,5.0,nondetect
10147,Vinyl chloride,2019,5.0,nondetect
10147,Xylene,2007,10.0,nondetect
10147,Xylene,2011,15.0,nondetect
10147,Xylene,2015,10.0,nondetect
10147,Xylene,2017,5.0,nondetect
10147,Xylene,2019,5.0,nondetect
10174A,"1,2,4-Trichlorobenzene",2005,9.4,nondetect
10174A,"1,2-Dichlorobenzene",2005,9.4,nondetect
10174A,"1,2-Dichloroethane",2015,5.0,nondetect
10174A,"1,2-Dichloroethane",2017,5.0,nondetect
10174A,"1,2-Dichloroethane",2019,5.0,nondetect
10174A,"1,4-Dichlorobenzene",2005,9.4,nondetect
10174A,Benzene,2011,5.0,nondetect
10174A,Benzene,2015,5.0,nondetect
10174A,Benzene,2017,5.0,nondetect
10174A,Benzene,2019,5.0,nondetect
10174A,Benzo(a)pyrene,2015,1.9,nondetect
10174A,Benzo(a)pyrene,2017,9.4,nondetect
10174A,Benzo(a)pyrene,2019,9.4,nondetect
10174A,Chlorobenzene,2005,10.0,nondetect
10174A,Chlorobenzene,2011,5.0,nondetect
10174A,Chlorobenzene,2015,5.0,nondetect
10174A,Chlorobenzene,2017,5.0,nondetect
10174A,Chlorobenzene,2019,5.0,nondetect
10174A,Chloroform / THMs,2015,5.0,nondetect
10174A,Chloroform / THMs,2017,5.0,nondetect
10174A,Chloroform / THMs,2019,5.0,nondetect
10174A,DDT / DDE / DDD,2015,0.05,nondetect
10174A,DDT / DDE / DDD,2017,0.047,nondetect
10174A,DDT / DDE / DDD,2019,0.047,nondetect
10174A,Dieldrin,2015,0.05,nondetect
10174A,Dieldrin,2017,0.047,nondetect
10174A,Dieldrin,2019,0.047,nondetect
10174A,Dioxins / furans,2015,9.3,nondetect
10174A,Dioxins / furans,2017,9.4,nondetect
10174A,Dioxins / furans,2019,9.4,nondetect
10174A,Ethylbenzene,2011,5.0,nondetect
10174A,Ethylbenzene,2015,5.0,nondetect
10174A,Ethylbenzene,2017,5.0,nondetect
10174A,Ethylbenzene,2019,5.0,nondetect
10174A,Lindane / BHC,2015,0.05,nondetect
10174A,Lindane / BHC,2017,0.047,nondetect
10174A,Lindane / BHC,2019,0.047,nondetect
10174A,Naphthalene,2015,1.9,nondetect
10174A,Naphthalene,2017,9.4,nondetect
10174A,Naphthalene,2019,9.4,nondetect
10174A,PCBs,2015,0.4,nondetect
10174A,PCBs,2017,0.94,nondetect
10174A,PCBs,2019,0.94,nondetect
10174A,Tetrachloroethene (PCE),2011,5.0,nondetect
10174A,Tetrachloroethene (PCE),2015,5.0,nondetect
10174A,Tetrachloroethene (PCE),2017,5.0,nondetect
10174A,Tetrachloroethene (PCE),2019,5.0,nondetect
10174A,Toluene,2005,10.0,nondetect
10174A,Toluene,2011,5.0,nondetect
10174A,Toluene,2015,5.0,nondetect
10174A,Toluene,2017,5.0,nondetect
10174A,Toluene,2019,5.0,nondetect
10174A,Trichloroethene (TCE),2011,5.0,nondetect
10174A,Trichloroethene (TCE),2015,5.0,nondetect
10174A,Trichloroethene (TCE),2017,5.0,nondetect
10174A,Trichloroethene (TCE),2019,5.0,nondetect
10174A,Vinyl chloride,2011,5.0,nondetect
10174A,Vinyl chloride,2015,5.0,nondetect
10174A,Vinyl chloride,2017,5.0,nondetect
10174A,Vinyl chloride,2019,5.0,nondetect
10174A,Xylene,2011,15.0,nondetect
10174A,Xylene,2015,10.0,nondetect
10174A,Xylene,2017,5.0,nondetect
10174A,Xylene,2019,5.0,nondetect
10178,"1,1,2,2-Tetrachloroethane",2002,10.0,nondetect
10178,"1,2,4-Trichlorobenzene",2002,10.0,nondetect
10178,Benzene,2002,10.0,nondetect
10178,Chlorobenzene,2002,10.0,nondetect
10178,Ethylbenzene,2002,10.0,nondetect
10178,Tetrachloroethene (PCE),2002,10.0,nondetect
10178,Toluene,2002,10.0,nondetect
10178,Trichloroethene (TCE),2002,10.0,nondetect
10178,Vinyl chloride,2002,10.0,nondetect
10178A,"1,1,2,2-Tetrachloroethane",2018,5.0,nondetect
10178A,"1,2,4-Trichlorobenzene",2006,10.0,nondetect
10178A,"1,2,4-Trichlorobenzene",2018,9.4,nondetect
10178A,"1,2-Dichlorobenzene",2006,10.0,nondetect
10178A,"1,2-Dichlorobenzene",2018,9.4,nondetect
10178A,"1,2-Dichloroethane",2016,5.0,nondetect
10178A,"1,2-Dichloroethane",2017,5.0,nondetect
10178A,"1,2-Dichloroethane",2019,5.0,nondetect
10178A,"1,4-Dichlorobenzene",2006,10.0,nondetect
10178A,"1,4-Dichlorobenzene",2018,9.4,nondetect
10178A,Benzene,2006,10.0,nondetect
10178A,Benzene,2014,5.0,nondetect
10178A,Benzene,2016,5.0,nondetect
10178A,Benzene,2017,5.0,nondetect
10178A,Benzene,2018,5.0,nondetect
10178A,Benzene,2019,5.0,nondetect
10178A,Benzo(a)pyrene,2016,9.4,nondetect
10178A,Benzo(a)pyrene,2017,9.4,nondetect
10178A,Benzo(a)pyrene,2019,9.4,nondetect
10178A,Chlorobenzene,2006,10.0,nondetect
10178A,Chlorobenzene,2014,5.0,nondetect
10178A,Chlorobenzene,2016,5.0,nondetect
10178A,Chlorobenzene,2017,5.0,nondetect
10178A,Chlorobenzene,2018,5.0,nondetect
10178A,Chlorobenzene,2019,5.0,nondetect
10178A,Chloroform / THMs,2016,5.0,nondetect
10178A,Chloroform / THMs,2017,5.0,nondetect
10178A,Chloroform / THMs,2019,5.0,nondetect
10178A,DDT / DDE / DDD,2016,0.047,nondetect
10178A,DDT / DDE / DDD,2017,0.047,nondetect
10178A,DDT / DDE / DDD,2019,0.047,nondetect
10178A,Dieldrin,2016,0.047,nondetect
10178A,Dieldrin,2017,0.047,nondetect
10178A,Dieldrin,2019,0.047,nondetect
10178A,Dioxins / furans,2016,9.4,nondetect
10178A,Dioxins / furans,2017,9.4,nondetect
10178A,Dioxins / furans,2019,9.4,nondetect
10178A,Ethylbenzene,2014,5.0,nondetect
10178A,Ethylbenzene,2016,5.0,nondetect
10178A,Ethylbenzene,2017,5.0,nondetect
10178A,Ethylbenzene,2018,5.0,nondetect
10178A,Ethylbenzene,2019,5.0,nondetect
10178A,Lindane / BHC,2016,0.047,nondetect
10178A,Lindane / BHC,2017,0.047,nondetect
10178A,Lindane / BHC,2019,0.047,nondetect
10178A,Naphthalene,2016,9.4,nondetect
10178A,Naphthalene,2017,9.4,nondetect
10178A,Naphthalene,2019,9.4,nondetect
10178A,PCBs,2016,0.94,nondetect
10178A,PCBs,2017,0.94,nondetect
10178A,PCBs,2019,0.94,nondetect
10178A,Tetrachloroethene (PCE),2006,10.0,nondetect
10178A,Tetrachloroethene (PCE),2014,5.0,nondetect
10178A,Tetrachloroethene (PCE),2016,5.0,nondetect
10178A,Tetrachloroethene (PCE),2017,5.0,nondetect
10178A,Tetrachloroethene (PCE),2018,5.0,nondetect
10178A,Tetrachloroethene (PCE),2019,5.0,nondetect
10178A,Toluene,2006,10.0,nondetect
10178A,Toluene,2014,5.0,nondetect
10178A,Toluene,2016,5.0,nondetect
10178A,Toluene,2017,5.0,nondetect
10178A,Toluene,2018,5.0,nondetect
10178A,Toluene,2019,5.0,nondetect
10178A,Trichloroethene (TCE),2006,10.0,nondetect
10178A,Trichloroethene (TCE),2014,5.0,nondetect
10178A,Trichloroethene (TCE),2016,5.0,nondetect
10178A,Trichloroethene (TCE),2017,5.0,nondetect
10178A,Trichloroethene (TCE),2018,5.0,nondetect
10178A,Trichloroethene (TCE),2019,5.0,nondetect
10178A,Vinyl chloride,2014,5.0,nondetect
10178A,Vinyl chloride,2016,5.0,nondetect
10178A,Vinyl chloride,2017,5.0,nondetect
10178A,Vinyl chloride,2018,5.0,nondetect
10178A,Vinyl chloride,2019,5.0,nondetect
10178A,Xylene,2014,10.0,nondetect
10178A,Xylene,2016,5.0,nondetect
10178A,Xylene,2017,5.0,nondetect
10178A,Xylene,2018,5.0,nondetect
10178A,Xylene,2019,5.0,nondetect
10205,"1,1,2,2-Tetrachloroethane",2000,10.0,nondetect
10205,"1,1,2,2-Tetrachloroethane",2001,10.0,nondetect
10205,"1,1,2,2-Tetrachloroethane",2002,10.0,nondetect
10205,"1,1,2,2-Tetrachloroethane",2003,10.0,nondetect
10205,"1,1,2,2-Tetrachloroethane",2007,10.0,nondetect
10205,"1,1,2,2-Tetrachloroethane",2009,10.0,nondetect
10205,"1,1,2,2-Tetrachloroethane",2018,5.0,nondetect
10205,"1,2,4-Trichlorobenzene",2000,10.0,nondetect
10205,"1,2,4-Trichlorobenzene",2001,10.0,nondetect
10205,"1,2,4-Trichlorobenzene",2002,10.0,nondetect
10205,"1,2,4-Trichlorobenzene",2003,10.0,nondetect
10205,"1,2,4-Trichlorobenzene",2005,9.4,nondetect
10205,"1,2,4-Trichlorobenzene",2006,10.0,nondetect
10205,"1,2,4-Trichlorobenzene",2007,10.0,nondetect
10205,"1,2,4-Trichlorobenzene",2018,9.4,nondetect
10205,"1,2-Dichlorobenzene",2000,10.0,nondetect
10205,"1,2-Dichlorobenzene",2001,10.0,nondetect
10205,"1,2-Dichlorobenzene",2003,10.0,nondetect
10205,"1,2-Dichlorobenzene",2005,9.4,nondetect
10205,"1,2-Dichlorobenzene",2006,10.0,nondetect
10205,"1,2-Dichlorobenzene",2007,10.0,nondetect
10205,"1,2-Dichlorobenzene",2018,9.4,nondetect
10205,"1,2-Dichloroethane",2015,5.0,nondetect
10205,"1,2-Dichloroethane",2016,5.0,nondetect
10205,"1,2-Dichloroethane",2017,5.0,nondetect
10205,"1,2-Dichloroethane",2019,5.0,nondetect
10205,"1,4-Dichlorobenzene",2000,10.0,nondetect
10205,"1,4-Dichlorobenzene",2001,10.0,nondetect
10205,"1,4-Dichlorobenzene",2003,10.0,nondetect
10205,"1,4-Dichlorobenzene",2005,9.4,nondetect
10205,"1,4-Dichlorobenzene",2006,10.0,nondetect
10205,"1,4-Dichlorobenzene",2007,10.0,nondetect
10205,"1,4-Dichlorobenzene",2018,9.4,nondetect
10205,Benzene,2000,10.0,nondetect
10205,Benzene,2001,2.0,detect
10205,Benzene,2002,10.0,nondetect
10205,Benzene,2003,10.0,nondetect
10205,Benzene,2006,10.0,nondetect
10205,Benzene,2007,10.0,nondetect
10205,Benzene,2009,10.0,nondetect
10205,Benzene,2010,5.0,nondetect
10205,Benzene,2011,5.0,nondetect
10205,Benzene,2012,5.0,nondetect
10205,Benzene,2015,5.0,nondetect
10205,Benzene,2016,5.0,nondetect
10205,Benzene,2017,5.0,nondetect
10205,Benzene,2018,5.0,nondetect
10205,Benzene,2019,5.0,nondetect
10205,Benzo(a)pyrene,2015,1.9,nondetect
10205,Benzo(a)pyrene,2016,9.4,nondetect
10205,Benzo(a)pyrene,2017,9.4,nondetect
10205,Benzo(a)pyrene,2019,9.4,nondetect
10205,Chlorobenzene,2000,10.0,nondetect
10205,Chlorobenzene,2001,10.0,nondetect
10205,Chlorobenzene,2002,10.0,nondetect
10205,Chlorobenzene,2003,10.0,nondetect
10205,Chlorobenzene,2005,10.0,nondetect
10205,Chlorobenzene,2006,10.0,nondetect
10205,Chlorobenzene,2007,10.0,nondetect
10205,Chlorobenzene,2009,10.0,nondetect
10205,Chlorobenzene,2010,5.0,nondetect
10205,Chlorobenzene,2011,5.0,nondetect
10205,Chlorobenzene,2012,5.0,nondetect
10205,Chlorobenzene,2015,5.0,nondetect
10205,Chlorobenzene,2016,5.0,nondetect
10205,Chlorobenzene,2017,5.0,nondetect
10205,Chlorobenzene,2018,5.0,nondetect
10205,Chlorobenzene,2019,5.0,nondetect
10205,Chloroform / THMs,2000,10.0,nondetect
10205,Chloroform / THMs,2003,10.0,nondetect
10205,Chloroform / THMs,2015,5.0,nondetect
10205,Chloroform / THMs,2016,5.0,nondetect
10205,Chloroform / THMs,2017,5.0,nondetect
10205,Chloroform / THMs,2019,5.0,nondetect
10205,DDT / DDE / DDD,2015,0.037,detect
10205,DDT / DDE / DDD,2016,0.047,nondetect
10205,DDT / DDE / DDD,2017,0.047,nondetect
10205,DDT / DDE / DDD,2019,0.24,nondetect
10205,Dieldrin,2015,0.022,detect
10205,Dieldrin,2016,0.047,nondetect
10205,Dieldrin,2017,0.047,nondetect
10205,Dieldrin,2019,0.24,nondetect
10205,Dioxins / furans,2015,9.3,nondetect
10205,Dioxins / furans,2016,9.4,nondetect
10205,Dioxins / furans,2017,9.4,nondetect
10205,Dioxins / furans,2019,9.4,nondetect
10205,Ethylbenzene,2000,10.0,nondetect
10205,Ethylbenzene,2001,10.0,nondetect
10205,Ethylbenzene,2002,10.0,nondetect
10205,Ethylbenzene,2003,10.0,nondetect
10205,Ethylbenzene,2007,10.0,nondetect
10205,Ethylbenzene,2009,10.0,nondetect
10205,Ethylbenzene,2010,5.0,nondetect
10205,Ethylbenzene,2011,5.0,nondetect
10205,Ethylbenzene,2012,5.0,nondetect
10205,Ethylbenzene,2015,5.0,nondetect
10205,Ethylbenzene,2016,5.0,nondetect
10205,Ethylbenzene,2017,5.0,nondetect
10205,Ethylbenzene,2018,5.0,nondetect
10205,Ethylbenzene,2019,5.0,nondetect
10205,Lindane / BHC,2015,0.1,detect
10205,Lindane / BHC,2016,0.62,detect
10205,Lindane / BHC,2017,0.047,nondetect
10205,Lindane / BHC,2019,0.24,nondetect
10205,Naphthalene,2015,1.9,nondetect
10205,Naphthalene,2016,9.4,nondetect
10205,Naphthalene,2017,9.4,nondetect
10205,Naphthalene,2019,9.4,nondetect
10205,PCBs,2015,0.2,nondetect
10205,PCBs,2016,0.94,nondetect
10205,PCBs,2017,0.94,nondetect
10205,PCBs,2019,0.94,nondetect
10205,Tetrachloroethene (PCE),2000,10.0,nondetect
10205,Tetrachloroethene (PCE),2001,10.0,nondetect
10205,Tetrachloroethene (PCE),2002,10.0,nondetect
10205,Tetrachloroethene (PCE),2003,10.0,nondetect
10205,Tetrachloroethene (PCE),2006,10.0,nondetect
10205,Tetrachloroethene (PCE),2007,10.0,nondetect
10205,Tetrachloroethene (PCE),2009,10.0,nondetect
10205,Tetrachloroethene (PCE),2010,5.0,nondetect
10205,Tetrachloroethene (PCE),2011,5.0,nondetect
10205,Tetrachloroethene (PCE),2012,5.0,nondetect
10205,Tetrachloroethene (PCE),2015,5.0,nondetect
10205,Tetrachloroethene (PCE),2016,5.0,nondetect
10205,Tetrachloroethene (PCE),2017,5.0,nondetect
10205,Tetrachloroethene (PCE),2018,5.0,nondetect
10205,Tetrachloroethene (PCE),2019,5.0,nondetect
10205,Toluene,2000,10.0,nondetect
10205,Toluene,2001,10.0,nondetect
10205,Toluene,2002,10.0,nondetect
10205,Toluene,2003,10.0,nondetect
10205,Toluene,2005,10.0,nondetect
10205,Toluene,2006,10.0,nondetect
10205,Toluene,2007,10.0,nondetect
10205,Toluene,2009,10.0,nondetect
10205,Toluene,2010,5.0,nondetect
10205,Toluene,2011,5.0,nondetect
10205,Toluene,2012,5.0,nondetect
10205,Toluene,2015,5.0,nondetect
10205,Toluene,2016,5.0,nondetect
10205,Toluene,2017,5.0,nondetect
10205,Toluene,2018,5.0,nondetect
10205,Toluene,2019,5.0,nondetect
10205,Trichloroethene (TCE),2000,10.0,nondetect
10205,Trichloroethene (TCE),2001,10.0,nondetect
10205,Trichloroethene (TCE),2002,10.0,nondetect
10205,Trichloroethene (TCE),2003,10.0,nondetect
10205,Trichloroethene (TCE),2006,10.0,nondetect
10205,Trichloroethene (TCE),2007,10.0,nondetect
10205,Trichloroethene (TCE),2009,10.0,nondetect
10205,Trichloroethene (TCE),2010,5.0,nondetect
10205,Trichloroethene (TCE),2011,5.0,nondetect
10205,Trichloroethene (TCE),2012,5.0,nondetect
10205,Trichloroethene (TCE),2015,5.0,nondetect
10205,Trichloroethene (TCE),2016,5.0,nondetect
10205,Trichloroethene (TCE),2017,5.0,nondetect
10205,Trichloroethene (TCE),2018,5.0,nondetect
10205,Trichloroethene (TCE),2019,5.0,nondetect
10205,Vinyl chloride,2000,10.0,nondetect
10205,Vinyl chloride,2001,10.0,nondetect
10205,Vinyl chloride,2002,10.0,nondetect
10205,Vinyl chloride,2003,10.0,nondetect
10205,Vinyl chloride,2009,10.0,nondetect
10205,Vinyl chloride,2010,5.0,nondetect
10205,Vinyl chloride,2011,5.0,nondetect
10205,Vinyl chloride,2012,5.0,nondetect
10205,Vinyl chloride,2015,5.0,nondetect
10205,Vinyl chloride,2016,5.0,nondetect
10205,Vinyl chloride,2017,5.0,nondetect
10205,Vinyl chloride,2018,5.0,nondetect
10205,Vinyl chloride,2019,5.0,nondetect
10205,Xylene,2000,10.0,nondetect
10205,Xylene,2007,10.0,nondetect
10205,Xylene,2009,10.0,nondetect
10205,Xylene,2010,15.0,nondetect
10205,Xylene,2011,15.0,nondetect
10205,Xylene,2012,15.0,nondetect
10205,Xylene,2015,10.0,nondetect
10205,Xylene,2016,5.0,nondetect
10205,Xylene,2017,5.0,nondetect
10205,Xylene,2018,5.0,nondetect
10205,Xylene,2019,5.0,nondetect
10210A,"1,1,2,2-Tetrachloroethane",2001,10.0,nondetect
10210A,"1,1,2,2-Tetrachloroethane",2002,10.0,nondetect
10210A,"1,1,2,2-Tetrachloroethane",2007,50.0,nondetect
10210A,"1,1,2,2-Tetrachloroethane",2009,10.0,nondetect
10210A,"1,1,2,2-Tetrachloroethane",2018,5.0,nondetect
10210A,"1,2,4-Trichlorobenzene",2001,10.0,nondetect
10210A,"1,2,4-Trichlorobenzene",2002,10.0,nondetect
10210A,"1,2,4-Trichlorobenzene",2005,9.4,nondetect
10210A,"1,2,4-Trichlorobenzene",2006,10.0,nondetect
10210A,"1,2,4-Trichlorobenzene",2007,10.0,nondetect
10210A,"1,2,4-Trichlorobenzene",2018,9.4,nondetect
10210A,"1,2-Dichlorobenzene",2001,10.0,nondetect
10210A,"1,2-Dichlorobenzene",2005,9.4,nondetect
10210A,"1,2-Dichlorobenzene",2006,10.0,nondetect
10210A,"1,2-Dichlorobenzene",2007,10.0,nondetect
10210A,"1,2-Dichlorobenzene",2018,9.4,nondetect
10210A,"1,2-Dichloroethane",2015,5.0,nondetect
10210A,"1,2-Dichloroethane",2016,5.0,nondetect
10210A,"1,2-Dichloroethane",2017,5.0,nondetect
10210A,"1,2-Dichloroethane",2019,5.0,nondetect
10210A,"1,4-Dichlorobenzene",2001,10.0,nondetect
10210A,"1,4-Dichlorobenzene",2005,9.4,nondetect
10210A,"1,4-Dichlorobenzene",2006,10.0,nondetect
10210A,"1,4-Dichlorobenzene",2007,10.0,nondetect
10210A,"1,4-Dichlorobenzene",2018,9.4,nondetect
10210A,Benzene,2001,10.0,nondetect
10210A,Benzene,2002,10.0,nondetect
10210A,Benzene,2006,10.0,nondetect
10210A,Benzene,2007,50.0,nondetect
10210A,Benzene,2009,10.0,nondetect
10210A,Benzene,2010,5.0,nondetect
10210A,Benzene,2011,5.0,nondetect
10210A,Benzene,2012,5.0,nondetect
10210A,Benzene,2015,5.0,nondetect
10210A,Benzene,2016,5.0,nondetect
10210A,Benzene,2017,5.0,nondetect
10210A,Benzene,2018,5.0,nondetect
10210A,Benzene,2019,5.0,nondetect
10210A,Benzo(a)pyrene,2015,1.9,nondetect
10210A,Benzo(a)pyrene,2016,9.4,nondetect
10210A,Benzo(a)pyrene,2017,9.4,nondetect
10210A,Benzo(a)pyrene,2019,9.4,nondetect
10210A,Chlorobenzene,2001,10.0,nondetect
10210A,Chlorobenzene,2002,10.0,nondetect
10210A,Chlorobenzene,2005,10.0,nondetect
10210A,Chlorobenzene,2006,10.0,nondetect
10210A,Chlorobenzene,2007,50.0,nondetect
10210A,Chlorobenzene,2009,10.0,nondetect
10210A,Chlorobenzene,2010,5.0,nondetect
10210A,Chlorobenzene,2011,5.0,nondetect
10210A,Chlorobenzene,2012,5.0,nondetect
10210A,Chlorobenzene,2015,5.0,nondetect
10210A,Chlorobenzene,2016,5.0,nondetect
10210A,Chlorobenzene,2017,5.0,nondetect
10210A,Chlorobenzene,2018,5.0,nondetect
10210A,Chlorobenzene,2019,5.0,nondetect
10210A,Chloroform / THMs,2015,5.0,nondetect
10210A,Chloroform / THMs,2016,5.0,nondetect
10210A,Chloroform / THMs,2017,5.0,nondetect
10210A,Chloroform / THMs,2019,5.0,nondetect
10210A,DDT / DDE / DDD,2015,0.078,detect
10210A,DDT / DDE / DDD,2016,0.047,nondetect
10210A,DDT / DDE / DDD,2017,0.047,nondetect
10210A,DDT / DDE / DDD,2019,0.047,nondetect
10210A,Dieldrin,2015,0.025,nondetect
10210A,Dieldrin,2016,0.047,nondetect
10210A,Dieldrin,2017,0.047,nondetect
10210A,Dieldrin,2019,0.047,nondetect
10210A,Dioxins / furans,2015,9.3,nondetect
10210A,Dioxins / furans,2016,9.4,nondetect
10210A,Dioxins / furans,2017,9.4,nondetect
10210A,Dioxins / furans,2019,9.4,nondetect
10210A,Ethylbenzene,2001,10.0,nondetect
10210A,Ethylbenzene,2002,10.0,nondetect
10210A,Ethylbenzene,2007,50.0,nondetect
10210A,Ethylbenzene,2009,10.0,nondetect
10210A,Ethylbenzene,2010,5.0,nondetect
10210A,Ethylbenzene,2011,5.0,nondetect
10210A,Ethylbenzene,2012,5.0,nondetect
10210A,Ethylbenzene,2015,5.0,nondetect
10210A,Ethylbenzene,2016,0.28,detect
10210A,Ethylbenzene,2017,0.35,detect
10210A,Ethylbenzene,2018,5.0,nondetect
10210A,Ethylbenzene,2019,5.0,nondetect
10210A,Lindane / BHC,2015,0.025,nondetect
10210A,Lindane / BHC,2016,0.086,detect
10210A,Lindane / BHC,2017,0.047,nondetect
10210A,Lindane / BHC,2019,0.1,detect
10210A,Naphthalene,2015,0.41,detect
10210A,Naphthalene,2016,9.4,nondetect
10210A,Naphthalene,2017,9.4,nondetect
10210A,Naphthalene,2019,9.4,nondetect
10210A,PCBs,2015,0.2,nondetect
10210A,PCBs,2016,0.94,nondetect
10210A,PCBs,2017,0.94,nondetect
10210A,PCBs,2019,0.94,nondetect
10210A,Tetrachloroethene (PCE),2001,10.0,nondetect
10210A,Tetrachloroethene (PCE),2002,10.0,nondetect
10210A,Tetrachloroethene (PCE),2006,10.0,nondetect
10210A,Tetrachloroethene (PCE),2007,50.0,nondetect
10210A,Tetrachloroethene (PCE),2009,10.0,nondetect
10210A,Tetrachloroethene (PCE),2010,5.0,nondetect
10210A,Tetrachloroethene (PCE),2011,5.0,nondetect
10210A,Tetrachloroethene (PCE),2012,5.0,nondetect
10210A,Tetrachloroethene (PCE),2015,5.0,nondetect
10210A,Tetrachloroethene (PCE),2016,5.0,nondetect
10210A,Tetrachloroethene (PCE),2017,5.0,nondetect
10210A,Tetrachloroethene (PCE),2018,5.0,nondetect
10210A,Tetrachloroethene (PCE),2019,5.0,nondetect
10210A,Toluene,2001,10.0,nondetect
10210A,Toluene,2002,10.0,nondetect
10210A,Toluene,2005,2.3,detect
10210A,Toluene,2006,10.0,nondetect
10210A,Toluene,2007,50.0,nondetect
10210A,Toluene,2009,10.0,nondetect
10210A,Toluene,2010,5.0,nondetect
10210A,Toluene,2011,5.0,nondetect
10210A,Toluene,2012,5.0,nondetect
10210A,Toluene,2015,5.0,nondetect
10210A,Toluene,2016,5.0,nondetect
10210A,Toluene,2017,5.0,nondetect
10210A,Toluene,2018,5.0,nondetect
10210A,Toluene,2019,5.0,nondetect
10210A,Trichloroethene (TCE),2001,10.0,nondetect
10210A,Trichloroethene (TCE),2002,10.0,nondetect
10210A,Trichloroethene (TCE),2006,10.0,nondetect
10210A,Trichloroethene (TCE),2007,50.0,nondetect
10210A,Trichloroethene (TCE),2009,10.0,nondetect
10210A,Trichloroethene (TCE),2010,6.3,detect
10210A,Trichloroethene (TCE),2011,5.0,nondetect
10210A,Trichloroethene (TCE),2012,5.0,nondetect
10210A,Trichloroethene (TCE),2015,5.0,nondetect
10210A,Trichloroethene (TCE),2016,5.0,nondetect
10210A,Trichloroethene (TCE),2017,5.0,nondetect
10210A,Trichloroethene (TCE),2018,5.0,nondetect
10210A,Trichloroethene (TCE),2019,5.0,nondetect
10210A,Vinyl chloride,2001,10.0,nondetect
10210A,Vinyl chloride,2002,10.0,nondetect
10210A,Vinyl chloride,2009,10.0,nondetect
10210A,Vinyl chloride,2010,5.0,nondetect
10210A,Vinyl chloride,2011,5.0,nondetect
10210A,Vinyl chloride,2012,5.0,nondetect
10210A,Vinyl chloride,2015,5.0,nondetect
10210A,Vinyl chloride,2016,5.0,nondetect
10210A,Vinyl chloride,2017,5.0,nondetect
10210A,Vinyl chloride,2018,5.0,nondetect
10210A,Vinyl chloride,2019,5.0,nondetect
10210A,Xylene,2007,50.0,nondetect
10210A,Xylene,2009,10.0,nondetect
10210A,Xylene,2010,15.0,nondetect
10210A,Xylene,2011,15.0,nondetect
10210A,Xylene,2012,15.0,nondetect
10210A,Xylene,2015,10.0,nondetect
10210A,Xylene,2016,5.0,nondetect
10210A,Xylene,2017,5.0,nondetect
10210A,Xylene,2018,5.0,nondetect
10210A,Xylene,2019,0.29,detect
10210B,"1,1,2,2-Tetrachloroethane",2000,10.0,nondetect
10210B,"1,1,2,2-Tetrachloroethane",2001,10.0,nondetect
10210B,"1,1,2,2-Tetrachloroethane",2002,10.0,nondetect
10210B,"1,1,2,2-Tetrachloroethane",2003,10.0,nondetect
10210B,"1,1,2,2-Tetrachloroethane",2007,50.0,nondetect
10210B,"1,1,2,2-Tetrachloroethane",2009,10.0,nondetect
10210B,"1,1,2,2-Tetrachloroethane",2018,5.0,nondetect
10210B,"1,2,4-Trichlorobenzene",2000,10.0,nondetect
10210B,"1,2,4-Trichlorobenzene",2001,10.0,nondetect
10210B,"1,2,4-Trichlorobenzene",2002,10.0,nondetect
10210B,"1,2,4-Trichlorobenzene",2003,3.0,detect
10210B,"1,2,4-Trichlorobenzene",2005,9.4,nondetect
10210B,"1,2,4-Trichlorobenzene",2006,10.0,nondetect
10210B,"1,2,4-Trichlorobenzene",2007,10.0,nondetect
10210B,"1,2,4-Trichlorobenzene",2018,9.4,nondetect
10210B,"1,2-Dichlorobenzene",2000,10.0,nondetect
10210B,"1,2-Dichlorobenzene",2001,10.0,nondetect
10210B,"1,2-Dichlorobenzene",2003,10.0,nondetect
10210B,"1,2-Dichlorobenzene",2005,9.4,nondetect
10210B,"1,2-Dichlorobenzene",2006,10.0,nondetect
10210B,"1,2-Dichlorobenzene",2007,10.0,nondetect
10210B,"1,2-Dichlorobenzene",2018,9.4,nondetect
10210B,"1,2-Dichloroethane",2015,5.0,nondetect
10210B,"1,2-Dichloroethane",2016,5.0,nondetect
10210B,"1,2-Dichloroethane",2017,5.0,nondetect
10210B,"1,2-Dichloroethane",2019,5.0,nondetect
10210B,"1,4-Dichlorobenzene",2000,10.0,nondetect
10210B,"1,4-Dichlorobenzene",2001,10.0,nondetect
10210B,"1,4-Dichlorobenzene",2003,10.0,nondetect
10210B,"1,4-Dichlorobenzene",2005,9.4,nondetect
10210B,"1,4-Dichlorobenzene",2006,10.0,nondetect
10210B,"1,4-Dichlorobenzene",2007,10.0,nondetect
10210B,"1,4-Dichlorobenzene",2018,9.4,nondetect
10210B,Benzene,2000,10.0,nondetect
10210B,Benzene,2001,10.0,nondetect
10210B,Benzene,2002,10.0,nondetect
10210B,Benzene,2003,10.0,nondetect
10210B,Benzene,2006,10.0,nondetect
10210B,Benzene,2007,50.0,nondetect
10210B,Benzene,2009,10.0,nondetect
10210B,Benzene,2010,5.0,nondetect
10210B,Benzene,2011,5.0,nondetect
10210B,Benzene,2012,5.0,nondetect
10210B,Benzene,2015,5.0,nondetect
10210B,Benzene,2016,5.0,nondetect
10210B,Benzene,2017,5.0,nondetect
10210B,Benzene,2018,5.0,nondetect
10210B,Benzene,2019,5.0,nondetect
10210B,Benzo(a)pyrene,2015,1.9,nondetect
10210B,Benzo(a)pyrene,2016,9.4,nondetect
10210B,Benzo(a)pyrene,2017,9.4,nondetect
10210B,Benzo(a)pyrene,2019,9.4,nondetect
10210B,Chlorobenzene,2000,10.0,nondetect
10210B,Chlorobenzene,2001,10.0,nondetect
10210B,Chlorobenzene,2002,10.0,nondetect
10210B,Chlorobenzene,2003,10.0,nondetect
10210B,Chlorobenzene,2005,10.0,nondetect
10210B,Chlorobenzene,2006,10.0,nondetect
10210B,Chlorobenzene,2007,50.0,nondetect
10210B,Chlorobenzene,2009,10.0,nondetect
10210B,Chlorobenzene,2010,5.0,nondetect
10210B,Chlorobenzene,2011,5.0,nondetect
10210B,Chlorobenzene,2012,5.0,nondetect
10210B,Chlorobenzene,2015,5.0,nondetect
10210B,Chlorobenzene,2016,5.0,nondetect
10210B,Chlorobenzene,2017,5.0,nondetect
10210B,Chlorobenzene,2018,5.0,nondetect
10210B,Chlorobenzene,2019,5.0,nondetect
10210B,Chloroform / THMs,2000,10.0,nondetect
10210B,Chloroform / THMs,2003,10.0,nondetect
10210B,Chloroform / THMs,2015,5.0,nondetect
10210B,Chloroform / THMs,2016,5.0,nondetect
10210B,Chloroform / THMs,2017,5.0,nondetect
10210B,Chloroform / THMs,2019,5.0,nondetect
10210B,DDT / DDE / DDD,2015,0.052,nondetect
10210B,DDT / DDE / DDD,2016,0.047,nondetect
10210B,DDT / DDE / DDD,2017,0.047,nondetect
10210B,DDT / DDE / DDD,2019,0.047,nondetect
10210B,Dieldrin,2015,0.052,nondetect
10210B,Dieldrin,2016,0.047,nondetect
10210B,Dieldrin,2017,0.047,nondetect
10210B,Dieldrin,2019,0.047,nondetect
10210B,Dioxins / furans,2015,9.3,nondetect
10210B,Dioxins / furans,2016,9.4,nondetect
10210B,Dioxins / furans,2017,9.4,nondetect
10210B,Dioxins / furans,2019,9.4,nondetect
10210B,Ethylbenzene,2000,10.0,nondetect
10210B,Ethylbenzene,2001,10.0,nondetect
10210B,Ethylbenzene,2002,10.0,nondetect
10210B,Ethylbenzene,2003,10.0,nondetect
10210B,Ethylbenzene,2007,50.0,nondetect
10210B,Ethylbenzene,2009,10.0,nondetect
10210B,Ethylbenzene,2010,5.0,nondetect
10210B,Ethylbenzene,2011,5.0,nondetect
10210B,Ethylbenzene,2012,5.0,nondetect
10210B,Ethylbenzene,2015,5.0,nondetect
10210B,Ethylbenzene,2016,5.0,nondetect
10210B,Ethylbenzene,2017,5.0,nondetect
10210B,Ethylbenzene,2018,5.0,nondetect
10210B,Ethylbenzene,2019,5.0,nondetect
10210B,Lindane / BHC,2015,0.052,nondetect
10210B,Lindane / BHC,2016,0.17,detect
10210B,Lindane / BHC,2017,0.047,nondetect
10210B,Lindane / BHC,2019,0.055,detect
10210B,Naphthalene,2015,1.9,nondetect
10210B,Naphthalene,2016,9.4,nondetect
10210B,Naphthalene,2017,9.4,nondetect
10210B,Naphthalene,2019,9.4,nondetect
10210B,PCBs,2015,0.42,nondetect
10210B,PCBs,2016,0.94,nondetect
10210B,PCBs,2017,0.94,nondetect
10210B,PCBs,2019,0.94,nondetect
10210B,Tetrachloroethene (PCE),2000,10.0,nondetect
10210B,Tetrachloroethene (PCE),2001,10.0,nondetect
10210B,Tetrachloroethene (PCE),2002,10.0,nondetect
10210B,Tetrachloroethene (PCE),2003,10.0,nondetect
10210B,Tetrachloroethene (PCE),2006,10.0,nondetect
10210B,Tetrachloroethene (PCE),2007,50.0,nondetect
10210B,Tetrachloroethene (PCE),2009,10.0,nondetect
10210B,Tetrachloroethene (PCE),2010,5.0,nondetect
10210B,Tetrachloroethene (PCE),2011,5.0,nondetect
10210B,Tetrachloroethene (PCE),2012,5.0,nondetect
10210B,Tetrachloroethene (PCE),2015,5.0,nondetect
10210B,Tetrachloroethene (PCE),2016,5.0,nondetect
10210B,Tetrachloroethene (PCE),2017,5.0,nondetect
10210B,Tetrachloroethene (PCE),2018,5.0,nondetect
10210B,Tetrachloroethene (PCE),2019,5.0,nondetect
10210B,Toluene,2000,1.0,detect
10210B,Toluene,2001,10.0,nondetect
10210B,Toluene,2002,10.0,nondetect
10210B,Toluene,2003,10.0,nondetect
10210B,Toluene,2005,1.1,detect
10210B,Toluene,2006,10.0,nondetect
10210B,Toluene,2007,50.0,nondetect
10210B,Toluene,2009,10.0,nondetect
10210B,Toluene,2010,5.0,nondetect
10210B,Toluene,2011,5.0,nondetect
10210B,Toluene,2012,5.0,nondetect
10210B,Toluene,2015,5.0,nondetect
10210B,Toluene,2016,5.0,nondetect
10210B,Toluene,2017,5.0,nondetect
10210B,Toluene,2018,5.0,nondetect
10210B,Toluene,2019,5.0,nondetect
10210B,Trichloroethene (TCE),2000,10.0,nondetect
10210B,Trichloroethene (TCE),2001,10.0,nondetect
10210B,Trichloroethene (TCE),2002,10.0,nondetect
10210B,Trichloroethene (TCE),2003,10.0,nondetect
10210B,Trichloroethene (TCE),2006,10.0,nondetect
10210B,Trichloroethene (TCE),2007,50.0,nondetect
10210B,Trichloroethene (TCE),2009,10.0,nondetect
10210B,Trichloroethene (TCE),2010,5.0,nondetect
10210B,Trichloroethene (TCE),2011,5.0,nondetect
10210B,Trichloroethene (TCE),2012,5.0,nondetect
10210B,Trichloroethene (TCE),2015,5.0,nondetect
10210B,Trichloroethene (TCE),2016,5.0,nondetect
10210B,Trichloroethene (TCE),2017,5.0,nondetect
10210B,Trichloroethene (TCE),2018,5.0,nondetect
10210B,Trichloroethene (TCE),2019,5.0,nondetect
10210B,Vinyl chloride,2000,10.0,nondetect
10210B,Vinyl chloride,2001,10.0,nondetect
10210B,Vinyl chloride,2002,10.0,nondetect
10210B,Vinyl chloride,2003,10.0,nondetect
10210B,Vinyl chloride,2009,10.0,nondetect
10210B,Vinyl chloride,2010,5.0,nondetect
10210B,Vinyl chloride,2011,5.0,nondetect
10210B,Vinyl chloride,2012,5.0,nondetect
10210B,Vinyl chloride,2015,5.0,nondetect
10210B,Vinyl chloride,2016,5.0,nondetect
10210B,Vinyl chloride,2017,5.0,nondetect
10210B,Vinyl chloride,2018,5.0,nondetect
10210B,Vinyl chloride,2019,5.0,nondetect
10210B,Xylene,2000,10.0,nondetect
10210B,Xylene,2007,50.0,nondetect
10210B,Xylene,2009,10.0,nondetect
10210B,Xylene,2010,15.0,nondetect
10210B,Xylene,2011,15.0,nondetect
10210B,Xylene,2012,15.0,nondetect
10210B,Xylene,2015,10.0,nondetect
10210B,Xylene,2016,5.0,nondetect
10210B,Xylene,2017,5.0,nondetect
10210B,Xylene,2018,5.0,nondetect
10210B,Xylene,2019,5.0,nondetect
10210C,"1,1,2,2-Tetrachloroethane",2000,10.0,nondetect
10210C,"1,1,2,2-Tetrachloroethane",2001,10.0,nondetect
10210C,"1,1,2,2-Tetrachloroethane",2002,10.0,nondetect
10210C,"1,1,2,2-Tetrachloroethane",2009,10.0,nondetect
10210C,"1,1,2,2-Tetrachloroethane",2018,5.0,nondetect
10210C,"1,2,4-Trichlorobenzene",2000,10.0,nondetect
10210C,"1,2,4-Trichlorobenzene",2001,10.0,nondetect
10210C,"1,2,4-Trichlorobenzene",2002,10.0,nondetect
10210C,"1,2,4-Trichlorobenzene",2005,9.4,nondetect
10210C,"1,2,4-Trichlorobenzene",2006,6.0,detect
10210C,"1,2,4-Trichlorobenzene",2018,9.4,nondetect
10210C,"1,2-Dichlorobenzene",2000,10.0,nondetect
10210C,"1,2-Dichlorobenzene",2001,10.0,nondetect
10210C,"1,2-Dichlorobenzene",2005,9.4,nondetect
10210C,"1,2-Dichlorobenzene",2006,10.0,nondetect
10210C,"1,2-Dichlorobenzene",2018,9.4,nondetect
10210C,"1,2-Dichloroethane",2015,5.0,nondetect
10210C,"1,2-Dichloroethane",2016,5.0,nondetect
10210C,"1,2-Dichloroethane",2017,5.0,nondetect
10210C,"1,2-Dichloroethane",2019,5.0,nondetect
10210C,"1,4-Dichlorobenzene",2000,10.0,nondetect
10210C,"1,4-Dichlorobenzene",2001,10.0,nondetect
10210C,"1,4-Dichlorobenzene",2005,9.4,nondetect
10210C,"1,4-Dichlorobenzene",2006,10.0,nondetect
10210C,"1,4-Dichlorobenzene",2018,9.4,nondetect
10210C,Benzene,2000,10.0,nondetect
10210C,Benzene,2001,10.0,nondetect
10210C,Benzene,2002,10.0,nondetect
10210C,Benzene,2006,10.0,nondetect
10210C,Benzene,2009,10.0,nondetect
10210C,Benzene,2010,5.0,nondetect
10210C,Benzene,2011,5.0,nondetect
10210C,Benzene,2012,5.0,nondetect
10210C,Benzene,2015,5.0,nondetect
10210C,Benzene,2016,5.0,nondetect
10210C,Benzene,2017,5.0,nondetect
10210C,Benzene,2018,5.0,nondetect
10210C,Benzene,2019,5.0,nondetect
10210C,Benzo(a)pyrene,2015,1.9,nondetect
10210C,Benzo(a)pyrene,2016,9.4,nondetect
10210C,Benzo(a)pyrene,2017,9.4,nondetect
10210C,Benzo(a)pyrene,2019,9.4,nondetect
10210C,Chlorobenzene,2000,10.0,nondetect
10210C,Chlorobenzene,2001,10.0,nondetect
10210C,Chlorobenzene,2002,10.0,nondetect
10210C,Chlorobenzene,2005,10.0,nondetect
10210C,Chlorobenzene,2006,2.0,detect
10210C,Chlorobenzene,2009,10.0,nondetect
10210C,Chlorobenzene,2010,5.0,nondetect
10210C,Chlorobenzene,2011,5.0,nondetect
10210C,Chlorobenzene,2012,5.0,nondetect
10210C,Chlorobenzene,2015,5.0,nondetect
10210C,Chlorobenzene,2016,5.0,nondetect
10210C,Chlorobenzene,2017,5.0,nondetect
10210C,Chlorobenzene,2018,5.0,nondetect
10210C,Chlorobenzene,2019,5.0,nondetect
10210C,Chloroform / THMs,2000,10.0,nondetect
10210C,Chloroform / THMs,2015,5.0,nondetect
10210C,Chloroform / THMs,2016,5.0,nondetect
10210C,Chloroform / THMs,2017,5.0,nondetect
10210C,Chloroform / THMs,2019,5.0,nondetect
10210C,DDT / DDE / DDD,2015,0.053,detect
10210C,DDT / DDE / DDD,2016,0.047,nondetect
10210C,DDT / DDE / DDD,2017,0.047,nondetect
10210C,DDT / DDE / DDD,2019,0.047,nondetect
10210C,Dieldrin,2015,0.052,nondetect
10210C,Dieldrin,2016,0.047,nondetect
10210C,Dieldrin,2017,0.047,nondetect
10210C,Dieldrin,2019,0.047,nondetect
10210C,Dioxins / furans,2015,9.3,nondetect
10210C,Dioxins / furans,2016,9.4,nondetect
10210C,Dioxins / furans,2017,9.4,nondetect
10210C,Dioxins / furans,2019,9.4,nondetect
10210C,Ethylbenzene,2000,10.0,nondetect
10210C,Ethylbenzene,2001,10.0,nondetect
10210C,Ethylbenzene,2002,10.0,nondetect
10210C,Ethylbenzene,2009,10.0,nondetect
10210C,Ethylbenzene,2010,5.0,nondetect
10210C,Ethylbenzene,2011,5.0,nondetect
10210C,Ethylbenzene,2012,5.0,nondetect
10210C,Ethylbenzene,2015,5.0,nondetect
10210C,Ethylbenzene,2016,5.0,nondetect
10210C,Ethylbenzene,2017,5.0,nondetect
10210C,Ethylbenzene,2018,5.0,nondetect
10210C,Ethylbenzene,2019,5.0,nondetect
10210C,Lindane / BHC,2015,0.052,nondetect
10210C,Lindane / BHC,2016,0.14,detect
10210C,Lindane / BHC,2017,0.047,nondetect
10210C,Lindane / BHC,2019,0.028,detect
10210C,Naphthalene,2015,1.9,nondetect
10210C,Naphthalene,2016,9.4,nondetect
10210C,Naphthalene,2017,9.4,nondetect
10210C,Naphthalene,2019,9.4,nondetect
10210C,PCBs,2015,0.42,nondetect
10210C,PCBs,2016,0.94,nondetect
10210C,PCBs,2017,0.94,nondetect
10210C,PCBs,2019,0.94,nondetect
10210C,Tetrachloroethene (PCE),2000,10.0,nondetect
10210C,Tetrachloroethene (PCE),2001,10.0,nondetect
10210C,Tetrachloroethene (PCE),2002,10.0,nondetect
10210C,Tetrachloroethene (PCE),2006,6.0,detect
10210C,Tetrachloroethene (PCE),2009,10.0,nondetect
10210C,Tetrachloroethene (PCE),2010,5.0,nondetect
10210C,Tetrachloroethene (PCE),2011,5.0,nondetect
10210C,Tetrachloroethene (PCE),2012,5.0,nondetect
10210C,Tetrachloroethene (PCE),2015,5.0,nondetect
10210C,Tetrachloroethene (PCE),2016,5.0,nondetect
10210C,Tetrachloroethene (PCE),2017,5.0,nondetect
10210C,Tetrachloroethene (PCE),2018,5.0,nondetect
10210C,Tetrachloroethene (PCE),2019,5.0,nondetect
10210C,Toluene,2000,10.0,nondetect
10210C,Toluene,2001,10.0,nondetect
10210C,Toluene,2002,10.0,nondetect
10210C,Toluene,2005,10.0,nondetect
10210C,Toluene,2006,10.0,nondetect
10210C,Toluene,2009,10.0,nondetect
10210C,Toluene,2010,5.0,nondetect
10210C,Toluene,2011,5.0,nondetect
10210C,Toluene,2012,5.0,nondetect
10210C,Toluene,2015,5.0,nondetect
10210C,Toluene,2016,5.0,nondetect
10210C,Toluene,2017,5.0,nondetect
10210C,Toluene,2018,5.0,nondetect
10210C,Toluene,2019,5.0,nondetect
10210C,Trichloroethene (TCE),2000,10.0,nondetect
10210C,Trichloroethene (TCE),2001,10.0,nondetect
10210C,Trichloroethene (TCE),2002,10.0,nondetect
10210C,Trichloroethene (TCE),2006,10.0,nondetect
10210C,Trichloroethene (TCE),2009,10.0,nondetect
10210C,Trichloroethene (TCE),2010,5.0,nondetect
10210C,Trichloroethene (TCE),2011,5.0,nondetect
10210C,Trichloroethene (TCE),2012,5.0,nondetect
10210C,Trichloroethene (TCE),2015,5.0,nondetect
10210C,Trichloroethene (TCE),2016,5.0,nondetect
10210C,Trichloroethene (TCE),2017,5.0,nondetect
10210C,Trichloroethene (TCE),2018,5.0,nondetect
10210C,Trichloroethene (TCE),2019,5.0,nondetect
10210C,Vinyl chloride,2000,10.0,nondetect
10210C,Vinyl chloride,2001,10.0,nondetect
10210C,Vinyl chloride,2002,10.0,nondetect
10210C,Vinyl chloride,2009,10.0,nondetect
10210C,Vinyl chloride,2010,5.0,nondetect
10210C,Vinyl chloride,2011,5.0,nondetect
10210C,Vinyl chloride,2012,5.0,nondetect
10210C,Vinyl chloride,2015,5.0,nondetect
10210C,Vinyl chloride,2016,5.0,nondetect
10210C,Vinyl chloride,2017,5.0,nondetect
10210C,Vinyl chloride,2018,5.0,nondetect
10210C,Vinyl chloride,2019,5.0,nondetect
10210C,Xylene,2000,10.0,nondetect
10210C,Xylene,2009,10.0,nondetect
10210C,Xylene,2010,15.0,nondetect
10210C,Xylene,2011,15.0,nondetect
10210C,Xylene,2012,15.0,nondetect
10210C,Xylene,2015,10.0,nondetect
10210C,Xylene,2016,5.0,nondetect
10210C,Xylene,2017,5.0,nondetect
10210C,Xylene,2018,5.0,nondetect
10210C,Xylene,2019,5.0,nondetect
10215,"1,1,2,2-Tetrachloroethane",2000,10.0,nondetect
10215,"1,1,2,2-Tetrachloroethane",2001,10.0,nondetect
10215,"1,1,2,2-Tetrachloroethane",2002,10.0,nondetect
10215,"1,1,2,2-Tetrachloroethane",2003,10.0,nondetect
10215,"1,1,2,2-Tetrachloroethane",2009,10.0,nondetect
10215,"1,1,2,2-Tetrachloroethane",2018,5.0,nondetect
10215,"1,2,4-Trichlorobenzene",2000,10.0,nondetect
10215,"1,2,4-Trichlorobenzene",2001,10.0,nondetect
10215,"1,2,4-Trichlorobenzene",2002,10.0,nondetect
10215,"1,2,4-Trichlorobenzene",2003,10.0,nondetect
10215,"1,2,4-Trichlorobenzene",2005,9.4,nondetect
10215,"1,2,4-Trichlorobenzene",2006,10.0,nondetect
10215,"1,2,4-Trichlorobenzene",2018,9.4,nondetect
10215,"1,2-Dichlorobenzene",2000,10.0,nondetect
10215,"1,2-Dichlorobenzene",2001,10.0,nondetect
10215,"1,2-Dichlorobenzene",2003,10.0,nondetect
10215,"1,2-Dichlorobenzene",2005,9.4,nondetect
10215,"1,2-Dichlorobenzene",2006,10.0,nondetect
10215,"1,2-Dichlorobenzene",2018,9.4,nondetect
10215,"1,2-Dichloroethane",2015,5.0,nondetect
10215,"1,2-Dichloroethane",2016,5.0,nondetect
10215,"1,2-Dichloroethane",2017,5.0,nondetect
10215,"1,2-Dichloroethane",2019,5.0,nondetect
10215,"1,4-Dichlorobenzene",2000,10.0,nondetect
10215,"1,4-Dichlorobenzene",2001,10.0,nondetect
10215,"1,4-Dichlorobenzene",2003,10.0,nondetect
10215,"1,4-Dichlorobenzene",2005,9.4,nondetect
10215,"1,4-Dichlorobenzene",2006,10.0,nondetect
10215,"1,4-Dichlorobenzene",2018,9.4,nondetect
10215,Benzene,2000,10.0,nondetect
10215,Benzene,2001,10.0,nondetect
10215,Benzene,2002,10.0,nondetect
10215,Benzene,2003,10.0,nondetect
10215,Benzene,2006,10.0,nondetect
10215,Benzene,2009,10.0,nondetect
10215,Benzene,2010,5.0,nondetect
10215,Benzene,2011,5.0,nondetect
10215,Benzene,2012,5.0,nondetect
10215,Benzene,2015,5.0,nondetect
10215,Benzene,2016,5.0,nondetect
10215,Benzene,2017,5.0,nondetect
10215,Benzene,2018,5.0,nondetect
10215,Benzene,2019,5.0,nondetect
10215,Benzo(a)pyrene,2015,1.9,nondetect
10215,Benzo(a)pyrene,2016,9.4,nondetect
10215,Benzo(a)pyrene,2017,9.4,nondetect
10215,Benzo(a)pyrene,2019,9.4,nondetect
10215,Chlorobenzene,2000,10.0,nondetect
10215,Chlorobenzene,2001,10.0,nondetect
10215,Chlorobenzene,2002,10.0,nondetect
10215,Chlorobenzene,2003,10.0,nondetect
10215,Chlorobenzene,2005,10.0,nondetect
10215,Chlorobenzene,2006,10.0,nondetect
10215,Chlorobenzene,2009,10.0,nondetect
10215,Chlorobenzene,2010,5.0,nondetect
10215,Chlorobenzene,2011,5.0,nondetect
10215,Chlorobenzene,2012,5.0,nondetect
10215,Chlorobenzene,2015,5.0,nondetect
10215,Chlorobenzene,2016,5.0,nondetect
10215,Chlorobenzene,2017,5.0,nondetect
10215,Chlorobenzene,2018,5.0,nondetect
10215,Chlorobenzene,2019,5.0,nondetect
10215,Chloroform / THMs,2000,10.0,nondetect
10215,Chloroform / THMs,2003,10.0,nondetect
10215,Chloroform / THMs,2015,5.0,nondetect
10215,Chloroform / THMs,2016,5.0,nondetect
10215,Chloroform / THMs,2017,5.0,nondetect
10215,Chloroform / THMs,2019,5.0,nondetect
10215,DDT / DDE / DDD,2015,0.07,detect
10215,DDT / DDE / DDD,2016,0.047,nondetect
10215,DDT / DDE / DDD,2017,0.047,nondetect
10215,DDT / DDE / DDD,2019,0.047,nondetect
10215,Dieldrin,2015,0.052,nondetect
10215,Dieldrin,2016,0.047,nondetect
10215,Dieldrin,2017,0.047,nondetect
10215,Dieldrin,2019,0.047,nondetect
10215,Dioxins / furans,2015,9.3,nondetect
10215,Dioxins / furans,2016,9.4,nondetect
10215,Dioxins / furans,2017,9.4,nondetect
10215,Dioxins / furans,2019,9.4,nondetect
10215,Ethylbenzene,2000,10.0,nondetect
10215,Ethylbenzene,2001,10.0,nondetect
10215,Ethylbenzene,2002,10.0,nondetect
10215,Ethylbenzene,2003,10.0,nondetect
10215,Ethylbenzene,2009,10.0,nondetect
10215,Ethylbenzene,2010,5.0,nondetect
10215,Ethylbenzene,2011,5.0,nondetect
10215,Ethylbenzene,2012,5.0,nondetect
10215,Ethylbenzene,2015,5.0,nondetect
10215,Ethylbenzene,2016,5.0,nondetect
10215,Ethylbenzene,2017,5.0,nondetect
10215,Ethylbenzene,2018,0.43,detect
10215,Ethylbenzene,2019,5.0,nondetect
10215,Lindane / BHC,2015,0.061,detect
10215,Lindane / BHC,2016,0.25,detect
10215,Lindane / BHC,2017,0.047,nondetect
10215,Lindane / BHC,2019,0.028,detect
10215,Naphthalene,2015,1.9,nondetect
10215,Naphthalene,2016,9.4,nondetect
10215,Naphthalene,2017,9.4,nondetect
10215,Naphthalene,2019,9.4,nondetect
10215,PCBs,2015,0.42,nondetect
10215,PCBs,2016,0.94,nondetect
10215,PCBs,2017,0.94,nondetect
10215,PCBs,2019,0.94,nondetect
10215,Tetrachloroethene (PCE),2000,10.0,nondetect
10215,Tetrachloroethene (PCE),2001,10.0,nondetect
10215,Tetrachloroethene (PCE),2002,10.0,nondetect
10215,Tetrachloroethene (PCE),2003,10.0,nondetect
10215,Tetrachloroethene (PCE),2006,10.0,nondetect
10215,Tetrachloroethene (PCE),2009,10.0,nondetect
10215,Tetrachloroethene (PCE),2010,5.0,nondetect
10215,Tetrachloroethene (PCE),2011,5.0,nondetect
10215,Tetrachloroethene (PCE),2012,5.0,nondetect
10215,Tetrachloroethene (PCE),2015,5.0,nondetect
10215,Tetrachloroethene (PCE),2016,5.0,nondetect
10215,Tetrachloroethene (PCE),2017,5.0,nondetect
10215,Tetrachloroethene (PCE),2018,5.0,nondetect
10215,Tetrachloroethene (PCE),2019,5.0,nondetect
10215,Toluene,2000,1.0,detect
10215,Toluene,2001,10.0,nondetect
10215,Toluene,2002,10.0,nondetect
10215,Toluene,2003,10.0,nondetect
10215,Toluene,2005,10.0,nondetect
10215,Toluene,2006,10.0,nondetect
10215,Toluene,2009,10.0,nondetect
10215,Toluene,2010,2.5,detect
10215,Toluene,2011,5.0,nondetect
10215,Toluene,2012,5.0,nondetect
10215,Toluene,2015,5.0,nondetect
10215,Toluene,2016,5.0,nondetect
10215,Toluene,2017,5.0,nondetect
10215,Toluene,2018,0.27,detect
10215,Toluene,2019,5.0,nondetect
10215,Trichloroethene (TCE),2000,10.0,nondetect
10215,Trichloroethene (TCE),2001,10.0,nondetect
10215,Trichloroethene (TCE),2002,10.0,nondetect
10215,Trichloroethene (TCE),2003,10.0,nondetect
10215,Trichloroethene (TCE),2006,10.0,nondetect
10215,Trichloroethene (TCE),2009,10.0,nondetect
10215,Trichloroethene (TCE),2010,5.0,nondetect
10215,Trichloroethene (TCE),2011,5.0,nondetect
10215,Trichloroethene (TCE),2012,5.0,nondetect
10215,Trichloroethene (TCE),2015,5.0,nondetect
10215,Trichloroethene (TCE),2016,5.0,nondetect
10215,Trichloroethene (TCE),2017,5.0,nondetect
10215,Trichloroethene (TCE),2018,5.0,nondetect
10215,Trichloroethene (TCE),2019,5.0,nondetect
10215,Vinyl chloride,2000,10.0,nondetect
10215,Vinyl chloride,2001,10.0,nondetect
10215,Vinyl chloride,2002,10.0,nondetect
10215,Vinyl chloride,2003,10.0,nondetect
10215,Vinyl chloride,2009,10.0,nondetect
10215,Vinyl chloride,2010,5.0,nondetect
10215,Vinyl chloride,2011,5.0,nondetect
10215,Vinyl chloride,2012,5.0,nondetect
10215,Vinyl chloride,2015,5.0,nondetect
10215,Vinyl chloride,2016,5.0,nondetect
10215,Vinyl chloride,2017,5.0,nondetect
10215,Vinyl chloride,2018,5.0,nondetect
10215,Vinyl chloride,2019,5.0,nondetect
10215,Xylene,2000,10.0,nondetect
10215,Xylene,2009,10.0,nondetect
10215,Xylene,2010,15.0,nondetect
10215,Xylene,2011,15.0,nondetect
10215,Xylene,2012,15.0,nondetect
10215,Xylene,2015,10.0,nondetect
10215,Xylene,2016,5.0,nondetect
10215,Xylene,2017,5.0,nondetect
10215,Xylene,2018,5.0,nondetect
10215,Xylene,2019,5.0,nondetect
10225A,"1,1,2,2-Tetrachloroethane",2000,10.0,nondetect
10225A,"1,1,2,2-Tetrachloroethane",2001,10.0,nondetect
10225A,"1,1,2,2-Tetrachloroethane",2002,10.0,nondetect
10225A,"1,1,2,2-Tetrachloroethane",2003,10.0,nondetect
10225A,"1,1,2,2-Tetrachloroethane",2007,50.0,nondetect
10225A,"1,1,2,2-Tetrachloroethane",2009,10.0,nondetect
10225A,"1,1,2,2-Tetrachloroethane",2018,5.0,nondetect
10225A,"1,2,4-Trichlorobenzene",2000,10.0,nondetect
10225A,"1,2,4-Trichlorobenzene",2001,10.0,nondetect
10225A,"1,2,4-Trichlorobenzene",2002,10.0,nondetect
10225A,"1,2,4-Trichlorobenzene",2003,10.0,nondetect
10225A,"1,2,4-Trichlorobenzene",2005,9.4,nondetect
10225A,"1,2,4-Trichlorobenzene",2006,10.0,nondetect
10225A,"1,2,4-Trichlorobenzene",2007,10.0,nondetect
10225A,"1,2,4-Trichlorobenzene",2018,9.4,nondetect
10225A,"1,2-Dichlorobenzene",2000,10.0,nondetect
10225A,"1,2-Dichlorobenzene",2001,10.0,nondetect
10225A,"1,2-Dichlorobenzene",2003,10.0,nondetect
10225A,"1,2-Dichlorobenzene",2005,9.4,nondetect
10225A,"1,2-Dichlorobenzene",2006,10.0,nondetect
10225A,"1,2-Dichlorobenzene",2007,10.0,nondetect
10225A,"1,2-Dichlorobenzene",2018,9.4,nondetect
10225A,"1,2-Dichloroethane",2015,5.0,nondetect
10225A,"1,2-Dichloroethane",2016,5.0,nondetect
10225A,"1,2-Dichloroethane",2017,5.0,nondetect
10225A,"1,2-Dichloroethane",2019,5.0,nondetect
10225A,"1,4-Dichlorobenzene",2000,10.0,nondetect
10225A,"1,4-Dichlorobenzene",2001,10.0,nondetect
10225A,"1,4-Dichlorobenzene",2003,10.0,nondetect
10225A,"1,4-Dichlorobenzene",2005,9.4,nondetect
10225A,"1,4-Dichlorobenzene",2006,10.0,nondetect
10225A,"1,4-Dichlorobenzene",2007,10.0,nondetect
10225A,"1,4-Dichlorobenzene",2018,9.4,nondetect
10225A,Benzene,2000,10.0,nondetect
10225A,Benzene,2001,10.0,nondetect
10225A,Benzene,2002,10.0,nondetect
10225A,Benzene,2003,10.0,nondetect
10225A,Benzene,2006,10.0,nondetect
10225A,Benzene,2007,50.0,nondetect
10225A,Benzene,2009,10.0,nondetect
10225A,Benzene,2010,5.0,nondetect
10225A,Benzene,2011,5.0,nondetect
10225A,Benzene,2012,5.0,nondetect
10225A,Benzene,2015,5.0,nondetect
10225A,Benzene,2016,5.0,nondetect
10225A,Benzene,2017,5.0,nondetect
10225A,Benzene,2018,5.0,nondetect
10225A,Benzene,2019,5.0,nondetect
10225A,Benzo(a)pyrene,2015,1.9,nondetect
10225A,Benzo(a)pyrene,2016,9.4,nondetect
10225A,Benzo(a)pyrene,2017,9.4,nondetect
10225A,Benzo(a)pyrene,2019,9.4,nondetect
10225A,Chlorobenzene,2000,10.0,nondetect
10225A,Chlorobenzene,2001,10.0,nondetect
10225A,Chlorobenzene,2002,10.0,nondetect
10225A,Chlorobenzene,2003,10.0,nondetect
10225A,Chlorobenzene,2005,10.0,nondetect
10225A,Chlorobenzene,2006,10.0,nondetect
10225A,Chlorobenzene,2007,50.0,nondetect
10225A,Chlorobenzene,2009,10.0,nondetect
10225A,Chlorobenzene,2010,5.0,nondetect
10225A,Chlorobenzene,2011,5.0,nondetect
10225A,Chlorobenzene,2012,5.0,nondetect
10225A,Chlorobenzene,2015,5.0,nondetect
10225A,Chlorobenzene,2016,5.0,nondetect
10225A,Chlorobenzene,2017,5.0,nondetect
10225A,Chlorobenzene,2018,5.0,nondetect
10225A,Chlorobenzene,2019,5.0,nondetect
10225A,Chloroform / THMs,2000,10.0,nondetect
10225A,Chloroform / THMs,2003,10.0,nondetect
10225A,Chloroform / THMs,2015,5.0,nondetect
10225A,Chloroform / THMs,2016,5.0,nondetect
10225A,Chloroform / THMs,2017,5.0,nondetect
10225A,Chloroform / THMs,2019,5.0,nondetect
10225A,DDT / DDE / DDD,2015,0.025,nondetect
10225A,DDT / DDE / DDD,2016,0.047,nondetect
10225A,DDT / DDE / DDD,2017,0.047,nondetect
10225A,DDT / DDE / DDD,2019,0.047,nondetect
10225A,Dieldrin,2015,0.025,nondetect
10225A,Dieldrin,2016,0.047,nondetect
10225A,Dieldrin,2017,0.047,nondetect
10225A,Dieldrin,2019,0.047,nondetect
10225A,Dioxins / furans,2015,9.6,nondetect
10225A,Dioxins / furans,2016,9.4,nondetect
10225A,Dioxins / furans,2017,9.4,nondetect
10225A,Dioxins / furans,2019,9.4,nondetect
10225A,Ethylbenzene,2000,10.0,nondetect
10225A,Ethylbenzene,2001,10.0,nondetect
10225A,Ethylbenzene,2002,10.0,nondetect
10225A,Ethylbenzene,2003,10.0,nondetect
10225A,Ethylbenzene,2007,50.0,nondetect
10225A,Ethylbenzene,2009,10.0,nondetect
10225A,Ethylbenzene,2010,5.0,nondetect
10225A,Ethylbenzene,2011,5.0,nondetect
10225A,Ethylbenzene,2012,0.73,detect
10225A,Ethylbenzene,2015,0.73,detect
10225A,Ethylbenzene,2016,0.37,detect
10225A,Ethylbenzene,2017,0.43,detect
10225A,Ethylbenzene,2018,5.0,nondetect
10225A,Ethylbenzene,2019,0.35,detect
10225A,Lindane / BHC,2015,0.025,nondetect
10225A,Lindane / BHC,2016,0.2,detect
10225A,Lindane / BHC,2017,0.047,nondetect
10225A,Lindane / BHC,2019,0.1,detect
10225A,Naphthalene,2015,1.0,detect
10225A,Naphthalene,2016,9.4,nondetect
10225A,Naphthalene,2017,9.4,nondetect
10225A,Naphthalene,2019,9.4,nondetect
10225A,PCBs,2015,0.2,nondetect
10225A,PCBs,2016,0.94,nondetect
10225A,PCBs,2017,0.94,nondetect
10225A,PCBs,2019,0.94,nondetect
10225A,Tetrachloroethene (PCE),2000,10.0,nondetect
10225A,Tetrachloroethene (PCE),2001,10.0,nondetect
10225A,Tetrachloroethene (PCE),2002,10.0,nondetect
10225A,Tetrachloroethene (PCE),2003,10.0,nondetect
10225A,Tetrachloroethene (PCE),2006,10.0,nondetect
10225A,Tetrachloroethene (PCE),2007,50.0,nondetect
10225A,Tetrachloroethene (PCE),2009,10.0,nondetect
10225A,Tetrachloroethene (PCE),2010,5.0,nondetect
10225A,Tetrachloroethene (PCE),2011,5.0,nondetect
10225A,Tetrachloroethene (PCE),2012,5.0,nondetect
10225A,Tetrachloroethene (PCE),2015,5.0,nondetect
10225A,Tetrachloroethene (PCE),2016,5.0,nondetect
10225A,Tetrachloroethene (PCE),2017,5.0,nondetect
10225A,Tetrachloroethene (PCE),2018,5.0,nondetect
10225A,Tetrachloroethene (PCE),2019,5.0,nondetect
10225A,Toluene,2000,10.0,nondetect
10225A,Toluene,2001,10.0,nondetect
10225A,Toluene,2002,10.0,nondetect
10225A,Toluene,2003,10.0,nondetect
10225A,Toluene,2005,10.0,nondetect
10225A,Toluene,2006,10.0,nondetect
10225A,Toluene,2007,50.0,nondetect
10225A,Toluene,2009,10.0,nondetect
10225A,Toluene,2010,5.0,nondetect
10225A,Toluene,2011,5.0,nondetect
10225A,Toluene,2012,5.0,nondetect
10225A,Toluene,2015,5.0,nondetect
10225A,Toluene,2016,0.25,detect
10225A,Toluene,2017,0.27,detect
10225A,Toluene,2018,0.29,detect
10225A,Toluene,2019,0.27,detect
10225A,Trichloroethene (TCE),2000,10.0,nondetect
10225A,Trichloroethene (TCE),2001,10.0,nondetect
10225A,Trichloroethene (TCE),2002,10.0,nondetect
10225A,Trichloroethene (TCE),2003,10.0,nondetect
10225A,Trichloroethene (TCE),2006,10.0,nondetect
10225A,Trichloroethene (TCE),2007,50.0,nondetect
10225A,Trichloroethene (TCE),2009,10.0,nondetect
10225A,Trichloroethene (TCE),2010,5.1,detect
10225A,Trichloroethene (TCE),2011,5.0,nondetect
10225A,Trichloroethene (TCE),2012,5.0,nondetect
10225A,Trichloroethene (TCE),2015,5.0,nondetect
10225A,Trichloroethene (TCE),2016,5.0,nondetect
10225A,Trichloroethene (TCE),2017,5.0,nondetect
10225A,Trichloroethene (TCE),2018,5.0,nondetect
10225A,Trichloroethene (TCE),2019,5.0,nondetect
10225A,Vinyl chloride,2000,10.0,nondetect
10225A,Vinyl chloride,2001,10.0,nondetect
10225A,Vinyl chloride,2002,10.0,nondetect
10225A,Vinyl chloride,2003,10.0,nondetect
10225A,Vinyl chloride,2009,10.0,nondetect
10225A,Vinyl chloride,2010,5.0,nondetect
10225A,Vinyl chloride,2011,5.0,nondetect
10225A,Vinyl chloride,2012,5.0,nondetect
10225A,Vinyl chloride,2015,5.0,nondetect
10225A,Vinyl chloride,2016,5.0,nondetect
10225A,Vinyl chloride,2017,5.0,nondetect
10225A,Vinyl chloride,2018,5.0,nondetect
10225A,Vinyl chloride,2019,5.0,nondetect
10225A,Xylene,2000,10.0,nondetect
10225A,Xylene,2007,50.0,nondetect
10225A,Xylene,2009,10.0,nondetect
10225A,Xylene,2010,15.0,nondetect
10225A,Xylene,2011,15.0,nondetect
10225A,Xylene,2012,15.0,nondetect
10225A,Xylene,2015,10.0,nondetect
10225A,Xylene,2016,5.0,nondetect
10225A,Xylene,2017,5.0,nondetect
10225A,Xylene,2018,5.0,nondetect
10225A,Xylene,2019,0.45,detect
10225B,"1,1,2,2-Tetrachloroethane",2000,10.0,nondetect
10225B,"1,1,2,2-Tetrachloroethane",2001,10.0,nondetect
10225B,"1,1,2,2-Tetrachloroethane",2002,10.0,nondetect
10225B,"1,1,2,2-Tetrachloroethane",2003,10.0,nondetect
10225B,"1,1,2,2-Tetrachloroethane",2007,50.0,nondetect
10225B,"1,1,2,2-Tetrachloroethane",2009,10.0,nondetect
10225B,"1,1,2,2-Tetrachloroethane",2018,5.0,nondetect
10225B,"1,2,4-Trichlorobenzene",2000,10.0,nondetect
10225B,"1,2,4-Trichlorobenzene",2001,10.0,nondetect
10225B,"1,2,4-Trichlorobenzene",2002,10.0,nondetect
10225B,"1,2,4-Trichlorobenzene",2003,10.0,nondetect
10225B,"1,2,4-Trichlorobenzene",2005,9.4,nondetect
10225B,"1,2,4-Trichlorobenzene",2006,10.0,nondetect
10225B,"1,2,4-Trichlorobenzene",2007,10.0,nondetect
10225B,"1,2,4-Trichlorobenzene",2018,9.4,nondetect
10225B,"1,2-Dichlorobenzene",2000,10.0,nondetect
10225B,"1,2-Dichlorobenzene",2001,10.0,nondetect
10225B,"1,2-Dichlorobenzene",2003,10.0,nondetect
10225B,"1,2-Dichlorobenzene",2005,9.4,nondetect
10225B,"1,2-Dichlorobenzene",2006,10.0,nondetect
10225B,"1,2-Dichlorobenzene",2007,10.0,nondetect
10225B,"1,2-Dichlorobenzene",2018,9.4,nondetect
10225B,"1,2-Dichloroethane",2015,5.0,nondetect
10225B,"1,2-Dichloroethane",2016,5.0,nondetect
10225B,"1,2-Dichloroethane",2017,5.0,nondetect
10225B,"1,2-Dichloroethane",2019,5.0,nondetect
10225B,"1,4-Dichlorobenzene",2000,10.0,nondetect
10225B,"1,4-Dichlorobenzene",2001,10.0,nondetect
10225B,"1,4-Dichlorobenzene",2003,10.0,nondetect
10225B,"1,4-Dichlorobenzene",2005,9.4,nondetect
10225B,"1,4-Dichlorobenzene",2006,10.0,nondetect
10225B,"1,4-Dichlorobenzene",2007,10.0,nondetect
10225B,"1,4-Dichlorobenzene",2018,9.4,nondetect
10225B,Benzene,2000,10.0,nondetect
10225B,Benzene,2001,10.0,nondetect
10225B,Benzene,2002,10.0,nondetect
10225B,Benzene,2003,10.0,nondetect
10225B,Benzene,2006,10.0,nondetect
10225B,Benzene,2007,50.0,nondetect
10225B,Benzene,2009,10.0,nondetect
10225B,Benzene,2010,5.0,nondetect
10225B,Benzene,2011,5.0,nondetect
10225B,Benzene,2012,5.0,nondetect
10225B,Benzene,2015,5.0,nondetect
10225B,Benzene,2016,5.0,nondetect
10225B,Benzene,2017,5.0,nondetect
10225B,Benzene,2018,5.0,nondetect
10225B,Benzene,2019,5.0,nondetect
10225B,Benzo(a)pyrene,2015,1.9,nondetect
10225B,Benzo(a)pyrene,2016,9.4,nondetect
10225B,Benzo(a)pyrene,2017,9.4,nondetect
10225B,Benzo(a)pyrene,2019,9.4,nondetect
10225B,Chlorobenzene,2000,10.0,nondetect
10225B,Chlorobenzene,2001,10.0,nondetect
10225B,Chlorobenzene,2002,10.0,nondetect
10225B,Chlorobenzene,2003,10.0,nondetect
10225B,Chlorobenzene,2005,10.0,nondetect
10225B,Chlorobenzene,2006,10.0,nondetect
10225B,Chlorobenzene,2007,50.0,nondetect
10225B,Chlorobenzene,2009,10.0,nondetect
10225B,Chlorobenzene,2010,5.0,nondetect
10225B,Chlorobenzene,2011,5.0,nondetect
10225B,Chlorobenzene,2012,5.0,nondetect
10225B,Chlorobenzene,2015,5.0,nondetect
10225B,Chlorobenzene,2016,5.0,nondetect
10225B,Chlorobenzene,2017,5.0,nondetect
10225B,Chlorobenzene,2018,5.0,nondetect
10225B,Chlorobenzene,2019,5.0,nondetect
10225B,Chloroform / THMs,2000,10.0,nondetect
10225B,Chloroform / THMs,2003,10.0,nondetect
10225B,Chloroform / THMs,2015,5.0,nondetect
10225B,Chloroform / THMs,2016,5.0,nondetect
10225B,Chloroform / THMs,2017,5.0,nondetect
10225B,Chloroform / THMs,2019,5.0,nondetect
10225B,DDT / DDE / DDD,2015,0.055,detect
10225B,DDT / DDE / DDD,2016,0.047,nondetect
10225B,DDT / DDE / DDD,2017,0.047,nondetect
10225B,DDT / DDE / DDD,2019,0.047,nondetect
10225B,Dieldrin,2015,0.025,nondetect
10225B,Dieldrin,2016,0.047,nondetect
10225B,Dieldrin,2017,0.047,nondetect
10225B,Dieldrin,2019,0.047,nondetect
10225B,Dioxins / furans,2015,9.3,nondetect
10225B,Dioxins / furans,2016,9.4,nondetect
10225B,Dioxins / furans,2017,9.4,nondetect
10225B,Dioxins / furans,2019,9.4,nondetect
10225B,Ethylbenzene,2000,10.0,nondetect
10225B,Ethylbenzene,2001,10.0,nondetect
10225B,Ethylbenzene,2002,10.0,nondetect
10225B,Ethylbenzene,2003,10.0,nondetect
10225B,Ethylbenzene,2007,50.0,nondetect
10225B,Ethylbenzene,2009,10.0,nondetect
10225B,Ethylbenzene,2010,5.0,nondetect
10225B,Ethylbenzene,2011,5.0,nondetect
10225B,Ethylbenzene,2012,5.0,nondetect
10225B,Ethylbenzene,2015,5.0,nondetect
10225B,Ethylbenzene,2016,5.0,nondetect
10225B,Ethylbenzene,2017,5.0,nondetect
10225B,Ethylbenzene,2018,5.0,nondetect
10225B,Ethylbenzene,2019,5.0,nondetect
10225B,Lindane / BHC,2015,0.025,nondetect
10225B,Lindane / BHC,2016,0.1,detect
10225B,Lindane / BHC,2017,0.047,nondetect
10225B,Lindane / BHC,2019,0.023,detect
10225B,Naphthalene,2015,1.9,nondetect
10225B,Naphthalene,2016,9.4,nondetect
10225B,Naphthalene,2017,9.4,nondetect
10225B,Naphthalene,2019,9.4,nondetect
10225B,PCBs,2015,0.2,nondetect
10225B,PCBs,2016,0.94,nondetect
10225B,PCBs,2017,0.94,nondetect
10225B,PCBs,2019,0.94,nondetect
10225B,Tetrachloroethene (PCE),2000,10.0,nondetect
10225B,Tetrachloroethene (PCE),2001,10.0,nondetect
10225B,Tetrachloroethene (PCE),2002,10.0,nondetect
10225B,Tetrachloroethene (PCE),2003,10.0,nondetect
10225B,Tetrachloroethene (PCE),2006,10.0,nondetect
10225B,Tetrachloroethene (PCE),2007,50.0,nondetect
10225B,Tetrachloroethene (PCE),2009,10.0,nondetect
10225B,Tetrachloroethene (PCE),2010,5.0,nondetect
10225B,Tetrachloroethene (PCE),2011,5.0,nondetect
10225B,Tetrachloroethene (PCE),2012,5.0,nondetect
10225B,Tetrachloroethene (PCE),2015,5.0,nondetect
10225B,Tetrachloroethene (PCE),2016,5.0,nondetect
10225B,Tetrachloroethene (PCE),2017,5.0,nondetect
10225B,Tetrachloroethene (PCE),2018,5.0,nondetect
10225B,Tetrachloroethene (PCE),2019,5.0,nondetect
10225B,Toluene,2000,10.0,nondetect
10225B,Toluene,2001,10.0,nondetect
10225B,Toluene,2002,10.0,nondetect
10225B,Toluene,2003,10.0,nondetect
10225B,Toluene,2005,1.1,detect
10225B,Toluene,2006,10.0,nondetect
10225B,Toluene,2007,50.0,nondetect
10225B,Toluene,2009,2.1,detect
10225B,Toluene,2010,1.5,detect
10225B,Toluene,2011,5.0,nondetect
10225B,Toluene,2012,3.0,detect
10225B,Toluene,2015,5.0,nondetect
10225B,Toluene,2016,0.29,detect
10225B,Toluene,2017,0.33,detect
10225B,Toluene,2018,0.33,detect
10225B,Toluene,2019,0.23,detect
10225B,Trichloroethene (TCE),2000,10.0,nondetect
10225B,Trichloroethene (TCE),2001,10.0,nondetect
10225B,Trichloroethene (TCE),2002,10.0,nondetect
10225B,Trichloroethene (TCE),2003,10.0,nondetect
10225B,Trichloroethene (TCE),2006,10.0,nondetect
10225B,Trichloroethene (TCE),2007,50.0,nondetect
10225B,Trichloroethene (TCE),2009,10.0,nondetect
10225B,Trichloroethene (TCE),2010,5.0,nondetect
10225B,Trichloroethene (TCE),2011,5.0,nondetect
10225B,Trichloroethene (TCE),2012,5.0,nondetect
10225B,Trichloroethene (TCE),2015,5.0,nondetect
10225B,Trichloroethene (TCE),2016,5.0,nondetect
10225B,Trichloroethene (TCE),2017,5.0,nondetect
10225B,Trichloroethene (TCE),2018,5.0,nondetect
10225B,Trichloroethene (TCE),2019,5.0,nondetect
10225B,Vinyl chloride,2000,10.0,nondetect
10225B,Vinyl chloride,2001,10.0,nondetect
10225B,Vinyl chloride,2002,10.0,nondetect
10225B,Vinyl chloride,2003,10.0,nondetect
10225B,Vinyl chloride,2009,10.0,nondetect
10225B,Vinyl chloride,2010,5.0,nondetect
10225B,Vinyl chloride,2011,5.0,nondetect
10225B,Vinyl chloride,2012,5.0,nondetect
10225B,Vinyl chloride,2015,5.0,nondetect
10225B,Vinyl chloride,2016,5.0,nondetect
10225B,Vinyl chloride,2017,5.0,nondetect
10225B,Vinyl chloride,2018,5.0,nondetect
10225B,Vinyl chloride,2019,5.0,nondetect
10225B,Xylene,2000,10.0,nondetect
10225B,Xylene,2007,50.0,nondetect
10225B,Xylene,2009,10.0,nondetect
10225B,Xylene,2010,15.0,nondetect
10225B,Xylene,2011,15.0,nondetect
10225B,Xylene,2012,15.0,nondetect
10225B,Xylene,2015,10.0,nondetect
10225B,Xylene,2016,5.0,nondetect
10225B,Xylene,2017,5.0,nondetect
10225B,Xylene,2018,5.0,nondetect
10225B,Xylene,2019,5.0,nondetect
10225C,"1,1,2,2-Tetrachloroethane",2000,10.0,nondetect
10225C,"1,1,2,2-Tetrachloroethane",2001,10.0,nondetect
10225C,"1,1,2,2-Tetrachloroethane",2002,10.0,nondetect
10225C,"1,1,2,2-Tetrachloroethane",2003,10.0,nondetect
10225C,"1,1,2,2-Tetrachloroethane",2007,50.0,nondetect
10225C,"1,1,2,2-Tetrachloroethane",2009,10.0,nondetect
10225C,"1,1,2,2-Tetrachloroethane",2018,5.0,nondetect
10225C,"1,2,4-Trichlorobenzene",2000,6.0,detect
10225C,"1,2,4-Trichlorobenzene",2001,3.0,detect
10225C,"1,2,4-Trichlorobenzene",2002,5.0,detect
10225C,"1,2,4-Trichlorobenzene",2003,7.0,detect
10225C,"1,2,4-Trichlorobenzene",2005,5.1,detect
10225C,"1,2,4-Trichlorobenzene",2006,10.0,nondetect
10225C,"1,2,4-Trichlorobenzene",2007,3.0,detect
10225C,"1,2,4-Trichlorobenzene",2018,7.7,detect
10225C,"1,2-Dichlorobenzene",2000,10.0,nondetect
10225C,"1,2-Dichlorobenzene",2001,10.0,nondetect
10225C,"1,2-Dichlorobenzene",2003,1.0,detect
10225C,"1,2-Dichlorobenzene",2005,9.4,nondetect
10225C,"1,2-Dichlorobenzene",2006,10.0,nondetect
10225C,"1,2-Dichlorobenzene",2007,10.0,nondetect
10225C,"1,2-Dichlorobenzene",2018,9.4,nondetect
10225C,"1,2-Dichloroethane",2015,5.0,nondetect
10225C,"1,2-Dichloroethane",2016,5.0,nondetect
10225C,"1,2-Dichloroethane",2017,5.0,nondetect
10225C,"1,2-Dichloroethane",2019,5.0,nondetect
10225C,"1,4-Dichlorobenzene",2000,10.0,nondetect
10225C,"1,4-Dichlorobenzene",2001,10.0,nondetect
10225C,"1,4-Dichlorobenzene",2003,1.0,detect
10225C,"1,4-Dichlorobenzene",2005,9.4,nondetect
10225C,"1,4-Dichlorobenzene",2006,10.0,nondetect
10225C,"1,4-Dichlorobenzene",2007,10.0,nondetect
10225C,"1,4-Dichlorobenzene",2018,9.4,nondetect
10225C,Benzene,2000,10.0,nondetect
10225C,Benzene,2001,10.0,nondetect
10225C,Benzene,2002,10.0,nondetect
10225C,Benzene,2003,10.0,nondetect
10225C,Benzene,2006,10.0,nondetect
10225C,Benzene,2007,50.0,nondetect
10225C,Benzene,2009,10.0,nondetect
10225C,Benzene,2010,5.0,nondetect
10225C,Benzene,2011,5.0,nondetect
10225C,Benzene,2012,5.0,nondetect
10225C,Benzene,2015,5.0,nondetect
10225C,Benzene,2016,5.0,nondetect
10225C,Benzene,2017,5.0,nondetect
10225C,Benzene,2018,5.0,nondetect
10225C,Benzene,2019,5.0,nondetect
10225C,Benzo(a)pyrene,2015,1.9,nondetect
10225C,Benzo(a)pyrene,2016,9.4,nondetect
10225C,Benzo(a)pyrene,2017,9.4,nondetect
10225C,Benzo(a)pyrene,2019,9.8,nondetect
10225C,Chlorobenzene,2000,10.0,nondetect
10225C,Chlorobenzene,2001,10.0,nondetect
10225C,Chlorobenzene,2002,10.0,nondetect
10225C,Chlorobenzene,2003,1.0,detect
10225C,Chlorobenzene,2005,1.0,detect
10225C,Chlorobenzene,2006,2.0,detect
10225C,Chlorobenzene,2007,50.0,nondetect
10225C,Chlorobenzene,2009,10.0,nondetect
10225C,Chlorobenzene,2010,1.5,detect
10225C,Chlorobenzene,2011,0.99,detect
10225C,Chlorobenzene,2012,1.7,detect
10225C,Chlorobenzene,2015,2.0,detect
10225C,Chlorobenzene,2016,0.89,detect
10225C,Chlorobenzene,2017,1.1,detect
10225C,Chlorobenzene,2018,1.1,detect
10225C,Chlorobenzene,2019,1.0,detect
10225C,Chloroform / THMs,2000,10.0,nondetect
10225C,Chloroform / THMs,2003,10.0,nondetect
10225C,Chloroform / THMs,2015,5.0,nondetect
10225C,Chloroform / THMs,2016,5.0,nondetect
10225C,Chloroform / THMs,2017,5.0,nondetect
10225C,Chloroform / THMs,2019,5.0,nondetect
10225C,DDT / DDE / DDD,2015,0.05,nondetect
10225C,DDT / DDE / DDD,2016,0.047,nondetect
10225C,DDT / DDE / DDD,2017,0.047,nondetect
10225C,DDT / DDE / DDD,2019,0.047,nondetect
10225C,Dieldrin,2015,0.05,nondetect
10225C,Dieldrin,2016,0.047,nondetect
10225C,Dieldrin,2017,0.047,nondetect
10225C,Dieldrin,2019,0.047,nondetect
10225C,Dioxins / furans,2015,9.3,nondetect
10225C,Dioxins / furans,2016,9.4,nondetect
10225C,Dioxins / furans,2017,9.4,nondetect
10225C,Dioxins / furans,2019,9.8,nondetect
10225C,Ethylbenzene,2000,10.0,nondetect
10225C,Ethylbenzene,2001,10.0,nondetect
10225C,Ethylbenzene,2002,10.0,nondetect
10225C,Ethylbenzene,2003,10.0,nondetect
10225C,Ethylbenzene,2007,50.0,nondetect
10225C,Ethylbenzene,2009,10.0,nondetect
10225C,Ethylbenzene,2010,5.0,nondetect
10225C,Ethylbenzene,2011,5.0,nondetect
10225C,Ethylbenzene,2012,5.0,nondetect
10225C,Ethylbenzene,2015,5.0,nondetect
10225C,Ethylbenzene,2016,5.0,nondetect
10225C,Ethylbenzene,2017,5.0,nondetect
10225C,Ethylbenzene,2018,5.0,nondetect
10225C,Ethylbenzene,2019,5.0,nondetect
10225C,Lindane / BHC,2015,0.085,detect
10225C,Lindane / BHC,2016,0.047,nondetect
10225C,Lindane / BHC,2017,0.27,detect
10225C,Lindane / BHC,2019,0.12,detect
10225C,Naphthalene,2015,1.9,nondetect
10225C,Naphthalene,2016,9.4,nondetect
10225C,Naphthalene,2017,9.4,nondetect
10225C,Naphthalene,2019,9.8,nondetect
10225C,PCBs,2015,0.4,nondetect
10225C,PCBs,2016,0.94,nondetect
10225C,PCBs,2017,0.94,nondetect
10225C,PCBs,2019,0.94,nondetect
10225C,Tetrachloroethene (PCE),2000,10.0,nondetect
10225C,Tetrachloroethene (PCE),2001,10.0,nondetect
10225C,Tetrachloroethene (PCE),2002,10.0,nondetect
10225C,Tetrachloroethene (PCE),2003,10.0,nondetect
10225C,Tetrachloroethene (PCE),2006,12.0,detect
10225C,Tetrachloroethene (PCE),2007,50.0,nondetect
10225C,Tetrachloroethene (PCE),2009,10.0,nondetect
10225C,Tetrachloroethene (PCE),2010,5.0,nondetect
10225C,Tetrachloroethene (PCE),2011,5.0,nondetect
10225C,Tetrachloroethene (PCE),2012,5.0,nondetect
10225C,Tetrachloroethene (PCE),2015,5.0,nondetect
10225C,Tetrachloroethene (PCE),2016,5.0,nondetect
10225C,Tetrachloroethene (PCE),2017,5.0,nondetect
10225C,Tetrachloroethene (PCE),2018,5.0,nondetect
10225C,Tetrachloroethene (PCE),2019,5.0,nondetect
10225C,Toluene,2000,10.0,nondetect
10225C,Toluene,2001,10.0,nondetect
10225C,Toluene,2002,10.0,nondetect
10225C,Toluene,2003,10.0,nondetect
10225C,Toluene,2005,10.0,nondetect
10225C,Toluene,2006,10.0,nondetect
10225C,Toluene,2007,50.0,nondetect
10225C,Toluene,2009,10.0,nondetect
10225C,Toluene,2010,1.6,detect
10225C,Toluene,2011,5.0,nondetect
10225C,Toluene,2012,5.0,nondetect
10225C,Toluene,2015,5.0,nondetect
10225C,Toluene,2016,5.0,nondetect
10225C,Toluene,2017,5.0,nondetect
10225C,Toluene,2018,5.0,nondetect
10225C,Toluene,2019,5.0,nondetect
10225C,Trichloroethene (TCE),2000,7.0,detect
10225C,Trichloroethene (TCE),2001,8.0,detect
10225C,Trichloroethene (TCE),2002,11.0,detect
10225C,Trichloroethene (TCE),2003,16.0,detect
10225C,Trichloroethene (TCE),2006,4.0,detect
10225C,Trichloroethene (TCE),2007,7.0,detect
10225C,Trichloroethene (TCE),2009,6.8,detect
10225C,Trichloroethene (TCE),2010,13.0,detect
10225C,Trichloroethene (TCE),2011,6.4,detect
10225C,Trichloroethene (TCE),2012,12.0,detect
10225C,Trichloroethene (TCE),2015,15.0,detect
10225C,Trichloroethene (TCE),2016,6.4,detect
10225C,Trichloroethene (TCE),2017,8.0,detect
10225C,Trichloroethene (TCE),2018,8.0,detect
10225C,Trichloroethene (TCE),2019,6.5,detect
10225C,Vinyl chloride,2000,10.0,nondetect
10225C,Vinyl chloride,2001,10.0,nondetect
10225C,Vinyl chloride,2002,10.0,nondetect
10225C,Vinyl chloride,2003,10.0,nondetect
10225C,Vinyl chloride,2009,10.0,nondetect
10225C,Vinyl chloride,2010,5.0,nondetect
10225C,Vinyl chloride,2011,5.0,nondetect
10225C,Vinyl chloride,2012,5.0,nondetect
10225C,Vinyl chloride,2015,5.0,nondetect
10225C,Vinyl chloride,2016,5.0,nondetect
10225C,Vinyl chloride,2017,5.0,nondetect
10225C,Vinyl chloride,2018,5.0,nondetect
10225C,Vinyl chloride,2019,5.0,nondetect
10225C,Xylene,2000,10.0,nondetect
10225C,Xylene,2007,50.0,nondetect
10225C,Xylene,2009,10.0,nondetect
10225C,Xylene,2010,15.0,nondetect
10225C,Xylene,2011,15.0,nondetect
10225C,Xylene,2012,15.0,nondetect
10225C,Xylene,2015,10.0,nondetect
10225C,Xylene,2016,5.0,nondetect
10225C,Xylene,2017,5.0,nondetect
10225C,Xylene,2018,5.0,nondetect
10225C,Xylene,2019,5.0,nondetect
10270,"1,1,2,2-Tetrachloroethane",2000,10.0,nondetect
10270,"1,1,2,2-Tetrachloroethane",2001,10.0,nondetect
10270,"1,1,2,2-Tetrachloroethane",2002,10.0,nondetect
10270,"1,1,2,2-Tetrachloroethane",2003,10.0,nondetect
10270,"1,1,2,2-Tetrachloroethane",2007,10.0,nondetect
10270,"1,1,2,2-Tetrachloroethane",2009,10.0,nondetect
10270,"1,1,2,2-Tetrachloroethane",2018,5.0,nondetect
10270,"1,2,4-Trichlorobenzene",2000,10.0,nondetect
10270,"1,2,4-Trichlorobenzene",2001,10.0,nondetect
10270,"1,2,4-Trichlorobenzene",2002,10.0,nondetect
10270,"1,2,4-Trichlorobenzene",2003,10.0,nondetect
10270,"1,2,4-Trichlorobenzene",2005,9.4,nondetect
10270,"1,2,4-Trichlorobenzene",2006,10.0,nondetect
10270,"1,2,4-Trichlorobenzene",2007,10.0,nondetect
10270,"1,2,4-Trichlorobenzene",2018,9.4,nondetect
10270,"1,2-Dichlorobenzene",2000,10.0,nondetect
10270,"1,2-Dichlorobenzene",2001,10.0,nondetect
10270,"1,2-Dichlorobenzene",2003,10.0,nondetect
10270,"1,2-Dichlorobenzene",2005,9.4,nondetect
10270,"1,2-Dichlorobenzene",2006,10.0,nondetect
10270,"1,2-Dichlorobenzene",2007,10.0,nondetect
10270,"1,2-Dichlorobenzene",2018,9.4,nondetect
10270,"1,2-Dichloroethane",2015,5.0,nondetect
10270,"1,2-Dichloroethane",2016,5.0,nondetect
10270,"1,2-Dichloroethane",2017,5.0,nondetect
10270,"1,2-Dichloroethane",2019,5.0,nondetect
10270,"1,4-Dichlorobenzene",2000,10.0,nondetect
10270,"1,4-Dichlorobenzene",2001,10.0,nondetect
10270,"1,4-Dichlorobenzene",2003,10.0,nondetect
10270,"1,4-Dichlorobenzene",2005,9.4,nondetect
10270,"1,4-Dichlorobenzene",2006,10.0,nondetect
10270,"1,4-Dichlorobenzene",2007,10.0,nondetect
10270,"1,4-Dichlorobenzene",2018,9.4,nondetect
10270,Benzene,2000,10.0,nondetect
10270,Benzene,2001,10.0,nondetect
10270,Benzene,2002,10.0,nondetect
10270,Benzene,2003,10.0,nondetect
10270,Benzene,2006,10.0,nondetect
10270,Benzene,2007,10.0,nondetect
10270,Benzene,2009,10.0,nondetect
10270,Benzene,2010,5.0,nondetect
10270,Benzene,2011,5.0,nondetect
10270,Benzene,2012,5.0,nondetect
10270,Benzene,2015,5.0,nondetect
10270,Benzene,2016,5.0,nondetect
10270,Benzene,2017,5.0,nondetect
10270,Benzene,2018,5.0,nondetect
10270,Benzene,2019,5.0,nondetect
10270,Benzo(a)pyrene,2015,1.9,nondetect
10270,Benzo(a)pyrene,2016,9.4,nondetect
10270,Benzo(a)pyrene,2017,9.4,nondetect
10270,Benzo(a)pyrene,2019,9.4,nondetect
10270,Chlorobenzene,2000,10.0,nondetect
10270,Chlorobenzene,2001,10.0,nondetect
10270,Chlorobenzene,2002,10.0,nondetect
10270,Chlorobenzene,2003,10.0,nondetect
10270,Chlorobenzene,2005,10.0,nondetect
10270,Chlorobenzene,2006,10.0,nondetect
10270,Chlorobenzene,2007,10.0,nondetect
10270,Chlorobenzene,2009,10.0,nondetect
10270,Chlorobenzene,2010,5.0,nondetect
10270,Chlorobenzene,2011,5.0,nondetect
10270,Chlorobenzene,2012,5.0,nondetect
10270,Chlorobenzene,2015,5.0,nondetect
10270,Chlorobenzene,2016,5.0,nondetect
10270,Chlorobenzene,2017,5.0,nondetect
10270,Chlorobenzene,2018,5.0,nondetect
10270,Chlorobenzene,2019,5.0,nondetect
10270,Chloroform / THMs,2000,10.0,nondetect
10270,Chloroform / THMs,2003,10.0,nondetect
10270,Chloroform / THMs,2015,5.0,nondetect
10270,Chloroform / THMs,2016,5.0,nondetect
10270,Chloroform / THMs,2017,5.0,nondetect
10270,Chloroform / THMs,2019,5.0,nondetect
10270,DDT / DDE / DDD,2015,0.05,nondetect
10270,DDT / DDE / DDD,2016,0.047,nondetect
10270,DDT / DDE / DDD,2017,0.047,nondetect
10270,DDT / DDE / DDD,2019,0.047,nondetect
10270,Dieldrin,2015,0.05,nondetect
10270,Dieldrin,2016,0.047,nondetect
10270,Dieldrin,2017,0.047,nondetect
10270,Dieldrin,2019,0.047,nondetect
10270,Dioxins / furans,2015,9.3,nondetect
10270,Dioxins / furans,2016,9.4,nondetect
10270,Dioxins / furans,2017,9.4,nondetect
10270,Dioxins / furans,2019,9.4,nondetect
10270,Ethylbenzene,2000,10.0,nondetect
10270,Ethylbenzene,2001,10.0,nondetect
10270,Ethylbenzene,2002,10.0,nondetect
10270,Ethylbenzene,2003,10.0,nondetect
10270,Ethylbenzene,2007,1.0,detect
10270,Ethylbenzene,2009,10.0,nondetect
10270,Ethylbenzene,2010,5.0,nondetect
10270,Ethylbenzene,2011,5.0,nondetect
10270,Ethylbenzene,2012,5.0,nondetect
10270,Ethylbenzene,2015,5.0,nondetect
10270,Ethylbenzene,2016,5.0,nondetect
10270,Ethylbenzene,2017,5.0,nondetect
10270,Ethylbenzene,2018,5.0,nondetect
10270,Ethylbenzene,2019,5.0,nondetect
10270,Lindane / BHC,2015,0.05,nondetect
10270,Lindane / BHC,2016,0.08,detect
10270,Lindane / BHC,2017,0.047,nondetect
10270,Lindane / BHC,2019,0.1,detect
10270,Naphthalene,2015,1.9,nondetect
10270,Naphthalene,2016,9.4,nondetect
10270,Naphthalene,2017,9.4,nondetect
10270,Naphthalene,2019,9.4,nondetect
10270,PCBs,2015,0.4,nondetect
10270,PCBs,2016,0.94,nondetect
10270,PCBs,2017,0.94,nondetect
10270,PCBs,2019,0.94,nondetect
10270,Tetrachloroethene (PCE),2000,10.0,nondetect
10270,Tetrachloroethene (PCE),2001,10.0,nondetect
10270,Tetrachloroethene (PCE),2002,10.0,nondetect
10270,Tetrachloroethene (PCE),2003,10.0,nondetect
10270,Tetrachloroethene (PCE),2006,10.0,nondetect
10270,Tetrachloroethene (PCE),2007,10.0,nondetect
10270,Tetrachloroethene (PCE),2009,10.0,nondetect
10270,Tetrachloroethene (PCE),2010,5.0,nondetect
10270,Tetrachloroethene (PCE),2011,5.0,nondetect
10270,Tetrachloroethene (PCE),2012,5.0,nondetect
10270,Tetrachloroethene (PCE),2015,5.0,nondetect
10270,Tetrachloroethene (PCE),2016,5.0,nondetect
10270,Tetrachloroethene (PCE),2017,5.0,nondetect
10270,Tetrachloroethene (PCE),2018,5.0,nondetect
10270,Tetrachloroethene (PCE),2019,5.0,nondetect
10270,Toluene,2000,2.0,detect
10270,Toluene,2001,10.0,nondetect
10270,Toluene,2002,10.0,nondetect
10270,Toluene,2003,10.0,nondetect
10270,Toluene,2005,10.0,nondetect
10270,Toluene,2006,1.0,detect
10270,Toluene,2007,11.0,detect
10270,Toluene,2009,10.0,nondetect
10270,Toluene,2010,5.0,nondetect
10270,Toluene,2011,5.0,nondetect
10270,Toluene,2012,5.0,nondetect
10270,Toluene,2015,5.0,nondetect
10270,Toluene,2016,5.0,nondetect
10270,Toluene,2017,5.0,nondetect
10270,Toluene,2018,5.0,nondetect
10270,Toluene,2019,5.0,nondetect
10270,Trichloroethene (TCE),2000,10.0,nondetect
10270,Trichloroethene (TCE),2001,10.0,nondetect
10270,Trichloroethene (TCE),2002,10.0,nondetect
10270,Trichloroethene (TCE),2003,10.0,nondetect
10270,Trichloroethene (TCE),2006,10.0,nondetect
10270,Trichloroethene (TCE),2007,10.0,nondetect
10270,Trichloroethene (TCE),2009,10.0,nondetect
10270,Trichloroethene (TCE),2010,5.0,nondetect
10270,Trichloroethene (TCE),2011,5.0,nondetect
10270,Trichloroethene (TCE),2012,5.0,nondetect
10270,Trichloroethene (TCE),2015,5.0,nondetect
10270,Trichloroethene (TCE),2016,5.0,nondetect
10270,Trichloroethene (TCE),2017,5.0,nondetect
10270,Trichloroethene (TCE),2018,5.0,nondetect
10270,Trichloroethene (TCE),2019,5.0,nondetect
10270,Vinyl chloride,2000,10.0,nondetect
10270,Vinyl chloride,2001,10.0,nondetect
10270,Vinyl chloride,2002,10.0,nondetect
10270,Vinyl chloride,2003,10.0,nondetect
10270,Vinyl chloride,2009,10.0,nondetect
10270,Vinyl chloride,2010,5.0,nondetect
10270,Vinyl chloride,2011,5.0,nondetect
10270,Vinyl chloride,2012,5.0,nondetect
10270,Vinyl chloride,2015,5.0,nondetect
10270,Vinyl chloride,2016,5.0,nondetect
10270,Vinyl chloride,2017,5.0,nondetect
10270,Vinyl chloride,2018,5.0,nondetect
10270,Vinyl chloride,2019,5.0,nondetect
10270,Xylene,2000,10.0,nondetect
10270,Xylene,2007,3.0,detect
10270,Xylene,2009,10.0,nondetect
10270,Xylene,2010,15.0,nondetect
10270,Xylene,2011,15.0,nondetect
10270,Xylene,2012,15.0,nondetect
10270,Xylene,2015,10.0,nondetect
10270,Xylene,2016,5.0,nondetect
10270,Xylene,2017,5.0,nondetect
10270,Xylene,2018,5.0,nondetect
10270,Xylene,2019,5.0,nondetect
10272,"1,1,2,2-Tetrachloroethane",2000,10.0,nondetect
10272,"1,1,2,2-Tetrachloroethane",2001,10.0,nondetect
10272,"1,1,2,2-Tetrachloroethane",2002,10.0,nondetect
10272,"1,1,2,2-Tetrachloroethane",2003,10.0,nondetect
10272,"1,1,2,2-Tetrachloroethane",2007,10.0,nondetect
10272,"1,1,2,2-Tetrachloroethane",2009,10.0,nondetect
10272,"1,1,2,2-Tetrachloroethane",2018,5.0,nondetect
10272,"1,2,4-Trichlorobenzene",2000,10.0,nondetect
10272,"1,2,4-Trichlorobenzene",2001,10.0,nondetect
10272,"1,2,4-Trichlorobenzene",2002,10.0,nondetect
10272,"1,2,4-Trichlorobenzene",2003,10.0,nondetect
10272,"1,2,4-Trichlorobenzene",2005,9.4,nondetect
10272,"1,2,4-Trichlorobenzene",2007,10.0,nondetect
10272,"1,2,4-Trichlorobenzene",2018,9.4,nondetect
10272,"1,2-Dichlorobenzene",2000,10.0,nondetect
10272,"1,2-Dichlorobenzene",2001,10.0,nondetect
10272,"1,2-Dichlorobenzene",2003,10.0,nondetect
10272,"1,2-Dichlorobenzene",2005,9.4,nondetect
10272,"1,2-Dichlorobenzene",2007,10.0,nondetect
10272,"1,2-Dichlorobenzene",2018,9.4,nondetect
10272,"1,2-Dichloroethane",2015,5.0,nondetect
10272,"1,2-Dichloroethane",2016,5.0,nondetect
10272,"1,2-Dichloroethane",2017,5.0,nondetect
10272,"1,2-Dichloroethane",2019,5.0,nondetect
10272,"1,4-Dichlorobenzene",2000,10.0,nondetect
10272,"1,4-Dichlorobenzene",2001,10.0,nondetect
10272,"1,4-Dichlorobenzene",2003,10.0,nondetect
10272,"1,4-Dichlorobenzene",2005,9.4,nondetect
10272,"1,4-Dichlorobenzene",2007,10.0,nondetect
10272,"1,4-Dichlorobenzene",2018,9.4,nondetect
10272,Benzene,2000,10.0,nondetect
10272,Benzene,2001,10.0,nondetect
10272,Benzene,2002,10.0,nondetect
10272,Benzene,2003,10.0,nondetect
10272,Benzene,2007,10.0,nondetect
10272,Benzene,2009,10.0,nondetect
10272,Benzene,2010,5.0,nondetect
10272,Benzene,2011,5.0,nondetect
10272,Benzene,2012,5.0,nondetect
10272,Benzene,2015,5.0,nondetect
10272,Benzene,2016,5.0,nondetect
10272,Benzene,2017,5.0,nondetect
10272,Benzene,2018,5.0,nondetect
10272,Benzene,2019,5.0,nondetect
10272,Benzo(a)pyrene,2015,1.9,nondetect
10272,Benzo(a)pyrene,2016,9.4,nondetect
10272,Benzo(a)pyrene,2017,9.4,nondetect
10272,Benzo(a)pyrene,2019,10.0,nondetect
10272,Chlorobenzene,2000,10.0,nondetect
10272,Chlorobenzene,2001,10.0,nondetect
10272,Chlorobenzene,2002,10.0,nondetect
10272,Chlorobenzene,2003,10.0,nondetect
10272,Chlorobenzene,2005,10.0,nondetect
10272,Chlorobenzene,2007,10.0,nondetect
10272,Chlorobenzene,2009,10.0,nondetect
10272,Chlorobenzene,2010,5.0,nondetect
10272,Chlorobenzene,2011,5.0,nondetect
10272,Chlorobenzene,2012,5.0,nondetect
10272,Chlorobenzene,2015,5.0,nondetect
10272,Chlorobenzene,2016,5.0,nondetect
10272,Chlorobenzene,2017,5.0,nondetect
10272,Chlorobenzene,2018,5.0,nondetect
10272,Chlorobenzene,2019,5.0,nondetect
10272,Chloroform / THMs,2000,10.0,nondetect
10272,Chloroform / THMs,2003,10.0,nondetect
10272,Chloroform / THMs,2015,5.0,nondetect
10272,Chloroform / THMs,2016,5.0,nondetect
10272,Chloroform / THMs,2017,5.0,nondetect
10272,Chloroform / THMs,2019,5.0,nondetect
10272,DDT / DDE / DDD,2015,0.05,nondetect
10272,DDT / DDE / DDD,2016,0.047,nondetect
10272,DDT / DDE / DDD,2017,0.047,nondetect
10272,DDT / DDE / DDD,2019,0.047,nondetect
10272,Dieldrin,2015,0.05,nondetect
10272,Dieldrin,2016,0.047,nondetect
10272,Dieldrin,2017,0.047,nondetect
10272,Dieldrin,2019,0.047,nondetect
10272,Dioxins / furans,2015,9.3,nondetect
10272,Dioxins / furans,2016,9.4,nondetect
10272,Dioxins / furans,2017,9.4,nondetect
10272,Dioxins / furans,2019,10.0,nondetect
10272,Ethylbenzene,2000,10.0,nondetect
10272,Ethylbenzene,2001,10.0,nondetect
10272,Ethylbenzene,2002,10.0,nondetect
10272,Ethylbenzene,2003,10.0,nondetect
10272,Ethylbenzene,2007,10.0,nondetect
10272,Ethylbenzene,2009,10.0,nondetect
10272,Ethylbenzene,2010,5.0,nondetect
10272,Ethylbenzene,2011,5.0,nondetect
10272,Ethylbenzene,2012,5.0,nondetect
10272,Ethylbenzene,2015,5.0,nondetect
10272,Ethylbenzene,2016,5.0,nondetect
10272,Ethylbenzene,2017,5.0,nondetect
10272,Ethylbenzene,2018,5.0,nondetect
10272,Ethylbenzene,2019,5.0,nondetect
10272,Lindane / BHC,2015,0.05,nondetect
10272,Lindane / BHC,2016,0.23,detect
10272,Lindane / BHC,2017,0.047,nondetect
10272,Lindane / BHC,2019,0.39,detect
10272,Naphthalene,2015,1.9,nondetect
10272,Naphthalene,2016,9.4,nondetect
10272,Naphthalene,2017,9.4,nondetect
10272,Naphthalene,2019,10.0,nondetect
10272,PCBs,2015,0.4,nondetect
10272,PCBs,2016,0.94,nondetect
10272,PCBs,2017,0.94,nondetect
10272,PCBs,2019,0.94,nondetect
10272,Tetrachloroethene (PCE),2000,10.0,nondetect
10272,Tetrachloroethene (PCE),2001,10.0,nondetect
10272,Tetrachloroethene (PCE),2002,10.0,nondetect
10272,Tetrachloroethene (PCE),2003,10.0,nondetect
10272,Tetrachloroethene (PCE),2007,10.0,nondetect
10272,Tetrachloroethene (PCE),2009,10.0,nondetect
10272,Tetrachloroethene (PCE),2010,5.0,nondetect
10272,Tetrachloroethene (PCE),2011,5.0,nondetect
10272,Tetrachloroethene (PCE),2012,5.0,nondetect
10272,Tetrachloroethene (PCE),2015,5.0,nondetect
10272,Tetrachloroethene (PCE),2016,5.0,nondetect
10272,Tetrachloroethene (PCE),2017,5.0,nondetect
10272,Tetrachloroethene (PCE),2018,5.0,nondetect
10272,Tetrachloroethene (PCE),2019,5.0,nondetect
10272,Toluene,2000,10.0,nondetect
10272,Toluene,2001,10.0,nondetect
10272,Toluene,2002,10.0,nondetect
10272,Toluene,2003,10.0,nondetect
10272,Toluene,2005,10.0,nondetect
10272,Toluene,2007,10.0,nondetect
10272,Toluene,2009,10.0,nondetect
10272,Toluene,2010,5.0,nondetect
10272,Toluene,2011,5.0,nondetect
10272,Toluene,2012,5.0,nondetect
10272,Toluene,2015,5.0,nondetect
10272,Toluene,2016,5.0,nondetect
10272,Toluene,2017,5.0,nondetect
10272,Toluene,2018,5.0,nondetect
10272,Toluene,2019,5.0,nondetect
10272,Trichloroethene (TCE),2000,10.0,nondetect
10272,Trichloroethene (TCE),2001,10.0,nondetect
10272,Trichloroethene (TCE),2002,10.0,nondetect
10272,Trichloroethene (TCE),2003,10.0,nondetect
10272,Trichloroethene (TCE),2007,10.0,nondetect
10272,Trichloroethene (TCE),2009,10.0,nondetect
10272,Trichloroethene (TCE),2010,5.0,nondetect
10272,Trichloroethene (TCE),2011,5.0,nondetect
10272,Trichloroethene (TCE),2012,5.0,nondetect
10272,Trichloroethene (TCE),2015,5.0,nondetect
10272,Trichloroethene (TCE),2016,5.0,nondetect
10272,Trichloroethene (TCE),2017,5.0,nondetect
10272,Trichloroethene (TCE),2018,5.0,nondetect
10272,Trichloroethene (TCE),2019,5.0,nondetect
10272,Vinyl chloride,2000,10.0,nondetect
10272,Vinyl chloride,2001,10.0,nondetect
10272,Vinyl chloride,2002,10.0,nondetect
10272,Vinyl chloride,2003,10.0,nondetect
10272,Vinyl chloride,2009,10.0,nondetect
10272,Vinyl chloride,2010,5.0,nondetect
10272,Vinyl chloride,2011,5.0,nondetect
10272,Vinyl chloride,2012,5.0,nondetect
10272,Vinyl chloride,2015,5.0,nondetect
10272,Vinyl chloride,2016,5.0,nondetect
10272,Vinyl chloride,2017,5.0,nondetect
10272,Vinyl chloride,2018,5.0,nondetect
10272,Vinyl chloride,2019,5.0,nondetect
10272,Xylene,2000,10.0,nondetect
10272,Xylene,2007,10.0,nondetect
10272,Xylene,2009,10.0,nondetect
10272,Xylene,2010,15.0,nondetect
10272,Xylene,2011,15.0,nondetect
10272,Xylene,2012,15.0,nondetect
10272,Xylene,2015,10.0,nondetect
10272,Xylene,2016,5.0,nondetect
10272,Xylene,2017,5.0,nondetect
10272,Xylene,2018,5.0,nondetect
10272,Xylene,2019,5.0,nondetect
10278,"1,1,2,2-Tetrachloroethane",2000,10.0,nondetect
10278,"1,1,2,2-Tetrachloroethane",2001,10.0,nondetect
10278,"1,1,2,2-Tetrachloroethane",2002,10.0,nondetect
10278,"1,1,2,2-Tetrachloroethane",2003,10.0,nondetect
10278,"1,1,2,2-Tetrachloroethane",2007,50.0,nondetect
10278,"1,1,2,2-Tetrachloroethane",2009,10.0,nondetect
10278,"1,1,2,2-Tetrachloroethane",2018,5.0,nondetect
10278,"1,2,4-Trichlorobenzene",2000,10.0,nondetect
10278,"1,2,4-Trichlorobenzene",2001,10.0,nondetect
10278,"1,2,4-Trichlorobenzene",2002,10.0,nondetect
10278,"1,2,4-Trichlorobenzene",2003,10.0,nondetect
10278,"1,2,4-Trichlorobenzene",2005,9.4,nondetect
10278,"1,2,4-Trichlorobenzene",2006,10.0,nondetect
10278,"1,2,4-Trichlorobenzene",2007,10.0,nondetect
10278,"1,2,4-Trichlorobenzene",2018,9.4,nondetect
10278,"1,2-Dichlorobenzene",2000,10.0,nondetect
10278,"1,2-Dichlorobenzene",2001,10.0,nondetect
10278,"1,2-Dichlorobenzene",2003,10.0,nondetect
10278,"1,2-Dichlorobenzene",2005,9.4,nondetect
10278,"1,2-Dichlorobenzene",2006,10.0,nondetect
10278,"1,2-Dichlorobenzene",2007,10.0,nondetect
10278,"1,2-Dichlorobenzene",2018,9.4,nondetect
10278,"1,2-Dichloroethane",2015,5.0,nondetect
10278,"1,2-Dichloroethane",2016,5.0,nondetect
10278,"1,2-Dichloroethane",2017,5.0,nondetect
10278,"1,2-Dichloroethane",2019,5.0,nondetect
10278,"1,4-Dichlorobenzene",2000,10.0,nondetect
10278,"1,4-Dichlorobenzene",2001,10.0,nondetect
10278,"1,4-Dichlorobenzene",2003,10.0,nondetect
10278,"1,4-Dichlorobenzene",2005,9.4,nondetect
10278,"1,4-Dichlorobenzene",2006,10.0,nondetect
10278,"1,4-Dichlorobenzene",2007,10.0,nondetect
10278,"1,4-Dichlorobenzene",2018,9.4,nondetect
10278,Benzene,2000,10.0,nondetect
10278,Benzene,2001,10.0,nondetect
10278,Benzene,2002,10.0,nondetect
10278,Benzene,2003,10.0,nondetect
10278,Benzene,2006,10.0,nondetect
10278,Benzene,2007,50.0,nondetect
10278,Benzene,2009,10.0,nondetect
10278,Benzene,2010,5.0,nondetect
10278,Benzene,2011,5.0,nondetect
10278,Benzene,2012,5.0,nondetect
10278,Benzene,2015,5.0,nondetect
10278,Benzene,2016,5.0,nondetect
10278,Benzene,2017,5.0,nondetect
10278,Benzene,2018,5.0,nondetect
10278,Benzene,2019,5.0,nondetect
10278,Benzo(a)pyrene,2015,1.9,nondetect
10278,Benzo(a)pyrene,2016,9.4,nondetect
10278,Benzo(a)pyrene,2017,9.4,nondetect
10278,Benzo(a)pyrene,2019,10.0,nondetect
10278,Chlorobenzene,2000,10.0,nondetect
10278,Chlorobenzene,2001,10.0,nondetect
10278,Chlorobenzene,2002,10.0,nondetect
10278,Chlorobenzene,2003,10.0,nondetect
10278,Chlorobenzene,2005,10.0,nondetect
10278,Chlorobenzene,2006,10.0,nondetect
10278,Chlorobenzene,2007,50.0,nondetect
10278,Chlorobenzene,2009,10.0,nondetect
10278,Chlorobenzene,2010,5.0,nondetect
10278,Chlorobenzene,2011,5.0,nondetect
10278,Chlorobenzene,2012,5.0,nondetect
10278,Chlorobenzene,2015,5.0,nondetect
10278,Chlorobenzene,2016,5.0,nondetect
10278,Chlorobenzene,2017,5.0,nondetect
10278,Chlorobenzene,2018,5.0,nondetect
10278,Chlorobenzene,2019,5.0,nondetect
10278,Chloroform / THMs,2000,10.0,nondetect
10278,Chloroform / THMs,2003,10.0,nondetect
10278,Chloroform / THMs,2015,5.0,nondetect
10278,Chloroform / THMs,2016,5.0,nondetect
10278,Chloroform / THMs,2017,5.0,nondetect
10278,Chloroform / THMs,2019,5.0,nondetect
10278,DDT / DDE / DDD,2015,0.03,detect
10278,DDT / DDE / DDD,2016,0.047,nondetect
10278,DDT / DDE / DDD,2017,0.047,nondetect
10278,DDT / DDE / DDD,2019,0.047,nondetect
10278,Dieldrin,2015,0.026,nondetect
10278,Dieldrin,2016,0.047,nondetect
10278,Dieldrin,2017,0.047,nondetect
10278,Dieldrin,2019,0.047,nondetect
10278,Dioxins / furans,2015,9.6,nondetect
10278,Dioxins / furans,2016,9.4,nondetect
10278,Dioxins / furans,2017,9.4,nondetect
10278,Dioxins / furans,2019,10.0,nondetect
10278,Ethylbenzene,2000,10.0,nondetect
10278,Ethylbenzene,2001,10.0,nondetect
10278,Ethylbenzene,2002,10.0,nondetect
10278,Ethylbenzene,2003,10.0,nondetect
10278,Ethylbenzene,2007,50.0,nondetect
10278,Ethylbenzene,2009,10.0,nondetect
10278,Ethylbenzene,2010,5.0,nondetect
10278,Ethylbenzene,2011,5.0,nondetect
10278,Ethylbenzene,2012,5.0,nondetect
10278,Ethylbenzene,2015,5.0,nondetect
10278,Ethylbenzene,2016,5.0,nondetect
10278,Ethylbenzene,2017,5.0,nondetect
10278,Ethylbenzene,2018,5.0,nondetect
10278,Ethylbenzene,2019,5.0,nondetect
10278,Lindane / BHC,2015,0.035,detect
10278,Lindane / BHC,2016,0.21,detect
10278,Lindane / BHC,2017,0.047,nondetect
10278,Lindane / BHC,2019,0.026,detect
10278,Naphthalene,2015,1.9,nondetect
10278,Naphthalene,2016,9.4,nondetect
10278,Naphthalene,2017,9.4,nondetect
10278,Naphthalene,2019,10.0,nondetect
10278,PCBs,2015,0.21,nondetect
10278,PCBs,2016,0.94,nondetect
10278,PCBs,2017,0.94,nondetect
10278,PCBs,2019,0.94,nondetect
10278,Tetrachloroethene (PCE),2000,10.0,nondetect
10278,Tetrachloroethene (PCE),2001,10.0,nondetect
10278,Tetrachloroethene (PCE),2002,10.0,nondetect
10278,Tetrachloroethene (PCE),2003,10.0,nondetect
10278,Tetrachloroethene (PCE),2006,10.0,nondetect
10278,Tetrachloroethene (PCE),2007,50.0,nondetect
10278,Tetrachloroethene (PCE),2009,10.0,nondetect
10278,Tetrachloroethene (PCE),2010,5.0,nondetect
10278,Tetrachloroethene (PCE),2011,5.0,nondetect
10278,Tetrachloroethene (PCE),2012,5.0,nondetect
10278,Tetrachloroethene (PCE),2015,5.0,nondetect
10278,Tetrachloroethene (PCE),2016,5.0,nondetect
10278,Tetrachloroethene (PCE),2017,5.0,nondetect
10278,Tetrachloroethene (PCE),2018,5.0,nondetect
10278,Tetrachloroethene (PCE),2019,5.0,nondetect
10278,Toluene,2000,10.0,nondetect
10278,Toluene,2001,10.0,nondetect
10278,Toluene,2002,10.0,nondetect
10278,Toluene,2003,10.0,nondetect
10278,Toluene,2005,10.0,nondetect
10278,Toluene,2006,10.0,nondetect
10278,Toluene,2007,50.0,nondetect
10278,Toluene,2009,10.0,nondetect
10278,Toluene,2010,5.0,nondetect
10278,Toluene,2011,5.0,nondetect
10278,Toluene,2012,5.0,nondetect
10278,Toluene,2015,5.0,nondetect
10278,Toluene,2016,5.0,nondetect
10278,Toluene,2017,5.0,nondetect
10278,Toluene,2018,5.0,nondetect
10278,Toluene,2019,5.0,nondetect
10278,Trichloroethene (TCE),2000,10.0,nondetect
10278,Trichloroethene (TCE),2001,10.0,nondetect
10278,Trichloroethene (TCE),2002,10.0,nondetect
10278,Trichloroethene (TCE),2003,10.0,nondetect
10278,Trichloroethene (TCE),2006,10.0,nondetect
10278,Trichloroethene (TCE),2007,50.0,nondetect
10278,Trichloroethene (TCE),2009,10.0,nondetect
10278,Trichloroethene (TCE),2010,5.0,nondetect
10278,Trichloroethene (TCE),2011,5.0,nondetect
10278,Trichloroethene (TCE),2012,5.0,nondetect
10278,Trichloroethene (TCE),2015,5.0,nondetect
10278,Trichloroethene (TCE),2016,5.0,nondetect
10278,Trichloroethene (TCE),2017,5.0,nondetect
10278,Trichloroethene (TCE),2018,5.0,nondetect
10278,Trichloroethene (TCE),2019,5.0,nondetect
10278,Vinyl chloride,2000,10.0,nondetect
10278,Vinyl chloride,2001,10.0,nondetect
10278,Vinyl chloride,2002,10.0,nondetect
10278,Vinyl chloride,2003,10.0,nondetect
10278,Vinyl chloride,2009,10.0,nondetect
10278,Vinyl chloride,2010,5.0,nondetect
10278,Vinyl chloride,2011,5.0,nondetect
10278,Vinyl chloride,2012,5.0,nondetect
10278,Vinyl chloride,2015,5.0,nondetect
10278,Vinyl chloride,2016,5.0,nondetect
10278,Vinyl chloride,2017,5.0,nondetect
10278,Vinyl chloride,2018,5.0,nondetect
10278,Vinyl chloride,2019,5.0,nondetect
10278,Xylene,2000,10.0,nondetect
10278,Xylene,2007,50.0,nondetect
10278,Xylene,2009,10.0,nondetect
10278,Xylene,2010,15.0,nondetect
10278,Xylene,2011,15.0,nondetect
10278,Xylene,2012,15.0,nondetect
10278,Xylene,2015,10.0,nondetect
10278,Xylene,2016,5.0,nondetect
10278,Xylene,2017,5.0,nondetect
10278,Xylene,2018,5.0,nondetect
10278,Xylene,2019,0.32,detect
1181A,Benzene,2011,5.0,nondetect
1181A,Chlorobenzene,2011,5.0,nondetect
1181A,Ethylbenzene,2011,5.0,nondetect
1181A,Tetrachloroethene (PCE),2011,5.0,nondetect
1181A,Toluene,2011,5.0,nondetect
1181A,Trichloroethene (TCE),2011,5.0,nondetect
1181A,Vinyl chloride,2011,5.0,nondetect
1181A,Xylene,2011,15.0,nondetect
3157,"1,1,2,2-Tetrachloroethane",2001,10.0,nondetect
3157,"1,2,4-Trichlorobenzene",2001,10.0,nondetect
3157,"1,2-Dichlorobenzene",2001,10.0,nondetect
3157,"1,4-Dichlorobenzene",2001,10.0,nondetect
3157,Benzene,2001,10.0,nondetect
3157,Chlorobenzene,2001,10.0,nondetect
3157,Ethylbenzene,2001,10.0,nondetect
3157,Tetrachloroethene (PCE),2001,10.0,nondetect
3157,Toluene,2001,10.0,nondetect
3157,Trichloroethene (TCE),2001,10.0,nondetect
3157,Vinyl chloride,2001,10.0,nondetect
3257,"1,1,2,2-Tetrachloroethane",2000,10.0,nondetect
3257,"1,1,2,2-Tetrachloroethane",2009,10.0,nondetect
3257,"1,1,2,2-Tetrachloroethane",2018,5.0,nondetect
3257,"1,2,4-Trichlorobenzene",2000,10.0,nondetect
3257,"1,2,4-Trichlorobenzene",2005,9.4,nondetect
3257,"1,2,4-Trichlorobenzene",2006,10.0,nondetect
3257,"1,2,4-Trichlorobenzene",2018,9.4,nondetect
3257,"1,2-Dichlorobenzene",2000,10.0,nondetect
3257,"1,2-Dichlorobenzene",2005,9.4,nondetect
3257,"1,2-Dichlorobenzene",2006,10.0,nondetect
3257,"1,2-Dichlorobenzene",2018,9.4,nondetect
3257,"1,2-Dichloroethane",2015,5.0,nondetect
3257,"1,2-Dichloroethane",2016,5.0,nondetect
3257,"1,2-Dichloroethane",2017,5.0,nondetect
3257,"1,2-Dichloroethane",2019,5.0,nondetect
3257,"1,4-Dichlorobenzene",2000,10.0,nondetect
3257,"1,4-Dichlorobenzene",2005,9.4,nondetect
3257,"1,4-Dichlorobenzene",2006,10.0,nondetect
3257,"1,4-Dichlorobenzene",2018,9.4,nondetect
3257,Benzene,2000,10.0,nondetect
3257,Benzene,2006,10.0,nondetect
3257,Benzene,2009,10.0,nondetect
3257,Benzene,2010,5.0,nondetect
3257,Benzene,2011,5.0,nondetect
3257,Benzene,2012,5.0,nondetect
3257,Benzene,2013,5.0,nondetect
3257,Benzene,2014,5.0,nondetect
3257,Benzene,2015,5.0,nondetect
3257,Benzene,2016,5.0,nondetect
3257,Benzene,2017,5.0,nondetect
3257,Benzene,2018,5.0,nondetect
3257,Benzene,2019,5.0,nondetect
3257,Benzo(a)pyrene,2015,1.9,nondetect
3257,Benzo(a)pyrene,2016,9.4,nondetect
3257,Benzo(a)pyrene,2017,9.4,nondetect
3257,Benzo(a)pyrene,2019,9.4,nondetect
3257,Chlorobenzene,2000,10.0,nondetect
3257,Chlorobenzene,2005,10.0,nondetect
3257,Chlorobenzene,2006,10.0,nondetect
3257,Chlorobenzene,2009,10.0,nondetect
3257,Chlorobenzene,2010,5.0,nondetect
3257,Chlorobenzene,2011,5.0,nondetect
3257,Chlorobenzene,2012,5.0,nondetect
3257,Chlorobenzene,2013,5.0,nondetect
3257,Chlorobenzene,2014,5.0,nondetect
3257,Chlorobenzene,2015,5.0,nondetect
3257,Chlorobenzene,2016,5.0,nondetect
3257,Chlorobenzene,2017,5.0,nondetect
3257,Chlorobenzene,2018,5.0,nondetect
3257,Chlorobenzene,2019,5.0,nondetect
3257,Chloroform / THMs,2000,10.0,nondetect
3257,Chloroform / THMs,2015,5.0,nondetect
3257,Chloroform / THMs,2016,5.0,nondetect
3257,Chloroform / THMs,2017,5.0,nondetect
3257,Chloroform / THMs,2019,5.0,nondetect
3257,DDT / DDE / DDD,2015,0.017,detect
3257,DDT / DDE / DDD,2016,0.047,nondetect
3257,DDT / DDE / DDD,2017,0.047,nondetect
3257,DDT / DDE / DDD,2019,0.047,nondetect
3257,Dieldrin,2015,0.026,nondetect
3257,Dieldrin,2016,0.047,nondetect
3257,Dieldrin,2017,0.047,nondetect
3257,Dieldrin,2019,0.047,nondetect
3257,Dioxins / furans,2015,9.3,nondetect
3257,Dioxins / furans,2016,9.4,nondetect
3257,Dioxins / furans,2017,9.4,nondetect
3257,Dioxins / furans,2019,9.4,nondetect
3257,Ethylbenzene,2000,10.0,nondetect
3257,Ethylbenzene,2009,10.0,nondetect
3257,Ethylbenzene,2010,5.0,nondetect
3257,Ethylbenzene,2011,5.0,nondetect
3257,Ethylbenzene,2012,5.0,nondetect
3257,Ethylbenzene,2013,5.0,nondetect
3257,Ethylbenzene,2014,5.0,nondetect
3257,Ethylbenzene,2015,5.0,nondetect
3257,Ethylbenzene,2016,5.0,nondetect
3257,Ethylbenzene,2017,5.0,nondetect
3257,Ethylbenzene,2018,5.0,nondetect
3257,Ethylbenzene,2019,5.0,nondetect
3257,Lindane / BHC,2015,0.035,detect
3257,Lindane / BHC,2016,0.047,nondetect
3257,Lindane / BHC,2017,0.047,nondetect
3257,Lindane / BHC,2019,0.047,nondetect
3257,Naphthalene,2015,1.9,nondetect
3257,Naphthalene,2016,9.4,nondetect
3257,Naphthalene,2017,9.4,nondetect
3257,Naphthalene,2019,9.4,nondetect
3257,PCBs,2015,0.21,nondetect
3257,PCBs,2016,0.94,nondetect
3257,PCBs,2017,0.94,nondetect
3257,PCBs,2019,0.94,nondetect
3257,Tetrachloroethene (PCE),2000,10.0,nondetect
3257,Tetrachloroethene (PCE),2006,10.0,nondetect
3257,Tetrachloroethene (PCE),2009,10.0,nondetect
3257,Tetrachloroethene (PCE),2010,5.0,nondetect
3257,Tetrachloroethene (PCE),2011,5.0,nondetect
3257,Tetrachloroethene (PCE),2012,5.0,nondetect
3257,Tetrachloroethene (PCE),2013,5.0,nondetect
3257,Tetrachloroethene (PCE),2014,5.0,nondetect
3257,Tetrachloroethene (PCE),2015,5.0,nondetect
3257,Tetrachloroethene (PCE),2016,5.0,nondetect
3257,Tetrachloroethene (PCE),2017,5.0,nondetect
3257,Tetrachloroethene (PCE),2018,5.0,nondetect
3257,Tetrachloroethene (PCE),2019,5.0,nondetect
3257,Toluene,2000,10.0,nondetect
3257,Toluene,2005,10.0,nondetect
3257,Toluene,2006,10.0,nondetect
3257,Toluene,2009,10.0,nondetect
3257,Toluene,2010,5.0,nondetect
3257,Toluene,2011,5.0,nondetect
3257,Toluene,2012,5.0,nondetect
3257,Toluene,2013,5.0,nondetect
3257,Toluene,2014,5.0,nondetect
3257,Toluene,2015,5.0,nondetect
3257,Toluene,2016,5.0,nondetect
3257,Toluene,2017,5.0,nondetect
3257,Toluene,2018,5.0,nondetect
3257,Toluene,2019,5.0,nondetect
3257,Trichloroethene (TCE),2000,10.0,nondetect
3257,Trichloroethene (TCE),2006,10.0,nondetect
3257,Trichloroethene (TCE),2009,10.0,nondetect
3257,Trichloroethene (TCE),2010,5.0,nondetect
3257,Trichloroethene (TCE),2011,5.0,nondetect
3257,Trichloroethene (TCE),2012,5.0,nondetect
3257,Trichloroethene (TCE),2013,5.0,nondetect
3257,Trichloroethene (TCE),2014,5.0,nondetect
3257,Trichloroethene (TCE),2015,5.0,nondetect
3257,Trichloroethene (TCE),2016,5.0,nondetect
3257,Trichloroethene (TCE),2017,5.0,nondetect
3257,Trichloroethene (TCE),2018,5.0,nondetect
3257,Trichloroethene (TCE),2019,5.0,nondetect
3257,Vinyl chloride,2000,10.0,nondetect
3257,Vinyl chloride,2009,10.0,nondetect
3257,Vinyl chloride,2010,5.0,nondetect
3257,Vinyl chloride,2011,5.0,nondetect
3257,Vinyl chloride,2012,5.0,nondetect
3257,Vinyl chloride,2013,5.0,nondetect
3257,Vinyl chloride,2014,5.0,nondetect
3257,Vinyl chloride,2015,5.0,nondetect
3257,Vinyl chloride,2016,5.0,nondetect
3257,Vinyl chloride,2017,5.0,nondetect
3257,Vinyl chloride,2018,5.0,nondetect
3257,Vinyl chloride,2019,5.0,nondetect
3257,Xylene,2000,10.0,nondetect
3257,Xylene,2009,10.0,nondetect
3257,Xylene,2010,15.0,nondetect
3257,Xylene,2011,15.0,nondetect
3257,Xylene,2012,15.0,nondetect
3257,Xylene,2013,10.0,nondetect
3257,Xylene,2014,10.0,nondetect
3257,Xylene,2015,10.0,nondetect
3257,Xylene,2016,5.0,nondetect
3257,Xylene,2017,5.0,nondetect
3257,Xylene,2018,5.0,nondetect
3257,Xylene,2019,5.0,nondetect
5221,"1,1,2,2-Tetrachloroethane",2007,10.0,nondetect
5221,"1,1,2,2-Tetrachloroethane",2009,10.0,nondetect
5221,"1,1,2,2-Tetrachloroethane",2018,5.0,nondetect
5221,"1,2,4-Trichlorobenzene",2007,10.0,nondetect
5221,"1,2,4-Trichlorobenzene",2018,9.4,nondetect
5221,"1,2-Dichlorobenzene",2007,10.0,nondetect
5221,"1,2-Dichlorobenzene",2018,9.4,nondetect
5221,"1,2-Dichloroethane",2015,5.0,nondetect
5221,"1,2-Dichloroethane",2016,5.0,nondetect
5221,"1,2-Dichloroethane",2017,5.0,nondetect
5221,"1,2-Dichloroethane",2019,5.0,nondetect
5221,"1,4-Dichlorobenzene",2007,10.0,nondetect
5221,"1,4-Dichlorobenzene",2018,9.4,nondetect
5221,Benzene,2007,10.0,nondetect
5221,Benzene,2009,10.0,nondetect
5221,Benzene,2010,5.0,nondetect
5221,Benzene,2011,5.0,nondetect
5221,Benzene,2012,5.0,nondetect
5221,Benzene,2013,5.0,nondetect
5221,Benzene,2014,5.0,nondetect
5221,Benzene,2015,5.0,nondetect
5221,Benzene,2016,5.0,nondetect
5221,Benzene,2017,5.0,nondetect
5221,Benzene,2018,5.0,nondetect
5221,Benzene,2019,5.0,nondetect
5221,Benzo(a)pyrene,2015,1.9,nondetect
5221,Benzo(a)pyrene,2016,9.4,nondetect
5221,Benzo(a)pyrene,2017,9.4,nondetect
5221,Benzo(a)pyrene,2019,9.4,nondetect
5221,Chlorobenzene,2007,10.0,nondetect
5221,Chlorobenzene,2009,10.0,nondetect
5221,Chlorobenzene,2010,5.0,nondetect
5221,Chlorobenzene,2011,5.0,nondetect
5221,Chlorobenzene,2012,5.0,nondetect
5221,Chlorobenzene,2013,5.0,nondetect
5221,Chlorobenzene,2014,5.0,nondetect
5221,Chlorobenzene,2015,5.0,nondetect
5221,Chlorobenzene,2016,5.0,nondetect
5221,Chlorobenzene,2017,5.0,nondetect
5221,Chlorobenzene,2018,5.0,nondetect
5221,Chlorobenzene,2019,5.0,nondetect
5221,Chloroform / THMs,2015,5.0,nondetect
5221,Chloroform / THMs,2016,5.0,nondetect
5221,Chloroform / THMs,2017,5.0,nondetect
5221,Chloroform / THMs,2019,5.0,nondetect
5221,DDT / DDE / DDD,2015,0.022,detect
5221,DDT / DDE / DDD,2016,0.047,nondetect
5221,DDT / DDE / DDD,2017,0.047,nondetect
5221,DDT / DDE / DDD,2019,0.047,nondetect
5221,Dieldrin,2015,0.025,nondetect
5221,Dieldrin,2016,0.047,nondetect
5221,Dieldrin,2017,0.047,nondetect
5221,Dieldrin,2019,0.047,nondetect
5221,Dioxins / furans,2015,9.3,nondetect
5221,Dioxins / furans,2016,9.4,nondetect
5221,Dioxins / furans,2017,9.4,nondetect
5221,Dioxins / furans,2019,9.4,nondetect
5221,Ethylbenzene,2007,10.0,nondetect
5221,Ethylbenzene,2009,10.0,nondetect
5221,Ethylbenzene,2010,5.0,nondetect
5221,Ethylbenzene,2011,5.0,nondetect
5221,Ethylbenzene,2012,5.0,nondetect
5221,Ethylbenzene,2013,5.0,nondetect
5221,Ethylbenzene,2014,5.0,nondetect
5221,Ethylbenzene,2015,5.0,nondetect
5221,Ethylbenzene,2016,5.0,nondetect
5221,Ethylbenzene,2017,5.0,nondetect
5221,Ethylbenzene,2018,5.0,nondetect
5221,Ethylbenzene,2019,5.0,nondetect
5221,Lindane / BHC,2015,0.032,detect
5221,Lindane / BHC,2016,0.095,detect
5221,Lindane / BHC,2017,0.047,nondetect
5221,Lindane / BHC,2019,0.047,nondetect
5221,Naphthalene,2015,1.9,nondetect
5221,Naphthalene,2016,9.4,nondetect
5221,Naphthalene,2017,9.4,nondetect
5221,Naphthalene,2019,9.4,nondetect
5221,PCBs,2015,0.2,nondetect
5221,PCBs,2016,0.94,nondetect
5221,PCBs,2017,0.94,nondetect
5221,PCBs,2019,0.94,nondetect
5221,Tetrachloroethene (PCE),2007,10.0,nondetect
5221,Tetrachloroethene (PCE),2009,10.0,nondetect
5221,Tetrachloroethene (PCE),2010,5.0,nondetect
5221,Tetrachloroethene (PCE),2011,5.0,nondetect
5221,Tetrachloroethene (PCE),2012,5.0,nondetect
5221,Tetrachloroethene (PCE),2013,5.0,nondetect
5221,Tetrachloroethene (PCE),2014,5.0,nondetect
5221,Tetrachloroethene (PCE),2015,5.0,nondetect
5221,Tetrachloroethene (PCE),2016,5.0,nondetect
5221,Tetrachloroethene (PCE),2017,5.0,nondetect
5221,Tetrachloroethene (PCE),2018,5.0,nondetect
5221,Tetrachloroethene (PCE),2019,5.0,nondetect
5221,Toluene,2007,10.0,nondetect
5221,Toluene,2009,10.0,nondetect
5221,Toluene,2010,5.0,nondetect
5221,Toluene,2011,3.4,detect
5221,Toluene,2012,5.0,nondetect
5221,Toluene,2013,5.0,nondetect
5221,Toluene,2014,5.0,nondetect
5221,Toluene,2015,5.0,nondetect
5221,Toluene,2016,5.0,nondetect
5221,Toluene,2017,5.0,nondetect
5221,Toluene,2018,5.0,nondetect
5221,Toluene,2019,5.0,nondetect
5221,Trichloroethene (TCE),2007,10.0,nondetect
5221,Trichloroethene (TCE),2009,10.0,nondetect
5221,Trichloroethene (TCE),2010,5.0,nondetect
5221,Trichloroethene (TCE),2011,5.0,nondetect
5221,Trichloroethene (TCE),2012,5.0,nondetect
5221,Trichloroethene (TCE),2013,5.0,nondetect
5221,Trichloroethene (TCE),2014,5.0,nondetect
5221,Trichloroethene (TCE),2015,5.0,nondetect
5221,Trichloroethene (TCE),2016,5.0,nondetect
5221,Trichloroethene (TCE),2017,5.0,nondetect
5221,Trichloroethene (TCE),2018,5.0,nondetect
5221,Trichloroethene (TCE),2019,5.0,nondetect
5221,Vinyl chloride,2009,10.0,nondetect
5221,Vinyl chloride,2010,5.0,nondetect
5221,Vinyl chloride,2011,5.0,nondetect
5221,Vinyl chloride,2012,5.0,nondetect
5221,Vinyl chloride,2013,5.0,nondetect
5221,Vinyl chloride,2014,5.0,nondetect
5221,Vinyl chloride,2015,5.0,nondetect
5221,Vinyl chloride,2016,5.0,nondetect
5221,Vinyl chloride,2017,5.0,nondetect
5221,Vinyl chloride,2018,5.0,nondetect
5221,Vinyl chloride,2019,5.0,nondetect
5221,Xylene,2007,10.0,nondetect
5221,Xylene,2009,10.0,nondetect
5221,Xylene,2010,15.0,nondetect
5221,Xylene,2011,15.0,nondetect
5221,Xylene,2012,15.0,nondetect
5221,Xylene,2013,10.0,nondetect
5221,Xylene,2014,10.0,nondetect
5221,Xylene,2015,10.0,nondetect
5221,Xylene,2016,5.0,nondetect
5221,Xylene,2017,5.0,nondetect
5221,Xylene,2018,5.0,nondetect
5221,Xylene,2019,5.0,nondetect
5222,"1,1,2,2-Tetrachloroethane",2000,10.0,nondetect
5222,"1,1,2,2-Tetrachloroethane",2001,10.0,nondetect
5222,"1,1,2,2-Tetrachloroethane",2002,10.0,nondetect
5222,"1,1,2,2-Tetrachloroethane",2003,10.0,nondetect
5222,"1,2,4-Trichlorobenzene",2000,10.0,nondetect
5222,"1,2,4-Trichlorobenzene",2001,10.0,nondetect
5222,"1,2,4-Trichlorobenzene",2002,10.0,nondetect
5222,"1,2,4-Trichlorobenzene",2003,10.0,nondetect
5222,"1,2,4-Trichlorobenzene",2006,3.0,detect
5222,"1,2-Dichlorobenzene",2000,10.0,nondetect
5222,"1,2-Dichlorobenzene",2001,10.0,nondetect
5222,"1,2-Dichlorobenzene",2003,10.0,nondetect
5222,"1,2-Dichlorobenzene",2006,10.0,nondetect
5222,"1,4-Dichlorobenzene",2000,10.0,nondetect
5222,"1,4-Dichlorobenzene",2001,10.0,nondetect
5222,"1,4-Dichlorobenzene",2003,10.0,nondetect
5222,"1,4-Dichlorobenzene",2006,10.0,nondetect
5222,Benzene,2000,10.0,nondetect
5222,Benzene,2001,10.0,nondetect
5222,Benzene,2002,10.0,nondetect
5222,Benzene,2003,10.0,nondetect
5222,Benzene,2006,10.0,nondetect
5222,Chlorobenzene,2000,10.0,nondetect
5222,Chlorobenzene,2001,10.0,nondetect
5222,Chlorobenzene,2002,10.0,nondetect
5222,Chlorobenzene,2003,10.0,nondetect
5222,Chlorobenzene,2006,10.0,nondetect
5222,Chloroform / THMs,2000,10.0,nondetect
5222,Chloroform / THMs,2003,10.0,nondetect
5222,Ethylbenzene,2000,10.0,nondetect
5222,Ethylbenzene,2001,10.0,nondetect
5222,Ethylbenzene,2002,10.0,nondetect
5222,Ethylbenzene,2003,10.0,nondetect
5222,Tetrachloroethene (PCE),2000,10.0,nondetect
5222,Tetrachloroethene (PCE),2001,10.0,nondetect
5222,Tetrachloroethene (PCE),2002,10.0,nondetect
5222,Tetrachloroethene (PCE),2003,10.0,nondetect
5222,Tetrachloroethene (PCE),2006,10.0,nondetect
5222,Toluene,2000,10.0,nondetect
5222,Toluene,2001,10.0,nondetect
5222,Toluene,2002,10.0,nondetect
5222,Toluene,2003,10.0,nondetect
5222,Toluene,2006,10.0,nondetect
5222,Trichloroethene (TCE),2000,1.0,detect
5222,Trichloroethene (TCE),2001,2.0,detect
5222,Trichloroethene (TCE),2002,1.0,detect
5222,Trichloroethene (TCE),2003,2.0,detect
5222,Trichloroethene (TCE),2006,4.0,detect
5222,Vinyl chloride,2000,10.0,nondetect
5222,Vinyl chloride,2001,10.0,nondetect
5222,Vinyl chloride,2002,10.0,nondetect
5222,Vinyl chloride,2003,10.0,nondetect
5222,Xylene,2000,10.0,nondetect
6209,"1,1,2,2-Tetrachloroethane",2000,10.0,nondetect
6209,"1,1,2,2-Tetrachloroethane",2001,10.0,nondetect
6209,"1,1,2,2-Tetrachloroethane",2002,10.0,nondetect
6209,"1,1,2,2-Tetrachloroethane",2007,10.0,nondetect
6209,"1,1,2,2-Tetrachloroethane",2009,10.0,nondetect
6209,"1,1,2,2-Tetrachloroethane",2018,5.0,nondetect
6209,"1,2,4-Trichlorobenzene",2000,10.0,nondetect
6209,"1,2,4-Trichlorobenzene",2001,10.0,nondetect
6209,"1,2,4-Trichlorobenzene",2002,10.0,nondetect
6209,"1,2,4-Trichlorobenzene",2006,10.0,nondetect
6209,"1,2,4-Trichlorobenzene",2007,10.0,nondetect
6209,"1,2,4-Trichlorobenzene",2018,9.4,nondetect
6209,"1,2-Dichlorobenzene",2000,10.0,nondetect
6209,"1,2-Dichlorobenzene",2001,10.0,nondetect
6209,"1,2-Dichlorobenzene",2006,10.0,nondetect
6209,"1,2-Dichlorobenzene",2007,10.0,nondetect
6209,"1,2-Dichlorobenzene",2018,9.4,nondetect
6209,"1,2-Dichloroethane",2015,5.0,nondetect
6209,"1,2-Dichloroethane",2016,5.0,nondetect
6209,"1,2-Dichloroethane",2017,5.0,nondetect
6209,"1,2-Dichloroethane",2019,5.0,nondetect
6209,"1,4-Dichlorobenzene",2000,10.0,nondetect
6209,"1,4-Dichlorobenzene",2001,10.0,nondetect
6209,"1,4-Dichlorobenzene",2006,10.0,nondetect
6209,"1,4-Dichlorobenzene",2007,10.0,nondetect
6209,"1,4-Dichlorobenzene",2018,9.4,nondetect
6209,Benzene,2000,10.0,nondetect
6209,Benzene,2001,10.0,nondetect
6209,Benzene,2002,10.0,nondetect
6209,Benzene,2006,10.0,nondetect
6209,Benzene,2007,10.0,nondetect
6209,Benzene,2009,10.0,nondetect
6209,Benzene,2010,5.0,nondetect
6209,Benzene,2011,5.0,nondetect
6209,Benzene,2012,5.0,nondetect
6209,Benzene,2013,5.0,nondetect
6209,Benzene,2014,5.0,nondetect
6209,Benzene,2015,5.0,nondetect
6209,Benzene,2016,5.0,nondetect
6209,Benzene,2017,5.0,nondetect
6209,Benzene,2018,5.0,nondetect
6209,Benzene,2019,5.0,nondetect
6209,Benzo(a)pyrene,2015,1.9,nondetect
6209,Benzo(a)pyrene,2016,9.4,nondetect
6209,Benzo(a)pyrene,2017,9.4,nondetect
6209,Benzo(a)pyrene,2019,9.4,nondetect
6209,Chlorobenzene,2000,10.0,nondetect
6209,Chlorobenzene,2001,10.0,nondetect
6209,Chlorobenzene,2002,10.0,nondetect
6209,Chlorobenzene,2006,10.0,nondetect
6209,Chlorobenzene,2007,10.0,nondetect
6209,Chlorobenzene,2009,10.0,nondetect
6209,Chlorobenzene,2010,5.0,nondetect
6209,Chlorobenzene,2011,5.0,nondetect
6209,Chlorobenzene,2012,5.0,nondetect
6209,Chlorobenzene,2013,5.0,nondetect
6209,Chlorobenzene,2014,5.0,nondetect
6209,Chlorobenzene,2015,5.0,nondetect
6209,Chlorobenzene,2016,5.0,nondetect
6209,Chlorobenzene,2017,5.0,nondetect
6209,Chlorobenzene,2018,5.0,nondetect
6209,Chlorobenzene,2019,5.0,nondetect
6209,Chloroform / THMs,2000,10.0,nondetect
6209,Chloroform / THMs,2015,5.0,nondetect
6209,Chloroform / THMs,2016,5.0,nondetect
6209,Chloroform / THMs,2017,5.0,nondetect
6209,Chloroform / THMs,2019,5.0,nondetect
6209,DDT / DDE / DDD,2015,0.052,nondetect
6209,DDT / DDE / DDD,2016,0.047,nondetect
6209,DDT / DDE / DDD,2017,0.047,nondetect
6209,DDT / DDE / DDD,2019,0.047,nondetect
6209,Dieldrin,2015,0.052,nondetect
6209,Dieldrin,2016,0.047,nondetect
6209,Dieldrin,2017,0.047,nondetect
6209,Dieldrin,2019,0.047,nondetect
6209,Dioxins / furans,2015,9.3,nondetect
6209,Dioxins / furans,2016,9.4,nondetect
6209,Dioxins / furans,2017,9.4,nondetect
6209,Dioxins / furans,2019,9.4,nondetect
6209,Ethylbenzene,2000,10.0,nondetect
6209,Ethylbenzene,2001,10.0,nondetect
6209,Ethylbenzene,2002,10.0,nondetect
6209,Ethylbenzene,2007,10.0,nondetect
6209,Ethylbenzene,2009,10.0,nondetect
6209,Ethylbenzene,2010,5.0,nondetect
6209,Ethylbenzene,2011,5.0,nondetect
6209,Ethylbenzene,2012,5.0,nondetect
6209,Ethylbenzene,2013,5.0,nondetect
6209,Ethylbenzene,2014,5.0,nondetect
6209,Ethylbenzene,2015,5.0,nondetect
6209,Ethylbenzene,2016,5.0,nondetect
6209,Ethylbenzene,2017,5.0,nondetect
6209,Ethylbenzene,2018,5.0,nondetect
6209,Ethylbenzene,2019,5.0,nondetect
6209,Lindane / BHC,2015,0.052,nondetect
6209,Lindane / BHC,2016,0.33,detect
6209,Lindane / BHC,2017,0.047,nondetect
6209,Lindane / BHC,2019,0.046,detect
6209,Naphthalene,2015,1.9,nondetect
6209,Naphthalene,2016,9.4,nondetect
6209,Naphthalene,2017,9.4,nondetect
6209,Naphthalene,2019,9.4,nondetect
6209,PCBs,2015,0.42,nondetect
6209,PCBs,2016,0.94,nondetect
6209,PCBs,2017,0.94,nondetect
6209,PCBs,2019,0.94,nondetect
6209,Tetrachloroethene (PCE),2000,10.0,nondetect
6209,Tetrachloroethene (PCE),2001,10.0,nondetect
6209,Tetrachloroethene (PCE),2002,10.0,nondetect
6209,Tetrachloroethene (PCE),2006,10.0,nondetect
6209,Tetrachloroethene (PCE),2007,10.0,nondetect
6209,Tetrachloroethene (PCE),2009,10.0,nondetect
6209,Tetrachloroethene (PCE),2010,5.0,nondetect
6209,Tetrachloroethene (PCE),2011,5.0,nondetect
6209,Tetrachloroethene (PCE),2012,5.0,nondetect
6209,Tetrachloroethene (PCE),2013,5.0,nondetect
6209,Tetrachloroethene (PCE),2014,5.0,nondetect
6209,Tetrachloroethene (PCE),2015,5.0,nondetect
6209,Tetrachloroethene (PCE),2016,5.0,nondetect
6209,Tetrachloroethene (PCE),2017,5.0,nondetect
6209,Tetrachloroethene (PCE),2018,5.0,nondetect
6209,Tetrachloroethene (PCE),2019,5.0,nondetect
6209,Toluene,2000,10.0,nondetect
6209,Toluene,2001,10.0,nondetect
6209,Toluene,2002,10.0,nondetect
6209,Toluene,2006,10.0,nondetect
6209,Toluene,2007,10.0,nondetect
6209,Toluene,2009,10.0,nondetect
6209,Toluene,2010,5.0,nondetect
6209,Toluene,2011,5.0,nondetect
6209,Toluene,2012,5.0,nondetect
6209,Toluene,2013,5.0,nondetect
6209,Toluene,2014,5.0,nondetect
6209,Toluene,2015,0.95,detect
6209,Toluene,2016,5.0,nondetect
6209,Toluene,2017,5.0,nondetect
6209,Toluene,2018,5.0,nondetect
6209,Toluene,2019,5.0,nondetect
6209,Trichloroethene (TCE),2000,10.0,nondetect
6209,Trichloroethene (TCE),2001,10.0,nondetect
6209,Trichloroethene (TCE),2002,10.0,nondetect
6209,Trichloroethene (TCE),2006,10.0,nondetect
6209,Trichloroethene (TCE),2007,10.0,nondetect
6209,Trichloroethene (TCE),2009,10.0,nondetect
6209,Trichloroethene (TCE),2010,5.0,nondetect
6209,Trichloroethene (TCE),2011,5.0,nondetect
6209,Trichloroethene (TCE),2012,5.0,nondetect
6209,Trichloroethene (TCE),2013,5.0,nondetect
6209,Trichloroethene (TCE),2014,5.0,nondetect
6209,Trichloroethene (TCE),2015,5.0,nondetect
6209,Trichloroethene (TCE),2016,5.0,nondetect
6209,Trichloroethene (TCE),2017,5.0,nondetect
6209,Trichloroethene (TCE),2018,5.0,nondetect
6209,Trichloroethene (TCE),2019,5.0,nondetect
6209,Vinyl chloride,2000,10.0,nondetect
6209,Vinyl chloride,2001,10.0,nondetect
6209,Vinyl chloride,2002,10.0,nondetect
6209,Vinyl chloride,2009,10.0,nondetect
6209,Vinyl chloride,2010,5.0,nondetect
6209,Vinyl chloride,2011,5.0,nondetect
6209,Vinyl chloride,2012,5.0,nondetect
6209,Vinyl chloride,2013,5.0,nondetect
6209,Vinyl chloride,2014,5.0,nondetect
6209,Vinyl chloride,2015,5.0,nondetect
6209,Vinyl chloride,2016,5.0,nondetect
6209,Vinyl chloride,2017,5.0,nondetect
6209,Vinyl chloride,2018,5.0,nondetect
6209,Vinyl chloride,2019,5.0,nondetect
6209,Xylene,2000,10.0,nondetect
6209,Xylene,2007,10.0,nondetect
6209,Xylene,2009,10.0,nondetect
6209,Xylene,2010,15.0,nondetect
6209,Xylene,2011,15.0,nondetect
6209,Xylene,2012,15.0,nondetect
6209,Xylene,2013,10.0,nondetect
6209,Xylene,2014,10.0,nondetect
6209,Xylene,2015,10.0,nondetect
6209,Xylene,2016,5.0,nondetect
6209,Xylene,2017,5.0,nondetect
6209,Xylene,2018,5.0,nondetect
6209,Xylene,2019,5.0,nondetect
7115,"1,1,2,2-Tetrachloroethane",2002,10.0,nondetect
7115,"1,1,2,2-Tetrachloroethane",2018,5.0,nondetect
7115,"1,2,4-Trichlorobenzene",2002,10.0,nondetect
7115,"1,2,4-Trichlorobenzene",2006,10.0,nondetect
7115,"1,2,4-Trichlorobenzene",2018,9.4,nondetect
7115,"1,2-Dichlorobenzene",2006,10.0,nondetect
7115,"1,2-Dichlorobenzene",2018,9.4,nondetect
7115,"1,2-Dichloroethane",2016,5.0,nondetect
7115,"1,4-Dichlorobenzene",2006,10.0,nondetect
7115,"1,4-Dichlorobenzene",2018,9.4,nondetect
7115,Benzene,2002,10.0,nondetect
7115,Benzene,2006,10.0,nondetect
7115,Benzene,2010,5.0,nondetect
7115,Benzene,2012,5.0,nondetect
7115,Benzene,2014,5.0,nondetect
7115,Benzene,2016,5.0,nondetect
7115,Benzene,2018,5.0,nondetect
7115,Benzo(a)pyrene,2016,9.4,nondetect
7115,Chlorobenzene,2002,10.0,nondetect
7115,Chlorobenzene,2006,10.0,nondetect
7115,Chlorobenzene,2010,5.0,nondetect
7115,Chlorobenzene,2012,5.0,nondetect
7115,Chlorobenzene,2014,5.0,nondetect
7115,Chlorobenzene,2016,5.0,nondetect
7115,Chlorobenzene,2018,5.0,nondetect
7115,Chloroform / THMs,2016,5.0,nondetect
7115,DDT / DDE / DDD,2016,0.047,nondetect
7115,Dieldrin,2016,0.047,nondetect
7115,Dioxins / furans,2016,9.4,nondetect
7115,Ethylbenzene,2002,10.0,nondetect
7115,Ethylbenzene,2010,5.0,nondetect
7115,Ethylbenzene,2012,5.0,nondetect
7115,Ethylbenzene,2014,5.0,nondetect
7115,Ethylbenzene,2016,5.0,nondetect
7115,Ethylbenzene,2018,5.0,nondetect
7115,Lindane / BHC,2016,0.047,nondetect
7115,Naphthalene,2016,9.4,nondetect
7115,PCBs,2016,0.94,nondetect
7115,Tetrachloroethene (PCE),2002,10.0,nondetect
7115,Tetrachloroethene (PCE),2006,10.0,nondetect
7115,Tetrachloroethene (PCE),2010,5.0,nondetect
7115,Tetrachloroethene (PCE),2012,5.0,nondetect
7115,Tetrachloroethene (PCE),2014,5.0,nondetect
7115,Tetrachloroethene (PCE),2016,5.0,nondetect
7115,Tetrachloroethene (PCE),2018,5.0,nondetect
7115,Toluene,2002,10.0,nondetect
7115,Toluene,2006,10.0,nondetect
7115,Toluene,2010,5.0,nondetect
7115,Toluene,2012,5.0,nondetect
7115,Toluene,2014,5.0,nondetect
7115,Toluene,2016,5.0,nondetect
7115,Toluene,2018,0.21,detect
7115,Trichloroethene (TCE),2002,10.0,nondetect
7115,Trichloroethene (TCE),2006,10.0,nondetect
7115,Trichloroethene (TCE),2010,5.0,nondetect
7115,Trichloroethene (TCE),2012,5.0,nondetect
7115,Trichloroethene (TCE),2014,5.0,nondetect
7115,Trichloroethene (TCE),2016,5.0,nondetect
7115,Trichloroethene (TCE),2018,5.0,nondetect
7115,Vinyl chloride,2002,10.0,nondetect
7115,Vinyl chloride,2010,5.0,nondetect
7115,Vinyl chloride,2012,5.0,nondetect
7115,Vinyl chloride,2014,5.0,nondetect
7115,Vinyl chloride,2016,5.0,nondetect
7115,Vinyl chloride,2018,5.0,nondetect
7115,Xylene,2010,15.0,nondetect
7115,Xylene,2012,15.0,nondetect
7115,Xylene,2014,10.0,nondetect
7115,Xylene,2016,5.0,nondetect
7115,Xylene,2018,5.0,nondetect
7120,"1,1,2,2-Tetrachloroethane",2001,10.0,nondetect
7120,"1,1,2,2-Tetrachloroethane",2003,10.0,nondetect
7120,"1,1,2,2-Tetrachloroethane",2007,10.0,nondetect
7120,"1,1,2,2-Tetrachloroethane",2009,10.0,nondetect
7120,"1,2,4-Trichlorobenzene",2001,10.0,nondetect
7120,"1,2,4-Trichlorobenzene",2003,10.0,nondetect
7120,"1,2,4-Trichlorobenzene",2005,9.4,nondetect
7120,"1,2,4-Trichlorobenzene",2007,10.0,nondetect
7120,"1,2-Dichlorobenzene",2001,10.0,nondetect
7120,"1,2-Dichlorobenzene",2003,10.0,nondetect
7120,"1,2-Dichlorobenzene",2005,9.4,nondetect
7120,"1,2-Dichlorobenzene",2007,10.0,nondetect
7120,"1,2-Dichloroethane",2015,5.0,nondetect
7120,"1,2-Dichloroethane",2017,5.0,nondetect
7120,"1,2-Dichloroethane",2019,5.0,nondetect
7120,"1,4-Dichlorobenzene",2001,10.0,nondetect
7120,"1,4-Dichlorobenzene",2003,10.0,nondetect
7120,"1,4-Dichlorobenzene",2005,9.4,nondetect
7120,"1,4-Dichlorobenzene",2007,10.0,nondetect
7120,Benzene,2001,10.0,nondetect
7120,Benzene,2003,10.0,nondetect
7120,Benzene,2007,10.0,nondetect
7120,Benzene,2009,10.0,nondetect
7120,Benzene,2011,5.0,nondetect
7120,Benzene,2013,5.0,nondetect
7120,Benzene,2015,5.0,nondetect
7120,Benzene,2017,5.0,nondetect
7120,Benzene,2019,5.0,nondetect
7120,Benzo(a)pyrene,2015,1.9,nondetect
7120,Benzo(a)pyrene,2017,9.4,nondetect
7120,Benzo(a)pyrene,2019,9.4,nondetect
7120,Chlorobenzene,2001,10.0,nondetect
7120,Chlorobenzene,2003,10.0,nondetect
7120,Chlorobenzene,2005,10.0,nondetect
7120,Chlorobenzene,2007,10.0,nondetect
7120,Chlorobenzene,2009,10.0,nondetect
7120,Chlorobenzene,2011,5.0,nondetect
7120,Chlorobenzene,2013,5.0,nondetect
7120,Chlorobenzene,2015,5.0,nondetect
7120,Chlorobenzene,2017,5.0,nondetect
7120,Chlorobenzene,2019,5.0,nondetect
7120,Chloroform / THMs,2003,10.0,nondetect
7120,Chloroform / THMs,2015,5.0,nondetect
7120,Chloroform / THMs,2017,5.0,nondetect
7120,Chloroform / THMs,2019,5.0,nondetect
7120,DDT / DDE / DDD,2015,0.05,nondetect
7120,DDT / DDE / DDD,2017,0.047,nondetect
7120,DDT / DDE / DDD,2019,0.047,nondetect
7120,Dieldrin,2015,0.05,nondetect
7120,Dieldrin,2017,0.047,nondetect
7120,Dieldrin,2019,0.047,nondetect
7120,Dioxins / furans,2015,9.6,nondetect
7120,Dioxins / furans,2017,9.4,nondetect
7120,Dioxins / furans,2019,9.4,nondetect
7120,Ethylbenzene,2001,10.0,nondetect
7120,Ethylbenzene,2003,10.0,nondetect
7120,Ethylbenzene,2007,10.0,nondetect
7120,Ethylbenzene,2009,10.0,nondetect
7120,Ethylbenzene,2011,5.0,nondetect
7120,Ethylbenzene,2013,5.0,nondetect
7120,Ethylbenzene,2015,5.0,nondetect
7120,Ethylbenzene,2017,5.0,nondetect
7120,Ethylbenzene,2019,5.0,nondetect
7120,Lindane / BHC,2015,0.05,nondetect
7120,Lindane / BHC,2017,0.047,nondetect
7120,Lindane / BHC,2019,0.047,nondetect
7120,Naphthalene,2015,1.9,nondetect
7120,Naphthalene,2017,9.4,nondetect
7120,Naphthalene,2019,9.4,nondetect
7120,PCBs,2015,0.4,nondetect
7120,PCBs,2017,0.94,nondetect
7120,PCBs,2019,0.94,nondetect
7120,Tetrachloroethene (PCE),2001,10.0,nondetect
7120,Tetrachloroethene (PCE),2003,10.0,nondetect
7120,Tetrachloroethene (PCE),2007,10.0,nondetect
7120,Tetrachloroethene (PCE),2009,10.0,nondetect
7120,Tetrachloroethene (PCE),2011,5.0,nondetect
7120,Tetrachloroethene (PCE),2013,5.0,nondetect
7120,Tetrachloroethene (PCE),2015,5.0,nondetect
7120,Tetrachloroethene (PCE),2017,5.0,nondetect
7120,Tetrachloroethene (PCE),2019,5.0,nondetect
7120,Toluene,2001,10.0,nondetect
7120,Toluene,2003,10.0,nondetect
7120,Toluene,2005,10.0,nondetect
7120,Toluene,2007,10.0,nondetect
7120,Toluene,2009,2.2,detect
7120,Toluene,2011,5.0,nondetect
7120,Toluene,2013,5.0,nondetect
7120,Toluene,2015,5.0,nondetect
7120,Toluene,2017,5.0,nondetect
7120,Toluene,2019,5.0,nondetect
7120,Trichloroethene (TCE),2001,10.0,nondetect
7120,Trichloroethene (TCE),2003,10.0,nondetect
7120,Trichloroethene (TCE),2007,10.0,nondetect
7120,Trichloroethene (TCE),2009,10.0,nondetect
7120,Trichloroethene (TCE),2011,5.0,nondetect
7120,Trichloroethene (TCE),2013,5.0,nondetect
7120,Trichloroethene (TCE),2015,5.0,nondetect
7120,Trichloroethene (TCE),2017,5.0,nondetect
7120,Trichloroethene (TCE),2019,5.0,nondetect
7120,Vinyl chloride,2001,10.0,nondetect
7120,Vinyl chloride,2003,10.0,nondetect
7120,Vinyl chloride,2009,10.0,nondetect
7120,Vinyl chloride,2011,5.0,nondetect
7120,Vinyl chloride,2013,5.0,nondetect
7120,Vinyl chloride,2015,5.0,nondetect
7120,Vinyl chloride,2017,5.0,nondetect
7120,Vinyl chloride,2019,5.0,nondetect
7120,Xylene,2007,10.0,nondetect
7120,Xylene,2009,10.0,nondetect
7120,Xylene,2011,15.0,nondetect
7120,Xylene,2013,10.0,nondetect
7120,Xylene,2015,10.0,nondetect
7120,Xylene,2017,5.0,nondetect
7120,Xylene,2019,5.0,nondetect
7125,"1,1,2,2-Tetrachloroethane",2000,10.0,nondetect
7125,"1,1,2,2-Tetrachloroethane",2002,10.0,nondetect
7125,"1,1,2,2-Tetrachloroethane",2018,5.0,nondetect
7125,"1,2,4-Trichlorobenzene",2000,10.0,nondetect
7125,"1,2,4-Trichlorobenzene",2002,10.0,nondetect
7125,"1,2,4-Trichlorobenzene",2006,10.0,nondetect
7125,"1,2,4-Trichlorobenzene",2018,9.4,nondetect
7125,"1,2-Dichlorobenzene",2000,10.0,nondetect
7125,"1,2-Dichlorobenzene",2006,10.0,nondetect
7125,"1,2-Dichlorobenzene",2018,9.4,nondetect
7125,"1,2-Dichloroethane",2016,5.0,nondetect
7125,"1,4-Dichlorobenzene",2000,10.0,nondetect
7125,"1,4-Dichlorobenzene",2006,10.0,nondetect
7125,"1,4-Dichlorobenzene",2018,9.4,nondetect
7125,Benzene,2000,10.0,nondetect
7125,Benzene,2002,10.0,nondetect
7125,Benzene,2006,10.0,nondetect
7125,Benzene,2010,5.0,nondetect
7125,Benzene,2012,5.0,nondetect
7125,Benzene,2014,5.0,nondetect
7125,Benzene,2016,5.0,nondetect
7125,Benzene,2018,5.0,nondetect
7125,Benzo(a)pyrene,2016,9.4,nondetect
7125,Chlorobenzene,2000,10.0,nondetect
7125,Chlorobenzene,2002,10.0,nondetect
7125,Chlorobenzene,2006,10.0,nondetect
7125,Chlorobenzene,2010,5.0,nondetect
7125,Chlorobenzene,2012,5.0,nondetect
7125,Chlorobenzene,2014,5.0,nondetect
7125,Chlorobenzene,2016,5.0,nondetect
7125,Chlorobenzene,2018,5.0,nondetect
7125,Chloroform / THMs,2000,10.0,nondetect
7125,Chloroform / THMs,2016,5.0,nondetect
7125,DDT / DDE / DDD,2016,0.047,nondetect
7125,Dieldrin,2016,0.047,nondetect
7125,Dioxins / furans,2016,9.4,nondetect
7125,Ethylbenzene,2000,10.0,nondetect
7125,Ethylbenzene,2002,10.0,nondetect
7125,Ethylbenzene,2010,5.0,nondetect
7125,Ethylbenzene,2012,5.0,nondetect
7125,Ethylbenzene,2014,5.0,nondetect
7125,Ethylbenzene,2016,5.0,nondetect
7125,Ethylbenzene,2018,5.0,nondetect
7125,Lindane / BHC,2016,0.047,nondetect
7125,Naphthalene,2016,9.4,nondetect
7125,PCBs,2016,0.94,nondetect
7125,Tetrachloroethene (PCE),2000,10.0,nondetect
7125,Tetrachloroethene (PCE),2002,10.0,nondetect
7125,Tetrachloroethene (PCE),2006,10.0,nondetect
7125,Tetrachloroethene (PCE),2010,5.0,nondetect
7125,Tetrachloroethene (PCE),2012,5.0,nondetect
7125,Tetrachloroethene (PCE),2014,5.0,nondetect
7125,Tetrachloroethene (PCE),2016,5.0,nondetect
7125,Tetrachloroethene (PCE),2018,5.0,nondetect
7125,Toluene,2000,10.0,nondetect
7125,Toluene,2002,10.0,nondetect
7125,Toluene,2006,10.0,nondetect
7125,Toluene,2010,5.0,nondetect
7125,Toluene,2012,5.0,nondetect
7125,Toluene,2014,5.0,nondetect
7125,Toluene,2016,5.0,nondetect
7125,Toluene,2018,5.0,nondetect
7125,Trichloroethene (TCE),2000,10.0,nondetect
7125,Trichloroethene (TCE),2002,10.0,nondetect
7125,Trichloroethene (TCE),2006,10.0,nondetect
7125,Trichloroethene (TCE),2010,5.0,nondetect
7125,Trichloroethene (TCE),2012,5.0,nondetect
7125,Trichloroethene (TCE),2014,5.0,nondetect
7125,Trichloroethene (TCE),2016,5.0,nondetect
7125,Trichloroethene (TCE),2018,3.7,detect
7125,Vinyl chloride,2000,10.0,nondetect
7125,Vinyl chloride,2002,10.0,nondetect
7125,Vinyl chloride,2010,5.0,nondetect
7125,Vinyl chloride,2012,5.0,nondetect
7125,Vinyl chloride,2014,5.0,nondetect
7125,Vinyl chloride,2016,5.0,nondetect
7125,Vinyl chloride,2018,5.0,nondetect
7125,Xylene,2000,10.0,nondetect
7125,Xylene,2010,15.0,nondetect
7125,Xylene,2012,15.0,nondetect
7125,Xylene,2014,10.0,nondetect
7125,Xylene,2016,5.0,nondetect
7125,Xylene,2018,5.0,nondetect
7130,"1,1,2,2-Tetrachloroethane",2002,10.0,nondetect
7130,"1,1,2,2-Tetrachloroethane",2007,10.0,nondetect
7130,"1,1,2,2-Tetrachloroethane",2009,10.0,nondetect
7130,"1,1,2,2-Tetrachloroethane",2018,5.0,nondetect
7130,"1,2,4-Trichlorobenzene",2002,10.0,nondetect
7130,"1,2,4-Trichlorobenzene",2005,9.4,nondetect
7130,"1,2,4-Trichlorobenzene",2006,10.0,nondetect
7130,"1,2,4-Trichlorobenzene",2007,10.0,nondetect
7130,"1,2,4-Trichlorobenzene",2018,9.4,nondetect
7130,"1,2-Dichlorobenzene",2005,9.4,nondetect
7130,"1,2-Dichlorobenzene",2006,10.0,nondetect
7130,"1,2-Dichlorobenzene",2007,10.0,nondetect
7130,"1,2-Dichlorobenzene",2018,9.4,nondetect
7130,"1,2-Dichloroethane",2015,5.0,nondetect
7130,"1,2-Dichloroethane",2016,5.0,nondetect
7130,"1,2-Dichloroethane",2017,5.0,nondetect
7130,"1,2-Dichloroethane",2019,5.0,nondetect
7130,"1,4-Dichlorobenzene",2005,9.4,nondetect
7130,"1,4-Dichlorobenzene",2006,10.0,nondetect
7130,"1,4-Dichlorobenzene",2007,10.0,nondetect
7130,"1,4-Dichlorobenzene",2018,9.4,nondetect
7130,Benzene,2002,10.0,nondetect
7130,Benzene,2006,10.0,nondetect
7130,Benzene,2007,10.0,nondetect
7130,Benzene,2009,10.0,nondetect
7130,Benzene,2010,5.0,nondetect
7130,Benzene,2011,5.0,nondetect
7130,Benzene,2012,5.0,nondetect
7130,Benzene,2013,5.0,nondetect
7130,Benzene,2014,5.0,nondetect
7130,Benzene,2015,5.0,nondetect
7130,Benzene,2016,5.0,nondetect
7130,Benzene,2017,5.0,nondetect
7130,Benzene,2018,5.0,nondetect
7130,Benzene,2019,5.0,nondetect
7130,Benzo(a)pyrene,2015,1.9,nondetect
7130,Benzo(a)pyrene,2016,9.4,nondetect
7130,Benzo(a)pyrene,2017,9.4,nondetect
7130,Benzo(a)pyrene,2019,10.0,nondetect
7130,Chlorobenzene,2002,10.0,nondetect
7130,Chlorobenzene,2005,10.0,nondetect
7130,Chlorobenzene,2006,10.0,nondetect
7130,Chlorobenzene,2007,10.0,nondetect
7130,Chlorobenzene,2009,10.0,nondetect
7130,Chlorobenzene,2010,5.0,nondetect
7130,Chlorobenzene,2011,5.0,nondetect
7130,Chlorobenzene,2012,5.0,nondetect
7130,Chlorobenzene,2013,5.0,nondetect
7130,Chlorobenzene,2014,5.0,nondetect
7130,Chlorobenzene,2015,5.0,nondetect
7130,Chlorobenzene,2016,5.0,nondetect
7130,Chlorobenzene,2017,5.0,nondetect
7130,Chlorobenzene,2018,5.0,nondetect
7130,Chlorobenzene,2019,5.0,nondetect
7130,Chloroform / THMs,2015,5.0,nondetect
7130,Chloroform / THMs,2016,5.0,nondetect
7130,Chloroform / THMs,2017,5.0,nondetect
7130,Chloroform / THMs,2019,5.0,nondetect
7130,DDT / DDE / DDD,2015,0.05,nondetect
7130,DDT / DDE / DDD,2016,0.047,nondetect
7130,DDT / DDE / DDD,2017,0.047,nondetect
7130,DDT / DDE / DDD,2019,0.047,nondetect
7130,Dieldrin,2015,0.05,nondetect
7130,Dieldrin,2016,0.047,nondetect
7130,Dieldrin,2017,0.047,nondetect
7130,Dieldrin,2019,0.047,nondetect
7130,Dioxins / furans,2015,9.3,nondetect
7130,Dioxins / furans,2016,9.4,nondetect
7130,Dioxins / furans,2017,9.4,nondetect
7130,Dioxins / furans,2019,10.0,nondetect
7130,Ethylbenzene,2002,10.0,nondetect
7130,Ethylbenzene,2007,10.0,nondetect
7130,Ethylbenzene,2009,10.0,nondetect
7130,Ethylbenzene,2010,5.0,nondetect
7130,Ethylbenzene,2011,5.0,nondetect
7130,Ethylbenzene,2012,5.0,nondetect
7130,Ethylbenzene,2013,5.0,nondetect
7130,Ethylbenzene,2014,5.0,nondetect
7130,Ethylbenzene,2015,5.0,nondetect
7130,Ethylbenzene,2016,5.0,nondetect
7130,Ethylbenzene,2017,5.0,nondetect
7130,Ethylbenzene,2018,5.0,nondetect
7130,Ethylbenzene,2019,5.0,nondetect
7130,Lindane / BHC,2015,0.05,nondetect
7130,Lindane / BHC,2016,0.047,nondetect
7130,Lindane / BHC,2017,0.047,nondetect
7130,Lindane / BHC,2019,0.047,nondetect
7130,Naphthalene,2015,1.9,nondetect
7130,Naphthalene,2016,9.4,nondetect
7130,Naphthalene,2017,9.4,nondetect
7130,Naphthalene,2019,10.0,nondetect
7130,PCBs,2015,0.4,nondetect
7130,PCBs,2016,0.94,nondetect
7130,PCBs,2017,0.94,nondetect
7130,PCBs,2019,0.94,nondetect
7130,Tetrachloroethene (PCE),2002,10.0,nondetect
7130,Tetrachloroethene (PCE),2006,10.0,nondetect
7130,Tetrachloroethene (PCE),2007,10.0,nondetect
7130,Tetrachloroethene (PCE),2009,10.0,nondetect
7130,Tetrachloroethene (PCE),2010,5.0,nondetect
7130,Tetrachloroethene (PCE),2011,5.0,nondetect
7130,Tetrachloroethene (PCE),2012,5.0,nondetect
7130,Tetrachloroethene (PCE),2013,5.0,nondetect
7130,Tetrachloroethene (PCE),2014,5.0,nondetect
7130,Tetrachloroethene (PCE),2015,5.0,nondetect
7130,Tetrachloroethene (PCE),2016,5.0,nondetect
7130,Tetrachloroethene (PCE),2017,5.0,nondetect
7130,Tetrachloroethene (PCE),2018,5.0,nondetect
7130,Tetrachloroethene (PCE),2019,5.0,nondetect
7130,Toluene,2002,10.0,nondetect
7130,Toluene,2005,10.0,nondetect
7130,Toluene,2006,10.0,nondetect
7130,Toluene,2007,10.0,nondetect
7130,Toluene,2009,3.1,detect
7130,Toluene,2010,5.0,nondetect
7130,Toluene,2011,1.2,detect
7130,Toluene,2012,5.0,nondetect
7130,Toluene,2013,5.0,nondetect
7130,Toluene,2014,5.0,nondetect
7130,Toluene,2015,5.0,nondetect
7130,Toluene,2016,5.0,nondetect
7130,Toluene,2017,5.0,nondetect
7130,Toluene,2018,5.0,nondetect
7130,Toluene,2019,5.0,nondetect
7130,Trichloroethene (TCE),2002,10.0,nondetect
7130,Trichloroethene (TCE),2006,10.0,nondetect
7130,Trichloroethene (TCE),2007,10.0,nondetect
7130,Trichloroethene (TCE),2009,10.0,nondetect
7130,Trichloroethene (TCE),2010,5.0,nondetect
7130,Trichloroethene (TCE),2011,5.0,nondetect
7130,Trichloroethene (TCE),2012,5.0,nondetect
7130,Trichloroethene (TCE),2013,5.0,nondetect
7130,Trichloroethene (TCE),2014,5.0,nondetect
7130,Trichloroethene (TCE),2015,5.0,nondetect
7130,Trichloroethene (TCE),2016,5.0,nondetect
7130,Trichloroethene (TCE),2017,5.0,nondetect
7130,Trichloroethene (TCE),2018,5.0,nondetect
7130,Trichloroethene (TCE),2019,5.0,nondetect
7130,Vinyl chloride,2002,10.0,nondetect
7130,Vinyl chloride,2009,10.0,nondetect
7130,Vinyl chloride,2010,5.0,nondetect
7130,Vinyl chloride,2011,5.0,nondetect
7130,Vinyl chloride,2012,5.0,nondetect
7130,Vinyl chloride,2013,5.0,nondetect
7130,Vinyl chloride,2014,5.0,nondetect
7130,Vinyl chloride,2015,5.0,nondetect
7130,Vinyl chloride,2016,5.0,nondetect
7130,Vinyl chloride,2017,5.0,nondetect
7130,Vinyl chloride,2018,5.0,nondetect
7130,Vinyl chloride,2019,5.0,nondetect
7130,Xylene,2007,10.0,nondetect
7130,Xylene,2009,10.0,nondetect
7130,Xylene,2010,15.0,nondetect
7130,Xylene,2011,15.0,nondetect
7130,Xylene,2012,15.0,nondetect
7130,Xylene,2013,10.0,nondetect
7130,Xylene,2014,10.0,nondetect
7130,Xylene,2015,10.0,nondetect
7130,Xylene,2016,5.0,nondetect
7130,Xylene,2017,5.0,nondetect
7130,Xylene,2018,5.0,nondetect
7130,Xylene,2019,5.0,nondetect
7132,"1,1,2,2-Tetrachloroethane",2001,10.0,nondetect
7132,"1,1,2,2-Tetrachloroethane",2002,10.0,nondetect
7132,"1,1,2,2-Tetrachloroethane",2003,10.0,nondetect
7132,"1,1,2,2-Tetrachloroethane",2007,10.0,nondetect
7132,"1,1,2,2-Tetrachloroethane",2009,10.0,nondetect
7132,"1,1,2,2-Tetrachloroethane",2018,5.0,nondetect
7132,"1,2,4-Trichlorobenzene",2001,10.0,nondetect
7132,"1,2,4-Trichlorobenzene",2002,10.0,nondetect
7132,"1,2,4-Trichlorobenzene",2003,10.0,nondetect
7132,"1,2,4-Trichlorobenzene",2005,9.5,nondetect
7132,"1,2,4-Trichlorobenzene",2006,10.0,nondetect
7132,"1,2,4-Trichlorobenzene",2007,10.0,nondetect
7132,"1,2,4-Trichlorobenzene",2018,9.4,nondetect
7132,"1,2-Dichlorobenzene",2001,10.0,nondetect
7132,"1,2-Dichlorobenzene",2003,10.0,nondetect
7132,"1,2-Dichlorobenzene",2005,9.5,nondetect
7132,"1,2-Dichlorobenzene",2006,10.0,nondetect
7132,"1,2-Dichlorobenzene",2007,10.0,nondetect
7132,"1,2-Dichlorobenzene",2018,9.4,nondetect
7132,"1,2-Dichloroethane",2015,5.0,nondetect
7132,"1,2-Dichloroethane",2016,5.0,nondetect
7132,"1,2-Dichloroethane",2017,5.0,nondetect
7132,"1,2-Dichloroethane",2019,5.0,nondetect
7132,"1,4-Dichlorobenzene",2001,10.0,nondetect
7132,"1,4-Dichlorobenzene",2003,10.0,nondetect
7132,"1,4-Dichlorobenzene",2005,9.5,nondetect
7132,"1,4-Dichlorobenzene",2006,10.0,nondetect
7132,"1,4-Dichlorobenzene",2007,10.0,nondetect
7132,"1,4-Dichlorobenzene",2018,9.4,nondetect
7132,Benzene,2001,10.0,nondetect
7132,Benzene,2002,10.0,nondetect
7132,Benzene,2003,10.0,nondetect
7132,Benzene,2006,10.0,nondetect
7132,Benzene,2007,10.0,nondetect
7132,Benzene,2009,10.0,nondetect
7132,Benzene,2010,5.0,nondetect
7132,Benzene,2011,5.0,nondetect
7132,Benzene,2012,5.0,nondetect
7132,Benzene,2013,5.0,nondetect
7132,Benzene,2014,5.0,nondetect
7132,Benzene,2015,5.0,nondetect
7132,Benzene,2016,5.0,nondetect
7132,Benzene,2017,5.0,nondetect
7132,Benzene,2018,5.0,nondetect
7132,Benzene,2019,5.0,nondetect
7132,Benzo(a)pyrene,2015,1.9,nondetect
7132,Benzo(a)pyrene,2016,9.4,nondetect
7132,Benzo(a)pyrene,2017,9.4,nondetect
7132,Benzo(a)pyrene,2019,10.0,nondetect
7132,Chlorobenzene,2001,10.0,nondetect
7132,Chlorobenzene,2002,10.0,nondetect
7132,Chlorobenzene,2003,10.0,nondetect
7132,Chlorobenzene,2005,10.0,nondetect
7132,Chlorobenzene,2006,10.0,nondetect
7132,Chlorobenzene,2007,10.0,nondetect
7132,Chlorobenzene,2009,10.0,nondetect
7132,Chlorobenzene,2010,5.0,nondetect
7132,Chlorobenzene,2011,5.0,nondetect
7132,Chlorobenzene,2012,5.0,nondetect
7132,Chlorobenzene,2013,5.0,nondetect
7132,Chlorobenzene,2014,5.0,nondetect
7132,Chlorobenzene,2015,5.0,nondetect
7132,Chlorobenzene,2016,5.0,nondetect
7132,Chlorobenzene,2017,5.0,nondetect
7132,Chlorobenzene,2018,5.0,nondetect
7132,Chlorobenzene,2019,5.0,nondetect
7132,Chloroform / THMs,2003,10.0,nondetect
7132,Chloroform / THMs,2015,5.0,nondetect
7132,Chloroform / THMs,2016,5.0,nondetect
7132,Chloroform / THMs,2017,5.0,nondetect
7132,Chloroform / THMs,2019,5.0,nondetect
7132,DDT / DDE / DDD,2015,0.05,nondetect
7132,DDT / DDE / DDD,2016,0.047,nondetect
7132,DDT / DDE / DDD,2017,0.047,nondetect
7132,DDT / DDE / DDD,2019,0.047,nondetect
7132,Dieldrin,2015,0.05,nondetect
7132,Dieldrin,2016,0.047,nondetect
7132,Dieldrin,2017,0.047,nondetect
7132,Dieldrin,2019,0.047,nondetect
7132,Dioxins / furans,2015,9.3,nondetect
7132,Dioxins / furans,2016,9.4,nondetect
7132,Dioxins / furans,2017,9.4,nondetect
7132,Dioxins / furans,2019,10.0,nondetect
7132,Ethylbenzene,2001,10.0,nondetect
7132,Ethylbenzene,2002,10.0,nondetect
7132,Ethylbenzene,2003,10.0,nondetect
7132,Ethylbenzene,2007,10.0,nondetect
7132,Ethylbenzene,2009,10.0,nondetect
7132,Ethylbenzene,2010,5.0,nondetect
7132,Ethylbenzene,2011,5.0,nondetect
7132,Ethylbenzene,2012,5.0,nondetect
7132,Ethylbenzene,2013,5.0,nondetect
7132,Ethylbenzene,2014,5.0,nondetect
7132,Ethylbenzene,2015,5.0,nondetect
7132,Ethylbenzene,2016,5.0,nondetect
7132,Ethylbenzene,2017,5.0,nondetect
7132,Ethylbenzene,2018,5.0,nondetect
7132,Ethylbenzene,2019,5.0,nondetect
7132,Lindane / BHC,2015,0.05,nondetect
7132,Lindane / BHC,2016,0.047,nondetect
7132,Lindane / BHC,2017,0.047,nondetect
7132,Lindane / BHC,2019,0.047,nondetect
7132,Naphthalene,2015,1.9,nondetect
7132,Naphthalene,2016,9.4,nondetect
7132,Naphthalene,2017,9.4,nondetect
7132,Naphthalene,2019,10.0,nondetect
7132,PCBs,2015,0.4,nondetect
7132,PCBs,2016,0.94,nondetect
7132,PCBs,2017,0.94,nondetect
7132,PCBs,2019,0.94,nondetect
7132,Tetrachloroethene (PCE),2001,10.0,nondetect
7132,Tetrachloroethene (PCE),2002,10.0,nondetect
7132,Tetrachloroethene (PCE),2003,10.0,nondetect
7132,Tetrachloroethene (PCE),2006,10.0,nondetect
7132,Tetrachloroethene (PCE),2007,10.0,nondetect
7132,Tetrachloroethene (PCE),2009,10.0,nondetect
7132,Tetrachloroethene (PCE),2010,5.0,nondetect
7132,Tetrachloroethene (PCE),2011,5.0,nondetect
7132,Tetrachloroethene (PCE),2012,5.0,nondetect
7132,Tetrachloroethene (PCE),2013,5.0,nondetect
7132,Tetrachloroethene (PCE),2014,5.0,nondetect
7132,Tetrachloroethene (PCE),2015,5.0,nondetect
7132,Tetrachloroethene (PCE),2016,5.0,nondetect
7132,Tetrachloroethene (PCE),2017,5.0,nondetect
7132,Tetrachloroethene (PCE),2018,5.0,nondetect
7132,Tetrachloroethene (PCE),2019,5.0,nondetect
7132,Toluene,2001,10.0,nondetect
7132,Toluene,2002,10.0,nondetect
7132,Toluene,2003,10.0,nondetect
7132,Toluene,2005,10.0,nondetect
7132,Toluene,2006,10.0,nondetect
7132,Toluene,2007,10.0,nondetect
7132,Toluene,2009,4.1,detect
7132,Toluene,2010,5.0,nondetect
7132,Toluene,2011,5.0,nondetect
7132,Toluene,2012,5.0,nondetect
7132,Toluene,2013,5.0,nondetect
7132,Toluene,2014,5.0,nondetect
7132,Toluene,2015,5.0,nondetect
7132,Toluene,2016,5.0,nondetect
7132,Toluene,2017,5.0,nondetect
7132,Toluene,2018,5.0,nondetect
7132,Toluene,2019,5.0,nondetect
7132,Trichloroethene (TCE),2001,10.0,nondetect
7132,Trichloroethene (TCE),2002,10.0,nondetect
7132,Trichloroethene (TCE),2003,10.0,nondetect
7132,Trichloroethene (TCE),2006,10.0,nondetect
7132,Trichloroethene (TCE),2007,10.0,nondetect
7132,Trichloroethene (TCE),2009,10.0,nondetect
7132,Trichloroethene (TCE),2010,5.0,nondetect
7132,Trichloroethene (TCE),2011,5.0,nondetect
7132,Trichloroethene (TCE),2012,5.0,nondetect
7132,Trichloroethene (TCE),2013,5.0,nondetect
7132,Trichloroethene (TCE),2014,5.0,nondetect
7132,Trichloroethene (TCE),2015,5.0,nondetect
7132,Trichloroethene (TCE),2016,5.0,nondetect
7132,Trichloroethene (TCE),2017,5.0,nondetect
7132,Trichloroethene (TCE),2018,5.0,nondetect
7132,Trichloroethene (TCE),2019,5.0,nondetect
7132,Vinyl chloride,2001,10.0,nondetect
7132,Vinyl chloride,2002,10.0,nondetect
7132,Vinyl chloride,2003,10.0,nondetect
7132,Vinyl chloride,2009,10.0,nondetect
7132,Vinyl chloride,2010,5.0,nondetect
7132,Vinyl chloride,2011,5.0,nondetect
7132,Vinyl chloride,2012,5.0,nondetect
7132,Vinyl chloride,2013,5.0,nondetect
7132,Vinyl chloride,2014,5.0,nondetect
7132,Vinyl chloride,2015,5.0,nondetect
7132,Vinyl chloride,2016,5.0,nondetect
7132,Vinyl chloride,2017,5.0,nondetect
7132,Vinyl chloride,2018,5.0,nondetect
7132,Vinyl chloride,2019,5.0,nondetect
7132,Xylene,2007,10.0,nondetect
7132,Xylene,2009,10.0,nondetect
7132,Xylene,2010,15.0,nondetect
7132,Xylene,2011,15.0,nondetect
7132,Xylene,2012,15.0,nondetect
7132,Xylene,2013,10.0,nondetect
7132,Xylene,2014,10.0,nondetect
7132,Xylene,2015,10.0,nondetect
7132,Xylene,2016,5.0,nondetect
7132,Xylene,2017,5.0,nondetect
7132,Xylene,2018,5.0,nondetect
7132,Xylene,2019,5.0,nondetect
7155,"1,1,2,2-Tetrachloroethane",2009,10.0,nondetect
7155,"1,2,4-Trichlorobenzene",2005,9.4,nondetect
7155,"1,2-Dichlorobenzene",2005,9.4,nondetect
7155,"1,2-Dichloroethane",2015,5.0,nondetect
7155,"1,2-Dichloroethane",2017,5.0,nondetect
7155,"1,2-Dichloroethane",2019,5.0,nondetect
7155,"1,4-Dichlorobenzene",2005,9.4,nondetect
7155,Benzene,2009,10.0,nondetect
7155,Benzene,2011,5.0,nondetect
7155,Benzene,2013,5.0,nondetect
7155,Benzene,2015,5.0,nondetect
7155,Benzene,2017,5.0,nondetect
7155,Benzene,2019,5.0,nondetect
7155,Benzo(a)pyrene,2015,1.9,nondetect
7155,Benzo(a)pyrene,2017,9.4,nondetect
7155,Benzo(a)pyrene,2019,9.4,nondetect
7155,Chlorobenzene,2005,10.0,nondetect
7155,Chlorobenzene,2009,10.0,nondetect
7155,Chlorobenzene,2011,5.0,nondetect
7155,Chlorobenzene,2013,5.0,nondetect
7155,Chlorobenzene,2015,5.0,nondetect
7155,Chlorobenzene,2017,5.0,nondetect
7155,Chlorobenzene,2019,5.0,nondetect
7155,Chloroform / THMs,2015,5.0,nondetect
7155,Chloroform / THMs,2017,5.0,nondetect
7155,Chloroform / THMs,2019,5.0,nondetect
7155,DDT / DDE / DDD,2015,0.05,nondetect
7155,DDT / DDE / DDD,2017,0.047,nondetect
7155,DDT / DDE / DDD,2019,0.047,nondetect
7155,Dieldrin,2015,0.05,nondetect
7155,Dieldrin,2017,0.047,nondetect
7155,Dieldrin,2019,0.047,nondetect
7155,Dioxins / furans,2015,9.3,nondetect
7155,Dioxins / furans,2017,9.4,nondetect
7155,Dioxins / furans,2019,9.4,nondetect
7155,Ethylbenzene,2009,10.0,nondetect
7155,Ethylbenzene,2011,5.0,nondetect
7155,Ethylbenzene,2013,5.0,nondetect
7155,Ethylbenzene,2015,5.0,nondetect
7155,Ethylbenzene,2017,5.0,nondetect
7155,Ethylbenzene,2019,5.0,nondetect
7155,Lindane / BHC,2015,0.05,nondetect
7155,Lindane / BHC,2017,0.047,nondetect
7155,Lindane / BHC,2019,0.047,nondetect
7155,Naphthalene,2015,1.9,nondetect
7155,Naphthalene,2017,9.4,nondetect
7155,Naphthalene,2019,9.4,nondetect
7155,PCBs,2015,0.4,nondetect
7155,PCBs,2017,0.94,nondetect
7155,PCBs,2019,0.94,nondetect
7155,Tetrachloroethene (PCE),2009,10.0,nondetect
7155,Tetrachloroethene (PCE),2011,5.0,nondetect
7155,Tetrachloroethene (PCE),2013,5.0,nondetect
7155,Tetrachloroethene (PCE),2015,5.0,nondetect
7155,Tetrachloroethene (PCE),2017,5.0,nondetect
7155,Tetrachloroethene (PCE),2019,5.0,nondetect
7155,Toluene,2005,10.0,nondetect
7155,Toluene,2009,7.7,detect
7155,Toluene,2011,5.0,nondetect
7155,Toluene,2013,5.0,nondetect
7155,Toluene,2015,5.0,nondetect
7155,Toluene,2017,0.24,detect
7155,Toluene,2019,5.0,nondetect
7155,Trichloroethene (TCE),2009,10.0,nondetect
7155,Trichloroethene (TCE),2011,5.0,nondetect
7155,Trichloroethene (TCE),2013,5.0,nondetect
7155,Trichloroethene (TCE),2015,5.0,nondetect
7155,Trichloroethene (TCE),2017,5.0,nondetect
7155,Trichloroethene (TCE),2019,5.0,nondetect
7155,Vinyl chloride,2009,10.0,nondetect
7155,Vinyl chloride,2011,5.0,nondetect
7155,Vinyl chloride,2013,5.0,nondetect
7155,Vinyl chloride,2015,5.0,nondetect
7155,Vinyl chloride,2017,5.0,nondetect
7155,Vinyl chloride,2019,5.0,nondetect
7155,Xylene,2009,10.0,nondetect
7155,Xylene,2011,15.0,nondetect
7155,Xylene,2013,10.0,nondetect
7155,Xylene,2015,10.0,nondetect
7155,Xylene,2017,5.0,nondetect
7155,Xylene,2019,5.0,nondetect
7161,"1,1,2,2-Tetrachloroethane",2009,10.0,nondetect
7161,"1,2,4-Trichlorobenzene",2006,10.0,nondetect
7161,"1,2-Dichlorobenzene",2006,10.0,nondetect
7161,"1,2-Dichloroethane",2015,5.0,nondetect
7161,"1,2-Dichloroethane",2017,5.0,nondetect
7161,"1,2-Dichloroethane",2019,5.0,nondetect
7161,"1,4-Dichlorobenzene",2006,10.0,nondetect
7161,Benzene,2006,10.0,nondetect
7161,Benzene,2009,10.0,nondetect
7161,Benzene,2011,5.0,nondetect
7161,Benzene,2013,5.0,nondetect
7161,Benzene,2015,5.0,nondetect
7161,Benzene,2017,5.0,nondetect
7161,Benzene,2019,5.0,nondetect
7161,Benzo(a)pyrene,2015,1.9,nondetect
7161,Benzo(a)pyrene,2017,9.4,nondetect
7161,Benzo(a)pyrene,2019,9.4,nondetect
7161,Chlorobenzene,2006,10.0,nondetect
7161,Chlorobenzene,2009,10.0,nondetect
7161,Chlorobenzene,2011,5.0,nondetect
7161,Chlorobenzene,2013,5.0,nondetect
7161,Chlorobenzene,2015,5.0,nondetect
7161,Chlorobenzene,2017,5.0,nondetect
7161,Chlorobenzene,2019,5.0,nondetect
7161,Chloroform / THMs,2015,5.0,nondetect
7161,Chloroform / THMs,2017,5.0,nondetect
7161,Chloroform / THMs,2019,5.0,nondetect
7161,DDT / DDE / DDD,2015,0.05,nondetect
7161,DDT / DDE / DDD,2017,0.047,nondetect
7161,DDT / DDE / DDD,2019,0.047,nondetect
7161,Dieldrin,2015,0.05,nondetect
7161,Dieldrin,2017,0.047,nondetect
7161,Dieldrin,2019,0.047,nondetect
7161,Dioxins / furans,2015,9.3,nondetect
7161,Dioxins / furans,2017,9.4,nondetect
7161,Dioxins / furans,2019,9.4,nondetect
7161,Ethylbenzene,2009,10.0,nondetect
7161,Ethylbenzene,2011,5.0,nondetect
7161,Ethylbenzene,2013,5.0,nondetect
7161,Ethylbenzene,2015,5.0,nondetect
7161,Ethylbenzene,2017,5.0,nondetect
7161,Ethylbenzene,2019,5.0,nondetect
7161,Lindane / BHC,2015,0.05,nondetect
7161,Lindane / BHC,2017,0.047,nondetect
7161,Lindane / BHC,2019,0.047,nondetect
7161,Naphthalene,2015,1.9,nondetect
7161,Naphthalene,2017,9.4,nondetect
7161,Naphthalene,2019,9.4,nondetect
7161,PCBs,2015,0.4,nondetect
7161,PCBs,2017,0.94,nondetect
7161,PCBs,2019,0.94,nondetect
7161,Tetrachloroethene (PCE),2006,10.0,nondetect
7161,Tetrachloroethene (PCE),2009,10.0,nondetect
7161,Tetrachloroethene (PCE),2011,5.0,nondetect
7161,Tetrachloroethene (PCE),2013,5.0,nondetect
7161,Tetrachloroethene (PCE),2015,5.0,nondetect
7161,Tetrachloroethene (PCE),2017,5.0,nondetect
7161,Tetrachloroethene (PCE),2019,5.0,nondetect
7161,Toluene,2006,10.0,nondetect
7161,Toluene,2009,10.0,nondetect
7161,Toluene,2011,5.0,nondetect
7161,Toluene,2013,5.0,nondetect
7161,Toluene,2015,5.0,nondetect
7161,Toluene,2017,5.0,nondetect
7161,Toluene,2019,5.0,nondetect
7161,Trichloroethene (TCE),2006,10.0,nondetect
7161,Trichloroethene (TCE),2009,10.0,nondetect
7161,Trichloroethene (TCE),2011,5.0,nondetect
7161,Trichloroethene (TCE),2013,5.0,nondetect
7161,Trichloroethene (TCE),2015,5.0,nondetect
7161,Trichloroethene (TCE),2017,5.0,nondetect
7161,Trichloroethene (TCE),2019,5.0,nondetect
7161,Vinyl chloride,2009,10.0,nondetect
7161,Vinyl chloride,2011,5.0,nondetect
7161,Vinyl chloride,2013,5.0,nondetect
7161,Vinyl chloride,2015,5.0,nondetect
7161,Vinyl chloride,2017,5.0,nondetect
7161,Vinyl chloride,2019,5.0,nondetect
7161,Xylene,2009,10.0,nondetect
7161,Xylene,2011,15.0,nondetect
7161,Xylene,2013,10.0,nondetect
7161,Xylene,2015,10.0,nondetect
7161,Xylene,2017,5.0,nondetect
7161,Xylene,2019,5.0,nondetect
7205,"1,1,2,2-Tetrachloroethane",2001,10.0,nondetect
7205,"1,1,2,2-Tetrachloroethane",2002,10.0,nondetect
7205,"1,1,2,2-Tetrachloroethane",2007,10.0,nondetect
7205,"1,1,2,2-Tetrachloroethane",2009,10.0,nondetect
7205,"1,1,2,2-Tetrachloroethane",2018,5.0,nondetect
7205,"1,2,4-Trichlorobenzene",2001,10.0,nondetect
7205,"1,2,4-Trichlorobenzene",2002,10.0,nondetect
7205,"1,2,4-Trichlorobenzene",2005,9.4,nondetect
7205,"1,2,4-Trichlorobenzene",2006,10.0,nondetect
7205,"1,2,4-Trichlorobenzene",2007,10.0,nondetect
7205,"1,2,4-Trichlorobenzene",2018,9.4,nondetect
7205,"1,2-Dichlorobenzene",2001,10.0,nondetect
7205,"1,2-Dichlorobenzene",2005,9.4,nondetect
7205,"1,2-Dichlorobenzene",2006,10.0,nondetect
7205,"1,2-Dichlorobenzene",2007,10.0,nondetect
7205,"1,2-Dichlorobenzene",2018,9.4,nondetect
7205,"1,2-Dichloroethane",2015,5.0,nondetect
7205,"1,2-Dichloroethane",2016,5.0,nondetect
7205,"1,2-Dichloroethane",2017,5.0,nondetect
7205,"1,2-Dichloroethane",2019,5.0,nondetect
7205,"1,4-Dichlorobenzene",2001,10.0,nondetect
7205,"1,4-Dichlorobenzene",2005,9.4,nondetect
7205,"1,4-Dichlorobenzene",2006,10.0,nondetect
7205,"1,4-Dichlorobenzene",2007,10.0,nondetect
7205,"1,4-Dichlorobenzene",2018,9.4,nondetect
7205,Benzene,2001,10.0,nondetect
7205,Benzene,2002,10.0,nondetect
7205,Benzene,2006,10.0,nondetect
7205,Benzene,2007,10.0,nondetect
7205,Benzene,2009,10.0,nondetect
7205,Benzene,2010,5.0,nondetect
7205,Benzene,2011,5.0,nondetect
7205,Benzene,2012,5.0,nondetect
7205,Benzene,2013,5.0,nondetect
7205,Benzene,2014,5.0,nondetect
7205,Benzene,2015,5.0,nondetect
7205,Benzene,2016,5.0,nondetect
7205,Benzene,2017,5.0,nondetect
7205,Benzene,2018,5.0,nondetect
7205,Benzene,2019,5.0,nondetect
7205,Benzo(a)pyrene,2015,1.9,nondetect
7205,Benzo(a)pyrene,2016,9.4,nondetect
7205,Benzo(a)pyrene,2017,9.4,nondetect
7205,Benzo(a)pyrene,2019,9.4,nondetect
7205,Chlorobenzene,2001,10.0,nondetect
7205,Chlorobenzene,2002,10.0,nondetect
7205,Chlorobenzene,2005,10.0,nondetect
7205,Chlorobenzene,2006,10.0,nondetect
7205,Chlorobenzene,2007,10.0,nondetect
7205,Chlorobenzene,2009,10.0,nondetect
7205,Chlorobenzene,2010,5.0,nondetect
7205,Chlorobenzene,2011,5.0,nondetect
7205,Chlorobenzene,2012,5.0,nondetect
7205,Chlorobenzene,2013,5.0,nondetect
7205,Chlorobenzene,2014,5.0,nondetect
7205,Chlorobenzene,2015,5.0,nondetect
7205,Chlorobenzene,2016,5.0,nondetect
7205,Chlorobenzene,2017,5.0,nondetect
7205,Chlorobenzene,2018,5.0,nondetect
7205,Chlorobenzene,2019,5.0,nondetect
7205,Chloroform / THMs,2015,5.0,nondetect
7205,Chloroform / THMs,2016,5.0,nondetect
7205,Chloroform / THMs,2017,5.0,nondetect
7205,Chloroform / THMs,2019,5.0,nondetect
7205,DDT / DDE / DDD,2015,0.05,nondetect
7205,DDT / DDE / DDD,2016,0.047,nondetect
7205,DDT / DDE / DDD,2017,0.047,nondetect
7205,DDT / DDE / DDD,2019,0.047,nondetect
7205,Dieldrin,2015,0.05,nondetect
7205,Dieldrin,2016,0.047,nondetect
7205,Dieldrin,2017,0.047,nondetect
7205,Dieldrin,2019,0.047,nondetect
7205,Dioxins / furans,2015,9.3,nondetect
7205,Dioxins / furans,2016,9.4,nondetect
7205,Dioxins / furans,2017,9.4,nondetect
7205,Dioxins / furans,2019,9.4,nondetect
7205,Ethylbenzene,2001,10.0,nondetect
7205,Ethylbenzene,2002,10.0,nondetect
7205,Ethylbenzene,2007,10.0,nondetect
7205,Ethylbenzene,2009,10.0,nondetect
7205,Ethylbenzene,2010,5.0,nondetect
7205,Ethylbenzene,2011,5.0,nondetect
7205,Ethylbenzene,2012,5.0,nondetect
7205,Ethylbenzene,2013,5.0,nondetect
7205,Ethylbenzene,2014,5.0,nondetect
7205,Ethylbenzene,2015,5.0,nondetect
7205,Ethylbenzene,2016,5.0,nondetect
7205,Ethylbenzene,2017,5.0,nondetect
7205,Ethylbenzene,2018,5.0,nondetect
7205,Ethylbenzene,2019,5.0,nondetect
7205,Lindane / BHC,2015,0.3,detect
7205,Lindane / BHC,2016,0.18,detect
7205,Lindane / BHC,2017,0.047,nondetect
7205,Lindane / BHC,2019,0.035,detect
7205,Naphthalene,2015,1.9,nondetect
7205,Naphthalene,2016,9.4,nondetect
7205,Naphthalene,2017,9.4,nondetect
7205,Naphthalene,2019,9.4,nondetect
7205,PCBs,2015,0.4,nondetect
7205,PCBs,2016,0.94,nondetect
7205,PCBs,2017,0.94,nondetect
7205,PCBs,2019,0.94,nondetect
7205,Tetrachloroethene (PCE),2001,10.0,nondetect
7205,Tetrachloroethene (PCE),2002,10.0,nondetect
7205,Tetrachloroethene (PCE),2006,10.0,nondetect
7205,Tetrachloroethene (PCE),2007,10.0,nondetect
7205,Tetrachloroethene (PCE),2009,10.0,nondetect
7205,Tetrachloroethene (PCE),2010,5.0,nondetect
7205,Tetrachloroethene (PCE),2011,5.0,nondetect
7205,Tetrachloroethene (PCE),2012,5.0,nondetect
7205,Tetrachloroethene (PCE),2013,5.0,nondetect
7205,Tetrachloroethene (PCE),2014,5.0,nondetect
7205,Tetrachloroethene (PCE),2015,5.0,nondetect
7205,Tetrachloroethene (PCE),2016,5.0,nondetect
7205,Tetrachloroethene (PCE),2017,5.0,nondetect
7205,Tetrachloroethene (PCE),2018,5.0,nondetect
7205,Tetrachloroethene (PCE),2019,5.0,nondetect
7205,Toluene,2001,10.0,nondetect
7205,Toluene,2002,10.0,nondetect
7205,Toluene,2005,10.0,nondetect
7205,Toluene,2006,10.0,nondetect
7205,Toluene,2007,10.0,nondetect
7205,Toluene,2009,10.0,nondetect
7205,Toluene,2010,5.0,nondetect
7205,Toluene,2011,5.0,nondetect
7205,Toluene,2012,5.0,nondetect
7205,Toluene,2013,5.0,nondetect
7205,Toluene,2014,5.0,nondetect
7205,Toluene,2015,5.0,nondetect
7205,Toluene,2016,5.0,nondetect
7205,Toluene,2017,5.0,nondetect
7205,Toluene,2018,5.0,nondetect
7205,Toluene,2019,5.0,nondetect
7205,Trichloroethene (TCE),2001,10.0,nondetect
7205,Trichloroethene (TCE),2002,10.0,nondetect
7205,Trichloroethene (TCE),2006,10.0,nondetect
7205,Trichloroethene (TCE),2007,10.0,nondetect
7205,Trichloroethene (TCE),2009,10.0,nondetect
7205,Trichloroethene (TCE),2010,5.0,nondetect
7205,Trichloroethene (TCE),2011,5.0,nondetect
7205,Trichloroethene (TCE),2012,5.0,nondetect
7205,Trichloroethene (TCE),2013,5.0,nondetect
7205,Trichloroethene (TCE),2014,5.0,nondetect
7205,Trichloroethene (TCE),2015,5.0,nondetect
7205,Trichloroethene (TCE),2016,5.0,nondetect
7205,Trichloroethene (TCE),2017,5.0,nondetect
7205,Trichloroethene (TCE),2018,5.0,nondetect
7205,Trichloroethene (TCE),2019,5.0,nondetect
7205,Vinyl chloride,2001,10.0,nondetect
7205,Vinyl chloride,2002,10.0,nondetect
7205,Vinyl chloride,2009,10.0,nondetect
7205,Vinyl chloride,2010,5.0,nondetect
7205,Vinyl chloride,2011,5.0,nondetect
7205,Vinyl chloride,2012,5.0,nondetect
7205,Vinyl chloride,2013,5.0,nondetect
7205,Vinyl chloride,2014,5.0,nondetect
7205,Vinyl chloride,2015,5.0,nondetect
7205,Vinyl chloride,2016,5.0,nondetect
7205,Vinyl chloride,2017,5.0,nondetect
7205,Vinyl chloride,2018,5.0,nondetect
7205,Vinyl chloride,2019,5.0,nondetect
7205,Xylene,2007,10.0,nondetect
7205,Xylene,2009,10.0,nondetect
7205,Xylene,2010,15.0,nondetect
7205,Xylene,2011,15.0,nondetect
7205,Xylene,2012,15.0,nondetect
7205,Xylene,2013,10.0,nondetect
7205,Xylene,2014,10.0,nondetect
7205,Xylene,2015,10.0,nondetect
7205,Xylene,2016,5.0,nondetect
7205,Xylene,2017,5.0,nondetect
7205,Xylene,2018,5.0,nondetect
7205,Xylene,2019,5.0,nondetect
8106,"1,1,2,2-Tetrachloroethane",2000,10.0,nondetect
8106,"1,1,2,2-Tetrachloroethane",2001,10.0,nondetect
8106,"1,1,2,2-Tetrachloroethane",2002,10.0,nondetect
8106,"1,1,2,2-Tetrachloroethane",2003,10.0,nondetect
8106,"1,1,2,2-Tetrachloroethane",2009,10.0,nondetect
8106,"1,1,2,2-Tetrachloroethane",2018,5.0,nondetect
8106,"1,2,4-Trichlorobenzene",2000,10.0,nondetect
8106,"1,2,4-Trichlorobenzene",2001,10.0,nondetect
8106,"1,2,4-Trichlorobenzene",2002,10.0,nondetect
8106,"1,2,4-Trichlorobenzene",2003,10.0,nondetect
8106,"1,2,4-Trichlorobenzene",2005,9.6,nondetect
8106,"1,2,4-Trichlorobenzene",2006,10.0,nondetect
8106,"1,2,4-Trichlorobenzene",2018,9.4,nondetect
8106,"1,2-Dichlorobenzene",2000,10.0,nondetect
8106,"1,2-Dichlorobenzene",2001,10.0,nondetect
8106,"1,2-Dichlorobenzene",2003,10.0,nondetect
8106,"1,2-Dichlorobenzene",2005,9.6,nondetect
8106,"1,2-Dichlorobenzene",2006,10.0,nondetect
8106,"1,2-Dichlorobenzene",2018,9.4,nondetect
8106,"1,2-Dichloroethane",2015,5.0,nondetect
8106,"1,2-Dichloroethane",2016,5.0,nondetect
8106,"1,2-Dichloroethane",2017,5.0,nondetect
8106,"1,2-Dichloroethane",2019,5.0,nondetect
8106,"1,4-Dichlorobenzene",2000,10.0,nondetect
8106,"1,4-Dichlorobenzene",2001,10.0,nondetect
8106,"1,4-Dichlorobenzene",2003,10.0,nondetect
8106,"1,4-Dichlorobenzene",2005,9.6,nondetect
8106,"1,4-Dichlorobenzene",2006,10.0,nondetect
8106,"1,4-Dichlorobenzene",2018,9.4,nondetect
8106,Benzene,2000,10.0,nondetect
8106,Benzene,2001,10.0,nondetect
8106,Benzene,2002,10.0,nondetect
8106,Benzene,2003,10.0,nondetect
8106,Benzene,2006,10.0,nondetect
8106,Benzene,2009,10.0,nondetect
8106,Benzene,2010,5.0,nondetect
8106,Benzene,2011,5.0,nondetect
8106,Benzene,2012,5.0,nondetect
8106,Benzene,2013,5.0,nondetect
8106,Benzene,2014,5.0,nondetect
8106,Benzene,2015,5.0,nondetect
8106,Benzene,2016,5.0,nondetect
8106,Benzene,2017,5.0,nondetect
8106,Benzene,2018,5.0,nondetect
8106,Benzene,2019,5.0,nondetect
8106,Benzo(a)pyrene,2015,1.9,nondetect
8106,Benzo(a)pyrene,2016,9.4,nondetect
8106,Benzo(a)pyrene,2017,9.4,nondetect
8106,Benzo(a)pyrene,2019,9.4,nondetect
8106,Chlorobenzene,2000,10.0,nondetect
8106,Chlorobenzene,2001,10.0,nondetect
8106,Chlorobenzene,2002,10.0,nondetect
8106,Chlorobenzene,2003,10.0,nondetect
8106,Chlorobenzene,2005,10.0,nondetect
8106,Chlorobenzene,2006,10.0,nondetect
8106,Chlorobenzene,2009,10.0,nondetect
8106,Chlorobenzene,2010,5.0,nondetect
8106,Chlorobenzene,2011,5.0,nondetect
8106,Chlorobenzene,2012,5.0,nondetect
8106,Chlorobenzene,2013,5.0,nondetect
8106,Chlorobenzene,2014,5.0,nondetect
8106,Chlorobenzene,2015,5.0,nondetect
8106,Chlorobenzene,2016,5.0,nondetect
8106,Chlorobenzene,2017,5.0,nondetect
8106,Chlorobenzene,2018,5.0,nondetect
8106,Chlorobenzene,2019,5.0,nondetect
8106,Chloroform / THMs,2000,10.0,nondetect
8106,Chloroform / THMs,2003,10.0,nondetect
8106,Chloroform / THMs,2015,5.0,nondetect
8106,Chloroform / THMs,2016,5.0,nondetect
8106,Chloroform / THMs,2017,5.0,nondetect
8106,Chloroform / THMs,2019,5.0,nondetect
8106,DDT / DDE / DDD,2015,0.05,nondetect
8106,DDT / DDE / DDD,2016,0.047,nondetect
8106,DDT / DDE / DDD,2017,0.047,nondetect
8106,DDT / DDE / DDD,2019,0.047,nondetect
8106,Dieldrin,2015,0.05,nondetect
8106,Dieldrin,2016,0.047,nondetect
8106,Dieldrin,2017,0.047,nondetect
8106,Dieldrin,2019,0.047,nondetect
8106,Dioxins / furans,2015,9.3,nondetect
8106,Dioxins / furans,2016,9.4,nondetect
8106,Dioxins / furans,2017,9.4,nondetect
8106,Dioxins / furans,2019,9.4,nondetect
8106,Ethylbenzene,2000,10.0,nondetect
8106,Ethylbenzene,2001,10.0,nondetect
8106,Ethylbenzene,2002,10.0,nondetect
8106,Ethylbenzene,2003,10.0,nondetect
8106,Ethylbenzene,2009,10.0,nondetect
8106,Ethylbenzene,2010,5.0,nondetect
8106,Ethylbenzene,2011,5.0,nondetect
8106,Ethylbenzene,2012,5.0,nondetect
8106,Ethylbenzene,2013,5.0,nondetect
8106,Ethylbenzene,2014,5.0,nondetect
8106,Ethylbenzene,2015,5.0,nondetect
8106,Ethylbenzene,2016,5.0,nondetect
8106,Ethylbenzene,2017,5.0,nondetect
8106,Ethylbenzene,2018,5.0,nondetect
8106,Ethylbenzene,2019,5.0,nondetect
8106,Lindane / BHC,2015,0.05,nondetect
8106,Lindane / BHC,2016,0.047,nondetect
8106,Lindane / BHC,2017,0.047,nondetect
8106,Lindane / BHC,2019,0.047,nondetect
8106,Naphthalene,2015,1.9,nondetect
8106,Naphthalene,2016,9.4,nondetect
8106,Naphthalene,2017,9.4,nondetect
8106,Naphthalene,2019,9.4,nondetect
8106,PCBs,2015,0.4,nondetect
8106,PCBs,2016,0.94,nondetect
8106,PCBs,2017,0.94,nondetect
8106,PCBs,2019,0.94,nondetect
8106,Tetrachloroethene (PCE),2000,10.0,nondetect
8106,Tetrachloroethene (PCE),2001,10.0,nondetect
8106,Tetrachloroethene (PCE),2002,10.0,nondetect
8106,Tetrachloroethene (PCE),2003,10.0,nondetect
8106,Tetrachloroethene (PCE),2006,10.0,nondetect
8106,Tetrachloroethene (PCE),2009,10.0,nondetect
8106,Tetrachloroethene (PCE),2010,5.0,nondetect
8106,Tetrachloroethene (PCE),2011,5.0,nondetect
8106,Tetrachloroethene (PCE),2012,5.0,nondetect
8106,Tetrachloroethene (PCE),2013,5.0,nondetect
8106,Tetrachloroethene (PCE),2014,5.0,nondetect
8106,Tetrachloroethene (PCE),2015,5.0,nondetect
8106,Tetrachloroethene (PCE),2016,5.0,nondetect
8106,Tetrachloroethene (PCE),2017,5.0,nondetect
8106,Tetrachloroethene (PCE),2018,5.0,nondetect
8106,Tetrachloroethene (PCE),2019,5.0,nondetect
8106,Toluene,2000,10.0,nondetect
8106,Toluene,2001,10.0,nondetect
8106,Toluene,2002,10.0,nondetect
8106,Toluene,2003,10.0,nondetect
8106,Toluene,2005,10.0,nondetect
8106,Toluene,2006,10.0,nondetect
8106,Toluene,2009,10.0,nondetect
8106,Toluene,2010,5.0,nondetect
8106,Toluene,2011,5.0,nondetect
8106,Toluene,2012,5.0,nondetect
8106,Toluene,2013,5.0,nondetect
8106,Toluene,2014,5.0,nondetect
8106,Toluene,2015,5.0,nondetect
8106,Toluene,2016,5.0,nondetect
8106,Toluene,2017,5.0,nondetect
8106,Toluene,2018,5.0,nondetect
8106,Toluene,2019,5.0,nondetect
8106,Trichloroethene (TCE),2000,10.0,nondetect
8106,Trichloroethene (TCE),2001,10.0,nondetect
8106,Trichloroethene (TCE),2002,10.0,nondetect
8106,Trichloroethene (TCE),2003,10.0,nondetect
8106,Trichloroethene (TCE),2006,10.0,nondetect
8106,Trichloroethene (TCE),2009,10.0,nondetect
8106,Trichloroethene (TCE),2010,5.0,nondetect
8106,Trichloroethene (TCE),2011,5.0,nondetect
8106,Trichloroethene (TCE),2012,5.0,nondetect
8106,Trichloroethene (TCE),2013,5.0,nondetect
8106,Trichloroethene (TCE),2014,5.0,nondetect
8106,Trichloroethene (TCE),2015,5.0,nondetect
8106,Trichloroethene (TCE),2016,5.0,nondetect
8106,Trichloroethene (TCE),2017,5.0,nondetect
8106,Trichloroethene (TCE),2018,5.0,nondetect
8106,Trichloroethene (TCE),2019,5.0,nondetect
8106,Vinyl chloride,2000,10.0,nondetect
8106,Vinyl chloride,2001,10.0,nondetect
8106,Vinyl chloride,2002,10.0,nondetect
8106,Vinyl chloride,2003,10.0,nondetect
8106,Vinyl chloride,2009,10.0,nondetect
8106,Vinyl chloride,2010,5.0,nondetect
8106,Vinyl chloride,2011,5.0,nondetect
8106,Vinyl chloride,2012,5.0,nondetect
8106,Vinyl chloride,2013,5.0,nondetect
8106,Vinyl chloride,2014,5.0,nondetect
8106,Vinyl chloride,2015,5.0,nondetect
8106,Vinyl chloride,2016,5.0,nondetect
8106,Vinyl chloride,2017,5.0,nondetect
8106,Vinyl chloride,2018,5.0,nondetect
8106,Vinyl chloride,2019,5.0,nondetect
8106,Xylene,2000,10.0,nondetect
8106,Xylene,2009,10.0,nondetect
8106,Xylene,2010,15.0,nondetect
8106,Xylene,2011,15.0,nondetect
8106,Xylene,2012,15.0,nondetect
8106,Xylene,2013,10.0,nondetect
8106,Xylene,2014,10.0,nondetect
8106,Xylene,2015,10.0,nondetect
8106,Xylene,2016,5.0,nondetect
8106,Xylene,2017,5.0,nondetect
8106,Xylene,2018,5.0,nondetect
8106,Xylene,2019,5.0,nondetect
8110,"1,1,2,2-Tetrachloroethane",2001,10.0,nondetect
8110,"1,1,2,2-Tetrachloroethane",2009,10.0,nondetect
8110,"1,2,4-Trichlorobenzene",2001,10.0,nondetect
8110,"1,2,4-Trichlorobenzene",2005,9.4,nondetect
8110,"1,2-Dichlorobenzene",2001,10.0,nondetect
8110,"1,2-Dichlorobenzene",2005,9.4,nondetect
8110,"1,2-Dichloroethane",2015,5.0,nondetect
8110,"1,2-Dichloroethane",2017,5.0,nondetect
8110,"1,2-Dichloroethane",2019,5.0,nondetect
8110,"1,4-Dichlorobenzene",2001,10.0,nondetect
8110,"1,4-Dichlorobenzene",2005,9.4,nondetect
8110,Benzene,2001,10.0,nondetect
8110,Benzene,2009,10.0,nondetect
8110,Benzene,2011,5.0,nondetect
8110,Benzene,2015,5.0,nondetect
8110,Benzene,2017,5.0,nondetect
8110,Benzene,2019,0.33,detect
8110,Benzo(a)pyrene,2015,2.0,nondetect
8110,Benzo(a)pyrene,2017,9.4,nondetect
8110,Benzo(a)pyrene,2019,9.4,nondetect
8110,Chlorobenzene,2001,10.0,nondetect
8110,Chlorobenzene,2005,10.0,nondetect
8110,Chlorobenzene,2009,10.0,nondetect
8110,Chlorobenzene,2011,5.0,nondetect
8110,Chlorobenzene,2015,5.0,nondetect
8110,Chlorobenzene,2017,5.0,nondetect
8110,Chlorobenzene,2019,5.0,nondetect
8110,Chloroform / THMs,2015,5.0,nondetect
8110,Chloroform / THMs,2017,5.0,nondetect
8110,Chloroform / THMs,2019,5.0,nondetect
8110,DDT / DDE / DDD,2015,0.05,nondetect
8110,DDT / DDE / DDD,2017,0.047,nondetect
8110,DDT / DDE / DDD,2019,0.053,nondetect
8110,Dieldrin,2015,0.05,nondetect
8110,Dieldrin,2017,0.047,nondetect
8110,Dieldrin,2019,0.053,nondetect
8110,Dioxins / furans,2015,10.0,nondetect
8110,Dioxins / furans,2017,9.4,nondetect
8110,Dioxins / furans,2019,9.4,nondetect
8110,Ethylbenzene,2001,10.0,nondetect
8110,Ethylbenzene,2009,10.0,nondetect
8110,Ethylbenzene,2011,5.0,nondetect
8110,Ethylbenzene,2015,5.0,nondetect
8110,Ethylbenzene,2017,5.0,nondetect
8110,Ethylbenzene,2019,5.0,nondetect
8110,Lindane / BHC,2015,0.05,nondetect
8110,Lindane / BHC,2017,0.047,nondetect
8110,Lindane / BHC,2019,0.053,nondetect
8110,Naphthalene,2015,2.0,nondetect
8110,Naphthalene,2017,9.4,nondetect
8110,Naphthalene,2019,9.4,nondetect
8110,PCBs,2015,0.4,nondetect
8110,PCBs,2017,0.94,nondetect
8110,PCBs,2019,1.1,nondetect
8110,Tetrachloroethene (PCE),2001,10.0,nondetect
8110,Tetrachloroethene (PCE),2009,10.0,nondetect
8110,Tetrachloroethene (PCE),2011,5.0,nondetect
8110,Tetrachloroethene (PCE),2015,5.0,nondetect
8110,Tetrachloroethene (PCE),2017,5.0,nondetect
8110,Tetrachloroethene (PCE),2019,5.0,nondetect
8110,Toluene,2001,10.0,nondetect
8110,Toluene,2005,10.0,nondetect
8110,Toluene,2009,10.0,nondetect
8110,Toluene,2011,5.0,nondetect
8110,Toluene,2015,5.0,nondetect
8110,Toluene,2017,5.0,nondetect
8110,Toluene,2019,0.86,detect
8110,Trichloroethene (TCE),2001,10.0,nondetect
8110,Trichloroethene (TCE),2009,10.0,nondetect
8110,Trichloroethene (TCE),2011,5.0,nondetect
8110,Trichloroethene (TCE),2015,5.0,nondetect
8110,Trichloroethene (TCE),2017,5.0,nondetect
8110,Trichloroethene (TCE),2019,5.0,nondetect
8110,Vinyl chloride,2001,10.0,nondetect
8110,Vinyl chloride,2009,10.0,nondetect
8110,Vinyl chloride,2011,5.0,nondetect
8110,Vinyl chloride,2015,5.0,nondetect
8110,Vinyl chloride,2017,5.0,nondetect
8110,Vinyl chloride,2019,5.0,nondetect
8110,Xylene,2009,10.0,nondetect
8110,Xylene,2011,15.0,nondetect
8110,Xylene,2015,10.0,nondetect
8110,Xylene,2017,5.0,nondetect
8110,Xylene,2019,1.1,detect
8115,"1,1,2,2-Tetrachloroethane",2002,10.0,nondetect
8115,"1,1,2,2-Tetrachloroethane",2018,5.0,nondetect
8115,"1,2,4-Trichlorobenzene",2002,10.0,nondetect
8115,"1,2,4-Trichlorobenzene",2006,10.0,nondetect
8115,"1,2,4-Trichlorobenzene",2018,9.4,nondetect
8115,"1,2-Dichlorobenzene",2006,10.0,nondetect
8115,"1,2-Dichlorobenzene",2018,9.4,nondetect
8115,"1,2-Dichloroethane",2016,5.0,nondetect
8115,"1,4-Dichlorobenzene",2006,10.0,nondetect
8115,"1,4-Dichlorobenzene",2018,9.4,nondetect
8115,Benzene,2002,10.0,nondetect
8115,Benzene,2006,10.0,nondetect
8115,Benzene,2010,5.0,nondetect
8115,Benzene,2012,5.0,nondetect
8115,Benzene,2014,5.0,nondetect
8115,Benzene,2016,5.0,nondetect
8115,Benzene,2018,5.0,nondetect
8115,Benzo(a)pyrene,2016,9.4,nondetect
8115,Chlorobenzene,2002,10.0,nondetect
8115,Chlorobenzene,2006,10.0,nondetect
8115,Chlorobenzene,2010,5.0,nondetect
8115,Chlorobenzene,2012,5.0,nondetect
8115,Chlorobenzene,2014,5.0,nondetect
8115,Chlorobenzene,2016,5.0,nondetect
8115,Chlorobenzene,2018,5.0,nondetect
8115,Chloroform / THMs,2016,5.0,nondetect
8115,DDT / DDE / DDD,2016,0.047,nondetect
8115,Dieldrin,2016,0.047,nondetect
8115,Dioxins / furans,2016,9.4,nondetect
8115,Ethylbenzene,2002,10.0,nondetect
8115,Ethylbenzene,2010,5.0,nondetect
8115,Ethylbenzene,2012,5.0,nondetect
8115,Ethylbenzene,2014,5.0,nondetect
8115,Ethylbenzene,2016,5.0,nondetect
8115,Ethylbenzene,2018,5.0,nondetect
8115,Lindane / BHC,2016,0.047,nondetect
8115,Naphthalene,2016,9.4,nondetect
8115,PCBs,2016,0.94,nondetect
8115,Tetrachloroethene (PCE),2002,10.0,nondetect
8115,Tetrachloroethene (PCE),2006,10.0,nondetect
8115,Tetrachloroethene (PCE),2010,5.0,nondetect
8115,Tetrachloroethene (PCE),2012,5.0,nondetect
8115,Tetrachloroethene (PCE),2014,5.0,nondetect
8115,Tetrachloroethene (PCE),2016,5.0,nondetect
8115,Tetrachloroethene (PCE),2018,5.0,nondetect
8115,Toluene,2002,10.0,nondetect
8115,Toluene,2006,10.0,nondetect
8115,Toluene,2010,5.0,nondetect
8115,Toluene,2012,5.0,nondetect
8115,Toluene,2014,5.0,nondetect
8115,Toluene,2016,5.0,nondetect
8115,Toluene,2018,5.0,nondetect
8115,Trichloroethene (TCE),2002,10.0,nondetect
8115,Trichloroethene (TCE),2006,10.0,nondetect
8115,Trichloroethene (TCE),2010,5.0,nondetect
8115,Trichloroethene (TCE),2012,5.0,nondetect
8115,Trichloroethene (TCE),2014,5.0,nondetect
8115,Trichloroethene (TCE),2016,5.0,nondetect
8115,Trichloroethene (TCE),2018,5.0,nondetect
8115,Vinyl chloride,2002,10.0,nondetect
8115,Vinyl chloride,2010,5.0,nondetect
8115,Vinyl chloride,2012,5.0,nondetect
8115,Vinyl chloride,2014,5.0,nondetect
8115,Vinyl chloride,2016,5.0,nondetect
8115,Vinyl chloride,2018,5.0,nondetect
8115,Xylene,2010,15.0,nondetect
8115,Xylene,2012,15.0,nondetect
8115,Xylene,2014,10.0,nondetect
8115,Xylene,2016,5.0,nondetect
8115,Xylene,2018,5.0,nondetect
8120,"1,1,2,2-Tetrachloroethane",2001,10.0,nondetect
8120,"1,1,2,2-Tetrachloroethane",2007,10.0,nondetect
8120,"1,1,2,2-Tetrachloroethane",2009,10.0,nondetect
8120,"1,2,4-Trichlorobenzene",2001,10.0,nondetect
8120,"1,2,4-Trichlorobenzene",2005,9.4,nondetect
8120,"1,2,4-Trichlorobenzene",2007,10.0,nondetect
8120,"1,2-Dichlorobenzene",2001,10.0,nondetect
8120,"1,2-Dichlorobenzene",2005,9.4,nondetect
8120,"1,2-Dichlorobenzene",2007,10.0,nondetect
8120,"1,2-Dichloroethane",2015,5.0,nondetect
8120,"1,2-Dichloroethane",2017,5.0,nondetect
8120,"1,2-Dichloroethane",2019,5.0,nondetect
8120,"1,4-Dichlorobenzene",2001,10.0,nondetect
8120,"1,4-Dichlorobenzene",2005,9.4,nondetect
8120,"1,4-Dichlorobenzene",2007,10.0,nondetect
8120,Benzene,2001,10.0,nondetect
8120,Benzene,2007,10.0,nondetect
8120,Benzene,2009,10.0,nondetect
8120,Benzene,2011,5.0,nondetect
8120,Benzene,2015,5.0,nondetect
8120,Benzene,2017,5.0,nondetect
8120,Benzene,2019,5.0,nondetect
8120,Benzo(a)pyrene,2015,1.9,nondetect
8120,Benzo(a)pyrene,2017,9.4,nondetect
8120,Benzo(a)pyrene,2019,9.4,nondetect
8120,Chlorobenzene,2001,10.0,nondetect
8120,Chlorobenzene,2005,10.0,nondetect
8120,Chlorobenzene,2007,10.0,nondetect
8120,Chlorobenzene,2009,10.0,nondetect
8120,Chlorobenzene,2011,5.0,nondetect
8120,Chlorobenzene,2015,5.0,nondetect
8120,Chlorobenzene,2017,5.0,nondetect
8120,Chlorobenzene,2019,5.0,nondetect
8120,Chloroform / THMs,2015,5.0,nondetect
8120,Chloroform / THMs,2017,5.0,nondetect
8120,Chloroform / THMs,2019,5.0,nondetect
8120,DDT / DDE / DDD,2015,0.05,nondetect
8120,DDT / DDE / DDD,2017,0.047,nondetect
8120,DDT / DDE / DDD,2019,0.047,nondetect
8120,Dieldrin,2015,0.05,nondetect
8120,Dieldrin,2017,0.047,nondetect
8120,Dieldrin,2019,0.047,nondetect
8120,Dioxins / furans,2015,9.6,nondetect
8120,Dioxins / furans,2017,9.4,nondetect
8120,Dioxins / furans,2019,9.4,nondetect
8120,Ethylbenzene,2001,10.0,nondetect
8120,Ethylbenzene,2007,10.0,nondetect
8120,Ethylbenzene,2009,10.0,nondetect
8120,Ethylbenzene,2011,5.0,nondetect
8120,Ethylbenzene,2015,5.0,nondetect
8120,Ethylbenzene,2017,5.0,nondetect
8120,Ethylbenzene,2019,5.0,nondetect
8120,Lindane / BHC,2015,0.05,nondetect
8120,Lindane / BHC,2017,0.047,nondetect
8120,Lindane / BHC,2019,0.047,nondetect
8120,Naphthalene,2015,1.9,nondetect
8120,Naphthalene,2017,9.4,nondetect
8120,Naphthalene,2019,9.4,nondetect
8120,PCBs,2015,0.4,nondetect
8120,PCBs,2017,0.94,nondetect
8120,PCBs,2019,0.94,nondetect
8120,Tetrachloroethene (PCE),2001,10.0,nondetect
8120,Tetrachloroethene (PCE),2007,10.0,nondetect
8120,Tetrachloroethene (PCE),2009,10.0,nondetect
8120,Tetrachloroethene (PCE),2011,5.0,nondetect
8120,Tetrachloroethene (PCE),2015,5.0,nondetect
8120,Tetrachloroethene (PCE),2017,5.0,nondetect
8120,Tetrachloroethene (PCE),2019,5.0,nondetect
8120,Toluene,2001,10.0,nondetect
8120,Toluene,2005,10.0,nondetect
8120,Toluene,2007,10.0,nondetect
8120,Toluene,2009,10.0,nondetect
8120,Toluene,2011,5.0,nondetect
8120,Toluene,2015,5.0,nondetect
8120,Toluene,2017,5.0,nondetect
8120,Toluene,2019,5.0,nondetect
8120,Trichloroethene (TCE),2001,10.0,nondetect
8120,Trichloroethene (TCE),2007,10.0,nondetect
8120,Trichloroethene (TCE),2009,10.0,nondetect
8120,Trichloroethene (TCE),2011,5.0,nondetect
8120,Trichloroethene (TCE),2015,5.0,nondetect
8120,Trichloroethene (TCE),2017,5.0,nondetect
8120,Trichloroethene (TCE),2019,5.0,nondetect
8120,Vinyl chloride,2001,10.0,nondetect
8120,Vinyl chloride,2009,10.0,nondetect
8120,Vinyl chloride,2011,5.0,nondetect
8120,Vinyl chloride,2015,5.0,nondetect
8120,Vinyl chloride,2017,5.0,nondetect
8120,Vinyl chloride,2019,5.0,nondetect
8120,Xylene,2007,10.0,nondetect
8120,Xylene,2009,10.0,nondetect
8120,Xylene,2011,15.0,nondetect
8120,Xylene,2015,10.0,nondetect
8120,Xylene,2017,5.0,nondetect
8120,Xylene,2019,5.0,nondetect
8125,"1,1,2,2-Tetrachloroethane",2000,10.0,nondetect
8125,"1,1,2,2-Tetrachloroethane",2002,10.0,nondetect
8125,"1,1,2,2-Tetrachloroethane",2018,5.0,nondetect
8125,"1,2,4-Trichlorobenzene",2000,10.0,nondetect
8125,"1,2,4-Trichlorobenzene",2002,10.0,nondetect
8125,"1,2,4-Trichlorobenzene",2006,10.0,nondetect
8125,"1,2,4-Trichlorobenzene",2018,9.4,nondetect
8125,"1,2-Dichlorobenzene",2000,10.0,nondetect
8125,"1,2-Dichlorobenzene",2006,10.0,nondetect
8125,"1,2-Dichlorobenzene",2018,9.4,nondetect
8125,"1,2-Dichloroethane",2016,5.0,nondetect
8125,"1,4-Dichlorobenzene",2000,10.0,nondetect
8125,"1,4-Dichlorobenzene",2006,10.0,nondetect
8125,"1,4-Dichlorobenzene",2018,9.4,nondetect
8125,Benzene,2000,10.0,nondetect
8125,Benzene,2002,10.0,nondetect
8125,Benzene,2006,10.0,nondetect
8125,Benzene,2010,5.0,nondetect
8125,Benzene,2012,5.0,nondetect
8125,Benzene,2014,5.0,nondetect
8125,Benzene,2016,5.0,nondetect
8125,Benzene,2018,5.0,nondetect
8125,Benzo(a)pyrene,2016,9.4,nondetect
8125,Chlorobenzene,2000,10.0,nondetect
8125,Chlorobenzene,2002,10.0,nondetect
8125,Chlorobenzene,2006,10.0,nondetect
8125,Chlorobenzene,2010,5.0,nondetect
8125,Chlorobenzene,2012,5.0,nondetect
8125,Chlorobenzene,2014,5.0,nondetect
8125,Chlorobenzene,2016,5.0,nondetect
8125,Chlorobenzene,2018,5.0,nondetect
8125,Chloroform / THMs,2000,10.0,nondetect
8125,Chloroform / THMs,2016,5.0,nondetect
8125,DDT / DDE / DDD,2016,0.047,nondetect
8125,Dieldrin,2016,0.047,nondetect
8125,Dioxins / furans,2016,9.4,nondetect
8125,Ethylbenzene,2000,10.0,nondetect
8125,Ethylbenzene,2002,10.0,nondetect
8125,Ethylbenzene,2010,5.0,nondetect
8125,Ethylbenzene,2012,5.0,nondetect
8125,Ethylbenzene,2014,5.0,nondetect
8125,Ethylbenzene,2016,5.0,nondetect
8125,Ethylbenzene,2018,5.0,nondetect
8125,Lindane / BHC,2016,0.047,nondetect
8125,Naphthalene,2016,9.4,nondetect
8125,PCBs,2016,0.94,nondetect
8125,Tetrachloroethene (PCE),2000,10.0,nondetect
8125,Tetrachloroethene (PCE),2002,10.0,nondetect
8125,Tetrachloroethene (PCE),2006,10.0,nondetect
8125,Tetrachloroethene (PCE),2010,5.0,nondetect
8125,Tetrachloroethene (PCE),2012,5.0,nondetect
8125,Tetrachloroethene (PCE),2014,5.0,nondetect
8125,Tetrachloroethene (PCE),2016,5.0,nondetect
8125,Tetrachloroethene (PCE),2018,5.0,nondetect
8125,Toluene,2000,10.0,nondetect
8125,Toluene,2002,10.0,nondetect
8125,Toluene,2006,10.0,nondetect
8125,Toluene,2010,5.0,nondetect
8125,Toluene,2012,5.0,nondetect
8125,Toluene,2014,5.0,nondetect
8125,Toluene,2016,5.0,nondetect
8125,Toluene,2018,5.0,nondetect
8125,Trichloroethene (TCE),2000,10.0,nondetect
8125,Trichloroethene (TCE),2002,10.0,nondetect
8125,Trichloroethene (TCE),2006,10.0,nondetect
8125,Trichloroethene (TCE),2010,5.0,nondetect
8125,Trichloroethene (TCE),2012,5.0,nondetect
8125,Trichloroethene (TCE),2014,5.0,nondetect
8125,Trichloroethene (TCE),2016,5.0,nondetect
8125,Trichloroethene (TCE),2018,5.0,nondetect
8125,Vinyl chloride,2000,10.0,nondetect
8125,Vinyl chloride,2002,10.0,nondetect
8125,Vinyl chloride,2010,5.0,nondetect
8125,Vinyl chloride,2012,5.0,nondetect
8125,Vinyl chloride,2014,5.0,nondetect
8125,Vinyl chloride,2016,5.0,nondetect
8125,Vinyl chloride,2018,5.0,nondetect
8125,Xylene,2000,10.0,nondetect
8125,Xylene,2010,15.0,nondetect
8125,Xylene,2012,15.0,nondetect
8125,Xylene,2014,10.0,nondetect
8125,Xylene,2016,5.0,nondetect
8125,Xylene,2018,5.0,nondetect
8130,"1,1,2,2-Tetrachloroethane",2001,10.0,nondetect
8130,"1,1,2,2-Tetrachloroethane",2009,10.0,nondetect
8130,"1,2,4-Trichlorobenzene",2001,10.0,nondetect
8130,"1,2,4-Trichlorobenzene",2005,9.4,nondetect
8130,"1,2-Dichlorobenzene",2001,10.0,nondetect
8130,"1,2-Dichlorobenzene",2005,9.4,nondetect
8130,"1,2-Dichloroethane",2015,5.0,nondetect
8130,"1,2-Dichloroethane",2017,5.0,nondetect
8130,"1,2-Dichloroethane",2019,5.0,nondetect
8130,"1,4-Dichlorobenzene",2001,10.0,nondetect
8130,"1,4-Dichlorobenzene",2005,9.4,nondetect
8130,Benzene,2001,10.0,nondetect
8130,Benzene,2009,10.0,nondetect
8130,Benzene,2011,5.0,nondetect
8130,Benzene,2015,5.0,nondetect
8130,Benzene,2017,5.0,nondetect
8130,Benzene,2019,5.0,nondetect
8130,Benzo(a)pyrene,2015,1.9,nondetect
8130,Benzo(a)pyrene,2017,9.4,nondetect
8130,Benzo(a)pyrene,2019,9.4,nondetect
8130,Chlorobenzene,2001,10.0,nondetect
8130,Chlorobenzene,2005,10.0,nondetect
8130,Chlorobenzene,2009,10.0,nondetect
8130,Chlorobenzene,2011,5.0,nondetect
8130,Chlorobenzene,2015,5.0,nondetect
8130,Chlorobenzene,2017,5.0,nondetect
8130,Chlorobenzene,2019,5.0,nondetect
8130,Chloroform / THMs,2015,5.0,nondetect
8130,Chloroform / THMs,2017,5.0,nondetect
8130,Chloroform / THMs,2019,5.0,nondetect
8130,DDT / DDE / DDD,2015,0.05,nondetect
8130,DDT / DDE / DDD,2017,0.047,nondetect
8130,DDT / DDE / DDD,2019,0.047,nondetect
8130,Dieldrin,2015,0.05,nondetect
8130,Dieldrin,2017,0.047,nondetect
8130,Dieldrin,2019,0.047,nondetect
8130,Dioxins / furans,2015,9.3,nondetect
8130,Dioxins / furans,2017,9.4,nondetect
8130,Dioxins / furans,2019,9.4,nondetect
8130,Ethylbenzene,2001,10.0,nondetect
8130,Ethylbenzene,2009,10.0,nondetect
8130,Ethylbenzene,2011,5.0,nondetect
8130,Ethylbenzene,2015,5.0,nondetect
8130,Ethylbenzene,2017,5.0,nondetect
8130,Ethylbenzene,2019,5.0,nondetect
8130,Lindane / BHC,2015,0.05,nondetect
8130,Lindane / BHC,2017,0.047,nondetect
8130,Lindane / BHC,2019,0.047,nondetect
8130,Naphthalene,2015,1.9,nondetect
8130,Naphthalene,2017,9.4,nondetect
8130,Naphthalene,2019,9.4,nondetect
8130,PCBs,2015,0.4,nondetect
8130,PCBs,2017,0.94,nondetect
8130,PCBs,2019,0.94,nondetect
8130,Tetrachloroethene (PCE),2001,10.0,nondetect
8130,Tetrachloroethene (PCE),2009,10.0,nondetect
8130,Tetrachloroethene (PCE),2011,5.0,nondetect
8130,Tetrachloroethene (PCE),2015,5.0,nondetect
8130,Tetrachloroethene (PCE),2017,5.0,nondetect
8130,Tetrachloroethene (PCE),2019,5.0,nondetect
8130,Toluene,2001,10.0,nondetect
8130,Toluene,2005,10.0,nondetect
8130,Toluene,2009,10.0,nondetect
8130,Toluene,2011,5.0,nondetect
8130,Toluene,2015,5.0,nondetect
8130,Toluene,2017,5.0,nondetect
8130,Toluene,2019,5.0,nondetect
8130,Trichloroethene (TCE),2001,10.0,nondetect
8130,Trichloroethene (TCE),2009,10.0,nondetect
8130,Trichloroethene (TCE),2011,5.0,nondetect
8130,Trichloroethene (TCE),2015,5.0,nondetect
8130,Trichloroethene (TCE),2017,5.0,nondetect
8130,Trichloroethene (TCE),2019,5.0,nondetect
8130,Vinyl chloride,2001,10.0,nondetect
8130,Vinyl chloride,2009,10.0,nondetect
8130,Vinyl chloride,2011,5.0,nondetect
8130,Vinyl chloride,2015,5.0,nondetect
8130,Vinyl chloride,2017,5.0,nondetect
8130,Vinyl chloride,2019,5.0,nondetect
8130,Xylene,2009,10.0,nondetect
8130,Xylene,2011,15.0,nondetect
8130,Xylene,2015,10.0,nondetect
8130,Xylene,2017,5.0,nondetect
8130,Xylene,2019,5.0,nondetect
8140,"1,1,2,2-Tetrachloroethane",2001,10.0,nondetect
8140,"1,1,2,2-Tetrachloroethane",2007,10.0,nondetect
8140,"1,1,2,2-Tetrachloroethane",2009,10.0,nondetect
8140,"1,2,4-Trichlorobenzene",2001,10.0,nondetect
8140,"1,2,4-Trichlorobenzene",2005,9.4,nondetect
8140,"1,2,4-Trichlorobenzene",2007,10.0,nondetect
8140,"1,2-Dichlorobenzene",2001,10.0,nondetect
8140,"1,2-Dichlorobenzene",2005,9.4,nondetect
8140,"1,2-Dichlorobenzene",2007,10.0,nondetect
8140,"1,2-Dichloroethane",2015,5.0,nondetect
8140,"1,2-Dichloroethane",2017,5.0,nondetect
8140,"1,2-Dichloroethane",2019,5.0,nondetect
8140,"1,4-Dichlorobenzene",2001,10.0,nondetect
8140,"1,4-Dichlorobenzene",2005,9.4,nondetect
8140,"1,4-Dichlorobenzene",2007,10.0,nondetect
8140,Benzene,2001,10.0,nondetect
8140,Benzene,2007,10.0,nondetect
8140,Benzene,2009,10.0,nondetect
8140,Benzene,2011,5.0,nondetect
8140,Benzene,2015,5.0,nondetect
8140,Benzene,2017,5.0,nondetect
8140,Benzene,2019,0.24,detect
8140,Benzo(a)pyrene,2015,1.9,nondetect
8140,Benzo(a)pyrene,2017,9.4,nondetect
8140,Benzo(a)pyrene,2019,9.4,nondetect
8140,Chlorobenzene,2001,10.0,nondetect
8140,Chlorobenzene,2005,10.0,nondetect
8140,Chlorobenzene,2007,10.0,nondetect
8140,Chlorobenzene,2009,10.0,nondetect
8140,Chlorobenzene,2011,5.0,nondetect
8140,Chlorobenzene,2015,5.0,nondetect
8140,Chlorobenzene,2017,5.0,nondetect
8140,Chlorobenzene,2019,5.0,nondetect
8140,Chloroform / THMs,2015,5.0,nondetect
8140,Chloroform / THMs,2017,5.0,nondetect
8140,Chloroform / THMs,2019,5.0,nondetect
8140,DDT / DDE / DDD,2015,0.05,nondetect
8140,DDT / DDE / DDD,2017,0.047,nondetect
8140,DDT / DDE / DDD,2019,0.047,nondetect
8140,Dieldrin,2015,0.05,nondetect
8140,Dieldrin,2017,0.047,nondetect
8140,Dieldrin,2019,0.047,nondetect
8140,Dioxins / furans,2015,9.3,nondetect
8140,Dioxins / furans,2017,9.4,nondetect
8140,Dioxins / furans,2019,9.4,nondetect
8140,Ethylbenzene,2001,10.0,nondetect
8140,Ethylbenzene,2007,10.0,nondetect
8140,Ethylbenzene,2009,10.0,nondetect
8140,Ethylbenzene,2011,5.0,nondetect
8140,Ethylbenzene,2015,5.0,nondetect
8140,Ethylbenzene,2017,5.0,nondetect
8140,Ethylbenzene,2019,5.0,nondetect
8140,Lindane / BHC,2015,0.05,nondetect
8140,Lindane / BHC,2017,0.047,nondetect
8140,Lindane / BHC,2019,0.041,detect
8140,Naphthalene,2015,1.9,nondetect
8140,Naphthalene,2017,9.4,nondetect
8140,Naphthalene,2019,9.4,nondetect
8140,PCBs,2015,0.4,nondetect
8140,PCBs,2017,0.94,nondetect
8140,PCBs,2019,0.94,nondetect
8140,Tetrachloroethene (PCE),2001,10.0,nondetect
8140,Tetrachloroethene (PCE),2007,10.0,nondetect
8140,Tetrachloroethene (PCE),2009,10.0,nondetect
8140,Tetrachloroethene (PCE),2011,5.0,nondetect
8140,Tetrachloroethene (PCE),2015,5.0,nondetect
8140,Tetrachloroethene (PCE),2017,5.0,nondetect
8140,Tetrachloroethene (PCE),2019,5.0,nondetect
8140,Toluene,2001,10.0,nondetect
8140,Toluene,2005,10.0,nondetect
8140,Toluene,2007,10.0,nondetect
8140,Toluene,2009,10.0,nondetect
8140,Toluene,2011,5.0,nondetect
8140,Toluene,2015,5.0,nondetect
8140,Toluene,2017,5.0,nondetect
8140,Toluene,2019,0.6,detect
8140,Trichloroethene (TCE),2001,10.0,nondetect
8140,Trichloroethene (TCE),2007,10.0,nondetect
8140,Trichloroethene (TCE),2009,10.0,nondetect
8140,Trichloroethene (TCE),2011,5.0,nondetect
8140,Trichloroethene (TCE),2015,5.0,nondetect
8140,Trichloroethene (TCE),2017,5.0,nondetect
8140,Trichloroethene (TCE),2019,5.0,nondetect
8140,Vinyl chloride,2001,10.0,nondetect
8140,Vinyl chloride,2009,10.0,nondetect
8140,Vinyl chloride,2011,5.0,nondetect
8140,Vinyl chloride,2015,5.0,nondetect
8140,Vinyl chloride,2017,5.0,nondetect
8140,Vinyl chloride,2019,5.0,nondetect
8140,Xylene,2007,10.0,nondetect
8140,Xylene,2009,10.0,nondetect
8140,Xylene,2011,15.0,nondetect
8140,Xylene,2015,10.0,nondetect
8140,Xylene,2017,5.0,nondetect
8140,Xylene,2019,0.86,detect
8210,"1,1,2,2-Tetrachloroethane",2000,10.0,nondetect
8210,"1,1,2,2-Tetrachloroethane",2001,10.0,nondetect
8210,"1,1,2,2-Tetrachloroethane",2002,10.0,nondetect
8210,"1,1,2,2-Tetrachloroethane",2009,10.0,nondetect
8210,"1,1,2,2-Tetrachloroethane",2018,5.0,nondetect
8210,"1,2,4-Trichlorobenzene",2000,10.0,nondetect
8210,"1,2,4-Trichlorobenzene",2001,10.0,nondetect
8210,"1,2,4-Trichlorobenzene",2002,10.0,nondetect
8210,"1,2,4-Trichlorobenzene",2006,10.0,nondetect
8210,"1,2,4-Trichlorobenzene",2018,9.4,nondetect
8210,"1,2-Dichlorobenzene",2000,10.0,nondetect
8210,"1,2-Dichlorobenzene",2001,10.0,nondetect
8210,"1,2-Dichlorobenzene",2006,10.0,nondetect
8210,"1,2-Dichlorobenzene",2018,9.4,nondetect
8210,"1,2-Dichloroethane",2015,5.0,nondetect
8210,"1,2-Dichloroethane",2016,5.0,nondetect
8210,"1,2-Dichloroethane",2017,5.0,nondetect
8210,"1,2-Dichloroethane",2019,5.0,nondetect
8210,"1,4-Dichlorobenzene",2000,10.0,nondetect
8210,"1,4-Dichlorobenzene",2001,10.0,nondetect
8210,"1,4-Dichlorobenzene",2006,10.0,nondetect
8210,"1,4-Dichlorobenzene",2018,9.4,nondetect
8210,Benzene,2000,10.0,nondetect
8210,Benzene,2001,10.0,nondetect
8210,Benzene,2002,10.0,nondetect
8210,Benzene,2006,10.0,nondetect
8210,Benzene,2009,10.0,nondetect
8210,Benzene,2010,5.0,nondetect
8210,Benzene,2011,5.0,nondetect
8210,Benzene,2012,5.0,nondetect
8210,Benzene,2013,5.0,nondetect
8210,Benzene,2014,5.0,nondetect
8210,Benzene,2015,5.0,nondetect
8210,Benzene,2016,5.0,nondetect
8210,Benzene,2017,5.0,nondetect
8210,Benzene,2018,5.0,nondetect
8210,Benzene,2019,5.0,nondetect
8210,Benzo(a)pyrene,2015,1.9,nondetect
8210,Benzo(a)pyrene,2016,9.4,nondetect
8210,Benzo(a)pyrene,2017,9.4,nondetect
8210,Benzo(a)pyrene,2019,9.4,nondetect
8210,Chlorobenzene,2000,10.0,nondetect
8210,Chlorobenzene,2001,10.0,nondetect
8210,Chlorobenzene,2002,10.0,nondetect
8210,Chlorobenzene,2006,10.0,nondetect
8210,Chlorobenzene,2009,10.0,nondetect
8210,Chlorobenzene,2010,5.0,nondetect
8210,Chlorobenzene,2011,5.0,nondetect
8210,Chlorobenzene,2012,5.0,nondetect
8210,Chlorobenzene,2013,5.0,nondetect
8210,Chlorobenzene,2014,5.0,nondetect
8210,Chlorobenzene,2015,5.0,nondetect
8210,Chlorobenzene,2016,5.0,nondetect
8210,Chlorobenzene,2017,5.0,nondetect
8210,Chlorobenzene,2018,5.0,nondetect
8210,Chlorobenzene,2019,5.0,nondetect
8210,Chloroform / THMs,2000,10.0,nondetect
8210,Chloroform / THMs,2015,5.0,nondetect
8210,Chloroform / THMs,2016,5.0,nondetect
8210,Chloroform / THMs,2017,5.0,nondetect
8210,Chloroform / THMs,2019,5.0,nondetect
8210,DDT / DDE / DDD,2015,0.025,detect
8210,DDT / DDE / DDD,2016,0.047,nondetect
8210,DDT / DDE / DDD,2017,0.047,nondetect
8210,DDT / DDE / DDD,2019,0.047,nondetect
8210,Dieldrin,2015,0.026,nondetect
8210,Dieldrin,2016,0.047,nondetect
8210,Dieldrin,2017,0.047,nondetect
8210,Dieldrin,2019,0.047,nondetect
8210,Dioxins / furans,2015,9.6,nondetect
8210,Dioxins / furans,2016,9.4,nondetect
8210,Dioxins / furans,2017,9.4,nondetect
8210,Dioxins / furans,2019,9.4,nondetect
8210,Ethylbenzene,2000,10.0,nondetect
8210,Ethylbenzene,2001,10.0,nondetect
8210,Ethylbenzene,2002,10.0,nondetect
8210,Ethylbenzene,2009,10.0,nondetect
8210,Ethylbenzene,2010,5.0,nondetect
8210,Ethylbenzene,2011,5.0,nondetect
8210,Ethylbenzene,2012,5.0,nondetect
8210,Ethylbenzene,2013,5.0,nondetect
8210,Ethylbenzene,2014,5.0,nondetect
8210,Ethylbenzene,2015,5.0,nondetect
8210,Ethylbenzene,2016,5.0,nondetect
8210,Ethylbenzene,2017,5.0,nondetect
8210,Ethylbenzene,2018,5.0,nondetect
8210,Ethylbenzene,2019,5.0,nondetect
8210,Lindane / BHC,2015,0.056,nondetect
8210,Lindane / BHC,2016,0.1,detect
8210,Lindane / BHC,2017,0.047,nondetect
8210,Lindane / BHC,2019,0.05,detect
8210,Naphthalene,2015,1.9,nondetect
8210,Naphthalene,2016,9.4,nondetect
8210,Naphthalene,2017,9.4,nondetect
8210,Naphthalene,2019,9.4,nondetect
8210,PCBs,2015,0.21,nondetect
8210,PCBs,2016,0.94,nondetect
8210,PCBs,2017,0.94,nondetect
8210,PCBs,2019,0.94,nondetect
8210,Tetrachloroethene (PCE),2000,10.0,nondetect
8210,Tetrachloroethene (PCE),2001,10.0,nondetect
8210,Tetrachloroethene (PCE),2002,10.0,nondetect
8210,Tetrachloroethene (PCE),2006,10.0,nondetect
8210,Tetrachloroethene (PCE),2009,10.0,nondetect
8210,Tetrachloroethene (PCE),2010,5.0,nondetect
8210,Tetrachloroethene (PCE),2011,5.0,nondetect
8210,Tetrachloroethene (PCE),2012,5.0,nondetect
8210,Tetrachloroethene (PCE),2013,5.0,nondetect
8210,Tetrachloroethene (PCE),2014,5.0,nondetect
8210,Tetrachloroethene (PCE),2015,5.0,nondetect
8210,Tetrachloroethene (PCE),2016,5.0,nondetect
8210,Tetrachloroethene (PCE),2017,5.0,nondetect
8210,Tetrachloroethene (PCE),2018,5.0,nondetect
8210,Tetrachloroethene (PCE),2019,5.0,nondetect
8210,Toluene,2000,10.0,nondetect
8210,Toluene,2001,10.0,nondetect
8210,Toluene,2002,10.0,nondetect
8210,Toluene,2006,10.0,nondetect
8210,Toluene,2009,10.0,nondetect
8210,Toluene,2010,5.0,nondetect
8210,Toluene,2011,5.0,nondetect
8210,Toluene,2012,5.0,nondetect
8210,Toluene,2013,5.0,nondetect
8210,Toluene,2014,5.0,nondetect
8210,Toluene,2015,5.0,nondetect
8210,Toluene,2016,5.0,nondetect
8210,Toluene,2017,0.25,detect
8210,Toluene,2018,0.25,detect
8210,Toluene,2019,5.0,nondetect
8210,Trichloroethene (TCE),2000,10.0,nondetect
8210,Trichloroethene (TCE),2001,10.0,nondetect
8210,Trichloroethene (TCE),2002,10.0,nondetect
8210,Trichloroethene (TCE),2006,10.0,nondetect
8210,Trichloroethene (TCE),2009,10.0,nondetect
8210,Trichloroethene (TCE),2010,5.0,nondetect
8210,Trichloroethene (TCE),2011,5.0,nondetect
8210,Trichloroethene (TCE),2012,5.0,nondetect
8210,Trichloroethene (TCE),2013,5.0,nondetect
8210,Trichloroethene (TCE),2014,5.0,nondetect
8210,Trichloroethene (TCE),2015,5.0,nondetect
8210,Trichloroethene (TCE),2016,5.0,nondetect
8210,Trichloroethene (TCE),2017,5.0,nondetect
8210,Trichloroethene (TCE),2018,5.0,nondetect
8210,Trichloroethene (TCE),2019,5.0,nondetect
8210,Vinyl chloride,2000,10.0,nondetect
8210,Vinyl chloride,2001,10.0,nondetect
8210,Vinyl chloride,2002,10.0,nondetect
8210,Vinyl chloride,2009,10.0,nondetect
8210,Vinyl chloride,2010,5.0,nondetect
8210,Vinyl chloride,2011,5.0,nondetect
8210,Vinyl chloride,2012,5.0,nondetect
8210,Vinyl chloride,2013,5.0,nondetect
8210,Vinyl chloride,2014,5.0,nondetect
8210,Vinyl chloride,2015,5.0,nondetect
8210,Vinyl chloride,2016,5.0,nondetect
8210,Vinyl chloride,2017,5.0,nondetect
8210,Vinyl chloride,2018,5.0,nondetect
8210,Vinyl chloride,2019,5.0,nondetect
8210,Xylene,2000,10.0,nondetect
8210,Xylene,2009,10.0,nondetect
8210,Xylene,2010,15.0,nondetect
8210,Xylene,2011,15.0,nondetect
8210,Xylene,2012,15.0,nondetect
8210,Xylene,2013,10.0,nondetect
8210,Xylene,2014,10.0,nondetect
8210,Xylene,2015,10.0,nondetect
8210,Xylene,2016,5.0,nondetect
8210,Xylene,2017,5.0,nondetect
8210,Xylene,2018,5.0,nondetect
8210,Xylene,2019,5.0,nondetect
9105,"1,1,2,2-Tetrachloroethane",2000,10.0,nondetect
9105,"1,1,2,2-Tetrachloroethane",2002,10.0,nondetect
9105,"1,1,2,2-Tetrachloroethane",2018,5.0,nondetect
9105,"1,2,4-Trichlorobenzene",2000,10.0,nondetect
9105,"1,2,4-Trichlorobenzene",2002,10.0,nondetect
9105,"1,2,4-Trichlorobenzene",2006,10.0,nondetect
9105,"1,2,4-Trichlorobenzene",2018,9.4,nondetect
9105,"1,2-Dichlorobenzene",2000,10.0,nondetect
9105,"1,2-Dichlorobenzene",2006,10.0,nondetect
9105,"1,2-Dichlorobenzene",2018,9.4,nondetect
9105,"1,2-Dichloroethane",2016,5.0,nondetect
9105,"1,4-Dichlorobenzene",2000,10.0,nondetect
9105,"1,4-Dichlorobenzene",2006,10.0,nondetect
9105,"1,4-Dichlorobenzene",2018,9.4,nondetect
9105,Benzene,2000,10.0,nondetect
9105,Benzene,2002,10.0,nondetect
9105,Benzene,2006,10.0,nondetect
9105,Benzene,2010,5.0,nondetect
9105,Benzene,2012,5.0,nondetect
9105,Benzene,2014,5.0,nondetect
9105,Benzene,2016,5.0,nondetect
9105,Benzene,2018,5.0,nondetect
9105,Benzo(a)pyrene,2016,9.4,nondetect
9105,Chlorobenzene,2000,10.0,nondetect
9105,Chlorobenzene,2002,10.0,nondetect
9105,Chlorobenzene,2006,10.0,nondetect
9105,Chlorobenzene,2010,5.0,nondetect
9105,Chlorobenzene,2012,5.0,nondetect
9105,Chlorobenzene,2014,5.0,nondetect
9105,Chlorobenzene,2016,5.0,nondetect
9105,Chlorobenzene,2018,5.0,nondetect
9105,Chloroform / THMs,2000,10.0,nondetect
9105,Chloroform / THMs,2016,5.0,nondetect
9105,DDT / DDE / DDD,2016,0.047,nondetect
9105,Dieldrin,2016,0.047,nondetect
9105,Dioxins / furans,2016,9.4,nondetect
9105,Ethylbenzene,2000,10.0,nondetect
9105,Ethylbenzene,2002,10.0,nondetect
9105,Ethylbenzene,2010,5.0,nondetect
9105,Ethylbenzene,2012,5.0,nondetect
9105,Ethylbenzene,2014,5.0,nondetect
9105,Ethylbenzene,2016,5.0,nondetect
9105,Ethylbenzene,2018,5.0,nondetect
9105,Lindane / BHC,2016,0.047,nondetect
9105,Naphthalene,2016,9.4,nondetect
9105,PCBs,2016,0.94,nondetect
9105,Tetrachloroethene (PCE),2000,10.0,nondetect
9105,Tetrachloroethene (PCE),2002,10.0,nondetect
9105,Tetrachloroethene (PCE),2006,10.0,nondetect
9105,Tetrachloroethene (PCE),2010,5.0,nondetect
9105,Tetrachloroethene (PCE),2012,5.0,nondetect
9105,Tetrachloroethene (PCE),2014,5.0,nondetect
9105,Tetrachloroethene (PCE),2016,5.0,nondetect
9105,Tetrachloroethene (PCE),2018,5.0,nondetect
9105,Toluene,2000,10.0,nondetect
9105,Toluene,2002,10.0,nondetect
9105,Toluene,2006,10.0,nondetect
9105,Toluene,2010,5.0,nondetect
9105,Toluene,2012,5.0,nondetect
9105,Toluene,2014,5.0,nondetect
9105,Toluene,2016,5.0,nondetect
9105,Toluene,2018,5.0,nondetect
9105,Trichloroethene (TCE),2000,10.0,nondetect
9105,Trichloroethene (TCE),2002,10.0,nondetect
9105,Trichloroethene (TCE),2006,10.0,nondetect
9105,Trichloroethene (TCE),2010,5.0,nondetect
9105,Trichloroethene (TCE),2012,5.0,nondetect
9105,Trichloroethene (TCE),2014,5.0,nondetect
9105,Trichloroethene (TCE),2016,5.0,nondetect
9105,Trichloroethene (TCE),2018,5.0,nondetect
9105,Vinyl chloride,2000,10.0,nondetect
9105,Vinyl chloride,2002,10.0,nondetect
9105,Vinyl chloride,2010,5.0,nondetect
9105,Vinyl chloride,2012,5.0,nondetect
9105,Vinyl chloride,2014,5.0,nondetect
9105,Vinyl chloride,2016,5.0,nondetect
9105,Vinyl chloride,2018,5.0,nondetect
9105,Xylene,2000,10.0,nondetect
9105,Xylene,2010,15.0,nondetect
9105,Xylene,2012,15.0,nondetect
9105,Xylene,2014,10.0,nondetect
9105,Xylene,2016,5.0,nondetect
9105,Xylene,2018,5.0,nondetect
9110,"1,1,2,2-Tetrachloroethane",2001,10.0,nondetect
9110,"1,1,2,2-Tetrachloroethane",2009,10.0,nondetect
9110,"1,2,4-Trichlorobenzene",2001,10.0,nondetect
9110,"1,2,4-Trichlorobenzene",2005,9.4,nondetect
9110,"1,2-Dichlorobenzene",2001,10.0,nondetect
9110,"1,2-Dichlorobenzene",2005,9.4,nondetect
9110,"1,2-Dichloroethane",2015,5.0,nondetect
9110,"1,2-Dichloroethane",2017,5.0,nondetect
9110,"1,2-Dichloroethane",2019,5.0,nondetect
9110,"1,4-Dichlorobenzene",2001,10.0,nondetect
9110,"1,4-Dichlorobenzene",2005,9.4,nondetect
9110,Benzene,2001,10.0,nondetect
9110,Benzene,2009,10.0,nondetect
9110,Benzene,2011,5.0,nondetect
9110,Benzene,2015,5.0,nondetect
9110,Benzene,2017,5.0,nondetect
9110,Benzene,2019,5.0,nondetect
9110,Benzo(a)pyrene,2015,1.9,nondetect
9110,Benzo(a)pyrene,2017,9.4,nondetect
9110,Benzo(a)pyrene,2019,9.4,nondetect
9110,Chlorobenzene,2001,10.0,nondetect
9110,Chlorobenzene,2005,10.0,nondetect
9110,Chlorobenzene,2009,10.0,nondetect
9110,Chlorobenzene,2011,5.0,nondetect
9110,Chlorobenzene,2015,5.0,nondetect
9110,Chlorobenzene,2017,5.0,nondetect
9110,Chlorobenzene,2019,5.0,nondetect
9110,Chloroform / THMs,2015,5.0,nondetect
9110,Chloroform / THMs,2017,5.0,nondetect
9110,Chloroform / THMs,2019,5.0,nondetect
9110,DDT / DDE / DDD,2015,0.05,nondetect
9110,DDT / DDE / DDD,2017,0.047,nondetect
9110,DDT / DDE / DDD,2019,0.047,nondetect
9110,Dieldrin,2015,0.05,nondetect
9110,Dieldrin,2017,0.047,nondetect
9110,Dieldrin,2019,0.047,nondetect
9110,Dioxins / furans,2015,9.3,nondetect
9110,Dioxins / furans,2017,9.4,nondetect
9110,Dioxins / furans,2019,9.4,nondetect
9110,Ethylbenzene,2001,10.0,nondetect
9110,Ethylbenzene,2009,10.0,nondetect
9110,Ethylbenzene,2011,5.0,nondetect
9110,Ethylbenzene,2015,5.0,nondetect
9110,Ethylbenzene,2017,5.0,nondetect
9110,Ethylbenzene,2019,5.0,nondetect
9110,Lindane / BHC,2015,0.05,nondetect
9110,Lindane / BHC,2017,0.047,nondetect
9110,Lindane / BHC,2019,0.047,nondetect
9110,Naphthalene,2015,1.9,nondetect
9110,Naphthalene,2017,9.4,nondetect
9110,Naphthalene,2019,9.4,nondetect
9110,PCBs,2015,0.4,nondetect
9110,PCBs,2017,0.94,nondetect
9110,PCBs,2019,0.94,nondetect
9110,Tetrachloroethene (PCE),2001,10.0,nondetect
9110,Tetrachloroethene (PCE),2009,10.0,nondetect
9110,Tetrachloroethene (PCE),2011,5.0,nondetect
9110,Tetrachloroethene (PCE),2015,5.0,nondetect
9110,Tetrachloroethene (PCE),2017,5.0,nondetect
9110,Tetrachloroethene (PCE),2019,5.0,nondetect
9110,Toluene,2001,10.0,nondetect
9110,Toluene,2005,10.0,nondetect
9110,Toluene,2009,10.0,nondetect
9110,Toluene,2011,5.0,nondetect
9110,Toluene,2015,5.0,nondetect
9110,Toluene,2017,5.0,nondetect
9110,Toluene,2019,5.0,nondetect
9110,Trichloroethene (TCE),2001,10.0,nondetect
9110,Trichloroethene (TCE),2009,10.0,nondetect
9110,Trichloroethene (TCE),2011,5.0,nondetect
9110,Trichloroethene (TCE),2015,5.0,nondetect
9110,Trichloroethene (TCE),2017,5.0,nondetect
9110,Trichloroethene (TCE),2019,5.0,nondetect
9110,Vinyl chloride,2001,10.0,nondetect
9110,Vinyl chloride,2009,10.0,nondetect
9110,Vinyl chloride,2011,5.0,nondetect
9110,Vinyl chloride,2015,5.0,nondetect
9110,Vinyl chloride,2017,5.0,nondetect
9110,Vinyl chloride,2019,5.0,nondetect
9110,Xylene,2009,10.0,nondetect
9110,Xylene,2011,15.0,nondetect
9110,Xylene,2015,10.0,nondetect
9110,Xylene,2017,5.0,nondetect
9110,Xylene,2019,5.0,nondetect
9113,"1,1,2,2-Tetrachloroethane",2000,10.0,nondetect
9113,"1,1,2,2-Tetrachloroethane",2002,10.0,nondetect
9113,"1,1,2,2-Tetrachloroethane",2018,5.0,nondetect
9113,"1,2,4-Trichlorobenzene",2000,10.0,nondetect
9113,"1,2,4-Trichlorobenzene",2002,10.0,nondetect
9113,"1,2,4-Trichlorobenzene",2006,10.0,nondetect
9113,"1,2,4-Trichlorobenzene",2018,9.4,nondetect
9113,"1,2-Dichlorobenzene",2000,10.0,nondetect
9113,"1,2-Dichlorobenzene",2006,10.0,nondetect
9113,"1,2-Dichlorobenzene",2018,9.4,nondetect
9113,"1,2-Dichloroethane",2016,5.0,nondetect
9113,"1,4-Dichlorobenzene",2000,10.0,nondetect
9113,"1,4-Dichlorobenzene",2006,10.0,nondetect
9113,"1,4-Dichlorobenzene",2018,9.4,nondetect
9113,Benzene,2000,10.0,nondetect
9113,Benzene,2002,10.0,nondetect
9113,Benzene,2006,10.0,nondetect
9113,Benzene,2010,5.0,nondetect
9113,Benzene,2012,5.0,nondetect
9113,Benzene,2014,5.0,nondetect
9113,Benzene,2016,5.0,nondetect
9113,Benzene,2018,5.0,nondetect
9113,Benzo(a)pyrene,2016,9.4,nondetect
9113,Chlorobenzene,2000,10.0,nondetect
9113,Chlorobenzene,2002,10.0,nondetect
9113,Chlorobenzene,2006,10.0,nondetect
9113,Chlorobenzene,2010,5.0,nondetect
9113,Chlorobenzene,2012,5.0,nondetect
9113,Chlorobenzene,2014,5.0,nondetect
9113,Chlorobenzene,2016,5.0,nondetect
9113,Chlorobenzene,2018,5.0,nondetect
9113,Chloroform / THMs,2000,10.0,nondetect
9113,Chloroform / THMs,2016,5.0,nondetect
9113,DDT / DDE / DDD,2016,0.047,nondetect
9113,Dieldrin,2016,0.047,nondetect
9113,Dioxins / furans,2016,9.4,nondetect
9113,Ethylbenzene,2000,10.0,nondetect
9113,Ethylbenzene,2002,10.0,nondetect
9113,Ethylbenzene,2010,5.0,nondetect
9113,Ethylbenzene,2012,5.0,nondetect
9113,Ethylbenzene,2014,5.0,nondetect
9113,Ethylbenzene,2016,5.0,nondetect
9113,Ethylbenzene,2018,5.0,nondetect
9113,Lindane / BHC,2016,0.047,nondetect
9113,Naphthalene,2016,9.4,nondetect
9113,PCBs,2016,0.94,nondetect
9113,Tetrachloroethene (PCE),2000,10.0,nondetect
9113,Tetrachloroethene (PCE),2002,10.0,nondetect
9113,Tetrachloroethene (PCE),2006,10.0,nondetect
9113,Tetrachloroethene (PCE),2010,5.0,nondetect
9113,Tetrachloroethene (PCE),2012,5.0,nondetect
9113,Tetrachloroethene (PCE),2014,5.0,nondetect
9113,Tetrachloroethene (PCE),2016,5.0,nondetect
9113,Tetrachloroethene (PCE),2018,5.0,nondetect
9113,Toluene,2000,10.0,nondetect
9113,Toluene,2002,10.0,nondetect
9113,Toluene,2006,10.0,nondetect
9113,Toluene,2010,5.0,nondetect
9113,Toluene,2012,5.0,nondetect
9113,Toluene,2014,5.0,nondetect
9113,Toluene,2016,5.0,nondetect
9113,Toluene,2018,5.0,nondetect
9113,Trichloroethene (TCE),2000,10.0,nondetect
9113,Trichloroethene (TCE),2002,10.0,nondetect
9113,Trichloroethene (TCE),2006,10.0,nondetect
9113,Trichloroethene (TCE),2010,5.0,nondetect
9113,Trichloroethene (TCE),2012,5.0,nondetect
9113,Trichloroethene (TCE),2014,5.0,nondetect
9113,Trichloroethene (TCE),2016,5.0,nondetect
9113,Trichloroethene (TCE),2018,5.0,nondetect
9113,Vinyl chloride,2000,10.0,nondetect
9113,Vinyl chloride,2002,10.0,nondetect
9113,Vinyl chloride,2010,5.0,nondetect
9113,Vinyl chloride,2012,5.0,nondetect
9113,Vinyl chloride,2014,5.0,nondetect
9113,Vinyl chloride,2016,5.0,nondetect
9113,Vinyl chloride,2018,5.0,nondetect
9113,Xylene,2000,10.0,nondetect
9113,Xylene,2010,15.0,nondetect
9113,Xylene,2012,15.0,nondetect
9113,Xylene,2014,10.0,nondetect
9113,Xylene,2016,5.0,nondetect
9113,Xylene,2018,5.0,nondetect
9115,"1,1,2,2-Tetrachloroethane",2001,10.0,nondetect
9115,"1,1,2,2-Tetrachloroethane",2007,10.0,nondetect
9115,"1,1,2,2-Tetrachloroethane",2009,10.0,nondetect
9115,"1,2,4-Trichlorobenzene",2001,10.0,nondetect
9115,"1,2,4-Trichlorobenzene",2007,10.0,nondetect
9115,"1,2-Dichlorobenzene",2001,10.0,nondetect
9115,"1,2-Dichlorobenzene",2007,10.0,nondetect
9115,"1,2-Dichloroethane",2015,5.0,nondetect
9115,"1,2-Dichloroethane",2017,5.0,nondetect
9115,"1,2-Dichloroethane",2019,5.0,nondetect
9115,"1,4-Dichlorobenzene",2001,10.0,nondetect
9115,"1,4-Dichlorobenzene",2007,10.0,nondetect
9115,Benzene,2001,10.0,nondetect
9115,Benzene,2007,10.0,nondetect
9115,Benzene,2009,10.0,nondetect
9115,Benzene,2011,5.0,nondetect
9115,Benzene,2015,5.0,nondetect
9115,Benzene,2017,5.0,nondetect
9115,Benzene,2019,5.0,nondetect
9115,Benzo(a)pyrene,2015,1.9,nondetect
9115,Benzo(a)pyrene,2017,9.4,nondetect
9115,Benzo(a)pyrene,2019,9.4,nondetect
9115,Chlorobenzene,2001,10.0,nondetect
9115,Chlorobenzene,2007,10.0,nondetect
9115,Chlorobenzene,2009,10.0,nondetect
9115,Chlorobenzene,2011,5.0,nondetect
9115,Chlorobenzene,2015,5.0,nondetect
9115,Chlorobenzene,2017,5.0,nondetect
9115,Chlorobenzene,2019,5.0,nondetect
9115,Chloroform / THMs,2015,5.0,nondetect
9115,Chloroform / THMs,2017,5.0,nondetect
9115,Chloroform / THMs,2019,5.0,nondetect
9115,DDT / DDE / DDD,2015,0.05,nondetect
9115,DDT / DDE / DDD,2017,0.047,nondetect
9115,Dieldrin,2015,0.05,nondetect
9115,Dieldrin,2017,0.047,nondetect
9115,Dioxins / furans,2015,9.3,nondetect
9115,Dioxins / furans,2017,9.4,nondetect
9115,Dioxins / furans,2019,9.4,nondetect
9115,Ethylbenzene,2001,10.0,nondetect
9115,Ethylbenzene,2007,10.0,nondetect
9115,Ethylbenzene,2009,10.0,nondetect
9115,Ethylbenzene,2011,5.0,nondetect
9115,Ethylbenzene,2015,5.0,nondetect
9115,Ethylbenzene,2017,5.0,nondetect
9115,Ethylbenzene,2019,5.0,nondetect
9115,Lindane / BHC,2015,0.05,nondetect
9115,Lindane / BHC,2017,0.047,nondetect
9115,Naphthalene,2015,1.9,nondetect
9115,Naphthalene,2017,9.4,nondetect
9115,Naphthalene,2019,9.4,nondetect
9115,PCBs,2015,0.4,nondetect
9115,PCBs,2017,0.94,nondetect
9115,PCBs,2019,0.94,nondetect
9115,Tetrachloroethene (PCE),2001,10.0,nondetect
9115,Tetrachloroethene (PCE),2007,10.0,nondetect
9115,Tetrachloroethene (PCE),2009,10.0,nondetect
9115,Tetrachloroethene (PCE),2011,5.0,nondetect
9115,Tetrachloroethene (PCE),2015,5.0,nondetect
9115,Tetrachloroethene (PCE),2017,5.0,nondetect
9115,Tetrachloroethene (PCE),2019,5.0,nondetect
9115,Toluene,2001,10.0,nondetect
9115,Toluene,2007,10.0,nondetect
9115,Toluene,2009,10.0,nondetect
9115,Toluene,2011,5.0,nondetect
9115,Toluene,2015,5.0,nondetect
9115,Toluene,2017,5.0,nondetect
9115,Toluene,2019,5.0,nondetect
9115,Trichloroethene (TCE),2001,10.0,nondetect
9115,Trichloroethene (TCE),2007,10.0,nondetect
9115,Trichloroethene (TCE),2009,10.0,nondetect
9115,Trichloroethene (TCE),2011,5.0,nondetect
9115,Trichloroethene (TCE),2015,5.0,nondetect
9115,Trichloroethene (TCE),2017,5.0,nondetect
9115,Trichloroethene (TCE),2019,5.0,nondetect
9115,Vinyl chloride,2001,10.0,nondetect
9115,Vinyl chloride,2009,10.0,nondetect
9115,Vinyl chloride,2011,5.0,nondetect
9115,Vinyl chloride,2015,5.0,nondetect
9115,Vinyl chloride,2017,5.0,nondetect
9115,Vinyl chloride,2019,5.0,nondetect
9115,Xylene,2007,10.0,nondetect
9115,Xylene,2009,10.0,nondetect
9115,Xylene,2011,15.0,nondetect
9115,Xylene,2015,10.0,nondetect
9115,Xylene,2017,5.0,nondetect
9115,Xylene,2019,5.0,nondetect
9118,"1,1,2,2-Tetrachloroethane",2000,10.0,nondetect
9118,"1,1,2,2-Tetrachloroethane",2001,10.0,nondetect
9118,"1,1,2,2-Tetrachloroethane",2002,10.0,nondetect
9118,"1,1,2,2-Tetrachloroethane",2018,5.0,nondetect
9118,"1,2,4-Trichlorobenzene",2000,10.0,nondetect
9118,"1,2,4-Trichlorobenzene",2001,10.0,nondetect
9118,"1,2,4-Trichlorobenzene",2002,10.0,nondetect
9118,"1,2,4-Trichlorobenzene",2005,9.4,nondetect
9118,"1,2,4-Trichlorobenzene",2006,10.0,nondetect
9118,"1,2,4-Trichlorobenzene",2018,9.4,nondetect
9118,"1,2-Dichlorobenzene",2000,10.0,nondetect
9118,"1,2-Dichlorobenzene",2001,10.0,nondetect
9118,"1,2-Dichlorobenzene",2005,9.4,nondetect
9118,"1,2-Dichlorobenzene",2006,10.0,nondetect
9118,"1,2-Dichlorobenzene",2018,9.4,nondetect
9118,"1,2-Dichloroethane",2016,5.0,nondetect
9118,"1,4-Dichlorobenzene",2000,10.0,nondetect
9118,"1,4-Dichlorobenzene",2001,10.0,nondetect
9118,"1,4-Dichlorobenzene",2005,9.4,nondetect
9118,"1,4-Dichlorobenzene",2006,10.0,nondetect
9118,"1,4-Dichlorobenzene",2018,9.4,nondetect
9118,Benzene,2000,10.0,nondetect
9118,Benzene,2001,10.0,nondetect
9118,Benzene,2002,10.0,nondetect
9118,Benzene,2006,10.0,nondetect
9118,Benzene,2010,5.0,nondetect
9118,Benzene,2012,5.0,nondetect
9118,Benzene,2014,5.0,nondetect
9118,Benzene,2016,5.0,nondetect
9118,Benzene,2018,5.0,nondetect
9118,Benzo(a)pyrene,2016,9.4,nondetect
9118,Chlorobenzene,2000,10.0,nondetect
9118,Chlorobenzene,2001,10.0,nondetect
9118,Chlorobenzene,2002,10.0,nondetect
9118,Chlorobenzene,2005,10.0,nondetect
9118,Chlorobenzene,2006,10.0,nondetect
9118,Chlorobenzene,2010,5.0,nondetect
9118,Chlorobenzene,2012,5.0,nondetect
9118,Chlorobenzene,2014,5.0,nondetect
9118,Chlorobenzene,2016,5.0,nondetect
9118,Chlorobenzene,2018,5.0,nondetect
9118,Chloroform / THMs,2000,10.0,nondetect
9118,Chloroform / THMs,2016,5.0,nondetect
9118,DDT / DDE / DDD,2016,0.047,nondetect
9118,Dieldrin,2016,0.047,nondetect
9118,Dioxins / furans,2016,9.4,nondetect
9118,Ethylbenzene,2000,10.0,nondetect
9118,Ethylbenzene,2001,10.0,nondetect
9118,Ethylbenzene,2002,10.0,nondetect
9118,Ethylbenzene,2010,5.0,nondetect
9118,Ethylbenzene,2012,5.0,nondetect
9118,Ethylbenzene,2014,5.0,nondetect
9118,Ethylbenzene,2016,5.0,nondetect
9118,Ethylbenzene,2018,5.0,nondetect
9118,Lindane / BHC,2016,0.047,nondetect
9118,Naphthalene,2016,9.4,nondetect
9118,PCBs,2016,0.94,nondetect
9118,Tetrachloroethene (PCE),2000,10.0,nondetect
9118,Tetrachloroethene (PCE),2001,10.0,nondetect
9118,Tetrachloroethene (PCE),2002,10.0,nondetect
9118,Tetrachloroethene (PCE),2006,10.0,nondetect
9118,Tetrachloroethene (PCE),2010,5.0,nondetect
9118,Tetrachloroethene (PCE),2012,5.0,nondetect
9118,Tetrachloroethene (PCE),2014,5.0,nondetect
9118,Tetrachloroethene (PCE),2016,5.0,nondetect
9118,Tetrachloroethene (PCE),2018,5.0,nondetect
9118,Toluene,2000,10.0,nondetect
9118,Toluene,2001,10.0,nondetect
9118,Toluene,2002,10.0,nondetect
9118,Toluene,2005,10.0,nondetect
9118,Toluene,2006,10.0,nondetect
9118,Toluene,2010,5.0,nondetect
9118,Toluene,2012,5.0,nondetect
9118,Toluene,2014,5.0,nondetect
9118,Toluene,2016,5.0,nondetect
9118,Toluene,2018,5.0,nondetect
9118,Trichloroethene (TCE),2000,10.0,nondetect
9118,Trichloroethene (TCE),2001,10.0,nondetect
9118,Trichloroethene (TCE),2002,10.0,nondetect
9118,Trichloroethene (TCE),2006,10.0,nondetect
9118,Trichloroethene (TCE),2010,5.0,nondetect
9118,Trichloroethene (TCE),2012,5.0,nondetect
9118,Trichloroethene (TCE),2014,5.0,nondetect
9118,Trichloroethene (TCE),2016,5.0,nondetect
9118,Trichloroethene (TCE),2018,5.0,nondetect
9118,Vinyl chloride,2000,10.0,nondetect
9118,Vinyl chloride,2001,10.0,nondetect
9118,Vinyl chloride,2002,10.0,nondetect
9118,Vinyl chloride,2010,5.0,nondetect
9118,Vinyl chloride,2012,5.0,nondetect
9118,Vinyl chloride,2014,5.0,nondetect
9118,Vinyl chloride,2016,5.0,nondetect
9118,Vinyl chloride,2018,5.0,nondetect
9118,Xylene,2000,10.0,nondetect
9118,Xylene,2010,15.0,nondetect
9118,Xylene,2012,15.0,nondetect
9118,Xylene,2014,10.0,nondetect
9118,Xylene,2016,5.0,nondetect
9118,Xylene,2018,5.0,nondetect
9120,"1,1,2,2-Tetrachloroethane",2009,10.0,nondetect
9120,"1,2,4-Trichlorobenzene",2005,9.4,nondetect
9120,"1,2-Dichlorobenzene",2005,9.4,nondetect
9120,"1,2-Dichloroethane",2015,5.0,nondetect
9120,"1,2-Dichloroethane",2017,5.0,nondetect
9120,"1,2-Dichloroethane",2019,5.0,nondetect
9120,"1,4-Dichlorobenzene",2005,9.4,nondetect
9120,Benzene,2009,10.0,nondetect
9120,Benzene,2011,5.0,nondetect
9120,Benzene,2015,5.0,nondetect
9120,Benzene,2017,5.0,nondetect
9120,Benzene,2019,5.0,nondetect
9120,Benzo(a)pyrene,2015,1.9,nondetect
9120,Benzo(a)pyrene,2017,9.4,nondetect
9120,Benzo(a)pyrene,2019,9.4,nondetect
9120,Chlorobenzene,2005,10.0,nondetect
9120,Chlorobenzene,2009,10.0,nondetect
9120,Chlorobenzene,2011,5.0,nondetect
9120,Chlorobenzene,2015,5.0,nondetect
9120,Chlorobenzene,2017,5.0,nondetect
9120,Chlorobenzene,2019,5.0,nondetect
9120,Chloroform / THMs,2015,5.0,nondetect
9120,Chloroform / THMs,2017,5.0,nondetect
9120,Chloroform / THMs,2019,5.0,nondetect
9120,DDT / DDE / DDD,2015,0.05,nondetect
9120,DDT / DDE / DDD,2017,0.047,nondetect
9120,DDT / DDE / DDD,2019,0.047,nondetect
9120,Dieldrin,2015,0.05,nondetect
9120,Dieldrin,2017,0.047,nondetect
9120,Dieldrin,2019,0.047,nondetect
9120,Dioxins / furans,2015,9.3,nondetect
9120,Dioxins / furans,2017,9.4,nondetect
9120,Dioxins / furans,2019,9.4,nondetect
9120,Ethylbenzene,2009,10.0,nondetect
9120,Ethylbenzene,2011,5.0,nondetect
9120,Ethylbenzene,2015,5.0,nondetect
9120,Ethylbenzene,2017,5.0,nondetect
9120,Ethylbenzene,2019,5.0,nondetect
9120,Lindane / BHC,2015,0.05,nondetect
9120,Lindane / BHC,2017,0.047,nondetect
9120,Lindane / BHC,2019,0.047,nondetect
9120,Naphthalene,2015,1.9,nondetect
9120,Naphthalene,2017,9.4,nondetect
9120,Naphthalene,2019,9.4,nondetect
9120,PCBs,2015,0.4,nondetect
9120,PCBs,2017,0.94,nondetect
9120,PCBs,2019,0.94,nondetect
9120,Tetrachloroethene (PCE),2009,10.0,nondetect
9120,Tetrachloroethene (PCE),2011,5.0,nondetect
9120,Tetrachloroethene (PCE),2015,5.0,nondetect
9120,Tetrachloroethene (PCE),2017,5.0,nondetect
9120,Tetrachloroethene (PCE),2019,5.0,nondetect
9120,Toluene,2005,10.0,nondetect
9120,Toluene,2009,10.0,nondetect
9120,Toluene,2011,5.0,nondetect
9120,Toluene,2015,5.0,nondetect
9120,Toluene,2017,5.0,nondetect
9120,Toluene,2019,5.0,nondetect
9120,Trichloroethene (TCE),2009,10.0,nondetect
9120,Trichloroethene (TCE),2011,5.0,nondetect
9120,Trichloroethene (TCE),2015,5.0,nondetect
9120,Trichloroethene (TCE),2017,5.0,nondetect
9120,Trichloroethene (TCE),2019,5.0,nondetect
9120,Vinyl chloride,2009,10.0,nondetect
9120,Vinyl chloride,2011,5.0,nondetect
9120,Vinyl chloride,2015,5.0,nondetect
9120,Vinyl chloride,2017,5.0,nondetect
9120,Vinyl chloride,2019,5.0,nondetect
9120,Xylene,2009,10.0,nondetect
9120,Xylene,2011,15.0,nondetect
9120,Xylene,2015,10.0,nondetect
9120,Xylene,2017,5.0,nondetect
9120,Xylene,2019,5.0,nondetect
9125,"1,1,2,2-Tetrachloroethane",2001,10.0,nondetect
9125,"1,1,2,2-Tetrachloroethane",2007,10.0,nondetect
9125,"1,1,2,2-Tetrachloroethane",2009,10.0,nondetect
9125,"1,2,4-Trichlorobenzene",2001,10.0,nondetect
9125,"1,2,4-Trichlorobenzene",2005,9.4,nondetect
9125,"1,2,4-Trichlorobenzene",2007,10.0,nondetect
9125,"1,2-Dichlorobenzene",2001,10.0,nondetect
9125,"1,2-Dichlorobenzene",2005,9.4,nondetect
9125,"1,2-Dichlorobenzene",2007,10.0,nondetect
9125,"1,2-Dichloroethane",2015,5.0,nondetect
9125,"1,2-Dichloroethane",2017,5.0,nondetect
9125,"1,2-Dichloroethane",2019,5.0,nondetect
9125,"1,4-Dichlorobenzene",2001,10.0,nondetect
9125,"1,4-Dichlorobenzene",2005,9.4,nondetect
9125,"1,4-Dichlorobenzene",2007,10.0,nondetect
9125,Benzene,2001,10.0,nondetect
9125,Benzene,2007,10.0,nondetect
9125,Benzene,2009,10.0,nondetect
9125,Benzene,2011,5.0,nondetect
9125,Benzene,2015,5.0,nondetect
9125,Benzene,2017,5.0,nondetect
9125,Benzene,2019,5.0,nondetect
9125,Benzo(a)pyrene,2015,1.9,nondetect
9125,Benzo(a)pyrene,2017,9.4,nondetect
9125,Benzo(a)pyrene,2019,9.4,nondetect
9125,Chlorobenzene,2001,10.0,nondetect
9125,Chlorobenzene,2005,10.0,nondetect
9125,Chlorobenzene,2007,10.0,nondetect
9125,Chlorobenzene,2009,10.0,nondetect
9125,Chlorobenzene,2011,5.0,nondetect
9125,Chlorobenzene,2015,5.0,nondetect
9125,Chlorobenzene,2017,5.0,nondetect
9125,Chlorobenzene,2019,5.0,nondetect
9125,Chloroform / THMs,2015,5.0,nondetect
9125,Chloroform / THMs,2017,5.0,nondetect
9125,Chloroform / THMs,2019,5.0,nondetect
9125,DDT / DDE / DDD,2015,0.05,nondetect
9125,DDT / DDE / DDD,2017,0.047,nondetect
9125,Dieldrin,2015,0.05,nondetect
9125,Dieldrin,2017,0.047,nondetect
9125,Dioxins / furans,2015,9.3,nondetect
9125,Dioxins / furans,2017,9.4,nondetect
9125,Dioxins / furans,2019,9.4,nondetect
9125,Ethylbenzene,2001,10.0,nondetect
9125,Ethylbenzene,2007,10.0,nondetect
9125,Ethylbenzene,2009,10.0,nondetect
9125,Ethylbenzene,2011,5.0,nondetect
9125,Ethylbenzene,2015,5.0,nondetect
9125,Ethylbenzene,2017,5.0,nondetect
9125,Ethylbenzene,2019,5.0,nondetect
9125,Lindane / BHC,2015,0.05,nondetect
9125,Lindane / BHC,2017,0.047,nondetect
9125,Naphthalene,2015,1.9,nondetect
9125,Naphthalene,2017,9.4,nondetect
9125,Naphthalene,2019,9.4,nondetect
9125,PCBs,2015,0.4,nondetect
9125,PCBs,2017,0.94,nondetect
9125,PCBs,2019,0.94,nondetect
9125,Tetrachloroethene (PCE),2001,10.0,nondetect
9125,Tetrachloroethene (PCE),2007,10.0,nondetect
9125,Tetrachloroethene (PCE),2009,10.0,nondetect
9125,Tetrachloroethene (PCE),2011,5.0,nondetect
9125,Tetrachloroethene (PCE),2015,5.0,nondetect
9125,Tetrachloroethene (PCE),2017,5.0,nondetect
9125,Tetrachloroethene (PCE),2019,5.0,nondetect
9125,Toluene,2001,10.0,nondetect
9125,Toluene,2005,10.0,nondetect
9125,Toluene,2007,10.0,nondetect
9125,Toluene,2009,10.0,nondetect
9125,Toluene,2011,5.0,nondetect
9125,Toluene,2015,5.0,nondetect
9125,Toluene,2017,5.0,nondetect
9125,Toluene,2019,5.0,nondetect
9125,Trichloroethene (TCE),2001,10.0,nondetect
9125,Trichloroethene (TCE),2007,10.0,nondetect
9125,Trichloroethene (TCE),2009,10.0,nondetect
9125,Trichloroethene (TCE),2011,5.0,nondetect
9125,Trichloroethene (TCE),2015,5.0,nondetect
9125,Trichloroethene (TCE),2017,5.0,nondetect
9125,Trichloroethene (TCE),2019,5.0,nondetect
9125,Vinyl chloride,2001,10.0,nondetect
9125,Vinyl chloride,2009,10.0,nondetect
9125,Vinyl chloride,2011,5.0,nondetect
9125,Vinyl chloride,2015,5.0,nondetect
9125,Vinyl chloride,2017,5.0,nondetect
9125,Vinyl chloride,2019,5.0,nondetect
9125,Xylene,2007,10.0,nondetect
9125,Xylene,2009,10.0,nondetect
9125,Xylene,2011,15.0,nondetect
9125,Xylene,2015,10.0,nondetect
9125,Xylene,2017,5.0,nondetect
9125,Xylene,2019,5.0,nondetect
9130,"1,1,2,2-Tetrachloroethane",2007,10.0,nondetect
9130,"1,1,2,2-Tetrachloroethane",2009,10.0,nondetect
9130,"1,2,4-Trichlorobenzene",2007,10.0,nondetect
9130,"1,2-Dichlorobenzene",2007,10.0,nondetect
9130,"1,2-Dichloroethane",2015,5.0,nondetect
9130,"1,2-Dichloroethane",2017,5.0,nondetect
9130,"1,2-Dichloroethane",2019,5.0,nondetect
9130,"1,4-Dichlorobenzene",2007,10.0,nondetect
9130,Benzene,2007,10.0,nondetect
9130,Benzene,2009,10.0,nondetect
9130,Benzene,2011,5.0,nondetect
9130,Benzene,2015,5.0,nondetect
9130,Benzene,2017,5.0,nondetect
9130,Benzene,2019,5.0,nondetect
9130,Benzo(a)pyrene,2015,1.9,nondetect
9130,Benzo(a)pyrene,2017,9.4,nondetect
9130,Benzo(a)pyrene,2019,9.4,nondetect
9130,Chlorobenzene,2007,10.0,nondetect
9130,Chlorobenzene,2009,10.0,nondetect
9130,Chlorobenzene,2011,5.0,nondetect
9130,Chlorobenzene,2015,5.0,nondetect
9130,Chlorobenzene,2017,5.0,nondetect
9130,Chlorobenzene,2019,5.0,nondetect
9130,Chloroform / THMs,2015,5.0,nondetect
9130,Chloroform / THMs,2017,5.0,nondetect
9130,Chloroform / THMs,2019,5.0,nondetect
9130,DDT / DDE / DDD,2015,0.05,nondetect
9130,DDT / DDE / DDD,2017,0.047,nondetect
9130,DDT / DDE / DDD,2019,0.047,nondetect
9130,Dieldrin,2015,0.05,nondetect
9130,Dieldrin,2017,0.047,nondetect
9130,Dieldrin,2019,0.047,nondetect
9130,Dioxins / furans,2015,9.3,nondetect
9130,Dioxins / furans,2017,9.4,nondetect
9130,Dioxins / furans,2019,9.4,nondetect
9130,Ethylbenzene,2007,10.0,nondetect
9130,Ethylbenzene,2009,10.0,nondetect
9130,Ethylbenzene,2011,5.0,nondetect
9130,Ethylbenzene,2015,5.0,nondetect
9130,Ethylbenzene,2017,5.0,nondetect
9130,Ethylbenzene,2019,5.0,nondetect
9130,Lindane / BHC,2015,0.05,nondetect
9130,Lindane / BHC,2017,0.047,nondetect
9130,Lindane / BHC,2019,0.047,nondetect
9130,Naphthalene,2015,1.9,nondetect
9130,Naphthalene,2017,9.4,nondetect
9130,Naphthalene,2019,9.4,nondetect
9130,PCBs,2015,0.4,nondetect
9130,PCBs,2017,0.94,nondetect
9130,PCBs,2019,0.94,nondetect
9130,Tetrachloroethene (PCE),2007,10.0,nondetect
9130,Tetrachloroethene (PCE),2009,10.0,nondetect
9130,Tetrachloroethene (PCE),2011,5.0,nondetect
9130,Tetrachloroethene (PCE),2015,5.0,nondetect
9130,Tetrachloroethene (PCE),2017,5.0,nondetect
9130,Tetrachloroethene (PCE),2019,5.0,nondetect
9130,Toluene,2007,10.0,nondetect
9130,Toluene,2009,10.0,nondetect
9130,Toluene,2011,5.0,nondetect
9130,Toluene,2015,5.0,nondetect
9130,Toluene,2017,5.0,nondetect
9130,Toluene,2019,5.0,nondetect
9130,Trichloroethene (TCE),2007,10.0,nondetect
9130,Trichloroethene (TCE),2009,10.0,nondetect
9130,Trichloroethene (TCE),2011,5.0,nondetect
9130,Trichloroethene (TCE),2015,5.0,nondetect
9130,Trichloroethene (TCE),2017,5.0,nondetect
9130,Trichloroethene (TCE),2019,5.0,nondetect
9130,Vinyl chloride,2009,10.0,nondetect
9130,Vinyl chloride,2011,5.0,nondetect
9130,Vinyl chloride,2015,5.0,nondetect
9130,Vinyl chloride,2017,5.0,nondetect
9130,Vinyl chloride,2019,5.0,nondetect
9130,Xylene,2007,10.0,nondetect
9130,Xylene,2009,10.0,nondetect
9130,Xylene,2011,15.0,nondetect
9130,Xylene,2015,10.0,nondetect
9130,Xylene,2017,5.0,nondetect
9130,Xylene,2019,5.0,nondetect
9140,"1,1,2,2-Tetrachloroethane",2007,10.0,nondetect
9140,"1,1,2,2-Tetrachloroethane",2009,10.0,nondetect
9140,"1,2,4-Trichlorobenzene",2005,9.4,nondetect
9140,"1,2,4-Trichlorobenzene",2007,10.0,nondetect
9140,"1,2-Dichlorobenzene",2005,9.4,nondetect
9140,"1,2-Dichlorobenzene",2007,10.0,nondetect
9140,"1,2-Dichloroethane",2015,5.0,nondetect
9140,"1,2-Dichloroethane",2017,5.0,nondetect
9140,"1,2-Dichloroethane",2019,5.0,nondetect
9140,"1,4-Dichlorobenzene",2005,9.4,nondetect
9140,"1,4-Dichlorobenzene",2007,10.0,nondetect
9140,Benzene,2007,10.0,nondetect
9140,Benzene,2009,10.0,nondetect
9140,Benzene,2011,5.0,nondetect
9140,Benzene,2015,5.0,nondetect
9140,Benzene,2017,5.0,nondetect
9140,Benzene,2019,5.0,nondetect
9140,Benzo(a)pyrene,2015,1.9,nondetect
9140,Benzo(a)pyrene,2017,19.0,nondetect
9140,Benzo(a)pyrene,2019,9.4,nondetect
9140,Chlorobenzene,2005,10.0,nondetect
9140,Chlorobenzene,2007,10.0,nondetect
9140,Chlorobenzene,2009,10.0,nondetect
9140,Chlorobenzene,2011,5.0,nondetect
9140,Chlorobenzene,2015,5.0,nondetect
9140,Chlorobenzene,2017,5.0,nondetect
9140,Chlorobenzene,2019,5.0,nondetect
9140,Chloroform / THMs,2015,5.0,nondetect
9140,Chloroform / THMs,2017,5.0,nondetect
9140,Chloroform / THMs,2019,5.0,nondetect
9140,DDT / DDE / DDD,2015,0.05,nondetect
9140,DDT / DDE / DDD,2017,0.047,nondetect
9140,DDT / DDE / DDD,2019,0.047,nondetect
9140,Dieldrin,2015,0.05,nondetect
9140,Dieldrin,2017,0.047,nondetect
9140,Dieldrin,2019,0.047,nondetect
9140,Dioxins / furans,2015,9.3,nondetect
9140,Dioxins / furans,2017,19.0,nondetect
9140,Dioxins / furans,2019,9.4,nondetect
9140,Ethylbenzene,2007,10.0,nondetect
9140,Ethylbenzene,2009,10.0,nondetect
9140,Ethylbenzene,2011,5.0,nondetect
9140,Ethylbenzene,2015,5.0,nondetect
9140,Ethylbenzene,2017,5.0,nondetect
9140,Ethylbenzene,2019,5.0,nondetect
9140,Lindane / BHC,2015,0.05,nondetect
9140,Lindane / BHC,2017,0.047,nondetect
9140,Lindane / BHC,2019,0.047,nondetect
9140,Naphthalene,2015,1.9,nondetect
9140,Naphthalene,2017,19.0,nondetect
9140,Naphthalene,2019,9.4,nondetect
9140,PCBs,2015,0.4,nondetect
9140,PCBs,2017,0.94,nondetect
9140,PCBs,2019,0.94,nondetect
9140,Tetrachloroethene (PCE),2007,10.0,nondetect
9140,Tetrachloroethene (PCE),2009,10.0,nondetect
9140,Tetrachloroethene (PCE),2011,5.0,nondetect
9140,Tetrachloroethene (PCE),2015,5.0,nondetect
9140,Tetrachloroethene (PCE),2017,5.0,nondetect
9140,Tetrachloroethene (PCE),2019,5.0,nondetect
9140,Toluene,2005,10.0,nondetect
9140,Toluene,2007,10.0,nondetect
9140,Toluene,2009,10.0,nondetect
9140,Toluene,2011,5.0,nondetect
9140,Toluene,2015,5.0,nondetect
9140,Toluene,2017,5.0,nondetect
9140,Toluene,2019,5.0,nondetect
9140,Trichloroethene (TCE),2007,10.0,nondetect
9140,Trichloroethene (TCE),2009,10.0,nondetect
9140,Trichloroethene (TCE),2011,5.0,nondetect
9140,Trichloroethene (TCE),2015,5.0,nondetect
9140,Trichloroethene (TCE),2017,5.0,nondetect
9140,Trichloroethene (TCE),2019,5.0,nondetect
9140,Vinyl chloride,2009,10.0,nondetect
9140,Vinyl chloride,2011,5.0,nondetect
9140,Vinyl chloride,2015,5.0,nondetect
9140,Vinyl chloride,2017,5.0,nondetect
9140,Vinyl chloride,2019,5.0,nondetect
9140,Xylene,2007,2.0,detect
9140,Xylene,2009,10.0,nondetect
9140,Xylene,2011,15.0,nondetect
9140,Xylene,2015,10.0,nondetect
9140,Xylene,2017,5.0,nondetect
9140,Xylene,2019,5.0,nondetect
9205,"1,1,2,2-Tetrachloroethane",2000,10.0,nondetect
9205,"1,1,2,2-Tetrachloroethane",2001,10.0,nondetect
9205,"1,1,2,2-Tetrachloroethane",2002,10.0,nondetect
9205,"1,1,2,2-Tetrachloroethane",2007,10.0,nondetect
9205,"1,1,2,2-Tetrachloroethane",2009,10.0,nondetect
9205,"1,1,2,2-Tetrachloroethane",2018,5.0,nondetect
9205,"1,2,4-Trichlorobenzene",2000,10.0,nondetect
9205,"1,2,4-Trichlorobenzene",2001,10.0,nondetect
9205,"1,2,4-Trichlorobenzene",2002,10.0,nondetect
9205,"1,2,4-Trichlorobenzene",2006,10.0,nondetect
9205,"1,2,4-Trichlorobenzene",2007,10.0,nondetect
9205,"1,2,4-Trichlorobenzene",2018,9.4,nondetect
9205,"1,2-Dichlorobenzene",2000,10.0,nondetect
9205,"1,2-Dichlorobenzene",2001,10.0,nondetect
9205,"1,2-Dichlorobenzene",2006,10.0,nondetect
9205,"1,2-Dichlorobenzene",2007,10.0,nondetect
9205,"1,2-Dichlorobenzene",2018,9.4,nondetect
9205,"1,2-Dichloroethane",2015,5.0,nondetect
9205,"1,2-Dichloroethane",2016,5.0,nondetect
9205,"1,2-Dichloroethane",2017,5.0,nondetect
9205,"1,2-Dichloroethane",2019,5.0,nondetect
9205,"1,4-Dichlorobenzene",2000,10.0,nondetect
9205,"1,4-Dichlorobenzene",2001,10.0,nondetect
9205,"1,4-Dichlorobenzene",2006,10.0,nondetect
9205,"1,4-Dichlorobenzene",2007,10.0,nondetect
9205,"1,4-Dichlorobenzene",2018,9.4,nondetect
9205,Benzene,2000,10.0,nondetect
9205,Benzene,2001,10.0,nondetect
9205,Benzene,2002,10.0,nondetect
9205,Benzene,2006,10.0,nondetect
9205,Benzene,2007,10.0,nondetect
9205,Benzene,2009,10.0,nondetect
9205,Benzene,2010,5.0,nondetect
9205,Benzene,2011,5.0,nondetect
9205,Benzene,2012,5.0,nondetect
9205,Benzene,2013,5.0,nondetect
9205,Benzene,2015,5.0,nondetect
9205,Benzene,2016,5.0,nondetect
9205,Benzene,2017,5.0,nondetect
9205,Benzene,2018,5.0,nondetect
9205,Benzene,2019,5.0,nondetect
9205,Benzo(a)pyrene,2015,1.9,nondetect
9205,Benzo(a)pyrene,2016,9.4,nondetect
9205,Benzo(a)pyrene,2017,9.4,nondetect
9205,Benzo(a)pyrene,2019,9.4,nondetect
9205,Chlorobenzene,2000,10.0,nondetect
9205,Chlorobenzene,2001,10.0,nondetect
9205,Chlorobenzene,2002,10.0,nondetect
9205,Chlorobenzene,2006,10.0,nondetect
9205,Chlorobenzene,2007,10.0,nondetect
9205,Chlorobenzene,2009,10.0,nondetect
9205,Chlorobenzene,2010,5.0,nondetect
9205,Chlorobenzene,2011,5.0,nondetect
9205,Chlorobenzene,2012,5.0,nondetect
9205,Chlorobenzene,2013,5.0,nondetect
9205,Chlorobenzene,2015,5.0,nondetect
9205,Chlorobenzene,2016,5.0,nondetect
9205,Chlorobenzene,2017,5.0,nondetect
9205,Chlorobenzene,2018,5.0,nondetect
9205,Chlorobenzene,2019,5.0,nondetect
9205,Chloroform / THMs,2000,10.0,nondetect
9205,Chloroform / THMs,2015,5.0,nondetect
9205,Chloroform / THMs,2016,5.0,nondetect
9205,Chloroform / THMs,2017,5.0,nondetect
9205,Chloroform / THMs,2019,5.0,nondetect
9205,DDT / DDE / DDD,2015,0.025,nondetect
9205,DDT / DDE / DDD,2016,0.047,nondetect
9205,DDT / DDE / DDD,2017,0.047,nondetect
9205,DDT / DDE / DDD,2019,0.047,nondetect
9205,Dieldrin,2015,0.061,detect
9205,Dieldrin,2016,0.047,nondetect
9205,Dieldrin,2017,0.047,nondetect
9205,Dieldrin,2019,0.047,nondetect
9205,Dioxins / furans,2015,9.3,nondetect
9205,Dioxins / furans,2016,9.4,nondetect
9205,Dioxins / furans,2017,9.4,nondetect
9205,Dioxins / furans,2019,9.4,nondetect
9205,Ethylbenzene,2000,10.0,nondetect
9205,Ethylbenzene,2001,10.0,nondetect
9205,Ethylbenzene,2002,10.0,nondetect
9205,Ethylbenzene,2007,10.0,nondetect
9205,Ethylbenzene,2009,10.0,nondetect
9205,Ethylbenzene,2010,5.0,nondetect
9205,Ethylbenzene,2011,5.0,nondetect
9205,Ethylbenzene,2012,5.0,nondetect
9205,Ethylbenzene,2013,5.0,nondetect
9205,Ethylbenzene,2015,5.0,nondetect
9205,Ethylbenzene,2016,5.0,nondetect
9205,Ethylbenzene,2017,5.0,nondetect
9205,Ethylbenzene,2018,5.0,nondetect
9205,Ethylbenzene,2019,5.0,nondetect
9205,Lindane / BHC,2015,0.09,detect
9205,Lindane / BHC,2016,0.067,detect
9205,Lindane / BHC,2017,0.081,detect
9205,Lindane / BHC,2019,0.037,detect
9205,Naphthalene,2015,1.9,nondetect
9205,Naphthalene,2016,9.4,nondetect
9205,Naphthalene,2017,9.4,nondetect
9205,Naphthalene,2019,9.4,nondetect
9205,PCBs,2015,0.2,nondetect
9205,PCBs,2016,0.94,nondetect
9205,PCBs,2017,0.94,nondetect
9205,PCBs,2019,0.94,nondetect
9205,Tetrachloroethene (PCE),2000,10.0,nondetect
9205,Tetrachloroethene (PCE),2001,10.0,nondetect
9205,Tetrachloroethene (PCE),2002,10.0,nondetect
9205,Tetrachloroethene (PCE),2006,10.0,nondetect
9205,Tetrachloroethene (PCE),2007,10.0,nondetect
9205,Tetrachloroethene (PCE),2009,10.0,nondetect
9205,Tetrachloroethene (PCE),2010,5.0,nondetect
9205,Tetrachloroethene (PCE),2011,5.0,nondetect
9205,Tetrachloroethene (PCE),2012,5.0,nondetect
9205,Tetrachloroethene (PCE),2013,5.0,nondetect
9205,Tetrachloroethene (PCE),2015,5.0,nondetect
9205,Tetrachloroethene (PCE),2016,5.0,nondetect
9205,Tetrachloroethene (PCE),2017,5.0,nondetect
9205,Tetrachloroethene (PCE),2018,5.0,nondetect
9205,Tetrachloroethene (PCE),2019,5.0,nondetect
9205,Toluene,2000,15.0,detect
9205,Toluene,2001,10.0,nondetect
9205,Toluene,2002,10.0,nondetect
9205,Toluene,2006,10.0,nondetect
9205,Toluene,2007,10.0,nondetect
9205,Toluene,2009,10.0,nondetect
9205,Toluene,2010,5.0,nondetect
9205,Toluene,2011,5.0,nondetect
9205,Toluene,2012,5.0,nondetect
9205,Toluene,2013,5.0,nondetect
9205,Toluene,2015,5.0,nondetect
9205,Toluene,2016,5.0,nondetect
9205,Toluene,2017,5.0,nondetect
9205,Toluene,2018,5.0,nondetect
9205,Toluene,2019,5.0,nondetect
9205,Trichloroethene (TCE),2000,10.0,nondetect
9205,Trichloroethene (TCE),2001,10.0,nondetect
9205,Trichloroethene (TCE),2002,10.0,nondetect
9205,Trichloroethene (TCE),2006,10.0,nondetect
9205,Trichloroethene (TCE),2007,10.0,nondetect
9205,Trichloroethene (TCE),2009,10.0,nondetect
9205,Trichloroethene (TCE),2010,5.0,nondetect
9205,Trichloroethene (TCE),2011,5.0,nondetect
9205,Trichloroethene (TCE),2012,5.0,nondetect
9205,Trichloroethene (TCE),2013,5.0,nondetect
9205,Trichloroethene (TCE),2015,5.0,nondetect
9205,Trichloroethene (TCE),2016,5.0,nondetect
9205,Trichloroethene (TCE),2017,5.0,nondetect
9205,Trichloroethene (TCE),2018,5.0,nondetect
9205,Trichloroethene (TCE),2019,5.0,nondetect
9205,Vinyl chloride,2000,10.0,nondetect
9205,Vinyl chloride,2001,10.0,nondetect
9205,Vinyl chloride,2002,10.0,nondetect
9205,Vinyl chloride,2009,10.0,nondetect
9205,Vinyl chloride,2010,5.0,nondetect
9205,Vinyl chloride,2011,5.0,nondetect
9205,Vinyl chloride,2012,5.0,nondetect
9205,Vinyl chloride,2013,5.0,nondetect
9205,Vinyl chloride,2015,5.0,nondetect
9205,Vinyl chloride,2016,5.0,nondetect
9205,Vinyl chloride,2017,5.0,nondetect
9205,Vinyl chloride,2018,5.0,nondetect
9205,Vinyl chloride,2019,5.0,nondetect
9205,Xylene,2000,10.0,nondetect
9205,Xylene,2007,10.0,nondetect
9205,Xylene,2009,10.0,nondetect
9205,Xylene,2010,15.0,nondetect
9205,Xylene,2011,15.0,nondetect
9205,Xylene,2012,15.0,nondetect
9205,Xylene,2013,10.0,nondetect
9205,Xylene,2015,10.0,nondetect
9205,Xylene,2016,5.0,nondetect
9205,Xylene,2017,5.0,nondetect
9205,Xylene,2018,5.0,nondetect
9205,Xylene,2019,5.0,nondetect
9210,"1,1,2,2-Tetrachloroethane",2000,10.0,nondetect
9210,"1,1,2,2-Tetrachloroethane",2001,10.0,nondetect
9210,"1,1,2,2-Tetrachloroethane",2002,10.0,nondetect
9210,"1,1,2,2-Tetrachloroethane",2003,10.0,nondetect
9210,"1,1,2,2-Tetrachloroethane",2007,50.0,nondetect
9210,"1,1,2,2-Tetrachloroethane",2009,10.0,nondetect
9210,"1,1,2,2-Tetrachloroethane",2018,5.0,nondetect
9210,"1,2,4-Trichlorobenzene",2000,10.0,nondetect
9210,"1,2,4-Trichlorobenzene",2001,10.0,nondetect
9210,"1,2,4-Trichlorobenzene",2002,10.0,nondetect
9210,"1,2,4-Trichlorobenzene",2003,10.0,nondetect
9210,"1,2,4-Trichlorobenzene",2005,9.4,nondetect
9210,"1,2,4-Trichlorobenzene",2006,10.0,nondetect
9210,"1,2,4-Trichlorobenzene",2007,10.0,nondetect
9210,"1,2,4-Trichlorobenzene",2018,9.4,nondetect
9210,"1,2-Dichlorobenzene",2000,10.0,nondetect
9210,"1,2-Dichlorobenzene",2001,10.0,nondetect
9210,"1,2-Dichlorobenzene",2003,10.0,nondetect
9210,"1,2-Dichlorobenzene",2005,9.4,nondetect
9210,"1,2-Dichlorobenzene",2006,10.0,nondetect
9210,"1,2-Dichlorobenzene",2007,10.0,nondetect
9210,"1,2-Dichlorobenzene",2018,9.4,nondetect
9210,"1,2-Dichloroethane",2015,5.0,nondetect
9210,"1,2-Dichloroethane",2016,5.0,nondetect
9210,"1,2-Dichloroethane",2017,5.0,nondetect
9210,"1,2-Dichloroethane",2019,5.0,nondetect
9210,"1,4-Dichlorobenzene",2000,10.0,nondetect
9210,"1,4-Dichlorobenzene",2001,10.0,nondetect
9210,"1,4-Dichlorobenzene",2003,10.0,nondetect
9210,"1,4-Dichlorobenzene",2005,9.4,nondetect
9210,"1,4-Dichlorobenzene",2006,10.0,nondetect
9210,"1,4-Dichlorobenzene",2007,10.0,nondetect
9210,"1,4-Dichlorobenzene",2018,9.4,nondetect
9210,Benzene,2000,10.0,nondetect
9210,Benzene,2001,10.0,nondetect
9210,Benzene,2002,10.0,nondetect
9210,Benzene,2003,10.0,nondetect
9210,Benzene,2006,10.0,nondetect
9210,Benzene,2007,50.0,nondetect
9210,Benzene,2009,10.0,nondetect
9210,Benzene,2010,5.0,nondetect
9210,Benzene,2011,5.0,nondetect
9210,Benzene,2012,5.0,nondetect
9210,Benzene,2015,5.0,nondetect
9210,Benzene,2016,5.0,nondetect
9210,Benzene,2017,5.0,nondetect
9210,Benzene,2018,5.0,nondetect
9210,Benzene,2019,5.0,nondetect
9210,Benzo(a)pyrene,2015,1.9,nondetect
9210,Benzo(a)pyrene,2016,9.4,nondetect
9210,Benzo(a)pyrene,2017,9.4,nondetect
9210,Benzo(a)pyrene,2019,9.4,nondetect
9210,Chlorobenzene,2000,10.0,nondetect
9210,Chlorobenzene,2001,10.0,nondetect
9210,Chlorobenzene,2002,10.0,nondetect
9210,Chlorobenzene,2003,10.0,nondetect
9210,Chlorobenzene,2005,10.0,nondetect
9210,Chlorobenzene,2006,10.0,nondetect
9210,Chlorobenzene,2007,50.0,nondetect
9210,Chlorobenzene,2009,10.0,nondetect
9210,Chlorobenzene,2010,5.0,nondetect
9210,Chlorobenzene,2011,5.0,nondetect
9210,Chlorobenzene,2012,5.0,nondetect
9210,Chlorobenzene,2015,5.0,nondetect
9210,Chlorobenzene,2016,5.0,nondetect
9210,Chlorobenzene,2017,5.0,nondetect
9210,Chlorobenzene,2018,5.0,nondetect
9210,Chlorobenzene,2019,5.0,nondetect
9210,Chloroform / THMs,2000,10.0,nondetect
9210,Chloroform / THMs,2003,10.0,nondetect
9210,Chloroform / THMs,2015,5.0,nondetect
9210,Chloroform / THMs,2016,5.0,nondetect
9210,Chloroform / THMs,2017,5.0,nondetect
9210,Chloroform / THMs,2019,5.0,nondetect
9210,DDT / DDE / DDD,2015,0.057,detect
9210,DDT / DDE / DDD,2016,0.047,nondetect
9210,DDT / DDE / DDD,2017,0.047,nondetect
9210,DDT / DDE / DDD,2019,0.24,nondetect
9210,Dieldrin,2015,0.032,detect
9210,Dieldrin,2016,0.047,nondetect
9210,Dieldrin,2017,0.047,nondetect
9210,Dieldrin,2019,0.24,nondetect
9210,Dioxins / furans,2015,9.3,nondetect
9210,Dioxins / furans,2016,9.4,nondetect
9210,Dioxins / furans,2017,9.4,nondetect
9210,Dioxins / furans,2019,9.4,nondetect
9210,Ethylbenzene,2000,10.0,nondetect
9210,Ethylbenzene,2001,10.0,nondetect
9210,Ethylbenzene,2002,10.0,nondetect
9210,Ethylbenzene,2003,10.0,nondetect
9210,Ethylbenzene,2007,50.0,nondetect
9210,Ethylbenzene,2009,10.0,nondetect
9210,Ethylbenzene,2010,5.0,nondetect
9210,Ethylbenzene,2011,5.0,nondetect
9210,Ethylbenzene,2012,5.0,nondetect
9210,Ethylbenzene,2015,5.0,nondetect
9210,Ethylbenzene,2016,5.0,nondetect
9210,Ethylbenzene,2017,5.0,nondetect
9210,Ethylbenzene,2018,5.0,nondetect
9210,Ethylbenzene,2019,5.0,nondetect
9210,Lindane / BHC,2015,0.026,nondetect
9210,Lindane / BHC,2016,0.2,detect
9210,Lindane / BHC,2017,0.047,nondetect
9210,Lindane / BHC,2019,0.24,nondetect
9210,Naphthalene,2015,1.9,nondetect
9210,Naphthalene,2016,9.4,nondetect
9210,Naphthalene,2017,9.4,nondetect
9210,Naphthalene,2019,9.4,nondetect
9210,PCBs,2015,0.21,nondetect
9210,PCBs,2016,0.94,nondetect
9210,PCBs,2017,0.94,nondetect
9210,PCBs,2019,0.94,nondetect
9210,Tetrachloroethene (PCE),2000,10.0,nondetect
9210,Tetrachloroethene (PCE),2001,10.0,nondetect
9210,Tetrachloroethene (PCE),2002,10.0,nondetect
9210,Tetrachloroethene (PCE),2003,10.0,nondetect
9210,Tetrachloroethene (PCE),2006,10.0,nondetect
9210,Tetrachloroethene (PCE),2007,50.0,nondetect
9210,Tetrachloroethene (PCE),2009,10.0,nondetect
9210,Tetrachloroethene (PCE),2010,5.0,nondetect
9210,Tetrachloroethene (PCE),2011,5.0,nondetect
9210,Tetrachloroethene (PCE),2012,5.0,nondetect
9210,Tetrachloroethene (PCE),2015,5.0,nondetect
9210,Tetrachloroethene (PCE),2016,5.0,nondetect
9210,Tetrachloroethene (PCE),2017,5.0,nondetect
9210,Tetrachloroethene (PCE),2018,5.0,nondetect
9210,Tetrachloroethene (PCE),2019,5.0,nondetect
9210,Toluene,2000,10.0,nondetect
9210,Toluene,2001,10.0,nondetect
9210,Toluene,2002,10.0,nondetect
9210,Toluene,2003,1.0,detect
9210,Toluene,2005,10.0,nondetect
9210,Toluene,2006,10.0,nondetect
9210,Toluene,2007,50.0,nondetect
9210,Toluene,2009,10.0,nondetect
9210,Toluene,2010,5.0,nondetect
9210,Toluene,2011,5.0,nondetect
9210,Toluene,2012,5.0,nondetect
9210,Toluene,2015,5.0,nondetect
9210,Toluene,2016,5.0,nondetect
9210,Toluene,2017,5.0,nondetect
9210,Toluene,2018,5.0,nondetect
9210,Toluene,2019,5.0,nondetect
9210,Trichloroethene (TCE),2000,10.0,nondetect
9210,Trichloroethene (TCE),2001,10.0,nondetect
9210,Trichloroethene (TCE),2002,10.0,nondetect
9210,Trichloroethene (TCE),2003,10.0,nondetect
9210,Trichloroethene (TCE),2006,10.0,nondetect
9210,Trichloroethene (TCE),2007,50.0,nondetect
9210,Trichloroethene (TCE),2009,10.0,nondetect
9210,Trichloroethene (TCE),2010,5.0,nondetect
9210,Trichloroethene (TCE),2011,5.0,nondetect
9210,Trichloroethene (TCE),2012,5.0,nondetect
9210,Trichloroethene (TCE),2015,5.0,nondetect
9210,Trichloroethene (TCE),2016,5.0,nondetect
9210,Trichloroethene (TCE),2017,5.0,nondetect
9210,Trichloroethene (TCE),2018,5.0,nondetect
9210,Trichloroethene (TCE),2019,5.0,nondetect
9210,Vinyl chloride,2000,10.0,nondetect
9210,Vinyl chloride,2001,10.0,nondetect
9210,Vinyl chloride,2002,10.0,nondetect
9210,Vinyl chloride,2003,10.0,nondetect
9210,Vinyl chloride,2009,10.0,nondetect
9210,Vinyl chloride,2010,5.0,nondetect
9210,Vinyl chloride,2011,5.0,nondetect
9210,Vinyl chloride,2012,5.0,nondetect
9210,Vinyl chloride,2015,5.0,nondetect
9210,Vinyl chloride,2016,5.0,nondetect
9210,Vinyl chloride,2017,5.0,nondetect
9210,Vinyl chloride,2018,5.0,nondetect
9210,Vinyl chloride,2019,5.0,nondetect
9210,Xylene,2000,10.0,nondetect
9210,Xylene,2007,50.0,nondetect
9210,Xylene,2009,10.0,nondetect
9210,Xylene,2010,15.0,nondetect
9210,Xylene,2011,15.0,nondetect
9210,Xylene,2012,15.0,nondetect
9210,Xylene,2015,10.0,nondetect
9210,Xylene,2016,5.0,nondetect
9210,Xylene,2017,5.0,nondetect
9210,Xylene,2018,5.0,nondetect
9210,Xylene,2019,5.0,nondetect
MW-01,"1,1,2,2-Tetrachloroethane",2018,5.0,nondetect
MW-01,"1,2,4-Trichlorobenzene",2018,9.4,nondetect
MW-01,"1,2-Dichlorobenzene",2018,9.4,nondetect
MW-01,"1,2-Dichloroethane",2015,5.0,nondetect
MW-01,"1,2-Dichloroethane",2016,5.0,nondetect
MW-01,"1,2-Dichloroethane",2017,5.0,nondetect
MW-01,"1,2-Dichloroethane",2019,5.0,nondetect
MW-01,"1,4-Dichlorobenzene",2018,9.4,nondetect
MW-01,Benzene,2012,5.0,nondetect
MW-01,Benzene,2015,5.0,nondetect
MW-01,Benzene,2016,5.0,nondetect
MW-01,Benzene,2017,5.0,nondetect
MW-01,Benzene,2018,5.0,nondetect
MW-01,Benzene,2019,5.0,nondetect
MW-01,Benzo(a)pyrene,2015,1.9,nondetect
MW-01,Benzo(a)pyrene,2016,9.4,nondetect
MW-01,Benzo(a)pyrene,2017,9.4,nondetect
MW-01,Benzo(a)pyrene,2019,9.4,nondetect
MW-01,Chlorobenzene,2012,5.0,nondetect
MW-01,Chlorobenzene,2015,5.0,nondetect
MW-01,Chlorobenzene,2016,5.0,nondetect
MW-01,Chlorobenzene,2017,5.0,nondetect
MW-01,Chlorobenzene,2018,5.0,nondetect
MW-01,Chlorobenzene,2019,5.0,nondetect
MW-01,Chloroform / THMs,2015,5.0,nondetect
MW-01,Chloroform / THMs,2016,5.0,nondetect
MW-01,Chloroform / THMs,2017,5.0,nondetect
MW-01,Chloroform / THMs,2019,5.0,nondetect
MW-01,DDT / DDE / DDD,2015,0.034,detect
MW-01,DDT / DDE / DDD,2016,0.047,nondetect
MW-01,DDT / DDE / DDD,2017,0.047,nondetect
MW-01,DDT / DDE / DDD,2019,0.047,nondetect
MW-01,Dieldrin,2015,0.025,nondetect
MW-01,Dieldrin,2016,0.047,nondetect
MW-01,Dieldrin,2017,0.047,nondetect
MW-01,Dieldrin,2019,0.047,nondetect
MW-01,Dioxins / furans,2015,9.3,nondetect
MW-01,Dioxins / furans,2016,9.4,nondetect
MW-01,Dioxins / furans,2017,9.4,nondetect
MW-01,Dioxins / furans,2019,9.4,nondetect
MW-01,Ethylbenzene,2012,5.0,nondetect
MW-01,Ethylbenzene,2015,5.0,nondetect
MW-01,Ethylbenzene,2016,5.0,nondetect
MW-01,Ethylbenzene,2017,5.0,nondetect
MW-01,Ethylbenzene,2018,5.0,nondetect
MW-01,Ethylbenzene,2019,5.0,nondetect
MW-01,Lindane / BHC,2015,0.042,detect
MW-01,Lindane / BHC,2016,0.047,nondetect
MW-01,Lindane / BHC,2017,0.047,nondetect
MW-01,Lindane / BHC,2019,0.047,nondetect
MW-01,Naphthalene,2015,1.9,nondetect
MW-01,Naphthalene,2016,9.4,nondetect
MW-01,Naphthalene,2017,9.4,nondetect
MW-01,Naphthalene,2019,9.4,nondetect
MW-01,PCBs,2015,0.2,nondetect
MW-01,PCBs,2016,0.94,nondetect
MW-01,PCBs,2017,0.94,nondetect
MW-01,PCBs,2019,0.94,nondetect
MW-01,Tetrachloroethene (PCE),2012,5.0,nondetect
MW-01,Tetrachloroethene (PCE),2015,5.0,nondetect
MW-01,Tetrachloroethene (PCE),2016,5.0,nondetect
MW-01,Tetrachloroethene (PCE),2017,5.0,nondetect
MW-01,Tetrachloroethene (PCE),2018,5.0,nondetect
MW-01,Tetrachloroethene (PCE),2019,5.0,nondetect
MW-01,Toluene,2012,5.0,nondetect
MW-01,Toluene,2015,5.0,nondetect
MW-01,Toluene,2016,5.0,nondetect
MW-01,Toluene,2017,5.0,nondetect
MW-01,Toluene,2018,5.0,nondetect
MW-01,Toluene,2019,5.0,nondetect
MW-01,Trichloroethene (TCE),2012,5.0,nondetect
MW-01,Trichloroethene (TCE),2015,5.0,nondetect
MW-01,Trichloroethene (TCE),2016,5.0,nondetect
MW-01,Trichloroethene (TCE),2017,5.0,nondetect
MW-01,Trichloroethene (TCE),2018,5.0,nondetect
MW-01,Trichloroethene (TCE),2019,5.0,nondetect
MW-01,Vinyl chloride,2012,5.0,nondetect
MW-01,Vinyl chloride,2015,5.0,nondetect
MW-01,Vinyl chloride,2016,5.0,nondetect
MW-01,Vinyl chloride,2017,5.0,nondetect
MW-01,Vinyl chloride,2018,5.0,nondetect
MW-01,Vinyl chloride,2019,5.0,nondetect
MW-01,Xylene,2012,15.0,nondetect
MW-01,Xylene,2015,10.0,nondetect
MW-01,Xylene,2016,5.0,nondetect
MW-01,Xylene,2017,5.0,nondetect
MW-01,Xylene,2018,5.0,nondetect
MW-01,Xylene,2019,5.0,nondetect
MW-02,"1,1,2,2-Tetrachloroethane",2018,5.0,nondetect
MW-02,"1,2,4-Trichlorobenzene",2018,9.4,nondetect
MW-02,"1,2-Dichlorobenzene",2018,9.4,nondetect
MW-02,"1,2-Dichloroethane",2015,5.0,nondetect
MW-02,"1,2-Dichloroethane",2016,5.0,nondetect
MW-02,"1,2-Dichloroethane",2017,5.0,nondetect
MW-02,"1,2-Dichloroethane",2019,5.0,nondetect
MW-02,"1,4-Dichlorobenzene",2018,9.4,nondetect
MW-02,Benzene,2012,5.0,nondetect
MW-02,Benzene,2015,5.0,nondetect
MW-02,Benzene,2016,5.0,nondetect
MW-02,Benzene,2017,5.0,nondetect
MW-02,Benzene,2018,5.0,nondetect
MW-02,Benzene,2019,5.0,nondetect
MW-02,Benzo(a)pyrene,2015,1.9,nondetect
MW-02,Benzo(a)pyrene,2016,9.4,nondetect
MW-02,Benzo(a)pyrene,2017,9.4,nondetect
MW-02,Benzo(a)pyrene,2019,9.4,nondetect
MW-02,Chlorobenzene,2012,5.0,nondetect
MW-02,Chlorobenzene,2015,5.0,nondetect
MW-02,Chlorobenzene,2016,5.0,nondetect
MW-02,Chlorobenzene,2017,5.0,nondetect
MW-02,Chlorobenzene,2018,5.0,nondetect
MW-02,Chlorobenzene,2019,5.0,nondetect
MW-02,Chloroform / THMs,2015,5.0,nondetect
MW-02,Chloroform / THMs,2016,5.0,nondetect
MW-02,Chloroform / THMs,2017,5.0,nondetect
MW-02,Chloroform / THMs,2019,5.0,nondetect
MW-02,DDT / DDE / DDD,2015,0.023,detect
MW-02,DDT / DDE / DDD,2016,0.047,nondetect
MW-02,DDT / DDE / DDD,2017,0.047,nondetect
MW-02,DDT / DDE / DDD,2019,0.047,nondetect
MW-02,Dieldrin,2015,0.025,nondetect
MW-02,Dieldrin,2016,0.047,nondetect
MW-02,Dieldrin,2017,0.047,nondetect
MW-02,Dieldrin,2019,0.047,nondetect
MW-02,Dioxins / furans,2015,9.3,nondetect
MW-02,Dioxins / furans,2016,9.4,nondetect
MW-02,Dioxins / furans,2017,9.4,nondetect
MW-02,Dioxins / furans,2019,9.4,nondetect
MW-02,Ethylbenzene,2012,5.0,nondetect
MW-02,Ethylbenzene,2015,5.0,nondetect
MW-02,Ethylbenzene,2016,5.0,nondetect
MW-02,Ethylbenzene,2017,5.0,nondetect
MW-02,Ethylbenzene,2018,5.0,nondetect
MW-02,Ethylbenzene,2019,5.0,nondetect
MW-02,Lindane / BHC,2015,0.025,detect
MW-02,Lindane / BHC,2016,0.047,nondetect
MW-02,Lindane / BHC,2017,0.047,nondetect
MW-02,Lindane / BHC,2019,0.047,nondetect
MW-02,Naphthalene,2015,1.9,nondetect
MW-02,Naphthalene,2016,9.4,nondetect
MW-02,Naphthalene,2017,9.4,nondetect
MW-02,Naphthalene,2019,9.4,nondetect
MW-02,PCBs,2015,0.2,nondetect
MW-02,PCBs,2016,0.94,nondetect
MW-02,PCBs,2017,0.94,nondetect
MW-02,PCBs,2019,0.94,nondetect
MW-02,Tetrachloroethene (PCE),2012,5.0,nondetect
MW-02,Tetrachloroethene (PCE),2015,5.0,nondetect
MW-02,Tetrachloroethene (PCE),2016,5.0,nondetect
MW-02,Tetrachloroethene (PCE),2017,5.0,nondetect
MW-02,Tetrachloroethene (PCE),2018,5.0,nondetect
MW-02,Tetrachloroethene (PCE),2019,5.0,nondetect
MW-02,Toluene,2012,5.0,nondetect
MW-02,Toluene,2015,5.0,nondetect
MW-02,Toluene,2016,5.0,nondetect
MW-02,Toluene,2017,5.0,nondetect
MW-02,Toluene,2018,5.0,nondetect
MW-02,Toluene,2019,0.2,detect
MW-02,Trichloroethene (TCE),2012,5.0,nondetect
MW-02,Trichloroethene (TCE),2015,5.0,nondetect
MW-02,Trichloroethene (TCE),2016,5.0,nondetect
MW-02,Trichloroethene (TCE),2017,5.0,nondetect
MW-02,Trichloroethene (TCE),2018,5.0,nondetect
MW-02,Trichloroethene (TCE),2019,5.0,nondetect
MW-02,Vinyl chloride,2012,5.0,nondetect
MW-02,Vinyl chloride,2015,5.0,nondetect
MW-02,Vinyl chloride,2016,5.0,nondetect
MW-02,Vinyl chloride,2017,5.0,nondetect
MW-02,Vinyl chloride,2018,5.0,nondetect
MW-02,Vinyl chloride,2019,5.0,nondetect
MW-02,Xylene,2012,15.0,nondetect
MW-02,Xylene,2015,10.0,nondetect
MW-02,Xylene,2016,5.0,nondetect
MW-02,Xylene,2017,5.0,nondetect
MW-02,Xylene,2018,5.0,nondetect
MW-02,Xylene,2019,5.0,nondetect
MW-16I,Benzene,2019,0.52,detect
MW-16I,Chlorobenzene,2019,1.89,detect
MW-16I,Toluene,2019,1.0,nondetect
MW-18I,Benzene,2019,1.0,nondetect
MW-18I,Chlorobenzene,2019,1.0,nondetect
MW-18I,Toluene,2019,1.0,nondetect
MW-19I,Benzene,2019,1.0,nondetect
MW-19I,Chlorobenzene,2019,1.0,nondetect
MW-19I,Toluene,2019,1.0,nondetect
MW-20I,Benzene,2019,12.8,detect
MW-20I,Chlorobenzene,2019,2940.0,detect
MW-20I,Toluene,2019,25.0,nondetect
MW-22I,Benzene,2019,29.4,detect
MW-22I,Chlorobenzene,2019,2220.0,detect
MW-22I,Toluene,2019,20.0,nondetect
PCBM-01,Arsenic,2015,10.0,nondetect
PCBM-01,Arsenic,2016,10.0,nondetect
PCBM-01,Arsenic,2017,10.0,nondetect
PCBM-01,Arsenic,2018,10.0,nondetect
PCBM-01,Arsenic,2019,10.0,nondetect
PCBM-01,Benzene,2015,1.0,nondetect
PCBM-01,Benzene,2016,1.0,nondetect
PCBM-01,Benzene,2017,1.0,nondetect
PCBM-01,Benzene,2018,1.0,nondetect
PCBM-01,Benzene,2019,1.0,nondetect
PCBM-01,Chlorobenzene,2015,1.0,nondetect
PCBM-01,Chlorobenzene,2016,1.0,nondetect
PCBM-01,Chlorobenzene,2017,1.0,nondetect
PCBM-01,Chlorobenzene,2018,1.0,nondetect
PCBM-01,Chlorobenzene,2019,1.0,nondetect
PCBM-01,Lindane / BHC,2015,0.052,nondetect
PCBM-01,Lindane / BHC,2016,0.047,nondetect
PCBM-01,Lindane / BHC,2017,0.047,nondetect
PCBM-01,Lindane / BHC,2018,0.047,nondetect
PCBM-01,Lindane / BHC,2019,0.047,nondetect
PCBM-01,Mercury,2015,0.2,nondetect
PCBM-01,Mercury,2016,0.2,nondetect
PCBM-01,Mercury,2017,0.2,nondetect
PCBM-01,Mercury,2018,0.2,nondetect
PCBM-01,Mercury,2019,0.2,nondetect
PCBM-02,Arsenic,2015,10.0,nondetect
PCBM-02,Arsenic,2016,10.0,nondetect
PCBM-02,Arsenic,2017,10.0,nondetect
PCBM-02,Arsenic,2018,10.0,nondetect
PCBM-02,Arsenic,2019,10.0,nondetect
PCBM-02,Benzene,2015,1.0,nondetect
PCBM-02,Benzene,2016,1.0,nondetect
PCBM-02,Benzene,2017,1.0,nondetect
PCBM-02,Benzene,2018,1.0,nondetect
PCBM-02,Benzene,2019,1.0,nondetect
PCBM-02,Chlorobenzene,2015,1.0,nondetect
PCBM-02,Chlorobenzene,2016,0.4,detect
PCBM-02,Chlorobenzene,2017,1.0,nondetect
PCBM-02,Chlorobenzene,2018,1.0,nondetect
PCBM-02,Chlorobenzene,2019,1.0,nondetect
PCBM-02,Lindane / BHC,2015,0.052,nondetect
PCBM-02,Lindane / BHC,2016,0.047,nondetect
PCBM-02,Lindane / BHC,2017,0.047,nondetect
PCBM-02,Lindane / BHC,2018,0.047,nondetect
PCBM-02,Lindane / BHC,2019,0.047,nondetect
PCBM-02,Mercury,2015,0.2,nondetect
PCBM-02,Mercury,2016,0.2,nondetect
PCBM-02,Mercury,2017,0.2,nondetect
PCBM-02,Mercury,2018,0.2,nondetect
PCBM-02,Mercury,2019,0.2,nondetect
PCBM-03,Arsenic,2015,3.8,detect
PCBM-03,Arsenic,2016,10.0,nondetect
PCBM-03,Arsenic,2017,10.0,nondetect
PCBM-03,Arsenic,2018,10.0,nondetect
PCBM-03,Arsenic,2019,5.0,detect
PCBM-03,Benzene,2015,1.0,nondetect
PCBM-03,Benzene,2016,1.0,nondetect
PCBM-03,Benzene,2017,1.0,nondetect
PCBM-03,Benzene,2018,1.0,nondetect
PCBM-03,Benzene,2019,1.0,nondetect
PCBM-03,Chlorobenzene,2015,1.0,nondetect
PCBM-03,Chlorobenzene,2016,1.0,nondetect
PCBM-03,Chlorobenzene,2017,1.0,nondetect
PCBM-03,Chlorobenzene,2018,1.0,nondetect
PCBM-03,Chlorobenzene,2019,1.0,nondetect
PCBM-03,Lindane / BHC,2015,0.05,nondetect
PCBM-03,Lindane / BHC,2016,0.047,nondetect
PCBM-03,Lindane / BHC,2017,0.047,nondetect
PCBM-03,Lindane / BHC,2018,0.047,nondetect
PCBM-03,Lindane / BHC,2019,0.047,nondetect
PCBM-03,Mercury,2015,0.2,nondetect
PCBM-03,Mercury,2016,0.2,nondetect
PCBM-03,Mercury,2017,0.2,nondetect
PCBM-03,Mercury,2018,0.2,nondetect
PCBM-03,Mercury,2019,0.2,nondetect
PCM-01,Arsenic,2015,10.0,nondetect
PCM-01,Arsenic,2016,10.0,nondetect
PCM-01,Arsenic,2017,10.0,nondetect
PCM-01,Arsenic,2018,10.0,nondetect
PCM-01,Arsenic,2019,10.0,nondetect
PCM-01,Benzene,2015,1.0,nondetect
PCM-01,Benzene,2016,1.0,nondetect
PCM-01,Benzene,2017,1.0,nondetect
PCM-01,Benzene,2018,1.0,nondetect
PCM-01,Benzene,2019,1.0,nondetect
PCM-01,Chlorobenzene,2015,1.0,nondetect
PCM-01,Chlorobenzene,2016,1.0,nondetect
PCM-01,Chlorobenzene,2017,1.0,nondetect
PCM-01,Chlorobenzene,2018,1.0,nondetect
PCM-01,Chlorobenzene,2019,1.0,nondetect
PCM-01,Lindane / BHC,2015,0.05,nondetect
PCM-01,Lindane / BHC,2016,0.047,nondetect
PCM-01,Lindane / BHC,2017,0.047,nondetect
PCM-01,Lindane / BHC,2018,0.047,nondetect
PCM-01,Lindane / BHC,2019,0.047,nondetect
PCM-01,Mercury,2015,0.2,nondetect
PCM-01,Mercury,2016,0.2,nondetect
PCM-01,Mercury,2017,0.2,nondetect
PCM-01,Mercury,2018,0.2,nondetect
PCM-01,Mercury,2019,0.2,nondetect
PCM-02,Arsenic,2015,10.0,nondetect
PCM-02,Arsenic,2016,10.0,nondetect
PCM-02,Arsenic,2017,10.0,nondetect
PCM-02,Arsenic,2018,10.0,nondetect
PCM-02,Arsenic,2019,10.0,nondetect
PCM-02,Benzene,2015,1.0,nondetect
PCM-02,Benzene,2016,1.0,nondetect
PCM-02,Benzene,2017,1.0,nondetect
PCM-02,Benzene,2018,1.0,nondetect
PCM-02,Benzene,2019,1.0,nondetect
PCM-02,Chlorobenzene,2015,0.16,detect
PCM-02,Chlorobenzene,2016,1.0,nondetect
PCM-02,Chlorobenzene,2017,1.0,nondetect
PCM-02,Chlorobenzene,2018,1.0,nondetect
PCM-02,Chlorobenzene,2019,1.0,nondetect
PCM-02,Lindane / BHC,2015,0.052,nondetect
PCM-02,Lindane / BHC,2016,0.047,nondetect
PCM-02,Lindane / BHC,2017,0.047,nondetect
PCM-02,Lindane / BHC,2018,0.047,nondetect
PCM-02,Lindane / BHC,2019,0.047,nondetect
PCM-02,Mercury,2015,0.2,nondetect
PCM-02,Mercury,2016,0.2,nondetect
PCM-02,Mercury,2017,0.2,nondetect
PCM-02,Mercury,2018,0.2,nondetect
PCM-02,Mercury,2019,0.2,nondetect
PCM-03,Arsenic,2015,3.7,detect
PCM-03,Arsenic,2016,10.0,nondetect
PCM-03,Arsenic,2017,10.0,nondetect
PCM-03,Arsenic,2018,10.0,nondetect
PCM-03,Arsenic,2019,10.0,nondetect
PCM-03,Benzene,2015,49.0,detect
PCM-03,Benzene,2016,34.0,detect
PCM-03,Benzene,2017,44.0,detect
PCM-03,Benzene,2019,36.0,detect
PCM-03,Chlorobenzene,2015,3700.0,detect
PCM-03,Chlorobenzene,2016,3500.0,detect
PCM-03,Chlorobenzene,2017,3700.0,detect
PCM-03,Chlorobenzene,2019,3300.0,detect
PCM-03,Lindane / BHC,2015,0.76,detect
PCM-03,Lindane / BHC,2016,0.068,detect
PCM-03,Lindane / BHC,2017,0.62,detect
PCM-03,Lindane / BHC,2019,1.1,detect
PCM-03,Mercury,2015,0.2,nondetect
PCM-03,Mercury,2016,0.2,nondetect
PCM-03,Mercury,2017,0.2,nondetect
PCM-03,Mercury,2018,0.2,nondetect
PCM-03,Mercury,2019,0.2,nondetect
PCM-04,Arsenic,2015,10.0,nondetect
PCM-04,Arsenic,2016,10.0,nondetect
PCM-04,Arsenic,2017,4.0,detect
PCM-04,Arsenic,2018,10.0,nondetect
PCM-04,Arsenic,2019,10.0,nondetect
PCM-04,Benzene,2015,500.0,nondetect
PCM-04,Benzene,2016,27.0,detect
PCM-04,Benzene,2017,22.0,detect
PCM-04,Benzene,2019,27.0,detect
PCM-04,Chlorobenzene,2015,8500.0,detect
PCM-04,Chlorobenzene,2016,7700.0,detect
PCM-04,Chlorobenzene,2017,6700.0,detect
PCM-04,Chlorobenzene,2019,8000.0,detect
PCM-04,Lindane / BHC,2015,0.13,detect
PCM-04,Lindane / BHC,2016,0.047,nondetect
PCM-04,Lindane / BHC,2017,0.047,nondetect
PCM-04,Lindane / BHC,2019,0.047,nondetect
PCM-04,Mercury,2015,0.097,detect
PCM-04,Mercury,2016,0.04,detect
PCM-04,Mercury,2017,0.2,nondetect
PCM-04,Mercury,2018,0.2,nondetect
PCM-04,Mercury,2019,0.2,nondetect
PCM-05,Arsenic,2015,4.6,detect
PCM-05,Arsenic,2016,10.0,nondetect
PCM-05,Arsenic,2017,10.0,nondetect
PCM-05,Arsenic,2018,10.0,nondetect
PCM-05,Arsenic,2019,10.0,nondetect
PCM-05,Benzene,2015,5.0,nondetect
PCM-05,Benzene,2016,1.0,nondetect
PCM-05,Benzene,2017,1.0,nondetect
PCM-05,Benzene,2018,1.0,nondetect
PCM-05,Benzene,2019,1.0,nondetect
PCM-05,Chlorobenzene,2015,110.0,detect
PCM-05,Chlorobenzene,2016,110.0,detect
PCM-05,Chlorobenzene,2017,110.0,detect
PCM-05,Chlorobenzene,2018,83.0,detect
PCM-05,Chlorobenzene,2019,77.0,detect
PCM-05,Lindane / BHC,2015,0.052,nondetect
PCM-05,Lindane / BHC,2016,0.047,nondetect
PCM-05,Lindane / BHC,2017,0.047,nondetect
PCM-05,Lindane / BHC,2018,0.047,nondetect
PCM-05,Lindane / BHC,2019,0.047,nondetect
PCM-05,Mercury,2015,0.2,nondetect
PCM-05,Mercury,2016,0.2,nondetect
PCM-05,Mercury,2017,0.2,nondetect
PCM-05,Mercury,2018,0.2,nondetect
PCM-05,Mercury,2019,0.2,nondetect
PCM-06,Arsenic,2015,10.0,nondetect
PCM-06,Arsenic,2018,4.0,detect
PCM-06,Arsenic,2019,50.0,nondetect
PCM-06,Benzene,2015,1.0,nondetect
PCM-06,Benzene,2016,1.0,nondetect
PCM-06,Benzene,2018,1.0,nondetect
PCM-06,Benzene,2019,1.0,nondetect
PCM-06,Chlorobenzene,2015,1.0,nondetect
PCM-06,Chlorobenzene,2016,1.0,nondetect
PCM-06,Chlorobenzene,2018,1.0,nondetect
PCM-06,Chlorobenzene,2019,1.0,nondetect
PCM-06,Lindane / BHC,2015,0.052,nondetect
PCM-06,Mercury,2015,0.2,nondetect
PCM-06,Mercury,2018,0.2,nondetect
PCM-06,Mercury,2019,0.2,nondetect
PCM-06R,Arsenic,2019,50.0,nondetect
PCM-06R,Benzene,2019,1.0,nondetect
PCM-06R,Chlorobenzene,2019,1.0,nondetect
PCM-06R,Mercury,2019,0.2,nondetect
PCM-07R,Arsenic,2015,10.0,nondetect
PCM-07R,Arsenic,2017,10.0,nondetect
PCM-07R,Arsenic,2018,10.0,nondetect
PCM-07R,Arsenic,2019,10.0,nondetect
PCM-07R,Benzene,2015,1.0,nondetect
PCM-07R,Benzene,2016,1.0,nondetect
PCM-07R,Benzene,2017,1.0,nondetect
PCM-07R,Benzene,2018,1.0,nondetect
PCM-07R,Benzene,2019,1.0,nondetect
PCM-07R,Chlorobenzene,2015,1.0,nondetect
PCM-07R,Chlorobenzene,2016,1.0,nondetect
PCM-07R,Chlorobenzene,2017,1.0,nondetect
PCM-07R,Chlorobenzene,2018,1.0,nondetect
PCM-07R,Chlorobenzene,2019,1.0,nondetect
PCM-07R,Lindane / BHC,2015,0.052,nondetect
PCM-07R,Lindane / BHC,2016,0.047,nondetect
PCM-07R,Lindane / BHC,2017,0.047,nondetect
PCM-07R,Lindane / BHC,2019,0.047,nondetect
PCM-07R,Mercury,2015,0.2,nondetect
PCM-07R,Mercury,2017,0.2,nondetect
PCM-07R,Mercury,2018,0.2,nondetect
PCM-07R,Mercury,2019,0.2,nondetect
PCM-08,Arsenic,2015,10.0,nondetect
PCM-08,Arsenic,2016,10.0,nondetect
PCM-08,Arsenic,2017,10.0,nondetect
PCM-08,Arsenic,2018,10.0,nondetect
PCM-08,Arsenic,2019,10.0,nondetect
PCM-08,Benzene,2015,1.0,nondetect
PCM-08,Benzene,2016,1.0,nondetect
PCM-08,Benzene,2017,1.0,nondetect
PCM-08,Benzene,2018,1.0,nondetect
PCM-08,Benzene,2019,1.0,nondetect
PCM-08,Chlorobenzene,2015,1.0,nondetect
PCM-08,Chlorobenzene,2016,1.0,nondetect
PCM-08,Chlorobenzene,2017,1.0,nondetect
PCM-08,Chlorobenzene,2018,1.0,nondetect
PCM-08,Chlorobenzene,2019,1.0,nondetect
PCM-08,Lindane / BHC,2015,0.05,nondetect
PCM-08,Lindane / BHC,2016,0.03,detect
PCM-08,Lindane / BHC,2017,0.047,nondetect
PCM-08,Lindane / BHC,2018,0.047,nondetect
PCM-08,Lindane / BHC,2019,0.047,nondetect
PCM-08,Mercury,2015,0.2,nondetect
PCM-08,Mercury,2016,0.2,nondetect
PCM-08,Mercury,2017,0.2,nondetect
PCM-08,Mercury,2018,0.2,nondetect
PCM-08,Mercury,2019,0.2,nondetect
PCM-09,Arsenic,2017,10.0,nondetect
PCM-09,Arsenic,2018,50.0,detect
PCM-09,Arsenic,2019,10.0,nondetect
PCM-09,Benzene,2017,1.0,nondetect
PCM-09,Benzene,2018,1.0,nondetect
PCM-09,Benzene,2019,1.0,nondetect
PCM-09,Chlorobenzene,2017,1.0,nondetect
PCM-09,Chlorobenzene,2018,1.0,nondetect
PCM-09,Chlorobenzene,2019,1.0,nondetect
PCM-09,Lindane / BHC,2017,0.047,nondetect
PCM-09,Lindane / BHC,2019,0.049,nondetect
PCM-09,Mercury,2017,0.2,nondetect
PCM-09,Mercury,2018,0.2,nondetect
PCM-09,Mercury,2019,0.2,nondetect
PCM-10,Arsenic,2015,6.4,detect
PCM-10,Arsenic,2016,10.0,nondetect
PCM-10,Arsenic,2017,10.0,nondetect
PCM-10,Arsenic,2018,10.0,nondetect
PCM-10,Arsenic,2019,10.0,nondetect
PCM-10,Benzene,2015,1.0,nondetect
PCM-10,Benzene,2016,1.0,nondetect
PCM-10,Benzene,2017,1.0,nondetect
PCM-10,Benzene,2018,1.0,nondetect
PCM-10,Benzene,2019,1.0,nondetect
PCM-10,Chlorobenzene,2015,1.0,nondetect
PCM-10,Chlorobenzene,2016,1.0,nondetect
PCM-10,Chlorobenzene,2017,1.0,nondetect
PCM-10,Chlorobenzene,2018,1.0,nondetect
PCM-10,Chlorobenzene,2019,1.0,nondetect
PCM-10,Lindane / BHC,2015,0.05,nondetect
PCM-10,Lindane / BHC,2016,0.022,detect
PCM-10,Lindane / BHC,2017,0.026,detect
PCM-10,Lindane / BHC,2018,0.022,detect
PCM-10,Lindane / BHC,2019,0.022,detect
PCM-10,Mercury,2015,0.2,nondetect
PCM-10,Mercury,2016,0.2,nondetect
PCM-10,Mercury,2017,0.2,nondetect
PCM-10,Mercury,2018,0.2,nondetect
PCM-10,Mercury,2019,0.2,nondetect
