well_id,site_name,program_number,latitude,longitude,coord_precision,well_role,data_type,n_chemicals_tested,n_chemicals_found,chemicals_found,first_year_tested,latest_year_tested,latest_year_detected,years_sampled,possible_source,data_source,toc_latest_ugL,toc_max_ugL,toc_program
PCBM-01,102nd Street Landfill (Hooker/Olin),932022,43.071721,-78.947382,georeferenced_from_Fig1.2_~0.1mi,monitoring well,per-chemical groundwater results,20,7,2-Chlorotoluene; Arsenic; Chlorobenzene; alpha-BHC; beta-BHC; delta-BHC; gamma-BHC (lindane),2002,2019,2011,2002;2003;2004;2005;2006;2007;2008;2009;2010;2011;2012;2013;2014;2015;2016;2017;2018;2019,102nd Street Landfill (Hooker/Olin) (well monitors NYSDEC site 932022),NYSDEC periodic review reports (Glenn Springs); see docs/,,,
PCBM-02,102nd Street Landfill (Hooker/Olin),932022,43.072123,-78.942938,georeferenced_from_Fig1.2_~0.1mi,monitoring well,per-chemical groundwater results,20,5,"1,2,4-Trichlorobenzene; 2-Chlorotoluene; Arsenic; Chlorobenzene; beta-BHC",2002,2019,2016,2002;2003;2004;2005;2006;2007;2008;2009;2010;2011;2012;2013;2014;2015;2016;2017;2018;2019,102nd Street Landfill (Hooker/Olin) (well monitors NYSDEC site 932022),NYSDEC periodic review reports (Glenn Springs); see docs/,,,
PCBM-03,102nd Street Landfill (Hooker/Olin),932022,43.073754,-78.946485,georeferenced_from_Fig1.2_~0.1mi,monitoring well,per-chemical groundwater results,20,8,2-Chlorophenol; 2-Chlorotoluene; Arsenic; Phenol; alpha-BHC; beta-BHC; delta-BHC; gamma-BHC (lindane),2002,2019,2019,2002;2003;2004;2005;2006;2007;2008;2009;2010;2011;2012;2013;2014;2015;2016;2017;2018;2019,102nd Street Landfill (Hooker/Olin) (well monitors NYSDEC site 932022),NYSDEC periodic review reports (Glenn Springs); see docs/,,,
PCM-01,102nd Street Landfill (Hooker/Olin),932022,43.073165,-78.94944,georeferenced_from_Fig1.2_~0.1mi,monitoring well,per-chemical groundwater results,20,9,"1,4-Dichlorobenzene; 2-Chlorotoluene; Arsenic; Benzene; Mercury; alpha-BHC; beta-BHC; delta-BHC; gamma-BHC (lindane)",2002,2019,2011,2002;2003;2004;2005;2006;2007;2008;2009;2010;2011;2012;2013;2014;2015;2016;2017;2018;2019,102nd Street Landfill (Hooker/Olin) (well monitors NYSDEC site 932022),NYSDEC periodic review reports (Glenn Springs); see docs/,,,
PCM-02,102nd Street Landfill (Hooker/Olin),932022,43.072152,-78.948817,georeferenced_from_Fig1.2_~0.1mi,monitoring well,per-chemical groundwater results,20,9,"1,4-Dichlorobenzene; 2-Chlorotoluene; Arsenic; Benzene; Chlorobenzene; alpha-BHC; beta-BHC; delta-BHC; gamma-BHC (lindane)",2002,2019,2016,2002;2003;2004;2005;2006;2007;2008;2009;2010;2011;2012;2013;2014;2015;2016;2017;2018;2019,102nd Street Landfill (Hooker/Olin) (well monitors NYSDEC site 932022),NYSDEC periodic review reports (Glenn Springs); see docs/,,,
PCM-03,102nd Street Landfill (Hooker/Olin),932022,43.071728,-78.947131,georeferenced_from_Fig1.2_~0.1mi,monitoring well,per-chemical groundwater results,20,17,"1,2,3-Trichlorobenzene; 1,2,4-Trichlorobenzene; 1,2-Dichlorobenzene; 1,4-Dichlorobenzene; 2,4-Dichlorophenol; 2,5-Dichlorophenol; 2-Chlorophenol; 2-Chlorotoluene; 4-Chlorophenol; Arsenic; Benzene; Chlorobenzene; Mercury; Phenol; alpha-BHC; beta-BHC; delta-BHC",2002,2019,2019,2002;2003;2004;2005;2006;2007;2008;2009;2010;2011;2012;2013;2014;2015;2016;2017;2018;2019,102nd Street Landfill (Hooker/Olin) (well monitors NYSDEC site 932022),NYSDEC periodic review reports (Glenn Springs); see docs/,,,
PCM-04,102nd Street Landfill (Hooker/Olin),932022,43.072128,-78.945415,georeferenced_from_Fig1.2_~0.1mi,monitoring well,per-chemical groundwater results,20,15,"1,2-Dichlorobenzene; 1,4-Dichlorobenzene; 2,4-Dichlorophenol; 2,5-Dichlorophenol; 2-Chlorophenol; 2-Chlorotoluene; 4-Chlorophenol; Arsenic; Benzene; Chlorobenzene; Mercury; Phenol; alpha-BHC; beta-BHC; delta-BHC",2002,2019,2019,2002;2003;2004;2005;2006;2007;2008;2009;2010;2011;2012;2013;2014;2015;2016;2017;2018;2019,102nd Street Landfill (Hooker/Olin) (well monitors NYSDEC site 932022),NYSDEC periodic review reports (Glenn Springs); see docs/,,,
PCM-05,102nd Street Landfill (Hooker/Olin),932022,43.072164,-78.942977,georeferenced_from_Fig1.2_~0.1mi,monitoring well,per-chemical groundwater results,20,10,"1,4-Dichlorobenzene; 2-Chlorophenol; 2-Chlorotoluene; 4-Chlorophenol; Arsenic; Benzene; Chlorobenzene; alpha-BHC; delta-BHC; gamma-BHC (lindane)",2002,2019,2019,2002;2003;2004;2005;2006;2007;2008;2009;2010;2011;2012;2013;2014;2015;2016;2017;2018;2019,102nd Street Landfill (Hooker/Olin) (well monitors NYSDEC site 932022),NYSDEC periodic review reports (Glenn Springs); see docs/,,,
PCM-06,102nd Street Landfill (Hooker/Olin),932022,43.073284,-78.943969,georeferenced_replacement_of_PCM-06R,monitoring well,per-chemical groundwater results,20,1,Arsenic,2002,2019,2018,2002;2003;2004;2005;2006;2010;2012;2013;2014;2015;2016;2018;2019,102nd Street Landfill (Hooker/Olin) (well monitors NYSDEC site 932022),NYSDEC periodic review reports (Glenn Springs); see docs/,,,
PCM-06R,102nd Street Landfill (Hooker/Olin),932022,43.073284,-78.943969,georeferenced_from_Fig1.2_~0.1mi,monitoring well,per-chemical groundwater results,9,0,,2019,2019,,2019,102nd Street Landfill (Hooker/Olin) (well monitors NYSDEC site 932022),NYSDEC periodic review reports (Glenn Springs); see docs/,,,
PCM-07,102nd Street Landfill (Hooker/Olin),932022,43.073718,-78.945023,georeferenced_replacement_of_PCM-07R,monitoring well,per-chemical groundwater results,20,6,2-Chlorotoluene; Arsenic; Phenol; alpha-BHC; delta-BHC; gamma-BHC (lindane),2002,2007,2007,2002;2003;2004;2005;2006;2007,102nd Street Landfill (Hooker/Olin) (well monitors NYSDEC site 932022),NYSDEC periodic review reports (Glenn Springs); see docs/,,,
PCM-07R,102nd Street Landfill (Hooker/Olin),932022,43.073718,-78.945023,georeferenced_from_Fig1.2_~0.1mi,monitoring well,per-chemical groundwater results,20,8,"1,2,4-Trichlorobenzene; 2-Chlorotoluene; Arsenic; Chlorobenzene; alpha-BHC; beta-BHC; delta-BHC; gamma-BHC (lindane)",2008,2019,2011,2008;2009;2010;2011;2012;2013;2014;2015;2016;2017;2018;2019,102nd Street Landfill (Hooker/Olin) (well monitors NYSDEC site 932022),NYSDEC periodic review reports (Glenn Springs); see docs/,,,
PCM-08,102nd Street Landfill (Hooker/Olin),932022,43.073833,-78.946486,georeferenced_from_Fig1.2_~0.1mi,monitoring well,per-chemical groundwater results,20,4,2-Chlorotoluene; alpha-BHC; beta-BHC; delta-BHC,2002,2019,2016,2002;2003;2004;2005;2006;2007;2008;2009;2010;2011;2012;2013;2014;2015;2016;2017;2018;2019,102nd Street Landfill (Hooker/Olin) (well monitors NYSDEC site 932022),NYSDEC periodic review reports (Glenn Springs); see docs/,,,
PCM-09,102nd Street Landfill (Hooker/Olin),932022,43.073956,-78.947888,georeferenced_from_Fig1.2_~0.1mi,monitoring well,per-chemical groundwater results,20,3,Arsenic; Mercury; beta-BHC,2002,2019,2018,2002;2003;2004;2005;2006;2009;2010;2011;2013;2014;2017;2018;2019,102nd Street Landfill (Hooker/Olin) (well monitors NYSDEC site 932022),NYSDEC periodic review reports (Glenn Springs); see docs/,,,
PCM-10,102nd Street Landfill (Hooker/Olin),932022,43.073819,-78.949925,georeferenced_from_Fig1.2_~0.1mi,monitoring well,per-chemical groundwater results,20,6,2-Chlorotoluene; Arsenic; alpha-BHC; beta-BHC; delta-BHC; gamma-BHC (lindane),2002,2019,2019,2002;2003;2004;2005;2006;2007;2008;2009;2010;2011;2012;2013;2014;2015;2016;2017;2018;2019,102nd Street Landfill (Hooker/Olin) (well monitors NYSDEC site 932022),NYSDEC periodic review reports (Glenn Springs); see docs/,,,
MW-16I,Durez Inlet (Occidental/Glenn Springs),932018,43.035479,-78.885714,georeferenced_from_Fig2.1_aerial_~0.05mi,monitoring well,per-chemical groundwater results,8,4,"1,4-Dichlorobenzene; Benzene; Chlorobenzene; Toluene",2019,2024,2024,2019;2020;2021;2022;2023;2024,Durez Inlet (Occidental/Glenn Springs) (well monitors NYSDEC site 932018),NYSDEC periodic review report 2024 (multi-year table 2019-2024); see docs/,,,
MW-18I,Durez Inlet (Occidental/Glenn Springs),932018,43.035665,-78.886156,georeferenced_from_Fig2.1_aerial_~0.05mi,monitoring well,per-chemical groundwater results,8,2,Chlorobenzene; Toluene,2019,2024,2023,2019;2020;2021;2022;2023;2024,Durez Inlet (Occidental/Glenn Springs) (well monitors NYSDEC site 932018),NYSDEC periodic review report 2024 (multi-year table 2019-2024); see docs/,,,
MW-19I,Durez Inlet (Occidental/Glenn Springs),932018,43.035447,-78.886415,georeferenced_from_Fig2.1_aerial_~0.05mi,monitoring well,per-chemical groundwater results,9,1,Toluene,2019,2024,2024,2019;2020;2021;2022;2023;2024,Durez Inlet (Occidental/Glenn Springs) (well monitors NYSDEC site 932018),NYSDEC periodic review report 2024 (multi-year table 2019-2024); see docs/,,,
MW-20I,Durez Inlet (Occidental/Glenn Springs),932018,43.035307,-78.886243,georeferenced_from_Fig2.1_aerial_~0.05mi,monitoring well,per-chemical groundwater results,8,4,"1,3-Dichlorobenzene; 1,4-Dichlorobenzene; Benzene; Chlorobenzene",2019,2024,2024,2019;2020;2021;2022;2023;2024,Durez Inlet (Occidental/Glenn Springs) (well monitors NYSDEC site 932018),NYSDEC periodic review report 2024 (multi-year table 2019-2024); see docs/,,,
MW-22I,Durez Inlet (Occidental/Glenn Springs),932018,43.03532,-78.886255,georeferenced_from_Fig2.1_aerial_~0.05mi,monitoring well,per-chemical groundwater results,8,6,"1,2-Dichlorobenzene; 1,3-Dichlorobenzene; 1,4-Dichlorobenzene; Benzene; Chlorobenzene; Toluene",2019,2024,2024,2019;2020;2021;2022;2023;2024,Durez Inlet (Occidental/Glenn Springs) (well monitors NYSDEC site 932018),NYSDEC periodic review report 2024 (multi-year table 2019-2024); see docs/,,,
10105,Love Canal (Occidental),932020,43.077589,-78.950235,georeferenced_from_Fig3.2_~0.15mi,monitoring well,per-chemical groundwater results,130,3,Acetone; Carbon disulfide; bis(2-Ethylhexyl)phthalate (DEHP),2015,2019,2019,2015;2017;2019,Love Canal (Occidental) (well monitors NYSDEC site 932020),NYSDEC periodic review reports (Glenn Springs/GHD); see docs/,,,
10135,Love Canal (Occidental),932020,43.079957,-78.950373,georeferenced_from_Fig3.2_~0.15mi,monitoring well,per-chemical groundwater results,131,47,"1,1,2,2-Tetrachloroethane; 1,1,2-Trichloroethane; 1,1-Dichloroethane; 1,2,4-Trichlorobenzene; 1,2-Dichlorobenzene; 1,3-Dichlorobenzene; 1,4-Dichlorobenzene; 2,4,5-Trichlorophenol; 2,4-Dichlorophenol; 2,4-Dinitrotoluene; 2-Butanone (Methyl ethyl ketone) (MEK); 2-Chloronaphthalene; 2-Chlorophenol; 2-Methylphenol; 3&4-Methylphenol; 4-Chloro-3-methylphenol; 4-Methylphenol; Acetone; Aldrin; Benzene; Benzoic acid; Benzyl alcohol; Bromodichloromethane; Carbon disulfide; Chlorobenzene; Chloroform (Trichloromethane); Chloromethane (Methyl chloride); Endosulfan sulfate; Endrin; Ethylbenzene; Methylene chloride; Naphthalene; Phenol; Tetrachloroethene; Toluene; Trichloroethene; Vinyl chloride; Xylenes (total); alpha-BHC; beta-BHC; bis(2-Chloroethyl)ether; cis-1,2-Dichloroethene; cis-1,2-Dichloropropene; delta-BHC; gamma-BHC (lindane); gamma-Chlordane; trans-1,2-Dichloroethene",2015,2022,2022,2015;2016;2017;2019;2022,Love Canal (Occidental) (well monitors NYSDEC site 932020),NYSDEC periodic review reports (Glenn Springs/GHD); see docs/,,,
10147,Love Canal (Occidental),932020,43.080725,-78.951136,georeferenced_from_Fig3.2_~0.15mi,monitoring well,per-chemical groundwater results,130,3,"4,4'-DDD; Acetone; bis(2-Ethylhexyl)phthalate (DEHP)",2015,2019,2017,2015;2017;2019,Love Canal (Occidental) (well monitors NYSDEC site 932020),NYSDEC periodic review reports (Glenn Springs/GHD); see docs/,,,
10174A,Love Canal (Occidental),932020,43.078964,-78.951118,georeferenced_from_Fig3.2_~0.15mi,monitoring well,per-chemical groundwater results,130,1,Acetone,2015,2019,2019,2015;2017;2019,Love Canal (Occidental) (well monitors NYSDEC site 932020),NYSDEC periodic review reports (Glenn Springs/GHD); see docs/,,,
10178A,Love Canal (Occidental),932020,43.079892,-78.951268,georeferenced_from_Fig3.2_~0.15mi,monitoring well,per-chemical groundwater results,131,1,Acetone,2016,2022,2019,2016;2017;2019;2022,Love Canal (Occidental) (well monitors NYSDEC site 932020),NYSDEC periodic review reports (Glenn Springs/GHD); see docs/,,,
10178B,Love Canal (Occidental),932020,43.079892,-78.951268,georeferenced_nested_with_10178A,monitoring well,per-chemical groundwater results,127,5,2-Butanone (Methyl ethyl ketone) (MEK); Carbon disulfide; alpha-BHC; delta-BHC; gamma-BHC (lindane),2022,2022,2022,2022,Love Canal (Occidental) (well monitors NYSDEC site 932020),NYSDEC periodic review reports (Glenn Springs/GHD); see docs/,,,
10205,Love Canal (Occidental),932020,43.077383,-78.949676,georeferenced_from_Fig3.2_~0.15mi,monitoring well,per-chemical groundwater results,129,9,"2-Butanone (Methyl ethyl ketone) (MEK); 4,4'-DDE; 4,4'-DDT; Carbon disulfide; Dieldrin; Endosulfan II; alpha-BHC; delta-BHC; gamma-BHC (lindane)",2015,2022,2022,2015;2016;2017;2019;2022,Love Canal (Occidental) (well monitors NYSDEC site 932020),NYSDEC periodic review reports (Glenn Springs/GHD); see docs/,,,
10210A,Love Canal (Occidental),932020,43.077592,-78.950346,georeferenced_from_Fig3.2_~0.15mi,monitoring well,per-chemical groundwater results,129,13,"4,4'-DDE; 4,4'-DDT; Acetone; Bromomethane (Methyl bromide); Carbon disulfide; Ethylbenzene; Naphthalene; Toluene; Xylenes (total); alpha-BHC; alpha-Chlordane; delta-BHC; gamma-BHC (lindane)",2015,2022,2022,2015;2016;2017;2019;2022,Love Canal (Occidental) (well monitors NYSDEC site 932020),NYSDEC periodic review reports (Glenn Springs/GHD); see docs/,,,
10210B,Love Canal (Occidental),932020,43.077609,-78.950434,georeferenced_from_Fig3.2_~0.15mi,monitoring well,per-chemical groundwater results,129,7,Acetone; Carbon disulfide; Trichloroethene; Xylenes (total); alpha-BHC; delta-BHC; gamma-BHC (lindane),2015,2022,2022,2015;2016;2017;2019;2022,Love Canal (Occidental) (well monitors NYSDEC site 932020),NYSDEC periodic review reports (Glenn Springs/GHD); see docs/,,,
10210C,Love Canal (Occidental),932020,43.077637,-78.950523,georeferenced_from_Fig3.2_~0.15mi,monitoring well,per-chemical groundwater results,129,8,"4,4'-DDT; Acetone; Carbon disulfide; Endrin; Phenol; alpha-BHC; delta-BHC; gamma-BHC (lindane)",2015,2022,2022,2015;2016;2017;2019;2022,Love Canal (Occidental) (well monitors NYSDEC site 932020),NYSDEC periodic review reports (Glenn Springs/GHD); see docs/,,,
10215,Love Canal (Occidental),932020,43.077889,-78.951245,georeferenced_from_Fig3.2_~0.15mi,monitoring well,per-chemical groundwater results,129,7,"4,4'-DDD; 4,4'-DDT; Acetone; Carbon disulfide; alpha-BHC; delta-BHC; gamma-BHC (lindane)",2015,2022,2022,2015;2016;2017;2019;2022,Love Canal (Occidental) (well monitors NYSDEC site 932020),NYSDEC periodic review reports (Glenn Springs/GHD); see docs/,,,
10225A,Love Canal (Occidental),932020,43.080963,-78.950947,georeferenced_from_Fig3.2_~0.15mi,monitoring well,per-chemical groundwater results,129,12,2-Butanone (Methyl ethyl ketone) (MEK); Acetone; Carbon disulfide; Diethyl phthalate; Ethylbenzene; Heptachlor epoxide; Naphthalene; Toluene; Xylenes (total); alpha-BHC; delta-BHC; gamma-BHC (lindane),2015,2022,2022,2015;2016;2017;2019;2022,Love Canal (Occidental) (well monitors NYSDEC site 932020),NYSDEC periodic review reports (Glenn Springs/GHD); see docs/,,,
10225B,Love Canal (Occidental),932020,43.080989,-78.951048,georeferenced_from_Fig3.2_~0.15mi,monitoring well,per-chemical groundwater results,129,12,"2-Butanone (Methyl ethyl ketone) (MEK); 4,4'-DDT; Acetone; Carbon disulfide; Endosulfan II; Endosulfan sulfate; Methoxychlor; Toluene; alpha-BHC; delta-BHC; gamma-BHC (lindane); gamma-Chlordane",2015,2022,2022,2015;2016;2017;2019;2022,Love Canal (Occidental) (well monitors NYSDEC site 932020),NYSDEC periodic review reports (Glenn Springs/GHD); see docs/,,,
10225C,Love Canal (Occidental),932020,43.081313,-78.951054,georeferenced_from_Fig3.2_~0.15mi,monitoring well,per-chemical groundwater results,129,9,"1,2,4-Trichlorobenzene; Acetone; Carbon disulfide; Chlorobenzene; Trichloroethene; alpha-BHC; cis-1,2-Dichloroethene; delta-BHC; gamma-BHC (lindane)",2015,2022,2022,2015;2016;2017;2019;2022,Love Canal (Occidental) (well monitors NYSDEC site 932020),NYSDEC periodic review reports (Glenn Springs/GHD); see docs/,,,
10270,Love Canal (Occidental),932020,43.078471,-78.951016,georeferenced_from_Fig3.2_~0.15mi,monitoring well,per-chemical groundwater results,129,7,Acetone; Carbon disulfide; Endosulfan II; Endosulfan sulfate; alpha-BHC; delta-BHC; gamma-BHC (lindane),2015,2022,2022,2015;2016;2017;2019;2022,Love Canal (Occidental) (well monitors NYSDEC site 932020),NYSDEC periodic review reports (Glenn Springs/GHD); see docs/,,,
10272,Love Canal (Occidental),932020,43.078697,-78.951087,georeferenced_from_Fig3.2_~0.15mi,monitoring well,per-chemical groundwater results,129,7,Acetone; Carbon disulfide; Chloroform (Trichloromethane); alpha-BHC; beta-BHC; delta-BHC; gamma-BHC (lindane),2015,2022,2022,2015;2016;2017;2019;2022,Love Canal (Occidental) (well monitors NYSDEC site 932020),NYSDEC periodic review reports (Glenn Springs/GHD); see docs/,,,
10278,Love Canal (Occidental),932020,43.079707,-78.951121,georeferenced_from_Fig3.2_~0.15mi,monitoring well,per-chemical groundwater results,129,11,"2-Butanone (Methyl ethyl ketone) (MEK); 4,4'-DDT; Acetone; Carbon disulfide; Endosulfan II; Methoxychlor; Xylenes (total); alpha-BHC; beta-BHC; delta-BHC; gamma-BHC (lindane)",2015,2022,2022,2015;2016;2017;2019;2022,Love Canal (Occidental) (well monitors NYSDEC site 932020),NYSDEC periodic review reports (Glenn Springs/GHD); see docs/,,,
3257,Love Canal (Occidental),932020,43.085733,-78.950937,georeferenced_from_Fig3.2_~0.15mi,monitoring well,per-chemical groundwater results,129,4,"4,4'-DDT; Acetone; Carbon disulfide; delta-BHC",2015,2022,2022,2015;2016;2017;2019;2022,Love Canal (Occidental) (well monitors NYSDEC site 932020),NYSDEC periodic review reports (Glenn Springs/GHD); see docs/,,,
5221,Love Canal (Occidental),932020,43.079112,-78.952163,georeferenced_from_Fig3.2_~0.15mi,monitoring well,per-chemical groundwater results,129,6,"4,4'-DDD; Acetone; Carbon disulfide; Endosulfan sulfate; Methoxychlor; delta-BHC",2015,2022,2022,2015;2016;2017;2019;2022,Love Canal (Occidental) (well monitors NYSDEC site 932020),NYSDEC periodic review reports (Glenn Springs/GHD); see docs/,,,
6209,Love Canal (Occidental),932020,43.077655,-78.948388,georeferenced_from_Fig3.2_~0.15mi,monitoring well,per-chemical groundwater results,129,7,Acetone; Carbon disulfide; Chloroform (Trichloromethane); Toluene; alpha-BHC; delta-BHC; gamma-BHC (lindane),2015,2022,2022,2015;2016;2017;2019;2022,Love Canal (Occidental) (well monitors NYSDEC site 932020),NYSDEC periodic review reports (Glenn Springs/GHD); see docs/,,,
7115,Love Canal (Occidental),932020,43.08265,-78.951007,georeferenced_from_Fig3.2_~0.15mi,monitoring well,per-chemical groundwater results,130,5,alpha-BHC; beta-BHC; bis(2-Ethylhexyl)phthalate (DEHP); delta-BHC; gamma-BHC (lindane),2016,2022,2022,2016;2022,Love Canal (Occidental) (well monitors NYSDEC site 932020),NYSDEC periodic review reports (Glenn Springs/GHD); see docs/,,,
7120,Love Canal (Occidental),932020,43.083308,-78.951034,georeferenced_from_Fig3.2_~0.15mi,monitoring well,per-chemical groundwater results,130,0,,2015,2019,,2015;2017;2019,Love Canal (Occidental) (well monitors NYSDEC site 932020),NYSDEC periodic review reports (Glenn Springs/GHD); see docs/,,,
7125,Love Canal (Occidental),932020,43.083747,-78.95108,georeferenced_from_Fig3.2_~0.15mi,monitoring well,per-chemical groundwater results,130,0,,2016,2022,,2016;2022,Love Canal (Occidental) (well monitors NYSDEC site 932020),NYSDEC periodic review reports (Glenn Springs/GHD); see docs/,,,
7130,Love Canal (Occidental),932020,43.084864,-78.951106,georeferenced_from_Fig3.2_~0.15mi,monitoring well,per-chemical groundwater results,131,3,Acetone; Phenol; bis(2-Ethylhexyl)phthalate (DEHP),2015,2022,2019,2015;2016;2017;2019;2022,Love Canal (Occidental) (well monitors NYSDEC site 932020),NYSDEC periodic review reports (Glenn Springs/GHD); see docs/,,,
7132,Love Canal (Occidental),932020,43.085191,-78.951057,georeferenced_from_Fig3.2_~0.15mi,monitoring well,per-chemical groundwater results,131,1,Carbon disulfide,2015,2022,2022,2015;2016;2017;2019;2022,Love Canal (Occidental) (well monitors NYSDEC site 932020),NYSDEC periodic review reports (Glenn Springs/GHD); see docs/,,,
7155,Love Canal (Occidental),932020,43.085244,-78.950873,georeferenced_from_Fig3.2_~0.15mi,monitoring well,per-chemical groundwater results,130,3,Acetone; Carbon disulfide; Toluene,2015,2019,2019,2015;2017;2019,Love Canal (Occidental) (well monitors NYSDEC site 932020),NYSDEC periodic review reports (Glenn Springs/GHD); see docs/,,,
7161,Love Canal (Occidental),932020,43.08566,-78.950102,georeferenced_from_Fig3.2_~0.15mi,monitoring well,per-chemical groundwater results,130,2,Acetone; Carbon disulfide,2015,2019,2019,2015;2017;2019,Love Canal (Occidental) (well monitors NYSDEC site 932020),NYSDEC periodic review reports (Glenn Springs/GHD); see docs/,,,
7205,Love Canal (Occidental),932020,43.084021,-78.951086,georeferenced_from_Fig3.2_~0.15mi,monitoring well,per-chemical groundwater results,129,8,4-Methyl-2-pentanone (Methyl isobutyl ketone) (MIBK); Carbon disulfide; Diethyl phthalate; Methoxychlor; Toluene; alpha-BHC; delta-BHC; gamma-BHC (lindane),2015,2022,2022,2015;2016;2017;2019;2022,Love Canal (Occidental) (well monitors NYSDEC site 932020),NYSDEC periodic review reports (Glenn Springs/GHD); see docs/,,,
8106,Love Canal (Occidental),932020,43.085777,-78.948487,georeferenced_from_Fig3.2_~0.15mi,monitoring well,per-chemical groundwater results,131,3,Acetone; Chloromethane (Methyl chloride); bis(2-Ethylhexyl)phthalate (DEHP),2015,2022,2017,2015;2016;2017;2019;2022,Love Canal (Occidental) (well monitors NYSDEC site 932020),NYSDEC periodic review reports (Glenn Springs/GHD); see docs/,,,
8110,Love Canal (Occidental),932020,43.085039,-78.948916,georeferenced_from_Fig3.2_~0.15mi,monitoring well,per-chemical groundwater results,130,4,Acetone; Benzene; Toluene; Xylenes (total),2015,2019,2019,2015;2017;2019,Love Canal (Occidental) (well monitors NYSDEC site 932020),NYSDEC periodic review reports (Glenn Springs/GHD); see docs/,,,
8115,Love Canal (Occidental),932020,43.084359,-78.948639,georeferenced_from_Fig3.2_~0.15mi,monitoring well,per-chemical groundwater results,130,0,,2016,2022,,2016;2022,Love Canal (Occidental) (well monitors NYSDEC site 932020),NYSDEC periodic review reports (Glenn Springs/GHD); see docs/,,,
8120,Love Canal (Occidental),932020,43.084155,-78.948285,georeferenced_from_Fig3.2_~0.15mi,monitoring well,per-chemical groundwater results,130,1,bis(2-Ethylhexyl)phthalate (DEHP),2015,2019,2015,2015;2017;2019,Love Canal (Occidental) (well monitors NYSDEC site 932020),NYSDEC periodic review reports (Glenn Springs/GHD); see docs/,,,
8125,Love Canal (Occidental),932020,43.083428,-78.948253,georeferenced_from_Fig3.2_~0.15mi,monitoring well,per-chemical groundwater results,130,0,,2016,2022,,2016;2022,Love Canal (Occidental) (well monitors NYSDEC site 932020),NYSDEC periodic review reports (Glenn Springs/GHD); see docs/,,,
8130,Love Canal (Occidental),932020,43.082743,-78.948232,georeferenced_from_Fig3.2_~0.15mi,monitoring well,per-chemical groundwater results,130,0,,2015,2019,,2015;2017;2019,Love Canal (Occidental) (well monitors NYSDEC site 932020),NYSDEC periodic review reports (Glenn Springs/GHD); see docs/,,,
8140,Love Canal (Occidental),932020,43.081659,-78.948204,georeferenced_from_Fig3.2_~0.15mi,monitoring well,per-chemical groundwater results,130,7,Acetone; Benzene; Carbon disulfide; Toluene; Xylenes (total); alpha-BHC; gamma-BHC (lindane),2015,2019,2019,2015;2017;2019,Love Canal (Occidental) (well monitors NYSDEC site 932020),NYSDEC periodic review reports (Glenn Springs/GHD); see docs/,,,
8210,Love Canal (Occidental),932020,43.083978,-78.947451,georeferenced_from_Fig3.2_~0.15mi,monitoring well,per-chemical groundwater results,129,10,"4,4'-DDT; Acetone; Benzoic acid; Carbon disulfide; Hexachlorobenzene; Methoxychlor; Toluene; alpha-BHC; delta-BHC; gamma-BHC (lindane)",2015,2022,2022,2015;2016;2017;2019;2022,Love Canal (Occidental) (well monitors NYSDEC site 932020),NYSDEC periodic review reports (Glenn Springs/GHD); see docs/,,,
9105,Love Canal (Occidental),932020,43.081098,-78.948194,georeferenced_from_Fig3.2_~0.15mi,monitoring well,per-chemical groundwater results,130,0,,2016,2022,,2016;2022,Love Canal (Occidental) (well monitors NYSDEC site 932020),NYSDEC periodic review reports (Glenn Springs/GHD); see docs/,,,
9110,Love Canal (Occidental),932020,43.080517,-78.948185,georeferenced_from_Fig3.2_~0.15mi,monitoring well,per-chemical groundwater results,130,1,Acetone,2015,2019,2017,2015;2017;2019,Love Canal (Occidental) (well monitors NYSDEC site 932020),NYSDEC periodic review reports (Glenn Springs/GHD); see docs/,,,
9113,Love Canal (Occidental),932020,43.080146,-78.948161,georeferenced_from_Fig3.2_~0.15mi,monitoring well,per-chemical groundwater results,130,1,Chloromethane (Methyl chloride),2016,2022,2016,2016;2022,Love Canal (Occidental) (well monitors NYSDEC site 932020),NYSDEC periodic review reports (Glenn Springs/GHD); see docs/,,,
9115,Love Canal (Occidental),932020,43.079781,-78.948167,georeferenced_from_Fig3.2_~0.15mi,monitoring well,per-chemical groundwater results,130,2,Acetone; bis(2-Ethylhexyl)phthalate (DEHP),2015,2019,2019,2015;2017;2019,Love Canal (Occidental) (well monitors NYSDEC site 932020),NYSDEC periodic review reports (Glenn Springs/GHD); see docs/,,,
9118,Love Canal (Occidental),932020,43.079425,-78.948146,georeferenced_from_Fig3.2_~0.15mi,monitoring well,per-chemical groundwater results,130,1,Chloromethane (Methyl chloride),2016,2022,2016,2016;2022,Love Canal (Occidental) (well monitors NYSDEC site 932020),NYSDEC periodic review reports (Glenn Springs/GHD); see docs/,,,
9120,Love Canal (Occidental),932020,43.079077,-78.948139,georeferenced_from_Fig3.2_~0.15mi,monitoring well,per-chemical groundwater results,130,3,Acetone; Carbon disulfide; Chloromethane (Methyl chloride),2015,2019,2019,2015;2017;2019,Love Canal (Occidental) (well monitors NYSDEC site 932020),NYSDEC periodic review reports (Glenn Springs/GHD); see docs/,,,
9125,Love Canal (Occidental),932020,43.078387,-78.948126,georeferenced_from_Fig3.2_~0.15mi,monitoring well,per-chemical groundwater results,130,6,Acetone; Bromomethane (Methyl bromide); Carbon disulfide; Chloromethane (Methyl chloride); Phenol; bis(2-Ethylhexyl)phthalate (DEHP),2015,2019,2019,2015;2017;2019,Love Canal (Occidental) (well monitors NYSDEC site 932020),NYSDEC periodic review reports (Glenn Springs/GHD); see docs/,,,
9130,Love Canal (Occidental),932020,43.077637,-78.948271,georeferenced_from_Fig3.2_~0.15mi,monitoring well,per-chemical groundwater results,130,4,Acetone; Carbon disulfide; Chloromethane (Methyl chloride); bis(2-Ethylhexyl)phthalate (DEHP),2015,2019,2019,2015;2017;2019,Love Canal (Occidental) (well monitors NYSDEC site 932020),NYSDEC periodic review reports (Glenn Springs/GHD); see docs/,,,
9140,Love Canal (Occidental),932020,43.077355,-78.949425,georeferenced_from_Fig3.2_~0.15mi,monitoring well,per-chemical groundwater results,130,5,"2,4-Dimethylphenol; Acetone; Carbon disulfide; Di-n-octyl phthalate (DnOP); bis(2-Ethylhexyl)phthalate (DEHP)",2015,2019,2019,2015;2017;2019,Love Canal (Occidental) (well monitors NYSDEC site 932020),NYSDEC periodic review reports (Glenn Springs/GHD); see docs/,,,
9205,Love Canal (Occidental),932020,43.080547,-78.947094,georeferenced_from_Fig3.2_~0.15mi,monitoring well,per-chemical groundwater results,129,9,4-Methylphenol; Carbon disulfide; Dieldrin; Heptachlor epoxide; Methoxychlor; Toluene; alpha-BHC; delta-BHC; gamma-BHC (lindane),2015,2022,2022,2015;2016;2017;2019;2022,Love Canal (Occidental) (well monitors NYSDEC site 932020),NYSDEC periodic review reports (Glenn Springs/GHD); see docs/,,,
9210,Love Canal (Occidental),932020,43.077375,-78.948801,georeferenced_from_Fig3.2_~0.15mi,monitoring well,per-chemical groundwater results,129,9,"4,4'-DDT; Acetone; Carbon disulfide; Dieldrin; Endosulfan sulfate; Methoxychlor; alpha-BHC; delta-BHC; gamma-BHC (lindane)",2015,2022,2022,2015;2016;2017;2019;2022,Love Canal (Occidental) (well monitors NYSDEC site 932020),NYSDEC periodic review reports (Glenn Springs/GHD); see docs/,,,
MW-01,Love Canal (Occidental),932020,43.085251,-78.951485,georeferenced_from_Fig3.2_~0.15mi,monitoring well,per-chemical groundwater results,129,4,"4,4'-DDD; Acetone; Carbon disulfide; delta-BHC",2015,2022,2022,2015;2016;2017;2019;2022,Love Canal (Occidental) (well monitors NYSDEC site 932020),NYSDEC periodic review reports (Glenn Springs/GHD); see docs/,,,
MW-02,Love Canal (Occidental),932020,43.085668,-78.951836,georeferenced_from_Fig3.2_~0.15mi,monitoring well,per-chemical groundwater results,129,5,"4,4'-DDT; Acetone; Carbon disulfide; Toluene; delta-BHC",2015,2022,2022,2015;2016;2017;2019;2022,Love Canal (Occidental) (well monitors NYSDEC site 932020),NYSDEC periodic review reports (Glenn Springs/GHD); see docs/,,,
BPW237,S-Area Landfill (Occidental Buffalo Ave Plant),932019A,43.076868,-79.005921,georeferenced_from_figure_~0.15mi,river NAPL recovery well,NAPL/APL hydraulic + bedrock monitoring (no per-chemical suite),0,0,,2019,2019,,2019,S-Area Landfill / Occidental Buffalo Ave Plant (NYSDEC 932019A RRT system),S-Area 2019 RRT Evaluation Report [Fig1.1 RRT; Fig3.1 shallow bedrock]; NAPL_recovery_2019_gal=NA,,,
BPW238R,S-Area Landfill (Occidental Buffalo Ave Plant),932019A,43.07691,-79.007218,georeferenced_from_figure_~0.15mi,river NAPL recovery well,NAPL/APL hydraulic + bedrock monitoring (no per-chemical suite),0,0,,2019,2019,,2019,S-Area Landfill / Occidental Buffalo Ave Plant (NYSDEC 932019A RRT system),S-Area 2019 RRT Evaluation Report [Fig1.1 RRT; Fig3.1 shallow bedrock]; NAPL_recovery_2019_gal=NA,,,
BPW239,S-Area Landfill (Occidental Buffalo Ave Plant),932019A,43.076973,-79.007995,georeferenced_from_figure_~0.15mi,river NAPL recovery well,NAPL/APL hydraulic + bedrock monitoring (no per-chemical suite),0,0,,2019,2019,,2019,S-Area Landfill / Occidental Buffalo Ave Plant (NYSDEC 932019A RRT system),S-Area 2019 RRT Evaluation Report [Fig1.1 RRT; Fig3.1 shallow bedrock]; NAPL_recovery_2019_gal=NA,,,
BPW600,S-Area Landfill (Occidental Buffalo Ave Plant),932019A,43.080305,-79.005678,georeferenced_from_figure_~0.15mi,shallow bedrock APL purge well,NAPL/APL hydraulic + bedrock monitoring (no per-chemical suite),0,0,,2019,2019,,2019,S-Area Landfill / Occidental Buffalo Ave Plant (NYSDEC 932019A RRT system),S-Area 2019 RRT Evaluation Report [Fig1.1 RRT; Fig3.1 shallow bedrock]; NAPL_recovery_2019_gal=NA,,,
BPW601,S-Area Landfill (Occidental Buffalo Ave Plant),932019A,43.079934,-79.005937,georeferenced_from_figure_~0.15mi,shallow bedrock APL purge well,NAPL/APL hydraulic + bedrock monitoring (no per-chemical suite),0,0,,2019,2019,,2019,S-Area Landfill / Occidental Buffalo Ave Plant (NYSDEC 932019A RRT system),S-Area 2019 RRT Evaluation Report [Fig3.1 shallow bedrock]; NAPL_recovery_2019_gal=NA,,,
BPW602,S-Area Landfill (Occidental Buffalo Ave Plant),932019A,43.079479,-79.006858,georeferenced_from_figure_~0.15mi,shallow bedrock APL purge well,NAPL/APL hydraulic + bedrock monitoring (no per-chemical suite),0,0,,2019,2019,,2019,S-Area Landfill / Occidental Buffalo Ave Plant (NYSDEC 932019A RRT system),S-Area 2019 RRT Evaluation Report [Fig1.1 RRT; Fig3.1 shallow bedrock]; NAPL_recovery_2019_gal=NA,,,
BPW603R,S-Area Landfill (Occidental Buffalo Ave Plant),932019A,43.079292,-79.00737,georeferenced_from_figure_~0.15mi,shallow bedrock APL purge well,NAPL/APL hydraulic + bedrock monitoring (no per-chemical suite),0,0,,2019,2019,,2019,S-Area Landfill / Occidental Buffalo Ave Plant (NYSDEC 932019A RRT system),S-Area 2019 RRT Evaluation Report [Fig1.1 RRT; Fig3.1 shallow bedrock]; NAPL_recovery_2019_gal=NA,,,
BPW604,S-Area Landfill (Occidental Buffalo Ave Plant),932019A,43.079005,-79.007657,georeferenced_from_figure_~0.15mi,bedrock purge/recovery well,NAPL/APL hydraulic + bedrock monitoring (no per-chemical suite),0,0,,2019,2019,,2019,S-Area Landfill / Occidental Buffalo Ave Plant (NYSDEC 932019A RRT system),S-Area 2019 RRT Evaluation Report [Fig1.1 RRT; Fig3.1 shallow bedrock]; NAPL_recovery_2019_gal=NA,,,
BPW605,S-Area Landfill (Occidental Buffalo Ave Plant),932019A,43.078617,-79.008193,georeferenced_from_figure_~0.15mi,shallow bedrock APL purge well,NAPL/APL hydraulic + bedrock monitoring (no per-chemical suite),0,0,,2019,2019,,2019,S-Area Landfill / Occidental Buffalo Ave Plant (NYSDEC 932019A RRT system),S-Area 2019 RRT Evaluation Report [Fig1.1 RRT; Fig3.1 shallow bedrock]; NAPL_recovery_2019_gal=NA,,,
BPW606,S-Area Landfill (Occidental Buffalo Ave Plant),932019A,43.078426,-79.008786,georeferenced_from_figure_~0.15mi,shallow bedrock APL purge well,NAPL/APL hydraulic + bedrock monitoring (no per-chemical suite),0,0,,2019,2019,,2019,S-Area Landfill / Occidental Buffalo Ave Plant (NYSDEC 932019A RRT system),S-Area 2019 RRT Evaluation Report [Fig1.1 RRT; Fig3.1 shallow bedrock]; NAPL_recovery_2019_gal=NA,,,
BPW607,S-Area Landfill (Occidental Buffalo Ave Plant),932019A,43.078141,-79.00902,georeferenced_from_figure_~0.15mi,shallow bedrock APL purge well,NAPL/APL hydraulic + bedrock monitoring (no per-chemical suite),0,0,,2019,2019,,2019,S-Area Landfill / Occidental Buffalo Ave Plant (NYSDEC 932019A RRT system),S-Area 2019 RRT Evaluation Report [Fig1.1 RRT; Fig3.1 shallow bedrock]; NAPL_recovery_2019_gal=NA,,,
BPW609,S-Area Landfill (Occidental Buffalo Ave Plant),932019A,43.0768,-79.007674,georeferenced_from_figure_~0.15mi,river NAPL recovery well,NAPL/APL hydraulic + bedrock monitoring (no per-chemical suite),0,0,,2019,2019,,2019,S-Area Landfill / Occidental Buffalo Ave Plant (NYSDEC 932019A RRT system),S-Area 2019 RRT Evaluation Report [Fig3.1 shallow bedrock]; NAPL_recovery_2019_gal=NA,,,
BPW610R,S-Area Landfill (Occidental Buffalo Ave Plant),932019A,43.077048,-79.007561,georeferenced_from_figure_~0.15mi,river NAPL recovery well,NAPL/APL hydraulic + bedrock monitoring (no per-chemical suite),0,0,,2019,2019,,2019,S-Area Landfill / Occidental Buffalo Ave Plant (NYSDEC 932019A RRT system),S-Area 2019 RRT Evaluation Report [Fig3.1 shallow bedrock]; NAPL_recovery_2019_gal=NA,,,
BPW611,S-Area Landfill (Occidental Buffalo Ave Plant),932019A,43.077095,-79.006187,georeferenced_from_figure_~0.15mi,river NAPL recovery well,NAPL/APL hydraulic + bedrock monitoring (no per-chemical suite),0,0,,2019,2019,,2019,S-Area Landfill / Occidental Buffalo Ave Plant (NYSDEC 932019A RRT system),S-Area 2019 RRT Evaluation Report [Fig3.1 shallow bedrock]; NAPL_recovery_2019_gal=NA,,,
BPW611B,S-Area Landfill (Occidental Buffalo Ave Plant),932019A,43.076821,-79.005829,georeferenced_from_figure_~0.15mi,bedrock purge/recovery well,NAPL/APL hydraulic + bedrock monitoring (no per-chemical suite),0,0,,2019,2019,,2019,S-Area Landfill / Occidental Buffalo Ave Plant (NYSDEC 932019A RRT system),S-Area 2019 RRT Evaluation Report [Fig1.1 RRT]; NAPL_recovery_2019_gal=NA,,,
BPW613,S-Area Landfill (Occidental Buffalo Ave Plant),932019A,43.078089,-79.005765,georeferenced_from_figure_~0.15mi,V-Area NAPL recovery well,NAPL/APL hydraulic + bedrock monitoring (no per-chemical suite),0,0,,2019,2019,,2019,S-Area Landfill / Occidental Buffalo Ave Plant (NYSDEC 932019A RRT system),S-Area 2019 RRT Evaluation Report [Fig1.1 RRT; Fig3.1 shallow bedrock]; NAPL_recovery_2019_gal=NA,,,
BPW614,S-Area Landfill (Occidental Buffalo Ave Plant),932019A,43.078579,-79.005794,georeferenced_from_figure_~0.15mi,bedrock purge/recovery well,NAPL/APL hydraulic + bedrock monitoring (no per-chemical suite),0,0,,2019,2019,,2019,S-Area Landfill / Occidental Buffalo Ave Plant (NYSDEC 932019A RRT system),S-Area 2019 RRT Evaluation Report [Fig1.1 RRT; Fig3.1 shallow bedrock]; NAPL_recovery_2019_gal=NA,,,
BPW615,S-Area Landfill (Occidental Buffalo Ave Plant),932019A,43.079172,-79.005529,georeferenced_from_figure_~0.15mi,V-Area NAPL recovery well,NAPL/APL hydraulic + bedrock monitoring (no per-chemical suite),0,0,,2019,2019,,2019,S-Area Landfill / Occidental Buffalo Ave Plant (NYSDEC 932019A RRT system),S-Area 2019 RRT Evaluation Report [Fig3.1 shallow bedrock]; NAPL_recovery_2019_gal=NA,,,
BPW631I,S-Area Landfill (Occidental Buffalo Ave Plant),932019A,43.077773,-79.006447,georeferenced_from_figure_~0.15mi,intermediate bedrock APL purge well,NAPL/APL hydraulic + bedrock monitoring (no per-chemical suite),0,0,,2019,2019,,2019,S-Area Landfill / Occidental Buffalo Ave Plant (NYSDEC 932019A RRT system),S-Area 2019 RRT Evaluation Report [Fig1.1 RRT; Fig3.2 interm/deep bedrock]; NAPL_recovery_2019_gal=NA,,,
BPW632I,S-Area Landfill (Occidental Buffalo Ave Plant),932019A,43.076847,-79.007508,georeferenced_from_figure_~0.15mi,intermediate bedrock APL purge well,NAPL/APL hydraulic + bedrock monitoring (no per-chemical suite),0,0,,2019,2019,,2019,S-Area Landfill / Occidental Buffalo Ave Plant (NYSDEC 932019A RRT system),S-Area 2019 RRT Evaluation Report [Fig3.2 interm/deep bedrock]; NAPL_recovery_2019_gal=NA,,,
BPW671,S-Area Landfill (Occidental Buffalo Ave Plant),932019A,43.076666,-79.005339,georeferenced_from_figure_~0.15mi,river NAPL recovery well,NAPL/APL hydraulic + bedrock monitoring (no per-chemical suite),0,0,,2019,2019,,2019,S-Area Landfill / Occidental Buffalo Ave Plant (NYSDEC 932019A RRT system),S-Area 2019 RRT Evaluation Report [Fig3.1 shallow bedrock]; NAPL_recovery_2019_gal=NA,,,
BPW682,S-Area Landfill (Occidental Buffalo Ave Plant),932019A,43.078837,-79.003971,georeferenced_from_figure_~0.15mi,V-Area NAPL recovery well,NAPL/APL hydraulic + bedrock monitoring (no per-chemical suite),0,0,,2019,2019,,2019,S-Area Landfill / Occidental Buffalo Ave Plant (NYSDEC 932019A RRT system),S-Area 2019 RRT Evaluation Report [Fig1.1 RRT; Fig3.1 shallow bedrock]; NAPL_recovery_2019_gal=NA,,,
BPW683,S-Area Landfill (Occidental Buffalo Ave Plant),932019A,43.078784,-79.004449,georeferenced_from_figure_~0.15mi,V-Area NAPL recovery well,NAPL/APL hydraulic + bedrock monitoring (no per-chemical suite),0,0,,2019,2019,,2019,S-Area Landfill / Occidental Buffalo Ave Plant (NYSDEC 932019A RRT system),S-Area 2019 RRT Evaluation Report [Fig1.1 RRT; Fig3.1 shallow bedrock]; NAPL_recovery_2019_gal=NA,,,
BPW689I,S-Area Landfill (Occidental Buffalo Ave Plant),932019A,43.077575,-79.007924,georeferenced_from_figure_~0.15mi,intermediate bedrock APL purge well,NAPL/APL hydraulic + bedrock monitoring (no per-chemical suite),0,0,,2019,2019,,2019,S-Area Landfill / Occidental Buffalo Ave Plant (NYSDEC 932019A RRT system),S-Area 2019 RRT Evaluation Report [Fig1.1 RRT; Fig3.2 interm/deep bedrock]; NAPL_recovery_2019_gal=NA,,,
BPW698I,S-Area Landfill (Occidental Buffalo Ave Plant),932019A,43.078475,-79.007699,georeferenced_from_figure_~0.15mi,intermediate bedrock APL purge well,NAPL/APL hydraulic + bedrock monitoring (no per-chemical suite),0,0,,2019,2019,,2019,S-Area Landfill / Occidental Buffalo Ave Plant (NYSDEC 932019A RRT system),S-Area 2019 RRT Evaluation Report [Fig1.1 RRT; Fig3.2 interm/deep bedrock]; NAPL_recovery_2019_gal=NA,,,
OPW500,S-Area Landfill (Occidental Buffalo Ave Plant),932019A,43.077148,-79.008755,georeferenced_from_figure_~0.15mi,off-site overburden purge well,NAPL/APL hydraulic + bedrock monitoring (no per-chemical suite),0,0,,2019,2019,,2019,S-Area Landfill / Occidental Buffalo Ave Plant (NYSDEC 932019A RRT system),S-Area 2019 RRT Evaluation Report [Fig1.1 RRT; Fig2.1 overburden]; NAPL_recovery_2019_gal=NA,,,
OPW501,S-Area Landfill (Occidental Buffalo Ave Plant),932019A,43.077071,-79.008312,georeferenced_from_figure_~0.15mi,off-site overburden purge well,NAPL/APL hydraulic + bedrock monitoring (no per-chemical suite),0,0,,2019,2019,,2019,S-Area Landfill / Occidental Buffalo Ave Plant (NYSDEC 932019A RRT system),S-Area 2019 RRT Evaluation Report [Fig1.1 RRT; Fig2.1 overburden]; NAPL_recovery_2019_gal=NA,,,
OPW502,S-Area Landfill (Occidental Buffalo Ave Plant),932019A,43.077017,-79.00795,georeferenced_from_figure_~0.15mi,off-site overburden purge well,NAPL/APL hydraulic + bedrock monitoring (no per-chemical suite),0,0,,2019,2019,,2019,S-Area Landfill / Occidental Buffalo Ave Plant (NYSDEC 932019A RRT system),S-Area 2019 RRT Evaluation Report [Fig1.1 RRT; Fig2.1 overburden]; NAPL_recovery_2019_gal=NA,,,
OPW503,S-Area Landfill (Occidental Buffalo Ave Plant),932019A,43.076971,-79.007462,georeferenced_from_figure_~0.15mi,off-site overburden purge well,NAPL/APL hydraulic + bedrock monitoring (no per-chemical suite),0,0,,2019,2019,,2019,S-Area Landfill / Occidental Buffalo Ave Plant (NYSDEC 932019A RRT system),S-Area 2019 RRT Evaluation Report [Fig1.1 RRT; Fig2.1 overburden]; NAPL_recovery_2019_gal=NA,,,
OPW504,S-Area Landfill (Occidental Buffalo Ave Plant),932019A,43.076971,-79.006992,georeferenced_from_figure_~0.15mi,off-site overburden purge well,NAPL/APL hydraulic + bedrock monitoring (no per-chemical suite),0,0,,2019,2019,,2019,S-Area Landfill / Occidental Buffalo Ave Plant (NYSDEC 932019A RRT system),S-Area 2019 RRT Evaluation Report [Fig1.1 RRT; Fig2.1 overburden]; NAPL_recovery_2019_gal=NA,,,
OPW505,S-Area Landfill (Occidental Buffalo Ave Plant),932019A,43.076909,-79.006599,georeferenced_from_figure_~0.15mi,off-site overburden purge well,NAPL/APL hydraulic + bedrock monitoring (no per-chemical suite),0,0,,2019,2019,,2019,S-Area Landfill / Occidental Buffalo Ave Plant (NYSDEC 932019A RRT system),S-Area 2019 RRT Evaluation Report [Fig1.1 RRT; Fig2.1 overburden]; NAPL_recovery_2019_gal=NA,,,
OPW506,S-Area Landfill (Occidental Buffalo Ave Plant),932019A,43.076832,-79.006088,georeferenced_from_figure_~0.15mi,off-site overburden purge well,NAPL/APL hydraulic + bedrock monitoring (no per-chemical suite),0,0,,2019,2019,,2019,S-Area Landfill / Occidental Buffalo Ave Plant (NYSDEC 932019A RRT system),S-Area 2019 RRT Evaluation Report [Fig1.1 RRT; Fig2.1 overburden]; NAPL_recovery_2019_gal=NA,,,
OPW507,S-Area Landfill (Occidental Buffalo Ave Plant),932019A,43.076867,-79.005817,georeferenced_from_figure_~0.15mi,off-site overburden purge well,NAPL/APL hydraulic + bedrock monitoring (no per-chemical suite),0,0,,2019,2019,,2019,S-Area Landfill / Occidental Buffalo Ave Plant (NYSDEC 932019A RRT system),S-Area 2019 RRT Evaluation Report [Fig1.1 RRT; Fig2.1 overburden]; NAPL_recovery_2019_gal=NA,,,
OPW508,S-Area Landfill (Occidental Buffalo Ave Plant),932019A,43.076835,-79.005348,georeferenced_from_figure_~0.15mi,off-site overburden purge well,NAPL/APL hydraulic + bedrock monitoring (no per-chemical suite),0,0,,2019,2019,,2019,S-Area Landfill / Occidental Buffalo Ave Plant (NYSDEC 932019A RRT system),S-Area 2019 RRT Evaluation Report [Fig1.1 RRT]; NAPL_recovery_2019_gal=NA,,,
OPW509,S-Area Landfill (Occidental Buffalo Ave Plant),932019A,43.077418,-79.006303,georeferenced_from_figure_~0.15mi,off-site overburden purge well,NAPL/APL hydraulic + bedrock monitoring (no per-chemical suite),0,0,,2019,2019,,2019,S-Area Landfill / Occidental Buffalo Ave Plant (NYSDEC 932019A RRT system),S-Area 2019 RRT Evaluation Report [Fig2.1 overburden]; NAPL_recovery_2019_gal=NA,,,
OPW510,S-Area Landfill (Occidental Buffalo Ave Plant),932019A,43.077407,-79.00688,georeferenced_from_figure_~0.15mi,off-site overburden purge well,NAPL/APL hydraulic + bedrock monitoring (no per-chemical suite),0,0,,2019,2019,,2019,S-Area Landfill / Occidental Buffalo Ave Plant (NYSDEC 932019A RRT system),S-Area 2019 RRT Evaluation Report [Fig2.1 overburden]; NAPL_recovery_2019_gal=NA,,,
OPW511,S-Area Landfill (Occidental Buffalo Ave Plant),932019A,43.077549,-79.007349,georeferenced_from_figure_~0.15mi,off-site overburden purge well,NAPL/APL hydraulic + bedrock monitoring (no per-chemical suite),0,0,,2019,2019,,2019,S-Area Landfill / Occidental Buffalo Ave Plant (NYSDEC 932019A RRT system),S-Area 2019 RRT Evaluation Report [Fig2.1 overburden]; NAPL_recovery_2019_gal=NA,,,
OPW512,S-Area Landfill (Occidental Buffalo Ave Plant),932019A,43.077586,-79.007687,georeferenced_from_figure_~0.15mi,off-site overburden purge well,NAPL/APL hydraulic + bedrock monitoring (no per-chemical suite),0,0,,2019,2019,,2019,S-Area Landfill / Occidental Buffalo Ave Plant (NYSDEC 932019A RRT system),S-Area 2019 RRT Evaluation Report [Fig2.1 overburden]; NAPL_recovery_2019_gal=NA,,,
OPW513,S-Area Landfill (Occidental Buffalo Ave Plant),932019A,43.077487,-79.007794,georeferenced_from_figure_~0.15mi,off-site overburden purge well,NAPL/APL hydraulic + bedrock monitoring (no per-chemical suite),0,0,,2019,2019,,2019,S-Area Landfill / Occidental Buffalo Ave Plant (NYSDEC 932019A RRT system),S-Area 2019 RRT Evaluation Report [Fig2.1 overburden]; NAPL_recovery_2019_gal=NA,,,
OPW514,S-Area Landfill (Occidental Buffalo Ave Plant),932019A,43.077542,-79.008192,georeferenced_from_figure_~0.15mi,off-site overburden purge well,NAPL/APL hydraulic + bedrock monitoring (no per-chemical suite),0,0,,2019,2019,,2019,S-Area Landfill / Occidental Buffalo Ave Plant (NYSDEC 932019A RRT system),S-Area 2019 RRT Evaluation Report [Fig2.1 overburden]; NAPL_recovery_2019_gal=NA,,,
OPW514O,S-Area Landfill (Occidental Buffalo Ave Plant),932019A,43.077562,-79.008264,georeferenced_from_figure_~0.15mi,overburden purge well,NAPL/APL hydraulic + bedrock monitoring (no per-chemical suite),0,0,,2019,2019,,2019,S-Area Landfill / Occidental Buffalo Ave Plant (NYSDEC 932019A RRT system),S-Area 2019 RRT Evaluation Report [Fig1.1 RRT]; NAPL_recovery_2019_gal=NA,,,
OPW515,S-Area Landfill (Occidental Buffalo Ave Plant),932019A,43.077648,-79.008785,georeferenced_from_figure_~0.15mi,off-site overburden purge well,NAPL/APL hydraulic + bedrock monitoring (no per-chemical suite),0,0,,2019,2019,,2019,S-Area Landfill / Occidental Buffalo Ave Plant (NYSDEC 932019A RRT system),S-Area 2019 RRT Evaluation Report [Fig1.1 RRT; Fig2.1 overburden]; NAPL_recovery_2019_gal=NA,,,
OPW516,S-Area Landfill (Occidental Buffalo Ave Plant),932019A,43.078069,-79.008883,georeferenced_from_figure_~0.15mi,on-site overburden purge well,NAPL/APL hydraulic + bedrock monitoring (no per-chemical suite),0,0,,2019,2019,,2019,S-Area Landfill / Occidental Buffalo Ave Plant (NYSDEC 932019A RRT system),S-Area 2019 RRT Evaluation Report [Fig1.1 RRT; Fig2.1 overburden]; NAPL_recovery_2019_gal=NA,,,
OPW517,S-Area Landfill (Occidental Buffalo Ave Plant),932019A,43.07795,-79.008783,georeferenced_from_figure_~0.15mi,on-site overburden purge well,NAPL/APL hydraulic + bedrock monitoring (no per-chemical suite),0,0,,2019,2019,,2019,S-Area Landfill / Occidental Buffalo Ave Plant (NYSDEC 932019A RRT system),S-Area 2019 RRT Evaluation Report [Fig2.1 overburden]; NAPL_recovery_2019_gal=NA,,,
OPW518,S-Area Landfill (Occidental Buffalo Ave Plant),932019A,43.077978,-79.008554,georeferenced_from_figure_~0.15mi,on-site overburden purge well,NAPL/APL hydraulic + bedrock monitoring (no per-chemical suite),0,0,,2019,2019,,2019,S-Area Landfill / Occidental Buffalo Ave Plant (NYSDEC 932019A RRT system),S-Area 2019 RRT Evaluation Report [Fig1.1 RRT; Fig2.1 overburden]; NAPL_recovery_2019_gal=NA,,,
OPW519,S-Area Landfill (Occidental Buffalo Ave Plant),932019A,43.078256,-79.008788,georeferenced_from_figure_~0.15mi,on-site overburden purge well,NAPL/APL hydraulic + bedrock monitoring (no per-chemical suite),0,0,,2019,2019,,2019,S-Area Landfill / Occidental Buffalo Ave Plant (NYSDEC 932019A RRT system),S-Area 2019 RRT Evaluation Report [Fig1.1 RRT; Fig2.1 overburden]; NAPL_recovery_2019_gal=NA,,,
OPW520,S-Area Landfill (Occidental Buffalo Ave Plant),932019A,43.077876,-79.006826,georeferenced_from_figure_~0.15mi,on-site overburden purge well,NAPL/APL hydraulic + bedrock monitoring (no per-chemical suite),0,0,,2019,2019,,2019,S-Area Landfill / Occidental Buffalo Ave Plant (NYSDEC 932019A RRT system),S-Area 2019 RRT Evaluation Report [Fig2.1 overburden]; NAPL_recovery_2019_gal=NA,,,
OPW521,S-Area Landfill (Occidental Buffalo Ave Plant),932019A,43.077882,-79.007179,georeferenced_from_figure_~0.15mi,on-site overburden purge well,NAPL/APL hydraulic + bedrock monitoring (no per-chemical suite),0,0,,2019,2019,,2019,S-Area Landfill / Occidental Buffalo Ave Plant (NYSDEC 932019A RRT system),S-Area 2019 RRT Evaluation Report [Fig1.1 RRT; Fig2.1 overburden]; NAPL_recovery_2019_gal=NA,,,
OPW522,S-Area Landfill (Occidental Buffalo Ave Plant),932019A,43.077884,-79.007433,georeferenced_from_figure_~0.15mi,on-site overburden purge well,NAPL/APL hydraulic + bedrock monitoring (no per-chemical suite),0,0,,2019,2019,,2019,S-Area Landfill / Occidental Buffalo Ave Plant (NYSDEC 932019A RRT system),S-Area 2019 RRT Evaluation Report [Fig1.1 RRT; Fig2.1 overburden]; NAPL_recovery_2019_gal=NA,,,
OW202,S-Area Landfill (Occidental Buffalo Ave Plant),932019A,43.076581,-79.003656,georeferenced_from_figure_~0.15mi,intermediate/deep bedrock monitoring well,NAPL/APL hydraulic + bedrock monitoring (no per-chemical suite),0,0,,2019,2019,,2019,S-Area Landfill / Occidental Buffalo Ave Plant (NYSDEC 932019A RRT system),S-Area 2019 RRT Evaluation Report [Fig3.2 interm/deep bedrock]; NAPL_recovery_2019_gal=NA,,,
OW206,S-Area Landfill (Occidental Buffalo Ave Plant),932019A,43.077292,-79.01026,georeferenced_from_figure_~0.15mi,intermediate/deep bedrock monitoring well,NAPL/APL hydraulic + bedrock monitoring (no per-chemical suite),0,0,,2019,2019,,2019,S-Area Landfill / Occidental Buffalo Ave Plant (NYSDEC 932019A RRT system),S-Area 2019 RRT Evaluation Report [Fig3.2 interm/deep bedrock]; NAPL_recovery_2019_gal=NA,,,
OW210,S-Area Landfill (Occidental Buffalo Ave Plant),932019A,43.079374,-79.006472,georeferenced_from_figure_~0.15mi,intermediate/deep bedrock monitoring well,NAPL/APL hydraulic + bedrock monitoring (no per-chemical suite),0,0,,2019,2019,,2019,S-Area Landfill / Occidental Buffalo Ave Plant (NYSDEC 932019A RRT system),S-Area 2019 RRT Evaluation Report [Fig3.2 interm/deep bedrock]; NAPL_recovery_2019_gal=NA,,,
OW212,S-Area Landfill (Occidental Buffalo Ave Plant),932019A,43.078833,-79.008334,georeferenced_from_figure_~0.15mi,intermediate/deep bedrock monitoring well,NAPL/APL hydraulic + bedrock monitoring (no per-chemical suite),0,0,,2019,2019,,2019,S-Area Landfill / Occidental Buffalo Ave Plant (NYSDEC 932019A RRT system),S-Area 2019 RRT Evaluation Report [Fig3.2 interm/deep bedrock]; NAPL_recovery_2019_gal=NA,,,
OW214,S-Area Landfill (Occidental Buffalo Ave Plant),932019A,43.079315,-79.009677,georeferenced_from_figure_~0.15mi,intermediate/deep bedrock monitoring well,NAPL/APL hydraulic + bedrock monitoring (no per-chemical suite),0,0,,2019,2019,,2019,S-Area Landfill / Occidental Buffalo Ave Plant (NYSDEC 932019A RRT system),S-Area 2019 RRT Evaluation Report [Fig3.2 interm/deep bedrock]; NAPL_recovery_2019_gal=NA,,,
OW217,S-Area Landfill (Occidental Buffalo Ave Plant),932019A,43.080878,-79.008125,georeferenced_from_figure_~0.15mi,intermediate/deep bedrock monitoring well,NAPL/APL hydraulic + bedrock monitoring (no per-chemical suite),0,0,,2019,2019,,2019,S-Area Landfill / Occidental Buffalo Ave Plant (NYSDEC 932019A RRT system),S-Area 2019 RRT Evaluation Report [Fig3.2 interm/deep bedrock]; NAPL_recovery_2019_gal=NA,,,
OW218,S-Area Landfill (Occidental Buffalo Ave Plant),932019A,43.081634,-79.006241,georeferenced_from_figure_~0.15mi,intermediate/deep bedrock monitoring well,NAPL/APL hydraulic + bedrock monitoring (no per-chemical suite),0,0,,2019,2019,,2019,S-Area Landfill / Occidental Buffalo Ave Plant (NYSDEC 932019A RRT system),S-Area 2019 RRT Evaluation Report [Fig3.2 interm/deep bedrock]; NAPL_recovery_2019_gal=NA,,,
OW219,S-Area Landfill (Occidental Buffalo Ave Plant),932019A,43.080141,-79.010218,georeferenced_from_figure_~0.15mi,intermediate/deep bedrock monitoring well,NAPL/APL hydraulic + bedrock monitoring (no per-chemical suite),0,0,,2019,2019,,2019,S-Area Landfill / Occidental Buffalo Ave Plant (NYSDEC 932019A RRT system),S-Area 2019 RRT Evaluation Report [Fig3.2 interm/deep bedrock]; NAPL_recovery_2019_gal=NA,,,
OW222,S-Area Landfill (Occidental Buffalo Ave Plant),932019A,43.077742,-79.011775,georeferenced_from_figure_~0.15mi,shallow bedrock monitoring well,NAPL/APL hydraulic + bedrock monitoring (no per-chemical suite),0,0,,2019,2019,,2019,S-Area Landfill / Occidental Buffalo Ave Plant (NYSDEC 932019A RRT system),S-Area 2019 RRT Evaluation Report [Fig3.1 shallow bedrock]; NAPL_recovery_2019_gal=NA,,,
OW223,S-Area Landfill (Occidental Buffalo Ave Plant),932019A,43.08082,-79.010796,georeferenced_from_figure_~0.15mi,shallow bedrock monitoring well,NAPL/APL hydraulic + bedrock monitoring (no per-chemical suite),0,0,,2019,2019,,2019,S-Area Landfill / Occidental Buffalo Ave Plant (NYSDEC 932019A RRT system),S-Area 2019 RRT Evaluation Report [Fig3.1 shallow bedrock]; NAPL_recovery_2019_gal=NA,1546.0,9418.0,Shallow Bedrock SBCP (Table 3.7)
OW224,S-Area Landfill (Occidental Buffalo Ave Plant),932019A,43.08181,-79.006437,georeferenced_from_figure_~0.15mi,shallow bedrock monitoring well,NAPL/APL hydraulic + bedrock monitoring (no per-chemical suite),0,0,,2019,2019,,2019,S-Area Landfill / Occidental Buffalo Ave Plant (NYSDEC 932019A RRT system),S-Area 2019 RRT Evaluation Report [Fig3.1 shallow bedrock]; NAPL_recovery_2019_gal=NA,2287.0,2287.0,Shallow Bedrock SBCP (Table 3.7)
OW225,S-Area Landfill (Occidental Buffalo Ave Plant),932019A,43.079653,-79.007384,georeferenced_from_figure_~0.15mi,shallow bedrock monitoring well,NAPL/APL hydraulic + bedrock monitoring (no per-chemical suite),0,0,,2019,2019,,2019,S-Area Landfill / Occidental Buffalo Ave Plant (NYSDEC 932019A RRT system),S-Area 2019 RRT Evaluation Report [Fig3.1 shallow bedrock]; NAPL_recovery_2019_gal=0.0,181.0,811.0,Shallow Bedrock SBCP (Table 3.7)
OW226,S-Area Landfill (Occidental Buffalo Ave Plant),932019A,43.079089,-79.005941,georeferenced_from_figure_~0.15mi,shallow bedrock monitoring well,NAPL/APL hydraulic + bedrock monitoring (no per-chemical suite),0,0,,2019,2019,,2019,S-Area Landfill / Occidental Buffalo Ave Plant (NYSDEC 932019A RRT system),S-Area 2019 RRT Evaluation Report [Fig3.1 shallow bedrock]; NAPL_recovery_2019_gal=0.35,2434.0,13267.0,Shallow Bedrock SBCP (Table 3.7)
OW228,S-Area Landfill (Occidental Buffalo Ave Plant),932019A,43.077499,-79.009063,georeferenced_from_figure_~0.15mi,shallow bedrock monitoring well,NAPL/APL hydraulic + bedrock monitoring (no per-chemical suite),0,0,,2019,2019,,2019,S-Area Landfill / Occidental Buffalo Ave Plant (NYSDEC 932019A RRT system),S-Area 2019 RRT Evaluation Report [Fig3.1 shallow bedrock]; NAPL_recovery_2019_gal=NA,,,
OW229,S-Area Landfill (Occidental Buffalo Ave Plant),932019A,43.078763,-79.008667,georeferenced_from_figure_~0.15mi,shallow bedrock monitoring well,NAPL/APL hydraulic + bedrock monitoring (no per-chemical suite),0,0,,2019,2019,,2019,S-Area Landfill / Occidental Buffalo Ave Plant (NYSDEC 932019A RRT system),S-Area 2019 RRT Evaluation Report [Fig3.1 shallow bedrock]; NAPL_recovery_2019_gal=0.5,,,
OW230,S-Area Landfill (Occidental Buffalo Ave Plant),932019A,43.079041,-79.008427,georeferenced_from_figure_~0.15mi,shallow bedrock monitoring well,NAPL/APL hydraulic + bedrock monitoring (no per-chemical suite),0,0,,2019,2019,,2019,S-Area Landfill / Occidental Buffalo Ave Plant (NYSDEC 932019A RRT system),S-Area 2019 RRT Evaluation Report [Fig3.1 shallow bedrock]; NAPL_recovery_2019_gal=NA,556.0,957.0,Shallow Bedrock SBCP (Table 3.7)
OW231,S-Area Landfill (Occidental Buffalo Ave Plant),932019A,43.079552,-79.007772,georeferenced_from_figure_~0.15mi,shallow bedrock monitoring well,NAPL/APL hydraulic + bedrock monitoring (no per-chemical suite),0,0,,2019,2019,,2019,S-Area Landfill / Occidental Buffalo Ave Plant (NYSDEC 932019A RRT system),S-Area 2019 RRT Evaluation Report [Fig3.1 shallow bedrock]; NAPL_recovery_2019_gal=NA,459.0,1076.0,Shallow Bedrock SBCP (Table 3.7)
OW232,S-Area Landfill (Occidental Buffalo Ave Plant),932019A,43.079901,-79.007263,georeferenced_from_figure_~0.15mi,shallow bedrock monitoring well,NAPL/APL hydraulic + bedrock monitoring (no per-chemical suite),0,0,,2019,2019,,2019,S-Area Landfill / Occidental Buffalo Ave Plant (NYSDEC 932019A RRT system),S-Area 2019 RRT Evaluation Report [Fig3.1 shallow bedrock]; NAPL_recovery_2019_gal=NA,,,
OW233,S-Area Landfill (Occidental Buffalo Ave Plant),932019A,43.079632,-79.006551,georeferenced_from_figure_~0.15mi,shallow bedrock monitoring well,NAPL/APL hydraulic + bedrock monitoring (no per-chemical suite),0,0,,2019,2019,,2019,S-Area Landfill / Occidental Buffalo Ave Plant (NYSDEC 932019A RRT system),S-Area 2019 RRT Evaluation Report [Fig3.1 shallow bedrock]; NAPL_recovery_2019_gal=NA,,,
OW234,S-Area Landfill (Occidental Buffalo Ave Plant),932019A,43.079509,-79.005909,georeferenced_from_figure_~0.15mi,shallow bedrock monitoring well,NAPL/APL hydraulic + bedrock monitoring (no per-chemical suite),0,0,,2019,2019,,2019,S-Area Landfill / Occidental Buffalo Ave Plant (NYSDEC 932019A RRT system),S-Area 2019 RRT Evaluation Report [Fig3.1 shallow bedrock]; NAPL_recovery_2019_gal=0.0,,,
OW235,S-Area Landfill (Occidental Buffalo Ave Plant),932019A,43.078712,-79.005874,georeferenced_from_figure_~0.15mi,shallow bedrock monitoring well,NAPL/APL hydraulic + bedrock monitoring (no per-chemical suite),0,0,,2019,2019,,2019,S-Area Landfill / Occidental Buffalo Ave Plant (NYSDEC 932019A RRT system),S-Area 2019 RRT Evaluation Report [Fig3.1 shallow bedrock]; NAPL_recovery_2019_gal=0.0,,,
OW236,S-Area Landfill (Occidental Buffalo Ave Plant),932019A,43.078171,-79.005748,georeferenced_from_figure_~0.15mi,shallow bedrock monitoring well,NAPL/APL hydraulic + bedrock monitoring (no per-chemical suite),0,0,,2019,2019,,2019,S-Area Landfill / Occidental Buffalo Ave Plant (NYSDEC 932019A RRT system),S-Area 2019 RRT Evaluation Report [Fig3.1 shallow bedrock]; NAPL_recovery_2019_gal=NA,0.5,701.0,Shallow Bedrock SBCP (Table 3.7)
OW240R,S-Area Landfill (Occidental Buffalo Ave Plant),932019A,43.077083,-79.009327,georeferenced_from_figure_~0.15mi,shallow bedrock monitoring well,NAPL/APL hydraulic + bedrock monitoring (no per-chemical suite),0,0,,2019,2019,,2019,S-Area Landfill / Occidental Buffalo Ave Plant (NYSDEC 932019A RRT system),S-Area 2019 RRT Evaluation Report [Fig3.1 shallow bedrock]; NAPL_recovery_2019_gal=NA,104.0,247.0,Shallow Bedrock SBCP (Table 3.7)
OW241,S-Area Landfill (Occidental Buffalo Ave Plant),932019A,43.07784,-79.009001,georeferenced_from_figure_~0.15mi,shallow bedrock monitoring well,NAPL/APL hydraulic + bedrock monitoring (no per-chemical suite),0,0,,2019,2019,,2019,S-Area Landfill / Occidental Buffalo Ave Plant (NYSDEC 932019A RRT system),S-Area 2019 RRT Evaluation Report [Fig3.1 shallow bedrock]; NAPL_recovery_2019_gal=NA,140.0,1494.0,Shallow Bedrock SBCP (Table 3.7)
OW242,S-Area Landfill (Occidental Buffalo Ave Plant),932019A,43.07807,-79.009381,georeferenced_from_figure_~0.15mi,shallow bedrock monitoring well,NAPL/APL hydraulic + bedrock monitoring (no per-chemical suite),0,0,,2019,2019,,2019,S-Area Landfill / Occidental Buffalo Ave Plant (NYSDEC 932019A RRT system),S-Area 2019 RRT Evaluation Report [Fig3.1 shallow bedrock]; NAPL_recovery_2019_gal=NA,959.0,6432.0,Shallow Bedrock SBCP (Table 3.7)
OW243,S-Area Landfill (Occidental Buffalo Ave Plant),932019A,43.078523,-79.008779,georeferenced_from_figure_~0.15mi,shallow bedrock monitoring well,NAPL/APL hydraulic + bedrock monitoring (no per-chemical suite),0,0,,2019,2019,,2019,S-Area Landfill / Occidental Buffalo Ave Plant (NYSDEC 932019A RRT system),S-Area 2019 RRT Evaluation Report [Fig3.1 shallow bedrock]; NAPL_recovery_2019_gal=2.2,229.0,27100.0,Shallow Bedrock SBCP (Table 3.7)
OW244,S-Area Landfill (Occidental Buffalo Ave Plant),932019A,43.077475,-79.007839,georeferenced_from_figure_~0.15mi,shallow bedrock monitoring well,NAPL/APL hydraulic + bedrock monitoring (no per-chemical suite),0,0,,2019,2019,,2019,S-Area Landfill / Occidental Buffalo Ave Plant (NYSDEC 932019A RRT system),S-Area 2019 RRT Evaluation Report [Fig3.1 shallow bedrock]; NAPL_recovery_2019_gal=NA,,,
OW245,S-Area Landfill (Occidental Buffalo Ave Plant),932019A,43.077343,-79.007208,georeferenced_from_figure_~0.15mi,shallow bedrock monitoring well,NAPL/APL hydraulic + bedrock monitoring (no per-chemical suite),0,0,,2019,2019,,2019,S-Area Landfill / Occidental Buffalo Ave Plant (NYSDEC 932019A RRT system),S-Area 2019 RRT Evaluation Report [Fig3.1 shallow bedrock]; NAPL_recovery_2019_gal=0.0,,,
OW260,S-Area Landfill (Occidental Buffalo Ave Plant),932019A,43.077519,-79.002238,georeferenced_from_figure_~0.15mi,overburden monitoring well,NAPL/APL hydraulic + bedrock monitoring (no per-chemical suite),0,0,,2019,2019,,2019,S-Area Landfill / Occidental Buffalo Ave Plant (NYSDEC 932019A RRT system),S-Area 2019 RRT Evaluation Report [Fig2.1 overburden]; NAPL_recovery_2019_gal=NA,0.0,1.3,V-Area (Table 2.3)
OW262,S-Area Landfill (Occidental Buffalo Ave Plant),932019A,43.077369,-79.003833,georeferenced_from_figure_~0.15mi,overburden monitoring well,NAPL/APL hydraulic + bedrock monitoring (no per-chemical suite),0,0,,2019,2019,,2019,S-Area Landfill / Occidental Buffalo Ave Plant (NYSDEC 932019A RRT system),S-Area 2019 RRT Evaluation Report [Fig2.1 overburden]; NAPL_recovery_2019_gal=NA,15.0,51.0,V-Area (Table 2.3)
OW278,S-Area Landfill (Occidental Buffalo Ave Plant),932019A,43.079191,-79.005368,georeferenced_from_figure_~0.15mi,overburden monitoring well,NAPL/APL hydraulic + bedrock monitoring (no per-chemical suite),0,0,,2019,2019,,2019,S-Area Landfill / Occidental Buffalo Ave Plant (NYSDEC 932019A RRT system),S-Area 2019 RRT Evaluation Report [Fig2.1 overburden]; NAPL_recovery_2019_gal=NA,10.0,49.0,V-Area (Table 2.3)
OW282,S-Area Landfill (Occidental Buffalo Ave Plant),932019A,43.078982,-79.005286,georeferenced_from_figure_~0.15mi,overburden monitoring well,NAPL/APL hydraulic + bedrock monitoring (no per-chemical suite),0,0,,2019,2019,,2019,S-Area Landfill / Occidental Buffalo Ave Plant (NYSDEC 932019A RRT system),S-Area 2019 RRT Evaluation Report [Fig2.1 overburden]; NAPL_recovery_2019_gal=NA,1.2,21.0,V-Area (Table 2.3)
OW290,S-Area Landfill (Occidental Buffalo Ave Plant),932019A,43.078356,-79.004875,georeferenced_from_figure_~0.15mi,overburden monitoring well,NAPL/APL hydraulic + bedrock monitoring (no per-chemical suite),0,0,,2019,2019,,2019,S-Area Landfill / Occidental Buffalo Ave Plant (NYSDEC 932019A RRT system),S-Area 2019 RRT Evaluation Report [Fig2.1 overburden]; NAPL_recovery_2019_gal=NA,0.5,9.2,V-Area (Table 2.3)
OW292,S-Area Landfill (Occidental Buffalo Ave Plant),932019A,43.077712,-79.004914,georeferenced_from_figure_~0.15mi,overburden monitoring well,NAPL/APL hydraulic + bedrock monitoring (no per-chemical suite),0,0,,2019,2019,,2019,S-Area Landfill / Occidental Buffalo Ave Plant (NYSDEC 932019A RRT system),S-Area 2019 RRT Evaluation Report [Fig2.1 overburden]; NAPL_recovery_2019_gal=NA,0.43,0.51,V-Area (Table 2.3)
OW293,S-Area Landfill (Occidental Buffalo Ave Plant),932019A,43.077499,-79.004832,georeferenced_from_figure_~0.15mi,overburden monitoring well,NAPL/APL hydraulic + bedrock monitoring (no per-chemical suite),0,0,,2019,2019,,2019,S-Area Landfill / Occidental Buffalo Ave Plant (NYSDEC 932019A RRT system),S-Area 2019 RRT Evaluation Report [Fig2.1 overburden]; NAPL_recovery_2019_gal=NA,0.98,0.98,V-Area (Table 2.3)
OW312R,S-Area Landfill (Occidental Buffalo Ave Plant),932019A,43.080022,-79.006016,georeferenced_from_figure_~0.15mi,overburden monitoring well,NAPL/APL hydraulic + bedrock monitoring (no per-chemical suite),0,0,,2019,2019,,2019,S-Area Landfill / Occidental Buffalo Ave Plant (NYSDEC 932019A RRT system),S-Area 2019 RRT Evaluation Report [Fig2.1 overburden]; NAPL_recovery_2019_gal=NA,0.0,0.11,V-Area (Table 2.3)
OW343,S-Area Landfill (Occidental Buffalo Ave Plant),932019A,43.079788,-79.00675,georeferenced_from_figure_~0.15mi,overburden monitoring well,NAPL/APL hydraulic + bedrock monitoring (no per-chemical suite),0,0,,2019,2019,,2019,S-Area Landfill / Occidental Buffalo Ave Plant (NYSDEC 932019A RRT system),S-Area 2019 RRT Evaluation Report [Fig2.1 overburden]; NAPL_recovery_2019_gal=NA,,,
OW360R,S-Area Landfill (Occidental Buffalo Ave Plant),932019A,43.078951,-79.005729,georeferenced_from_figure_~0.15mi,overburden monitoring well,NAPL/APL hydraulic + bedrock monitoring (no per-chemical suite),0,0,,2019,2019,,2019,S-Area Landfill / Occidental Buffalo Ave Plant (NYSDEC 932019A RRT system),S-Area 2019 RRT Evaluation Report [Fig2.1 overburden]; NAPL_recovery_2019_gal=NA,,,
OW405D,S-Area Landfill (Occidental Buffalo Ave Plant),932019A,43.083365,-79.014773,georeferenced_from_figure_~0.15mi,shallow bedrock monitoring well,NAPL/APL hydraulic + bedrock monitoring (no per-chemical suite),0,0,,2019,2019,,2019,S-Area Landfill / Occidental Buffalo Ave Plant (NYSDEC 932019A RRT system),S-Area 2019 RRT Evaluation Report [Fig3.1 shallow bedrock]; NAPL_recovery_2019_gal=NA,3949.0,34831.0,Former EMP (Table 3.11)
OW406D,S-Area Landfill (Occidental Buffalo Ave Plant),932019A,43.083279,-79.013494,georeferenced_from_figure_~0.15mi,shallow bedrock monitoring well,NAPL/APL hydraulic + bedrock monitoring (no per-chemical suite),0,0,,2019,2019,,2019,S-Area Landfill / Occidental Buffalo Ave Plant (NYSDEC 932019A RRT system),S-Area 2019 RRT Evaluation Report [Fig3.1 shallow bedrock]; NAPL_recovery_2019_gal=NA,615.0,7350.0,Former EMP (Table 3.11)
OW407D,S-Area Landfill (Occidental Buffalo Ave Plant),932019A,43.084521,-79.011604,georeferenced_from_figure_~0.15mi,shallow bedrock monitoring well,NAPL/APL hydraulic + bedrock monitoring (no per-chemical suite),0,0,,2019,2019,,2019,S-Area Landfill / Occidental Buffalo Ave Plant (NYSDEC 932019A RRT system),S-Area 2019 RRT Evaluation Report [Fig3.1 shallow bedrock]; NAPL_recovery_2019_gal=NA,150.0,1065.0,Former EMP (Table 3.11)
OW408D,S-Area Landfill (Occidental Buffalo Ave Plant),932019A,43.083631,-79.009636,georeferenced_from_figure_~0.15mi,shallow bedrock monitoring well,NAPL/APL hydraulic + bedrock monitoring (no per-chemical suite),0,0,,2019,2019,,2019,S-Area Landfill / Occidental Buffalo Ave Plant (NYSDEC 932019A RRT system),S-Area 2019 RRT Evaluation Report [Fig3.1 shallow bedrock]; NAPL_recovery_2019_gal=NA,2991.0,12393.0,Former EMP (Table 3.11)
OW409D,S-Area Landfill (Occidental Buffalo Ave Plant),932019A,43.083916,-79.008198,georeferenced_from_figure_~0.15mi,shallow bedrock monitoring well,NAPL/APL hydraulic + bedrock monitoring (no per-chemical suite),0,0,,2019,2019,,2019,S-Area Landfill / Occidental Buffalo Ave Plant (NYSDEC 932019A RRT system),S-Area 2019 RRT Evaluation Report [Fig3.1 shallow bedrock]; NAPL_recovery_2019_gal=NA,94.0,2962.0,Former EMP (Table 3.11)
OW410D,S-Area Landfill (Occidental Buffalo Ave Plant),932019A,43.083813,-79.005149,georeferenced_from_figure_~0.15mi,shallow bedrock monitoring well,NAPL/APL hydraulic + bedrock monitoring (no per-chemical suite),0,0,,2019,2019,,2019,S-Area Landfill / Occidental Buffalo Ave Plant (NYSDEC 932019A RRT system),S-Area 2019 RRT Evaluation Report [Fig3.1 shallow bedrock]; NAPL_recovery_2019_gal=NA,4.0,5928.0,Former EMP (Table 3.11)
OW411D,S-Area Landfill (Occidental Buffalo Ave Plant),932019A,43.081635,-79.004763,georeferenced_from_figure_~0.15mi,shallow bedrock monitoring well,NAPL/APL hydraulic + bedrock monitoring (no per-chemical suite),0,0,,2019,2019,,2019,S-Area Landfill / Occidental Buffalo Ave Plant (NYSDEC 932019A RRT system),S-Area 2019 RRT Evaluation Report [Fig3.1 shallow bedrock]; NAPL_recovery_2019_gal=NA; NAPL_present_2019=yes,230.0,2069.0,Shallow Bedrock SBCP (Table 3.7)
OW412B,S-Area Landfill (Occidental Buffalo Ave Plant),932019A,43.080007,-79.006135,georeferenced_from_figure_~0.15mi,intermediate/deep bedrock monitoring well,NAPL/APL hydraulic + bedrock monitoring (no per-chemical suite),0,0,,2019,2019,,2019,S-Area Landfill / Occidental Buffalo Ave Plant (NYSDEC 932019A RRT system),S-Area 2019 RRT Evaluation Report [Fig3.2 interm/deep bedrock]; NAPL_recovery_2019_gal=NA,,,
OW412C,S-Area Landfill (Occidental Buffalo Ave Plant),932019A,43.080214,-79.006134,georeferenced_from_figure_~0.15mi,intermediate/deep bedrock monitoring well,NAPL/APL hydraulic + bedrock monitoring (no per-chemical suite),0,0,,2019,2019,,2019,S-Area Landfill / Occidental Buffalo Ave Plant (NYSDEC 932019A RRT system),S-Area 2019 RRT Evaluation Report [Fig3.2 interm/deep bedrock]; NAPL_recovery_2019_gal=NA,0.0,4.0,Intermediate/Deep Bedrock IDCP (Table 3.9)
OW412D,S-Area Landfill (Occidental Buffalo Ave Plant),932019A,43.080413,-79.006434,georeferenced_from_figure_~0.15mi,shallow bedrock monitoring well,NAPL/APL hydraulic + bedrock monitoring (no per-chemical suite),0,0,,2019,2019,,2019,S-Area Landfill / Occidental Buffalo Ave Plant (NYSDEC 932019A RRT system),S-Area 2019 RRT Evaluation Report [Fig3.1 shallow bedrock]; NAPL_recovery_2019_gal=0.0,1479.0,6857.0,Shallow Bedrock SBCP (Table 3.7)
OW413B,S-Area Landfill (Occidental Buffalo Ave Plant),932019A,43.078276,-79.009661,georeferenced_from_figure_~0.15mi,intermediate/deep bedrock monitoring well,NAPL/APL hydraulic + bedrock monitoring (no per-chemical suite),0,0,,2019,2019,,2019,S-Area Landfill / Occidental Buffalo Ave Plant (NYSDEC 932019A RRT system),S-Area 2019 RRT Evaluation Report [Fig3.2 interm/deep bedrock]; NAPL_recovery_2019_gal=NA,,,
OW413D,S-Area Landfill (Occidental Buffalo Ave Plant),932019A,43.078336,-79.009808,georeferenced_from_figure_~0.15mi,shallow bedrock monitoring well,NAPL/APL hydraulic + bedrock monitoring (no per-chemical suite),0,0,,2019,2019,,2019,S-Area Landfill / Occidental Buffalo Ave Plant (NYSDEC 932019A RRT system),S-Area 2019 RRT Evaluation Report [Fig3.1 shallow bedrock]; NAPL_recovery_2019_gal=NA,,,
OW414D,S-Area Landfill (Occidental Buffalo Ave Plant),932019A,43.078666,-79.013046,georeferenced_from_figure_~0.15mi,shallow bedrock monitoring well,NAPL/APL hydraulic + bedrock monitoring (no per-chemical suite),0,0,,2019,2019,,2019,S-Area Landfill / Occidental Buffalo Ave Plant (NYSDEC 932019A RRT system),S-Area 2019 RRT Evaluation Report [Fig3.1 shallow bedrock]; NAPL_recovery_2019_gal=NA,389.0,389.0,Shallow Bedrock SBCP (Table 3.7)
OW417D,S-Area Landfill (Occidental Buffalo Ave Plant),932019A,43.082741,-79.015102,georeferenced_from_figure_~0.15mi,shallow bedrock monitoring well,NAPL/APL hydraulic + bedrock monitoring (no per-chemical suite),0,0,,2019,2019,,2019,S-Area Landfill / Occidental Buffalo Ave Plant (NYSDEC 932019A RRT system),S-Area 2019 RRT Evaluation Report [Fig3.1 shallow bedrock]; NAPL_recovery_2019_gal=NA,199822.0,338573.0,Former EMP (Table 3.11)
OW525,S-Area Landfill (Occidental Buffalo Ave Plant),932019A,43.078623,-79.007739,georeferenced_from_figure_~0.15mi,overburden monitoring well,NAPL/APL hydraulic + bedrock monitoring (no per-chemical suite),0,0,,2019,2019,,2019,S-Area Landfill / Occidental Buffalo Ave Plant (NYSDEC 932019A RRT system),S-Area 2019 RRT Evaluation Report [Fig2.1 overburden]; NAPL_recovery_2019_gal=NA,,,
OW526,S-Area Landfill (Occidental Buffalo Ave Plant),932019A,43.07872,-79.006565,georeferenced_from_figure_~0.15mi,overburden monitoring well,NAPL/APL hydraulic + bedrock monitoring (no per-chemical suite),0,0,,2019,2019,,2019,S-Area Landfill / Occidental Buffalo Ave Plant (NYSDEC 932019A RRT system),S-Area 2019 RRT Evaluation Report [Fig2.1 overburden]; NAPL_recovery_2019_gal=NA,,,
OW527R,S-Area Landfill (Occidental Buffalo Ave Plant),932019A,43.078445,-79.00845,georeferenced_from_figure_~0.15mi,overburden monitoring well,NAPL/APL hydraulic + bedrock monitoring (no per-chemical suite),0,0,,2019,2019,,2019,S-Area Landfill / Occidental Buffalo Ave Plant (NYSDEC 932019A RRT system),S-Area 2019 RRT Evaluation Report [Fig2.1 overburden]; NAPL_recovery_2019_gal=NA,,,
OW529R,S-Area Landfill (Occidental Buffalo Ave Plant),932019A,43.078357,-79.006365,georeferenced_from_figure_~0.15mi,overburden monitoring well,NAPL/APL hydraulic + bedrock monitoring (no per-chemical suite),0,0,,2019,2019,,2019,S-Area Landfill / Occidental Buffalo Ave Plant (NYSDEC 932019A RRT system),S-Area 2019 RRT Evaluation Report [Fig2.1 overburden]; NAPL_recovery_2019_gal=NA,,,
OW531R,S-Area Landfill (Occidental Buffalo Ave Plant),932019A,43.078086,-79.006288,georeferenced_from_figure_~0.15mi,overburden monitoring well,NAPL/APL hydraulic + bedrock monitoring (no per-chemical suite),0,0,,2019,2019,,2019,S-Area Landfill / Occidental Buffalo Ave Plant (NYSDEC 932019A RRT system),S-Area 2019 RRT Evaluation Report [Fig2.1 overburden]; NAPL_recovery_2019_gal=NA,,,
OW532,S-Area Landfill (Occidental Buffalo Ave Plant),932019A,43.077353,-79.008479,georeferenced_from_figure_~0.15mi,overburden monitoring well,NAPL/APL hydraulic + bedrock monitoring (no per-chemical suite),0,0,,2019,2019,,2019,S-Area Landfill / Occidental Buffalo Ave Plant (NYSDEC 932019A RRT system),S-Area 2019 RRT Evaluation Report [Fig2.1 overburden]; NAPL_recovery_2019_gal=NA; NAPL_present_2019=yes,,,
OW533,S-Area Landfill (Occidental Buffalo Ave Plant),932019A,43.077159,-79.006812,georeferenced_from_figure_~0.15mi,overburden monitoring well,NAPL/APL hydraulic + bedrock monitoring (no per-chemical suite),0,0,,2019,2019,,2019,S-Area Landfill / Occidental Buffalo Ave Plant (NYSDEC 932019A RRT system),S-Area 2019 RRT Evaluation Report [Fig2.1 overburden]; NAPL_recovery_2019_gal=NA,,,
OW534,S-Area Landfill (Occidental Buffalo Ave Plant),932019A,43.077111,-79.006165,georeferenced_from_figure_~0.15mi,overburden monitoring well,NAPL/APL hydraulic + bedrock monitoring (no per-chemical suite),0,0,,2019,2019,,2019,S-Area Landfill / Occidental Buffalo Ave Plant (NYSDEC 932019A RRT system),S-Area 2019 RRT Evaluation Report [Fig2.1 overburden]; NAPL_recovery_2019_gal=NA,,,
OW535,S-Area Landfill (Occidental Buffalo Ave Plant),932019A,43.077464,-79.009094,georeferenced_from_figure_~0.15mi,overburden monitoring well,NAPL/APL hydraulic + bedrock monitoring (no per-chemical suite),0,0,,2019,2019,,2019,S-Area Landfill / Occidental Buffalo Ave Plant (NYSDEC 932019A RRT system),S-Area 2019 RRT Evaluation Report [Fig2.1 overburden]; NAPL_recovery_2019_gal=NA,,,
OW536,S-Area Landfill (Occidental Buffalo Ave Plant),932019A,43.077226,-79.007636,georeferenced_from_figure_~0.15mi,overburden monitoring well,NAPL/APL hydraulic + bedrock monitoring (no per-chemical suite),0,0,,2019,2019,,2019,S-Area Landfill / Occidental Buffalo Ave Plant (NYSDEC 932019A RRT system),S-Area 2019 RRT Evaluation Report [Fig2.1 overburden]; NAPL_recovery_2019_gal=NA; NAPL_present_2019=yes,,,
OW537,S-Area Landfill (Occidental Buffalo Ave Plant),932019A,43.077794,-79.008996,georeferenced_from_figure_~0.15mi,overburden monitoring well,NAPL/APL hydraulic + bedrock monitoring (no per-chemical suite),0,0,,2019,2019,,2019,S-Area Landfill / Occidental Buffalo Ave Plant (NYSDEC 932019A RRT system),S-Area 2019 RRT Evaluation Report [Fig2.1 overburden]; NAPL_recovery_2019_gal=NA,,,
OW538,S-Area Landfill (Occidental Buffalo Ave Plant),932019A,43.07774,-79.008431,georeferenced_from_figure_~0.15mi,overburden monitoring well,NAPL/APL hydraulic + bedrock monitoring (no per-chemical suite),0,0,,2019,2019,,2019,S-Area Landfill / Occidental Buffalo Ave Plant (NYSDEC 932019A RRT system),S-Area 2019 RRT Evaluation Report [Fig2.1 overburden]; NAPL_recovery_2019_gal=NA,,,
OW539R,S-Area Landfill (Occidental Buffalo Ave Plant),932019A,43.079,-79.009057,georeferenced_from_figure_~0.15mi,overburden monitoring well,NAPL/APL hydraulic + bedrock monitoring (no per-chemical suite),0,0,,2019,2019,,2019,S-Area Landfill / Occidental Buffalo Ave Plant (NYSDEC 932019A RRT system),S-Area 2019 RRT Evaluation Report [Fig2.1 overburden]; NAPL_recovery_2019_gal=NA,,,
OW540A,S-Area Landfill (Occidental Buffalo Ave Plant),932019A,43.078907,-79.008516,georeferenced_from_figure_~0.15mi,overburden monitoring well,NAPL/APL hydraulic + bedrock monitoring (no per-chemical suite),0,0,,2019,2019,,2019,S-Area Landfill / Occidental Buffalo Ave Plant (NYSDEC 932019A RRT system),S-Area 2019 RRT Evaluation Report [Fig2.1 overburden]; NAPL_recovery_2019_gal=NA,,,
OW541,S-Area Landfill (Occidental Buffalo Ave Plant),932019A,43.079052,-79.0078,georeferenced_from_figure_~0.15mi,overburden monitoring well,NAPL/APL hydraulic + bedrock monitoring (no per-chemical suite),0,0,,2019,2019,,2019,S-Area Landfill / Occidental Buffalo Ave Plant (NYSDEC 932019A RRT system),S-Area 2019 RRT Evaluation Report [Fig2.1 overburden]; NAPL_recovery_2019_gal=NA,,,
OW542,S-Area Landfill (Occidental Buffalo Ave Plant),932019A,43.078899,-79.007817,georeferenced_from_figure_~0.15mi,overburden monitoring well,NAPL/APL hydraulic + bedrock monitoring (no per-chemical suite),0,0,,2019,2019,,2019,S-Area Landfill / Occidental Buffalo Ave Plant (NYSDEC 932019A RRT system),S-Area 2019 RRT Evaluation Report [Fig2.1 overburden]; NAPL_recovery_2019_gal=NA,,,
OW543,S-Area Landfill (Occidental Buffalo Ave Plant),932019A,43.07956,-79.00777,georeferenced_from_figure_~0.15mi,overburden monitoring well,NAPL/APL hydraulic + bedrock monitoring (no per-chemical suite),0,0,,2019,2019,,2019,S-Area Landfill / Occidental Buffalo Ave Plant (NYSDEC 932019A RRT system),S-Area 2019 RRT Evaluation Report [Fig2.1 overburden]; NAPL_recovery_2019_gal=NA,,,
OW544,S-Area Landfill (Occidental Buffalo Ave Plant),932019A,43.079479,-79.007225,georeferenced_from_figure_~0.15mi,overburden monitoring well,NAPL/APL hydraulic + bedrock monitoring (no per-chemical suite),0,0,,2019,2019,,2019,S-Area Landfill / Occidental Buffalo Ave Plant (NYSDEC 932019A RRT system),S-Area 2019 RRT Evaluation Report [Fig2.1 overburden]; NAPL_recovery_2019_gal=NA,,,
OW546,S-Area Landfill (Occidental Buffalo Ave Plant),932019A,43.079588,-79.006452,georeferenced_from_figure_~0.15mi,overburden monitoring well,NAPL/APL hydraulic + bedrock monitoring (no per-chemical suite),0,0,,2019,2019,,2019,S-Area Landfill / Occidental Buffalo Ave Plant (NYSDEC 932019A RRT system),S-Area 2019 RRT Evaluation Report [Fig2.1 overburden]; NAPL_recovery_2019_gal=NA,,,
OW547,S-Area Landfill (Occidental Buffalo Ave Plant),932019A,43.078455,-79.005533,georeferenced_from_figure_~0.15mi,overburden monitoring well,NAPL/APL hydraulic + bedrock monitoring (no per-chemical suite),0,0,,2019,2019,,2019,S-Area Landfill / Occidental Buffalo Ave Plant (NYSDEC 932019A RRT system),S-Area 2019 RRT Evaluation Report [Fig2.1 overburden]; NAPL_recovery_2019_gal=NA,,,
OW548,S-Area Landfill (Occidental Buffalo Ave Plant),932019A,43.08004,-79.004799,georeferenced_from_figure_~0.15mi,overburden monitoring well,NAPL/APL hydraulic + bedrock monitoring (no per-chemical suite),0,0,,2019,2019,,2019,S-Area Landfill / Occidental Buffalo Ave Plant (NYSDEC 932019A RRT system),S-Area 2019 RRT Evaluation Report [Fig2.1 overburden]; NAPL_recovery_2019_gal=NA,0.0,1.0,V-Area (Table 2.3)
OW549,S-Area Landfill (Occidental Buffalo Ave Plant),932019A,43.079375,-79.004266,georeferenced_from_figure_~0.15mi,overburden monitoring well,NAPL/APL hydraulic + bedrock monitoring (no per-chemical suite),0,0,,2019,2019,,2019,S-Area Landfill / Occidental Buffalo Ave Plant (NYSDEC 932019A RRT system),S-Area 2019 RRT Evaluation Report [Fig2.1 overburden]; NAPL_recovery_2019_gal=NA,0.0,2.2,V-Area (Table 2.3)
OW550,S-Area Landfill (Occidental Buffalo Ave Plant),932019A,43.079722,-79.003447,georeferenced_from_figure_~0.15mi,overburden monitoring well,NAPL/APL hydraulic + bedrock monitoring (no per-chemical suite),0,0,,2019,2019,,2019,S-Area Landfill / Occidental Buffalo Ave Plant (NYSDEC 932019A RRT system),S-Area 2019 RRT Evaluation Report [Fig2.1 overburden]; NAPL_recovery_2019_gal=NA,0.0,0.0,V-Area (Table 2.3)
OW551,S-Area Landfill (Occidental Buffalo Ave Plant),932019A,43.077073,-79.005697,georeferenced_from_figure_~0.15mi,overburden monitoring well,NAPL/APL hydraulic + bedrock monitoring (no per-chemical suite),0,0,,2019,2019,,2019,S-Area Landfill / Occidental Buffalo Ave Plant (NYSDEC 932019A RRT system),S-Area 2019 RRT Evaluation Report [Fig2.1 overburden]; NAPL_recovery_2019_gal=NA; NAPL_present_2019=yes,,,
OW552,S-Area Landfill (Occidental Buffalo Ave Plant),932019A,43.077067,-79.005066,georeferenced_from_figure_~0.15mi,overburden monitoring well,NAPL/APL hydraulic + bedrock monitoring (no per-chemical suite),0,0,,2019,2019,,2019,S-Area Landfill / Occidental Buffalo Ave Plant (NYSDEC 932019A RRT system),S-Area 2019 RRT Evaluation Report [Fig2.1 overburden]; NAPL_recovery_2019_gal=NA,,,
OW595,S-Area Landfill (Occidental Buffalo Ave Plant),932019A,43.078546,-79.002217,georeferenced_from_figure_~0.15mi,overburden monitoring well,NAPL/APL hydraulic + bedrock monitoring (no per-chemical suite),0,0,,2019,2019,,2019,S-Area Landfill / Occidental Buffalo Ave Plant (NYSDEC 932019A RRT system),S-Area 2019 RRT Evaluation Report [Fig2.1 overburden]; NAPL_recovery_2019_gal=NA; NAPL_present_2019=yes,62.0,5851.0,V-Area (Table 2.3)
OW596,S-Area Landfill (Occidental Buffalo Ave Plant),932019A,43.078191,-79.002153,georeferenced_from_figure_~0.15mi,overburden monitoring well,NAPL/APL hydraulic + bedrock monitoring (no per-chemical suite),0,0,,2019,2019,,2019,S-Area Landfill / Occidental Buffalo Ave Plant (NYSDEC 932019A RRT system),S-Area 2019 RRT Evaluation Report [Fig2.1 overburden]; NAPL_recovery_2019_gal=NA,0.0,2.1,V-Area (Table 2.3)
OW597R,S-Area Landfill (Occidental Buffalo Ave Plant),932019A,43.078291,-79.002668,georeferenced_from_figure_~0.15mi,overburden monitoring well,NAPL/APL hydraulic + bedrock monitoring (no per-chemical suite),0,0,,2019,2019,,2019,S-Area Landfill / Occidental Buffalo Ave Plant (NYSDEC 932019A RRT system),S-Area 2019 RRT Evaluation Report [Fig2.1 overburden]; NAPL_recovery_2019_gal=NA,0.11,0.11,V-Area (Table 2.3)
OW598,S-Area Landfill (Occidental Buffalo Ave Plant),932019A,43.077338,-79.004812,georeferenced_from_figure_~0.15mi,overburden monitoring well,NAPL/APL hydraulic + bedrock monitoring (no per-chemical suite),0,0,,2019,2019,,2019,S-Area Landfill / Occidental Buffalo Ave Plant (NYSDEC 932019A RRT system),S-Area 2019 RRT Evaluation Report [Fig2.1 overburden]; NAPL_recovery_2019_gal=NA,1.1,24.0,V-Area (Table 2.3)
OW599,S-Area Landfill (Occidental Buffalo Ave Plant),932019A,43.077548,-79.003853,georeferenced_from_figure_~0.15mi,overburden monitoring well,NAPL/APL hydraulic + bedrock monitoring (no per-chemical suite),0,0,,2019,2019,,2019,S-Area Landfill / Occidental Buffalo Ave Plant (NYSDEC 932019A RRT system),S-Area 2019 RRT Evaluation Report [Fig2.1 overburden]; NAPL_recovery_2019_gal=NA,2.1,2.9,V-Area (Table 2.3)
OW608,S-Area Landfill (Occidental Buffalo Ave Plant),932019A,43.077182,-79.008877,georeferenced_from_figure_~0.15mi,shallow bedrock monitoring well,NAPL/APL hydraulic + bedrock monitoring (no per-chemical suite),0,0,,2019,2019,,2019,S-Area Landfill / Occidental Buffalo Ave Plant (NYSDEC 932019A RRT system),S-Area 2019 RRT Evaluation Report [Fig3.1 shallow bedrock]; NAPL_recovery_2019_gal=NA,,,
OW612,S-Area Landfill (Occidental Buffalo Ave Plant),932019A,43.077388,-79.005504,georeferenced_from_figure_~0.15mi,shallow bedrock monitoring well,NAPL/APL hydraulic + bedrock monitoring (no per-chemical suite),0,0,,2019,2019,,2019,S-Area Landfill / Occidental Buffalo Ave Plant (NYSDEC 932019A RRT system),S-Area 2019 RRT Evaluation Report [Fig3.1 shallow bedrock]; NAPL_recovery_2019_gal=NA,,,
OW616,S-Area Landfill (Occidental Buffalo Ave Plant),932019A,43.076974,-79.008488,georeferenced_from_figure_~0.15mi,shallow bedrock monitoring well,NAPL/APL hydraulic + bedrock monitoring (no per-chemical suite),0,0,,2019,2019,,2019,S-Area Landfill / Occidental Buffalo Ave Plant (NYSDEC 932019A RRT system),S-Area 2019 RRT Evaluation Report [Fig3.1 shallow bedrock]; NAPL_recovery_2019_gal=NA,408.0,1331.0,Shallow Bedrock SBCP (Table 3.7)
OW617,S-Area Landfill (Occidental Buffalo Ave Plant),932019A,43.079078,-79.00699,georeferenced_from_figure_~0.15mi,shallow bedrock monitoring well,NAPL/APL hydraulic + bedrock monitoring (no per-chemical suite),0,0,,2019,2019,,2019,S-Area Landfill / Occidental Buffalo Ave Plant (NYSDEC 932019A RRT system),S-Area 2019 RRT Evaluation Report [Fig3.1 shallow bedrock]; NAPL_recovery_2019_gal=0.0,,,
OW618,S-Area Landfill (Occidental Buffalo Ave Plant),932019A,43.079242,-79.009368,georeferenced_from_figure_~0.15mi,shallow bedrock monitoring well,NAPL/APL hydraulic + bedrock monitoring (no per-chemical suite),0,0,,2019,2019,,2019,S-Area Landfill / Occidental Buffalo Ave Plant (NYSDEC 932019A RRT system),S-Area 2019 RRT Evaluation Report [Fig3.1 shallow bedrock]; NAPL_recovery_2019_gal=0.35,830.0,1356.0,Shallow Bedrock SBCP (Table 3.7)
OW619,S-Area Landfill (Occidental Buffalo Ave Plant),932019A,43.08009,-79.008311,georeferenced_from_figure_~0.15mi,shallow bedrock monitoring well,NAPL/APL hydraulic + bedrock monitoring (no per-chemical suite),0,0,,2019,2019,,2019,S-Area Landfill / Occidental Buffalo Ave Plant (NYSDEC 932019A RRT system),S-Area 2019 RRT Evaluation Report [Fig3.1 shallow bedrock]; NAPL_recovery_2019_gal=0.0,349.0,2477.0,Shallow Bedrock SBCP (Table 3.7)
OW620,S-Area Landfill (Occidental Buffalo Ave Plant),932019A,43.077774,-79.010338,georeferenced_from_figure_~0.15mi,shallow bedrock monitoring well,NAPL/APL hydraulic + bedrock monitoring (no per-chemical suite),0,0,,2019,2019,,2019,S-Area Landfill / Occidental Buffalo Ave Plant (NYSDEC 932019A RRT system),S-Area 2019 RRT Evaluation Report [Fig3.1 shallow bedrock]; NAPL_recovery_2019_gal=0.0,270.0,1127.0,Shallow Bedrock SBCP (Table 3.7)
OW621,S-Area Landfill (Occidental Buffalo Ave Plant),932019A,43.078512,-79.010465,georeferenced_from_figure_~0.15mi,shallow bedrock monitoring well,NAPL/APL hydraulic + bedrock monitoring (no per-chemical suite),0,0,,2019,2019,,2019,S-Area Landfill / Occidental Buffalo Ave Plant (NYSDEC 932019A RRT system),S-Area 2019 RRT Evaluation Report [Fig3.1 shallow bedrock]; NAPL_recovery_2019_gal=0.6,64.0,16418.0,Shallow Bedrock SBCP (Table 3.7)
OW622,S-Area Landfill (Occidental Buffalo Ave Plant),932019A,43.079559,-79.008753,georeferenced_from_figure_~0.15mi,shallow bedrock monitoring well,NAPL/APL hydraulic + bedrock monitoring (no per-chemical suite),0,0,,2019,2019,,2019,S-Area Landfill / Occidental Buffalo Ave Plant (NYSDEC 932019A RRT system),S-Area 2019 RRT Evaluation Report [Fig3.1 shallow bedrock]; NAPL_recovery_2019_gal=NA,,,
OW623,S-Area Landfill (Occidental Buffalo Ave Plant),932019A,43.080121,-79.007668,georeferenced_from_figure_~0.15mi,shallow bedrock monitoring well,NAPL/APL hydraulic + bedrock monitoring (no per-chemical suite),0,0,,2019,2019,,2019,S-Area Landfill / Occidental Buffalo Ave Plant (NYSDEC 932019A RRT system),S-Area 2019 RRT Evaluation Report [Fig3.1 shallow bedrock]; NAPL_recovery_2019_gal=NA,,,
OW624,S-Area Landfill (Occidental Buffalo Ave Plant),932019A,43.080616,-79.007215,georeferenced_from_figure_~0.15mi,shallow bedrock monitoring well,NAPL/APL hydraulic + bedrock monitoring (no per-chemical suite),0,0,,2019,2019,,2019,S-Area Landfill / Occidental Buffalo Ave Plant (NYSDEC 932019A RRT system),S-Area 2019 RRT Evaluation Report [Fig3.1 shallow bedrock]; NAPL_recovery_2019_gal=NA,795.0,4806.0,Shallow Bedrock SBCP (Table 3.7)
OW625,S-Area Landfill (Occidental Buffalo Ave Plant),932019A,43.080713,-79.005881,georeferenced_from_figure_~0.15mi,shallow bedrock monitoring well,NAPL/APL hydraulic + bedrock monitoring (no per-chemical suite),0,0,,2019,2019,,2019,S-Area Landfill / Occidental Buffalo Ave Plant (NYSDEC 932019A RRT system),S-Area 2019 RRT Evaluation Report [Fig3.1 shallow bedrock]; NAPL_recovery_2019_gal=0.5,,,
OW626,S-Area Landfill (Occidental Buffalo Ave Plant),932019A,43.081386,-79.005488,georeferenced_from_figure_~0.15mi,shallow bedrock monitoring well,NAPL/APL hydraulic + bedrock monitoring (no per-chemical suite),0,0,,2019,2019,,2019,S-Area Landfill / Occidental Buffalo Ave Plant (NYSDEC 932019A RRT system),S-Area 2019 RRT Evaluation Report [Fig3.1 shallow bedrock]; NAPL_recovery_2019_gal=NA; NAPL_present_2019=yes,1759.0,14168.0,Shallow Bedrock SBCP (Table 3.7)
OW627R,S-Area Landfill (Occidental Buffalo Ave Plant),932019A,43.080414,-79.005562,georeferenced_from_figure_~0.15mi,shallow bedrock monitoring well,NAPL/APL hydraulic + bedrock monitoring (no per-chemical suite),0,0,,2019,2019,,2019,S-Area Landfill / Occidental Buffalo Ave Plant (NYSDEC 932019A RRT system),S-Area 2019 RRT Evaluation Report [Fig3.1 shallow bedrock]; NAPL_recovery_2019_gal=NA; NAPL_present_2019=yes,,,
OW628,S-Area Landfill (Occidental Buffalo Ave Plant),932019A,43.081177,-79.003995,georeferenced_from_figure_~0.15mi,shallow bedrock monitoring well,NAPL/APL hydraulic + bedrock monitoring (no per-chemical suite),0,0,,2019,2019,,2019,S-Area Landfill / Occidental Buffalo Ave Plant (NYSDEC 932019A RRT system),S-Area 2019 RRT Evaluation Report [Fig3.1 shallow bedrock]; NAPL_recovery_2019_gal=NA,,,
OW629,S-Area Landfill (Occidental Buffalo Ave Plant),932019A,43.077837,-79.006671,georeferenced_from_figure_~0.15mi,intermediate/deep bedrock monitoring well,NAPL/APL hydraulic + bedrock monitoring (no per-chemical suite),0,0,,2019,2019,,2019,S-Area Landfill / Occidental Buffalo Ave Plant (NYSDEC 932019A RRT system),S-Area 2019 RRT Evaluation Report [Fig3.2 interm/deep bedrock]; NAPL_recovery_2019_gal=NA,,,
OW630,S-Area Landfill (Occidental Buffalo Ave Plant),932019A,43.077713,-79.006257,georeferenced_from_figure_~0.15mi,intermediate/deep bedrock monitoring well,NAPL/APL hydraulic + bedrock monitoring (no per-chemical suite),0,0,,2019,2019,,2019,S-Area Landfill / Occidental Buffalo Ave Plant (NYSDEC 932019A RRT system),S-Area 2019 RRT Evaluation Report [Fig3.2 interm/deep bedrock]; NAPL_recovery_2019_gal=NA,7298.0,15206.0,Intermediate/Deep Bedrock IDCP (Table 3.9)
OW633,S-Area Landfill (Occidental Buffalo Ave Plant),932019A,43.076985,-79.007908,georeferenced_from_figure_~0.15mi,intermediate/deep bedrock monitoring well,NAPL/APL hydraulic + bedrock monitoring (no per-chemical suite),0,0,,2019,2019,,2019,S-Area Landfill / Occidental Buffalo Ave Plant (NYSDEC 932019A RRT system),S-Area 2019 RRT Evaluation Report [Fig3.2 interm/deep bedrock]; NAPL_recovery_2019_gal=NA,,,
OW636,S-Area Landfill (Occidental Buffalo Ave Plant),932019A,43.076888,-79.006675,georeferenced_from_figure_~0.15mi,intermediate/deep bedrock monitoring well,NAPL/APL hydraulic + bedrock monitoring (no per-chemical suite),0,0,,2019,2019,,2019,S-Area Landfill / Occidental Buffalo Ave Plant (NYSDEC 932019A RRT system),S-Area 2019 RRT Evaluation Report [Fig3.2 interm/deep bedrock]; NAPL_recovery_2019_gal=NA; NAPL_present_2019=yes,,,
OW638,S-Area Landfill (Occidental Buffalo Ave Plant),932019A,43.078613,-79.009417,georeferenced_from_figure_~0.15mi,intermediate/deep bedrock monitoring well,NAPL/APL hydraulic + bedrock monitoring (no per-chemical suite),0,0,,2019,2019,,2019,S-Area Landfill / Occidental Buffalo Ave Plant (NYSDEC 932019A RRT system),S-Area 2019 RRT Evaluation Report [Fig3.2 interm/deep bedrock]; NAPL_recovery_2019_gal=NA; NAPL_present_2019=yes,,,
OW640,S-Area Landfill (Occidental Buffalo Ave Plant),932019A,43.078552,-79.006919,georeferenced_from_figure_~0.15mi,intermediate/deep bedrock monitoring well,NAPL/APL hydraulic + bedrock monitoring (no per-chemical suite),0,0,,2019,2019,,2019,S-Area Landfill / Occidental Buffalo Ave Plant (NYSDEC 932019A RRT system),S-Area 2019 RRT Evaluation Report [Fig3.2 interm/deep bedrock]; NAPL_recovery_2019_gal=NA,,,
OW641,S-Area Landfill (Occidental Buffalo Ave Plant),932019A,43.07795,-79.006253,georeferenced_from_figure_~0.15mi,intermediate/deep bedrock monitoring well,NAPL/APL hydraulic + bedrock monitoring (no per-chemical suite),0,0,,2019,2019,,2019,S-Area Landfill / Occidental Buffalo Ave Plant (NYSDEC 932019A RRT system),S-Area 2019 RRT Evaluation Report [Fig3.2 interm/deep bedrock]; NAPL_recovery_2019_gal=NA; NAPL_present_2019=yes,,,
OW643,S-Area Landfill (Occidental Buffalo Ave Plant),932019A,43.078579,-79.009026,georeferenced_from_figure_~0.15mi,intermediate/deep bedrock monitoring well,NAPL/APL hydraulic + bedrock monitoring (no per-chemical suite),0,0,,2019,2019,,2019,S-Area Landfill / Occidental Buffalo Ave Plant (NYSDEC 932019A RRT system),S-Area 2019 RRT Evaluation Report [Fig3.2 interm/deep bedrock]; NAPL_recovery_2019_gal=NA; NAPL_present_2019=yes,8530.0,11316.0,Intermediate/Deep Bedrock IDCP (Table 3.9)
OW645,S-Area Landfill (Occidental Buffalo Ave Plant),932019A,43.078466,-79.006518,georeferenced_from_figure_~0.15mi,intermediate/deep bedrock monitoring well,NAPL/APL hydraulic + bedrock monitoring (no per-chemical suite),0,0,,2019,2019,,2019,S-Area Landfill / Occidental Buffalo Ave Plant (NYSDEC 932019A RRT system),S-Area 2019 RRT Evaluation Report [Fig3.2 interm/deep bedrock]; NAPL_recovery_2019_gal=NA,,,
OW646,S-Area Landfill (Occidental Buffalo Ave Plant),932019A,43.077771,-79.007413,georeferenced_from_figure_~0.15mi,intermediate/deep bedrock monitoring well,NAPL/APL hydraulic + bedrock monitoring (no per-chemical suite),0,0,,2019,2019,,2019,S-Area Landfill / Occidental Buffalo Ave Plant (NYSDEC 932019A RRT system),S-Area 2019 RRT Evaluation Report [Fig3.2 interm/deep bedrock]; NAPL_recovery_2019_gal=NA,,,
OW648,S-Area Landfill (Occidental Buffalo Ave Plant),932019A,43.076702,-79.004686,georeferenced_from_figure_~0.15mi,shallow bedrock monitoring well,NAPL/APL hydraulic + bedrock monitoring (no per-chemical suite),0,0,,2019,2019,,2019,S-Area Landfill / Occidental Buffalo Ave Plant (NYSDEC 932019A RRT system),S-Area 2019 RRT Evaluation Report [Fig3.1 shallow bedrock]; NAPL_recovery_2019_gal=NA,41.0,175.0,Shallow Bedrock SBCP (Table 3.7)
OW667D,S-Area Landfill (Occidental Buffalo Ave Plant),932019A,43.083575,-79.011771,georeferenced_from_figure_~0.15mi,shallow bedrock monitoring well,NAPL/APL hydraulic + bedrock monitoring (no per-chemical suite),0,0,,2019,2019,,2019,S-Area Landfill / Occidental Buffalo Ave Plant (NYSDEC 932019A RRT system),S-Area 2019 RRT Evaluation Report [Fig3.1 shallow bedrock]; NAPL_recovery_2019_gal=NA,5644.0,12688.0,Former EMP (Table 3.11)
OW669,S-Area Landfill (Occidental Buffalo Ave Plant),932019A,43.078024,-79.005047,georeferenced_from_figure_~0.15mi,shallow bedrock monitoring well,NAPL/APL hydraulic + bedrock monitoring (no per-chemical suite),0,0,,2019,2019,,2019,S-Area Landfill / Occidental Buffalo Ave Plant (NYSDEC 932019A RRT system),S-Area 2019 RRT Evaluation Report [Fig3.1 shallow bedrock]; NAPL_recovery_2019_gal=NA,,,
OW670,S-Area Landfill (Occidental Buffalo Ave Plant),932019A,43.079613,-79.005587,georeferenced_from_figure_~0.15mi,shallow bedrock monitoring well,NAPL/APL hydraulic + bedrock monitoring (no per-chemical suite),0,0,,2019,2019,,2019,S-Area Landfill / Occidental Buffalo Ave Plant (NYSDEC 932019A RRT system),S-Area 2019 RRT Evaluation Report [Fig3.1 shallow bedrock]; NAPL_recovery_2019_gal=508.08,17686.0,44273.0,Shallow Bedrock SBCP (Table 3.7)
OW673R,S-Area Landfill (Occidental Buffalo Ave Plant),932019A,43.07832,-79.00374,georeferenced_from_figure_~0.15mi,shallow bedrock monitoring well,NAPL/APL hydraulic + bedrock monitoring (no per-chemical suite),0,0,,2019,2019,,2019,S-Area Landfill / Occidental Buffalo Ave Plant (NYSDEC 932019A RRT system),S-Area 2019 RRT Evaluation Report [Fig3.1 shallow bedrock]; NAPL_recovery_2019_gal=NA,,,
OW674,S-Area Landfill (Occidental Buffalo Ave Plant),932019A,43.079306,-79.004116,georeferenced_from_figure_~0.15mi,shallow bedrock monitoring well,NAPL/APL hydraulic + bedrock monitoring (no per-chemical suite),0,0,,2019,2019,,2019,S-Area Landfill / Occidental Buffalo Ave Plant (NYSDEC 932019A RRT system),S-Area 2019 RRT Evaluation Report [Fig3.1 shallow bedrock]; NAPL_recovery_2019_gal=1.75; NAPL_present_2019=yes,1806.0,26270.0,Shallow Bedrock SBCP (Table 3.7)
OW675,S-Area Landfill (Occidental Buffalo Ave Plant),932019A,43.077688,-79.002467,georeferenced_from_figure_~0.15mi,intermediate/deep bedrock monitoring well,NAPL/APL hydraulic + bedrock monitoring (no per-chemical suite),0,0,,2019,2019,,2019,S-Area Landfill / Occidental Buffalo Ave Plant (NYSDEC 932019A RRT system),S-Area 2019 RRT Evaluation Report [Fig3.2 interm/deep bedrock]; NAPL_recovery_2019_gal=NA,,,
OW679,S-Area Landfill (Occidental Buffalo Ave Plant),932019A,43.079033,-79.002763,georeferenced_from_figure_~0.15mi,intermediate/deep bedrock monitoring well,NAPL/APL hydraulic + bedrock monitoring (no per-chemical suite),0,0,,2019,2019,,2019,S-Area Landfill / Occidental Buffalo Ave Plant (NYSDEC 932019A RRT system),S-Area 2019 RRT Evaluation Report [Fig3.2 interm/deep bedrock]; NAPL_recovery_2019_gal=NA,0.0,7.83,Intermediate/Deep Bedrock IDCP (Table 3.9)
OW680,S-Area Landfill (Occidental Buffalo Ave Plant),932019A,43.078387,-79.002556,georeferenced_from_figure_~0.15mi,intermediate/deep bedrock monitoring well,NAPL/APL hydraulic + bedrock monitoring (no per-chemical suite),0,0,,2019,2019,,2019,S-Area Landfill / Occidental Buffalo Ave Plant (NYSDEC 932019A RRT system),S-Area 2019 RRT Evaluation Report [Fig3.2 interm/deep bedrock]; NAPL_recovery_2019_gal=NA,,,
OW684,S-Area Landfill (Occidental Buffalo Ave Plant),932019A,43.076616,-79.005448,georeferenced_from_figure_~0.15mi,intermediate/deep bedrock monitoring well,NAPL/APL hydraulic + bedrock monitoring (no per-chemical suite),0,0,,2019,2019,,2019,S-Area Landfill / Occidental Buffalo Ave Plant (NYSDEC 932019A RRT system),S-Area 2019 RRT Evaluation Report [Fig3.2 interm/deep bedrock]; NAPL_recovery_2019_gal=NA,,,
OW685R,S-Area Landfill (Occidental Buffalo Ave Plant),932019A,43.078697,-79.004523,georeferenced_from_figure_~0.15mi,intermediate/deep bedrock monitoring well,NAPL/APL hydraulic + bedrock monitoring (no per-chemical suite),0,0,,2019,2019,,2019,S-Area Landfill / Occidental Buffalo Ave Plant (NYSDEC 932019A RRT system),S-Area 2019 RRT Evaluation Report [Fig3.2 interm/deep bedrock]; NAPL_recovery_2019_gal=NA,172.0,632.0,Intermediate/Deep Bedrock IDCP (Table 3.9)
OW686,S-Area Landfill (Occidental Buffalo Ave Plant),932019A,43.079108,-79.005597,georeferenced_from_figure_~0.15mi,intermediate/deep bedrock monitoring well,NAPL/APL hydraulic + bedrock monitoring (no per-chemical suite),0,0,,2019,2019,,2019,S-Area Landfill / Occidental Buffalo Ave Plant (NYSDEC 932019A RRT system),S-Area 2019 RRT Evaluation Report [Fig3.2 interm/deep bedrock]; NAPL_recovery_2019_gal=NA,,,
OW687,S-Area Landfill (Occidental Buffalo Ave Plant),932019A,43.079518,-79.0057,georeferenced_from_figure_~0.15mi,intermediate/deep bedrock monitoring well,NAPL/APL hydraulic + bedrock monitoring (no per-chemical suite),0,0,,2019,2019,,2019,S-Area Landfill / Occidental Buffalo Ave Plant (NYSDEC 932019A RRT system),S-Area 2019 RRT Evaluation Report [Fig3.2 interm/deep bedrock]; NAPL_recovery_2019_gal=NA,76.0,277.0,Intermediate/Deep Bedrock IDCP (Table 3.9)
OW691,S-Area Landfill (Occidental Buffalo Ave Plant),932019A,43.079725,-79.004357,georeferenced_from_figure_~0.15mi,shallow bedrock monitoring well,NAPL/APL hydraulic + bedrock monitoring (no per-chemical suite),0,0,,2019,2019,,2019,S-Area Landfill / Occidental Buffalo Ave Plant (NYSDEC 932019A RRT system),S-Area 2019 RRT Evaluation Report [Fig3.1 shallow bedrock]; NAPL_recovery_2019_gal=NA; NAPL_present_2019=yes,,,
OW692,S-Area Landfill (Occidental Buffalo Ave Plant),932019A,43.077228,-79.010045,georeferenced_from_figure_~0.15mi,shallow bedrock monitoring well,NAPL/APL hydraulic + bedrock monitoring (no per-chemical suite),0,0,,2019,2019,,2019,S-Area Landfill / Occidental Buffalo Ave Plant (NYSDEC 932019A RRT system),S-Area 2019 RRT Evaluation Report [Fig3.1 shallow bedrock]; NAPL_recovery_2019_gal=NA,,,
OW693,S-Area Landfill (Occidental Buffalo Ave Plant),932019A,43.077191,-79.009516,georeferenced_from_figure_~0.15mi,intermediate/deep bedrock monitoring well,NAPL/APL hydraulic + bedrock monitoring (no per-chemical suite),0,0,,2019,2019,,2019,S-Area Landfill / Occidental Buffalo Ave Plant (NYSDEC 932019A RRT system),S-Area 2019 RRT Evaluation Report [Fig3.2 interm/deep bedrock]; NAPL_recovery_2019_gal=NA,0.0,30.0,Intermediate/Deep Bedrock IDCP (Table 3.9)
OW694,S-Area Landfill (Occidental Buffalo Ave Plant),932019A,43.078841,-79.007397,georeferenced_from_figure_~0.15mi,intermediate/deep bedrock monitoring well,NAPL/APL hydraulic + bedrock monitoring (no per-chemical suite),0,0,,2019,2019,,2019,S-Area Landfill / Occidental Buffalo Ave Plant (NYSDEC 932019A RRT system),S-Area 2019 RRT Evaluation Report [Fig3.2 interm/deep bedrock]; NAPL_recovery_2019_gal=NA,154.0,181.0,Intermediate/Deep Bedrock IDCP (Table 3.9)
OW695,S-Area Landfill (Occidental Buffalo Ave Plant),932019A,43.078415,-79.005544,georeferenced_from_figure_~0.15mi,intermediate/deep bedrock monitoring well,NAPL/APL hydraulic + bedrock monitoring (no per-chemical suite),0,0,,2019,2019,,2019,S-Area Landfill / Occidental Buffalo Ave Plant (NYSDEC 932019A RRT system),S-Area 2019 RRT Evaluation Report [Fig3.2 interm/deep bedrock]; NAPL_recovery_2019_gal=NA,,,
OW696,S-Area Landfill (Occidental Buffalo Ave Plant),932019A,43.076776,-79.005983,georeferenced_from_figure_~0.15mi,intermediate/deep bedrock monitoring well,NAPL/APL hydraulic + bedrock monitoring (no per-chemical suite),0,0,,2019,2019,,2019,S-Area Landfill / Occidental Buffalo Ave Plant (NYSDEC 932019A RRT system),S-Area 2019 RRT Evaluation Report [Fig3.2 interm/deep bedrock]; NAPL_recovery_2019_gal=NA,,,
OW697,S-Area Landfill (Occidental Buffalo Ave Plant),932019A,43.078943,-79.006603,georeferenced_from_figure_~0.15mi,intermediate/deep bedrock monitoring well,NAPL/APL hydraulic + bedrock monitoring (no per-chemical suite),0,0,,2019,2019,,2019,S-Area Landfill / Occidental Buffalo Ave Plant (NYSDEC 932019A RRT system),S-Area 2019 RRT Evaluation Report [Fig3.2 interm/deep bedrock]; NAPL_recovery_2019_gal=NA,,,
OW699,S-Area Landfill (Occidental Buffalo Ave Plant),932019A,43.078583,-79.007962,georeferenced_from_figure_~0.15mi,intermediate/deep bedrock monitoring well,NAPL/APL hydraulic + bedrock monitoring (no per-chemical suite),0,0,,2019,2019,,2019,S-Area Landfill / Occidental Buffalo Ave Plant (NYSDEC 932019A RRT system),S-Area 2019 RRT Evaluation Report [Fig3.2 interm/deep bedrock]; NAPL_recovery_2019_gal=NA,,,
OW800,S-Area Landfill (Occidental Buffalo Ave Plant),932019A,43.076514,-79.004437,georeferenced_from_figure_~0.15mi,intermediate/deep bedrock monitoring well,NAPL/APL hydraulic + bedrock monitoring (no per-chemical suite),0,0,,2019,2019,,2019,S-Area Landfill / Occidental Buffalo Ave Plant (NYSDEC 932019A RRT system),S-Area 2019 RRT Evaluation Report [Fig3.2 interm/deep bedrock]; NAPL_recovery_2019_gal=NA,0.0,6.95,Intermediate/Deep Bedrock IDCP (Table 3.9)
OW801,S-Area Landfill (Occidental Buffalo Ave Plant),932019A,43.079824,-79.010446,georeferenced_from_figure_~0.15mi,shallow bedrock monitoring well,NAPL/APL hydraulic + bedrock monitoring (no per-chemical suite),0,0,,2019,2019,,2019,S-Area Landfill / Occidental Buffalo Ave Plant (NYSDEC 932019A RRT system),S-Area 2019 RRT Evaluation Report [Fig3.1 shallow bedrock]; NAPL_recovery_2019_gal=NA,,,
OW802,S-Area Landfill (Occidental Buffalo Ave Plant),932019A,43.081769,-79.013389,georeferenced_from_figure_~0.15mi,shallow bedrock monitoring well,NAPL/APL hydraulic + bedrock monitoring (no per-chemical suite),0,0,,2019,2019,,2019,S-Area Landfill / Occidental Buffalo Ave Plant (NYSDEC 932019A RRT system),S-Area 2019 RRT Evaluation Report [Fig3.1 shallow bedrock]; NAPL_recovery_2019_gal=NA,,,
OW803,S-Area Landfill (Occidental Buffalo Ave Plant),932019A,43.082364,-79.01037,georeferenced_from_figure_~0.15mi,shallow bedrock monitoring well,NAPL/APL hydraulic + bedrock monitoring (no per-chemical suite),0,0,,2019,2019,,2019,S-Area Landfill / Occidental Buffalo Ave Plant (NYSDEC 932019A RRT system),S-Area 2019 RRT Evaluation Report [Fig3.1 shallow bedrock]; NAPL_recovery_2019_gal=NA,,,
OW804,S-Area Landfill (Occidental Buffalo Ave Plant),932019A,43.083106,-79.00728,georeferenced_from_figure_~0.15mi,shallow bedrock monitoring well,NAPL/APL hydraulic + bedrock monitoring (no per-chemical suite),0,0,,2019,2019,,2019,S-Area Landfill / Occidental Buffalo Ave Plant (NYSDEC 932019A RRT system),S-Area 2019 RRT Evaluation Report [Fig3.1 shallow bedrock]; NAPL_recovery_2019_gal=NA,,,
OW805,S-Area Landfill (Occidental Buffalo Ave Plant),932019A,43.081853,-79.008358,georeferenced_from_figure_~0.15mi,shallow bedrock monitoring well,NAPL/APL hydraulic + bedrock monitoring (no per-chemical suite),0,0,,2019,2019,,2019,S-Area Landfill / Occidental Buffalo Ave Plant (NYSDEC 932019A RRT system),S-Area 2019 RRT Evaluation Report [Fig3.1 shallow bedrock]; NAPL_recovery_2019_gal=NA; NAPL_present_2019=yes,69.0,5554.0,Shallow Bedrock SBCP (Table 3.7)
OW806,S-Area Landfill (Occidental Buffalo Ave Plant),932019A,43.076795,-79.006315,georeferenced_from_figure_~0.15mi,shallow bedrock monitoring well,NAPL/APL hydraulic + bedrock monitoring (no per-chemical suite),0,0,,2019,2019,,2019,S-Area Landfill / Occidental Buffalo Ave Plant (NYSDEC 932019A RRT system),S-Area 2019 RRT Evaluation Report [Fig3.1 shallow bedrock]; NAPL_recovery_2019_gal=17.75; NAPL_present_2019=yes,2840.0,32740.0,Shallow Bedrock SBCP (Table 3.7)
