program_number,seq_num,master_source,site_name,header_title,program_label,program_type,siteclass,designation,duplicate_flag,alt_id,alt_name,sites_raw,sites_count_derived,former_site_code,epa_id_number_raw,epa_federal_sites_count_derived,npl_status,non_npl_status,epa_region,classification,program,dec_region,address,address1,city,locality,zip,zipcode,zip_anomaly_flag,county,latitude,longitude,coord_flag,area_acres_best,area_acres,area_acres_scraped,estimated_acres_int,estimated_size,area_m2,area_km2,area_source,acreage_note,site_type,disposal_period_from,disposal_period_to,disposal_period_note,project_completion_date,current_owner_name,current_owner_address,owner_during_disposal,current_onsite_operator,stated_operator_address,owner_name,control_code,control_type,ic_ec_control_type,ic_ec_control_elements,chemicals,Num. Chem.,waste_name,contaminants,community_distance_note,community_school,community_daycare,community_medical,community_senior_care,disadvantaged_community_boundary,potential_ej_area,fuds_flag,fuds_property_number,fuds_category,is_multi_ou,base_num,norm,ou_note,section,in_dataset,action_required,data_source,review_notes,location_note,current_zoning_uses,narrative,facility_note,website,website2,program_facility_name,site_code,site_name_clean,cite,program_category
932156,,nysdec_all_sites,,,State Superfund (Hazardous Waste),HW,02,NY State Superfund,,,,,,,,,,,,,,9.0,,Eighteenmile Creek,,Lockport,,14094,,,43.216586,-78.718331,,240.54,240.54,240.54,,,973430.0223462976,0.9734,polygon_boundary,,,,,,2028-10-31T00:00:00.000,,,,,,,,,,,Dioxins | Furans | Lead | Mercury | PAHs (polycyclic aromatic hydrocarbons) | PCBs | SVOCs | TCDD (dioxin) | Trichloroethene (TCE) | VOCs | Vinyl chloride,,,,,,,,,,,False,,,0.0,932156,eighteenmile creek sediments,,,,,,,,,,,,,Eighteenmile Creek Sediments,,,https://extapps.dec.ny.gov/data/DecDocs/932156/,HW
932045,,nysdec_all_sites,,,State Superfund (Hazardous Waste),HW,A,NY State Superfund,,,,,,,,,,,,,,9.0,,"Balmer Road, Model City",,Porter,,14107,,,43.22280069,-78.97852213,,508.939,508.939,508.939,,,2059602.6528955896,2.0596,polygon_boundary,,,,,,2012-05-21T00:00:00.000,,,,,,,,,,,,,,,,,,,,,,False,,,0.0,932045,cwm chemical services llc,,,,,,,,,,,,,"CWM Chemical Services, LLC",,,https://extapps.dec.ny.gov/data/DecDocs/932045/,HW
932117,,nysdec_all_sites,,,State Superfund (Hazardous Waste),HW,C,NY State Superfund,,,,,,,,,,,,,,9.0,,Liberty Drive,,Wheatfield,,14120-,,,43.078629661,-78.918742702,,18.473,18.473,18.473,,,74756.92535541621,0.0748,polygon_boundary,,,,,,2005-11-09T00:00:00.000,,,,,,,,,,,Cyanide | PCBs | PCBs (polychlorinated biphenyls) | SVOCs | VOCs,,,,,,,,,,,False,,,0.0,932117,kozdranski property,,,,,,,,,,,,,Kozdranski Property,,,https://extapps.dec.ny.gov/data/DecDocs/932117/,HW
932097,87.0,nysdec_all_sites,Forest Glen Subdivision,Forest Glen Subdivision,State Superfund (Hazardous Waste),HW,04,Federal NPL - Active,,,,,,,NYD981560923,,,,,,State Superfund Program,9.0,SERVICE ROAD,SERVICE ROAD,NIAGARA FALLS,NIAGARA FALLS,14304.0,14304,,,43.11055447,-78.99807059,,27.075,27.075,27.075,39.0,39 Acres,109567.11664962722,0.1096,polygon_boundary,,Dump,unknown,1970s,,2003-10-30T00:00:00.000,Niagara county Center for Economic Development | New Path International Holdings | Cherokee Investment Partners,6311 Inducon Corporate Drive | 2900 Service Road,,,,Scott Freeman,,,,,Trichloroethene (TCE) | Benzo(a)pyrene,2.0,,,,,,,,,,False,,,0.0,932097,forest glen subdivision,,,,,,,,,"The Forest Glen Subdivision Site is a 39-acre site and is located in a suburban area in Niagara County NY. The site is approximately 0.5 miles north of Porter Road with the Expressway Village mobile home subdivision adjacent to the Site's southern boundary. The site is also bound by the Railroad yard.  Access to the Site is through Edgewood Drive.The site includes one 38,400 sq. ft., one-story commercial/light-industrial building and a small shed that houses the extraction well control panel. The surrounding areas include an asphalt parking lot, maintained grass lawn, and undeveloped woodlands. The Site is bounded by highway I-90 to the north and east, Conrail Foote Railroad Yard to the west, and the Expressway Village mobile home subdivision to the south. The 39-acre Site is divided by East Gill Creek, a narrow, low-flowing creek. South of Gill Creek is the now vacant 15-acre Forest Glen Subdivision, which consisted of 51 mobile homes and two permanent residences. The southern portion of the Site includes the Edgewood Drive Wooded Lots, which are two 3-acre undeveloped wooded lots located to the north and south of Edgewood Drive. The northern portion of the Site consists of the 18-acre parcel referred to as the Northern Aspect, which includes a 15-acre undeveloped triangle of land which is bordered on the west by a berm, approximately 11 feet in height. The 1.5-acre Wooded Wetland is on the eastern side of the Northern Aspect.Current Zoning and Land Uses: The Site is currently active and is zoned for commercial/light industrial use. The surrounding parcels are currently used for a combination of residential and commercial. The nearest residential area is 340 feet to the south of the site.Past Use of the Site: During the 1970's, the low areas of the site, including a former creek bed, were filled with unknown materials. Soil sampling, performed by the Niagara County Health Department, indicated the presence of phenolic compounds, phenol formaldehyde type resin and polyvinylchloride resins in some samples.  Between 1987 and 1989, EPA investigated this site and found it to be contaminated with various organic chemicals in high concentrations. Lead and mercury were also found at elevated levels. The site was placed on the National Priorities List (NPL).Operable Units: The site was divided into three operable units. An operable unit represents a portion of a remedial program for a site that for technical or administrative reasons can be addressed separately to investigate, eliminate or mitigate a release, threat of release or exposure pathway resulting from the site contamination.Operable unit 1 (OU1) included the permanent relocation of the subdivision residences. OU2 consists of the on-site soils and sediments. OU3 addresses the groundwater plume.Contaminants of Concern (Including Materials Disposed)Contaminant Name/TypeTrichloroethene (TCE)Benzo(a)pyrenePrior to remediation, the primary contaminants of concern were volatile organic compounds (VOCs), semi-volatile organic compounds (SVOCs)(including polycyclic aromatic hydrocarbons (PAH)), and inorganics (i.e. heavy metals) in soil, PAHs, pesticides, polychlorinated biphenyls (PCBs), and inorganics (i.e. heavy metals) in wetland sediments, and VOCs and inorganics (i.e. heavy metals) in groundwater. Remedial actions have successfully achieved soil cleanup objectives for commercial use. Residual contamination in the soil, groundwater, and sediment is being managed under a Site Operations and Maintenance Plan.",,,,Forest Glen Subdivision,932097,Forest Glen Subdivision,https://extapps.dec.ny.gov/data/DecDocs/932097/,HW
932014,,nysdec_all_sites,,,State Superfund (Hazardous Waste),HW,02,NY State Superfund,,,,,,,,,,,,,,9.0,,100 NIAGARA STREET,,MIDDLEPORT,,14105,,,43.20805931,-78.4730427,,112.914,112.914,112.914,,,456946.6546452649,0.4569,polygon_boundary,,,,,,2030-12-31T00:00:00.000,,,,,,Dunn and Schoolcraft Transportation LLC,,,,,Arsenic | Furans | Lead | PCBs | SVOCs | VOCs,,,,,,,,,,,False,,,0.0,932014,fmc corporation,,,,,,,,,,,,,FMC Corporation,,,https://extapps.dec.ny.gov/data/DecDocs/932014/,HW
932020,2.0,nysdec_all_sites,Occidental -Love Canal,Occidental-Love Canal,State Superfund (Hazardous Waste),HW,04,Federal NPL - Deleted,,,,38,1.0,,NYSDEC 932020,,,,,,State Superfund Program,9.0,805 97TH STREET,805 97TH STREET,NIAGARA FALLS,NIAGARA FALLS,14304.0,14304,,,43.08135278,-78.9497634,,66.482,66.482,66.482,70.0,70 Acres,269041.30662913265,0.269,polygon_boundary,,Landfill,1942,1953,,2011-03-17T00:00:00.000,,,,,,,Deed Restriction,INST,Deed Restriction,Landuse Restriction | Building Use Restriction | Groundwater Treatment System | Monitoring Wells | Surface Water Use Restriction | O&M Plan | Cover System | Leachate Collection | Monitoring Plan | Fencing/Access Control | Groundwater Containment | Ground Water Use Restriction,"naphthalenes, benzoyl chlorides, benzotrichlorides, Metal chlorides, liquid disulfides, Hexachlorocyclohexane (Y-BHC/Lindane), Chlorobenzenes, Benzylchlorides--including benzyl chloride, benzyl thiocyanate, dodecyl (Lauryl, Loral) mercaptans (DDM), chlorides and miscellaneous organic sulfur compounds, chlorotoluene, thionyl chloride, and trichlorophenol (TCP) containing significant amounts of 2,3,7,8-tetrachlorodibenzo-p-dioxin (TCDD, or dioxin)",19.0,,,,,,,,,,False,,,0.0,932020,love canal,,,,,,,,,"The Love Canal site is an approximately 70-acre site located in a residential area at 805 97th Street in the City of Niagara Falls, Niagara County. The site is bounded by Colvin Boulevard to the north, 100th Street to the east, Frontier Avenue to the south and 95th Street to the west.The site was originally an abandoned excavation project by William T. Love, who, in the early 1890s, planned it as a power canal between the upper and lower sections of the Niagara River. The site filled with water and was used by local residents for swimming, ice skating, and other recreation purposes. From approximately 1942 to 1953, while residents were using the site for recreation, Hooker Electrochemical Company disposed of industrial hazardous waste at the site. Based on Hookerestimate upon estimates, the chemical giant dumped at least 21,800 tons of chemical wastes at this site. Those wastes included: naphthalenes, benzoyl chlorides, benzotrichlorides, Metal chlorides, liquid disulfides, Hexachlorocyclohexane (Y-BHC/Lindane), Chlorobenzenes, Benzylchlorides--including benzyl chloride, benzyl thiocyanate, dodecyl (Lauryl, Loral) mercaptans (DDM), chlorides and miscellaneous organic sulfur compounds, chlorotoluene, thionyl chloride, and trichlorophenol (TCP) containing significant amounts of 2,3,7,8-tetrachlorodibenzo-p-dioxin (TCDD, or dioxin).In 1953, Hooker sold the Canal site to the Niagara Falls Board of Education. This was soon followed by the construction of housing on 97th and 99th streets and the construction of the 99th Street School in 1954. The 99th Street School was built on and adjacent to the middle portion of the now-covered and grassed Canal. Two streets, Read and Wheatfield Avenues, were constructed to provide access to 97th and 99th Streets. Residents living adjacent to the site on 97th and 99th streets complained of minor explosions and fumes from the 1960's into the mid-1970's. Following the Blizzard of 1977, precipitation and melting snow infiltrated the Canal and apparently forced the chemical wastes to the surface in what is referred to as a bathtub effect. Contaminated surface and groundwater migrated laterally through soils and infrastructure into residential yards, basements, and the storm and sanitary sewers (some of which outfall into nearby the adjacent Cayuga Creek). Residents continued to complain of chemical odors and numerous illnesses and miscarriages. NYSDEC, NYSDOH, and USEPA eventually collected basement sump, soil, and air samples and found that significant contamination was present.In 1978, the Commissioner of the Department of Health declared the area a public threat to human health. Pregnant women and children under the age of two residing in homes adjacent to the canal were relocated to hotels and motels. The evacuation order was eventually expanded. A permanent leachate collection system, 22 acre clay cap and an activated carbon treatment plant was constructed. This remedial work was done to reduce the amount of water infiltrating into the cap, intercept laterally migrating contaminated groundwater (leachate), and treat the collected leachate for containment objectives. Effluent from the treatment processes are discharged to the Niagara Falls sanitary sewer system for additional treatment at the Niagara Falls Waste Water Treatment Plant. There is no bottom or side enclosures at the site.In 1984, a 40 mil. (a measurement of plastic sheeting, approximate 1.19 millimeters, or a thick credit card or paper clip) High Density Polyethylene synthetic liner cap (HDPE) was installed.The surrounding waterways were and are contaminated as a result of the migration from Love Canal. Chemicals migrated into Black, Bergholtz and Cayuga Creeks, the Little Niagara River, the Niagara River, as well as the 102nd Street delta into the Niagara River. Eventually, 99th Street School, another proximate elementary school, and houses on several streets were razed, creeks were partially remediated, and portions of downgradient sewers across the LaSalle section of Niagara Falls were cleaned.Occidental installed perimeter groundwater monitoring wells. There are ongoing operation, maintenance, and groundwater well monitoring activities. There is, however, no routine air, biota, surface water, or soil monitoring at Love Canal. The HDPE liner cap is now forty two years old (as of 2026).In September 1988, NYSDOH issued a Love Canal Habitability Decision Report on the Emergency Declaration Area (EDA ) of the landfill. The Habitability Study divided the area into seven parts. The Emergency Declaration Areas 4 through 7 were declared habitable for residential use. Areas 1,2 and 3 were determined to be suitable only for commercial and/or light industrial use.In 2012, hundreds of area residents brought a lawsuit contending that Love Canal chemicals were once again migrating to their homes, yards, and sump pumps. A state court judge dismissed the lawsuits in 2024 primarily on preemption grounds. A jury was never able to hear expert testimony or testing results.According to reports published in 2023, Love Canal chemical waste continues to migrate from the site to the Niagara River.",,https://appfactory.dec.ny.gov/DERExternalSearch/ERDDetails?CameFromList=false&SiteCode=932020,,Love Canal,932020,Occidental -Love Canal,https://appfactory.dec.ny.gov/DERExternalSearch/ERDDetails?CameFromList=false&SiteCode=932020,HW
932040,33.0,nysdec_all_sites,Occidental Durez Engineered Materials,"Occidental-Duzez (Niagara Falls), formerly known as BTL Specialty Resins and Reichhold-Varcum",State Superfund (Hazardous Waste),HW,04,NY State Superfund,,NYSDEC 932040,,66,1.0,,,,,,,,State Superfund Program,9.0,5000 Packard Road,5000 Packard Road,Niagara,Niagara,14304.0,14304,,,43.09985597,-79.00276711,,4.642,4.642,4.642,1.0,1 Acres,18785.8461068452,0.0188,polygon_boundary,,,,1979,,1994-03-01T00:00:00.000,,,,Durez Corporation | Durez Corporation,5000 Packard Rd.,,,,,,,,,,,,,,,,,False,,,0.0,932040,occidental durez engineered materials,,,,,,,,,"This site is located in the City of Niagara Falls at 5000 Packard Road.Occidental Chemical Corporation (OCC) operated a phenol-formaldehyde resinmanufacturing plant at this site until June 1986. It previously operated as the Varcum Chemical Division of Reichhold Chemicals, Inc. and BTL Specialty Resins.(George E. Lewis, a former executive of the Carborundum Company, founded the Varcum Chemical Company in 1932). The 5-acre site is approximately 3 miles north of the Niagara River.Soil and groundwater at this site are contaminated with phenols and other organic compounds.  Corrective measures have been established to address the contamination.  A long term groundwater extraction, treatment and groundwater quality monitoring program is in effect.Investigations resulted in several interim corrective actions at the site. They included the closure of the lagoon and tank farm, excavation and off-site disposal of contaminated soils, capping/paving of exposed areas and elimination of a portion of the industrial sewer system.  For continuous control, a groundwater recovery program has been underway as an interim measure since 1989. More recent sampling of monitoring wells revealed phenols in concentrations ranging from 68,000 to 2,700,000 11 g/L.In 1989, EPA and DEC issued a report prioritizing 33 site clusters in order of theirpotential for polluting the Niagara River. The 33 site clusters were divided into three categories. This site was designated as a Category II priority site with estimates of between 1 to 50 lb/day loads to the Niagara River.Sites from Category I and II collectively represented 99.9% of the total estimated loadings of 694 lbs (315 kg)/day.Long term monitoring, operation and maintenance is in effect.",,,,Occidental Durez Engineered Materials,932040,Occidental Durez Engineered Materials,https://extapps.dec.ny.gov/data/DecDocs/932040/,HW
932119,,nysdec_all_sites,,,State Superfund (Hazardous Waste),HW,P,NY State Superfund,,,,,,,,,,,,,,9.0,,8473 West Somerset Rd.,,Barker (V),,14012,,,43.326230556,-78.56205,,10.548,10.548,10.548,,,42686.21296997432,0.0427,polygon_boundary,,,,,,2014-02-03T00:00:00.000,,,,,,Neil Gordon,,,,,,,,DDT,,,,,,,,False,,,0.0,932119,barker chemical,,,,,,,,,,,,,Barker Chemical,,,https://extapps.dec.ny.gov/data/DecDocs/932119/,HW
932112,,nysdec_all_sites,,,State Superfund (Hazardous Waste),HW,02,NY State Superfund,,,,,,,,,,,,,,9.0,,Old Upper Mountain Road,,Lockport,,14094,,,43.166269819,-78.724411012,,9.07,9.07,9.07,,,36706.04952558587,0.0367,polygon_boundary,,,,,,2026-06-26T00:00:00.000,,,,,,Mel Hedges,,,,,,,,mercury,,,,,,,,False,,,0.0,932112,old upper mountain road site,,,,,,,,,,,,,Old Upper Mountain Road Site,,,https://extapps.dec.ny.gov/data/DecDocs/932112/,HW
932109,,nysdec_all_sites,,,State Superfund (Hazardous Waste),HW,C,NY State Superfund,,,,,,,,,,,,,,9.0,,State Road,,Lockport,,14094-,,,43.16526,-78.69949328,,0.97,0.97,0.97,,,3926.083360148275,0.0039,polygon_boundary,,,,,,2007-11-26T00:00:00.000,,,,,,7-11,,,,,,,,"dibenz[a,h]anthracene",,,,,,,,False,,,0.0,932109,nyseg  lockport state road mgp,,,,,,,,,,,,,NYSEG - Lockport State Road MGP,,,https://extapps.dec.ny.gov/data/DecDocs/932109/,HW
932001C,9.0,nysdec_all_sites,SKW Newco Inc.,SKW Newco Inc.,State Superfund (Hazardous Waste),HW,04,NY State Superfund,,,,,,,,,,,,,State Superfund Program,9.0,Witmer Road,Witmer Road,Niagara,Niagara,14305.0,14305,,,43.124854024,-79.028958552,,6.373,6.373,6.373,9.76,9.76 Acres,25791.923026552737,0.0258,polygon_boundary,,Landfill,,,,1998-11-01T00:00:00.000,,,,,,,,,,,"calcium hydroxide, ferromanganese slag, ferrochromium slag, ferrochromium dust",4.0,,chromium,,,,,,,,False,,,1.0,932001,skw newco inc,,,,,,,,,"The SKW Newco, Inc. site is located in the Town of Niagara, which is adjacent to the City of Niagara Falls. The 9.76 acre site is bounded on the north and south by portions of the larger Vanadium Site (#932001), on the east by the Airco Properties Site (#932001B) and to the west by Witmer Road (NYS Rt. 31).      The site consists of a capped landfill. The lower Niagara River is approximately 1.4 miles west of the property; the New York Power Authority (NYPA) reservoir, located approximately 0.8 miles north of the property; and Gill Creek, located approximately 1,000 feet east of the Site.      From 1920 to 1964, the site was owned by the Vanadium Corporation of America (Vanadium). Vanadiums original site is estimated to be approximately 150 acres. Portions of the site, such as this one, were used to dispose of an estimated 594,000 tons of wood, brick, ash, lime slag (calcium hydroxide), ferrochromium silicon slag, and ferrochromium silicon dust. Waste piles reportedly contained calcium hydroxide, ferromanganese slag, ferrochromium slag, and ferrochromium dust. Portions of the site were sold to Airco and the New York Power Authority. Rusted and crushed 55-gallon containers and scrap metal were also observed on and around waste piles on both the Airco and Niagara Mohawk/NYPA properties. Approximately 5,000 tons per year of baghouse dust containing ferrochromium silicon dust were disposed of by Airco at the Vanadium site. Approximately 70,000 tons of this waste was generated and disposed of on site. SKW Metals and Alloys, Inc (SKW) purchased a portion of the property and began operating a solid waste disposal facility to address ferrochromium silicon baghouse dust and ferrosilicon baghouse dust wastes. That landfill is on this parcel. It is now closed.      At this site, from 0 to 9 feet, fill materials consists of slag, cinders, dust and fly ash.Contaminants of Concern (Including Materials Disposed)Contaminant Name/TypeChromiumIronManganese      Remediation at the site is complete and the landfill is properly capped and closed; therefore, there is no further exposure to the underlying contamination.",,,,SKW Newco Inc.,932001C,SKW Newco Inc.,https://extapps.dec.ny.gov/data/DecDocs/932001C/,HW
932121,,nysdec_all_sites,,,State Superfund (Hazardous Waste),HW,02,NY State Superfund,,,,,,,,,,,,,,9.0,,"62, 70, 198 & 300 Mill Street",,Lockport,,14094,,,43.178864902,-78.688011042,,25.815,25.815,25.815,,,104470.01782354237,0.1045,polygon_boundary,,,,,,2028-07-18T00:00:00.000,,,,,,TIMOTHY T.  BIRDSALL,,,,,,,,chromium,,,,,,,,False,,,0.0,932121,eighteenmile creek corridor,,,,,,,,,,,,,Eighteenmile Creek Corridor,,,https://extapps.dec.ny.gov/data/DecDocs/932121/,HW
932163,,nysdec_all_sites,,,State Superfund (Hazardous Waste),HW,02,NY State Superfund,,,,,,,,,,,,,,9.0,,7105 Lockport Road,,Niagara Falls,,14305,,,43.121033333,-78.98365,,1.072,1.072,1.072,,,4338.284720185837,0.0043,polygon_boundary,,,,,,2026-12-30T00:00:00.000,,,,,,Sylvia Virtuoso,,,,,Lead | Methanol | Sulfates,,,,,,,,,,,False,,,0.0,932163,niagara highway garage,,,,,,,,,,,,,Niagara Highway Garage,,,https://extapps.dec.ny.gov/data/DecDocs/932163/,HW
932110,67.0,nysdec_all_sites,Frontier Chemical - Royal Avenue,Frontier Chemical - Royal Avenue,State Superfund (Hazardous Waste),HW,04,RCRA Corrective Action,,NYSDEC932110,,,,,,,,,,,State Superfund Program,9.0,4626 Royal Avenue,4626 Royal Avenue,Niagara Falls,Niagara Falls,14303.0,14303,,,43.08945639,-79.00945944,,9.844,9.844,9.844,9.81,9.81 Acres,39835.95197489743,0.0398,polygon_boundary,,"Structure, Lagoon",1906,1992,,2012-04-04T00:00:00.000,Cascades Containerboard Packaging Inc.,,MULTIPLE SITE OWNERS,,,Jennifer Booker,Environmental Easement,INST,Environmental Easement Opens new window,Landuse Restriction | Site Management Plan | Cover System | Soil Management Plan | Monitoring Plan | IC/EC Plan | Ground Water Use Restriction,"1,2-dichloroethane | Chlorotoluene | Trichloroethene (TCE) | 1,1,1-Trichloroethane(TCA) | Phenol | 1,1 dichloroethene | 1,3-dichlorobenzene | Methylene chloride | 1,1-dichloroethane | Benzene | SOLVENT CHEMICALS (CHLOROBENZENES, TRICHLORO & | 1,2-dichlorobenzene | Tetrachlorethene | Vinyl chloride | 1,4-dichlorobenzene | TETRACHLOROETHENE, BENZOYL CHLORIDE) | Toluene | 1,2,4-trichlorobenzene | Acetone | Chlorobenzene | Xylene (mixed)",25.0,,"1,1-dichloroethane",,,,,,,,False,,,0.0,932110,frontier chemical  royal avenue,,,,,,,,,"The Frontier Chemical - Royal Avenue site is an approximately 9.8-acre site located at the northwestern corner of Royal Avenue and 47th Street in the City of Niagara Falls, Niagara County.The Frontier Chemical Waste Process Corporation operated a permitted Waste Treatment, Storage, and Disposal (TSD) facility at the Royal Avenue Site from 1974 to December 1992. While operating, this facility treated or stored approximately 25,000 tons of chemical wastes per year. Several major spills were documented during the facility operations, and in December 1992, following documented releases of hazardous waste from numerous drums, the Site was ordered closed by the NYSDEC.An emergency removal action was initiated by the US Environment Protection Agency (EPA) to remove the stored hazardous wastes from the Site. During 1993 1994, under a voluntary agreement with the EPA, a group of Potentially Responsible Parties (PRPs) removed over 4,000 drums of waste from the Site. In a subsequent agreement with the EPA, a second removal was conducted by the PRPs during 1994 and 1995, which resulted in the removal of wastes from the 45 storage tanks on the property.In 1989, EPA and DEC issued a report prioritizing 33 site clusters in order of theirpotential for polluting the Niagara River. The 33 site clusters were divided into three categories.This site was designated as a Category I priority site with estimates of greater than 50 lb/day loads of pollution to the Niagara River.Sites from Category I and II collectively represented 99.9% of the total estimated loadings of 694 lbs (315 kg)/day. Reports from 2023 indicate that chemical waste continues to migrate into the Niagara River from the site.In 1995, the NYSDEC listed the site as a Class 2 (the disposal of hazardous waste has been confirmed and the presence of such hazardous waste or its components or breakdown products represents a significant threat to public health or the environment) site in the Registry of Inactive Hazardous Waste Disposal Sites in New York State.The manmade Falls Street Tunnel draws portions of the upper Lockport bedrock groundwater flow from seven hazardous waste sites, including this site.Operable Units: The site was divided into two operable units.There are several inactive hazardous waste sites within one mile of the site. These include several Occidental Chemical waste and plant sites, as well as Chemours (formerly DuPont), Olin Chemical, and the Solvent Chemical sites. The Niagara River is located approximately 3/4 mile south of the site.The site is now owned by and maintained by Cascades Containerboard Packaging Inc.Long term monitoring is on-going.Site Geology and Hydrogeology:There are two man-made structures which exert a significant influence on the flow of bedrock groundwater in the region: the New York Power Authority (NYPA) conduits and the Falls Street Tunnel.The Falls Street Tunnel (FST) and the New Road Tunnel run along the south and east sides of the site, respectively.  As the tunnels intersect the bedrock B-zone fracture system, site bedrock groundwater from the B-zone directly infiltrates into the tunnels. This infiltration in turn promotes a downward groundwater gradient from the site overburden and upper weathered bedrock into the B-zone. In April 2012, a portion of the Falls Street Tunnel was closed adjacent to the site. This has resulted in a rise in groundwater elevation on the southern portion of the site and a shift in groundwater flow direction to the east.Contaminants of Concern (Including Materials Disposed)Contaminant Name/Type1,2-dichloroethaneChlorotolueneTrichloroethene (TCE)1,1,1-Trichloroethane(TCA)Phenol1,1 dichloroethene1,3-dichlorobenzeneMethylene chloride1,1-dichloroethaneBenzeneSOLVENT CHEMICALS (CHLOROBENZENES, TRICHLORO &1,2-dichlorobenzeneTetrachloretheneVinyl chloride1,4-dichlorobenzeneTETRACHLOROETHENE, BENZOYL CHLORIDE)Toluene1,2,4-trichlorobenzeneAcetoneChlorobenzeneXylene (mixed)Site Environmental AssessmentRemediation at the site is complete. Prior to remediation the primary contaminants of concern were various volatile organics (such as trichlorobenzene, dichlorobenzene, chlorobenzene, PCE, TCE, acetone, benzene, and toluene), and various semi-volatile organics (such as chlorotoluene, phenol, dichlorophenol) in the soil and groundwater. Remedial actions have successfully achieved soil cleanup objectives for industrial use. Residual contamination in the soil and groundwater is being managed under a Site Management Plan.Site Health AssessmentMeasures are in place to control the potential for coming in contact with subsurface soil and groundwater contamination remaining on the site.  Volatile organic compounds in the groundwater may move into the soil vapor (air spaces within the soil), which in turn may move into overlying buildings and affect the indoor air quality.",,,,Frontier Chemical - Royal Avenue,932110,Frontier Chemical - Royal Avenue,https://extapps.dec.ny.gov/data/DecDocs/932110/,HW
932050,27.0,nysdec_all_sites,Olin Corporation-Industrial Welding,Olin-Industrial Welding,State Superfund (Hazardous Waste),HW,04,RCRA Corrective Action,,NYSDEC 932050,,57,1.0,,NYD980507412,,,,,,State Superfund Program,9.0,126 PACKARD RD,Packard Road near 30th Street,Niagara Falls,Niagara Falls,14302.0,14303,,,43.083772,-79.026173,,3.829,3.829,3.829,13.29,13.29 Acres,15495.926052841627,0.0155,polygon_boundary,,Dump,1946,1956,,2005-03-29T00:00:00.000,Olin Corporation,,,,,"Dave M. Share, P.E.",Environmental Easement,INST,Deed Restriction | Environmental Easement Opens new window,Monitoring Wells | Site Management Plan | O&M Plan | Cover System | Leachate Collection | Soil Management Plan | Fencing/Access Control | Monitoring Plan | Groundwater Containment,,,"DEMOLISHED BHC BUILDING, FLYASH AND CONCRETE,",,,,,,,,,False,,,0.0,932050,olin corporationindustrial welding,,,,,,,,,"The Olin Corporation Industrial Welding site is an approximately 13.29-acre site located on Packard Road, near 30th Street, in the City of Niagara Falls, Niagara County. The site is bordered by commercial and residential properties to the north and west, Veterans Drive and Gill Creek to the east and Buffalo Avenue to the south.The site is relatively flat with asphalt cover except in the OU-2 area, which is mounded, lined with a synthetic liner and clay and a grass cover. The site includes a former American Legion Post property that was purchased by Olin Corporation in 1999.Olin used the site for disposal of approximately 26,000 tons of industrial wastes including brine sludge, polycyclic aromatic hydrocarbons (PAHs), and mercury cell process wastes from the production of chlorine. Investigations revealed widespread contamination in site soils and in soils at an adjacent property.The site is divided into three Operable Units. An operable unit represents a portion of a remedial program for a site that for technical or administrative reasons can be addressed separately to investigate, eliminate or mitigate a release, threat of release or exposure pathway resulting from the site contamination.Operable Unit 1 (OU-1)is known as Gill Creek, Operable Unit 2 (OU-2) is known as Upland Area and Operable Unit 3 (OU-3) as Packard Road Site. Olin subsequently removed the contaminated soil from the adjacent property. Site contaminants had migrated off-site to Gill Creek via storm drains and shallow groundwater, impacting creek sediments.Remedial construction was concluded in November 2000. Olin removed contaminated sediments from Gill Creek, restored the creek habitat, installed a cap, installed a clay perimeter barrier wall to contain shallow groundwater, recovered groundwater leachate, installed a perimeter fence, resurfaced the street between the landfill and adjacent homes, and installed lighting.Site Management activities include the operation and maintenance of the groundwater collection system, annual inspections, annual groundwater quality monitoring, and maintenance of the caps.Residual contamination in soil and groundwater is being managed under a Site Management Plan.",,https://appfactory.dec.ny.gov/DERExternalSearch/ERDDetails?CameFromList=false&SiteCode=932050,,Olin Corporation-Industrial Welding,932050,Olin Corporation-Industrial Welding,https://appfactory.dec.ny.gov/DERExternalSearch/ERDDetails?CameFromList=false&SiteCode=932050,HW
932010,,nysdec_all_sites,,,State Superfund (Hazardous Waste),HW,04,NY State Superfund,,,,,,,,,,,,,,9.0,,Oakhurst Road,,Lockport,,14094,,,43.18116152,-78.71725032,,32.629,32.629,32.629,,,132043.69076483825,0.132,polygon_boundary,,,,,,1994-03-01T00:00:00.000,,,,,,Michele M. Roman,Deed Restriction,INST,,,,,KEETOX AND OXYLITE WASTE,"1,1 dichloroethene",,,,,,,,False,,,0.0,932010,lockport city landfill,,,,,,,,,,,,,Lockport City Landfill,,,https://extapps.dec.ny.gov/data/DecDocs/932010/,HW
932083,47.0,nysdec_all_sites,New Road,New Road,State Superfund (Hazardous Waste),HW,N,NY State Superfund,,NYSDEC 932083,,87,1.0,,NYD980507149,,,,,,State Superfund Program,9.0,New Road North of Porter Road,New Road North of Porter Road,Niagara Falls,Niagara Falls,,,,,43.11129112,-79.00426801,,49.0,,,60.0,60,,,pdf_extraction,"OCR from PhaseI_1986: Niagara Falls, Niagara  County, New York (see Figure I-1).  SITE BACKGROUND  The New Road Landfill site, approximately 49 acres in size, was owned by the City of Niagara Falls during the 1950's (see F",,,,,1991-11-01T00:00:00.000,,,,,,JAMES DONEGAN,,,,,,,,,,,,,,,,False,,,0.0,932083,new road,,,,,,,,,"The site was used by the City of Niagara Falls during the 1950's as a dump for non-combustibles and incinerator refuse.  A fishkill in Gill Creek in 1954 or 1955 was attributed to the leachate from this site. PASNY used this site for disposal of rock spoils and clean fill from the power project excavations from 1958 to 1962.  USGS collected water samples from each of three monitoring wells at the site.  Results indicate the presence of an organic compound in the samples in low concentration. Iron, lead, and manganese concentrationsexceeded USEPA criteria for drinking water in all three samples; aluminum wasmuch higher than normal. The only organic priority pollutant found was di-n butylphthalate (less than the quantifiable detection limit). Four organicnonpriority pollutants were found. The groundwater standards for iron, lead, chromium, and phenol were also exceeded in the samples. A Phase II Investigation confirmed low levels of contamination typical of incinerator ash disposal, but could not document the disposal of hazardous waste. Aside from closure, no further action was required. The potential for contaminant migration is indeterminable.This site is currently known as 5000 Porter Road, andready to [sic] remediated via the Brownfield program.",,https://appfactory.dec.ny.gov/DERExternalSearch/ERDDetails?CameFromList=false&SiteCode=932083,,New Road,932083,New Road,https://appfactory.dec.ny.gov/DERExternalSearch/ERDDetails?CameFromList=false&SiteCode=932083,HW
932047,20.0,nysdec_all_sites,Dupont -Necco Park,"Dupont, Necco Park",State Superfund (Hazardous Waste),HW,04,NY State Superfund,,NYSDEC 932047,,14,1.0,,NYD980532162,,,,,,State Superfund Program,9.0,5600B Niagara Falls Boulevard,5600B Niagara Falls Boulevard,Niagara Falls,Niagara Falls,14302.0,14302,,,43.09515198,-78.99825853,,22.293,22.293,22.293,25.0,25 Acres,90215.21151455896,0.0902,polygon_boundary,,Landfill,1930s,1977,,1998-09-01T00:00:00.000,Chemours,,E.I. DuPont de Nemours & Company,,,Paul Mazierski,Decision Document,INST,Groundwater Treatment System | Monitoring Wells | Cover System | O&M Plan,Leachate Collection | Fencing/Access Control | Monitoring Plan | Groundwater Containment | Subsurface Barriers,"1,2-dichloroethane | Calcium | Chloroform | Perchloroethane | Trichloroethene (TCE) | Hexachlorobenzene | Phenol | Methylene chloride | 1,1-dichloroethane | 2,4,6-trichlorophenol | Barium | RUBBLE, OTHER CHEMICALS | 2,4,5-trichlorophenol | Vinyl chloride | 1,1,2,2-tetrachloroethane | Carbon tetrachloride | CHLORINATED COMPOUNDS (CHLOROBUTANES, | CHLOROETHANES | Hexachloroethane | 1,1,2-TCA | BRINE SLUDGE, BARIUM SALTS | CHLOROETHYLENES), METHANOL, TOLUENE, ACETATES, | Hexachlorobutadiene",31.0,,vinyl chloride,,,,,,,,False,,,0.0,932047,necco park,,,,,,,,,"The Necco Park site is an approximately 25.00-acre site, located in an industrial area, at 5600B Niagara Falls Boulevard in the City of Niagara Falls, Niagara County. It within the boundaries of the Allied Waste Facility at Niagara Falls Boulevard and 56th Street. The site is bounded on the north and east by The Allied Waste Niagara Falls Landfill, to the south by three inactive hazardous waste landfill cells and a wastewater treatment facility, and to the west by an access road and a railroad right-of-way.The site is a rectangular shaped landfill. It has an upgraded cap, five groundwater recovery wells for hydraulic control and an on-site treatment plant. Wastes from the Necco Park landfill have migrated in the overburden and bedrock underneath the landfill and extended underneath the neighboring CECOS facility and a portion of the BFI facility.Residential neighborhoods are located approximately 2,000 feet to the south and 2,500 feet to the west.The landfill was originally used as a recreational park by the Niagara Electrochemical Company, from which the name ""Necco"" is derived. The property was sold to DuPont, now Chemours, in 1930. DuPont disposed of approximately 186 million pounds or about 93,000 tons of liquid and solid industrial waste at the site. These wastes contained inorganic constituents (barium, calcium and sodium chloride) and organic compounds such as carbon tetrachloride, chloroform, hexachlorobenzene, hexachlorobutadiene, hexachloroethane, methylene chloride, PCE, and TCE. These wastes were disposed of and are present in the overburden and groundwater at the site. Most groundwater contamination at the site is the result of dissolution of disposed chlorinated organic liquids. Hydrogeological investigations conducted by DuPont have revealed significant contamination of the groundwater adjacent to the site with volatile chlorinated organics as well as inorganics. Significant quantities of DNAPL have been observed and recovered from wells in and near the site.The potential for contaminant migration was determined to be major. The chemical datacollected at the site and adjacent areas indicates a leachate plume migratingsouth-southeast from the landfill. The plume also has migrated into the upper20 ft of the Lockport Dolomite.The vast majority of the contamination that has been found in the vicinity of the neighboring CECOS site is attributable to releases from the NECCO Park dump site.The site was closed in 1977, and a clay cap was installed.EPA issued an administrative order to DuPont in May of 1985 for further off-site investigation.  A second administrative order was issued in 1989 for further RI/FS work.As a source control measure, DuPont installed a grout curtain along the north side and portions of the east and west sides of the site. A third groundwater recovery well became operational in 1992 and contributed to increasing the hydraulic control over the site.The USEPA issued a Record of Decision (ROD) and a Unilateral Administrative Order (UAO) in September 1998 calling for an enhanced landfill cap and hydraulic containment. The design of a landfill cap modification and hydraulic containment system was completed in 2004. Construction of the hydraulic containment system along with an interim groundwater treatment system began in August 2004 and were completed in April 2005.A Remedial Action report was approved in September 2007 including the Operation, Maintenance and Monitoring plan.The Niagara River downstream of Niagara Falls receives discharge from the bedrock groundwater flow system. However, studies demonstrate that the New York Power Authority (NYPA) conduits and several sewers/tunnels act as regional groundwater sinks for some groundwater from this site.Site management of the groundwater extraction and treatment system, landfill cap maintenance, and submittal of quarterly and annual reports continues.Contaminants of Concern (Including Materials Disposed)1,2-dichloroethaneCalciumChloroformPerchloroethaneTrichloroethene (TCE)HexachlorobenzenePhenolMethylene chloride1,1-dichloroethane2,4,6-trichlorophenolBariumRUBBLE, OTHER CHEMICALS2,4,5-trichlorophenolVinyl chloride1,1,2,2-tetrachloroethaneCarbon tetrachlorideCHLORINATED COMPOUNDS (CHLOROBUTANES,CHLOROETHANESHexachloroethane1,1,2-TCABRINE SLUDGE, BARIUM SALTSCHLOROETHYLENES), METHANOL, TOLUENE, ACETATES,HexachlorobutadieneIn 1989, EPA and DEC issued a report prioritizing 33 site clusters in order of theirpotential for polluting the Niagara River. The 33 site clusters were divided into three categories.This site was designated as a Category I priority site with estimates of greater than 50 lb/day loads of pollution to the Niagara River.Sites from Category I and II collectively represented 99.9% of the total estimated loadings of 694 lbs (315 kg)/day.",,https://appfactory.dec.ny.gov/DERExternalSearch/ERDDetails?CameFromList=false&SiteCode=932047,,Necco Park,932047,Dupont -Necco Park,https://appfactory.dec.ny.gov/DERExternalSearch/ERDDetails?CameFromList=false&SiteCode=932047,HW
932019,,nysdec_all_sites,,,State Superfund (Hazardous Waste),HW,04,NY State Superfund,,,,,,,,,,,,,,9.0,,Buffalo Avenue,,Niagara Falls,,14302,,,43.07815254,-79.00856147,,144.322,144.322,144.322,,,584052.3085500478,0.5841,polygon_boundary,,,,,,1999-12-23T00:00:00.000,,,,,,"Environmental Resource Holdings, LLC",Decision Document,INST,,,,,,"1,3-dichlorobenzene",,,,,,,,False,,,1.0,932019,former hooker main plant,,,,,,,,,,,,,Former Hooker Main Plant,,,https://extapps.dec.ny.gov/data/DecDocs/932019/,HW
932056A,,nysdec_all_sites,,,State Superfund (Hazardous Waste),HW,N,NY State Superfund,,,,,,,,,,,,,,9.0,,Porter Road and Tuscarora Road,,Niagara,,14302,,,43.100269444,-78.958336111,,,,,,,,,unavailable,,,,,,1992-03-01T00:00:00.000,,,,,,Maureen Webber,,,,,Chromium | Copper | Lead | Nickel | PAHs,,,,,,,,,,,False,,,1.0,932056,dibacco site  old creek bed 1,,,,,,,,,,,,,Dibacco Site - Old Creek Bed #1,,,https://extapps.dec.ny.gov/data/DecDocs/932056A/,HW
932166,,nysdec_all_sites,,,State Superfund (Hazardous Waste),HW,C,NY State Superfund,,,,,,,,,,,,,,9.0,,SW Corner of Intersection of John Daly Blvd,,Niagara Falls,,14303,,,43.081777778,-79.052733333,,15.522,15.522,15.522,,,62814.36939016859,0.0628,polygon_boundary,,,,,,2019-02-12T00:00:00.000,,,,,,John Honan,Deed Restriction,INST,,,,,,aldrin,,,,,,,,False,,,0.0,932166,robert moses parkwaysouth site,,,,,,,,,,,,,Robert Moses Parkway-South Site,,,https://extapps.dec.ny.gov/data/DecDocs/932166/,HW
932035,32.0,nysdec_all_sites,GrafTech Intl. Hlds. Inc. (formerly Union Carbide),"Union Carbide/GrafTech Intl. Hlds., Inc.",State Superfund (Hazardous Waste),HW,04,NY State Superfund,,NYSDEC 932035,,64,1.0,,NYD002106896,,,,,,State Superfund Program,9.0,Hyde Park Boulevard,Hyde Park Boulevard,Niagara,Niagara,14303.0,14303,,,43.12145553,-79.02556341,,15.778,15.778,15.778,61.8,61.8 Acres,63851.38618635957,0.0639,polygon_boundary,,Landfill,1940s,1987,,2012-03-23T00:00:00.000,New York Property Holdings Niagara LLC,,,,,Steve Charest,Decision Document,INST,Decision Document,Monitoring Wells | Site Management Plan | Cover System | Fencing/Access Control | Monitoring Plan,"Trichloroethene (TCE), Hexachlorobenzene",2.0,,,,,,,,,,False,,,0.0,932035,graftech intl hlds inc formerly union carbide,,,,,,,,,"The GrafTech International Holdings Inc. site is a 61.8-acre site, located in an urban area, north of Rhode Island Avenue and 0.25-miles east of Hyde Park Boulevard in the Town of Niagara, Niagara County. The surrounding parcels are currently used for a combination of residential, industrial, and utility rights-of-way (ROWs). The nearest residential area is located on the southern border of the site.The site includes a 16.48-acre landfill in the northeast section of the Landfill Site. The landfill was closed and capped in 1987. The entire parcel is owned, operated, maintained, and monitored by GrafTech International Holdings Inc, formerly Union Carbide Corporation (UCC), which began using the landfill in 1934.The site was part of Union Carbide's Republic Plant (3501 Hyde Park Blvd), which manufactured carbon and graphite products. The facility closed in 1988. Carbon and graphite wastes from two other Union Carbide plants were also landfilled on the Republic Plant property. Waste included carbonaceous waste (primarily as dust from dust collectors), fire brick waste, raw materials, and packaging (composed mostly of wooden pallets). Other waste types generated and deposited at the site include coke, pitch, cafeteria waste, silica sand, wall tars, petroleum tars, machining oils, spent sludges from degreasing operations (trichloroethane), and halowax (chlorinated naphthalene solid) waste. Approximately eight million pounds of landfilled material was buried per year.Contaminants of Concern (Including Materials Disposed) include Trichloroethene (TCE) andHexachlorobenzene. Residual volatile organic compound (VOC) groundwater contamination is being monitored under a Site Management Plan.",,https://appfactory.dec.ny.gov/DERExternalSearch/ERDDetails?CameFromList=false&SiteCode=932035,,GrafTech Intl. Hlds. Inc. (formerly Union Carbide),932035,GrafTech Intl. Hlds. Inc. (formerly Union Carbide),https://appfactory.dec.ny.gov/DERExternalSearch/ERDDetails?CameFromList=false&SiteCode=932035,HW
932052,,nysdec_all_sites,,,State Superfund (Hazardous Waste),HW,04,NY State Superfund,,,,,,,,,,,,,,9.0,,Niagara Falls Boulevard and Walmore Road,,Wheatfield,,14240,,,43.102672222,-78.928361111,,0.225,0.225,0.225,,,912.2211332379444,0.0009,polygon_boundary,,,,,,1994-02-01T00:00:00.000,,,,,,"Textron, Incorporated",Deed Restriction,INST,,,Acetone | Benzene | Carbon tetrachloride | Chloroform | Methylene chloride | Toluene | Trichloroethene (TCE) | VOCs | Vinyl chloride,,,,,,,,,,,False,,,0.0,932052,bell aerospace  textron,,,,,,,,,,,,,Bell Aerospace - Textron,,,https://extapps.dec.ny.gov/data/DecDocs/932052/,HW
932036,18.0,nysdec_all_sites,"Carborundum Company, Globar Plant","Carborundum, Globar Plant, [NOTE BELDEN CENTER]",State Superfund (Hazardous Waste),HW,04,NY State Superfund,,NYSDEC932036,,10,1.0,,NYD000513366,,,,,,State Superfund Program,9.0,3425 Hyde Park Blvd.,3425 Hyde Park Blvd.,Niagara,Niagara,14305.0,14305,,,43.11925666,-79.03276872,,7.044,7.044,7.044,7.0,7 Acres,28506.67166811451,0.0285,polygon_boundary,,,,,,2004-08-23T00:00:00.000,,,,,,JOHN V. SIMON JR. (JVS Contracting),Environmental Notice,INST,Environmental Notice,Building Use Restriction | Landuse Restriction | Site Management Plan | Monitoring Wells | Monitoring Plan | Ground Water Use Restriction,"1,2-dichloroethane | Benzo(k)fluoranthene | Ethylbenzene | Trichloroethene (TCE) | Acenapthylene | Phenanthrene | Pyrene | Anthracene | Benzene | Benzo(a)pyrene | Fluorene | Indeno(1,2,3-cd)pyrene | Vinyl chloride | Benzo(b)fluoranthene | Chrysene | Naphthalene | Toluene | Acetone | Benzo(a)anthracene | Xylene (mixed)",23.0,,acetone,,,,,,,,False,,,0.0,932036,carborundum company globar,,,,,,,,,"Distance of site to the nearest points of community interest School:  1,773.20 FtThe Carborundum Companys Globar site is a 7.00-acre site, located in a mixed industrial/residential area at 3425 Hyde Park Boulevard in the Town of Niagara, Niagara County. The site is at the northeast corner of the intersection of Hyde Park Boulevard and Rhode Island Street and is bounded by residential properties to the south and east, mixed industrial properties to the north, and Hyde Park Boulevard to the west. The Belden Center neighborhood is adjacent to this site.The site consists of a vacant former manufacturing plant building and an associated parking/storage area.The Carborundum Company purchased the plant from the Globar Company in 1936. It manufactured heating elements and electronic components containing silicon carbide. Plant operations resulted in the disposal of trichloroethylene at the site, some of which was released intothe groundwater and has migrated from the site into the Hyde Park Blvd. and Rhode Island Street area. Soil and groundwater are contaminated. The primary contaminant affecting site soil andgroundwater is Trichloroethene (also called trichloroethylene or TCE) and its associatedbreakdown products. TCE is a manufactured, volatile organic chemical that can be used as apaint stripper, an adhesive solvent, an ingredient in paints and varnishes, a solvent to removegrease from metal, and an ingredient in the manufacturing of other organic chemicals. These disposal activities resulted in significant threats to the public health and or the environment.Studies confirmed the presence of contamination. Hazardous waste was found in soil and groundwater, likely resulting from past spills and leaks from bulk chemical storage on the site.The contaminants of concern include:1,2-dichloroethaneBenzo(k)fluorantheneEthylbenzeneTrichloroethene (TCE)AcenapthylenePhenanthrenePyreneAnthraceneBenzeneBenzo(a)pyreneFluoreneIndeno(1,2,3-cd)pyreneVinyl chlorideBenzo(b)fluorantheneChryseneNaphthaleneTolueneAcetoneBenzo(a)anthraceneXylene (mixed)Prior to remediation the primary contaminants of concern were spent chlorinated solvents in soil and groundwater.The site was divided into three operable units. An operable unit represents a portion of a remedial program for a site that for technical or administrative reasons can be addressed separately to investigate, eliminate or mitigate a release, threat of a release or exposure pathway resulting from the site contamination. The three operable units at the site are: OU #I - Site SoilOU #2 - GroundwaterOU #3 - Off-site Soil East of SiteThe majority of the soil contamination was removed and disposed off-site during the performance of the 1999 and 2002 activities. Groundwater monitoring wells were installed to monitor natural attenuation of residual groundwater contamination. That monitoring is ongoing.In order to expedite groundwater remediation, BP America initiated a pilot study in 2008 to assess the feasibility of enhancing the bio-degradation of the groundwater contaminants in the overburden soils.Remedial actions have successfully achieved soil (not groundwater) cleanup objectives for industrial use. Residual contamination in soil and groundwater is being managed under a Groundwater Monitoring Work Plan and a Site Management Plan.",,https://appfactory.dec.ny.gov/DERExternalSearch/ERDDetails?CameFromList=false&SiteCode=932036,,"Carborundum Company, Globar",932036,"Carborundum Company, Globar Plant",https://appfactory.dec.ny.gov/DERExternalSearch/ERDDetails?CameFromList=false&SiteCode=932036,HW
932017,,nysdec_all_sites,,,State Superfund (Hazardous Waste),HW,C,NY State Superfund,,,,,,,,,,,,,,9.0,,Upper Mountain Road,,Lockport,,14094,,,43.165618767,-78.742012511,,18.975,18.975,18.975,,,76789.8374004831,0.0768,polygon_boundary,,,,,,2011-07-06T00:00:00.000,,,,,,Harrison Radiator Div.- GMC,,,,,,,CALCIUM FLUORIDE,,,,,,,,,False,,,0.0,932017,harrison radiator division gmc,,,,,,,,,,,,,"Harrison Radiator Division, GMC",,,https://extapps.dec.ny.gov/data/DecDocs/932017/,HW
932101,,nysdec_all_sites,,,State Superfund (Hazardous Waste),HW,N,NY State Superfund,,,,,,,,,,,,,,9.0,,6373 Walmore Road,,Wheatfield,,14304,,,43.11593095,-78.92604522,,,,,,,,,unavailable,,,,,,1994-11-01T00:00:00.000,,,,,,T. Dean and Pamela Johnson,,,,,Asbestos | Cadmium | Chromium | Copper | Lead,,,,,,,,,,,False,,,0.0,932101,walmore road  johnson property,,,,,,,,,,,,,Walmore Road - Johnson Property,,,https://extapps.dec.ny.gov/data/DecDocs/932101/,HW
932026,41.0,nysdec_all_sites,Niagara Co. Refuse Disp.-Wheatfield,Niagara County Refuse Disposal,State Superfund (Hazardous Waste),HW,04,NY State Superfund,,NYSDEC 932026,,81,1.0,,NYD000514257,,,,,,State Superfund Program,9.0,Witmer Road,Witmer Road,Wheatfield,Wheatfield,14305.0,14305,,,43.066249,-78.906412,,76.564,76.564,76.564,65.0,65 Acres,309844.5955194621,0.3098,polygon_boundary,,Landfill,1968,1976,,1999-12-20T00:00:00.000,Niagara County DPW,59 Park avenue,Olin | GSHI/OXY,GHD,2055 Niagara Falls Boulevard,Dawn M. Timm,Deed Restriction,INST,Deed Restriction,Building Use Restriction | Landuse Restriction | O&M Plan | Cover System | Leachate Collection | Monitoring Plan | Fencing/Access Control | Groundwater Containment | Ground Water Use Restriction,,,BRINE SLUDGE WITH MERCURY,,,,,,,,,False,,,0.0,932026,niagara co refuse dispwheatfield,,,,,,,,,"The Niagara County Refuse Disposal site is an approximately 65-acre site in a residential and agricultural area on Witmer Road, Town of Wheatfield, Niagara County. It is bounded by Witmer Road to the east, low density residences, woodlands, and two large ponds from a former clay mining operations to the north, agricultural fields to the west, and railroad tracks, River Road, and Gratwick Riverside Park to the south. The Niagara River is approximately 500 feet south of the site. Niagara Falls is down gradient from this site.	During its operation period (1968-1976), the Niagara County Refuse Disposal District(NCRDD) accepted waste from more than 100 waste generators or transporters. Disposed materials included heat-treatment salts, plating-tank sludge, tetrachloroethylene, PVC skins and emulsion, thiazole polymer blends, polyvinyl alcohol, phenolic resins, and brine sludge containing mercury. The site was capped with 20 inches of dirt and clay at the time that it was closed by the NCRDD in 1976. There are concerns about erosion of the clay cap.The groundwater in all four aquifers underlying this site generally flows in a south/southwesterly direction towards the Niagara River beneath the southern half of the site, and in anorth/northwesterly direction towards Black Creek beneath the northern half of the site.      Tens of thousands of tons of municipal refuse, sewage sludge, and chemical industrial wastes were disposed here during the time the landfill was operational.      The site is an EPA ""superfund"" site. The Principal Responsible Parties (PRP's) identified for the site include: Bell Aerospace, Hooker-Durez, DuPont, Olin, Hooker Chemicals & Plastics, Carborundum, Browning Ferris Industries, Modern Disposal, National Grinding Wheel, Niagara Sanitation, Inc., Town of Wheatfield, Goodyear Tire and Rubber, City of Niagara Falls and Niagara County. The Cities of Niagara Falls and North Tonawanda and Niagara Sanitation Co. also used the site for refuse disposal.      In 1989, EPA and DEC issued a report prioritizing 33 site clusters in order of theirpotential for polluting the Niagara River. The 33 site clusters were divided into three categories.This site was designated as a Category I priority site with estimates of greater than 50 lb/day loads of pollution to the Niagara River.      Sites from Category I and II collectively represented 99.9% of the total estimated loadings of 694 lbs (315 kg)/day.There are ongoing Operation, Maintenance and Monitoring activities.",,https://appfactory.dec.ny.gov/DERExternalSearch/ERDDetails?CameFromList=false&SiteCode=932026,,Niagara Co. Refuse Disp.-Wheatfield,932026,Niagara Co. Refuse Disp.-Wheatfield,https://appfactory.dec.ny.gov/DERExternalSearch/ERDDetails?CameFromList=false&SiteCode=932026,HW
932019A,,nysdec_all_sites,,,State Superfund (Hazardous Waste),HW,02,NY State Superfund,,,,,,,,,,,,,,9.0,,Buffalo Avenue,,Niagara Falls,,14303,,,43.07815796,-79.00686687,,24.032,24.032,24.032,,,97254.96986161525,0.0973,polygon_boundary,,,,,,2025-08-01T00:00:00.000,,,,,,HOOKER CHEMICALS AND PLASTICS CORP.,,,,,Chlorobenzene | Hexachlorocyclohexane (HCH/Lindane) | TCDD (dioxin),,,,,,,,,,,False,,,1.0,932019,hooker plant  s area,,,,,,,,,,,,,Hooker Plant - S Area,,,https://extapps.dec.ny.gov/data/DecDocs/932019A/,HW
932061B,,nysdec_all_sites,,,State Superfund (Hazardous Waste),HW,02,NY State Superfund,,,,,,,,,,,,,,9.0,,Balmer Road,,Porter,,14131,,,43.22355309,-78.96976786,,382.685,382.685,382.685,,,1548671.238605701,1.5487,polygon_boundary,,,,,,2015-04-17T00:00:00.000,,,,,,Chemical Waste Management Inc.,,,,,,,SALT CONTAMINATED WITH LITHIUM CHLORIDE,,,,,,,,,False,,,1.0,932061,us airforce plant 68,,,,,,,,,,,,,U.S. Airforce Plant 68,,,https://extapps.dec.ny.gov/data/DecDocs/932061B/,HW
932061A,,nysdec_all_sites,,,State Superfund (Hazardous Waste),HW,02,NY State Superfund,,,,,,,,,,,,,,9.0,,Balmer Road,,Porter,,14131,,,43.22665226,-78.96996929,,382.685,382.685,382.685,,,1548671.238605701,1.5487,polygon_boundary,,,,,,2015-04-17T00:00:00.000,,,,,,UNITED STATES GOVERNMENT,,,,,,,OR DECA BORON,,,,,,,,,False,,,1.0,932061,us airforce plant 68,,,,,,,,,,,,,U.S. Airforce Plant 68,,,https://extapps.dec.ny.gov/data/DecDocs/932061A/,HW
932069,,nysdec_all_sites,,,State Superfund (Hazardous Waste),HW,04,NY State Superfund,,,,,,,,,,,,,,9.0,,Chestnut Street,,Wilson,,14172,,,43.23315259,-78.77586176,,63.196,63.196,63.196,,,255744.32032297505,0.2557,polygon_boundary,,,,,,1990-04-01T00:00:00.000,,,,,,Town of Wilson/Town of Cambria/Town of Newfane,,,,,,,"PEROXIDES, KEETOX AND OXYLITE",,,,,,,,,False,,,0.0,932069,wilsoncambrianewfane slf,,,,,,,,,,,,,Wilson-Cambria-Newfane SLF,,,https://extapps.dec.ny.gov/data/DecDocs/932069/,HW
932021,,nysdec_all_sites,,,State Superfund (Hazardous Waste),HW,04,NY State Superfund,,,,,,,,,,,,,,9.0,,4825 Hyde Park Boulevard,,Town of Niagara,,14305,,,43.13125345,-79.03366879,,31.476,31.476,31.476,,,127377.51136713596,0.1274,polygon_boundary,,,,,,1997-12-01T00:00:00.000,,,,,,Joseph Branch,Environmental Easement,INST,,,Chlorobenzene | Chloroform | Chlorophenols | Dioxins | Furans | Hexachlorobenzene | PCBs | PCDDs/PCDFs (dioxins/furans) | Phenol | TCDD (dioxin) | Toluene,,,,,,,,,,,False,,,0.0,932021,hookerhyde park landfill,,,,,,,,,,,,,Hooker-Hyde Park Landfill,,,https://extapps.dec.ny.gov/data/DecDocs/932021/,HW
932098,,nysdec_all_sites,,,State Superfund (Hazardous Waste),HW,A,NY State Superfund,,,,,,,,,,,,,,9.0,,Between LaGrange & Saxton St./South Transit St.,,Lockport,,14094,,,43.16692061,-78.69624243,,0.875,0.875,0.875,,,3540.3195390371857,0.0035,polygon_boundary,,,,,,2009-03-30T00:00:00.000,,,,,,UNKNOWN,,,,,,,,chrysene,,,,,,,,False,,,0.0,932098,nyseg  lockport transit street mgp,,,,,,,,,,,,,NYSEG - Lockport Transit Street MGP,,,https://extapps.dec.ny.gov/data/DecDocs/932098/,HW
932054,,nysdec_all_sites,,,State Superfund (Hazardous Waste),HW,02,NY State Superfund,,,,,,,,,,,,,,9.0,,Nash Road,,Wheatfield,,14120,,,43.06945814,-78.8591536,,19.799,19.799,19.799,,,80123.62976304721,0.0801,polygon_boundary,,,,,,2015-09-01T00:00:00.000,,,,,,Don MacSwan,,,,,,,,arsenic,,,,,,,,False,,,0.0,932054,niagara sanitation company,,,,,,,,,,,,,Niagara Sanitation Company,,,https://extapps.dec.ny.gov/data/DecDocs/932054/,HW
932088,,nysdec_all_sites,,,State Superfund (Hazardous Waste),HW,N,NY State Superfund,,,,,,,,,,,,,,9.0,,"Along Niagara River, North of Whirlpool Bridge",,Niagara Falls,,,,,43.11205567,-79.0556662,,,,,,,,,unavailable,,,,,,,,,,,,,,,,,,,NONE KNOWN,,,,,,,,,False,,,0.0,932088,whirlpool site,,,,,,,,,,,,,Whirlpool Site,,,https://extapps.dec.ny.gov/data/DecDocs/932088/,HW
932022,,nysdec_all_sites,,,State Superfund (Hazardous Waste),HW,04,NY State Superfund,,,,,,,,,,,,,,9.0,,"102ND STREET, SOUTH OF RIVER ROAD",,NIAGARA FALLS,,14304,,,43.07395179,-78.9497663,,17.473,17.473,17.473,,,70710.47833089624,0.0707,polygon_boundary,,,,,,1990-09-01T00:00:00.000,,,,,,Joseph Branch,Deed Restriction,INST,,,,,,"1,2,4,5-tetrachlorobenzene",,,,,,,,False,,,0.0,932022,hooker102nd street landfill,,,,,,,,,,,,,Hooker-102nd Street Landfill,,,https://extapps.dec.ny.gov/data/DecDocs/932022/,HW
932028,25.0,nysdec_all_sites,"TAM Ceramics, Inc.",TAM Ceramics,State Superfund (Hazardous Waste),HW,03,NY State Superfund,,NYSDEC 932028,,51,1.0,,NYD002102473,,,,,,State Superfund Program,9.0,4511 Hyde Park Boulevard,4511 Hyde Park Boulevard,Niagara Falls,,14305.0,14305,,,43.12935381,-79.03366667,,32.539,32.539,32.539,30.0,30 Acres,131678.89140710322,0.1317,polygon_boundary,,Dump,,1976,From:  1930,1993-04-01T00:00:00.000,"TAM Ceramics Group of NY, LLC",,TITANIUM ALLOY MANUF./NATIONAL LEAD,,,George Bilkey IV,,,,,"concentrations phenol, monochlorobenzene, trichlorobenzene, hexachlorocyclopentadiene, trichlorophenol, tetrachlorobenzene, and hexachlorocyclohexane",7.0,BARIUM (D005 WASTE),,,,,,,,,False,,,0.0,932028,tam ceramics inc,,,,,,,,,"The Tam Ceramics Inc Facility in located on a 30 acre site on Hyde Park Boulevard in the Town of Niagara, Niagara County. It is located in a mixed residential/industrial area. The Hooker Hyde Park Landfill/Bloody Run  (#932021) dumpsite is located directly adjacent to the site along the north property line. There are industrial facilities to the east and south and populated residential neighborhoods to the west. Residences are 300 feet west of the facility. Other nearby residences were razed. Niagara University is proximate to the far side of the Hyde Park/Bloody Run Landfill.The site includes a large building complex and parking area on the west end of the site that occupy approximately 50% of the property. The remaining area is vacant and consists of low brush and grassy areas.This plant produced basic ingredients for the manufacture of refractory products.The TAM Ceramic site (previously NL Industry site) is currently owned by TAM Ceramics. NL Industries and Titanium Alloy Manufacturing owned the site during the time wastes were disposed of onsite (1930-1976). Wastes disposed of on-site (more than 2500 tons) include uncalcined titanium oxide, aluminum oxide, silica fume, zirconium by-products and magnesium chloride.      Furnace linings and various metallic ore residues were deposited as surface fill. There are several small landfills on the site. Barium wastes, metals, and inorganics were dumped. Drums of barium remain buried in the southwest area of the facility. Plant soil and groundwater have also been contaminated by chemicals that migrated from the Hooker Hyde Park/Bloody Run dumpsite. Testing revealed excess concentrations phenol, monochlorobenzene, trichlorobenzene, hexachlorocyclopentadiene, trichlorophenol, tetrachlorobenzene, and hexachlorocyclohexane.Results of an August 1995 radiation survey by the NYSDEC indicate elevated concentrations of radium-226, uranium-238, and thorium-232.  The NYSDEC found that general area radiation levels near the contaminated areas are approximately fifty times higher than background levels.  Additional radiation survey results are possibly pending.The site contains 12 monitoring wells (fig. C-25).Nonaqueous-phase organic compounds (NAPLs) have been found in the sewerlines of theTAM property that are attributable to the Hyde Park Landfill.The potential for contaminant migration is indeterminable. Long term groundwater monitoring and yearly reporting continues to be conducted at the site.",,https://appfactory.dec.ny.gov/DERExternalSearch/ERDDetails?CameFromList=false&SiteCode=932028,,"TAM Ceramics, Inc.",932028,"TAM Ceramics, Inc.",https://appfactory.dec.ny.gov/DERExternalSearch/ERDDetails?CameFromList=false&SiteCode=932028,HW
932025,37.0,nysdec_all_sites,"Modern Disposal Services, Inc.",Modern Disposal Services,State Superfund (Hazardous Waste),HW,04,NY State Superfund,89.0,NYSDEC 932025,,77,1.0,,,,,,,,State Superfund Program,9.0,4746 Model City Road,4746 Model City Road,Lewiston,Lewiston,14092.0,14092,,,43.181180556,-78.987088889,,28.529,28.529,28.529,191.0,191,115452.08238682266,0.1155,polygon_boundary,,Landfill,1960s,1985,,1986-01-01T00:00:00.000,Modern Disposal Services,,,,,Modern Disposal Services,,,,,"SEWER SUMPS | POLYMER BLENDS, ACCELERATOR | CARBON, GRAPHITE, PULCE EMULSION, | BATTERIES, TAR, ASBESTOS, THIAZOLE",10.0,SEWER SUMPS,,,,,,,,,False,,,0.0,932025,modern disposal services inc,,,,,,,,,"The Modern Disposal Landfill site is an approximately 30.5-acre site located in a commercial area at 4746 Model City Road in the Town of Lewiston, Niagara County. Site access from Model City Road is approximately 800 feet northwest from the intersection of Model City Road and Route 104 (Ridge Road).The site is an inactive landfill used for the disposal of carbon, graphite, metal scrap, concrete, fly-ash, PVC by-products, wastewater treatment sludges, gelled phenolic resins, foundry sands and general refuse. Groundwater monitoring at began in 1979 using two on-site monitoring wells. The landfill was closed in 1985 in accordance with Part 360 Regulations.  Sampling detected metals; iron and manganese exceeded NYSDEC groundwater standards. No VOCs, SVOCs, PCBs or pesticides were detected. Semiannual groundwater monitoring is ongoing.Contaminants of Concern (Including Materials Disposed)Contaminant Name/TypeSEWER SUMPSPOLYMER BLENDS, ACCELERATORCARBON, GRAPHITE, PULCE EMULSION,BATTERIES, TAR, ASBESTOS, THIAZOLEPost closure maintenance and monitoring are underway. Additional hydrogeologic data is needed to fully characterize the site.The closed landfill is covered with an 18 inch thick clay cap and 6 inches of topsoil which prevent direct contact exposure to buried wastesAdditional monitoring would be needed to confirm migration potential. Thepotential is indeterminable.",,https://appfactory.dec.ny.gov/DERExternalSearch/ERDDetails?CameFromList=false&SiteCode=932025,,"Modern Disposal Services, Inc.",932025,"Modern Disposal Services, Inc.",https://appfactory.dec.ny.gov/DERExternalSearch/ERDDetails?CameFromList=false&SiteCode=932025,HW
932152,,nysdec_all_sites,,,State Superfund (Hazardous Waste),HW,C,NY State Superfund,,,,,,,,,,,,,,9.0,,9400 Porter Road,,Niagara Falls,,14304-5713,,,43.101197,-78.954603,,19.27,19.27,19.27,,,77984.54549615562,0.078,polygon_boundary,,,,,,2015-04-03T00:00:00.000,,,,,,Gordon reger,Deed Restriction,INST,,,PCBs | PCBs (polychlorinated biphenyls),,,,,,,,,,,False,,,0.0,932152,niagara falls armed forces reserve center,,,,,,,,,,,,,Niagara Falls Armed Forces Reserve Center,,,https://extapps.dec.ny.gov/data/DecDocs/932152/,HW
932096,69.0,nysdec_all_sites,Solvent Chemical,Solvent Chemical/3163 Buffalo Avenue Site,State Superfund (Hazardous Waste),HW,04,NY State Superfund,,NYSDEC932096,,,,,NYD000349449,,,,,,State Superfund Program,9.0,3163 Buffalo Avenue,3163 Buffalo Avenue,Niagara Falls,Niagara Falls,14303.0,14303,,,43.08215216,-79.02386934,,5.429,5.429,5.429,5.7,5.7 Acres,21968.798668292813,0.022,polygon_boundary,,Dump,1972,1978,,2001-08-31T00:00:00.000,Dover Chemical Corporation,,,,,Karleen James,Deed Restriction,INST,Deed Restriction,Building Use Restriction | Landuse Restriction | Site Management Plan | Groundwater Treatment System | Monitoring Wells | Leachate Collection | Cover System | O&M Plan | Vapor Mitigation | Monitoring Plan | Fencing/Access Control | IC/EC Plan | Groundwater Containment | Ground Water Use Restriction,,,,benzene,,,,,,,,False,,,0.0,932096,solvent chemical,,,,,,,,,"The Solvent Chemical site is a 5.7 acre site located at 3163 Buffalo Avenue in Niagara Falls, N.Y. The site is adjacent to several industrial facilities and a residential neighborhood. It is bordered to the north by Buffalo Avenue, to the west by the Olin Corporation, and to the south and east by the Olin. Gill Creek, which flows into the Niagara River, is situated approximately 400 feet west of the site. The Niagara River is approximately 800 feet south of the site. The nearest residential area, the historic Echota neighborhood and surrounding homes, is only mile north of the site.The Solvent Chemical site functioned as a chemical manufacturing and storage facility during various periods starting in 1940.1940-1945: The original plant was built and operated by DuPont under contract to the U.S. Government to manufacture ""Impregnite"" for use during WWII. Various by-products of Impregnite production included organic sludges, various chloroanilines, and phenolics.1951-1953: The Site was reactivated for Impregnite production during the Korean Conflict. The plant was operated by the Hooker Electrochemical Company under contract to the US. Government.1950s: The Site laboratory used by Hooker for various projects1972: The Site was purchased by the City of Niagara Falls and sold to the Solvent Chemical Company.1973-1977: The Site was used by the Solvent Chemical Company to manufacture chlorinated benzenes, zinc chloride, and zinc ammonium chloride.1978-1980: The Site was owned by Transit Holding Company and leased to Newco Chemical Waste Systems. It was used for chemical storage.1980-1983: The Site was leased to Frontenac Chemical waste Service, Ltd. Site was used as a waste transfer station and wastes such as halogenated solvents, electroplating sludge, spent pickle liquor, acid and caustic wastes, paint sludge, cyanides, etc. were brought to the site in drums and in bulk.1983: The Site was owned by the 3163 Buffalo Avenue Corporation. During a portion of this period the site was leased by the Niagara Industrial Warehouse for storage of soda ash, potash, fuel oil. Sampling indicated significant concentrations of organic and inorganic contaminants in soils and both the overburden and bedrock groundwater. Principal organic contaminants include benzene, chlorobenzene, 1,2-dichlorobenzene, 1,3-dichlorobenzene, 1,4-dichlorobenzene, and 1,2,4-trichlorobenzene, among others.In 1989, EPA and DEC issued a report prioritizing 33 site clusters in order of theirpotential for polluting the Niagara River. The 33 site clusters were divided into three categories. This site was designated as a Category II priority site with estimates of between 1 to 50 lb/day loads to the Niagara River.Sites from Category I and II collectively represented 99.9% of the total estimated loadings of 694 lbs (315 kg)/day.Operation, monitoring and management is ongoing.",,https://appfactory.dec.ny.gov/DERExternalSearch/ERDDetails?CameFromList=false&SiteCode=932096,,Solvent Chemical,932096,Solvent Chemical,https://appfactory.dec.ny.gov/DERExternalSearch/ERDDetails?CameFromList=false&SiteCode=932096,HW
932107,,nysdec_all_sites,,,State Superfund (Hazardous Waste),HW,N,NY State Superfund,,,,,,,,,,,,,,9.0,,Balmer Road,,Youngstown,,14124,,,43.229216,-78.962188,,,,,,,,,unavailable,,,,,,,,,,,,,,,,,,,,,,,,,,,,False,,,0.0,932107,youngstown test annex,,,,,,,,,,,,,Youngstown Test Annex,,,https://extapps.dec.ny.gov/data/DecDocs/932107/,HW
932053,64.0,nysdec_all_sites,Stauffer Chemical Plant-PASNY Site,Stauffer-Power Authority of State of New York (PASNY),State Superfund (Hazardous Waste),HW,04,NY State Superfund,,NYSDEC 932053,,255,1.0,,,,,,,,,9.0,5715 Lewiston Road,5715 Lewiston Road,Lewiston,Lewiston,14092.0,14092,,Niagara,43.14455465,-79.03306918,,23.161,23.161,23.161,22.91,22.91 Acres,93728.62445819358,0.0937,polygon_boundary,"Narrative states: ""22.91-acre site""",Dump,1900,1976,,1996-01-01T00:00:00.000,,,,,,,Environmental Easement,INST,,Building Use Restriction | Landuse Restriction | Groundwater Treatment System | Monitoring Wells | Site Management Plan | Cover System | O&M Plan | Leachate Collection | Soil Management Plan | Monitoring Plan | Fencing/Access Control | Groundwater Containment | IC/EC Plan | Ground Water Use Restriction,"carbon disulfide, carbon tetrachloride, chloroform, methylene chloride, tetrachloroethene, benzene, chlorobenzene, toluene, trichloroethene",9.0,CHLOROFORM,chloroform,,,,,,,,False,,,0.0,932053,stauffer chemical plantpasny site,,,,,,,,,"The Stauffer Chemical Plant PASNY site is a 22.91-acre site located at 5715 Lewiston Road in the Town of Lewiston, Niagara County. It is adjacent to the north side of the New York Power Authoritys (NYPA) Robert Moses Power Plant forebay canal, east of the Robert Moses Parkway and the Niagara River, south of the Riverdale Cemetery, and west of Interstate 190.      It contains the old plant site (Area A) that is about 20 acres in size and two former disposal areas (Areas B and C) that are about 2 acres in size combined.      The site is the location of the former Stauffer Chemical Company. The plant produced metallic aluminum from about 1900 to 1930. From 1930 to 1976, the plant produced carbon tetrachloride, parachlorothiophenol, metal chlorides, and a variety of industrial chemicals, including chlorine, sodium hydroxide, silicon, sulfur chloride. In 1957, Stauffer Chemical began producing trichloride, a raw material for manufacturing rocket fuel.  Methylene chloride and tetrachloroethylene were repackaged from bulk during this time period as well. Stauffer disposed of unknown quantities of asbestos, graphite, cinders, concrete cell parts, reactor linings, scrap sulfur and metal, silicon, zirconium, and titanium oxides.      Chemical operations at the facility ceased in 1976 and all structures associated with the plant were demolished in the early 1980s. Investigations revealed contamination.      In 1989, EPA and DEC issued a report prioritizing 33 site clusters in order of theirpotential for polluting the Niagara River. The 33 site clusters were divided into three categories. This site was designated as a Category II priority site with estimates of between 1 to 50 lb/day loads to the Niagara River.      Sites from Category I and II collectively represented 99.9% of the total estimated loadings of 694 lbs (315 kg)/day.      Prior to remediation, the primary contaminants of concern were carbon disulfide, carbon tetrachloride, chloroform, methylene chloride, tetrachloroethene, benzene, chlorobenzene, toluene, and trichloroethene in soil and groundwater. Remedial activities have successfully achieved soil (not groundwater) cleanup objectives for commercial use.  Residual contamination in soil and groundwater is being managed under a Site Management Plan. The only remedial system currently operating at the site is the groundwater extraction and treatment system.      Groundwater is continuously extracted and processed through a physical chemical treatment system. Periodic groundwater quality sampling is done at select monitoring wells.  Water level measurements are monitored for hydraulic contouring and containment checks.      The former plant site is fenced and capped. According to authorities, the groundwater contaminant seeps often visible on the forebay walls do not pose a contact hazard since they are not readily accessible.",,,,Stauffer Chemical Plant-PASNY Site,,Stauffer Power Authority of State of New York,https://extapps.dec.ny.gov/data/DecDocs/932053/,HW
932100,,nysdec_all_sites,,,State Superfund (Hazardous Waste),HW,04,NY State Superfund,,,,,,,,,,,,,,9.0,,76 Robinson Street,,North Tonawanda,,14210,,,43.03265842,-78.87915633,,6.89,6.89,6.89,,,27884.41057682079,0.0279,polygon_boundary,,,,,,1992-03-01T00:00:00.000,,,,,,Mike Wachowicz,Deed Restriction,INST,,,Gasoline | Lead | PAHs | PAHs (polycyclic aromatic hydrocarbons) | PCBs | PCBs (polychlorinated biphenyls) | SVOCs | VOCs,,,,,,,,,,,False,,,0.0,932100,booth oil co,,,,,,,,,,,,,Booth Oil Co.,,,https://extapps.dec.ny.gov/data/DecDocs/932100/,HW
932136,84.0,nysdec_all_sites,Tract II Highland Ave,Tract II Highland Ave,State Superfund (Hazardous Waste),HW,04,NY State Superfund,,,,,,,,,,,,,State Superfund Program,9.0,3001 and 3079 Highland Ave/1300 and 1500 Beech Ave,3001 and 3079 Highland Ave/1300 and 1500 Beech Ave,Niagara Falls,Niagara Falls,14305.0,14305,,,43.115555556,-79.045833333,,13.06,13.06,13.06,13.046,13.046 Acres,52853.05735943792,0.0529,polygon_boundary,,Dump,,,,2012-03-28T00:00:00.000,,,,,,,Environmental Easement,INST,Environmental Easement Opens new window,Landuse Restriction | Site Management Plan | Cover System | Soil Management Plan | Monitoring Plan | IC/EC Plan | Ground Water Use Restriction,,,,benzo(a)pyrene,,,,,,,,False,,,0.0,932136,tract ii highland ave,,,,,,,,,"The Tract II Highland Avenue Site is an approximately 13.046-acre site made up of three separate parcels in an urban area of the City of Niagara Falls, Niagara County. The western parcel is bordered by Highland Avenue and residential properties to the west, the Tract I Highland Avenue Site (BCP Site No. C932157), the Tulip Corporation Site (932170) to the north, and the delisted portion of the Tract II Highland Avenue Site to the east, and Beech Avenue and residential properties to the south. The eastern parcel is bordered by vacant industrial property to the north, a church and residential properties on 17th Street.      A fifteen-foot-wide parcel north of the delisted portion of the Tract II Highland Avenue Site connects the Eastern and Western parcels of the site.      The site is currently vacant.      Between 1903 and 1971, a series of business form companies operated on the Western parcel of the Tract II Highland Avenue Site.  Those buildings were destroyed by fire and then demolished during the 1970s. Demolition debris and re-worked native silty clay soil was used as fill material.      The Eastern parcel of the Tract II Highland Avenue Site was part of the former battery manufacturing facilities that encompassed the adjacent Tract I Highland Avenue and Tulip Corporation sites.  This area was historically used to dispose of waste and fill materials, which included building demolition debris, plastic battery casings and other granular fill materials associated with the former battery manufacturing facilities.      In 2000, Niagara Falls conducted a site investigation. The primary contaminants identified during the investigation were metals and PAHs in fill materials. Niagara Falls elected not to proceed with the remediation of the site.      In 2008, the site was listed as a Class 2 site (Site No. 932136) in the Registry of Inactive Hazardous Waste Disposal Sites in New York State (Registry). Class 2 means that the site was a significant threat to the public health or the environment, and action is required).      In November 2009, the U.S. Environmental Protection Agency (EPA) fenced the site buildings to help reduce trespassing.  The EPA also removed and cleaned PCB sludge and water from a sump within the underground parking garage as part of an Emergency Removal action that was conducted in 2009 on the adjacent Power City Warehouse property.  The garage is located on the western parcel of the site and was part of the Moore Business Forms Building.      In March 2012, the Department issued a ROD Amendment that modified the remedial method from off-site disposal to on-site stabilization and placement.  Remediation of the site by the potentially responsible party began in the Fall of 2012 and was completed in 2016. In November 2018, a Certificate of Completion was issued for the site.      Prior to remediation, the primary contaminants of concern were lead, PAHs, and Technologically Enhanced Naturally Occurring Radioactive Material (TENORM) in fill material. TENORM exceeding twice background activity levels were transported off-site and disposed of at licensed disposal facilities. Groundwater was not contaminated above groundwater standards.      Residual contamination in fill material is being managed under a Site Management Plan.      A cover system was placed over the entire Western parcel and consists of a minimum 1-foot thick soil or gravel cover over a demarcation layer.      A proposed 5-acre park area, located between the Eastern and Western parcels, was remediated to restricted residential SCOs and does not contain a cover system.  This portion of the site was delisted from the Registry.      The National Grid Right of Way (ROW) that bisects the site in a north-south direction was also remediated to restricted residential SCOs and does not contain a cover system.      Residual contamination in fill material is being managed under a Site Management Plan",822.95 Ft,,,Tract II Highland Ave,932136,Tract II Highland Ave,https://extapps.dec.ny.gov/data/DecDocs/932136/,HW
932060,,nysdec_all_sites,,,State Superfund (Hazardous Waste),HW,04,NY State Superfund,,,,,,,,,,,,,,9.0,,River Road,,North Tonawanda,,14120,,,43.05545541,-78.90005545,,52.649,52.649,52.649,,,213061.27238293824,0.2131,polygon_boundary,,,,,,1986-01-01T00:00:00.000,,,,,,"chelsea spahr, p.e.",Deed Restriction,INST,,,,,PHENOLIC MOLDING COMPOUNDS,,,,,,,,,False,,,0.0,932060,gratwick  riverside park,,,,,,,,,,,,,Gratwick - Riverside Park,,,https://extapps.dec.ny.gov/data/DecDocs/932060/,HW
932070,71.0,nysdec_all_sites,Alcliff Landscaping,Alcliff Landscaping,State Superfund (Hazardous Waste),HW,N,NY State Superfund,,NYSDEC932070,,,,,NYD012953394,,,,,,State Superfund Program,9.0,1975 Military Road,1975 Military Road,Niagara,Niagara,,,,,43.10252599,-78.97911098,,9.9,,,0.0,0 Acres,,,unofficial_estimate,"~9.9 acres per Yelp business listing describing ""9.9 acre garden center directly across from fashion outlet mall"" at 1975 Military Road. NON-OFFICIAL: property/business size from commercial listing, not an EPA or NYSDEC contamination study. SOURCE: Yelp.com listing for Alcliff Landscaping & Nursery.",,,,,,,,,,,,,,,,,,CONTAMINATED SOIL FROM 93RD SCHOOL,,,,,,,,,False,,,0.0,932070,alcliff landscaping,,,,,,,,,"This site is located at 1975 Military Road, Niagara Falls. It is adjacent to Cayuga Creek. Approximately 15 tandem dump loads of contaminated top soil excavated from the baseball and football fields at the 93rd Street School (Love Canal) were stored at this site during September 1979. The soil was later reported to be removed and transported to CECOS where it was used for landfill material. There is a question as to whether any sampling has been performed.",,,,Alcliff Landscaping,932070,Alcliff Landscaping,https://extapps.dec.ny.gov/data/DecDocs/932070/,HW
932079,42.0,nysdec_all_sites,Adams Generating Plant,Adams Generating Plant,State Superfund (Hazardous Waste),HW,N,NY State Superfund,,NYSDEC 932079,,82,1.0,,NYD980529960,,,,,,State Superfund Program,9.0,"On Niagara River, Buffalo Ave., at 13th Street","On Niagara River, Buffalo Ave., at 13th Street",Niagara Falls,Niagara Falls,14303.0,14303,,,43.08197064,-79.04698112,,1.0,,,1.0,1 Acres,,,narrative_text,"Narrative states: ""This one acre site""",,,,,,City of Niagara Falls,,,,,City of Niagara Falls,,,,,,,UNKNOWN,,,,,,,,,False,,,0.0,932079,adams generating plant,,,,,,,,,"This one acre site is located on Niagara River, Buffalo Ave., at 13th Street, at the site of the historic Niagara Falls Power Co. / Edward Dean Adams Power StationBuffalo Ave. The City of Niagara Falls filled a forebay and two penstocks (444 cubic yards each) with layers of incinerator residue, construction debris, and fill soil in the early 1960s pursuant to an agreement with the Niagara Mohawk Power Corp. In 1982 the U.S.G.S. conducted soil sampling to the northwest of the old Forebay. Heavy metals and organics were detected, but only iron exceeded the ranges typical of this area.  In 1988, a Phase I Investigation was completed. Based on limited sampling, no further action is required.      The wastes, however, are believed to be in contact with the overburden and bedrock groundwater, and may be discharging to the Niagara River via the underlying tunnel or bedrock fractures.  Further investigation is needed to assess any potential contamination to ground water and to possible discharges from the tunnel.  There has been no evidence of significant contamination in surrounding soil borings.",,https://appfactory.dec.ny.gov/DERExternalSearch/ERDDetails?CameFromList=false&SiteCode=932079,,Adams Generating Plant,932079,Adams Generating Plant,https://appfactory.dec.ny.gov/DERExternalSearch/ERDDetails?CameFromList=false&SiteCode=932079,HW
932033,,nysdec_all_sites,,,State Superfund (Hazardous Waste),HW,N,NY State Superfund,,,,,,,,,,,,,,9.0,,Walck Road,,North Tonawanda,,14120,,,43.0409383,-78.84412117,,370.0,,,,,,,pdf_extraction,"OCR from PSA_1999: is located to the west of Old Falls Boulevard and extends west to Zimmerman Road, encompassing an area of approximately 370 acres between Walck Road and East Robinson Road. Currently, a major portion ",,,,,1999-03-01T00:00:00.000,,,,,,CITY OF NORTH TONAWANDA,,,,,,,MIXED REFUSE,,,,,,,,,False,,,0.0,932033,holiday park,,,,,,,,,,,,,Holiday Park,,,https://extapps.dec.ny.gov/data/DecDocs/932033/,HW
932018,,nysdec_all_sites,,,State Superfund (Hazardous Waste),HW,04,NY State Superfund,,,,,,,,,,,,,,9.0,,Walck Road/River Road,,North Tonawanda,,14120,,,43.04655837,-78.86006033,,66.94,66.94,66.94,,,270898.38980917056,0.2709,polygon_boundary,,,,,,2017-05-12T00:00:00.000,,,,,,NATIONAL GRID,Decision Document,INST,,,Benzene | Dioxins | Phenol | TCDD (dioxin),,,,,,,,,,,False,,,0.0,932018,durez div  occidental chemical corp,,,,,,,,,,,,,Durez Div. - Occidental Chemical Corp.,,,https://extapps.dec.ny.gov/data/DecDocs/932018/,HW
932039,,nysdec_all_sites,,,State Superfund (Hazardous Waste),HW,04,NY State Superfund,,,,,,,,,,,,,,9.0,,600 Mill Street,,Lockport,,14094,,,43.185673307,-78.703079404,,2.168,2.168,2.168,,,8774.735946513534,0.0088,polygon_boundary,,,,,,1987-10-01T00:00:00.000,,,,,,RICHARD SHOTELL,Deed Restriction,INST,,,,,SILICON TETRACHLORIDE,silicon tetrachloride,,,,,,,,False,,,0.0,932039,vanchlor company inc,,,,,,,,,,,,,"Vanchlor Company, Inc.",,,https://extapps.dec.ny.gov/data/DecDocs/932039/,HW
932103,,nysdec_all_sites,,,State Superfund (Hazardous Waste),HW,C,NY State Superfund,,,,,,,,,,,,,,9.0,,Connecting Road,,Niagara,,14304,,,43.099183333,-78.980505556,,0.827,0.827,0.827,,,3348.707048487397,0.0033,polygon_boundary,,,,,,1994-02-01T00:00:00.000,,,,,,Niagara County IDA,,,,,,,,aniline,,,,,,,,False,,,0.0,932103,vacant land adj to 1865 connecting road,,,,,,,,,,,,,Vacant land adj. to 1865 Connecting Road,,,https://extapps.dec.ny.gov/data/DecDocs/932103/,HW
932013,,nysdec_all_sites,,,State Superfund (Hazardous Waste),HW,04,RCRA Corrective Action,,,,,,,,,,,,,,9.0,,Buffalo Avenue,,Niagara Falls,,14302,,,43.08055199,-79.02226596,,65.301,65.301,65.301,,,264261.9031711441,0.2643,polygon_boundary,,,,,,1992-12-01T00:00:00.000,,,,,,,Decision Document,INST,,,Barium | Copper | Cyanide | PCBs | Zinc,,,,,,,,,,,False,,,0.0,932013,chemours plant former dupont plant site,,,,,,,,,,,,,Chemours Plant (former DuPont Plant Site),,,https://extapps.dec.ny.gov/data/DecDocs/932013/,HW
932104,,nysdec_all_sites,,,State Superfund (Hazardous Waste),HW,C,NY State Superfund,,,,,,,,,,,,,,9.0,,1705 Factory Outlet Boulevard,,Niagara,,14304,,,43.094336111,-78.982122222,,32.3,32.3,32.3,,,130713.49277583728,0.1307,polygon_boundary,,,,,,1989-01-01T00:00:00.000,,,,,,"SABRE PARK, INC.",,,,,Mercury | PAHs | PAHs (polycyclic aromatic hydrocarbons),,,,,,,,,,,False,,,0.0,932104,sabre park  anthony drive area,,,,,,,,,,,,,Sabre Park - Anthony Drive Area,,,https://extapps.dec.ny.gov/data/DecDocs/932104/,HW
932085A,,nysdec_all_sites,,,State Superfund (Hazardous Waste),HW,N,NY State Superfund,,,,,,,,,,,,,,9.0,,North of Pine Avenue,,Niagara Falls,,14304,,,43.091772398,-78.986362159,,,,,,,,,unavailable,,,,,,1996-03-01T00:00:00.000,,,,,,NYS Department of Transportation,,,,,,,UNKNOWN,,,,,,,,,False,,,1.0,932085,64th street  north,,,,,,,,,,,,,64th Street - North,,,https://extapps.dec.ny.gov/data/DecDocs/932085A/,HW
932032,,nysdec_all_sites,,,State Superfund (Hazardous Waste),HW,02,Federal Facility,,,,,,,,,,,,,,9.0,,695 Ohio Street,,Lockport,,14094,,,43.16015675,-78.70975161,,49.735,49.735,49.735,,,201269.96838144312,0.2013,polygon_boundary,,,,,,2021-08-26T00:00:00.000,,,,,,GUTERL SPECIALTY STEEL CORP. BANKRUPTCY TRUSTEE,,,,,,,EMISSION CONTROL DUST (BAGHOUSE DUST) FROM,,,,,,,,,False,,,0.0,932032,guterl specialty steel corp,FUSRAP: processed 25-35M lbs uranium and 30-40k lbs thorium for AEC 1948-1956; $249M cleanup approved 2023; remediation begins 2026. Also listed under NY State Superfund (932032).,,,,,,,,,,,,Guterl Specialty Steel Corp.,,,https://extapps.dec.ny.gov/data/DecDocs/932032/,HW
932063,59.0,nysdec_all_sites,Charles Gibson Site,Charles Gibson Site (AKA Pine & Tuscarora or Vicinity of Pine Site),State Superfund (Hazardous Waste),HW,04,NY State Superfund,,NYSDEC 932063,Pine and Tuscarora or Vicinity of Pine Site,242,1.0,,NYD980535462,,,,,,State Superfund Program,9.0,N.E. Cnr. of Niagara Falls Blvd. & Tuscarora Rd.,N.E. Cnr. of Niagara Falls Blvd. & Tuscarora Rd.,Niagara Falls,Niagara Falls,14304.0,14304,,,43.093077778,-78.963663889,,1.628,1.628,1.628,2.0,2,6589.549287343041,0.0066,polygon_boundary,,Landfill,1955,1957,,1991-03-01T00:00:00.000,,,,,,Olin Corporation,Decision Document,INST,Decision Document,Monitoring Wells | Site Management Plan | Cover System | O&M Plan | Leachate Collection | Soil Management Plan | Monitoring Plan | Fencing/Access Control | Subsurface Barriers | Groundwater Containment,,,BHC CAKE,,,,,,,,,False,,,0.0,932063,charles gibson site,,,,,,,,,"The Charles Gibson Site is an approximately 2.00-acre site in a commercial and residential area of Niagara Falls. Cayuga Creek borders the site to the north and east.      In the fall of 1957, Olin Chemical dumped approximately 438 drums of hexachlorobenzene and then 101 truckloads of hexachlorocyclohexane (BHC) alpha-beta cake at the site. HCB was used as a fungicide and generated as a by-product or impurity in related chemical syntheses. The alpha-beta cake was residue from Olin's manufacturing process that produced a mixture of isomeric forms, which included the alpha, beta, delta and gamma isomers of BHC. It is suspected that additional quantity and/or types of waste maybe present from Olin's manufacture of gamma-hexachlorocyclohexane(lindane) and 2,4,5-Trichlorphenoxy acetic acid.      After discovery of the site in 1980, subsequent testing revealed that soil and groundwater was contaminated. Sampling by the NYSDEC in 1982 indicated that the waste material contains BHC's in concentrations exceeding 90,000,000 ?g/kg. Olin Chemical eventually entered into a stipulated agreement with the State of New York. Olin remediated its own site between 1989 and October 1990. The remedy consisted of re-routing Cayuga Creek around and away from the waste and installation of a soil-bentonite slurry wall, a double flexible membrane liner cap, a groundwater perimeter collection drain system, and wet well/pump chamber.      Part of the site consists of a grassy capped mound surrounded by a groundwater flow cut-off wall and a perimeter collection trench to intercept groundwater migrating across the site. The collected groundwater is conveyed to a wet well/pump station and automatically pumped into the sewer system for treatment at the Niagara Falls Wastewater Treatment Plant. The capped area of the site is enclosed within chain link and stockade fencing.      Prior to remediation the primary contaminant of concern was hexachlorobenzene in soil and groundwater. Remedial actions have achieved cleanup objectives for a closed landfill. Residual contamination in soil and groundwater is being managed under a Site Management Plan.      Migration to Cayuga Creek is being minimized by a slurry wall barrier, a cap and drain system, and rerouting of the creek.      The site is currently under ""Post-Closure Operation, Maintenance, and Monitoring.""",,https://appfactory.dec.ny.gov/DERExternalSearch/ERDDetails?CameFromList=false&SiteCode=932063,,Charles Gibson Site,932063,Charles Gibson Site,https://appfactory.dec.ny.gov/DERExternalSearch/ERDDetails?CameFromList=false&SiteCode=932063,HW
932078,3.0,nysdec_all_sites,Love Canal 93rd Street School,Love Canal,State Superfund (Hazardous Waste),HW,C,Federal NPL - Deleted,,,,,,,NYD980507198,,,,,,State Superfund Program,9.0,93rd Street at Colvin Avenue,93rd Street,Niagara Falls,Niagara Falls,14304.0,10278,Original value was 10278 (Manhattan ZIP); corrected to 14304 based on coordinates,,43.08719647,-78.95514497,,10.964,10.964,10.964,19.4,19.4 Acres,44370.84408904681,0.0444,polygon_boundary,,Dump,1954,1980,,1992-06-01T00:00:00.000,Niagara Falls Board of Education,,,,,Niagara Falls Board of Education,,,,,FLY ASH AND BHC CAKES,2.0,,,,,,,,,,False,,,0.0,932078,93rd street school,,,,,,,,,"The USEPA conducted surface soil sampling during 1985.  A Remedial Investigation/ Feasibility Study (RI/FS) at this site was completed in1988. EPA signed a Record of Decision (ROD) in September 1988 which called for excavation and on-site solidification/ stabilization of soils. During the Remedial Investigation and other follow up supplementary investigations, dioxin was not detected at EPA's level of concern of 1 ppb for residential soils. Consequently a Post Decision Proposed Plan (PDPP) was prepared and EPA Issued an Amendment to the ROD in May 1991 replacing on site solidification/ stabilization by off-site disposal.  The remedial work was completed in June 1992 with the 15,757.47 tons of materials excavated and stored in a secure cell at the 102nd Street Site for use as part of the fill during remediation of the 102nd Street Landfill.  260 tons of soil were determined to be hazardous (failed for TCLP lead) and were transported and disposed of at TSDF in Michigan.The site has been remediated, no further action is needed. The site was removed from the Registry in October 1994.Contaminants of Concern (Including Materials Disposed)Contaminant Name/TypeFROM LOVE CANALFLY ASH AND BHC CAKESSite Environmental AssessmentThe site remediation plan has been implemented, no further action is needed at this site.Site Health AssessmentThe remedial activities have been completed and the site is used as a ball diamond complex.  Public water is supplied to the area.For more Information:Colvin Avenue at 93rd Street, Niagara Falls, NYThe Love Canal/93rd Street School site consists of approximately 19 acres andincludes a school and an adjacent vacant lot. The site is located at 93rd Street at Colvin Avenue in Niagara Falls, New York, less than two short blocks away from the northwest boundary of the Love Canal dumpsite. It is within the Love Canal Emergency Declaration Area. It is bordered by Bergholtz Creek to the north and residential properties to the east, west and south. While the school was being built in 1950, Hooker Chemicals and Plastics Corporation was in the midst of disposing over 21,800 tons of various chemicals at the close-by Love Canal site (from 1942 to 1953). After 1953, the Love Canal site was deeded over to the City of Niagara Falls Board of Education.      Prior to construction of the 93rd Street School, a drainage swale crossed the site. Between 1938 and 1951, the swale was partially filled with soil and rock debris, followed by sand and fly ash materials. In 1954, the site was graded to its present contours with approximately3,000 yd of fill material, including fill from the 99th Street School on top of the Love Canal site. The fill material contained fly ash, BHC (pesticide), and other waste. In 1980, the 93rd Street school was closed due to public health concerns related to the contaminated fill material.      Sampling revealed that approximately 6,000 yd of soil at the 93rd Street school were contaminated. The studies found that benzene, toluene, hexachlorocyclo-hexane, lindane and dioxin contaminated the soil, surface and ground- water, storm sewers and sediment. A State Superfund Phase I Investigation was completed in June 1983. A Phase II Field Investigation was undertaken in June -July 1984.  This investigation revealed the presence of dioxin in subsurface soils on site. By the end of the investigations, the primary contaminants of concern affecting soil are VOCs, including toluene and xylenes, other organics including dioxins, PAHs and pesticides, and metals including arsenic and lead.      Remediation of this site included excavation and solidification/stabilization of 7,500 yd of soil; placement of solidified soil back in excavated location; installation of a RCRA cap; ground water monitoring; and implementation of treatability studies for solidification process.      The elementary students who attended this school came from various parts of the LaSalle area of Niagara Falls, not just Love Canal. State and federal authorities have never conducted any long-term health studies of these students, in particular. In 2012, a group of former students with major illnesses brought a class action lawsuit against Occidental and others. The lawsuit was dismissed by a state court judge in 2024 primarily on preemption grounds.	Today the site is a baseball field.",,,,93rd Street School,932078,Love Canal 93rd Street School,https://extapps.dec.ny.gov/data/DecDocs/932078/,HW
932031,26.0,nysdec_all_sites,102nd Street Landfill (Olin),Olin-102d Street Landfill,State Superfund (Hazardous Waste),HW,04,Federal NPL - Deleted,,NYSDEC 932031,,56,1.0,,NYD980531123,,,,,,State Superfund Program,9.0,"102ND STREET, SOUTH OF RIVER ROAD","102ND STREET, SOUTH OF RIVER ROAD",NIAGARA FALLS,NIAGARA FALLS,14304.0,14304,,,43.072888,-78.946452,,7.574,7.574,7.574,7.0,7 Acres,30651.55681091245,0.0307,polygon_boundary,,Landfill,1948,1970,,1990-09-01T00:00:00.000,Olin Corporation,,OLIN CHEMICALS GROUP,,,Adam Carringer,Deed Restriction,INST,Deed Restriction,Landuse Restriction | Groundwater Treatment System | Monitoring Wells | Cover System | Leachate Collection | Fencing/Access Control | Subsurface Barriers | Groundwater Containment,"""Black Cake"" | Graphite | Benzene hexachloride and | trichlorophenol mixture | Trichlorbenzene | a- and S-BHC cake | Tetrachlorobenzene | Lime sludge | Brine sludge | Hexachlorobenzene | Trichloroanisole | Concrete",12.0,LIME SLUDGE,,,,,,,,,False,,,0.0,932031,102nd street landfill olin,,,,,,,,,"The 102nd Street Landfill (Olin) site is an approximately 7.00-acre site located in the City of Niagara Falls, Niagara County. The site is bounded by the Niagara River to the south, Griffon Park to the west and the Belden Site (#932055) to the east. The related program for this site is Hooker-102nd Street Landfill (#932022).The site is generally rectangular and orientated east and west..The combined 22 acre site is currently owned by Occidental Chemical Corporation (OCC) and the Olin Corporation. Olin and Hooker/Occidental dumped more than 80,000 93,000 tons of waste on the larger site. Olin and its predecessors operated this particular portion of the site as a landfill from 1948 to 1970.The types and quantities of waste buried at the site during 1948-70 are:""Black Cake""GraphiteBenzene hexachloride andtrichlorophenol mixtureTrichlorbenzenea- and S-BHC cakeTetrachlorobenzeneLime sludgeBrine sludgeHexachlorobenzeneTrichloroanisoleConcreteQuantity (tons)The site had significant soil and groundwater contamination. These contaminants migrated into the Niagara River and contaminated river sediments south of the site.The facility was closed in 1972. Over the ensuing decades, numerous control measures were instituted, including a slurry wall, collection, conveyance and treatment of contaminated groundwater, capping, consolidation of contaminated river sediments and impacted off site soil within the landfill cap, re-routing of a storm sewer, restoration of aquatic plants in the embayment and other areas from where sediments were removed and a long term monitoring plan.The site is capped. Numerous monitoring wells were installed to monitor groundwater quality and levels.The EPA removed the site from the National Priority List in August of 2004.",,https://appfactory.dec.ny.gov/DERExternalSearch/ERDDetails?CameFromList=false&SiteCode=932031,,102nd Street Landfill (Olin),932031,102nd Street Landfill (Olin),https://appfactory.dec.ny.gov/DERExternalSearch/ERDDetails?CameFromList=false&SiteCode=932031,HW
932080B,8.0,nysdec_all_sites,Buffalo Avenue Drinking Water Treatment Plant Site,Drinking Water Treatment Plant Site/Buffalo Avenue:,State Superfund (Hazardous Waste),HW,N,NY State Superfund,,,,,,,,,,,,,State Superfund Program,9.0,"Between Buffalo Ave./Niagara R., 56th - 61st St.","Between Buffalo Ave./Niagara R., 56th - 61st St.",Niagara Falls,Niagara Falls,14304.0,14304,,,43.075564836,-78.995245676,,1.0,,,1.0,1 Acres,,,narrative_text,"Narrative states: ""1.0 acre parcel of land""",,,,,1992-05-01T00:00:00.000,"City of Niagara Falls, others",,,,,"SEVERAL INDIVID., NYPA, AND CITY OF",,,,,"non-combustibles, incinerator residue, dredging material, power project spoil material",4.0,UNKNOWN,,,,,,,,,False,,,1.0,932080,buffalo avenue,,,,,,,,,"This is the location of the current Niagara Falls Drinking Water Plant. The site consists of a 1.0 acre parcel of land located within the City of Niagara Falls, 400 feet north of the Niagara River.      This site is a former wetland area that was used from 1930's to 1960's by Niagara Falls for the disposal of noncombustibles and incinerator residue, and by the NYPA for the disposal of dredging and power project spoil material.  The U.S.G.S. collected soil samples in 1982 and 1983 with positive results for chlorinated organics.  A field investigation was undertaken by NYPA in 1987. Trace contamination was noted at the site on an inconsistent basis.      When Niagara Falls needed to relocate its previous Drinking Water Treatment Plant, which was being impacted by Occidentals S-Area dumpsite, it selected this adjacent parcel to the east of the previous site.      Because the fill material at this parcel is the same as site #932080A, this parcel became part of site #932080A and site #932080B was delisted from the Registry of Inactive Hazardous Waste Sites in New York State.",,,,Buffalo Avenue,932080B,Buffalo Avenue Drinking Water Treatment Plant Site,https://extapps.dec.ny.gov/data/DecDocs/932080B/,HW
932085B,,nysdec_all_sites,,,State Superfund (Hazardous Waste),HW,N,NY State Superfund,,,,,,,,,,,,,,9.0,,South of Pine Avenue,,Niagara Falls,,,,,43.088725627,-78.992790993,,,,,,,,,unavailable,,,,,,1991-05-01T00:00:00.000,,,,,,UNKNOWN,,,,,PAHs,,,,,,,,,,,False,,,1.0,932085,64th street  south,,,,,,,,,,,,,64th Street - South,,,https://extapps.dec.ny.gov/data/DecDocs/932085B/,HW
932068,,nysdec_all_sites,,,State Superfund (Hazardous Waste),HW,N,NY State Superfund,,,,,,,,,,,,,,9.0,,Old Falls Boulevard,,North Tonawanda,,14120,,,43.040273785,-78.828474579,,370.0,,,,,,,pdf_extraction,"OCR PSA_1999: e 1-1). The Holiday Park Site is located to the west of Old Falls Boulevard and extends west to Zimmerman Road, encompassing an area of approximately 370 acres between Walck Road and East Robinson Roa",,,,,2018-04-10T00:00:00.000,,,,,,CITY OF NORTH TONAWANDA,,,,,"1,1,1-Trichloroethane (TCA) | 1,1-Dichloroethene | 1,2-Dichlorobenzene | 1,2-Dichloroethane | 1,4-Dichlorobenzene | 2,4,5-Trichlorophenol | 2,4,6-Trichlorophenol | Acenaphthylene | Acetone | Anthracene | Antimony | Arsenic | Barium | Benzene | Benzo(a)anthracene | Benzo(a)pyrene | Benzo(b)fluoranthene | Beryllium | Cadmium | Carbon tetrachloride | Chlorobenzene | Chloroform | Chlorophenols | Chromium | Chrysene | Cobalt | Copper | Ethylbenzene | Fluorene | Furans | Hexachlorobenzene | Hexachlorobutadiene | Lead | MTBE | Mercury | Methylene chloride | Naphthalene | Nickel | PCBs | PCBs (polychlorinated biphenyls) | Pentachlorophenol (PCP) | Phenanthrene | Phenol | Pyrene | SVOCs | Selenium | Silver | Tetrachloroethene (PCE) | Thallium | Toluene | Trichloroethene (TCE) | VOCs | Vanadium | Vinyl chloride | Xylenes | Zinc",,,,,,,,,,,False,,,0.0,932068,botanical gardens,,,,,,,,,,,,,Botanical Gardens,,,https://extapps.dec.ny.gov/data/DecDocs/932068/,HW
932102,65.0,nysdec_all_sites,Carborundum Specialty Products,CARBORUNDUM SPECIALTY PRODUCTS,State Superfund (Hazardous Waste),HW,04,NY State Superfund,,NYSDEC932102,,,,,,,,,,,State Superfund Program,9.0,2050 Cory Dr,2050 Cory Dr,Sanborn,Sanborn,14132.0,14132,,,43.12955729,-78.94116611,,38.749,38.749,38.749,40.0,40 Acres,156812.08061728152,0.1568,polygon_boundary,,Dump,1962,1983,,2011-07-13T00:00:00.000,CARBORUNDUM SPECIALTY PRODUCTS,,,,,CARBORUNDUM SPECIALTY PRODUCTS,Decision Document,INST,Decision Document,Groundwater Treatment System | O&M Plan | Soil Management Plan | Fencing/Access Control | Monitoring Plan | Groundwater Containment,"TCE, Vinyl Chloride, Cis-1-2 Dichloroethene",3.0,,,,,,,,,,False,,,0.0,932102,carborundum specialty products,,,,,,,,,"This is a significant manufacturing facility located at 2050 Cory Road, Wheatfield, New York, close to the Niagara Falls border. The main site features include several large active manufacturing buildings surrounded by parking areas and roadways. A 93,000 square foot facility expansion was completed in 2011; new adjoining buildings at the north end of the site were built.      Operations at the Carborundum Site began in 1963. Trichloroethene (TCE) was in use at the Carborundum Company as a degreaser in the manufacture of specialty abrasive carbon andgraphite cloths from 1963 to 1983. Other chlorinated organics used during that period included 1,1,1-trichloroethane and carbon tetrachloride.      Based upon investigations conducted to date the primary contaminants of concern for OU2 are TCE, and its primary breakdown products; Cis-1-2 Dichloroethene, and Vinyl Chloride are present in the shallow groundwater. All preliminary investigations werecompleted as required by NYSDEC with the signing of an Order on Consent, December 23, 1991. Contaminated groundwater containing volatile organic compounds extends beyond the site boundaries.      Numerous controls were put in place. A Groundwater Recovery System(GRS) and a Soil Remediation Groundwater Treatment System (SRGWTS) have been completed. The system has been operational since July 1994 with noted reduction in the total mass of chemical concern. The site owner continues efforts to reduce contaminant mass and assess the complex hydrogeology. Groundwater collection and treatment continues.      Operation and Maintenance continue, including long term groundwater monitoring.",,https://appfactory.dec.ny.gov/DERExternalSearch/ERDDetails?CameFromList=false&SiteCode=932102,,Carborundum Specialty Products,932102,Carborundum Specialty Products,https://appfactory.dec.ny.gov/DERExternalSearch/ERDDetails?CameFromList=false&SiteCode=932102,HW
932043,,nysdec_all_sites,,,State Superfund (Hazardous Waste),HW,04,NY State Superfund,,,,,,,,,,,,,,9.0,,Townline Road,,North Tonawanda,,14120,,,43.087527778,-78.821419444,,10.479,10.479,10.479,,,42407.182592908175,0.0424,polygon_boundary,,,,,,1995-05-01T00:00:00.000,,,,,,James H. Williams,Decision Document,INST,,,,,"WASTE OIL, SOLVENTS, ACIDS, HALOGENATED",,,,,,,,,False,,,0.0,932043,frontier chemical  pendleton,,,,,,,,,,,,,Frontier Chemical - Pendleton,,,https://extapps.dec.ny.gov/data/DecDocs/932043/,HW
932024,,nysdec_all_sites,,,State Superfund (Hazardous Waste),HW,04,NY State Superfund,,,,,,,,,,,,,,9.0,,Richfield Street,,Lockport,,14094,,,43.156352778,-78.721791667,,39.191,39.191,39.191,,,158600.19512644617,0.1586,polygon_boundary,,,,,,1984-01-01T00:00:00.000,,,,,,NCRDD,,,,,,,WWTP SLUDGE,,,,,,,,,False,,,0.0,932024,niagara co refuse disp district,,,,,,,,,,,,,Niagara Co. Refuse Disp. District,,,https://extapps.dec.ny.gov/data/DecDocs/932024/,HW
932007,17.0,nysdec_all_sites,Carborundum,"Carborundum, Abrasive Division, site 9, NYSDEC 932007",State Superfund (Hazardous Waste),HW,04,NY State Superfund,,NYSDEC932007,,9,1.0,,NYD980507883,,,,,,State Superfund Program,9.0,6600 WALMORE ROAD,6600 WALMORE ROAD,WHEATFIELD,WHEATFIELD,14304.0,14304,,,43.104372758,-78.93337928,,1.02,1.02,1.02,1.0,1 Acres,4129.189218369381,0.0041,polygon_boundary,,Dump,1968,1976,,1982-10-01T00:00:00.000,,,,,,THOMAS J. CIARLONE C/O PATRIOT EQUITIES,Deed Restriction,INST,Deed Restriction,Site Management Plan | Monitoring Wells | O&M Plan | Cover System | Monitoring Plan,,,FLOOR SWEEPINGS,,,,,,,,,False,,,0.0,932007,carborundumabrasive division,,,,,,,,,"This Carborundum - Abrasive Division site is located on Walmore Road in the Town of Wheatfield, Niagara County. It is bordered by the Niagara Falls Air Reserve Station and Cayuga Creek to the north, light industrial complexes or undeveloped areas to the east and south, and the Niagara Falls International Airport to the west.The site is a rectangular 1-acre clay capped landfill. It measures approximately 450 by 25 feet.The landfill formerly served the adjacent 60-acre Carborundum Abrasives Division facility from 1968-1976. Reports state that 800-1,600 pounds of phenols and 400 tons of solid resins, floor sweepings, and waste fillers, including calcium carbonate clays and animal glue, were dumped in the landfill. The Carborundum Abrasives Division shut down operations in 2003. The facility is currently operated by Saint-Gobain Abrasives Inc.In 1981, monitoring wells confirmed the presence of phenols in groundwater. A remedial program was adopted; it consisted of the installation of an improved clay cap over the landfill area. The Carborundum Abrasive site has a Site Management Plan (July 2020) which includes a monitoring plan and operations and maintenance plan. Currently, site management consists of an annual Site inspection, which includes a cap inspection and an inspection of the four perimeter monitoring wells, biennial groundwater monitoring with sampling for phenolic compounds, and cap maintenance as needed. Groundwater monitoring indicates that the remedy remains effective.",,https://appfactory.dec.ny.gov/DERExternalSearch/ERDDetails?CameFromList=false&SiteCode=932007,,Carborundum-Abrasive Division,932007,Carborundum,https://appfactory.dec.ny.gov/DERExternalSearch/ERDDetails?CameFromList=false&SiteCode=932007,HW
932048B,,nysdec_all_sites,,,State Superfund (Hazardous Waste),HW,N,NY State Superfund,,,,,,,,,,,,,,9.0,,BUFFALO AVENUE,,NIAGARA FALLS,,,,,43.079266667,-79.036180556,,,,,,,,,unavailable,,,,,,1990-12-01T00:00:00.000,,,,,,"CARBORUNDUM, SOHIO",,,,,Acetone | Copper | Mercury | Methanol | Phenol | Toluene,,,,,,,,,,,False,,,1.0,932048,carborundum corp bldg 823032,,,,,,,,,,,,,"Carborundum Corp, Bldg. 82,30,32",,,https://extapps.dec.ny.gov/data/DecDocs/932048B/,HW
932059,,nysdec_all_sites,,,State Superfund (Hazardous Waste),HW,C,NY State Superfund,,,,,,,,,,,,,,9.0,,101 East Avenue,,North Tonawanda,,14120,,,43.04395515,-78.88665745,,25.906,25.906,25.906,,,104836.58038499425,0.1048,polygon_boundary,,,,,,1992-10-01T00:00:00.000,,,,,,DALE MARSHALL,Environmental Easement,INST,,,Acetone | Asbestos | Benzo(a)pyrene | Chromium | Lead | Manganese | PAHs | PAHs (polycyclic aromatic hydrocarbons) | PCBs | PCBs (polychlorinated biphenyls) | Pyrene | SVOCs | Tetrachloroethene (PCE) | Trichloroethene (TCE) | VOCs,,,,,,,,,,,False,,,0.0,932059,roblin steel,,,,,,,,,,,,,Roblin Steel,,,https://extapps.dec.ny.gov/data/DecDocs/932059/,HW
932011,,nysdec_all_sites,,,State Superfund (Hazardous Waste),HW,N,NY State Superfund,,,,,,,,,,,,,,9.0,,410 OHIO STREET,,LOCKPORT,,14094,,,43.16335982,-78.70885161,,,,,,,,,unavailable,,,,,,,,,,,,"DIVERSIFIED MANUFACTURING, INC.",,,,,"1,1,1-Trichloroethane (TCA) | Ammonia | Asbestos | Benzene | Chloroform | Chromium | Diesel fuel | Fuel oil | Furans | Gasoline | Lead | Methanol | PAHs | PAHs (polycyclic aromatic hydrocarbons) | PCBs | PCBs (polychlorinated biphenyls) | Petroleum hydrocarbons | Phenol | Toluene | Trichloroethene (TCE) | VOCs | Vinyl chloride | Xylenes",,,,,,,,,,,False,,,0.0,932011,diversified manufacturing,,,,,,,,,,,,,Diversified Manufacturing,,,https://extapps.dec.ny.gov/data/DecDocs/932011/,HW
932001,11.0,nysdec_all_sites,Vanadium Corporation of America,Vanadium Corporation of America,State Superfund (Hazardous Waste),HW,02,NY State Superfund,,,,,,,NYD980654305,,,,,,State Superfund Program,9.0,4400 Lockport Road,4400 Lockport Road,Niagara,Niagara,14305.0,14305,,,43.124263433,-79.021394875,,104.108,104.108,104.108,88.0,88 Acres,421308.7203338349,0.4213,polygon_boundary,,Landfill,,,,2007-11-16T00:00:00.000,New York Power Authority - OU #3,,,,,General Counsel,,,,,"calcium hydroxide, ferromanganese slag, ferrochromium slag, and ferrochromium dust, vinyl chloride, trichloroethene, phenol, chromium, manganese, hexavalent chromium, cyanide, magnesium, sodium and zinc",13.0,,,,,,,,,,False,,,1.0,932001,vanadium corporation of america,,,,,,,,,"Operable Unit #3 (Site #932001), consists of approximately 88 acres of the eastern portion of the Vanadium site.Vanadium Corporation site is located in an industrialized urban area at 4400 Lockport Road in the Town of Niagara, Niagara County. This 88-acre site was once part of a larger Vanadium site that included the SKW Site (932001C) and the Airco Properties Site (932001B). It is bounded on the north by an automobile depot and vacant property, on the west by Witmer Road (Route 31), on the east by Interstate 190, and on the south by vacant land and industrial facilities. The New York Power Authority purchased the property from the Vanadium Corporation of America in 1959 for the construction of the Niagara Power Project and its associated massive underground conduits. A portion of this property was subsequently sold to the Niagara Mohawk Power Corporation.The large ground surface is elevated as a result of landfill disposal. Numerous high voltage electrical transmission towers are located on the site and overhead electrical transmission lines cross the site. The conduits run underground. The Vanadium site is also near the Union Carbide site (932035) and the Carborundum Globar site (932036), both of which are inactive hazardous waste disposal sites.The Lower Niagara River is approximately 1.4 miles to the west, the New York Power Authority (NYPA) reservoir approximately 0.8 miles to the north, and Gill Creek approximately 1,000 feet to the east.There are no active industrial operations on the property.Vanadium conducted its operations on this and its larger property from 1920 to 1964. Portions of the site were used to dispose of an estimated 594,000 tons of wood, brick, ash, lime slag (calcium hydroxide), ferrochromium silicon slag, and ferrochromium silicon dust. Waste piles reportedly contained calcium hydroxide, ferromanganese slag, ferrochromium slag, and ferrochromium dust. Rusted and crushed 55-gallon containers and scrap metal were also observed on and around waste piles on both the Airco and NiMo/NYPA properties. Contaminated fill is widespread. The thickness of the fill material generally ranges from 1 to 21 feet. The predominant fill material consists of whitish gray slag; cinders; and whitish gray, fine-grained, lime-like material. In most areas, the slag is covered by soil fill. In other areas, and before remediation, the slag was present at the ground surface.The presence of hazardous waste is confirmed. The pH values in groundwater wells and surface water exceed 12.5. Groundwater Standards were exceeded for vinyl chloride, trichloroethene, phenol, chromium, manganese, hexavalent chromium, cyanide, magnesium, sodium and zinc.Remedial action to implement the remedy started in summer 2013 and was completed in 2014. Long term monitoring is required for OU#3. There is a Site Management Plan for management of residual contamination at this site.Parts of the Vanadium site have separate listings for ongoing contamination, including e.g.,NYSDEC C932143, Northern Ethanol Redevelopment Site, 137 47th Street.",,,,Vanadium Corporation of America,932001,Vanadium Corporation of America,https://extapps.dec.ny.gov/data/DecDocs/932001/,HW
932081,45.0,nysdec_all_sites,Griffon Park,Griffon Park,State Superfund (Hazardous Waste),HW,N,NY State Superfund,,NYSDEC 932081,,85,1.0,,NYD980506703,,,,,,State Superfund Program,9.0,Between Buffalo Ave./Niagara R. at 95 St.,Between Buffalo Ave./Niagara R. at 95 St.,Niagara Falls,Niagara Falls,14305.0,14305,,,43.07478316,-78.95138389,,10.0,,,12.0,12 Acres,,,narrative_text,"PDF extraction from NYSDEC Field Activities Report (2023): ""The property occupies approximately 10 acres and the landfill is assumed to occupy the majority""",,,,,1993-12-01T00:00:00.000,City of Niagara Falls,,City of Niagara Falls,,,City of Niagara Falls,,,,,"1,1,1-Trichloroethane (TCA) | 1,1-Dichloroethene | 1,2-Dichlorobenzene | 1,2-Dichloroethane | 1,4-Dichlorobenzene | Acenaphthylene | Acetone | Ammonia | Anthracene | Arsenic | Barium | Benzene | Benzo(a)anthracene | Benzo(a)pyrene | Benzo(b)fluoranthene | Beryllium | Carbon tetrachloride | Chlorobenzene | Chloroform | Chromium | Chrysene | Copper | Ethylbenzene | Fluorene | Lead | Manganese | Mercury | Methylene chloride | Naphthalene | Nickel | PAHs | PAHs (polycyclic aromatic hydrocarbons) | Phenanthrene | Pyrene | Selenium | Sulfates | Tetrachloroethene (PCE) | Thallium | Toluene | Trichloroethene (TCE) | VOCs | Vinyl chloride | Xylenes | Zinc",,,,,,,,,,,False,,,0.0,932081,griffon park,,,,,,,,,"The site is located along Buffalo Ave at the foot of 95th Street in the LaSalle section of the City of Niagara Falls.  The site is adjacent to the 102nd Street Landfill, which is directly east of the property. The Niagara River forms the southern boundary of the property.The property consists of a developed City Park that has passive recreational uses including walking trails and a City boat launch.The site was used to dispose of an unknown quantity of municipal and domestic wastes. While some industrial material was dumped, no drummed wastes or hazardous material is known to have been disposed of there. Groundwater samples in 1982 did indicate the presence of organics.  Iron has been detected above groundwater standards. The remedial investigation of the neighboring 102nd Street Landfill has provided additional data on this site. Some groundwater and soil is contaminated with low levels mercury and organic chemicals. The contaminated area was addressed under the 102nd St. Remedial Plan.The site is currently a park with free public access and a boat launching facility  Leachate seepage has been observed along the river bank, along the docks, and therefore there is a potential for exposures for shoreline fishermen and swimmers.",,,,Griffon Park,932081,Griffon Park,https://extapps.dec.ny.gov/data/DecDocs/932081/,HW
932049,31.0,nysdec_all_sites,Stauffer Chemical - Art Park Site,Stauffer-Art Park,State Superfund (Hazardous Waste),HW,N,NY State Superfund,,NYSDEC 932049,,63,1.0,,NYD980641534,,,,,,State Superfund Program,9.0,4th Street,4th Street,Lewiston,Lewiston,14092.0,14092,,,43.164163889,-79.045130556,,6.487,6.487,6.487,3.25,3.25 Acres,26250.834885683253,0.0263,polygon_boundary,,,,,,,New York State Power Authority,,Stauffer Management Company,,,New York State Power Authority,,,,,,,"SILICON, ZIRCONIUM AND TITANIUM OXIDES",,,,,,,,,False,,,0.0,932049,stauffer chemical  art park site,,,,,,,,,"This 3.5 acre site is located within the Art Park facility (beneath the facilitys outdoor amphitheater complex), along the top of the Niagara Gorge. The site is approximately 185 feet from the edge of the Niagara River and 1000 feet south from the end of 4th Street in the Village of Lewiston.This site was once used as a quarry from 1953 to 1969. During its ownership by the Stauffer Chemical Company, the company used one of the quarry sites to dispose of wastes generated by its Lewiston Facility, including an unknown quantity of asbestos, graphite, cinders, reactor linings, scrap sulphur, metal, and silicon, zirconium and titanium oxides.  The wastes were buried in the abandoned quarry, covered, and then the park facilities were built over it. In 1957 the NYS Power Authority acquired this site and surrounding properties for the disposal of construction debris generated during the construction of a Niagara hydroelectric power generating plant approximately a half mile upstream from the site.Sampling at the site has identified the presence of heavy metals and organic contaminants in the soil and surface water at levels slightly above groundwater drinking standards. Sampling by the USGS revealed the presence of organic compounds greater than the detection level of 20 ppb for soil and 1 ppb for water. A State Superfund Phase I Investigation was completed in 1984.  The site has also been investigated by the Niagara County Health Dept. and the USEPA. They found low levels of various heavy metals and organic contaminants in soil and surface water.  This site has been filled and graded then covered (capped) by buildings, paved and stoned parking lots. In May 2011 low levels of metals were detected. Based on the above the site was reclassified and removed from the Registry on 11/28/2011.Repeated attempts to identify disposal areas and contaminants have been unsuccessful given the size of the property, although trace levels of soil and groundwater contamination have been detected. The contaminated areas are likely covered by grass, soil, rock, stone, pavement, or buildings, thus preventing or limiting exposures.",,,,Stauffer Chemical - Art Park Site,932049,Stauffer Chemical - Art Park Site,https://extapps.dec.ny.gov/data/DecDocs/932049/,HW
932030A,,nysdec_all_sites,,,State Superfund (Hazardous Waste),HW,N,NY State Superfund,,,,,,,,,,,,,,9.0,,2153 Lockport-Olcott Road,,Burt,,14028,,,43.312288733,-78.710987384,,,,,,,,,unavailable,,,,,,,,,,,,NOURY CHEMICALS,,,,,,,,,,,,,,,,False,,,1.0,932030,noury chemicals,,,,,,,,,,,,,Noury Chemicals,,,https://extapps.dec.ny.gov/data/DecDocs/932030A/,HW
932001B,10.0,nysdec_all_sites,Airco Properties Inc.,Airco Alloys,State Superfund (Hazardous Waste),HW,04,NY State Superfund,,,,1,1.0,,NYSDEC 932001B,,,,,,State Superfund Program,9.0,4201 Witmer Road,4201 Witmer Road,Niagara,Niagara,14305.0,14305,,,43.124236,-79.02555,,25.17,25.17,25.17,25.142,25.142 Acres,101859.99806315658,0.1019,polygon_boundary,,Landfill,,,,2015-03-10T00:00:00.000,,,,,,Mr. Jack Pacuska,Environmental Easement,INST,Environmental Easement Opens new window,Landuse Restriction | Site Management Plan | Groundwater Treatment System | O&M Plan | Cover System | Soil Management Plan | Monitoring Plan | Fencing/Access Control | Groundwater Containment,"Beryllium, Chromium, Zinc, and Copper",4.0,,,,,,,,,,False,,,1.0,932001,airco properties inc,,,,,,,,,"The Airco Properties, Inc. site is located in the Town of Niagara.  The 25.142 acre site is bounded on the north, south and east by the larger Vanadium Site (#932001) and by the SKW Newco Inc. site (#932001C) to the west.The nearest water bodies are the Lower Niagara River, located approximately 1.4 miles west of the property; the New York Power Authority (NYPA) reservoir, located approximately 0.8 miles north of the property; and Gill Creek, located approximately 1,000 feet east of the Site.From 1920 to 1964, the larger approximately 150 acre site was owned by the Vanadium Corporation of America (Vanadium). The site was widely contaminated and, due to differing ownership and later uses, was divided into operable units for remediation. This site Operable Unit is #2. Portions of the larger site were used to dispose of an estimated 594,000 tons of wood, brick, ash, lime slag (calcium hydroxide), ferrochromium silicon slag, and ferrochromium silicon dust.Operable Unit #2 (Site #932001B) is owned by Airco Properties, Inc. Investigations revealed contamination by wastes similar to those elsewhere on the larger Vanadium site. Specific contaminants of concern include Beryllium, Chromium, Zinc, and Copper. Fill material overlies much of the Site. Where encountered, and before remediation, the thickness of the fill material generally ranged from 1 to 21 feet. It was mainly whitish gray slag; cinders; and whitish gray, fine-grained, lime-like material. Slag was present at the ground surface as well. Extensive work was done to address, consolidate and reshape the existing waste and install remedial measures. A groundwater collection and treatment system was constructed in 2003 to address a groundwater seep discovered in the southwest corner of OU#2. An operation, management, and monitoring plan is in effect.Regular maintenance and system modifications have occurred on an as needed basis since the remedy was completed in 2000.",,https://extapps.dec.ny.gov/data/DecDocs/932001B/Report.HW.932001B.2022-04-07.2021-PRR.pdf,,Airco Properties Inc.,932001B,Airco Properties Inc.,https://extapps.dec.ny.gov/data/DecDocs/932001B/Report.HW.932001B.2022-04-07.2021-PRR.pdf,HW
932090,52.0,nysdec_all_sites,Niagara Frontier Transportation Auth.,NIAGARA FRONTIER TRANSPORTATION AUTHORITY (USGS field reconnaissance),State Superfund (Hazardous Waste),HW,N,NY State Superfund,,NYSDEC 932090,,,,,NYD980654321,,,,,,State Superfund Program,9.0,Niagara Falls Boulevard,Niagara Falls Boulevard,Wheatfield,Wheatfield,14304.0,14304,,,43.108065216,-78.931229955,,2.75,,,2.75,2.75 Acres,,,pdf_extraction,OCR from PSA_1991: vi  1-4   1. EXECUTIVE SUMMARY  The Niagara Frontier Transportation Authority (NFTA) site (Site 1.D. No. 932090) is a 2.75-acre impounding reservoir located on the grounds of the Niagara Falls Interna,,,,,1994-03-01T00:00:00.000,Niagara Falls Transportation Authority,,,,,NFTA,,,,,Acetone | Phenol | Tetrachloroethene (PCE) | Zinc,,,,,,,,,,,False,,,0.0,932090,niagara frontier transportation auth,,,,,,,,,"This site is the location of a former lagoon located on Niagara Frontier Transportation Authoritys property, in the town of Wheatfield, adjacent to Niagara Falls. The basin collected an unknown amount of phenolic spills from the adjacent abrasive plant. A phenol spill from Carborundum in 1978 released an unknown amount of phenol to this pond. Phenol was detected at high concentrations in sediment in 1979 (when a clean up was effected) and in surface water in 1991.      The pond drains across the airport to Cayuga Creek.      The potential for contaminant migration is indeterminable. Priority and nonpriority pollutants have been identified, however.      No further action is required at this time.",,,,Niagara Frontier Transportation Auth.,932090,Niagara Frontier Transportation Auth.,https://extapps.dec.ny.gov/data/DecDocs/932090/,HW
932129,,nysdec_all_sites,,,State Superfund (Hazardous Waste),HW,C,NY State Superfund,,,,,,,,,,,,,,9.0,,310 Park Ave,,Lockport,,14094,,,43.168277778,-78.708133333,,0.715,0.715,0.715,,,2895.1395613861587,0.0029,polygon_boundary,,,,,,2009-03-16T00:00:00.000,,,,,,MARION JAGIELO,,,,,Chromium,,,,,,,,,,,False,,,0.0,932129,mrs plating,,,,,,,,,,,,,MRS Plating,,,https://extapps.dec.ny.gov/data/DecDocs/932129/,HW
932099,,nysdec_all_sites,,,State Superfund (Hazardous Waste),HW,C,NY State Superfund,,,,,,,,,,,,,,9.0,,55 Schenck Street,,North Tonawanda,,14120,,,43.02975835,-78.87785661,,1.489,1.489,1.489,,,6025.403801356457,0.006,polygon_boundary,,,,,,1990-09-01T00:00:00.000,,,,,,MR. Dave Hromowyk,Deed Restriction,INST,,,,,PHENOLIC RESIN WASTE,,,,,,,,,False,,,0.0,932099,schrecks scrapyard,,,,,,,,,,,,,Schreck's Scrapyard,,,https://extapps.dec.ny.gov/data/DecDocs/932099/,HW
932116,,nysdec_all_sites,,,State Superfund (Hazardous Waste),HW,N,NY State Superfund,,,,,,,,,,,,,,9.0,,5652 Keis Avenue,,Niagara Falls,,14304-,,,43.084326213,-78.997490172,,1.25,,,,,,,pdf_extraction,"NYSDEC Site Investigation Report (May 2006): ""The total area of the Site is approximately 1.25 acres""",,,,,2006-05-22T00:00:00.000,,,,,,,,,,,Anthracene | Arsenic | Benzo(a)anthracene | Benzo(a)pyrene | Benzo(b)fluoranthene | Beryllium | Cadmium | Chlorobenzene | Chromium | Chrysene | Cobalt | Copper | Furans | Gasoline | Hexachlorobenzene | Lead | Mercury | Nickel | PAHs | PAHs (polycyclic aromatic hydrocarbons) | PCBs | PCBs (polychlorinated biphenyls) | Phenol | Pyrene | SVOCs | Selenium | Silver | Sulfates | Thallium | VOCs | Zinc,,,,,,,,,,,False,,,0.0,932116,59th street,,,,,,,,,,,,,59th Street,,,https://extapps.dec.ny.gov/data/DecDocs/932116/,HW
932113,,nysdec_all_sites,,,State Superfund (Hazardous Waste),HW,04,NY State Superfund,,,,,,,,,,,,,,9.0,,350 Upper Mountain Road,,Lockport,,14094,,,43.16770752,-78.730234677,,22.653,22.653,22.653,,,91674.704935011,0.0917,polygon_boundary,,,,,,2012-03-13T00:00:00.000,,,,,,MAHLE Behr usa inc.,Environmental Easement,INST,,,Lead | Tetrachloroethene (PCE) | Trichloroethene (TCE),,,,,,,,,,,False,,,0.0,932113,delphi harrison thermal systems,,,,,,,,,,,,,Delphi Harrison Thermal Systems,,,https://extapps.dec.ny.gov/data/DecDocs/932113/,HW
932041,,nysdec_all_sites,,,State Superfund (Hazardous Waste),HW,C,NY State Superfund,,,,,,,,,,,,,,9.0,,Niagara Falls Boulevard,,North Tonawanda,,14120,,,43.06070797,-78.842669664,,15.917,15.917,15.917,,,64411.80508480832,0.0644,polygon_boundary,,,,,,1992-03-01T00:00:00.000,,,,,,"OXYGEN GENERATING SYSTEMS, INTL.",,,,,"1,2-Dichlorobenzene | 1,4-Dichlorobenzene | Acetone | Antimony | Asbestos | Barium | Cadmium | Chlorobenzene | Copper | Cyanide | Ethylbenzene | Furans | Lead | Manganese | Methanol | Nickel | PAHs | PCBs | SVOCs | Toluene | Trichloroethene (TCE) | VOCs | Vinyl chloride | Xylenes | Zinc",,,,,,,,,,,False,,,0.0,932041,wurlitzer,,,,,,,,,,,,,Wurlitzer,,,https://extapps.dec.ny.gov/data/DecDocs/932041/,HW
932029,,nysdec_all_sites,,,State Superfund (Hazardous Waste),HW,N,NY State Superfund,,,,,,,,,,,,,,9.0,,520-21 Mill Street,,Lockport,,14094,,,43.185552778,-78.699352778,,,,,,,,,unavailable,,,,,,1988-05-01T00:00:00.000,,,,,,NORTON LABS,,,,,,,PHENOLIC BASED PLASTICS,,,,,,,,,False,,,0.0,932029,norton labs,,,,,,,,,,,,,Norton Labs,,,https://extapps.dec.ny.gov/data/DecDocs/932029/,HW
932066,,nysdec_all_sites,,,State Superfund (Hazardous Waste),HW,C,NY State Superfund,,,,,,,,,,,,,,9.0,,WALCK ROAD,,NORTH TONAWANDA,,,,,43.047452778,-78.856102778,,14.712,14.712,14.712,,,59536.408900016526,0.0595,polygon_boundary,,,,,,1984-01-01T00:00:00.000,,,,,,,,,,,,,PHENOL BEARING WASTES,,,,,,,,,False,,,0.0,932066,national grinding wheel,,,,,,,,,,,,,National Grinding Wheel,,,https://extapps.dec.ny.gov/data/DecDocs/932066/,HW
932037,63.0,nysdec_all_sites,Olin Corporation - Disposal Well,Olin Deep Well,State Superfund (Hazardous Waste),HW,C,RCRA Corrective Action,,NYSDEC 932037,,247,1.0,,NYD980507339,,,,,,State Superfund Program,9.0,Buffalo Avenue,Buffalo Avenue,Niagara Falls,Niagara Falls,14302.0,14302,,,43.081099076,-79.026467746,,0.385,0.385,0.385,1.0,1 Acres,1558.4215965236822,0.0016,polygon_boundary,,,1963,1977,,1986-08-01T00:00:00.000,,,,,,MICHEAL J. BELLOTTI,,,,,,,"END LIQUOR (60-65% WATER, 30% SULFURIC ACID,",,,,,,,,,False,,,0.0,932037,olin corporation  disposal well,,,,,,,,,"The Olin Corporation - Deepwell site is located in the City of Niagara Falls, within the Olin Plant Complex on Buffalo Avenue. Residences are in close proximity. The well is technically an industrial water supply well where approximately 130,000 tons of end liquor (60-65% water, 30% sulfuric acid, 5-10% sodium chlorite) was disposed. Disposal was halted in 1977. The well was capped and covered with fill. The government concluded that the end liquor was not hazardous based on chemical content and that pH was the only issue. Implementation of the Remedial Program began in 1997 and is comprised of a groundwater pump and treat system for the plant site including the well area.  Because the well was capped and covered and a groundwater pump and treat system is in place for the entire plant site, including the well area under Site No.932051, the site was delisted as of 01/05/09.",,https://appfactory.dec.ny.gov/DERExternalSearch/ERDDetails?CameFromList=false&SiteCode=932037,,Olin Corporation - Disposal Well,932037,Olin Corporation - Disposal Well,https://appfactory.dec.ny.gov/DERExternalSearch/ERDDetails?CameFromList=false&SiteCode=932037,HW
932009,19.0,nysdec_all_sites,Chisholm Ryder,Chisholm Ryder,State Superfund (Hazardous Waste),HW,N,NY State Superfund,,NYSDEC 932009,,11,1.0,,NYD002106656,,,,,,State Superfund Program,9.0,3800 Highland Avenue,College Avenue at Highland Avenue,Niagara Falls,Niagara Falls,,,,,43.12323658,-79.04456833,,20.0,,,2.0,2 Acres,,,pdf_extraction,"OCR from PhaseII_1989: in Niagara Falls, from approximately 1985 to 1986. From the mid 1940s until about 1959, approximately two acres of the 20-acre property was used as a landfill for plant wastes (Figure |-2). Combustibl",,,,,1989-11-01T00:00:00.000,"Chisholm Ryder Co. Inc. | CHISHOLM RYDER COMPANY, INC.",3800 Highland Avenue | 3800 HIGHLAND AVE.,"CHISHOLM RYDER COMPANY, INC.",,,"CHISHOLM RYDER COMPANY, INC.",,,,,,,RUBBLE,,,,,,,,,False,,,0.0,932009,chisholm ryder,,,,,,,,,"The Chisholm-Ryder Company, a manufacturer of food harvesting and processing equipment, was located at 3800 Highland Avenue in Niagara Falls, from approximately 1985 to 1986. From the mid 1940s until about 1959, approximately two acres of the 20-acre property was used as a landfill for plant wastesCombustible plant refuse was burned and the ash was disposed in the landfill. Otherwastes suspected to have been disposed in the landfill were sludges from vapor degreasing andplating operations, boiler ash, coolant fluids, and paint filters. Spent solvents from the painting and degreasing operations. No detailed records exist.The landfill site was reportedly closed during the early 1960's. After that time, the landfillsite was generally inactive. Occasionally, drums of materials were stored in the landfill area. Filland construction debris from the New York State Power Authority power project tunnels were also disposed in the landfill area.Heavy metal analysis shows zinc above background levels  Fourteen of the organic priority pollutants were detected, all at relatively low concentrations. Some unknown hydrocarbons were detected. Since no wastes were specifically found, it was determined that  no further action is required at this site.The potential for contaminant migration is indeterminable because the hydrogeologic data are limited.",,https://appfactory.dec.ny.gov/DERExternalSearch/ERDDetails?CameFromList=false&SiteCode=932009,,Chisholm Ryder,932009,Chisholm Ryder,https://appfactory.dec.ny.gov/DERExternalSearch/ERDDetails?CameFromList=false&SiteCode=932009,HW
932123,,nysdec_all_sites,,,State Superfund (Hazardous Waste),HW,C,NY State Superfund,,,,,,,,,,,,,,9.0,,4043 Royal Avenue,,Niagara Falls,,14303,,,43.084644444,-79.014466667,,28.132,28.132,28.132,,,113844.5919433665,0.1138,polygon_boundary,,,,,,2006-06-20T00:00:00.000,,,,,,LISA MOTESSANO,,,,,"1,1-Dichloroethene | 1,2-Dichlorobenzene | 1,4-Dichlorobenzene | Acetone | Benzene | Chlorobenzene | Chloroform | Methylene chloride | PCBs | PCBs (polychlorinated biphenyls) | Tetrachloroethene (PCE) | Toluene | Trichloroethene (TCE) | VOCs | Vinyl chloride | Xylenes",,,,,,,,,,,False,,,0.0,932123,nimo harper substation,,,,,,,,,,,,,NiMo Harper Substation,,,https://extapps.dec.ny.gov/data/DecDocs/932123/,HW
932169,,nysdec_all_sites,,,State Superfund (Hazardous Waste),HW,P,NY State Superfund,,,,,,,,,,,,,,9.0,,3125 HIGHLAND AVENUE,,NIAGARA FALLS,,14305,,,43.11728596,-79.045224142,,9.043,9.043,9.043,,,36597.71394252599,0.0366,polygon_boundary,,,,,,2026-07-01T00:00:00.000,,,,,,,,,,,Cyanide | Lead | Mercury | PCBs | SVOCs | VOCs,,,,,,,,,,,False,,,0.0,932169,tulip molded plastics corporation,,,,,,,,,,,,,Tulip Molded Plastics Corporation,,,https://extapps.dec.ny.gov/data/DecDocs/932169/,HW
932144,,nysdec_all_sites,,,State Superfund (Hazardous Waste),HW,A,NY State Superfund,,,,,,,,,,,,,,9.0,,Ripley Avenue,,Niagara Falls,,14301,,,43.25553679,-79.05038964,,279.019,279.019,279.019,,,1129149.6461401938,1.1291,polygon_boundary,,,,,,2009-08-05T00:00:00.000,,,,,,,,,,,Arsenic | Barium | Cadmium | Chromium | Gasoline | Lead | Mercury | PCBs | PCBs (polychlorinated biphenyls) | SVOCs | Selenium | VOCs,,,,,,,,,,,False,,,0.0,932144,fort niagara,,,,,,,,,,,,,Fort Niagara,,,https://extapps.dec.ny.gov/data/DecDocs/932144/,HW
932006,,nysdec_all_sites,,,State Superfund (Hazardous Waste),HW,N,NY State Superfund,,,,,,,,,,,,,,9.0,,2040 River Road,,Wheatfield,,,,,43.07045687,-78.94255093,,,,,,,,,unavailable,,,,,,1990-03-01T00:00:00.000,,,,,,"Brzezinski,Newman,and Smith",,,,,Acetone | Anthracene | Benzo(a)anthracene | Benzo(a)pyrene | Benzo(b)fluoranthene | Chrysene | PAHs | PCBs | Phenanthrene | Pyrene | Trichloroethene (TCE) | VOCs,,,,,,,,,,,False,,,0.0,932006,brzezinski property,,,,,,,,,,,,,Brzezinski Property,,,https://extapps.dec.ny.gov/data/DecDocs/932006/,HW
932071,,nysdec_all_sites,,,State Superfund (Hazardous Waste),HW,N,NY State Superfund,,,,,,,,,,,,,,9.0,,500 Ohio Street,,Lockport,,14094,,,43.16052294,-78.70883936,,6.4,,,,,,,pdf_extraction,"OCR from NYSDEC PSA Final Report 1995 (Diamond Shamrock/Occidental Chemical, Lockport): ""The original area of the Site encompassed approximately 6.4 acres of land."" Note: 1.8 acres was a portion sold to Lightweight Environmental in 1989 — NOT the full site.",,,,,1995-02-01T00:00:00.000,,,,,,Occidental Chem - Glenn Springs Holding Company,,,,,,,UNKNOWN,,,,,,,,,False,,,0.0,932071,diamond shamrock,,,,,,,,,,,,,Diamond Shamrock,,,https://extapps.dec.ny.gov/data/DecDocs/932071/,HW
932004,13.0,nysdec_all_sites,Basic Carbon Co.,Basic Carbon Co.,State Superfund (Hazardous Waste),HW,N,NY State Superfund,,NYSDEC 932004,,4,1.0,,NYD000514554,,,,,,State Superfund Program,9.0,820 Connecting Road,820 Connecting Road,Niagara Falls,Niagara Falls,14304.0,14304,,,43.09205,-78.993836111,,1.432,1.432,1.432,0.0,0 Acres,5794.907445818154,0.0058,polygon_boundary,,,,,,2009-04-24T00:00:00.000,,,,,,David Scrivani,,,,,,,CARBON,carbon,,,,,,,,False,,,0.0,932004,basic carbon,,,,,,,,,"The general area of the Basic Carbon site (932004) is in Niagara Falls is 820 and/or 1100 Connecting Road and/or 1120 Connecting Road. The small graphite specialty company operated from 1951 to 1960, at which time the plant changed corporate names, owners, and relocated to Corey Road in Wheatfield, New York. During the active years, Basic Carbon disposed of waste materials generated on-site in an area located between the plant building and Great Lakes Carbon. These waste materials consisted of coal tar, carbon, graphite and refuse. The quantity of material disposed of is unknown. Past soil studies 13 of the organic priority pollutants, and 7 non-priority pollutant organics. Only one compound was high enough to be found above the detection limit. PAHs have been detected. Low levels of organics, pesticides, SVOCs, and PCBs were also detected. Concentrations of cadmium, chromium, lead and mercury in one soil sample exceeded background soil levels. In 2004 attempted to clear up discrepancies in records, but was inconclusive.The potential for contaminant migration is indeterminable.",,https://appfactory.dec.ny.gov/DERExternalSearch/ERDDetails?CameFromList=false&SiteCode=932004,,Basic Carbon,932004,Basic Carbon Co.,https://appfactory.dec.ny.gov/DERExternalSearch/ERDDetails?CameFromList=false&SiteCode=932004,HW
932051B,28.0,nysdec_all_sites,Olin Corporation Plant,"Olin-Buffalo Avenue,",State Superfund (Hazardous Waste),HW,04,RCRA Corrective Action,62.0,NYSDEC 932051B,,"58, 59, 248",3.0,,,,,,,,State Superfund Program,9.0,2400 Buffalo Avenue,Buffalo Avenue,Niagara Falls,Niagara Falls,14302.0,14302,,,43.082105556,-79.028238889,,23.111,23.111,23.111,12.0,12 Acres,93524.99436387328,0.0935,polygon_boundary,,"Dump, Pond",1957,1974,,1994-11-01T00:00:00.000,Olin Corporation,,,,,Olin Corporation,,,,,"aromatic compounds, benzene hexachlorides (BHCs), mercury, chlorinated solvents (primarily tetrachloroethene (PCE), trichloroethene (TCE)",5.0,"ORGANICS (TCP, BHC)",,,,,,,,,False,,,1.0,932051,olin corporation plant site,,,,,,,,,"The Olin Corporation Plant Site is located at 2400 Buffalo Avenue, in an industrialized and residential area in the City of Niagara Falls, New York. The Plant is bounded by Buffalo Avenue to the north, the DuPont Chemical Corporation Plant Site to the south, the former Solvent Chemical facility to the east, and vacant land to the west. Populated residential neighborhoods are across the street to the north.The Olin Corporation Plant Site is divided into three distinct parcels.The western parcel, formerly known as Plant 1, is a 6.5 acre parcel bounded on the north by Buffalo Avenue, on the south and west by a railroad right-of-way, and on the east by lands owned by DuPont. This parcel lies across Buffalo Avenue from 24th Street. The parcel is mostly open paved areas with an Olin warehouse building located on the parcel.The middle parcel, formerly known as Plant 2, is approximately 15.6 acres and is located between Chemical Road and DuPont-owned lands to the west, and Gill Creek to the east. This parcel contains all of the current manufacturing operations. The parcel contains manufacturing and support buildings. Open areas in between are paved.The eastern parcel is approximately 5.4 acres and lies immediately east of Gill Creek. This parcel is owned by Olin, but for a time was leased to the adjacent DuPont facility.The upper Niagara River is approximately 1000 feet south of the site. Gill Creek, a tributary to the Niagara River, bisects the eastern portion of the site from north to south. Residential areas are located approximately 1000 feet north of the site.The site is currently owned and operated by Olin for chemical manufacturing (chlorine products).The plant site has been a major producer of chlorine bleaches and caustic soda by Olin and its predecessors since 1897. Chlorine and caustic soda were historically produced using mercury amalgam chlor-alkali cells, however mercury is no longer used to manufacture chlorine. Olin also produced chlorinated organic chemicals (principally chlorobenzenes and chlorophenols) in Plant 2 from 1950 to 1956.The site had significant soil and groundwater contamination.In 1989, EPA and DEC issued a report prioritizing 33 site clusters in order of theirpotential for polluting the Niagara River. The 33 site clusters were divided into three categories. This site was designated as a Category II priority site with estimates of between 1 to 50 lb/day loads to the Niagara River.Sites from Category I and II collectively represented 99.9% of the total estimated loadings of 694 lbs (315 kg)/day.Contaminants of Concern (Including Materials Disposed) include, mercury, coal fines, mercury cell brine sludges, and organic chemicals (TCP and BHC). These three sites, at the Olin Buffalo Avenue plant in the city of Niagara Falls, were used for landspreading of brine sludge containing mercury and possibly polychlorinated biphenyls. Also on the property is a pond that was used to collect overflow water from site 248, which contains traces of mercury.The primary contaminants of concern are aromatic compounds, benzene hexachlorides (BHCs), and mercury in groundwater. Other chlorinated solvents (primarily tetrachloroethene (PCE), trichloroethene (TCE), and their breakdown products) are found on site but have migrated there from off-site areas to the south (the DuPont facility) and to the east (the former Solvent Chemical site).Mercury2-Chlorophenol2,3 and 2,4 and 2,5 OichlorophenolPentachlorophenolY-BHC (Lindane)Nonpriority pollutantsTotal halogenated organicsTotal volatile halogenated organics3-Chlorophenol & 4-Chlorophenol2,4,5 and 2,3,4 Trichlorophenol2,3,4,6 TetrachlorophenolManmade influences have altered the natural flow of groundwater at this site, and many others. Flow direction is dominated by New York Power Authority conduits east of the site and groundwater extraction for remediation purposes. Groundwater flow is now largely confined on site by shallow bedrock extraction wells in Plant 2 and deep bedrock production wells in Plant 1. Contaminated groundwater flows onto the site from the DuPont facility immediately to the south.Remedial actions have successfully achieved soil (not groundwater) clean-up objectives for commercial use. Residual contaminant in groundwater and soil is being managed under a Site Management Plan.",,,,Olin Corporation Plant Site,932051B,Olin Corporation Plant,https://extapps.dec.ny.gov/data/DecDocs/932051B/,HW
932131,,nysdec_all_sites,,,State Superfund (Hazardous Waste),HW,C,NY State Superfund,,,,,,,,,,,,,,9.0,,3123 HIGHLAND AVENUE,,NIAGARA FALLS,,14305,,,43.116388889,-79.045633333,,3.406,3.406,3.406,,,13785.379296279698,0.0138,polygon_boundary,,,,,,2009-05-08T00:00:00.000,,,,,,Mr. Paul Dyster,,,,,Asbestos | Lead | PCBs | PCBs (polychlorinated biphenyls),,,,,,,,,,,False,,,0.0,932131,power city warehouse,,,,,,,,,,,,,Power City Warehouse,,,https://extapps.dec.ny.gov/data/DecDocs/932131/,HW
932015,22.0,nysdec_all_sites,Frontier Bronze,Frontier Bronze,State Superfund (Hazardous Waste),HW,N,NY State Superfund,,NYSDEC 932015,,21,1.0,,NYD980528590,,,,,,State Superfund Program,9.0,4870 Packard Road,4870 Packard Road,Niagara,Niagara,,,,,43.10269541,-79.00269845,,,,,1.0,1 Acres,,,unavailable,,,,,,,"Frontier Foundries, Inc. | FRONTIER FOUNDRIES, INC.",4870 Packard Road | 4870 PACKARD RD.,,,,"FRONTIER FOUNDRIES, INC.",,,,,,,FOUNDRY SAND WITH PHENOLIC BINDERS,,,,,,,,,False,,,0.0,932015,frontier bronze,,,,,,,,,"The Frontier Bronze Company, located at 4870 Packard Road, Niagara Falls, was a storage area for spent foundry sand. The site began operation in the 1960's and continued to receive sand at a rate of 5 tons per day. The foundry sand had phenolic binders. Some organic priority pollutants were detected in soil samples, but hydrogeologic data are lacking. The potential for contaminant migration is indeterminable.Samples contained low concentrations of phenols and 10 organic priority pollutants,four organic nonpriority pollutants, and some unknown hydrocarbons. Later testing of ten soil samples found insignificant contamination, and thus no further action was taken.",,https://appfactory.dec.ny.gov/DERExternalSearch/ERDDetails?CameFromList=false&SiteCode=932015,,Frontier Bronze,932015,Frontier Bronze,https://appfactory.dec.ny.gov/DERExternalSearch/ERDDetails?CameFromList=false&SiteCode=932015,HW
932058,,nysdec_all_sites,,,State Superfund (Hazardous Waste),HW,N,NY State Superfund,,,,,,,,,,,,,,9.0,,8555 PACKARD ROAD,,NIAGARA FALLS,,,,,43.092830556,-79.014544444,,,,,,,,,unavailable,,,,,,,,,,,,Niagara Mohawk Power Corporation,,,,,,,,,,,,,,,,False,,,0.0,932058,ross steel company inc,,,,,,,,,,,,,"Ross Steel Company, Inc.",,,https://extapps.dec.ny.gov/data/DecDocs/932058/,HW
932073,,nysdec_all_sites,,,State Superfund (Hazardous Waste),HW,N,NY State Superfund,,,,,,,,,,,,,,9.0,,West Avenue,,Lockport,,,,,43.15873825,-78.72692473,,,,,,,,,unavailable,"OCR from Phase I 1984 found only sludge drum quantities (800 cu yd), not site area. No site acreage stated in available documents. Marked unavailable.",,,,,1992-07-01T00:00:00.000,,,,,,Frontier Stone,,,,,Anthracene | Chrysene | Lead | Phenol | Pyrene,,,,,,,,,,,False,,,0.0,932073,niagara materials company,,,,,,,,,,,,,Niagara Materials Company,,,https://extapps.dec.ny.gov/data/DecDocs/932073/,HW
932030B,,nysdec_all_sites,,,State Superfund (Hazardous Waste),HW,04,NY State Superfund,,,,,,,,,,,,,,9.0,,2153 Lockport-Olcott Road,,Burt,,14028,,,43.3123535,-78.70805989,,75.477,75.477,75.477,,,305444.2331460783,0.3054,polygon_boundary,,,,,,2004-03-01T00:00:00.000,,,,,,quinn Alexander,Deed Restriction,INST,,,"1,1,1-Trichloroethane (TCA) | 1,2-Dichlorobenzene | 1,2-Dichloroethane | 1,4-Dichlorobenzene | Acetone | Benzene | Benzo(a)pyrene | Chlorobenzene | Ethylbenzene | Naphthalene | Pyrene | Toluene | Vinyl chloride | Xylenes",,,,,,,,,,,False,,,1.0,932030,akzo chemicals inc,,,,,,,,,,,,,AKZO Chemicals Inc.,,,https://extapps.dec.ny.gov/data/DecDocs/932030B/,HW
932092,,nysdec_all_sites,,,State Superfund (Hazardous Waste),HW,N,NY State Superfund,,,,,,,,,,,,,,9.0,,Griswald Rd. (1/2 mi. south of Rochester Road),,Royalton,,14105,,,43.201314611,-78.490800891,,5.0,,,,,,,pdf_extraction,"OCR Phase2_1991: a drainage ditch that enters an unnamed stream. This stream ends in the Village of Middleport, pre— sumably entering the storm sewer system.  b. Area 5 acres c. EPA ID number N¥D000514430 d. PA/SI [ ]",,,,,1991-08-01T00:00:00.000,,,,,,Douglas Ortman,,,,,"1,1,1-Trichloroethane (TCA) | Antimony | Arsenic | Beryllium | Cadmium | Chromium | Copper | Lead | Lindane | Mercury | Nickel | Selenium | VOCs | Zinc",,,,,,,,,,,False,,,0.0,932092,royalton town landfill,,,,,,,,,,,,,Royalton Town Landfill,,,https://extapps.dec.ny.gov/data/DecDocs/932092/,HW
932084,61.0,nysdec_all_sites,97th St. Methodist Church,97th Street Methodist Church,State Superfund (Hazardous Waste),HW,N,NY State Superfund,,NYSDEC 932084,,245,1.0,,NYD980534697,,,,,,State Superfund Program,9.0,97th Street,97th Street,Niagara Falls,Niagara Falls,14202.0,14202,,,43.085272222,-78.951086111,,,,,0.0,0 Acres,,,unavailable,,,,,,,,,,,,,,,,,,,NONE KNOWN,,,,,,,,,False,,,1.0,932084,97th st methodist chruch,,,,,,,,,"The 97th Street Methodist Church Site is located in a suburban area at the corner of 97th Street and Colvin Blvd., Niagara Falls, Niagara County.This site is occupied by a religious center and paved parking area.Olin Chemicals was alleged to have used this site to dispose of 23 tons of broken concrete cells in August and September of 1958.  The Love Canal site is also located 400 feet southeast of this property.  In August of 1982, USGS drilled four test borings to take soil and water samples.  The result indicates heavy concentration of iron and organic compounds in the water samples.  The Olin wastes previously attributed to this site is inconclusive.  The investigations made since 1980 to 1990 (EPA 1980, USGS 1982, NYS DEC 1984, 1989, 1990-Phase I and Phase II) indicate evidence of hazardous material disposal at the site and that both ground water and the soil have been impacted. Since there was no significant quantities of hazardous waste documented to have been disposed at this site, and no significate threat, the site was not placed on NYSDECs Registry.",,https://appfactory.dec.ny.gov/DERExternalSearch/ERDDetails?CameFromList=false&SiteCode=932084,,97th St. Methodist Chruch,932084,97th St. Methodist Church,https://appfactory.dec.ny.gov/DERExternalSearch/ERDDetails?CameFromList=false&SiteCode=932084,HW
932016,23.0,nysdec_all_sites,Great Lakes Carbon,Great Lakes Carbon,State Superfund (Hazardous Waste),HW,N,NY State Superfund,,NYSDEC 932016,,22,1.0,,NYD002118248,,,,,,State Superfund Program,9.0,6200 Niagara Falls Boulevard,6200 Niagara Falls Boulevard,NIAGARA FALLS,NIAGARA FALLS,14304.0,14304,,,43.0919433,-78.99970019,,15.0,,,7.0,7 Acres,,,internet_research,~15 acres; two adjoining parcels at 6100-6200 Niagara Falls Blvd; per EPA Superfund search results and NYSDEC BCP C932146 docs. Updated documentation (2021) references 7.14 acres for 6200-6390 Niagara Falls Blvd portion; 15 acres used for combined parcels. SOURCE: EPA CERCLIS / Buffalo News DEC cleanup article.,,,,,1993-10-01T00:00:00.000,GREAT LAKES CARBON,,,,,Great Lakes Carbon Co.,,,,,,,,,,,,,,,,False,,,0.0,932016,great lakes carbon,,,,,,,,,"Great Lakes Carbon used this area to dispose of plant wastes from the time operations began in 1939 until 1966. The disposal site is an area of approximately 7 acres located north of Pine Avenue/Niagara Falls Boulevard, between plant buildings 103 and 238. Disposed wastes include carbon graphite, coal dust, carbon fines, brick concrete, charred wood, sand, electrodes, black graphite and solid pitch mold stock. The quantity is unknown. Limited sampling polynuclear aromatic hydrocarbons (PNAs) in surface water, soil, and sediment samples. In sediment samples, concentrations of mercury and barium were in excess of the normal ranges found in natural soils. Soil samples also contained mercury and zinc.  The latter was in excess of normal soil ranges. Sediments collected from Pikes Creek, which runs adjacent to the site contained total PAHs up to 21738 ppm and benzo(a)pyrene up to 630 ppm. Therefore there is a potential for site related contamination to be migrating off-site.  Although elevated levels of contamination was observed which would be typical for industrial property, hazardous waste levels of contaminants could not be documented. Thus, officials determined that no further action is required for this site.Also, surface water standards for class D waters were exceeded, but due to the nature of the area (heavy industry), it is inferred that the contaminants are coming from upstream.The site is fenced and plant security personnel is on-site at all times.  Exposure would be limited to workers who work at the site.",,https://appfactory.dec.ny.gov/DERExternalSearch/ERDDetails?CameFromList=false&SiteCode=932016,,Great Lakes Carbon,932016,Great Lakes Carbon,https://appfactory.dec.ny.gov/DERExternalSearch/ERDDetails?CameFromList=false&SiteCode=932016,HW
932044,,nysdec_all_sites,,,State Superfund (Hazardous Waste),HW,N,NY State Superfund,,,,,,,,,,,,,,9.0,,874 Oliver Street,,North Tonawanda,,,,,43.04729457,-78.88597654,,,,,,,,,unavailable,,,,,,1989-10-01T00:00:00.000,,,,,,Buffalo Pumps Div.- Buffalo Forge,,,,,Acetone | Arsenic | Barium | Benzene | Beryllium | Cadmium | Chromium | Copper | Lead | Manganese | Methylene chloride | Nickel | PAHs | PCBs | Phenol | Sulfates | VOCs | Vanadium | Zinc,,,,,,,,,,,False,,,0.0,932044,buffalo pumps divbuf forge comp,,,,,,,,,,,,,Buffalo Pumps Div-Buf. Forge Comp,,,https://extapps.dec.ny.gov/data/DecDocs/932044/,HW
932082,46.0,nysdec_all_sites,Hydraulic Canal,Hydraulic Canal,State Superfund (Hazardous Waste),HW,N,NY State Superfund,,NYSDEC 932082,,86,1.0,,NYD980506869,,,,,,State Superfund Program,9.0,Between Buffalo Ave. and 2nd Street,Between Buffalo Ave. and 2nd Street,Niagara Falls,Niagara Falls,,,,,43.08693516,-79.05452712,,3.1,,,0.0,0 Acres,,,unofficial_estimate,"~3.1 acres per Niagara Gazette article on Niagara Aerospace Museum bid for Hydraulic Canal parcel ""between First, Second, Niagara, and Main streets."" NON-OFFICIAL: newspaper description of redevelopment parcel, not a contamination study acreage figure. SOURCE: niagara-gazette.com, ""Niagara Aerospace Museum bids for Hydraulic Canal parcel.""",,,,,,City of Niagara Falls | CITY OF NIAGARA FALLS,City Hall  /  745 Main Street,,,,City of Niagara Falls,,,,,,,UNKNOWN,,,,,,,,,False,,,0.0,932082,hydraulic canal,,,,,,,,,"Following the collapse of the Schoellkopf Power Generating Station in 1956, Niagara Falls famous hydraulic canal was filled in.  The canal was filled by the City of Niagara Falls using municipal refuse, demolition debris and other materials.  Industrial wastes are reported to have been disposed of here, although the type and quantity of these wastes are unknown.  To assess the site, monitoring wells were installed in the fill of the canal - one at each end.  The USGS collected water samples from the southern well. Two volatile organic priority pollutants werefound, but at concentrations less than the quantifiable detection limit. The northern well did not have water. A Phase I investigation was completed in 1989.  This report also indicates no significant contamination; no further actions were taken.",,https://appfactory.dec.ny.gov/DERExternalSearch/ERDDetails?CameFromList=false&SiteCode=932082,,Hydraulic Canal,932082,Hydraulic Canal,https://appfactory.dec.ny.gov/DERExternalSearch/ERDDetails?CameFromList=false&SiteCode=932082,HW
932075,,nysdec_all_sites,,,State Superfund (Hazardous Waste),HW,N,NY State Superfund,,,,,,,,,,,,,,9.0,,Ryan Road between Hartland & Hosmer Roads,,Hartland,,,,,43.27760906,-78.56677357,,,,,,,,,unavailable,,,,,,,,,,,,,,,,,,,NONE KNOWN,,,,,,,,,False,,,0.0,932075,hartland town landfill,,,,,,,,,,,,,Hartland Town Landfill,,,https://extapps.dec.ny.gov/data/DecDocs/932075/,HW
932062,,nysdec_all_sites,,,State Superfund (Hazardous Waste),HW,N,NY State Superfund,,,,,,,,,,,,,,9.0,,SHAWNEE ROAD,,WHEATFIELD,,,,,43.07904199,-78.83708869,,20.0,,,,,,,pdf_extraction,"OCR PhaseI_1984: . He does not dispose of chemical wastes on his property.  Various topsoils, contruction rubble and gravel materials (sold as fill) are stored on the 20 acre site. A load of mill scale from Roblin Ste",,,,,,,,,,,,,,,,,,NONE KNOWN,,,,,,,,,False,,,0.0,932062,harvey newman  son,,,,,,,,,,,,,Harvey Newman & Son,,,https://extapps.dec.ny.gov/data/DecDocs/932062/,HW
932067,55.0,nysdec_all_sites,La Salle Expressway,Robert Moses Parkway,State Superfund (Hazardous Waste),HW,N,NY State Superfund,34.0,NYSDEC 932067,Robert Moses Parkway,96,1.0,,NYD000514190,,,,,,State Superfund Program,9.0,Between I-90 and River Road (Buffalo Avenue),Between I-90 and River Road (Buffalo Avenue),Niagara Falls,Niagara Falls,,,,,43.07792613,-78.95257335,,,,,0.0,0 Acres,,,unavailable,,,,,,,NYS Department of Transportation,,,,,NYS Department of Transportation,,,,,,,THERMOSETTING PLASTIC AND TRIMMINGS,,,,,,,,,False,,,0.0,932067,la salle expressway,,,,,,,,,"During construction of the LaSalle Expressway, Spaulding Fibre had vulcanized fibre and fibre sheet, thermosetting plastic and trimmings (about 20,000 tons) that was used as fill material. The material is reported to be non-hazardous. No soil or groundwater sampling has been undertaken, however, as the precise location of the disposal area has never been identified.	Moreover, during the construction of the parkway, 200 to 300 drums of unknown material from a chemical firm were allegedly deposited in trenches, but their exact location is unknown. Large quantities of fill from the Niagara Power Project excavations were deposited along several hundred feet of the Niagara river bed adjacent to the Parkway. The fill is more than 20 ft thick in several locations.The high permeability of the fill suggests some potential for contaminant migration to the Niagara River. Contaminants from the industrial area bordering the northern end of the fill could migrate into the area and to the river. The potential for contaminant migration is indeterminable from theavailable data. The general direction of ground-water flow in the unconsolidatedmaterial is toward the Niagara River.",,https://appfactory.dec.ny.gov/DERExternalSearch/ERDDetails?CameFromList=false&SiteCode=932067,,La Salle Expressway,932067,La Salle Expressway,https://appfactory.dec.ny.gov/DERExternalSearch/ERDDetails?CameFromList=false&SiteCode=932067,HW
932027,51.0,nysdec_all_sites,Witmer Road Site,Witmer Road,State Superfund (Hazardous Waste),HW,03,NY State Superfund,,NYSDEC 932027,,90,1.0,,NYD980509459,,,,,,State Superfund Program,9.0,James Avenue at Witmer Road,James Avenue at Witmer Road,Niagara,Niagara,14305.0,14305,,,43.126390205,-79.033963326,,0.999,0.999,0.999,1.0,1 Acres,4042.028468548576,0.004,polygon_boundary,,Dump,1940,1965,,2026-11-15T00:00:00.000,NATIONAL GRID,,,,,William Kachinoski,,,,,"1,1-dichloroethene, 1,1-dichloroethane, 1,1,2 trichloroethene, benzene, toluene",6.0,,chloropicrin,,,,,,,,False,,,0.0,932027,witmer road site,,,,,,,,,"The Witmer Road site is a 1-acre parcel in the Town of Niagara, Niagara County.  This site is located in an urban area. The site is now a scrapyard and is bordered by scrap yards. The potential for contaminant migration is indeterminable.      From the early 1950s to 1965, the Witmer Road disposal site reportedly was used to dump various types of waste including lime clean-outs from the International Mineral and Chemical Company, wastes from air pollution control equipment owned and operated by Airco Alloys, and slag materials from the Vanadium Corporation. The City of Niagara Falls reportedly operated two refuse burning pits where paper, furniture, and wood debris reportedly were burned. It contains an unknown quantity of incinerator residue. Burning operations ceased in the 1960s because of citizen complaints of odor and smoke. The burn pits were reportedly cleaned out and removed. Subsurface soil samples were collected from the site by the U.S.G.S. in August 1982 and May of 1983. Limited investigations have been completed. Surface soil, subsurface soil, and groundwater samples have been taken. Detections above SCOs of pesticides, metals, VOCs, SVOCs, and PAHs were encountered. Additionally, fill piles containing what is assumed to be lime cleanout waste and pesticides were sampled. Contaminants include: Chloropicrin and corrosive waste. VOCs and metals were detected in groundwater, including Tetrachloroethene contaminants of concern for the site are 1,1-dichloroethene, 1,1-dichloroethane, 1,1,2 trichloroethene, benzene and toluene. Soil investigations revealed elevated metals and VOCs above SCOs including iron, copper, chromium, benzene, petroleum hydrocarbons, and 1-1-1 TCA. Soil samples also had detections of PCBs and PAHs.  Fill piles identified on-site included high detections of chloropicrin, which is a VOC/pesticide that does not have a corresponding SCO. Measured pH in the fill piles was 12.5 in some areas.      Potential exposures will need to be re-evaluated.",,https://appfactory.dec.ny.gov/DERExternalSearch/ERDDetails?CameFromList=false&SiteCode=932027,,Witmer Road Site,932027,Witmer Road Site,https://appfactory.dec.ny.gov/DERExternalSearch/ERDDetails?CameFromList=false&SiteCode=932027,HW
932122,,nysdec_all_sites,,,State Superfund (Hazardous Waste),HW,C,NY State Superfund,,,,,,,,,,,,,,9.0,,701 THIRD STREET,,YOUNGSTOWN,,14174,,,43.244947112,-79.047824798,,2.612,2.612,2.612,,,10569.507571965642,0.0106,polygon_boundary,,,,,,2011-11-07T00:00:00.000,,,,,,Neil C. Riordan,,,,,Ammonia | Arsenic | Asbestos | Copper | Fuel oil | Gasoline | Lead | PAHs | PAHs (polycyclic aromatic hydrocarbons) | PCBs | PCBs (polychlorinated biphenyls) | SVOCs | VOCs,,,,,,,,,,,False,,,0.0,932122,youngstown cold storage,,,,,,,,,,,,,Youngstown Cold Storage,,,https://extapps.dec.ny.gov/data/DecDocs/932122/,HW
932086,57.0,nysdec_all_sites,Rodeway Inn/LaSalle Yacht Club,Rodeway Inn,State Superfund (Hazardous Waste),HW,N,NY State Superfund,,NYSDEC 932086,,237,1.0,,NYD980535132,,,,,,State Superfund Program,9.0,BUFFALO AVENUE,BUFFALO AVENUE,NIAGARA FALLS,NIAGARA FALLS,14304.0,14304,,,43.07378974,-78.98415817,,,,,2.0,2 Acres,,,unavailable,,,,,,,,,,,,Red Jacket Inn (Jack Johnson),,,,,,,,,,,,,,,,False,,,0.0,932086,rodeway innlasalle yacht club,,,,,,,,,"The site was used primarily to dispose of incinerator waste.  Also, an unknown quantity of broken concrete was reported to be disposed of at this site.  The broken concrete came from Olin Chemicals. Investigations reveals no significant contamination. No further action is required.      Authorities concluded that there is little exposure risk since the area is covered with soil and access is limited to hotel employees and guests, and the western portion is fenced off and limited to LaSalle yacht club employees and members. There is a swimming pool in the hotel portion. Surface and ground water appears to flow directly into the Niagara River.      Authorities also concluded that the chemical data are insufficient to evaluate whether ground-water contamination has occurred. Additional data would be needed to evaluate the water quality and the likelihood of contaminant migration.",,https://appfactory.dec.ny.gov/DERExternalSearch/ERDDetails?CameFromList=false&SiteCode=932086,,Rodeway Inn/LaSalle Yacht Club,932086,Rodeway Inn/LaSalle Yacht Club,https://appfactory.dec.ny.gov/DERExternalSearch/ERDDetails?CameFromList=false&SiteCode=932086,HW
932080A,6.0,nysdec_all_sites,Buffalo Avenue: Former Drinking Water Plant,BUFFALO AVENUE: Former Drinking Water Plant (excluding V,State Superfund (Hazardous Waste),HW,N,NY State Superfund,,,,,,,,,,,,,State Superfund Program,9.0,"Between Buffalo Ave. and Niagara R., 55th - 56th St.","Between Buffalo Ave./Niagara R., 55th - 56th St.",Niagara Falls,Niagara Falls,14304.0,14304,,,43.07645458,-78.99586167,,10.02,10.02,10.02,9.0,9 Acres,40550.47518627978,0.0406,polygon_boundary,,,,,,2002-03-04T00:00:00.000,,,,CITY OF NIAGARA FALLS,"CITY BLDG. 745 MAIN STREET NIAGARA FALLS, NY, 14305","Douglas S. Williamson, P.E.",Deed Restriction,INST,,,"incinerator ash, lead waste, chlorinated benzene compounds ( | S-Area VOCs | ), PAHs, pesticides, heavy metals",8.0,"INCINERATOR ASH, CHARACTERISTIC LEAD WASTE",,,,,,,,,False,,,1.0,932080,buffalo avenue,,,,,,,,,"This nine acre site is located immediately south of Buffalo Avenue between 55th and 56th Streets. The Robert Moses Parkway is located to the south between the site and the Niagara River. The site contains facilities for the treatment of residuals from the Niagara Falls Wastewater Treatment Plant, which is located immediately east of the site. This site is a former wetland area that was filled to reclaim land to facilitate construction for the city and chemical plants. (Filling activities have extended the shoreline of the Niagara River up to 1000 feet south relative to its original location). The shoreline extension is attributed to three different filling operations: 1) disposal of refuse, incinerator residue and non-combustibles by the City of Niagara Falls from the 1930s to the 1950s; 2) disposal of dredged material from the construction of the Niagara River Ice Canal by the New York Power Authority (NYPA); and 3) disposal of rock from the Niagara Power Project conduit excavations by NYPA from 1958 to 1963.   The Contaminants of Concern include incinerator ash, lead waste, and organic chemical contamination from the neighboring S-Area landfill owned by Occidental. Numerous investigations were completed at this site between 1982 and 1996. Studies indicate that site soils and groundwater are contaminated with both organic and inorganic compounds, including chlorinated benzene compounds (S-Area VOCs), numerous PAHs and pesticides, and heavy metals. Soil cleanup guidance and groundwater standards were exceeded for numerous contaminants. It has been determined, however, that these contaminants are not present in consequential amounts or are being addressed by measures already in place and that the site does not present a significant threat to the environment.    S-Area VOCs in groundwater were found to be present exclusively in the southern half of the site. This contaminated overburden groundwater is being captured by the S-Area overburden drain collection system installed by Occidental as part of the S-Area remediation program (see Site No. 932019A). Remaining contamination in the soil is being managed under a Site Management Plan.",,,,Buffalo Avenue,932080A,Buffalo Avenue: Former Drinking Water Plant,https://extapps.dec.ny.gov/data/DecDocs/932080A/,HW
932074,,nysdec_all_sites,,,State Superfund (Hazardous Waste),HW,N,NY State Superfund,,,,,,,,,,,,,,9.0,,BALMER ROAD,,PORTER,,,,,43.23143389,-78.99653123,,10.0,,,,,,,pdf_extraction,"OCR PSA_1992: help stabilize the muddy junkyard roads. At least 10 tons of cinders and approximately 5,400 cubic yards of hard fill materials were deposited on the 10-acre site (Ref. 2, 4). In general, the hard fil",,,,,1992-09-01T00:00:00.000,,,,,,Charles Boos,,,,,Anthracene | Cadmium | Chromium | Chrysene | Copper | Lead | Mercury | Nickel | Pyrene | VOCs,,,,,,,,,,,False,,,0.0,932074,j t salvage,,,,,,,,,,,,,J.& T. Salvage,,,https://extapps.dec.ny.gov/data/DecDocs/932074/,HW
932094,,nysdec_all_sites,,,State Superfund (Hazardous Waste),HW,N,NY State Superfund,,,,,,,,,,,,,,9.0,,"South of Lockport Road, East of Cayuga Creek",,Wheatfield,,14304,,,43.12075643,-78.92207502,,0.34,,,,,,,pdf_extraction,"OCR Phase2_1992: ld sloping less than 1% southwest toward Cayuga Creek, dumping occurred in a lowland area adjacent to Cayuga Creek approximately 50 feet by 300 feet (0.34 acre) to a depth of 6 to 8 feet. Waste was de",,,,,1992-02-01T00:00:00.000,,,,,,NF Church of God,,,,,Arsenic | Chromium | Copper | Lead | Nickel | Zinc,,,,,,,,,,,False,,,0.0,932094,lockport road  struzik property,,,,,,,,,,,,,Lockport Road - Struzik Property,,,https://extapps.dec.ny.gov/data/DecDocs/932094/,HW
932115,,nysdec_all_sites,,,State Superfund (Hazardous Waste),HW,N,NY State Superfund,,,,,,,,,,,,,,9.0,,Witmer Road,,Niagara Falls,,14300-,,,43.1224012,-79.032447111,,8.0,,,,,,,pdf_extraction,"OCR IIWA_2001: ra, Niagara County Page 4  Section 1 - Introduction and Site History  The Niagara Mohawk Right of Way (ROW) Site is a parcel of land of approximately 8 acres located on a Niagara Mohawk power transmis",,,,,,,,,,,LISA MONTESSANO,,,,,Anthracene | Arsenic | Barium | Benzene | Benzo(a)anthracene | Benzo(a)pyrene | Cadmium | Chromium | Ethylbenzene | Fuel oil | Lead | Mercury | PAHs | Phenol | Pyrene | SVOCs | Tetrachloroethene (PCE) | Toluene | Trichloroethene (TCE) | VOCs | Vanadium | Vinyl chloride | Xylenes,,,,,,,,,,,False,,,0.0,932115,niagara mohawk right of way,,,,,,,,,,,,,Niagara Mohawk Right of Way,,,https://extapps.dec.ny.gov/data/DecDocs/932115/,HW
932147,,nysdec_all_sites,,,State Superfund (Hazardous Waste),HW,P,NY State Superfund,,,,,,,,,,,,,,9.0,,Niagara Falls State Park (Prospect Park),,Niagara Falls,,14303,,,43.088691577,-79.066273224,,0.21,0.21,0.21,,,851.3155039105773,0.0009,polygon_boundary,,,,,,2025-09-26T00:00:00.000,,,,,,MARK W. THOMAS,,,,,,,,coal tar,,,,,,,,False,,,0.0,932147,niagara falls former mgp,,,,,,,,,,,,,Niagara Falls Former MGP,,,https://extapps.dec.ny.gov/data/DecDocs/932147/,HW
932034,30.0,nysdec_all_sites,"Stauffer Chemical, Whittaker Subdivision","Stauffer Chemical, North Love Canal, Whittaker Subdivision",State Superfund (Hazardous Waste),HW,N,NY State Superfund,,NYSDEC 932034,,62,1.0,,NYD980535298,,,,,,State Superfund Program,9.0,1169 Upper Mountain Road,1169 Upper Mountain Road,Lewiston,Lewiston,14092.0,14092,,,43.168130556,-78.997688889,,22.91,,,0.5,0.5 Acres,,,official_nysdec,"22.91 acres per NYSDEC Environmental Easement document for Stauffer Chemical site (1169 Upper Mountain Road / Whittaker Subdivision, Lewiston). Note: the broader Stauffer plant at 5715 Lewiston Road was ~200 acres total; the 22.91 acres is the Environmental Easement-restricted portion (the Whittaker Subdivision). SOURCE: NYSDEC Environmental Easement doc extapps.dec.ny.gov/docs/remediation_hudson_pdf/e932053stauffer.pdf",,,,,1992-12-01T00:00:00.000,,,,,,Victoria and Raymond McKay,,,,,Asbestos | Cyanide | Manganese | Nitrates | PCBs | Phenol | Sulfates,,,,,,,,,,,False,,,0.0,932034,stauffer chemical whittaker subdivision,,,,,,,,,"The Stauffer Chemical, Whittaker Subdivision Site is located the Town of Lewiston, New York. The site is approximately 1.92 miles northeast of the intersection of Upper Mountain Road and Military Road on the north side of Upper Mountain Road.  The site is also adjacent to the Tuscarora Indian Reservation to the East.This site is referred to as Love Canal North because the trench itself dates back to William T. Love and his excavations in the early 1890s. His efforts to build a power canal resulted in to large excavations, one on the upper Niagara River, which became the infamous Love Canal and 102nd street Sites, and the other at this location. The canal was never joined in the middle.The excavation was approximately 100 feet wide, 2,000 feet long, and 10 feet deep, and trended north-south from the edge of the Niagara Escarpment (which trends east-west in this area) to Upper Mountain Road. It began in the area where Upper Mountain Road currently exists and extended three blocks (1800 feet) north past Escarpment Drive to the edge of the Niagara escarpment. From 1930 to 1952, an estimated 50,000 to 75,000 cubic yards of asbestos, concrete cell parts, reactor linings, scrap sulfur, graphite, scrap metal, slag, phosphates, fluoride containing flux, silicon, zirconium and titanium oxides, flux containing fluorides, cinders, and phenols, reportedly were disposed of in the canal. The canal was covered and residential homes were built on top of the canal.These wastes were largely generated by Niagara Smelting, a subsidiary of Stauffer Chemical Company. There are resident reports that Union Carbide allegedly disposed of material in the canal. Local residents reported seeing Union Carbide trucks dumping brown sludge into the canal, and one resident reported that wastes splattered from a Union Carbide truck and damaged the paint on his car. The canal is visible in aerial photographs dated 1951. Waste disposal was reportedly discontinued in 1952, and the canal was then filled with cinders and slag, as well as white and yellow material (USEPA, 1979). One to 2 feet of fill possibly cover the canal, and many driveways and street beds allegedly are underlain by slag (E&EE, 1989).U.S.E.P.A. directed an investigation of the site in May and June of 1979.  A Phase I Investigation was completed in 1989.  Limited data is available on groundwater quality.  The direction of groundwater flow is uncertain but presumed to be north towards the escarpment.  Sulfate, chloride, nitrates, cyanide, fluoride and phenol were found in groundwater in the old canal areas. A Preliminary Site Assessment (PSA) was also completed in December 1992. With the exception of a sample collected at 1169 Upper Mountain Road, authorities concluded that the results did not meet the definition of hazardous waste. The Upper Mountain Road sample contained PCBs at a concentration of 26 ppm and mercury at a concentration of 132 ppm. Generally, groundwater standards have been exceeded for trichloroethylene, antimony, chromium and lead.  Surface water standards were exceeded for phenol, 4-methyl- phenol, zinc, cyanide, arsenic, lead and mercury.  Based upon the results of the PSA investigation, the original site boundaries were modified to include only 1169 Upper Mountain Rd. The site was delisted from the Registry in 1995.The presence of brown-stained sediment in on-site drainage ditches,and similar material in basement sumps overlying the canal,suggests leachate is being generated and migrating from the canal.Analysis of the basement sumps indicated the presence of PCBs, butat levels below what is considered hazardousAlthough at the time of the investigation at least ten homes in this residential development were built on top of the former canal area, authorities assumed at least one foot of clean fill covers the wastes. The residents were supposedly advised on how to minimize their exposure to subsurface contaminants.Residents at this site use municipal water. The Tuscarora Indian Reservation residents, however, largely rely on private wells and springs as their sole source of drinking water. There is no groundwater data for this site or from wells on the reservation to evaluate the potential significance of this route of exposure.",,,,"Stauffer Chemical, Whittaker Subdivision",932034,"Stauffer Chemical, Whittaker Subdivision",https://extapps.dec.ny.gov/data/DecDocs/932034/,HW
932091,40.0,nysdec_all_sites,Power Authority Road Site,Power Authority Road Site,State Superfund (Hazardous Waste),HW,N,NY State Superfund,,NYSDEC 952091,,79,1.0,,NYD980535256,,,,,,,9.0,North of Hooker's Hyde Park Landfill,North of Hooker's Hyde Park Landfill,Niagara Falls,Niagara Falls,14305.0,14305,,,43.13312874,-79.033595571,,,,,25.9,25.9,,,unavailable,,,,,,,,,,,,,,,,,,,NONE KNOWN,,,,,,,,,False,,,1.0,932091,power authority road site,,,,,,,,,"General information and chemical-migration potential.--The Power Authority Road Site, north of the Power Authority storage reservoir in the town of Lewiston, was a landfill for mostly general municipal refuse. No geologic, hydrologic, or chemical information is available; thus, the potential for contaminant migration is indeterminable.",,https://appfactory.dec.ny.gov/DERExternalSearch/ERDDetails?SiteName=Power%20Authority&County=All%20Counties&City=&Position=0&CameFromList=true&EngineeringControls=All&InstitutionalControls=All&Region=All%20Regions&ControlType3=All&Street=&Program=All%20Programs&SiteClass=All%20Classes&SiteCode=932091%20%20,,Power Authority Road Site,932091,Power Authority Road Site,https://extapps.dec.ny.gov/data/DecDocs/932026/Report.HW.932026.1988-04-29.PHASE_II.pdf,HW
932085,48.0,nysdec_all_sites,64th Street,64th Street,State Superfund (Hazardous Waste),HW,N,NY State Superfund,,NYSDEC 932085,,88,1.0,,NYD980507206,,,,,,State Superfund Program,9.0,North and South of Pine Avenue at 64th Street,North and South of Pine Avenue at 64th Street,Niagara Falls,Niagara Falls,14301.0,14301,,,43.08691315,-78.99018029,,30.0,,,30.0,30 Acres,,,narrative_text,"Narrative states: ""20 acres north of Pine Ave + 10 acres south of Pine Ave"" = 30 total",,,,,,,,,,,,,,,,,,NONE KNOWN,,,,,,,,,False,,,1.0,932085,64th street,,,,,,,,,"The site includes an area of 20 acres on the north of Pine Ave., and 10 acres on the south of Pine Ave.  This land was originally farmland before being used as a landfill. The City of Niagara Falls operated a municipal landfill on this site during the 1940's and 1950's and possibly the early 1960's. Domestic and commercial refuse are suspected to be the principal wastes, although the disposal of industrial wastes is a possibility. In 1985, EPA conducted a boring/sampling program at the south site. Results confirmed polyaromatic hydrocarbons and phthalates up to 61,000 ppb.  Pesticides were also found up to 330 ppb.  Further investigations of these properties were conducted under Site #s 932085A & B. No further action is required at this time.Site Environmental AssessmentRefer to Site #s 932085A & B for related environmental assessment information.The potential for contaminant migration at this site is indeterminable.",,https://appfactory.dec.ny.gov/DERExternalSearch/ERDDetails?CameFromList=false&SiteCode=932085,,64th Street,932085,64th Street,https://appfactory.dec.ny.gov/DERExternalSearch/ERDDetails?CameFromList=false&SiteCode=932085,HW
932091A,,nysdec_all_sites,Power Authority Road Site,,State Superfund (Hazardous Waste),HW,N,NY State Superfund,,,,,,,,,,,,,,9.0,North of Hooker's Hyde Park Landfill,North of Hooker's Hyde Park Landfill/,,Niagara Falls,,14305,,,43.1326603,-79.03082038,,,,,,,,,unavailable,,,,,,,,,,,,JOHN BLAKE,,,,,,,NONE KNOWN,,,,,,,,,False,,,1.0,932091,power authority road site,,,,,,,,,,,,,Power Authority Road Site,,,https://extapps.dec.ny.gov/data/DecDocs/932091A/,HW
932002,12.0,nysdec_all_sites,Airco Speer Carbon-Graphite,Airco Speer Carbon-Graphite,State Superfund (Hazardous Waste),HW,03,NY State Superfund,,NYSDEC 932002,,2,1.0,,NYD980201263,,,,,,State Superfund Program,9.0,Packard Road at 47th Street,Packard Road at 47th Street,Niagara Falls,Niagara Falls,14304.0,14304,,,43.095202778,-79.00395,,52.782,52.782,52.782,29.0,29 Acres,213599.35225291003,0.2136,polygon_boundary,,Dump,1930,1954,,2026-05-22T00:00:00.000,,,INTERNATIONAL GRAPHITE AND ELEC./AIR,Airco Speer Carbon Graphite,,Todd Levin,,,,,"PCBs, PAHs, Arcoclor 1248, Acetone",4.0,PCB,,,,,,,,,False,,,0.0,932002,airco speer carbongraphite,,,,,,,,,"The Airco Speer Carbon-Graphite site is located at Packard Road and 47th Street in the City of Niagara Falls, Niagara County on three parcels of property totaling 62 acres.The site consists of a former electrode-manufacturing plant, including a 29-acre disposal area near the center of the property where placement of industrial fill likely occurred. The principal product manufactured at the site was graphite electrodes that were used in electric arc furnaces to manufacture steel and chemicals. Electrodes were manufactured at the site since 1930, when the Speer Carbon Company and Exelon Company each acquired an equal interest in the site from the International Graphite and Electrode Company.  The Speer Carbon Company obtained full ownership of the site in 1932.  The Speer Carbon Company was purchased by the Airco Carbon Company in 1961, and became a division of Airco in 1962, which was later purchased by other conglomerates.Most of the buildings associated with the former manufacturing plant have been demolished. The vast majority of the site is covered with pavement or remains of building foundations. Niagara Metals currently occupies the site.Approximately 20 acres of the site is underlain by a landfill that was used in the past to dispose of manufacturing wastes generated on-site. The fill consists of carbonaceous furnace insulation, asbestos materials, spent refractories and non-repairable equipment. After landfilling, in 1954, various manufacturing operations were built. An on-site electric network of transformers and capacitors was also erected to manage the distribution of electricity to the electrical furnaces.The main contaminants of concern are PCBs and PAHs. Certain testing revealed low levels of twelve volatile organics, 22 semi-volatiles, and 16 pesticides. Subsurface soil samples revealed Aroclor 1248 at a concentration of 59 milligram per kilogram (mg/kg).  Acetone was detected in 6 of the subsurface samples at concentrations ranging from 0.023 mg/kg to 0.13 mg/kg. The sump liquid samples were collected from the interior sumps located on-site.  One sump sample was found to have lead concentrations of 18,900 microgram per liter (g/l).  The source of the lead was not determined.Goundwater samples were not collected at the site. The data gathered during the PSA investigation in 1993 did not establish a significant threat to the environment.",,,,Airco Speer Carbon-Graphite,932002,Airco Speer Carbon-Graphite,https://extapps.dec.ny.gov/data/DecDocs/932002/,HW
932065,,nysdec_all_sites,,,State Superfund (Hazardous Waste),HW,N,NY State Superfund,,,,,,,,,,,,,,9.0,,5300 MILITARY ROAD,,LEWISTON,,,,,43.15424587,-79.03212274,,,,,,,,,unavailable,,,,,,,,,,,,,,,,,,,BROKEN CONCRETE RUBBLE FROM OLIN CHEMICAL,,,,,,,,,False,,,0.0,932065,mt st marys hospital,,,,,,,,,,,,,Mt. St. Mary's Hospital,,,https://extapps.dec.ny.gov/data/DecDocs/932065/,HW
932051A,,nysdec_all_sites,,,State Superfund (Hazardous Waste),HW,N,RCRA Corrective Action,,,,,,,,,,,,,,9.0,,Buffalo Avenue,,Niagara Falls,,14302,,,43.08357637,-79.029968085,,2.08,2.08,2.08,,,8419.152739065421,0.0084,polygon_boundary,,,,,,1994-11-01T00:00:00.000,,,,,,OLIN CHLOR ALKALI PRODUCTS,Deed Restriction,INST,,,,,MERCURY CELL BRINE SLUDGES,mercury,,,,,,,,False,,,1.0,932051,olin corporation parking lot,,,,,,,,,,,,,Olin Corporation Parking Lot,,,https://extapps.dec.ny.gov/data/DecDocs/932051A/,HW
932077,,nysdec_all_sites,,,State Superfund (Hazardous Waste),HW,N,NY State Superfund,,,,,,,,,,,,,,9.0,,Off Canal Road,,Lockport,,,,,43.19210607,-78.63101547,,,,,,,,,unavailable,,,,,,,,,,,,TOWN OF LOCKPORT,,,,,,,,,,,,,,,,False,,,0.0,932077,lockport town landfill,,,,,,,,,,,,,Lockport Town Landfill,,,https://extapps.dec.ny.gov/data/DecDocs/932077/,HW
932114,,nysdec_all_sites,,,State Superfund (Hazardous Waste),HW,N,NY State Superfund,,,,,,,,,,,,,,9.0,,6759 Ward Road,,North Tonawanda,,14120-,,,43.09736909,-78.889632746,,,,,,,,,unavailable,,,,,,1998-04-01T00:00:00.000,,,,,,,,,,,Acetone | Barium | Beryllium | Cadmium | Chlordane | Chloroform | Chromium | Copper | Lead | Manganese | Mercury | Nickel | PAHs | PCBs | Selenium | Xylenes | Zinc,,,,,,,,,,,False,,,0.0,932114,ward road,,,,,,,,,,,,,Ward Road,,,https://extapps.dec.ny.gov/data/DecDocs/932114/,HW
932087,,nysdec_all_sites,,,State Superfund (Hazardous Waste),HW,N,NY State Superfund,,,,,,,,,,,,,,9.0,,66th Street,,Niagara Falls,,,,,43.0824701,-78.98978944,,,,,,,,,unavailable,,,,,,,,,,,,UNKNOWN,,,,,,,FLY ASH,fly ash,,,,,,,,False,,,0.0,932087,st marys and bishop duffy school,,,,,,,,,,,,,St. Mary's and Bishop Duffy School,,,https://extapps.dec.ny.gov/data/DecDocs/932087/,HW
932093,56.0,nysdec_all_sites,Silbergeld Junk Yard,Silbergeld Junk Yard,State Superfund (Hazardous Waste),HW,N,NY State Superfund,,NYSDEC 932093,,100,1.0,,NYD000514455,,,,,,State Superfund Program,9.0,South end of 14th Street,South end of 14th Street,Niagara Falls,Niagara Falls,14303.0,14303,,,43.08521167,-79.04178098,,,,,2.0,2,,,unavailable,,,,,,1991-10-01T00:00:00.000,,,,Hyman Silbergeld Scrap Iron & Metal,,HYMAN SILBERGELD SCRAP IRON & METAL,,,,,,,,,,,,,,,,False,,,0.0,932093,silbergeld junk yard,,,,,,,,,"The Hyman Silbergeld Scrap Iron and Metal Company used the site to dispose of steel and nickel drums, unusable equipment, wire, pipe and other waste material from Hooker Chemicals, Oldbury Electrochemical, and Olin Matheson during the period from the mid-1930's to the mid-1950's.  Hooker and Olin have stated that no chemicals were disposed at this site. Later investigations revealed slightly elevated levels of Polynuclear Aromatic Hydrocarbons (PAHs). High metal concentrations were confirmed by the Phase II investigation. Recently, the site has been used for storage of soil by a private citizen. The person who placed soil at the site has also removed soil and taken it to unknown destinations. Therefore, it is unknown what levels of contamination have been left at the surface and whether contaminated material has been moved.",,https://appfactory.dec.ny.gov/DERExternalSearch/ERDDetails?CameFromList=false&SiteCode=932093,,Silbergeld Junk Yard,932093,Silbergeld Junk Yard,https://appfactory.dec.ny.gov/DERExternalSearch/ERDDetails?CameFromList=false&SiteCode=932093,HW
932008,44.0,nysdec_all_sites,Cayuga Island,Cayuga Island,State Superfund (Hazardous Waste),HW,N,NY State Superfund,,NYSDEC 932008,,84,1.0,,NYD980507925,,,,,,State Superfund Program,9.0,WEST RIVERSHORE DRIVE,WEST RIVERSHORE DRIVE,NIAGARA FALLS,NIAGARA FALLS,14304.0,14304,,,43.07107334,-78.98042846,,,,,10.0,10 Acres,,,unavailable,,,,,,1993-04-01T00:00:00.000,,,,,,,,,,,,,,,,,,,,,,False,,,0.0,932008,cayuga island,,,,,,,,,"Cayuga Island is in the Niagara River at the outlet of Cayuga Creek in the city of Niagara Falls. The site itself is approximately 5-acres and located in the Niagara River in the southeastern portion of the city of Niagara Falls. The site originally consisted of two areas, the western tip of the island and portions of the southern shoreline, however, after initial investigations only the western tip was identified as the site. The site is bounded by the Niagara River to the north, south, and west; with the remaining portion of the island to the east. The site is located approximately 0.65-miles west of the intersection of West Rivershore Drive and South 86th Street.The site is relatively flat and approximately 6 to 8-feet above the level of the Niagara River. There are several residential dwellings with grass covered lawns and residential hardscape features with West Rivershore Drive splitting the tip of the island from east to west.Prior to 1930, the western end of Cayuga Island was extended west by approximately 250-yards into the Niagara River by the placement of fill and industrial materials. From 1958 to 1962, the western end was then widened by the placement of fill and industrial material reportedly sourced from Carborundum, Union Carbide, Hooker Chemical Corporation, Olin, and Pittsburgh Metallurgical.There is brown silty topsoil overlying fill material comprised of varying materials, including brick, ash, cinders, glass, concrete, and slag.Preliminary site assessments were done in 1992 and 1993. Subsurface soil samples collected from portions of the southern shoreline showed slightly elevated levels of polycyclic aromatic hydrocarbons (PAHs) and metals. Subsurface soil samples collected from the western portion of Cayuga Island showed elevated levels of PAHs, pesticides, polychlorinated biphenyls (PCBs), and metals at a few isolated locations. Sampling also showed elevated levels of PCBs, mercury, and lead. In 1993, the New York Department of Health (NYSDOH) collected surface and subsurface soil samples that confirmed the presence of elevated levels of pesticides and mercury in surface and subsurface soil. Nonetheless, the site was delisted from the Registry of Inactive Hazardous Waste Sites in 1995.Soil is contaminated with mercury, lead, BHCs and other organic chemicals.  Most of the  contamination is in subsurface soil.  The residents whose yards have subsurface soil contamination have been advised not to disturb the contaminated soil by digging or excavating.  However, in a few instances, contaminants were found in surface soil and garden soil at concentrations which might pose a concern if the residents were repeatedly exposed to them.  In these instances, the residents were advised on how they might minimize their exposures to surface or garden soils.Additional monitoring would be needed to confirm the extent and rate of contaminant migration; therefore, the potential for contaminant migration is indeterminable.Additional information about this site is forthcoming.",,https://appfactory.dec.ny.gov/DERExternalSearch/ERDDetails?SiteName=&County=All%20Counties&City=Niagara%20Falls&Position=30&CameFromList=true&EngineeringControls=All&InstitutionalControls=All&Region=All%20Regions&ControlType3=All&Street=&Program=All%20Programs&SiteClass=All%20Classes&SiteCode=932008%20%20,https://appfactory.dec.ny.gov/DERExternalSearch/ERDDetails?CameFromList=false&SiteCode=932008,Cayuga Island,932008,Cayuga Island,https://appfactory.dec.ny.gov/DERExternalSearch/ERDDetails?SiteName=&County=All%20Counties&City=Niagara%20Falls&Position=30&CameFromList=true&EngineeringControls=All&InstitutionalControls=All&Region=All%20Regions&ControlType3=All&Street=&Program=All%20Programs&SiteClass=All%20Classes&SiteCode=932008%20%20,HW
932091B,,nysdec_all_sites,,,State Superfund (Hazardous Waste),HW,N,NY State Superfund,,,,,,,,,,,,,,9.0,,Upper Mountain Road,,Lewiston,,14092,,,43.16167121,-79.00170014,,,,,,,,,unavailable,,,,,,,,,,,,,,,,,,,ASBESTOS WASTE,,,,,,,,,False,,,1.0,932091,pasny upper mountain rd site,,,,,,,,,,,,,PASNY Upper Mountain Rd. site,,,https://extapps.dec.ny.gov/data/DecDocs/932091B/,HW
932072,,nysdec_all_sites,,,State Superfund (Hazardous Waste),HW,N,NY State Superfund,,,,,,,,,,,,,,9.0,,198 & 300 Mill Street,,Lockport,,14094,,,43.181347222,-78.689327778,,6.0,,,,,,,pdf_extraction,"OCR SI_2000: e Plant Site is located at 198 and 300 Mill Street in the City of Lockport, Niagara County, New York. The total area of the property is approximately 6 acres. The Site is bordered by Eighteenmile Cree",,,,,,,,,,,NIAGARA COUNTY TREASURER,Deed Restriction,INST,,,,,,lead,,,,,,,,False,,,0.0,932072,flintkote,,,,,,,,,,,,,Flintkote,,,https://extapps.dec.ny.gov/data/DecDocs/932072/,HW
932048A,16.0,nysdec_all_sites,Carborundum-South of Building 89,"Carborundum, Bldg. 89",State Superfund (Hazardous Waste),HW,C,NY State Superfund,,NYSDEC 932048-a,,7,1.0,,NYD980507867,,,,,,State Superfund Program,9.0,1801 Buffalo Avenue,Buffalo Avenue,Niagara Falls,Niagara Falls,14302.0,14302,,,43.078777778,-79.038966667,,1.073,1.073,1.073,1.0,1 Acres,4341.096444213141,0.0043,polygon_boundary,,Dump,1972,1978,,1982-01-01T00:00:00.000,Carborundum,PO BOX 1054,CARBORUNDUM,,,Carborundum,,,,,"iron compounds, nitrate compounds",2.0,COOLANT CONTAINING CITRIDE,,,,,,,,,False,,,1.0,932048,carborundumsouth of building 89,,,,,,,,,"The Carborundum south site is located in an industrial and residential area between Buffalo Ave., and Robert Moses Parkway in Niagara Falls, Niagara County. The Carborundum Building 89 Site is less than 1 acre area located on a 40 acre parcel of landFrom 1901 to 1978, the Carborundum Company owned the property. The site consists of an area where approximately 5200 gallons per year of a coolant were dumped on the ground south of Bldg. 89 and 330' north of the Niagara River.Sampling in 1980 showed iron and nitrite compounds consistent with use of the property.Remedial work was completed.",,,,Carborundum-South of Building 89,932048A,Carborundum-South of Building 89,https://extapps.dec.ny.gov/data/DecDocs/932048A/,HW
932056D,54.0,nysdec_all_sites,Old Creek Bed,"Old Creek Bed, Dibacco",State Superfund (Hazardous Waste),HW,N,NY State Superfund,,NYSDEC 932056-a,,95,1.0,,NYD980508105,,,,,,State Superfund Program,9.0,6421 Packard Road,6421 Packard Road,Niagara Falls,Niagara Falls,14302.0,14302,,,43.10524555,-78.98933465,,,,,0.0,0 Acres,,,unavailable,,,,,,1992-01-01T00:00:00.000,NEWBANY CORPORATION,,,,,JACK SEWAR (UPS-NF),,,,,,,,,,,,,,,,False,,,1.0,932056,dibacco site no 2 ups site,,,,,,,,,"This site is located in a residential area at Porter Road and Tuscarora Road, Niagara, Niagara County. Cayuga Creek used to flow here; the creek is nearby. There are apparent raised fill areas behind two addresses on Packard Road.      The site has been used for disposal of fill with rocks, broken concrete, and some inert wastes from a Carborundum Warehouse that burned in 1977. Also, Hooker Chemical indicated that some hexachlorocyclopentadiene (C-56) catalyst may have been disposed here. Water samples from adjacent Cayuga Creek indicated trace quantities of copper, lead, and organic compounds. A subsequent investigation concluded that C-56 existed in a small area (5 sq/ft) of the site at low levels. No further action was taken.      Waste material, predominately flyash and construction and demolition material, are exposed or appear only covered with decayed vegetative matter.",,,,Dibacco Site No. 2 (UPS Site),932056D,Old Creek Bed,https://extapps.dec.ny.gov/data/DecDocs/932056D/,HW
932118,,nysdec_all_sites,,,State Superfund (Hazardous Waste),HW,N,NY State Superfund,,,,,,,,,,,,,,9.0,,4287 Witmer Road,,Niagara Falls,,14305,,,43.129615,-79.011561,,4.165,4.165,4.165,,,16856.726432334577,0.0169,polygon_boundary,,,,,,2008-06-18T00:00:00.000,,,,,,JIM HANEY,,,,,"1,2-Dichlorobenzene | Aldrin | Antimony | Arsenic | Barium | Benzene | Beryllium | Chlorobenzene | Chlorophenols | Chromium | Cobalt | Copper | Cyanide | Dioxins | Ethylbenzene | Furans | Gasoline | Lead | Lindane | Manganese | Mercury | Nickel | PCBs | Pentachlorophenol (PCP) | Phenol | Pyrene | Selenium | Toluene | Trichloroethene (TCE) | Xylenes | Zinc",,,,,,,,,,,False,,,0.0,932118,witmer road drive in,,,,,,,,,,,https://extapps.dec.ny.gov/data/DecDocs/932118/,,Witmer Road Drive In,,,https://extapps.dec.ny.gov/data/DecDocs/932118/,HW
932141,,nysdec_all_sites,,,State Superfund (Hazardous Waste),HW,N,NY State Superfund,,,,,,,,,,,,,,9.0,,210 Walnut Street,,Lockport,,14094,,,43.169263889,-78.687330556,,6.025,6.025,6.025,,,24380.410827573203,0.0244,polygon_boundary,,,,,,2010-09-30T00:00:00.000,,,,,,KEVIN VAN DUSEN,,,,,Acetone | Asbestos | Copper | Diesel fuel | Fuel oil | Gasoline | Mercury | Methanol | PCBs | SVOCs | VOCs,,,,,,,,,,,False,,,0.0,932141,commerce square,,,,,,,,,,,,,Commerce Square,,,https://extapps.dec.ny.gov/data/DecDocs/932141/,HW
932089,,nysdec_all_sites,,,State Superfund (Hazardous Waste),HW,N,NY State Superfund,,,,,,,,,,,,,,9.0,,Lockport Road,,Niagara,,14304,,,43.11974308,-79.00858626,,,,,,,,,unavailable,,,,,,,,,,,,Town of Niagara,,,,,,,UNKNOWN,,,,,,,,,False,,,0.0,932089,niagara town landfill,,,,,,,,,,,,,Niagara Town Landfill,,,https://extapps.dec.ny.gov/data/DecDocs/932089/,HW
932084A,,nysdec_all_sites,,,State Superfund (Hazardous Waste),HW,N,NY State Superfund,,,,,,,,,,,,,,9.0,,97th Street,,Niagara Falls,,14202,,,43.085272222,-78.951086111,,,,,,,,,unavailable,,,,,,1990-12-01T00:00:00.000,,,,,,LCARA - Executive Director,,,,,"1,2-Dichlorobenzene | 1,4-Dichlorobenzene | Chlorobenzene | Chromium | Cobalt | Cyanide | Furans | Lead | Manganese | Mercury | Methanol | PAHs | PCBs | Pyrene | Tetrachloroethene (PCE) | Trichloroethene (TCE) | VOCs | Vinyl chloride | Xylenes | Zinc",,,,,,,,,,,False,,,1.0,932084,97th st methodist church,,,,,,,,,,,,,97th St. Methodist Church,,,https://extapps.dec.ny.gov/data/DecDocs/932084A/,HW
932064,,nysdec_all_sites,,,State Superfund (Hazardous Waste),HW,A,NY State Superfund,,,,,,,,,,,,,,9.0,,Old Shawnee Road,,Cambria,,14132,,,43.13947936,-78.83047701,,44.506,44.506,44.506,,,180109.49459702315,0.1801,polygon_boundary,,,,,,2027-06-01T00:00:00.000,,,,,,,,,,,,,DOMESTIC REFUSE,,,,,,,,,False,,,0.0,932064,lockport air force station,,,,,,,,,,,,,Lockport Air Force Station,,,https://extapps.dec.ny.gov/data/DecDocs/932064/,HW
932057,,nysdec_all_sites,,,State Superfund (Hazardous Waste),HW,N,NY State Superfund,,,,,,,,,,,,,,9.0,,932057 Robert Moses Parkway,,Niagara Falls,,,,,43.078639538,-79.02151078,,,,,,,,,unavailable,,,,,,1991-09-01T00:00:00.000,,,,,,NYSDOT,,,,,SVOCs | VOCs,,,,,,,,,,,False,,,0.0,932057,robert moses parkway,,,,,,,,,,,,,Robert Moses Parkway,,,https://extapps.dec.ny.gov/data/DecDocs/932057/,HW
932151,,nysdec_all_sites,,,State Superfund (Hazardous Waste),HW,N,NY State Superfund,,,,,,,,,,,,,,9.0,,Cleveland Avenue,,Niagara Falls,,14305-2637,,,43.106802778,-79.052680556,,,,,,,,,unavailable,,,,,,,,,,,,,,,,,,,,,,,,,,,,False,,,0.0,932151,915 cleveland avenue offsite bedrock gw plume,,,,,,,,,,,,,915 Cleveland Avenue Off-Site Bedrock GW Plume,,,https://extapps.dec.ny.gov/data/DecDocs/932151/,HW
932120,,nysdec_all_sites,,,State Superfund (Hazardous Waste),HW,N,NY State Superfund,,,,,,,,,,,,,,9.0,,Whirlpool Street,,Niagara Falls,,14302-,,,43.109039855,-79.057374066,,,,,,,,,unavailable,,,,,,,,,,,,NIAGARA FALLS BRIDGE COMMISSION,,,,,,,,,,,,,,,,False,,,0.0,932120,whirlpoolrapids bridge,,,,,,,,,,,,,Whirlpool-Rapids Bridge,,,https://extapps.dec.ny.gov/data/DecDocs/932120/,HW
932055,,nysdec_all_sites,,,State Superfund (Hazardous Waste),HW,03,NY State Superfund,,,,,,,,,,,,,,9.0,,East of Olin's 102nd Street Site,,Wheatfield,,14240,,,43.070993599,-78.944676824,,2.693,2.693,2.693,,,10897.532230955005,0.0109,polygon_boundary,,,,,,2023-09-13T00:00:00.000,,,,,,Robert G. Winkler,,,,,"1,4-Dichlorobenzene | 2,4,6-Trichlorophenol | Arsenic | Chlorobenzene | Chlorophenols | Chromium | Hexachlorobenzene | Lead | Mercury | PCBs | Phenanthrene | Phenol | Pyrene",,,,,,,,,,,False,,,0.0,932055,niagara river site belden site,,,,,,,,,,,,,Niagara River Site (Belden Site),,,https://extapps.dec.ny.gov/data/DecDocs/932055/,HW
932042,86.0,nysdec_all_sites,Niagara Recycling,Niagara Recycling,State Superfund (Hazardous Waste),HW,04,NY State Superfund,39.0,,,,,,NYD071467633,,,,,04,State Superfund Program,9.0,56th Street,56th Street,Niagara Falls,Niagara Falls,14304.0,14304,,,43.10126017,-78.98836021,,371.668,371.668,371.668,10.0,10 Acres,1504088.2091415687,1.5041,polygon_boundary,,Landfill,1972,1984,,1991-06-01T00:00:00.000,ALLIED/BFI WASTE SYSTEMS | ALLIED/BFI WASTE SYSTEMS,P.O. BOX 354 | P.O. BOX 354,ALLIED/BFI WASTE SYSTEMS,ALLIED/BFI WASTE SYSTEMS,P.O. BOX 354,ALLIED/BFI WASTE SYSTEMS,,,,,CHLORINATED HYDROCARBONS,1.0,,,,,,,,,,False,,,0.0,932042,niagara recycling,,,,,,,,,"Niagara Recycling (Sanitary Landfills) is located at the Allied Niagara Falls Facility on 56th St. in Niagara Falls, NY.  It is located in an industrialized area with Packard Road to the North, Niagara Falls Blvd, to the south, Rail lines to the west and the NYS 190 expressway to the east.Site Features:The main site features consists of numerous active and closed landfills containing both hazardous, non-hazardous and municipal wastes within the boundaries of the adjacent sites.Historical Uses:The 10 acre landfill is the oldest of the Sanitary Landfills (I&amp;II) at the site and received municipal and industrial waste from 1972 until 1984.  These units were closed and capped in 1987.  The landfills were constructed as a series of distinct cells with no recompacted clay liner and no leachate collection system.  A leachate collection system and perimeter channel was later constructed by Niagara Recycling to stop leachate breakouts on the south slope of the landfill.  Monitoring of the leachate quality from the site is required under a discharge permit issued by the City of Niagara Falls.  New landfill cells are constructed as necessary by Part 360 standards.  A number of site perimeter monitoring wells are monitored on a long-term basis under the RCRA Site Monitoring &amp; Assessment Program.Contaminants of Concern (Including Materials Disposed)Contaminant Name/TypeCHLORINATED HYDROCARBONSSite Environmental AssessmentNature and Extent of Contamination:Based on investigations conducted as part of the RCRA Corrective action process and Routine monitoring, the Primary contaminants are VOCs and Metals contained in the landfill leachate.Soil: The facilities are closed sanitary landfills which have been capped in accordance with NYSDEC approved plans.  IC are in place to prevent public access and exposure.Groundwater: The subject facilities have a monitoring and maintenance plan to address groundwater  and leachate monitoring.  Landfill leachate is routinely removed and treated.Soil Vapor &amp; Indoor Air:  There are no structures or receptors since the facility is a closed and capped landfill surrounded by an active solid waste disposal facility.The site will continue to be monitored and maintained as part of the post-closure permit.It is recommended that continued monitoring for chlorinated hydrocarbons in the groundwater take place.  A permit has been issued by the City of Niagara Falls for the discharge of sanitary leachate to the city sewer.  Monitoring of leachate quality occurs regularly as part of this permit.Site Health AssessmentThis site is within the 385 acre CECOS facility which is fenced and has 24-hour security to prevent trespassing.  Ground and surface water, sewer discharge and air emissions are being monitored in and around the site in compliance with permit regulations.  The area is served by public water so exposures to contaminated groundwater are not expected.  Surface water eventually empties into the Niagara River, via the arterial waterways flowing through and around the site.  All discharges to the sewage system are treated on-site at the wastewater treatment plant prior to discharge into the City of Niagara Falls sanitary sewer.  The closure and capping eliminated any potential exposure pathways, however, contaminated groundwater merits continued monitoring.",,,,Niagara Recycling,932042,Niagara Recycling,https://extapps.dec.ny.gov/data/DecDocs/932042/,HW
932012,,nysdec_all_sites,,,State Superfund (Hazardous Waste),HW,N,NY State Superfund,,,,,,,,,,,,,,9.0,,2 Washburn  Street,,Lockport,,14094,,,43.17429377,-78.68687046,,5.6,,,,,,,pdf_extraction,"NYSDEC Site Investigation Report Vol 1 (June 2009): ""Dussault Foundry Site... total area of approximately 5.6 acres""",,,,,2009-06-15T00:00:00.000,,,,,,JAMES MAXWELL,,,,,Acetone | Chromium | Copper | Gasoline | Mercury | Nickel | PAHs | PAHs (polycyclic aromatic hydrocarbons) | PCBs | PCBs (polychlorinated biphenyls) | Phenol | SVOCs | Trichloroethene (TCE) | VOCs | Zinc,,,,,,,,,,,False,,,0.0,932012,dussault foundry,,,,,,,,,,,,,Dussault Foundry,,,https://extapps.dec.ny.gov/data/DecDocs/932012/,HW
932076,,nysdec_all_sites,,,State Superfund (Hazardous Waste),HW,N,NY State Superfund,,,,,,,,,,,,,,9.0,,Harold and Pletcher Roads,,Lewiston,,14107,,,43.2082008,-78.97552382,,380.0,,,,,,,internet_research,~380 acres total site (239 acres permitted solid waste disposal area); source: Town of Lewiston/Modern Landfill records; site operated by Modern Landfill Inc on Harold and Pletcher Roads,,,,,1992-03-01T00:00:00.000,,,,,,THOMAS SHARP (SUPER.),,,,,,,,,,,,,,,,False,,,0.0,932076,lewiston town landfill,,,,,,,,,,,,,Lewiston Town Landfill,,,https://extapps.dec.ny.gov/data/DecDocs/932076/,HW
932111,,nysdec_all_sites,,,State Superfund (Hazardous Waste),HW,N,NY State Superfund,,,,,,,,,,,,,,9.0,,456 South Niagara Street,,Lockport,,14094,,,43.16745,-78.722275,,1.6,,,,,,,pdf_extraction,"OCR SI_2008: y of Lockport at 456 South Niagara Street in the City of Lockport, Niagara County, New York (Figure 1-1). The total area of the site is approximately 1.6 acres in a commercial neighborhood. The site i",,,,,2008-02-07T00:00:00.000,,,,,,City of Lockport,,,,,Anthracene | Arsenic | Benzo(a)anthracene | Benzo(a)pyrene | Benzo(b)fluoranthene | Beryllium | Cadmium | Chromium | Chrysene | Copper | Furans | Gasoline | Lead | Mercury | Methylene chloride | Nickel | PAHs | PCBs | PCBs (polychlorinated biphenyls) | Pyrene | SVOCs | Selenium | Sulfates | VOCs | Zinc,,,,,,,,,,,False,,,0.0,932111,south niagara street quarry,,,,,,,,,,,,,South Niagara Street Quarry,,,https://extapps.dec.ny.gov/data/DecDocs/932111/,HW
932023,,nysdec_all_sites,,,RCRA Corrective Action,RCRA,A,Federal Facility,,,,,,,,,,,,,,9.0,,932023 Niagara Falls Storage Site,,Lewiston,,14092,,,43.214051,-78.983117,,180.643,180.643,180.643,,,731036.6566639666,0.731,polygon_boundary,,,,,,2030-09-30T00:00:00.000,,,,,,,,,,,,,,,,,,,,,,False,,,0.0,932023,niagara falls storage site,DOE-managed interim waste containment facility; 191-acre federal property within former LOOW footprint; stores K-65 radioactive residues from Manhattan Project. Part of broader FUSRAP/LOOW complex.,,,,,,,,,,,,Niagara Falls Storage Site,,,https://extapps.dec.ny.gov/data/DecDocs/932023/,RCRA
932106,,nysdec_all_sites,,,RCRA Corrective Action,RCRA,A,Federal Facility,,,,,,,,,,,,,,9.0,,Niagara Falls International Airport,,Niagara Falls,,14304-,,,43.119359338,-78.939970225,,629.908,629.908,629.908,,,2549145.44599003,2.5491,polygon_boundary,,,,,,2015-07-07T00:00:00.000,,,,,,,,,,,Cyanide | PCBs (polychlorinated biphenyls) | Trichloroethene (TCE) | VOCs | Vinyl chloride,,,,,,,,,,,False,,,0.0,932106,914 tactical airlift group,"Former USAF Reserve base; RCRA corrective action for jet fuel, solvents, and other contaminants.",,,,,,,,,,,,914 Tactical Airlift Group,,,https://extapps.dec.ny.gov/data/DecDocs/932106/,RCRA
932003,,nysdec_all_sites,,,RCRA Corrective Action,RCRA,N,RCRA Corrective Action,,,,,,,,,,,,,,9.0,,3119 Randall Road,,Ransomville,,14131,,,43.265339084,-78.869503608,,,,,,,,,unavailable,,,,,,2012-04-04T00:00:00.000,,,,,,ALLIED CHEMICAL CORPORATION,,,,,,,ALUMINUM CHLORIDE,aluminum chloride,,,,,,,,False,,,0.0,932003,dal specialties inc,,,,,,,,,,,,,DAL Specialties Inc.,,,https://extapps.dec.ny.gov/data/DecDocs/932003/,RCRA
932149,,nysdec_all_sites,,,RCRA Corrective Action,RCRA,A,RCRA Corrective Action,,,,,,,,,,,,,,9.0,,One North Transit Road,,Lockport,,14094,,,43.183977471,-78.697895285,,10.25,10.25,10.25,,,41479.98144915063,0.0415,polygon_boundary,,,,,,2013-03-01T00:00:00.000,,,,,,Scott Honan,,,,,"2,4,5-Trichlorophenol | 2,4,6-Trichlorophenol | Acenaphthylene | Anthracene | Benzo(a)anthracene | Chlorobenzene | Chlorophenols | Chrysene | Fluorene | Furans | Hexachlorobenzene | Hexachlorobutadiene | Naphthalene | PAHs | Pentachlorophenol (PCP) | Phenanthrene | Phenol | Pyrene | Radon | VOCs",,,,,,,,,,,False,,,0.0,932149,van de mark chemical,,,,,,,,,,,,,Van De Mark Chemical,,,https://extapps.dec.ny.gov/data/DecDocs/932149/,RCRA
932046,38.0,nysdec_all_sites,Cecos Recycling,"Cecos and Niagara Recycling, sites 78a, 78b, NYSDEC 932046, 932042",RCRA Corrective Action,RCRA,A,RCRA Corrective Action,,NYSDEC 932046,,78a,1.0,,,,,,,,,9.0,Pine Avenue at 59th Street,Pine Avenue at 59 Steet,Niagara,Niagara,14304.0,14304,,,43.10157953,-78.98964948,,390.193,390.193,390.193,385.0,385 Acres,1579055.5114443344,1.5791,polygon_boundary,,"Lagoon, Landfill, Pond",,,,,,,,,,,,,,,,,,,,,,,,,,False,,,0.0,932046,cecos,,,,,,,"North of Niagara Falls Boulevard, South of Packard Road and West of I-190 in the city of Niagara Falls and Town of Niagara (385 acres)",,"General information and chemical-migration potential.--These two sites (Cecos & Niagara Recycling), on the border of the city of Niagara Falls and the town of Niagara, are adjacent to each other and abut the Necco Park landfill (site 14). The CECOS site is an active municipal, industrial, and chemical waste management facility operating under New York State Department of Environmental Conservation permits.Site Features: 1 Active sanitary (part 360) landfill, 7 closed sanitary landfills, 6 closed hazardous waste (part 373) landfillsCurrent Zoning Uses: IndustrialCECOS International, Inc. operated a 385-acre commercial solid/industrial wastemanagement facility in the Town of Niagara and the City of Niagara Falls. The facility issituated in an industrial and commercial area, bordering residential and recreational areas,and is about 1.5 miles north of the Niagara River. The Property has been used for waste disposal since 1897.  Operations have included: Lime settling ponds, acid neutralization, hazardous and solid waste disposal. The facility managed hazardous wastes from all Resource Conservation and Recovery Act (RCRA) categories identified in Part 261 -- characteristic wastes, specific and non-specific industrial wastes and commercial chemical product waste. Current hazardous waste management activities include a wastewater treatment system and container storage.Contamination was confirmed, including in groundwater. Contaminants of concern include metal finishing solids, sludges, halogenated chemicals, still bottoms, filter press sludges, and more.As part of the RCRA Corrective action process, the selected remedy uses a combination of active groundwater recovery and treatment along with institutional controls (maintenance of caps, monitoring, access and deed restrictions) to address contamination and exposure issues.The facility is currently regulated by a RCRA post-closure permit. There are 47 Operable Units as part of remediation efforts.The manmade Falls Street Tunnel draws portions of the upper Lockport bedrock groundwater flow from seven hazardous waste sites, including this site.In 1989, EPA and DEC issued a report prioritizing 33 site clusters in order of theirpotential for polluting the Niagara River. The 33 site clusters were divided into three categories.This site was designated as a Category I priority site with estimates of greater than 50 lb/day loads of pollution to the Niagara River.Sites from Category I and II collectively represented 99.9% of the total estimated loadings of 694 lbs (315 kg)/day.",,https://appfactory.dec.ny.gov/DERExternalSearch/ERDDetails?CameFromList=false&SiteCode=932046,,CECOS,932046,Cecos Recycling,https://appfactory.dec.ny.gov/DERExternalSearch/ERDDetails?CameFromList=false&SiteCode=932046,RCRA
932155,,nysdec_all_sites,,,RCRA Corrective Action,RCRA,N,RCRA Corrective Action,,,,,,,,,,,,,,9.0,,4626 Royal Avenue,,Niagara Falls,,14303-2138,,,43.087979,-79.010185,,,,,,,,,unavailable,,,,,,2011-04-12T00:00:00.000,,,,,,,,,,,,,,,,,,,,,,False,,,0.0,932155,resource recovery inc,,,,,,,,,,,,,Resource Recovery Inc,,,https://extapps.dec.ny.gov/data/DecDocs/932155/,RCRA
932154,,nysdec_all_sites,,,RCRA Corrective Action,RCRA,N,RCRA Corrective Action,,,,,,,,,,,,,,9.0,,2720 Niagara Falls Boulevard,,Niagara Falls,,14304-4517,,,43.090512,-78.899517,,,,,,,,,unavailable,,,,,,2013-01-17T00:00:00.000,,,,,,,,,,,Methylene chloride,,,,,,,,,,,False,,,0.0,932154,safetykleen corp niagara falls,,,,,,,,,,,,,Safety-Kleen Corp Niagara Falls,,,https://extapps.dec.ny.gov/data/DecDocs/932154/,RCRA
E932124,,nysdec_all_sites,,,Environmental Restoration Program,ERP,N,Environmental Restoration Program,,,,,,,,,,,,,,9.0,,7 Niagara Street,,Lockport,,14094,,,43.170286111,-78.6949,,0.307,0.307,0.307,,,1242.9585062045296,0.0012,polygon_boundary,,,,,,,,,,,,,,,,,Asbestos | Cyanide | Fuel oil | Gasoline | PCBs | SVOCs | VOCs,,,,,,,,,,,False,,,0.0,E932124,zimmies tire store,,,,,,,,,,,,,Zimmie's Tire Store,,,https://extapps.dec.ny.gov/data/DecDocs/E932124/,ERP
B00025,,nysdec_all_sites,,,Environmental Restoration Program,ERP,C,Environmental Restoration Program,,,,,,,,,,,,,,9.0,,101 East Avenue,,North Tonawanda,,14120,,,43.04315597,-78.88447966,,24.24,24.24,24.24,,,98097.04571332729,0.0981,polygon_boundary,,,,,,2009-03-03T00:00:00.000,,,,,,Tim Sopko,Environmental Easement,INST,,,,,,tetrachloroethene (PCE),,,,,,,,False,,,0.0,B00025,former roblin steel site,,,,,,,,,,,,,Former Roblin Steel Site,,,https://extapps.dec.ny.gov/data/DecDocs/B00025/,ERP
B00022,,nysdec_all_sites,,,Environmental Restoration Program,ERP,N,Environmental Restoration Program,,,,,,,,,,,,,,9.0,,3001 HIGHLAND AVENUE,,NIAGARA FALLS,,14305,,,43.11556233,-79.04590442,,18.942,18.942,18.942,,,76656.5186724958,0.0767,polygon_boundary,,,,,,2003-03-12T00:00:00.000,,,,,,THOMAS DESANTIS,,,,,,,,benzo(b)fluoranthene,,,,,,,,False,,,0.0,B00022,tract ii highland ave,,,,,,,,,,,,,Tract II Highland Ave.,,,https://extapps.dec.ny.gov/data/DecDocs/B00022/,ERP
B00178,,nysdec_all_sites,,,Environmental Restoration Program,ERP,C,Environmental Restoration Program,,,,,,,,,,,,,,9.0,,815 River Road,,North Tonawanda,,14120,,,43.04262077,-78.88771129,,0.888,0.888,0.888,,,3595.2493064479017,0.0036,polygon_boundary,,,,,,2014-12-30T00:00:00.000,,,,,,Gary Metzger,Environmental Easement,INST,,,,,,benzene,,,,,,,,False,,,0.0,B00178,815 river road investigation,,,,,,,,,,,,,815 River Road Investigation,,,https://extapps.dec.ny.gov/data/DecDocs/B00178/,ERP
B00154,,nysdec_all_sites,,,Environmental Restoration Program,ERP,C,Environmental Restoration Program,,,,,,,,,,,,,,9.0,,"Canal, Church, and Niagara Streets",,Lockport,,14094,,,43.17064941,-78.69416169,,1.452,1.452,1.452,,,5877.879482671078,0.0059,polygon_boundary,,,,,,2002-10-31T00:00:00.000,,,,,,Erik Bernardi,Environmental Easement,INST,,,,,,lead,,,,,,,,False,,,0.0,B00154,richmond avenue project,,,,,,,,,,,,,Richmond Avenue Project,,,https://extapps.dec.ny.gov/data/DecDocs/B00154/,ERP
B00182,,nysdec_all_sites,,,Environmental Restoration Program,ERP,N,Environmental Restoration Program,,,,,,,,,,,,,,9.0,,River Road,,Wheatfield,,14304-,,,43.069848131,-78.935018586,,,,,,,,,unavailable,,,,,,,,,,,,,,,,,,,,,,,,,,,,False,,,0.0,B00182,river road park,,,,,,,,,,,,,River Road Park,,,https://extapps.dec.ny.gov/data/DecDocs/B00182/,ERP
B00107,,nysdec_all_sites,,,Environmental Restoration Program,ERP,C,Environmental Restoration Program,,,,,,,,,,,,,,9.0,,2201 Lockport Street,,Niagara Falls (c),,14305,,,43.10874874,-79.0420481,,0.029,0.029,0.029,,,116.0897624743899,0.0001,polygon_boundary,,,,,,2004-03-31T00:00:00.000,,,,,,,,,,,,,,,,,,,,,,False,,,0.0,B00107,2201 lockport street,,,,,,,,,,,,,2201 Lockport Street,,,https://extapps.dec.ny.gov/data/DecDocs/B00107/,ERP
B00108,,nysdec_all_sites,,,Environmental Restoration Program,ERP,N,Environmental Restoration Program,,,,,,,,,,,,,,9.0,,2014 11th Street,,Niagara Falls (c),,14305,,,43.10720955,-79.04927792,,0.533,0.533,0.533,,,2157.7685340142525,0.0022,polygon_boundary,,,,,,2009-01-21T00:00:00.000,,,,,,,,,,,,,,,,,,,,,,False,,,0.0,B00108,2014 11th street,,,,,,,,,,,,,2014 11th Street,,,https://extapps.dec.ny.gov/data/DecDocs/B00108/,ERP
B00079,,nysdec_all_sites,,,Environmental Restoration Program,ERP,N,Environmental Restoration Program,,,,,,,,,,,,,,9.0,,3625 Highland Avenue,,Niagara Falls (c),,14305-,,,43.12021823,-79.04436165,,5.5,,,,,,,internet_research,"~5.5 acres; source: Spectrum Local News 2018 article on former Union Carbide site remediation at 3625 Highland Avenue, Niagara Falls",,,,,1998-03-12T00:00:00.000,,,,,,,,,,,"1,2-Dichlorobenzene | 2,4,5-Trichlorophenol | 2,4,6-Trichlorophenol | Anthracene | Benzene | Benzo(a)pyrene | Carbon tetrachloride | Chlorobenzene | Chloroform | Chlorophenols | Fluorene | Hexachlorobutadiene | Methylene chloride | Naphthalene | Phenanthrene | Phenol | Pyrene | Toluene | Trichloroethene (TCE) | Vinyl chloride | Xylenes",,,,,,,,,,,False,,,0.0,B00079,union carbide site,,,,,,,,,,,,,Union Carbide Site,,,https://extapps.dec.ny.gov/data/DecDocs/B00079/,ERP
B00160,,nysdec_all_sites,,,Environmental Restoration Program,ERP,N,NY State Superfund,,,,,,,,,,,,,,9.0,,3123 HIGHLAND AVENUE,,NIAGARA FALLS,,14305,,,43.116466,-79.045944,,,,,,,,,unavailable,,,,,,2007-01-03T00:00:00.000,,,,,,,,,,,,,,,,,,,,,,False,,,0.0,B00160,power city warehouse,,,,,,,,,,,,,Power City Warehouse,,,https://extapps.dec.ny.gov/data/DecDocs/B00160/,ERP
B00161,,nysdec_all_sites,,,Environmental Restoration Program,ERP,N,Environmental Restoration Program,,,,,,,,,,,,,,9.0,,198 & 300 Mill Street,,Lockport,,14094,,,43.181978706,-78.689260521,,6.932,6.932,6.932,,,28051.653694847377,0.0281,polygon_boundary,,,,,,2006-03-31T00:00:00.000,,,,,,,Deed Restriction,INST,,,,,,lead,,,,,,,,False,,,0.0,B00161,former flintkote site investigation,,,,,,,,,,,,,Former Flintkote Site Investigation,,,https://extapps.dec.ny.gov/data/DecDocs/B00161/,ERP
E932132,,nysdec_all_sites,,,Environmental Restoration Program,ERP,C,Environmental Restoration Program,,,,,,,,,,,,,,9.0,,4922 IDA Park Drive,,Lockport,,14094,,,43.1677,-78.7466,,1.348,1.348,1.348,,,5456.683724720268,0.0055,polygon_boundary,,,,,,2009-03-27T00:00:00.000,,,,,,Up North Hosting LLC,Environmental Easement,INST,,,Lead,,,,,,,,,,,False,,,0.0,E932132,former electruk battery site,,,,,,,,,,,,,Former Electruk Battery Site,,,https://extapps.dec.ny.gov/data/DecDocs/E932132/,ERP
E932125,,nysdec_all_sites,,,Environmental Restoration Program,ERP,C,Environmental Restoration Program,,,,,,,,,,,,,,9.0,,1 Bristol Street,,Lockport,,14094,,,43.169770731,-78.706273439,,0.979,0.979,0.979,,,3963.1657528043447,0.004,polygon_boundary,,,,,,2009-08-21T00:00:00.000,,,,,,NORM ALLEN,,,,,,,,benzene,,,,,,,,False,,,0.0,E932125,1 bristol street,,,,,,,,,,,,,1 Bristol Street,,,https://extapps.dec.ny.gov/data/DecDocs/E932125/,ERP
E932122,,nysdec_all_sites,,,Environmental Restoration Program,ERP,N,NY State Superfund,,,,,,,,,,,,,,9.0,,701 THIRD STREET,,YOUNGSTOWN,,14174,,,43.244947112,-79.047824798,,2.349,2.349,2.349,,,9504.813697571662,0.0095,polygon_boundary,,,,,,2007-02-09T00:00:00.000,,,,,,NEIL C. RIORDAN,,,,,,,,benzo(b)fluoranthene,,,,,,,,False,,,0.0,E932122,youngstown cold storage,,,,,,,,,,,,,Youngstown Cold Storage,,,https://extapps.dec.ny.gov/data/DecDocs/E932122/,ERP
E932135,,nysdec_all_sites,,,Environmental Restoration Program,ERP,N,NY State Superfund,,,,,,,,,,,,,,9.0,,2020 River Road,,Wheatfield,,14304,,,43.070555556,-78.943611111,,3.953,3.953,3.953,,,15999.090010295791,0.016,polygon_boundary,,,,,,,,,,,,TIMOTHEY E. DEMLER,,,,,PCBs | SVOCs | VOCs,,,,,,,,,,,False,,,0.0,E932135,2020 river road,,,,,,,,,,,,,2020 River Road,,,https://extapps.dec.ny.gov/data/DecDocs/E932135/,ERP
E932141,,nysdec_all_sites,,,Environmental Restoration Program,ERP,N,NY State Superfund,,,,,,,,,,,,,,9.0,,160 Washburn Street,,Lockport,,14094,,,43.169324742,-78.687433502,,9.933,9.933,9.933,,,40195.97719053083,0.0402,polygon_boundary,,,,,,,,,,,,NONE PROVIDED,,,,,Copper,,,,,,,,,,,False,,,0.0,E932141,commerce square,,,,,,,,,,,,,Commerce Square,,,https://extapps.dec.ny.gov/data/DecDocs/E932141/,ERP
V00653,,nysdec_all_sites,,,Voluntary Cleanup Program,VCP,N,Voluntary Cleanup Program,,,,,,,,,,,,,,9.0,,6600 Walmore Road (yard south of Ekonol bldg.),,Wheatfield,,14304,,,43.10541615,-78.9301471,,15.806,15.806,15.806,,,63963.53628963164,0.064,polygon_boundary,,,,,,2006-07-25T00:00:00.000,,,,,,Mike Kolar,,,,,"1,1,1-Trichloroethane (TCA) | 1,1-Dichloroethene | Arsenic | Lead | Methanol | Nitrates | Sulfates | Tetrachloroethene (PCE) | Trichloroethene (TCE) | VOCs | Vinyl chloride",,,,,,,,,,,False,,,0.0,V00653,ekonol polyester resins,,,,,,,,,,,,,Ekonol Polyester Resins,,,https://extapps.dec.ny.gov/data/DecDocs/V00653/,VCP
V00373,,nysdec_all_sites,,,Voluntary Cleanup Program,VCP,N,Voluntary Cleanup Program,,,,,,,,,,,,,,9.0,,400 47TH STREET,,NIAGARA FALLS,,14304,,,43.09155254,-79.00804508,,19.017,19.017,19.017,,,76960.32647674718,0.077,polygon_boundary,,,,,,2018-07-11T00:00:00.000,,,,,,Salvatore D'Angelo,,,,,Arsenic | Mercury | PCBs,,,,,,,,,,,False,,,0.0,V00373,niacet corporation,,,,,,,,,,,,,Niacet Corporation,,,https://extapps.dec.ny.gov/data/DecDocs/V00373/,VCP
V00655,,nysdec_all_sites,,,Voluntary Cleanup Program,VCP,C,Voluntary Cleanup Program,,,,,,,,,,,,,,9.0,,East of Whirlpool Street,,Niagara Falls,,14301-,,,43.109275,-79.057316667,,0.964,0.964,0.964,,,3899.750894644979,0.0039,polygon_boundary,,,,,,2005-03-31T00:00:00.000,,,,,,,Deed Restriction,INST,,,Arsenic | Cadmium | Chromium | Lead | Zinc,,,,,,,,,,,False,,,0.0,V00655,whirlpool rapids bridge,,,,,,,,,,,,,Whirlpool Rapids Bridge,,,https://extapps.dec.ny.gov/data/DecDocs/V00655/,VCP
V00287,,nysdec_all_sites,,,Voluntary Cleanup Program,VCP,N,Voluntary Cleanup Program,,,,,,,,,,,,,,9.0,,140 Telegraph Rd.,,Middleport,,14105,,,43.20602771,-78.47385815,,,,,,,,,unavailable,,,,,,,,,,,,,,,,,,,,,,,,,,,,False,,,0.0,V00287,royalton commerce ctr inc,,,,,,,,,,,,,"Royalton Commerce Ctr., Inc.",,,https://extapps.dec.ny.gov/data/DecDocs/V00287/,VCP
V00439,,nysdec_all_sites,,,Voluntary Cleanup Program,VCP,N,Voluntary Cleanup Program,,,,,,,,,,,,,,9.0,,161 86th Street,,Niagara Falls,,14304,,,43.07806097,-78.96490926,,,,,,,,,unavailable,,,,,,,,,,,,SCHRACK OIL,,,,,,,,,,,,,,,,False,,,0.0,V00439,schrack oil property,,,,,,,,,,,,,Schrack Oil Property,,,https://extapps.dec.ny.gov/data/DecDocs/V00439/,VCP
C932164,82.0,nysdec_all_sites,"401, 402, 430 Buffalo Avenue Site","401, 402 and 430 Buffalo Avenue Site",Brownfield Cleanup Program,BCP,C,Brownfield,,,,,,,,,,,,,Brownfield Cleanup Program,9.0,"401, 402 and 430 Buffalo Avenue","401, 402 and 430 Buffalo Avenue",Niagara Falls,Niagara Falls,14303.0,14303,,,43.082222222,-79.056111111,,6.393,6.393,6.393,6.2,6.2 Acres,25870.106246320232,0.0259,polygon_boundary,,,,,,2015-12-22T00:00:00.000,,,,,,Faisal Merani,Decision Document,INST,Decision Document,Site Management Plan,"Chromium | Lead | Dibenz[a,h]anthracene | Barium | Benzo(a)pyrene | Indeno(1,2,3-cd)pyrene | Mercury | Benzo(b)fluoranthene | PCB aroclor 1260 | 1,2,4-trimethylbenzene | Benzo(a)anthracene",15.0,,"1,2,4-trimethylbenzene",,,,,,,,False,,,0.0,C932164,401402 and 430 buffalo avenue site,,,,,,,,,"The 401, 402, and 430 Buffalo Avenue site is a 6.2-acre property located in an urban area in Niagara Falls, Niagara County. The site is bound by 4th Street to the west, 6th Street and Holly Place to the east, a public alleyway from 4th Street and 6th Street to the north, and the Robert Moses State Parkway with the Niagara River beyond to the south. Buffalo Avenue intersects the site. The 401 Buffalo Avenue parcel has been redeveloped with a hotel and parking lot.Beginning in 1901, Nabisco Shredded Wheat occupied the 402 and 430 parcels. Operations included use of underground fuel oil storage tanks to fuel the baking ovens, paper box manufacturing and printing, material handling and shipping equipment, maintenance of manufacturing equipment and vehicles, possible application of pesticides and herbicides related to raw food material and finished goods storage, and use and storage of paint, solvents, thinners, grease and lubricants needed for manufacturing operations and maintenance.In 1956, the administration building closed and was leased to Union Carbide as a research facility. In 1963, that building became the first location for Niagara County Community College.The sites were found to be contaminated. Contaminants of Concern (Including Materials Disposed) included:ChromiumLeadDibenz[a,h]anthraceneBariumBenzo(a)pyreneIndeno(1,2,3-cd)pyreneMercuryBenzo(b)fluoranthenePCB aroclor 12601,2,4-trimethylbenzeneBenzo(a)anthracenePrior to remediation efforts, the primary contaminants of concern were polychlorinated biphenyls, lead, volatile organic compounds in the soil and benzene and 1,2,4-trimethylbenzene in groundwater. Remedial actions have successfully achieved soil (not groundwater) objectives for commercial use. Residual contamination in the soil and groundwater is being managed under a Site Management Plan.",,https://appfactory.dec.ny.gov/DERExternalSearch/ERDDetails?SiteName=&County=All%20Counties&City=Niagara%20Falls&Position=12&CameFromList=true&EngineeringControls=All&InstitutionalControls=All&Region=All%20Regions&ControlType3=All&Street=&Program=All%20Programs&SiteClass=All%20Classes&SiteCode=C932164,,"401,402 and 430 Buffalo Avenue Site",C932164,"401, 402, 430 Buffalo Avenue Site",https://appfactory.dec.ny.gov/DERExternalSearch/ERDDetails?SiteName=&County=All%20Counties&City=Niagara%20Falls&Position=12&CameFromList=true&EngineeringControls=All&InstitutionalControls=All&Region=All%20Regions&ControlType3=All&Street=&Program=All%20Programs&SiteClass=All%20Classes&SiteCode=C932164,BCP
C932142,,nysdec_all_sites,,,Brownfield Cleanup Program,BCP,C,Brownfield,,,,,,,,,,,,,,9.0,,184 Sweeney Street,,North Tonawanda,,14120,,,43.023172562,-78.873875172,,1.861,1.861,1.861,,,7531.854410170805,0.0075,polygon_boundary,,,,,,2010-11-16T00:00:00.000,,,,,,Ben Freidland,Environmental Easement,INST,,,,,,benzo(k)fluoranthene,,,,,,,,False,,,0.0,C932142,remington rand building,,,,,,,,,,,,,Remington Rand Building,,,https://extapps.dec.ny.gov/data/DecDocs/C932142/,BCP
C932162,,nysdec_all_sites,,,Brownfield Cleanup Program,BCP,C,Brownfield,,,,,,,,,,,,,,9.0,,1705 Factory Outlet Boulevard,,Niagara,,14304,,,43.0947,-78.981716667,,47.741,47.741,47.741,,,193201.2874929547,0.1932,polygon_boundary,,,,,,2014-01-22T00:00:00.000,,,,,,Aladdin Ghafari,Environmental Easement,INST,,,,,,vinyl chloride,,,,,,,,False,,,0.0,C932162,fashion outlets of niagara falls expansion,,,,,,,,,,,,,Fashion Outlets of Niagara Falls Expansion,,,https://extapps.dec.ny.gov/data/DecDocs/C932162/,BCP
C932183,,nysdec_all_sites,,,Brownfield Cleanup Program,BCP,A,Brownfield,,,,,,,,,,,,,,9.0,,333 1st Street,,Niagara Falls,,14303,,,43.087046594,-79.061115886,,0.852,0.852,0.852,,,3446.4588154449657,0.0034,polygon_boundary,,,,,,2025-11-21T00:00:00.000,,,,,,Paul Ray,,,,,,,,chrysene,,,,,,,,False,,,0.0,C932183,the nest,,,,,,,,,,,,,The Nest,,,https://extapps.dec.ny.gov/data/DecDocs/C932183/,BCP
C932126,72.0,nysdec_all_sites,7503 Niagara Falls Blvd.,7503 Niagara Falls Blvd.,Brownfield Cleanup Program,BCP,C,Brownfield,,,,,,,,,,,,,Brownfield Cleanup Program,9.0,7515 Niagara Falls Blvd,7515 Niagara Falls Blvd,Niagara Falls,Niagara Falls,14302.0,14302,,,43.08771157,-78.978241987,,0.889,0.889,0.889,0.89,0.89 Acres,3597.153404178331,0.0036,polygon_boundary,,,,,,2008-02-13T00:00:00.000,,,,,,"Richard C. Fox, Jr.",Environmental Easement,INST,,Landuse Restriction | Site Management Plan | Monitoring Wells | O&M Plan | Vapor Mitigation | Monitoring Plan,"Tetrachloroethene (PCE) | 1,1,2-trichlorethylene",3.0,,tetrachloroethene (PCE),,,,,,,,False,,,0.0,C932126,7503 niagara falls blvd,,,,,,,,,"The 7503 Niagara Falls Blvd. site is a 0.89-acre site located in a commercial corridor at 7515 Niagara Falls Blvd. in Niagara Falls, Niagara County. The site was formerly addressed as 7503 Niagara Falls, Blvd.The property was formerly occupied by several commercial establishments, including various auto parts retail and auto repair facilities. Investigations revealed contamination, including:Tetrachloroethene (PCE)1,1,2-trichlorethyleneThe groundwater and saturated soils in two small areas of the site have been impacted. There is no evidence of any off site migration of ground water contaminants. One area of has residual VOC contaminants. An off site vapor investigation completed in July 2007 found no significant off site impacts. The owner of the site has incorporated a vapor mitigation system in the design and construction of the existing restaurant.",,,,7503 Niagara Falls Blvd.,C932126,7503 Niagara Falls Blvd.,https://extapps.dec.ny.gov/data/DecDocs/C932126/,BCP
C932145,75.0,nysdec_all_sites,3807 Highland Avenue Site,3807 Highland Avenue Site,Brownfield Cleanup Program,BCP,C,Brownfield,,,,,,,,,,,,,Brownfield Cleanup Program,9.0,3807 Highland Avenue,3807 Highland Avenue,Niagara Falls,Niagara Falls,14305.0,14305,,,43.122191667,-79.041138889,,22.479,22.479,22.479,22.25,22.25 Acres,90968.77751099304,0.091,polygon_boundary,,,,,,2010-06-08T00:00:00.000,,,,,,,Environmental Easement,INST,,Landuse Restriction | Site Management Plan | Fencing/Access Control | IC/EC Plan | Ground Water Use Restriction,"Chromium | Iron | Benzo(k)fluoranthene | Arsenic | Phenanthrene | Pyrene | Dibenz[a,h]anthracene | Anthracene | Benzo(a)pyrene | Indeno(1,2,3-cd)pyrene | Manganese | Nickel | Sodium | Benzo(b)fluoranthene | Chrysene | Fluoranthene | Benzo(a)anthracene | Magnesium",21.0,,phenanthrene,,,,,,,,False,,,0.0,C932145,3807 highland avenue site,,,,,,,,,"The 3807 Highland Avenue Site is a 22.25-acre site located in an urban area at 3807 Highland Avenue in the City of Niagara Falls, Niagara County. The site is bounded by Highland Avenue to the west, College Avenue to the south and industrial properties to the north and east. Residences are nearby.Since at least 1913 the site was used for industrial manufacturing, with the most recent use of the site for manufacturing silicon metal and ferrosilicon metal.The fill materials consist of silt, sand, and gravel with varying amounts of slag, metal, and cinder-like materials at depths ranging from surface to 9.5 feet below ground surface (fbgs).Remediation at the site is complete. Prior to remediation, the primary contaminants of concern were volatile organic compounds (VOCs), semi-volatile organic compounds (SVOCs), and metals in the soil and sediment, including:ChromiumIronBenzo(k)fluorantheneArsenicPhenanthrenePyreneDibenz[a,h]anthraceneAnthraceneBenzo(a)pyreneIndeno(1,2,3-cd)pyreneManganeseNickelSodiumBenzo(b)fluorantheneChryseneFluorantheneBenzo(a)anthraceneMagnesiumRemedial actions have achieved soil (not groundwater) cleanup objectives for industrial use. Residual contamination in the soil, groundwater, and sediment is being managed under a Site Management Plan.",,,,3807 Highland Avenue Site,C932145,3807 Highland Avenue Site,https://extapps.dec.ny.gov/data/DecDocs/C932145/,BCP
C932160,81.0,nysdec_all_sites,Covanta Niagara Rail to Truck Intermodal Facility,Covanta Niagara Rail-to-Truck Intermodal Facility,Brownfield Cleanup Program,BCP,C,Brownfield,,,,,,,,,,,,,Brownfield Cleanup Program,9.0,139 47th Street Rear,139 47th Street Rear,Niagara Falls,Niagara Falls,14304.0,14304,,,43.08475,-79.005138889,,14.548,14.548,14.548,15.04,15.04 Acres,58874.61117907644,0.0589,polygon_boundary,,,,,,2013-05-02T00:00:00.000,"Reworld Niagara I, LLC",,,,,Sierra Bank,Environmental Easement,INST,,Landuse Restriction | Site Management Plan | Cover System | Fencing/Access Control | Ground Water Use Restriction,"Chromium | Zinc | Benzo(k)fluoranthene | Cadmium | Endosulfan | Lead | Selenium | Alpha-BHC | Arsenic | Dibenz[a,h]anthracene | Barium | Benzo(a)pyrene | Beta-BHC | Indeno(1,2,3-cd)pyrene | Cobalt | Copper | Heptachlor epoxide | Manganese | Mercury | Nickel | Benzo(b)fluoranthene | Chrysene | Silver | Acetone | Benzo(a)anthracene | Dieldrin | Site Environmental Assessment",30.0,,selenium,,,,,,,,False,,,0.0,C932160,covanta niagara railtotruck intermodal facility,,,,,,,,,"The Covanta Niagara Rail-to-Truck Intermodal Facility site is an approximately 15.04-acre site located at the eastern edge of a larger former industrial complex at 137 47th Street in the City of Niagara Falls, Niagara County.The site previously housed a building used for the maintenance and repair of locomotives, an inactive rail yard, and concrete floor slabs from the former industrial complex. Portions of the site consisted of aged asphalt, concrete and gravel surfaces with some vegetation occurring along the eastern site boundary. The former building, rail yard and other site features were removed during the remediation and redevelopment of the site.  A new container thawing building and new railroad tracks have been constructed as part of the site redevelopment.The larger industrial complex was used in the early 1900s by the Union Carbide Corporation Metals Division. The plant produced special alloys, tungsten, ferroalloys, calcium carbide,  ferrovanadium and ferrotungsten. Union Carbides Linde Division also operated a welding flux manufacturing facility on the plant property. Praxair, Inc. is the current owner of the property. Other industrial operators on the property include Praxair, ESAB, L-Tech, Stratcor, Inc., US Vanadium and UMETCO. The portion of the complex encompassed by this site was primarily utilized for rail facilities that serviced the plant and other adjacent industries, including the former Electromet facility. Electromet is likely the source of radiological material (TENORM)(human enhanced radiological material).Residual contamination in soil and groundwater is being managed under a Site Management Plan.Contaminants of Concern (Including Materials Disposed) include:ChromiumZincBenzo(k)fluorantheneCadmiumEndosulfanLeadSeleniumAlpha-BHCArsenicDibenz[a,h]anthraceneBariumBenzo(a)pyreneBeta-BHCIndeno(1,2,3-cd)pyreneCobaltCopperHeptachlor epoxideManganeseMercuryNickelBenzo(b)fluorantheneChryseneSilverAcetoneBenzo(a)anthraceneDieldrinSite Environmental AssessmentPrior to remediation the primary contaminants of concern were semi-volatile organic compounds (SVOCs), metals and pesticides in soil and volatile organic compounds (VOCs) and metals in groundwater. Remedial actions have achieved soil (not groundwater) cleanup objectives for industrial use. Residual contamination in soil and groundwater is being managed under a Site Management Plan.",,,,Covanta Niagara Rail-to-Truck Intermodal Facility,C932160,Covanta Niagara Rail to Truck Intermodal Facility,https://extapps.dec.ny.gov/data/DecDocs/C932160/,BCP
C932133,,nysdec_all_sites,,,Brownfield Cleanup Program,BCP,C,Brownfield,,,,,,,,,,,,,,9.0,,1925 Main Street,,Niagara Falls,,14305-2637,,,43.106619444,-79.052769444,,0.802,0.802,0.802,,,3244.1241207216267,0.0032,polygon_boundary,,,,,,2011-09-20T00:00:00.000,,,,,,Thomas Deboy,Environmental Easement,INST,,,,,,xylene (mixed),,,,,,,,False,,,0.0,C932133,915 cleveland avenue,,,,,,,,,,,,,915 Cleveland Avenue,,,https://extapps.dec.ny.gov/data/DecDocs/C932133/,BCP
C932134,74.0,nysdec_all_sites,1501 College Avenue Site,1501 College Avenue Site,Brownfield Cleanup Program,BCP,C,Brownfield,,,,,,,,,,,,,Brownfield Cleanup Program,9.0,1501 College Avenue,1501 College Avenue,Niagara Falls,Niagara Falls,14304.0,14304,,,43.120805556,-79.041666667,,12.332,12.332,12.332,12.357,12.357 Acres,49905.03227109427,0.0499,polygon_boundary,,,,,,2012-12-31T00:00:00.000,,,,,,Sean O'Leary,Environmental Easement,INST,,Landuse Restriction | Site Management Plan | Cover System | Soil Management Plan | Fencing/Access Control | IC/EC Plan | Ground Water Use Restriction,"Chromium | Polychlorinated biphenyls (PCB) | Zinc | Benzo(k)fluoranthene | Arsenic | Phenanthrene | Pyrene | Acenaphthene | Dibenz[a,h]anthracene | Dibenzofuran | Benzo(a)pyrene | Fluorene | Indeno(1,2,3-cd)pyrene | Copper | Mercury | Nickel | Benzo(b)fluoranthene | Benzo(g,h,i)perylene | Chrysene | Fluoranthene | Naphthalene | Benzo(a)anthracene",27.0,,polychlorinated biphenyls (PCB),,,,,,,,False,,,0.0,C932134,1501 college avenue site,,,,,,,,,"The 1501 College Avenue Site is a 12.357-acre site, located at 1501 College Avenue in the City of Niagara Falls, Niagara County. The site is bounded by College Avenue to the north, a private access road to the west and vacant industrial properties to the east and south. Residences are approximately 650 feet to the southwest.The site consists of most of the former Union Carbide facility and previously contained several abandoned manufacturing buildings which have since been removed. There is evidence of illegal vehicle stripping and dumping occurring on the site.Union Carbide operated the site as a manufacturing facility from 1910-1986. It manufactured specialty machined graphite, carbon liners, cathode blocks, and furnace electrodes. After 1986, the site was operated by Niagara Vest Corporation. Investigations revealed contamination, including:ChromiumPolychlorinated biphenyls (PCB)ZincBenzo(k)fluorantheneArsenicPhenanthrenePyreneAcenaphtheneDibenz[a,h]anthraceneDibenzofuranBenzo(a)pyreneFluoreneIndeno(1,2,3-cd)pyreneCopperMercuryNickelBenzo(b)fluorantheneBenzo(g,h,i)peryleneChryseneFluorantheneNaphthaleneBenzo(a)anthraceneRemedial actions have successfully achieved industrial soil cleanup objectives at the site. Residual contamination of soil is being managed under a Site Management Plan.The site is vacant, partially fenced and bermed.",,https://appfactory.dec.ny.gov/DERExternalSearch/ERDDetails?SiteName=&County=All%20Counties&City=Niagara%20Falls&Position=3&CameFromList=true&EngineeringControls=All&InstitutionalControls=All&Region=All%20Regions&ControlType3=All&Street=&Program=All%20Programs&SiteClass=All%20Classes&SiteCode=C932134,,1501 College Avenue Site,C932134,1501 College Avenue Site,https://appfactory.dec.ny.gov/DERExternalSearch/ERDDetails?SiteName=&County=All%20Counties&City=Niagara%20Falls&Position=3&CameFromList=true&EngineeringControls=All&InstitutionalControls=All&Region=All%20Regions&ControlType3=All&Street=&Program=All%20Programs&SiteClass=All%20Classes&SiteCode=C932134,BCP
C932150,77.0,nysdec_all_sites,Former Mill No. 2,Former Mill No. 2,Brownfield Cleanup Program,BCP,C,Brownfield,,,,,,,,,,,,,Brownfield Cleanup Program,9.0,4400 Royal Avenue,4400 Royal Avenue,Niagara Falls,Niagara Falls,14303.0,14303,,,43.088215315,-79.013258844,,18.484,18.484,18.484,18.52,18.52 Acres,74801.67105849729,0.0748,polygon_boundary,,Structure,,,,2012-05-11T00:00:00.000,Greenpac Mill LLC,"4400 Greenpac Mille, LLC",,,,Jen Booker,Environmental Easement,INST,,Landuse Restriction | Site Management Plan | IC/EC Plan | Ground Water Use Restriction,"Iron | Antimony | Arsenic | 1,1 dichloroethene | 1,3-dichlorobenzene | Dibenz[a,h]anthracene | Benzo(a)pyrene | Indeno(1,2,3-cd)pyrene | 1,2-dichlorobenzene | Bis(2-ethylhexyl)phthalate | Manganese | Mercury | Sodium | 1,4-dichlorobenzene | Benzo(b)fluoranthene | Benzo(a)anthracene | Chlorobenzene | Magnesium",22.0,,antimony,,,,,,,,False,,,0.0,C932150,former mill no 2,,,,,,,,,"The Former Mill #2 site, now known as Greenpac Mill, LLC/Cascades is a facility located at 4400 Royal Ave, Niagara Falls, Niagara County. The Greenpac Mill Site which includes the Former Mill #2, Northern Extension, and CSX Right of Way is 18.52 acres. The site is bounded by the active Norampac facility to the north, open land owned by Power Authority State of New York (PASNY) to the west, Royal Avenue to the south and industrial land along 47th street to the east. The site is adjacent to the Frontier Chemical Royal Ave inactive hazardous waste site #932110. Residences are within a quarter mile.The Former Mill #2 area and buildings encompassed approximately 661,980 square feet and historically housed paper manufacturing, finishing, and packaging operations.Investigations revealed contamination, including:Contaminant Name/TypeIronAntimonyArsenic1,1 dichloroethene1,3-dichlorobenzeneDibenz[a,h]anthraceneBenzo(a)pyreneIndeno(1,2,3-cd)pyrene1,2-dichlorobenzeneBis(2-ethylhexyl)phthalateManganeseMercurySodium1,4-dichlorobenzeneBenzo(b)fluorantheneBenzo(a)anthraceneChlorobenzeneMagnesiumTo address the contamination at the site and to prepare it for the construction of a new paper mill Greenpac submitted a application and was accepted into the NYS Brownfield Clean-up Program on March 24, 2010.As part of the clean-up activities the company completed the demolition of all site structures and the removal of both chemical and radiologically contaminated soil and construction materials that were determined to be on site. Prior to remediation, the primary contaminants of concern were SVOCs, arsenic, manganese, and mercury in the soil. VOCs and metals were found in the groundwater. Remedial actions have successfully achieved soil cleanup objectives for industrial use. Residual contamination in the soil and groundwater is being managed under a Site Management Plan.The Certificate of Completion for this site is dated June 29, 2012.",,https://appfactory.dec.ny.gov/DERExternalSearch/ERDDetails?SiteName=&County=All%20Counties&City=Niagara%20Falls&Position=8&CameFromList=true&EngineeringControls=All&InstitutionalControls=All&Region=All%20Regions&ControlType3=All&Street=&Program=All%20Programs&SiteClass=All%20Classes&SiteCode=C932150,,Former Mill No. 2,C932150,Former Mill No. 2,https://appfactory.dec.ny.gov/DERExternalSearch/ERDDetails?SiteName=&County=All%20Counties&City=Niagara%20Falls&Position=8&CameFromList=true&EngineeringControls=All&InstitutionalControls=All&Region=All%20Regions&ControlType3=All&Street=&Program=All%20Programs&SiteClass=All%20Classes&SiteCode=C932150,BCP
C932170,,nysdec_all_sites,,,Brownfield Cleanup Program,BCP,A,Brownfield,,,,,,,,,,,,,,9.0,,6200-6390 Niagara Falls Boulevard,,Niagara Falls,,14304,,,43.090402778,-78.992016667,,6.884,6.884,6.884,,,27857.916149598,0.0279,polygon_boundary,,,,,,2022-03-02T00:00:00.000,,,,,,"Carl Hasselback, Jr.",,,,,,,,chloroethane,,,,,,,,False,,,0.0,C932170,62006390 niagara falls boulevard,,,,,,,,,,,,,6200-6390 Niagara Falls Boulevard,,,https://extapps.dec.ny.gov/data/DecDocs/C932170/,BCP
C932161,,nysdec_all_sites,,,Brownfield Cleanup Program,BCP,C,Brownfield,,,,,,,,,,,,,,9.0,,600 River Road,,North Tonawanda,,14120-6809,,,43.035925,-78.886533333,,5.94,5.94,5.94,,,24036.87736666587,0.024,polygon_boundary,,,,,,2015-12-17T00:00:00.000,,,,,,Lucian Visone,Environmental Easement,INST,,,,,,lead,,,,,,,,False,,,0.0,C932161,600 river road apartments,,,,,,,,,,,,,600 River Road Apartments,,,https://extapps.dec.ny.gov/data/DecDocs/C932161/,BCP
C932157,78.0,nysdec_all_sites,Tract I Highland Avenue,Tract I Highland Avenue,Brownfield Cleanup Program,BCP,C,Brownfield,,,,,,,,,,,,,Brownfield Cleanup Program,9.0,3123 HIGHLAND AVENUE,3123 HIGHLAND AVENUE,NIAGARA FALLS,NIAGARA FALLS,14305.0,14305,,,43.116379107,-79.045761201,,6.078,6.078,6.078,5.844,5.844 Acres,24595.5021462257,0.0246,polygon_boundary,,Structure,,,,2014-12-23T00:00:00.000,Brightfields Corporation,,,,,Laury A. Rogers,Environmental Easement,INST,,Landuse Restriction | Site Management Plan | IC/EC Plan | Ground Water Use Restriction,"Polychlorinated biphenyls (PCB) | Lead | Arsenic | Dibenz[a,h]anthracene | Barium | Benzo(a)pyrene | Indeno(1,2,3-cd)pyrene | Copper | Benzo(b)fluoranthene",12.0,,,,,,,,,,False,,,0.0,C932157,tract i highland avenue,,,,,,,,,"The Tract I Site is located in a mixed light industrial, commercial and residential area at 3123 Highland Avenue in the City of Niagara Falls, Niagara County. It is approximately 5.9 acres and is bounded by Highland Avenue to the west; the Tulip Corporation, a plastics recycling company to the north; a 60 foot wide National Grid/Niagara Mohawk Power Corp. utility right-of-way to the east; and the Tract II Highland Avenue State Superfund Site (DEC Site Number 932136) to the south and east.  Several commercial establishments and the Niagara Falls Alternative School are located to the west of the site.The site is the current location of a battery manufacturing facility.The Power City Warehouse was formerly part of a larger battery manufacturing facility which encompassed the adjacent Tulip Corporation property north of the site. Sometime around 1910, U.S. Light and Heat Co., and later Autolite Co., began automobile, truck, and tractor battery manufacturing. Prestolite Co. acquired the facility in the 1960s and retooled operations for the manufacturing of hard rubber battery cases, filling of batteries with sulfuric acid, and battery charging. The facility moved to 3001 Highland Avenue in the mid-70s, at which time the site was used as an automotive body shop and a warehouse. The site has been vacant since the late 1980s. In 1990, the city of Niagara Falls retained ownership of the site due to tax foreclosure.Contamination was identified. Contaminants of Concern (Including Materials Disposed) included:Polychlorinated biphenyls (PCB)LeadArsenicDibenz[a,h]anthraceneBariumBenzo(a)pyreneIndeno(1,2,3-cd)pyreneCopperBenzo(b)fluoranthenePrior to the Interim Remedial Measures, the Site was the subject of four investigations and a USEPA Removal Action within the Power City Warehouse. The primary contaminant of concern identified was lead. Other metals (arsenic, barium, cadmium, copper, mercury, zinc), semi-volatile organic compounds (SVOCs), pesticides and polychlorinated biphenyls (PCBs) were identified in excess of commercial soil cleanup objectives (SCOs) in surface soil from beneath the floors and in sediment from inside drains or sumps inside the building. Lead levels ranged from 2,350 mg/kg to 178,000 mg/kg inside the building and from 1,210 to 16,900 mg/kg outside the building.Groundwater concentrations of a few metal and pesticide compounds as well as trichloroethene (TCE) at 8.7 ug/l in one well were found to exceed NYSDEC standards however groundwater use is prohibited by local ordinance thereby limiting any future human exposure. During subslab sampling activities two areas of TENORM (human enhanced radioactive materials) were identified above the TENORM Slag cleanup criterion value of 13,400 counts per minute (on a 2 inch x 2 inch NaI detector) established on the adjacent Tract II Site.To address the historical contamination on the site the owner entered and was accepted into the NYS Brownfield Clean-up Program in March 2012. A Certificate of Completion was issued for the project on 12/23/2014.However, utility lines and other subsurface structures could influence site groundwater flow.Remedial actions have successfully achieved soil cleanup objectives for commercial use.Some contaminated soils remain at the northern property line beneath concrete or pavement. A local ordinance prohibits use of groundwater for any purpose, and the site is served by a public water supply that obtains water from a different source not affected by this contamination.",,,,Tract I Highland Avenue,C932157,Tract I Highland Avenue,https://extapps.dec.ny.gov/data/DecDocs/C932157/,BCP
C932130,,nysdec_all_sites,,,Brownfield Cleanup Program,BCP,C,Brownfield,,,,,,,,,,,,,,9.0,,6157 South Transit Road,,Lockport,,14094,,,43.123443307,-78.691875192,,27.266,27.266,27.266,,,110340.05592366886,0.1103,polygon_boundary,,,,,,2011-12-14T00:00:00.000,,,,,,Michael Basil,,,,,,,,benzo(b)fluoranthene,,,,,,,,False,,,0.0,C932130,6157 south transit road site,,,,,,,,,,,,,6157 South Transit Road Site,,,https://extapps.dec.ny.gov/data/DecDocs/C932130/,BCP
C932171,,nysdec_all_sites,,,Brownfield Cleanup Program,BCP,C,Brownfield,,,,,,,,,,,,,,9.0,,211 Main Street,,North Tonawanda,,14120,,,43.02775,-78.878361111,,0.665,0.665,0.665,,,2691.5719033942933,0.0027,polygon_boundary,,,,,,2021-02-09T00:00:00.000,,,,,,Kelley D. Culp-Burton,,,,,,,,chrysene,,,,,,,,False,,,0.0,C932171,211 main street,,,,,,,,,,,,,211 Main Street,,,https://extapps.dec.ny.gov/data/DecDocs/C932171/,BCP
C932138,,nysdec_all_sites,,,Brownfield Cleanup Program,BCP,C,Brownfield,,,,,,,,,,,,,,9.0,,200 UPPER MOUNTAIN ROAD,,LOCKPORT,,14094,,,43.165277778,-78.734166667,,16.289,16.289,16.289,,,65919.2109163794,0.0659,polygon_boundary,,,,,,2016-12-22T00:00:00.000,,,,,,Casey Essary,,,,,,,,"dichloroethene (cis-1,2-)",,,,,,,,False,,,0.0,C932138,gm components holdings llc,,,,,,,,,,,,,"GM Components Holdings, LLC",,,https://extapps.dec.ny.gov/data/DecDocs/C932138/,BCP
C932174,91.0,nysdec_all_sites,4435-4445 Military Road Site,4435-4445 Military Road Site,Brownfield Cleanup Program,BCP,C,Brownfield,,,,,,,,,,,,,Brownfield Cleanup Program,9.0,4435-4445 Military Road,4435-4445 Military Road,Niagara,Niagara,14035.0,14035,,,43.127472222,-79.003777778,,1.148,1.148,1.148,1.19,1.19 Acres,4646.275355542545,0.0046,polygon_boundary,,,,,,2022-12-02T00:00:00.000,Town of Niagara,,,,,Sylvia Virtuoso,Environmental Easement,INST,Landuse Restriction | Site Management Plan | Monitoring Wells | Cover System | Soil Management Plan | Monitoring Plan | IC/EC Plan | Ground Water Use Restriction,,,,,cadmium,,,,,,,,False,,,0.0,C932174,44354445 military road site,,,,,,,,,"The 4435-4445 Military Road site is an approximately 1.19-acre site located at 4435-4445 Military Road in the Town of Niagara, Niagara County, which is adjacent to Niagara Falls. It is just south of the Niagara Reservoir and is owned by the Town of Niagara. The site is bounded by residential properties to the north and east, Military Road to the west and Grauer Road to the south. residential properties and Military and Grauer Roads.The structure at the site has been used for a variety of commercial uses. Fill materials was deposited in the upper one to three feet.	The site was found to be contaminated with primarily arsenic, cadmium, chromium, mercury, and benzo(a)pyrene in soil and1,2-dichloroethane and chromium in groundwater. Remedial actions have successfully achieved soil (not groundwater) cleanup objectives for commercial use. Residual contamination in the soil and groundwater is being managed under a Site Management Plan.      There are numerous measures in place to control the potential for coming in contact with residual contamination remaining at the site.",,,,4435-4445 Military Road Site,C932174,4435-4445 Military Road Site,https://extapps.dec.ny.gov/data/DecDocs/C932174/,BCP
C932177,,nysdec_all_sites,,,Brownfield Cleanup Program,BCP,A,Brownfield,,,,,,,,,,,,,,9.0,,210 Walnut Street,,Lockport,,14094,,,43.169166667,-78.686666667,,1.396,1.396,1.396,,,5647.41708678616,0.0056,polygon_boundary,,,,,,2023-11-30T00:00:00.000,,,,,,Vicki A. Smith,,,,,,,,"cis-1,2-dichloroethene",,,,,,,,False,,,1.0,C932177,harrison place,,,,,,,,,,,,,Harrison Place,,,https://extapps.dec.ny.gov/data/DecDocs/C932177/,BCP
C932176,,nysdec_all_sites,,,Brownfield Cleanup Program,BCP,C,Brownfield,,,,,,,,,,,,,,9.0,,622 & 624 River Road,,North Tonawanda,,14120,,,43.03675,-78.886944444,,4.999,4.999,4.999,,,20232.05931726107,0.0202,polygon_boundary,,,,,,2022-12-28T00:00:00.000,,,,,,Tom Celik,Environmental Easement,INST,,,,,,benzo(b)fluoranthene,,,,,,,,False,,,0.0,C932176,624 river road,,,,,,,,,,,,,624 River Road,,,https://extapps.dec.ny.gov/data/DecDocs/C932176/,BCP
C932173,,nysdec_all_sites,,,Brownfield Cleanup Program,BCP,A,Voluntary Cleanup Program,,,,,,,,,,,,,,9.0,,6600 WALMORE ROAD,,NIAGARA FALLS,,14304,,,43.107111111,-78.927944444,,0.966,0.966,0.966,,,3910.739846560752,0.0039,polygon_boundary,,,,,,2026-12-31T00:00:00.000,,,,,,"Saint-Gobain Ceramics & Plastics, Inc.",,,,,,,,vinyl chloride,,,,,,,,False,,,0.0,C932173,ekonol polyester resins,,,,,,,,,,,,,Ekonol Polyester Resins,,,https://extapps.dec.ny.gov/data/DecDocs/C932173/,BCP
C932139,,nysdec_all_sites,,,Brownfield Cleanup Program,BCP,N,Brownfield,,,,,,,,,,,,,,9.0,,200 UPPER MOUNTAIN ROAD,,LOCKPORT,,14094,,,43.168333333,-78.735,,13.662,13.662,13.662,,,55286.497368613695,0.0553,polygon_boundary,,,,,,2014-07-01T00:00:00.000,,,,,,"GM Components Holdings, LLC",,,,,,,,vinyl chloride,,,,,,,,False,,,0.0,C932139,gm components holdings llc building 8,,,,,,,,,,,,,"GM Components Holdings, LLC Building 8",,,https://extapps.dec.ny.gov/data/DecDocs/C932139/,BCP
C932177A,,nysdec_all_sites,,,Brownfield Cleanup Program,BCP,A,Brownfield,,,,,,,,,,,,,,9.0,,210 Walnut Street,,Lockport,,14094,,,43.169166667,-78.686666667,,1.396,1.396,1.396,,,5647.417086786159,0.0056,polygon_boundary,,,,,,2026-12-31T00:00:00.000,,,,,,,,,,,"1,1,1-Trichloroethane (TCA) | 1,1-Dichloroethene | 1,2-Dichlorobenzene | 1,2-Dichloroethane | 1,4-Dichlorobenzene | Acetone | Benzene | Carbon tetrachloride | Chlorobenzene | Chloroform | Ethylbenzene | Furans | Lead | Mercury | Methylene chloride | Toluene | Trichloroethene (TCE) | VOCs | Vinyl chloride | Xylenes",,,,,,,,,,,False,,,1.0,C932177,harrison place  off site,,,,,,,,,,,,,Harrison Place - Off Site,,,https://extapps.dec.ny.gov/data/DecDocs/C932177A/,BCP
C932168,,nysdec_all_sites,,,Brownfield Cleanup Program,BCP,N,Brownfield,,,,,,,,,,,,,,9.0,,"756, 784-790 Center Street and 0 Onondaga Street",,Lewiston,,14092,,,43.173333333,-79.036444444,,4.142,4.142,4.142,,,16760.241575168773,0.0168,polygon_boundary,,,,,,,,,,,,William Paladino,,,,,Anthracene | Arsenic | Barium | Benzene | Benzo(a)anthracene | Benzo(a)pyrene | Benzo(b)fluoranthene | Cadmium | Chromium | Chrysene | Ethylbenzene | Fluorene | Gasoline | Lead | Mercury | PAHs | PCBs | Phenanthrene | Pyrene | SVOCs | Toluene | VOCs | Xylenes,,,,,,,,,,,False,,,0.0,C932168,756790 center street site,,,,,,,,,,,,,756-790 Center Street Site,,,https://extapps.dec.ny.gov/data/DecDocs/C932168/,BCP
C932137,,nysdec_all_sites,,,Brownfield Cleanup Program,BCP,N,Brownfield,,,,,,,,,,,,,,9.0,,200 UPPER MOUNTAIN ROAD,,LOCKPORT,,14094,,,43.169444444,-78.733055556,,0.472,0.472,0.472,,,1908.951991032053,0.0019,polygon_boundary,,,,,,,,,,,,,,,,,,,,cadmium,,,,,,,,False,,,0.0,C932137,delphi lockport building 6 tank area,,,,,,,,,,,,,Delphi Lockport Building 6 Tank Area,,,https://extapps.dec.ny.gov/data/DecDocs/C932137/,BCP
C932127,73.0,nysdec_all_sites,2250 Factory Outlet Boulevard Site,2250 Factory Outlet Boulevard Site,Brownfield Cleanup Program,BCP,C,Brownfield,,,,,,,,,,,,,Brownfield Cleanup Program,9.0,2250 Factory Outlet Boulevard,2250 Factory Outlet Boulevard,Niagara Falls,Niagara Falls,14304.0,14304,,,43.100375,-78.980038889,,1.805,1.805,1.805,1.81,1.81 Acres,7303.642831263622,0.0073,polygon_boundary,,,,,,2007-12-14T00:00:00.000,,,,,,Adam Harris,Environmental Easement,INST,,Landuse Restriction | Site Management Plan | Ground Water Use Restriction,,,,chromium,,,,,,,,False,,,0.0,C932127,2250 factory outlet boulevard site,,,,,,,,,"The 2250 Factory Outlet Boulevard site is a 1.810-acre site located in the Town of Niagara, Niagara County. It is at the northwest corner of Military Road and Factory Outlet Boulevard, east of the I-190 Expressway. It is currently a Niagara Frontier Transportation Authority (NFTA) bus terminal. Residences are .3 miles east.The principal site contaminant was chromium, which was detected less than 5 feet below ground surface (fbgs) in soils in several areas of the site. The chromium appears to have been from past filling activities. Approximately 1,569 tons of chromium contaminated soils were disposed as hazardous waste.  Approximately 5,359 tons of non-hazardous chromium contaminated soils were also removed and disposed off-site. The excavations were backfilled, and construction of the NFTA bus terminal on the site began in early 2007.Long term restrictions on the site limit the property to commercial use and restrict groundwater usage. Site Management is ongoing with Periodic Review Reports.",,,,2250 Factory Outlet Boulevard Site,C932127,2250 Factory Outlet Boulevard Site,https://extapps.dec.ny.gov/data/DecDocs/C932127/,BCP
C932180,,nysdec_all_sites,,,Brownfield Cleanup Program,BCP,A,Brownfield,,,,,,,,,,,,,,9.0,,"515 6th Street, 620, 624 and 626 Ferry Avenue",,Niagara Falls,,14301,,,43.0915,-79.055138889,,1.584,1.584,1.584,,,6409.105762570092,0.0064,polygon_boundary,,,,,,2026-04-24T00:00:00.000,,,,,,Metropolis Properties Management LLC,,,,,Asbestos | Silver,,,,,,,,,,,False,,,0.0,C932180,mount st marys revitalization,,,,,,,,,,,,,Mount St Marys Revitalization,,,https://extapps.dec.ny.gov/data/DecDocs/C932180/,BCP
C932143,,nysdec_all_sites,,,Brownfield Cleanup Program,BCP,N,Brownfield,,,,,,,,,,,,,,9.0,,137 47TH STREET,,Niagara Falls,,14304,,,43.087527778,-79.005897222,,73.802,73.802,73.802,,,298666.46184696176,0.2987,polygon_boundary,,,,,,2010-01-26T00:00:00.000,,,,,,"Praxair, Inc.",,,,,Chromium | Gasoline | Mercury | PAHs | PCBs | SVOCs | Thorium | Uranium | VOCs | Vanadium,,,,,,,,,,,False,,,0.0,C932143,northern ethanol redevelopment site,,,,,,,,,,,,,Northern Ethanol Redevelopment Site,,,https://extapps.dec.ny.gov/data/DecDocs/C932143/,BCP
C932140,,nysdec_all_sites,,,Brownfield Cleanup Program,BCP,N,Brownfield,,,,,,,,,,,,,,9.0,,200 UPPER MOUNTAIN ROAD,,LOCKPORT,,14094,,,43.165469029,-78.737035533,,4.837,4.837,4.837,,,19576.543443799448,0.0196,polygon_boundary,,,,,,2014-07-01T00:00:00.000,,,,,,"GM Components Holdings, LLC",,,,,,,,vinyl chloride,,,,,,,,False,,,0.0,C932140,gm components holdings llc building 10,,,,,,,,,,,,,"GM Components Holdings, LLC Building 10",,,https://extapps.dec.ny.gov/data/DecDocs/C932140/,BCP
C932159,79.0,nysdec_all_sites,Niagara Street Market,Niagara Street Market,Brownfield Cleanup Program,BCP,N,Brownfield,,,,,,,,,,,,,Brownfield Cleanup Program,9.0,710 Niagara Street,710 Niagara Street,Niagara Falls,Niagara Falls,14303.0,14303,,,43.088847222,-79.053655556,,0.345,0.345,0.345,0.35,0.35 Acres,1396.4443955057527,0.0014,polygon_boundary,,,,,,2014-05-15T00:00:00.000,Bajwa Property Holdings LLC,,,,,Bajwa Surjit Singh,,,,,Gasoline | PAHs,,,,,,,,,,,False,,,0.0,C932159,niagara street market,,,,,,,,,"The property is a combination of three adjacent parcels that total 0.3 acres.  Located in the City of Niagara Falls, on the northwest corner of 8th Street and Niagara Street, the property is just west of the intersection of John Daily Blvd. and Niagara Street. While the building formerly functioned as a gasoline service station and vehicle repair facility, and there was petroleum contamination on the site under site number, investigations also revealed elevated TENORM (human enhanced radioactive material) material in the eastern portion of the site.The brownfield program was terminated due to lack of progress. Future cleanup may be possible.",,,,Niagara Street Market,C932159,Niagara Street Market,https://extapps.dec.ny.gov/data/DecDocs/C932159/,BCP
C932181,,nysdec_all_sites,,,Brownfield Cleanup Program,BCP,A,Brownfield,,,,,,,,,,,,,,9.0,,78 Bridge Street,,North Tonawanda,,14120,,,43.027002778,-78.883355556,,3.351,3.351,3.351,,,13561.41644015466,0.0136,polygon_boundary,,,,,,2027-12-31T00:00:00.000,,,,,,Tom Celik,,,,,"1,1,1-Trichloroethane (TCA) | 1,1-Dichloroethene | 1,2-Dichlorobenzene | 1,2-Dichloroethane | 1,2-Dichloroethylene | 1,4-Dichlorobenzene | 2,4,5-Trichlorophenol | 2,4,6-Trichlorophenol | Acenaphthylene | Acetone | Anthracene | Antimony | Arsenic | Barium | Benzene | Benzo(a)anthracene | Benzo(a)pyrene | Benzo(b)fluoranthene | Beryllium | Cadmium | Carbon tetrachloride | Chlorobenzene | Chloroform | Chlorophenols | Chromium | Chrysene | Cobalt | Copper | Cyanide | Ethylbenzene | Fluorene | Furans | Hexachlorobenzene | Hexachlorobutadiene | Lead | Lindane (HCH) | Manganese | Mercury | Methylene chloride | Naphthalene | Nickel | PCBs | PCBs (polychlorinated biphenyls) | Pentachlorophenol (PCP) | Phenanthrene | Phenol | Pyrene | SVOCs | Selenium | Silver | Sulfates | Tetrachloroethene (PCE) | Thallium | Toluene | Trichloroethene (TCE) | VOCs | Vanadium | Vinyl chloride | Xylenes | Zinc | cis-1,2-Dichloroethylene",,,,,,,,,,,False,,,0.0,C932181,bridge street landing,,,,,,,,,,,,,Bridge Street Landing,,,https://extapps.dec.ny.gov/data/DecDocs/C932181/,BCP
C932169,83.0,nysdec_all_sites,3125 Highland Avenue,3125 Highland Avenue,Brownfield Cleanup Program,BCP,A,Brownfield,,,,,,,,,,,,,Brownfield Cleanup Program,9.0,3219 and 3301 Highland Avenue,3219 and 3301 Highland Avenue,Niagara Falls,Niagara Falls,14305.0,14305,,,43.11750128,-79.045238349,,7.927,7.927,7.927,8.04,8.04 Acres,32077.45982700284,0.0321,polygon_boundary,,,,,,2026-12-31T00:00:00.000,"Ganson Alternative Energy, LLC",,,,,Jon Williams,,,,,,,,,,,,,,,,False,,,0.0,C932169,3125 highland avenue,,,,,,,,,"The 3125 Highland Avenue Site is located in an urban area of Niagara Falls, New York and comprises (1) 3301 Highland Avenue (Section 140; Block 18; Lot-24) and (2) 3219 Highland Avenue (Section 144; Block 06; Lot 2-1).The Site encompasses approximately 8.4 acres and includes several vacant former manufacturing buildings, parking areas, roadways, and small vegetated areas. The Site is bounded to the south by the former Power City Warehouse (Tract I Site Brownfield Cleanup Program [BCP] Site No. C932157), to the east by a narrow strip of land owned by National Grid and beyond by Tract II Site (NYSDEC Site No. 932136), to the west by Highland Avenue, and to the north by Braun Horticulture.Residential properties are approximately 0.04-miles west across Highland Avenue.The Site was developed as early as 1914 and used for manufacturing by the U.S. Light & Heating Company, which manufactured axle lighting devices, storage batteries, and electric self-starters for automobiles. Electric Autolite Company operated on the Site until it merged with Prestolite Company as a Division of Eltra Corporation. Several name changes occurred through time, including AutoLite Battery Corporation, The Eletric Auto-Lite Company, Prestolite Division of Eltra Corporation, Allied Chemical Corporation (later Allied Corporation), Niagara Molded Products, and Tulip Corporation.Tulip Corporation owned the property from 1985 until October 2017 and produced molded plastics products for the automotive industry and injection molded recycling containers and other specialized plastic containers for other industrial customers. Tulip Corporation conducted a Phase I and Phase II Environmental Site Assessment which identified several Recognized Environmental Conditions resulting from historical operations and the adjoining properties. Tulip Corporation also conducted a voluntary soil stabilization remediation effort on the Site. The remediation was conducted to address lead contaminated soils found in an area north of the main building.Additional environmental considerations are under review.",,https://appfactory.dec.ny.gov/DERExternalSearch/ERDDetails?SiteName=&County=All%20Counties&City=Niagara%20Falls&Position=14&CameFromList=true&EngineeringControls=All&InstitutionalControls=All&Region=All%20Regions&ControlType3=All&Street=&Program=All%20Programs&SiteClass=All%20Classes&SiteCode=C932169,,3125 Highland Avenue,C932169,3125 Highland Avenue,https://appfactory.dec.ny.gov/DERExternalSearch/ERDDetails?SiteName=&County=All%20Counties&City=Niagara%20Falls&Position=14&CameFromList=true&EngineeringControls=All&InstitutionalControls=All&Region=All%20Regions&ControlType3=All&Street=&Program=All%20Programs&SiteClass=All%20Classes&SiteCode=C932169,BCP
C932184,,nysdec_all_sites,,,Brownfield Cleanup Program,BCP,A,Brownfield,,,,,,,,,,,,,,9.0,,235 River Road,,North Tonawanda,,14120,,,43.02725,-78.87932,,3.135,3.135,3.135,,,12686.468165843562,0.0127,polygon_boundary,,,,,,2026-12-31T00:00:00.000,,,,,,Frank Metzger,,,,,"1,1,1-Trichloroethane (TCA) | 1,1-Dichloroethene | 1,2-Dichlorobenzene | 1,2-Dichloroethane | 1,4-Dichlorobenzene | 2,4,5-Trichlorophenol | 2,4,6-Trichlorophenol | Acenaphthylene | Acetone | Anthracene | Antimony | Arsenic | Asbestos | Barium | Benzene | Benzo(a)anthracene | Benzo(a)pyrene | Benzo(b)fluoranthene | Beryllium | Cadmium | Carbon tetrachloride | Chlorobenzene | Chloroform | Chlorophenols | Chromium | Chrysene | Cobalt | Copper | Dioxins | Ethylbenzene | Fluorene | Furans | Hexachlorobenzene | Hexachlorobutadiene | Lead | Manganese | Mercury | Methylene chloride | Naphthalene | Nickel | PCBs | PCBs (polychlorinated biphenyls) | Pentachlorophenol (PCP) | Phenanthrene | Phenol | Pyrene | SVOCs | Selenium | Silver | Tetrachloroethene (PCE) | Thallium | Toluene | Trichloroethene (TCE) | VOCs | Vanadium | Vinyl chloride | Xylenes | Zinc",,,,,,,,,,,False,,,0.0,C932184,nt main street redevelopment site,,,,,,,,,,,,,NT Main Street Redevelopment Site,,,https://extapps.dec.ny.gov/data/DecDocs/C932184/,BCP
C932148,76.0,nysdec_all_sites,Solsil Site,Solsil Site,Brownfield Cleanup Program,BCP,N,Brownfield,,,,,,,,,,,,,Brownfield Cleanup Program,9.0,3801 Highland Avenue,3801 Highland Avenue,Niagara Falls,Niagara Falls,14305.0,14305,,,43.122504,-79.041483,,22.25,,,4.9,4.9 Acres,,,official_nysdec,"22.25 acres per NYSDEC Brownfield Cleanup Program application for Solsil Site (3801 Highland Avenue, Niagara Falls; tax parcel SBL# 130.14-2-41). SOURCE: NYSDEC BCP Application C932148 (extapps.dec.ny.gov/data/DecDocs/C932148/Application.BCP.C932148.2008-12-30.Application.pdf).",,,,,,"GLOBE METALLURGICAL, INC.",,,,,GILAD AMOZEG C/O MATTHEW GREENE,,,,,"SVOCs, VOCs, PCBs, petroleum contaminants",4.0,,,,,,,,,,False,,,0.0,C932148,solsil site,,,,,,,,,"This site is the Solsil 4.9 acre property located at 3801 Highland Avenue, Niagara Falls, Niagara County.The site is a former heavy industrial facility since approximately 1910. Several environmental conditions related to the historic industrial manufacturing, including multiple current and historical underground storage tanks, drums, maintenance/repair buildings, current/former electrical substations, former waste battery storage area and a former smoke stack area. Contamination detected on site in the soil and sediment include elevated levels of inorganic compounds above the industrial and commercial SCOs and possible hazardous waste exceedances. Several SVOCs, VOCs, PCBs and petroleum contaminants have been detected in the soil, groundwater, and sediment.Further information will be provided as it develops.",,,,Solsil Site,C932148,Solsil Site,https://extapps.dec.ny.gov/data/DecDocs/C932148/,BCP
C932185,,nysdec_all_sites,,,Brownfield Cleanup Program,BCP,A,Brownfield,,,,,,,,,,,,,,9.0,,5222 LOCKPORT JUNCTION ROAD,,Cambria,,14094,,,43.156441779,-78.757858624,,16.834,16.834,16.834,,,68126.2067086281,0.0681,polygon_boundary,,,,,,,,,,,,To whom it concerns,,,,,VOCs,,,,,,,,,,,False,,,0.0,C932185,lockport junction road,,,,,,,,,,,,,Lockport Junction Road,,,https://extapps.dec.ny.gov/data/DecDocs/C932185/,BCP
C932172,80.0,nysdec_all_sites,Niacet Site,Niacet Site,Brownfield Cleanup Program,BCP,A,Brownfield,,,,,,,,,,,,,Brownfield Cleanup Program,9.0,400 47TH STREET,400 47TH STREET,NIAGARA FALLS,NIAGARA FALLS,14304.0,14304,,,43.090444444,-79.007944444,,19.134,19.134,19.134,19.15,19.15 Acres,77433.6366518044,0.0774,polygon_boundary,,,,,,2026-12-31T00:00:00.000,Niacet Corporation,,,,,Salvatore D'Angelo,,,,,Mercury,1.0,,,,,,,,,,False,,,0.0,C932172,niacet site,,,,,,,,,"The Niacet Site is an approximately 19.15-acre parcel located at 400 47th Street in the City of Niagara Falls, Niagara County. It is immediately southeast of the intersection of 47th Street and Niagara Falls Boulevard. The site is bordered by the former Electro Metals facility to the east, Simmons Avenue and other industrial properties to the south, Niagara Falls Boulevard to the north and 47th Street to the west. Residences are within a quarter mile.The facility was initially constructed in 1925-26 and operated as the Niacet Chemical Company. The plant originally produced acetaldehyde, paraldehyde, aldol, and crotonaldehyde. Production of acetic acid by the oxidation of acetaldehyde was begun in 1928. The manufacture of sodium acetate and other acetates was begun in 1935. Vinyl acetate production was added in 1937. Mercury salts were utilized as a catalyst in the acetate production process. In 1945, the Niacet Chemicals Company became the Niacet Chemicals Division of U.S. Vanadium Corporation. In 1951, the Niacet Chemicals Division became the Niacet Plant of the Union Carbide and Carbon Corporation. At about the same time the idle Carbide and Carbon Chemicals Company methanol plant was added to the Niacet Plant. A fumigant known as Carboxide was manufactured in the old methanol plant. Production of acetaldehyde and acetic acid was discontinued in 1952. In 1957, the name of the facility owner/operator was changed to Union Carbide Corporation (UCC).The site was listed in the Voluntary Cleanup Program (VCP) before being accepted into the brownfield program.In the eastern half of the site, groundwater flow is generally to the south and/or southeast. However, in the western portion of the site, groundwater flow is steeply to the west. This is most likely due to the presence of the large diameter, unlined brick sewer tunnel that extends north south under 47th Street, just west of the site.Mercury in site soils is the primary contaminant of concern. Mercury was visible on portions of the site. Interim remedial measures were implemented under the Voluntary Cleanup Program to address visible mercury contamination, among other things.",,https://appfactory.dec.ny.gov/DERExternalSearch/ERDDetails?SiteName=&County=All%20Counties&City=Niagara%20Falls&Position=16&CameFromList=true&EngineeringControls=All&InstitutionalControls=All&Region=All%20Regions&ControlType3=All&Street=&Program=All%20Programs&SiteClass=All%20Classes&SiteCode=C932172,,Niacet Site,C932172,Niacet Site,https://appfactory.dec.ny.gov/DERExternalSearch/ERDDetails?SiteName=&County=All%20Counties&City=Niagara%20Falls&Position=16&CameFromList=true&EngineeringControls=All&InstitutionalControls=All&Region=All%20Regions&ControlType3=All&Street=&Program=All%20Programs&SiteClass=All%20Classes&SiteCode=C932172,BCP
C932146,24.0,nysdec_all_sites,6100-6200 Niagara Falls Boulevard,6100-6200 Niagara Falls Boulevard,Brownfield Cleanup Program,BCP,N,Brownfield,,,,,,,,,,,,,Brownfield Cleanup Program,9.0,6200 Niagara Falls Boulevard,6200 Niagara Falls Boulevard,NIAGARA FALLS,NIAGARA FALLS,14304.0,14304,,,43.091111111,-78.993944444,,15.156,15.156,15.156,17.1,17.1 Acres,61335.19254558877,0.0613,polygon_boundary,,,,,,2011-03-08T00:00:00.000,"NFB CARBON PROPERTIES, LLC",,,,,"NFB CARBON PROPERTIES, LLC",,,,,PAHs,1.0,,,,,,,,,,False,,,0.0,C932146,61006200 niagara falls boulevard,,,,,,,,,"The Site is comprised of two adjacent property parcels with the addresses of 6100 and 6200 Niagara Falls Blvd., in the City of Niagara Falls consisting of 17.1 acres. The Site is located in a mixed industrial/commercial area and is immediately adjacent to and is bordered immediately to the north by an active solid waste landfill (Browning Ferris Industries) and a closed hazardous waste landfill (DuPont Necco Park Landfill).The site consists of two parcels that were used from 1939 to 1998 for the manufacturing of extruded graphite products such as the production of anodes, grounding rods, and pump seals. It contained manufacturing and laboratory buildings, but also bulk stored carbon products and solid waste disposal. Noted potential environmental issues on the site include: waste and ash disposal, and documented spills and petroleum releases.As a result of historic use, there is contamination of on-site soil, groundwater, stormwater and soil vapor, all containing concentrations of contaminants above regulatory standards and guidance values. Specifically, soil contains polycyclic aromatic hydrocarbons (PAHs) and metals at concentrations above the soil cleanup objectives (SCOs) for restricted industrial use. Groundwater contains chrysene and several metals at concentrations above NYSDEC Class GA groundwater standards. Stormwater contains elevated concentrations of semi-volatile organic compounds, including PAHs, and metals.A Brownfield Cleanup Agreement was signed with a company on February 27, 2009, but was terminated two years later.",,https://appfactory.dec.ny.gov/DERExternalSearch/ERDDetails?SiteName=&County=All%20Counties&City=Niagara%20Falls&Position=6&CameFromList=true&EngineeringControls=All&InstitutionalControls=All&Region=All%20Regions&ControlType3=All&Street=&Program=All%20Programs&SiteClass=All%20Classes&SiteCode=C932146,,6100-6200 Niagara Falls Boulevard,C932146,6100-6200 Niagara Falls Boulevard,https://appfactory.dec.ny.gov/DERExternalSearch/ERDDetails?SiteName=&County=All%20Counties&City=Niagara%20Falls&Position=6&CameFromList=true&EngineeringControls=All&InstitutionalControls=All&Region=All%20Regions&ControlType3=All&Street=&Program=All%20Programs&SiteClass=All%20Classes&SiteCode=C932146,BCP
C932178,,nysdec_all_sites,,,Brownfield Cleanup Program,BCP,N,Brownfield,,,,,,,,,,,,,,9.0,,717 and 723 Division Avenue,,Niagara Falls,,14305,,,43.105008333,-79.054647222,,0.362,0.362,0.362,,,1466.4152539200088,0.0015,polygon_boundary,,,,,,,,,,,,Robert Richardson,,,,,Acetone | Anthracene | Arsenic | Barium | Benzo(a)anthracene | Benzo(a)pyrene | Benzo(b)fluoranthene | Cadmium | Chloroform | Chromium | Chrysene | Fluorene | Lead | Mercury | PCBs | Phenanthrene | Pyrene | SVOCs | Selenium | VOCs,,,,,,,,,,,False,,,0.0,C932178,building 40,,,,,,,,,,,,,Building #40,,,https://extapps.dec.ny.gov/data/DecDocs/C932178/,BCP
C932175,92.0,nysdec_all_sites,Former Military Road School,Former Military Road School,Brownfield Cleanup Program,BCP,A,Brownfield,,,,,,,,,,,,,Brownfield Cleanup Program,9.0,4185 Military Road,4185 Military Road,Niagara,Niagara,14305.0,14305,,,43.124577778,-79.000841667,,3.998,3.998,3.998,4.1,4.1 Acres,16181.24835916679,0.0162,polygon_boundary,,,,,,2026-12-31T00:00:00.000,"4185 Military Road, Inc.",,,,,David Stapleton,,,,,Acetone | Anthracene | Arsenic | Asbestos | Barium | Benzene | Benzo(a)anthracene | Benzo(a)pyrene | Benzo(b)fluoranthene | Cadmium | Carbon tetrachloride | Chromium | Chrysene | Cyanide | Ethylbenzene | Fluorene | Fuel oil | Furans | Gasoline | Lead | Lindane (HCH) | Mercury | Methylene chloride | Naphthalene | PAHs | PCBs | Phenanthrene | Pyrene | SVOCs | Selenium | Tetrachloroethene (PCE) | Toluene | Trichloroethene (TCE) | VOCs | Xylenes,,,,,,,,,,,False,,,0.0,C932175,former military road school,,,,,,,,,"The Former Military Road School Site comprises 4.1-acres at 4185 Military Road in the Town of Niagara adjacent to Niagara Falls. The site is approximately 0.5-miles southeast of the intersection of Military Road with NYS Route 31. Currently, it is undeveloped land with grasses, scattered shrubs or trees, and a small paved area.The site was used from 1940 to 1993. The site was found to be contaminated. The contamination is believed to be related to the use of contaminated fill materials, which materials underlay the majority of the site. The fill is largely industrial debris, slag, and reworked soils. Investigations revealed polycyclic aromatic hydrocarbons (PAHs) and chromium impacted soils. In the northeast portion of the site a blueish gravel material was identified ranging from 1 to 3-feet thick at approximately 3-feet below ground surface (fbgs). Groundwater is present at the site ranging from 8 to 9 fbgs and generally flows southwest. Additional reviews and assessments are anticipated.The abandoned school building was mostly destroyed by arson in 2019. The property may be the subject of a brownfield remediation.",,,,Former Military Road School,C932175,Former Military Road School,https://extapps.dec.ny.gov/data/DecDocs/C932175/,BCP
C932167,,nysdec_all_sites,,,Brownfield Cleanup Program,BCP,N,Brownfield,,,,,,,,,,,,,,9.0,,7416 Niagara Falls Blvd,,Niagara Falls,,14304,,,43.090280556,-78.977872222,,6.433,6.433,6.433,,,26035.213950221994,0.026,polygon_boundary,,,,,,,,,,,,David H. Baldauf,,,,,PCBs | SVOCs | VOCs,,,,,,,,,,,False,,,0.0,C932167,7416 niagara falls blvd site,,,,,,,,,,,,,7416 Niagara Falls Blvd Site,,,https://extapps.dec.ny.gov/data/DecDocs/C932167/,BCP
C932182,,nysdec_all_sites,,,Brownfield Cleanup Program,BCP,A,Brownfield,,,,,,,,,,,,,,9.0,,1001 Buffalo Avenue,,Niagara Falls,,14303,,,43.081869444,-79.049022222,,3.822,3.822,3.822,,,15467.738825754725,0.0155,polygon_boundary,,,,,,,,,,,,Matt Green,,,,,Anthracene | Antimony | Arsenic | Asbestos | Barium | Benzo(a)anthracene | Benzo(a)pyrene | Benzo(b)fluoranthene | Cadmium | Copper | Fuel oil | Gasoline | Lead | Manganese | Mercury | PCBs | Phenol | Pyrene | SVOCs | VOCs | Zinc,,,,,,,,,,,False,,,0.0,C932182,1001 buffalo avenue,,,,,,,,,,,,,1001 Buffalo Avenue,,,https://extapps.dec.ny.gov/data/DecDocs/C932182/,BCP
C932165,,nysdec_all_sites,,,Brownfield Cleanup Program,BCP,N,Brownfield,,,,,,,,,,,,,,9.0,,31 WEBSTER STREET,,NORTH TONAWANDA,,14120,,,43.022638,-78.877411,,0.397,0.397,0.397,,,1608.1830512443355,0.0016,polygon_boundary,,,,,,2015-05-14T00:00:00.000,,,,,,Greg Doel,,,,,Benzene | Ethylbenzene | Gasoline | MTBE | Naphthalene | SVOCs | Toluene | VOCs | Xylenes,,,,,,,,,,,False,,,0.0,C932165,vacant office space,,,,,,,,,,,,,Vacant Office Space,,,https://extapps.dec.ny.gov/data/DecDocs/C932165/,BCP
C932179,85.0,nysdec_all_sites,Building #42,Building #42,Brownfield Cleanup Program,BCP,A,Brownfield,,,,,,,,,,,,A,Brownfield Cleanup Program,9.0,2001 and 2011 Main Street,2001 and 2011 Main Street,Niagara Falls,Niagara Falls,14305.0,14305,,,43.107072184,-79.053201139,,0.479,0.479,0.479,0.478,0.478 Acres,1936.85504056938,0.0019,polygon_boundary,,,,,,2025-11-01T00:00:00.000,"NFN 42 2001 Main St, LLC",,,,,Robert Richardson,,,,,"polycyclic aromatic hydrocarbons, mercury, lead",3.0,,,,,,,,,,False,,,0.0,C932179,building 42,,,,,,,,,"The Building #42 site is an approximately 0.478-acre site, located in a commercial area, at 2001 and 2011 Main Street in the City of Niagara Falls, Niagara County.The site was occupied by several commercial businesses from 1888 to 2002, including a sausage factory, a dyeing company, a paint shop, a dry cleaner, and a commercial store. It has since been used as a parking lot.Contaminants of concern at the site are polycyclic aromatic hydrocarbons, mercury, and lead. Additional investigation is required to determine the full extent of these contaminants and if other contaminants are present at the site.Further information under review.",,https://appfactory.dec.ny.gov/DERExternalSearch/ERDDetails?SiteName=&County=All%20Counties&City=Niagara%20Falls&Position=19&CameFromList=true&EngineeringControls=All&InstitutionalControls=All&Region=All%20Regions&ControlType3=All&Street=&Program=All%20Programs&SiteClass=All%20Classes&SiteCode=C932179,,Building #42,C932179,Building #42,https://appfactory.dec.ny.gov/DERExternalSearch/ERDDetails?SiteName=&County=All%20Counties&City=Niagara%20Falls&Position=19&CameFromList=true&EngineeringControls=All&InstitutionalControls=All&Region=All%20Regions&ControlType3=All&Street=&Program=All%20Programs&SiteClass=All%20Classes&SiteCode=C932179,BCP
FUSRAP-LOOW,,nysdec_all_sites,,,Federal FUSRAP (Radioactive / Manhattan Project),FUSRAP,02,Federal Facility,,,,,,,,,,,,,,,,1397 Balmer Road,,Lewiston,,14092,,Niagara,43.2275,-78.9764,,7500.0,7500.0,,,,,,US Army Corps Engineers Buffalo District,,,,,,,,,,,,US Government / USACE,,,,,,,"TNT, DNT, radioactive residues (K-65), chemical weapons precursors","TNT, DNT, Ra-226, Th-230, K-65 residues, heavy metals",,,,,,,,False,,,,,,WWII 7500-acre ordnance works; Manhattan Project K-65 radioactive residues stored on site; ~380 residences and school built on former footprint; active USACE remediation,,,,,,,,,,,,Lake Ontario Ordnance Works (LOOW) Main Site,,,https://www.lm.doe.gov/Loow/,FUSRAP
932005,,nysdec_all_sites,,,State Superfund (Hazardous Waste),HW,C,Federal Facility,,,,,,,,,,,,,,9.0,,Balmer Road,,Porter,,14131,,Niagara,43.24035534,-78.96556487,,800.8733380266136,800.8733380266136,,,,,,polygon_boundary,,,,,,1986-01-01T00:00:00.000,,,,,,U.S. DEPARTMENT OF THE AIR FORCE,,,,,,,,,,,,,,,,False,,,,,,,,,,,,,,,,,,Bell Test Center - Air Force Plant #38,,,https://extapps.dec.ny.gov/data/DecDocs/932005/,HW
FUDS-C02NY0074,,nysdec_all_sites,,,Federal FUDS (Formerly Used Defense Site),FUDS,N,Federal Facility,,,,,,,,,,,,,,,,Lewiston-Porter area,,Lewiston,,14092,,Niagara,43.1714,-79.044,,,,,,,,,FUDS Inventory 2015,,,,,,,,,,,,US Government / USACE,,,,,,,CON/HTRW - Containerized Hazardous Toxic and Radioactive Waste,"Containerized hazardous waste, Ajax missile propellants",,,,,,,,True,C02NY0074,CON/HTRW,,,,FUDS FUDS: former Nike Ajax/Hercules missile launch site NF-03; containerized hazardous waste; USACE North Atlantic Division,,,,,,,,,,,,Nike NF-03 Launch Site,,,https://fuds.usace.army.mil/Property/C02NY0074,FUDS
FUDS-C02NY0205,,nysdec_all_sites,,,Federal FUDS (Formerly Used Defense Site),FUDS,N,Federal Facility,,,,,,,,,,,,,,,,Niagara Falls,,Niagara Falls,,14304,,Niagara,43.11,-79.04,,,,,,,,,FUDS Inventory 2015,,,,,,,,,,,,US Government / Army Reserve,,,,,,,PRP/HTRW - Hazardous Toxic and Radioactive Waste,Hazardous toxic and radioactive waste; chemical plant residues,,,,,,,,True,C02NY0205,PRP/HTRW,,,,FUDS: former Army Reserve chemical plant; PRP/HTRW category; USACE Northwestern Division/Northwestern District,,,,,,,,,,,,Niagara Falls Army Reserve Chemical Plant,,,https://fuds.usace.army.mil/Property/C02NY0205,FUDS
FUDS-C02NY0868-01,,nysdec_all_sites,,,Federal FUDS (Formerly Used Defense Site),FUDS,N,Federal Facility,,,,,,,,,,,,,,,,Sanborn,,Sanborn,,14132,,Niagara,43.148,-78.972,,,,,,,,,FUDS Inventory 2015,,,,,,,,,,,,US Government / USAF,,,,,,,CON/HTRW - Containerized Hazardous Toxic and Radioactive Waste,Containerized hazardous waste; jet fuel; military chemicals,,,,,,,,True,C02NY0868,CON/HTRW,,,,FUDS: former Lockport Air Force Station; 2 sub-sites (CON/HTRW and HTRW); USACE North Atlantic Division,,,,,,,,,,,,Lockport Air Force Station (Site 01 - CON/HTRW),,,https://fuds.usace.army.mil/Property/C02NY0868-01,FUDS
FUDS-C02NY0868-02,,nysdec_all_sites,,,Federal FUDS (Formerly Used Defense Site),FUDS,N,Federal Facility,,,,,,,,,,,,,,,,Sanborn,,Sanborn,,14132,,Niagara,43.148,-78.972,,,,,,,,,FUDS Inventory 2015,,,,,,,,,,,,US Government / USAF,,,,,,,HTRW - Hazardous Toxic and Radioactive Waste,Hazardous waste; petroleum products; solvents,,,,,,,,True,C02NY0868,HTRW,,,,FUDS: Lockport AFS sub-site 02; HTRW; USACE North Atlantic Division,,,,,,,,,,,,Lockport Air Force Station (Site 02 - HTRW),,,https://fuds.usace.army.mil/Property/C02NY0868-02,FUDS
FUDS-C02NY0093,,nysdec_all_sites,,,Federal FUDS (Formerly Used Defense Site),FUDS,N,Federal Facility,,,,,,,,,,,,,,,,Sanborn,,Sanborn,,14132,,Niagara,43.15,-78.97,,,,,,,,,FUDS Inventory 2015,,,,,,,,,,,,US Government / USACE,,,,,,,CON/HTRW - Containerized Hazardous Toxic and Radioactive Waste,Containerized hazardous waste; missile fuel residues,,,,,,,,True,C02NY0093,CON/HTRW,,,,FUDS: former Nike Hercules missile battery NF-16 in Sanborn area; containerized HTRW,,,,,,,,,,,,Nike Battery NF-16,,,https://fuds.usace.army.mil/Property/C02NY0093,FUDS
FUDS-C02NY0576,,nysdec_all_sites,,,Federal FUDS (Formerly Used Defense Site),FUDS,N,Federal Facility,,,,,,,,,,,,,,,,Youngstown,,Youngstown,,14174,,Niagara,43.26,-79.02,,,,,,,,,FUDS Inventory 2015,,,,,,,,,,,,US Government / USAF,,,,,,,BD/DR - Building Demolition and Debris Removal,Demolition debris; building materials; potential asbestos,,,,,,,,True,C02NY0576,BD/DR,,,,FUDS: former Air Force Plant 68 in Youngstown; building demolition/debris removal category; distinct from NYSDEC records for U.S. Airforce Plant 68,,,,,,,,,,,,Air Force Plant No. 68 (AFPLT 68),,,https://fuds.usace.army.mil/Property/C02NY0576,FUDS
FUDS-C02NY0613,,nysdec_all_sites,,,Federal FUDS (Formerly Used Defense Site),FUDS,N,Federal Facility,,,,,,,,,,,,,,,,1 Scott Ave,,Youngstown,,14174,,Niagara,43.2636,-79.0503,,,,,,,,,FUDS Inventory 2015,,,,,,,,,,,,US Government / Army,,,,,,,CON/HTRW + HTRW + MMRP - Multiple hazard categories,Containerized hazardous waste; military munitions; ordnance,,,,,,,,True,C02NY0613,CON/HTRW + HTRW + MMRP,,,,"FUDS: Fort Niagara - 3 sub-sites covering CON/HTRW, HTRW, and Military Munitions Response Program (MMRP); active US Army installation with legacy contamination",,,,,,,,,,,,Fort Niagara (FUDS - 3 sub-sites),,,https://fuds.usace.army.mil/Property/C02NY0613,FUDS
NFSS-VP-H-PRIME,,nysdec_all_sites,,,"Federal FUSRAP — Eligible, Under USACE Investigation",FUSRAP-LM,N,FUSRAP-LM,,,,,,,,,,,,,,,,Pletcher Road area,,Lewiston,,14092,,Niagara,43.225,-78.97,,,,,,,,,USACE FUSRAP Update 2015; DOE LM Fact Sheet 2022,Acreage unknown — parcel boundaries not published,,,,,,,,,,,Private,,,,,,,"Radioactive contamination — uranium-238, radium-226, thorium-230","U-238, Ra-226, Th-230 — residual from LOOW/NFSS",,,,,,,,False,,HTRW,,,,,3 - NOT IN DATASET (LM/FUSRAP VP),NO — NOT YET ADDED,ADD TO DATASET when investigation status confirmed,USACE FUSRAP Update 2015 (p.19); DOE LM NFSS VP Fact Sheet 07/2022,"DOE identified as eligible for FUSRAP. Under USACE investigation as of 2015 FUSRAP Update. Inaccessible property — investigation pending access. Part of former 7500-acre LOOW footprint. Contaminants: U-238, Ra-226, Th-230.",,,,,,,NFSS Vicinity Property H-Prime (VP H'),,,https://www.lm.doe.gov/nfss/,FUSRAP-LM
NFSS-VP-X,,nysdec_all_sites,,,"Federal FUSRAP — Eligible, Under USACE Investigation",FUSRAP-LM,N,FUSRAP-LM,,,,,,,,,,,,,,,,"Former LOOW area, Pletcher Road corridor",,Lewiston,,14092,,Niagara,43.224,-78.968,,,,,,,,,USACE FUSRAP Update 2015; DOE LM Fact Sheet 2022,Acreage unknown — parcel boundaries not published,,,,,,,,,,,Private,,,,,,,"Radioactive contamination — uranium-238, radium-226, thorium-230","U-238, Ra-226, Th-230 — residual from LOOW/NFSS",,,,,,,,False,,HTRW,,,,,3 - NOT IN DATASET (LM/FUSRAP VP),NO — NOT YET ADDED,ADD TO DATASET when investigation status confirmed,USACE FUSRAP Update 2015 (p.19); DOE LM NFSS VP Fact Sheet 07/2022,DOE identified as eligible for FUSRAP. Under USACE investigation as of 2015. Inaccessible property — investigation pending access. Radium-226 contamination confirmed at Central Drainage Ditch adjacent area.,,,,,,,NFSS Vicinity Property X (VP X),,,https://www.lm.doe.gov/nfss/,FUSRAP-LM
NFSS-ANOMALY-CC,,nysdec_all_sites,,,Federal FUSRAP — DOE Legacy Management Stewardship,FUSRAP-LM,A,FUSRAP-LM,,,,,,,,,,,,,,,,City of Niagara Falls (location not publicly specified),,Niagara Falls,,14301,,Niagara,43.095,-79.02,,,,,,,,,DOE LM NFSS Vicinity Properties Fact Sheet 07/2022,Specific parcel location and acreage not publicly disclosed,,,,,,,,,,,Private / City of Niagara Falls,,,,,,,"Low-level radioactive soil — radium-226, uranium residues","U-238, Ra-226, Th-230 — residual from LOOW operations",,,,,,,,False,,HTRW,,,,,3 - NOT IN DATASET (LM/FUSRAP VP ),NO — NOT YET ADDED,ADD TO DATASET — urban location makes this narratively significant,DOE LM NFSS VP Fact Sheet 07/2022 — 'Anomaly CC (in the city of Niagara Falls)',One of 3 anomaly properties in the NFSS Vicinity Properties program. Located IN the City of Niagara Falls — urban contamination. Remediated 1981-1986; released for unrestricted use 1991. DOE LM records management only — no active monitoring required. SIGNIFICANT: This is the only NFSS VP in the city itself.,,,,,,,NFSS Vicinity Property Anomaly CC (City of Niagara Falls),,,https://www.lm.doe.gov/nfss/,FUSRAP-LM
NFSS-CENTRAL-DITCH,,nysdec_all_sites,,,Federal FUSRAP — DOE Legacy Management (Supplemental Limits),FUSRAP-LM,02,FUSRAP-LM,,,,,,,,,,,,,,,,"Former LOOW area, Lewiston",,Lewiston,,14092,,Niagara,43.22,-78.975,,,,,,,,,DOE LM NFSS VP Fact Sheet 07/2022,Length of affected ditch not specified in public documents,,,,,,,,,,,Various private / DOE oversight,,,,,,,"Radium-226 in-situ — not excavated, supplemental limits applied",Ra-226 above FUSRAP primary limits — left in place by design,,,,,,,,False,,HTRW,,,,,3 - NOT IN DATASET (LM/FUSRAP VP ),NO — NOT YET ADDED,ADD TO DATASET — this is a unique case of documented in-situ radioactive contamination,DOE LM NFSS VP Fact Sheet 07/2022 — 'Contamination was left in place along portions of the Central Drainage Ditch where Ra-226 concentrations exceeded FUSRAP guidelines',RADIOACTIVE CONTAMINATION INTENTIONALLY LEFT IN PLACE. Ra-226 exceeds primary FUSRAP cleanup limits. Supplemental risk-based limits applied (deemed acceptable risk). DOE monitors records only — no remediation. This is a permanent legacy contamination feature.,,,,,,,NFSS Central Drainage Ditch (Supplemental Limits Area),,,https://www.lm.doe.gov/nfss/,FUSRAP-LM
nan,1.0,hazard_sites_updated_ONLY (no NYSDEC program number),Occidental-Buffalo Avenue Plant,Occidental-Buffalo Avenue Plant,,,,NY State Superfund,,,,41b-49,8.0,,NYSDEC 932019b-i,8.0,,,,,State Superfund Program,9.0,"4700 Buffalo Avenue in the City of Niagara Falls, Niagara County.",,Niagara Falls,,14302.0,,,Niagara,43.07815254,-79.00856147,,115.0,,,113.0,113 Acres,,,official_epa,"115 acres; OxyChem Niagara Plant at 4700 Buffalo Avenue, Niagara Falls NY 14302. Facility contamination includes dioxin, elemental phosphorus, mercury, DNAPLs. RCRA corrective action ongoing. SOURCE: EPA RCRA Corrective Action page for Occidental Chemical Corp - Niagara Falls Plant (epa.gov/hwcorrectiveactioncleanups/hazardous-waste-cleanup-occidental-chemical-corporation-niagara-falls).",Landfill,1930,1975,,,,,,Occidental Chemical Corporation - Niagara Plant,PO Box 344,,,,Deed Restriction | Decision Document,Landuse Restriction | Groundwater Treatment System | O&M Plan | Cover System | Monitoring Plan | Fencing/Access Control | Groundwater Containment | Ground Water Use Restriction,"1,2,4,5-tetrachlorobenzene | Chlorotoluene | Hexachlorocyclopentadiene | Trichloroethene (TCE) | Benzoic acid | Hexachlorobenzene | Tetrachloroethene (PCE) | 1,3-dichlorobenzene | Hexachlorocyclohexane (all isomers) | Benzene | Dioxin | 1,2-dichlorobenzene | 2,4,5-trichlorophenol | Mercury | Mirex | 1,4-dichlorobenzene | Benzene chloro- | Toluene | 1,2,4-trichlorobenzene | Chlorobenzene | Hexachlorobutadiene",24.0,,,,,,,,,,,,,,,,,,,,,,,,"Occidental Chemical Corporation's (OCC) Buffalo Avenue Plant, located at 4700 Buffalo Avenue, was a major manufacturing facility in central Niagara Falls. The Niagara Scenic Parkway (formerly Robert Moses Parkway) and the upper Niagara River are adjacent to the facility on the south. Vacant land, the New York Power Authority conduits, and other chemical manufacturing facilities are to the west. A distributor of industrial gases and a waste-to-energy facility are north of the site. TheS-Area EPA Superfund site (#932019A), N-Area, and V-Area, residential and light commercial areas, and the Niagara Falls Drinking Water Treatment Plant are east of the site. A populated residential neighborhood is adjacent to the east (56th 63rd streets, as well as Stephenson to Devlin)Chemicals have been manufactured at the site since the very early 1900s. Hooker Electrochemical Company, Oldbury Electrochemical Company, and Niagara Alkali Company operated on various parcels of the current plant site until Hooker Chemical acquired the companies. The companies produced chlorine, caustic, and hydrochloric acid. The mercury cell method was used to separate sodium and chlorine in brine, which was obtained from salt mines in central and western New York. A wide range of chlorinated organic chemicals and compounds were also manufactured beginning in the 1920s, with production of these compounds peaking from the 1940s to the 1970s.Hooker was acquired by Occidental Petroleum Corporation in 1968.It eventually became the Occidental Chemical Corporation Main Plant. Occidental manufactured over 250 different chemical products, including halogenated benzenes, toluenes, phenols, and aliphatics. Over the years, the plant site grew from the original seven acres in 1911 to approximately 130 acres, with hundreds of buildings. Occidental currently owns the facility. In August 2021 Occidental announced an end to chemical production at the facility. The facility is in the process of decommissioning all process equipment and razing buildings.Chemical raw materials, products and wastes have been buried or spilled at numerous locations on the plant site.Bedrock groundwater flow under natural conditions is northwest toward the adjacent lower Niagara River. However, manmade influences have resulted in a complex and changed flow pattern that has altered groundwater direction. Those influences include the New York Power Authority conduits west of the site, the large Falls Street Tunnel (an historic sewer tunnel carved into the upper bedrock approximately 1,800 feet north of the facility, and which intersects the conduits), and remedial groundwater extraction points. After addressing these shifts, groundwater flow in bedrock is now toward extraction wells located along the north and west boundary of the facility. Overburden groundwater flow is primarily toward groundwater collection systems (re-purposed sewers and drain-tile systems) located along the northern and southern boundaries of the facility.The aforementioned manmade Falls Street Tunnel draws portions of the upper Lockport bedrock groundwater flow from seven hazardous waste sites, including this site.Soil and groundwater contamination at the facility is widespread. The site requires engineering controls to contain contamination. The facility is divided into designated areas (based on historical manufacturing) and, aside from the river-adjacent S-Area, the most significant sources of contaminants are located in the C-Area, D-Area, F-Area, M-Area, N-Area, U-Area, T-Area and the Mercury Cell Area. The hazardous waste is present in the soil and groundwater as aqueous (dissolved) phase contaminant plumes and as non-aqueous phase liquids (NAPL).Groundwater contamination remains extensive at the site. In terms of groundwater contamination, Aqueous phase contamination (APL) has been observed in both overburden and bedrock groundwater. Containment is required to prevent off-site migration of the aqueous-phase plume in the overburden. The extent of the aqueous-phase bedrock plume is considerably greater. Contamination in the upper 125 feet of bedrock extends from the facility to the former Falls Street Tunnel, and to the New York Power Authority (NYPA) conduit drains which are cut deep into the bedrock near the western boundary of the property. The extent of the overburden and bedrock NAPL plumes are largely confined to the site, particularly with the use of hydraulic pumps or wells.A network of groundwater and monitoring wells and collection stations are installed throughout and around the site.There are categories of chemicals mainly found in the soil, including: NAPL, dioxins, elemental phosphorus, and mercury. NAPL has been detected beneath the B, C, D, F, N and U-Areas of the plant. Areas of NAPL contamination are removed when found and when feasible or are otherwise contained. Specifically, contaminants of Concern (Including Materials Disposed) include:There are at least 41 inorganic elements and organic compounds contaminating the site, as well as elements such as phosphorus, arsenic, mercury, and lead. The organic compounds can be grouped into classes as follows: toluene and chlorotoluenes; benzene and chlorobenzenes; chloroethenes; chlorobenzotrifluorides; chlorinated cyclic organic compounds; chlorinated pesticides (including Mirex and Lindane); chlorinated and non-chlorinated organic acids; and 2,4,5-trichlorophenol. Dioxin, as a by-product of manufacturing 2,4,5-trichlorophenol, is also present on site.Dioxin is present above 10 ppb beneath portions of the D, M and X-Areas of the plant and at 1-10 ppb beneath portions of the E, F and U-Areas. Areas of dioxin contamination were capped in 1992.In August 2021 Occidental announced an end to chemical production at the facility. The facility is in the process of decommissioning all process equipment and razing buildings.In 1989, EPA and DEC issued a report prioritizing 33 site clusters in order of theirpotential for polluting the Niagara River. The 33 site clusters were divided into three categories.This site was designated as a Category I priority site with estimates of greater than 50 lb/day loads of pollution to the Niagara River.Sites from Category I and II collectively represented 99.9% of the total estimated loadings of 694 lbs (315 kg)/day. Reports from 2023 indicate that chemical waste continues to migrate into the Niagara River from a sewer at the site.",,https://appfactory.dec.ny.gov/DERExternalSearch/ERDDetails?CameFromList=false&SiteCode=932019,,,,Occidental-Buffalo Avenue Plant,https://appfactory.dec.ny.gov/DERExternalSearch/ERDDetails?CameFromList=false&SiteCode=932019,
nan,5.0,hazard_sites_updated_ONLY (no NYSDEC program number),"Occidental Chemical Buffalo Avenue, S-Area","Occidental Area, site 41a, S-AREA",,,,Federal NPL - Active,,,,41a,1.0,,NYSDEC 932019-a,,,,,,,9.0,4700 Buffalo Avenue,,Niagara Falls,,14303.0,,,Niagara,43.07815796,-79.00686687,,8.0,,,8.0,8 Acres,,,official_epa,"8 acres; Hooker (S-Area) Superfund site owned by Occidental Chemical Corporation. Former industrial landfill received ~63,000 tons chemical waste 1947-1975. NPL listed September 1983; cleanup completed 2002; ongoing groundwater monitoring. SOURCE: EPA Superfund Site Profile - Hooker (S-Area), CERCLIS ID 0202150 (cumulis.epa.gov/supercpad/SiteProfiles/index.cfm?fuseaction=second.cleanup&id=0202150).",Landfill,1947,1975,,,Occidental,,,,,,,,,,"trans-1,2,-Dichloroethylene | Chloroform | Trichloroethylene | Benzene | Toluene | Chlorobenzene | Phenol | Dichlorobenzenes | Hexachloroethane | Hexachlorobutadiene | Hexachlorocyclopentadiene | Hexachlorobenzene | Carbon tetrachloride | Trichlorophenols | Mirex | 1,1,2,2-Tetrachloroethylene | Trichlorobenzenes | Tetrachlorobenzenes | Monochlorotoluenes | Dichlorotoluenes | Octachlorocyclopentene | Pentachlorobenzene",25.0,,,,,,,,,,,,,,,,,,,,,,,,"The Occidental/Hooker Chemical S-Area site is an 8-acre industrial landfill owned by the Occidental Chemical Corporation (OCC). It is located at the southeast corner of OCC's Buffalo Avenue chemical plant in Niagara Falls, New York, along the Niagara River. Until it was moved one parcel over in 1997, the citys drinking water treatment plant was next to this site. The site is located in an industrialized area of Niagara Falls. There is also a large residential community within 1/4 mile of the site.The landfill lies atop approximately 30 feet of soil, clay, till, and manmade fill on an area reclaimed from the Niagara River. Beneath these materials is fractured bedrock.OCC admitted to disposing of at least 63,000 tons of chemical wastes into the landfill from 1947 to 1961, including organic phosphates, acid chlorides, phenol tars, thionyl chloride, chloridic, trichlorophenol, benzoyl chloride, liquid disulfides and chlorotoluene-based disulfides, metal chlorides, thiodan, chlorobenzenes, and miscellaneous chlorinated hydrocarbons. These estimates are based on incomplete records. These wastes were both liquid and solid. Most wastes were disposed of in drums, but some liquids (DNAPL) were placed directly in trenches from tanker trucks. Two lagoons for nonhazardous waste from plant operations were located on top of the landfill and were operated under New York State permits until 1989, when OCC discontinued operating these lagoons.	Priority pollutants include:      trans-1,2,-Dichloroethylene      Chloroform      Trichloroethylene      Benzene      Toluene      Chlorobenzene      Phenol      Dichlorobenzenes      Hexachloroethane      Hexachlorobutadiene      Hexachlorocyclopentadiene      Hexachlorobenzene      Carbon tetrachloride      Trichlorophenols      Mirex      1,1,2,2-Tetrachloroethylene      Nonpriority pollutants include:      Trichlorobenzenes      Tetrachlorobenzenes      Monochlorotoluenes      Dichlorotoluenes      Octachlorocyclopentene      Pentachlorobenzene      During an inspection of the citys drinking water structures in 1968, chemicals were found in the bedrock water intake structures. In 1978, further sampling of the structures and bedrock water intake tunnel revealed extensive chemical contamination in the tunnel and the forebay. Drinking water contained tetrachlorobenzene (TCB). After congressional hearings and a lengthy sampling plan, the contamination was traced to this site. Chemicals migrated into the Niagara River, and surrounding soils and groundwater. Subsequent investigation at the site found that the property underneath the drinking water plant was contaminated by the migration of S-Area contamination.      In 1989, EPA and DEC issued a report prioritizing 33 site clusters in order of theirpotential for polluting the Niagara River. The 33 site clusters were divided into three categories. This site was designated as a Category II priority site with estimates of between 1 to 50 lb/day loads to the Niagara River.      Sites from Category I and II collectively represented 99.9% of the total estimated loadings of 694 lbs (315 kg)/day.      Remediation actions included: a 7-acre cap with a perimeter drain collection system, groundwater APL purge wells, NAPL extraction wells, a treatment facility, and more.The City of Niagara Falls Drinking Water Treatment Plant (DWTP) was moved further east to another neighboring property (end of 1997), 29 years after S-Area contamination was first discovered in the intakes. The former drinking water plant area is referred to as the V-Area.      There are ongoing investigation, operation, monitoring, and maintenance activities at the Site.      The S-Area Landfill is historically significant because the phrase ""non-aqueous-phase-liquid"" (NAPL) was allegedly first used here.",,,,,,"Occidental Chemical Buffalo Avenue, S-Area",https://cumulis.epa.gov/supercpad/SiteProfiles/index.cfm?fuseaction=second.cleanup&id=0202150,
nan,21.0,hazard_sites_updated_ONLY (no NYSDEC program number),Chemours Plant (former DuPont Plant Site),"Dupont, Buffalo Avenue",,,,RCRA Corrective Action,,NYSDEC 932013 a-f,,"15, 19, 250",3.0,,,,,,,,,,Buffalo Avenue,,Niagara Falls,,14302.0,,,Niagara,43.08055199,-79.02226596,,24.0,,,52.0,52 Acres,,,official_epa,24 acres; NECCO (Niagara Electrochemical Company) Park — 24-acre unlined dump site owned and operated by E.I. DuPont de Nemours and Company (now Chemours). Most significant source of groundwater contamination in the CECOS area. Site capped 1978; recovery wells operational since 1982. $65 million EPA-ordered cleanup. SOURCE: EPA Superfund / CECOS International corrective action records; greenenvironmentnews.com EPA $65M cleanup order for NECCO Park; EPA Niagara River Toxics Loadings report 2003 (p.112pp).,Dump,1898,present,,,,,,AECom,,,,,Decision Document,Monitoring Wells | Groundwater Treatment System | O&M Plan | Cover System | Monitoring Plan | Fencing/Access Control | Groundwater Containment,"trichloroethylene, 1,1,2,2-tetrachloroethane, trichloroethylene, 1,2,4,-trichlorobenzene, benzene, chloroform, trans-1, 2-dichloroethylene, methylene chloride, trichloroethene (tce), tetrachloroethylene, toluene, vinyl chloride, metal cyanide sludges, hexachloroethane, trichlorofluoromethane, and BHC",19.0,,,,,,,,,,,,,,,,,,,,,,,,"The Chemours Plant (former DuPont Plant Site) is an approximately 52.0-acre site located in an industrial area on Buffalo Avenue in the City of Niagara Falls, Niagara County. It is bordered by Buffalo Avenue to the north and the Robert Moses Parkway, which is adjacent to the Niagara River, to the south. The ""a-f"" designations refer to sub-areas, historical Operable Units (OUs), or remedial segments. The site has a long history of major industrial operations and chemical production. The site was built on fill underlain by old river-bottom sediments of silt and clay overlying Lockport Dolomite. The depth to bedrock is approximately 10 ft.Gill Creek divides the site into approximately equal sections to the east and west of the stream channel. Over half of the site is built on filled land. There are also residential areas north of Buffalo Avenue.The Chemours Plant was in operation from 1896, when the Niagara Electro Chemical Company began the manufacture of metallic sodium. E.I. du Pont de Nemours and Company acquired the plant in 1930 from R&H Chemical Company and manufactured products of both organic and inorganic chemical composition until 2016, when DuPont ceased operations in Niagara Falls.In 1982, investigations confirmed the presence of chlorinated organics in the groundwater. The prime contaminant of concern is trichloroethylene. Others include 1,1,2,2-tetrachloroethane, trichloroethylene, 1,2,4,-trichlorobenzene, benzene, chloroform, trans-1, 2-dichloroethylene, methylene chloride, trichloroethene (tce), tetrachloroethylene, toluene, vinyl chloride, metal cyanide sludges, hexachloroethane, trichlorofluoromethane, and BHC. Studies also verified contamination on the plant site and deep in the bedrock. Off-site migration of contaminated groundwater has occurred. Moreover, Gill Creek, which bisects the site and empties into the adjacent Niagara River, was heavily contaminated. It was partially remediated in 1982. The remaining creek remediation was completed in 1992 under a Consent Order.The manmade Falls Street Tunnel draws portions of the upper Lockport bedrock groundwater flow from seven hazardous waste sites, including this site.DuPont initiated a remedial plan to control the migration of contaminants from the plant site that involved the collection of groundwater from the overburden and shallow bedrock zones and treatment of collected water. The plan also uses the Olin Production Well, that is now operated by DuPont, to collect groundwater from the deep bedrock zones.Long term operations, management, and monitoring activities are in place to collect, treat and monitor groundwater remedial systems from the overburden and bedrock zones including the Gill Creek remediation. In summary, between 1992 and the present, multiple improvements have been made to the collection system including: treatment system upgrades, adding pumping wells, and installing blast fractured bedrock trenches with pumping wells.The plant site was determined to be a major source for contaminant migration.",,,,,,Chemours Plant (former DuPont Plant Site),https://cumulis.epa.gov/supercpad/cursites/csitinfo.cfm?id=0201992,
nan,4.0,hazard_sites_updated_ONLY (no NYSDEC program number),Occidential-102nd Street,Occidental-102d Street,,,,Federal NPL - Deleted,,,,40,1.0,,NYSDEC 932022,,,,,,,9.0,"102ND STREET, SOUTH OF RIVER ROAD",,NIAGARA FALLS,,14304.0,,,Niagara,43.07395179,-78.9497663,,22.0,,,16.5,16.5 Acres,,,narrative_text,"Narrative states: ""The Hooker-102nd Street Landfill site is a 22-acre site""",Landfill,1943,1971,,,"Environmental Resource Holdings, LLC",7601 Old Channel Trail,Hooker Chemicals and Plastics Corp.,,,,,,Deed Restriction,Landuse Restriction | Building Use Restriction | Groundwater Treatment System | Monitoring Wells | O&M Plan | Cover System | Leachate Collection | Monitoring Plan | Fencing/Access Control | Subsurface Barriers | Groundwater Containment | Ground Water Use Restriction,"1,2,4,5-tetrachlorobenzene, BHC Cake (includes Lindane), chlorobenzenes, Phosphorus, mercury brine, Hexachlorocyclohexane (all isomers, including 300 tons of hexachlorocyclohexane process cake, including lindane), benzene, Mercury, Mirex, 1,4-dichlorobenzene, 1,2,4-trichlorobenzene, organic compounds (SVOCs) such as phenol and polycyclic aromatic hydrocarbons (PAHs), polychlorinated biphenyls (PCBs) and dioxins",18.0,,,,,,,,,,,,,,,,,,,,,,,,"The Hooker-102nd Street Landfill site is a 22-acre site located on the Niagara River at 102nd Street, at the eastern edge of the City of Niagara Falls, Niagara County. It is bounded by Buffalo Avenue to the north, the Belden Site (a.k.a. Niagara River Site# 932055) to the east, the Niagara River (and Cayuga Island, a residential community) to the south and Griffon Park (another waste site) to the west. Homes are across the street and nearby to the east. Occidental Chemical Corporation, formerly Hooker Chemical and Plastics Corporation, owns 15.6 acres. Olin Chemical Corporation owns the remaining 6.5 acres.Hooker/Occidental and Olin estimate that from 1943 until 1970 they dumped approximately 100,000 tons of hazardous waste at the 102nd Street dumpsite, most of which wasat surface, meaning not buried. Those wastes included: 1,2,4,5-tetrachlorobenzene, BHC Cake (includes Lindane), chlorobenzenes, Phosphorus, mercury brine, Hexachlorocyclohexane (all isomers, including 300 tons of hexachlorocyclohexane process cake, including lindane), benzene, Mercury, Mirex, 1,4-dichlorobenzene, 1,2,4-trichlorobenzene, organic compounds (SVOCs) such as phenol and polycyclic aromatic hydrocarbons (PAHs), polychlorinated biphenyls (PCBs) and dioxins. The highest concentration of dioxin ever found to date in New York State was identified there. A highly contaminated city storm sewer that originated at Love Canal ran through the middle of the site and emptied into the Niagara River delta.In 1989, EPA and DEC issued a report prioritizing 33 site clusters in order of theirpotential for polluting the Niagara River. The 33 site clusters were divided into three categories. This site was designated as a Category II priority site with estimates of between 1 to 50 lb/day loads to the Niagara River.Sites from Category I and II collectively represented 99.9% of the total estimated loadings of 694 lbs (315 kg)/day. Reports from 2023 indicate that chemical waste continues to migrate into the Niagara River from the site.The site was listed on the National Priorities List (NPL) by the EPA in 1983. Remedial construction was completed in 1999. Groundwater monitoring wells are present around the perimeter. Leachate recovery and pump chambers are located along the Niagara River. Collected leachate is automatically pumped north to the Love Canal site for treatment. Non-aqueous phase leachate (NAPL) recovery wells dot the central portion of the site. The site includes a sub-surface perimeter slurry wall and a synthetic landfill cap (1997), which is now 29 years old.The site was delisted from the NPL by the EPA in August 2004. Operation and site management is ongoing. EPA took the site off the National Priorities List in August 2004.",,,,,,Occidential-102nd Street,https://cumulis.epa.gov/supercpad/SiteProfiles/index.cfm?fuseaction=second.cleanup&id=0201706,
nan,14.0,hazard_sites_updated_ONLY (no NYSDEC program number),Bell Aerospace Impoundment Pond,Bell Aerospace impoundment pond,,,,NY State Superfund,,NYSDEC 932052,,5,1.0,,NYD002106276,,,,,,,,ROUTE 62 AND WALMORE RD.,,Wheatfield,,14150.0,,,,43.102672222,-78.928361111,,0.14,,,0.5,0.5 Acres,,,official_nysdec,"~0.14 acres; former Neutralization Pond approximately rectangular at 100 feet x 60 feet (6,000 sq ft = 0.138 acres). Per NYSDEC RCRA report for Bell Aerospace-Textron Site #932052. This figure refers to the contaminated impoundment pond only, not the full Bell Aerospace campus. SOURCE: NYSDEC RCRA Report for 932052 (extapps.dec.ny.gov/data/DecDocs/932052/Report.HW.932052.2025-02-05.RCRA_CME_Report.pdf).",,,,,,,,,,,,,,,,"dichloroethylene, trichloroethylene, methyl chloride, and vinyl chloride. | Methylene chloride | Trichlorofluoromethane | 1,1-Dichloroethylene | 1,1-Dichloroethane | Trans-1,2-dichloroethylene | Chloroform | 1,2-Dichloroethane | 1,1,1-Trichloroethane | Trans-1,3-dichloropropylene | Trichloroethylene | Benzene | Tetrachloroethylene | Toluene | Ethyl benzene | Vinyl chloride",20.0,,,,,,,,,,,,,,,,,,,,,,,,"The Bell Aerospace Textron plant is located approximately 2.5 miles north of the NiagaraRiver, adjacent to the Niagara Falls International Airport. Between 1948 and 1984, the company used an unlined 60' X 100' surface impoundment (pond) to collect wash water from rocket engine test firings, storm run-off, and solvent drippings from cleaning, degreasing, and anodizing operations. Hazardous waste and constituents of concern include trichloroethylene and dichloroethylene. The wastes were discharged to a sanitary sewer after pH adjustment.Some of polluted groundwater discharged to Bergholtz Creek and other aquifers that discharge directly to the Niagara River. It released as aqueous (dissolved) phase contaminant plumes and as a dense non-aqueous phase liquid (DNAPL) plume. The primary chemical of concern is TCE and its degradation products, PCE and VC, and to a lesser degree 1,1,1-TCA. Chromium and copper were also found to have migrated into the ground water.Ground water samples collected by the owner contained high concentrationsof dichloroethylene, trichloroethylene, methyl chloride, and vinyl chloride.Methylene chlorideTrichlorofluoromethane1,1-Dichloroethylene1,1-DichloroethaneTrans-1,2-dichloroethyleneChloroform1,2-Dichloroethane1,1,1-TrichloroethaneTrans-1,3-dichloropropyleneTrichloroethyleneBenzeneTetrachloroethyleneTolueneEthyl benzeneVinyl chlorideMean concentration of twosamples (in ?g/L)Narrative: The pond was physically closed in 1987, and corrective actions began in 1993. There are significant restrictions and controls on the site, including a Site Management Plan, landuse restriction, Groundwater Treatment System, O&M Plan, Cover System, Soil Management Plan, Fencing/Access Control, Monitoring Plan, Groundwater ContainmentIC/EC Plan.In 1989, EPA and DEC issued a report prioritizing 33 site clusters in order of theirpotential for polluting the Niagara River. The 33 site clusters were divided into three categories. This site was designated as a Category II priority site with estimates of between 1 to 50 lb/day loads to the Niagara River. Reports from 2023 indicate that chemical waste continues to migrate into the Niagara River from the site.Sites from Category I and II collectively represented 99.9% of the total estimated loadings of 694 lbs (315 kg)/day.A bioremediation pilot study was initiated in October 2017 to evaluate the effectiveness of subsurface injections of commercially available carbon substrate, microbial culture, and iron-based products to accelerate the naturally occurring anaerobic dechlorination of dissolved-phase chlorinated volatile organic compounds in bedrock groundwater. Results are inconclusive.",,,,,,Bell Aerospace Impoundment Pond,https://cumulis.epa.gov/supercpad/CurSites/csitinfo.cfm?id=NYD002106276,
nan,53.0,hazard_sites_updated_ONLY (no NYSDEC program number),Niagara River,"Niagara River, Belden",,,,NY State Superfund,,NYSDEC 932055,,94,1.0,,,,,,,,,9.0,East of Olin's 102nd Street Site,,Wheatfield,,14240.0,,,Niagara,43.070993599,-78.944676824,,,,,2.7,2.7 Acres,,,,,Pond,,,,,,,,,,,,,,,,,,,,,,,,,,,,,,,,,,,,,,,,"The Belden site is a residential property located at 2006 Wildwood Parkway on the boundary of the City of Niagara Falls and Town of Wheatfield, New York. The site is located in a residential neighborhood on the Niagara River. This site was used by the Goodyear Company for the deposition of fill, rubble, and thiazole polymer blends in unknown quantities.      Leachate has been noted leaving this site in surface water, but thechemical composition is unknown.      Soil samples at the site were analyzed for volatile organic compounds (VOCs), semi-volatile organic compounds, metals, and pesticides. Metals, VOCs and BNAs were detected in soil samples collected at the site; however, the only compound detected above residential use soil cleanup objectives was mercury. Mercury was detected in one soil sample at 7.39 parts per million (ppm), above the residential use soil cleanup objective of 0.81 ppm.      A USEPA investigation concluded that there was no imminent or substantial risk to public health.  However, this investigation did not cover the southwestern section of the site where contamination is suspected. There are no barriers or signs restricting access to this poorly covered, overgrown site. Duck hunters have been observed on-site behind a duck blind.  Leachate has been noted, thus creating the possibility for human exposure.      Preliminary data indicate some potential for contaminant migration, butanalyses of ground-water samples indicate low concentrations of contaminants.Additional analyses would be needed to define the extent of ground-water contaminationand the potential for offsite migration. The potential for contaminantmigration is indeterminable.   Further sampling is needed so that potential human exposures to site-related contaminants can be assessed.",,https://appfactory.dec.ny.gov/DERExternalSearch/ERDDetails?CameFromList=false&SiteCode=932055,,,,Niagara River,https://appfactory.dec.ny.gov/DERExternalSearch/ERDDetails?CameFromList=false&SiteCode=932055,
nan,36.0,hazard_sites_updated_ONLY (no NYSDEC program number),2020 River Road,2020 River Road,,,,NY State Superfund,,,,,,,,,,,,,,,,,Wheatfield,,,,,,43.0723132,-78.9431603,,,,,4.59,4.59,,,,,,1965,1972,,,,,,,,,,,,,,,,,,,,,,,,,,,,,,,,,,,,,,"The 4.2 -acre Town-owned site is listed as an inactive hazardous waste site (No. E932135) and was found to contain contamination from volatile organic compounds (VOCs), semi-volatile organic compounds (SVOCs) and Polychlorinated Biphenyls (PCBs) in soils that were above established standards. Landfilling of the property in the late 1970s and early 1980s raised the elevation of the site up to10.5 feet in some places. The fill material consists of industrial wastes such as ash, cinders, firebrick, coal, foundry sand and slag. In addition, unknown slag-like material and an oily sheen on the groundwater surface and within the fill have been found, but not identified through laboratory analysis. It is also reported that the southern portion of the property was filled in with grinding wheel sand, extending the land approximately 100 feet to the south.      The landfill is located within the Town of Wheatfield, Niagara County on land that was reclaimed from the Niagara River channel in the area of the Niagara River north bank and Williams Road extension.  The site was operated from 1965 through 1972.  During this time period the landfill received solid waste primarily from Carborundum's Wheatfield and Buffalo Ave.  plants and Bell Aerospace Textron, of Niagara Falls.  The site also received approximately 25 loads of ash from the City of Niagara Falls incinerator. Other fill material disposed of on site consisted of broken abrasive wheels, fines, adhesives, fly ash, and miscellaneous debris and rubbish.  Organic chemicals are still present. Initial investigations were inconclusive; clean up is needed. Potential impacts on the Niagara River need to be further evaluated.",,https://extapps.dec.ny.gov/data/DecDocs/E932135/Report.ERP.E932135.2013-04-17.Phase_II.pdf,,,,2020 River Road,https://extapps.dec.ny.gov/data/DecDocs/E932135/Report.ERP.E932135.2013-04-17.Phase_II.pdf,
nan,35.0,hazard_sites_updated_ONLY (no NYSDEC program number),Brzezinski Property,Lynch Park/Brzezinski Property,,,,NY State Superfund,,NYSDEC 932006,,76,1.0,932006.0,NYD980507008,,,,,,State Superfund Program,9.0,2040 River Road,,Wheatfield,,,,,Niagara,43.07045687,-78.94255093,,,,,4.6,4.6,,,,,,~1965,~1972,,,,,JOHN & ANNA BRZEZINSKI,,,,,,,,,,,,,,,,,,,,,,,,,,,,,,,,,"This site is also known as 2040 River Road and the Lynch Park site. It is located in the town of Wheatfield, proximate to the Niagara Falls boundary. It was also adjacent to the 200-unit Lynch Trailer Park and several residences.The land the site is located on was reclaimed from the NiagaraRiver channel. An earthen berm was constructed across the mouth of asmall cove in the 1960's, and was subsequently reinforced with concreterubble and other similar materials.It was used to dump inert industrial wastes from Carborundum Company and BellAerospace in Niagara Falls, plus incinerator ash from a City of Niagara Falls facility. There has been a minimum of sampling at this site; of the three soil samples taken fromthe landfill, one has shown some evidence of organic chemicals.State investigators initially concluded thatThe site has a low potential to impact either public health or the environment although the landfill is located immediately adjacent to the Niagara River, because there are no known water intakes within three miles there are no known no critical habitats or designated wetlands downgradient of the site. No further action was taken.*** The Niagara Falls drinking water intakes are just over three miles downstream. Cayuga Island, and miles of important wetlands (now RAMSAR Treaty designated) are mere feet and yards away downstream.More recently, State investigators note:the Niagara County Water District raw water intake line and the Grand Island distribution line is adjacent to the site and could be potentially impacted by groundwater. Potential impacts on the Niagara River need to be further evaluated.",,https://appfactory.dec.ny.gov/DERExternalSearch/ERDDetails?CameFromList=false&SiteCode=932006,,,,Brzezinski Property,https://appfactory.dec.ny.gov/DERExternalSearch/ERDDetails?CameFromList=false&SiteCode=932006,
nan,70.0,hazard_sites_updated_ONLY (no NYSDEC program number),Niagara Falls Air Reserve Station,Niagara Falls Air Reserve Station,,,,Federal Facility,,,,,,,,,,,,,,,10405 Lockport rd,,Niagara Falls,,14304.0,,,Niagara,43.1133,-78.9475,,550.0,,,38.0,38,,,unofficial_estimate,"~550 acres per Buffalo News 2024 article on PFAS contamination at Niagara Falls Air Reserve Station. NON-OFFICIAL: newspaper estimate. LIKELY DUPLICATE of NYSDEC 932106 (914 Tactical Airlift Group) which has area_acres_best=629.908 from polygon boundary. The 550-acre figure may refer to operational area excluding some ancillary land. SOURCE: buffalonews.com ""No cleanup in sight for Niagara Falls Air Reserve Station polluted with forever chemicals"" (June 2024).",,,,,,,,,,,,,,,,PFAS,1.0,,,,,,,,,,,,,,,,,,,,,,,,"Niagara Falls Air Reserve Station is of the worst polluted military sites in the nation with PFAS. Per- and polyfluoroalkyl chemicals are present in groundwater at the station in levels up to 300,000 times greater than drinking water standards set by the U.S. Environmental Protection Agency. The pollution came from foam, called aqueous film-forming foam, or AFFF, that firefighters used mostly in training activities at the station from the 1960s through late 1990s. PFAS chemicals have since made their way into Cayuga Creek, according to studies by Buffalo Niagara Waterkeeper and the state Department of Environmental Conservation. Cayuga Creek runs through the property and is a tributary of the Niagara River and Lake Ontario, a major drinking water source for tens of thousands of people in the United States and Canada. Clean up has not yet commenced.      Building 850 on the Station property is a large maintenance hangar for the aircraft under the 914th Air Force Reserve Airlift Wing. The hangars fire suppression system went off unexpectedly on August 21, 2010, releasing approximately 48,000 gallons of fire suppression foam (FFF foam). Most of the foam was contained in the hangar; however, some leaked outside into a neighboring tributary that runs into Cayuga Creek. The spill incident report requested no further action. NYSDEC concurred and the case was closed September 21, 2010. Knowledge of PFAS chemicals subsequently changed. The EPA issued health advisories for PFAS categories (PFOA, PFOS) beginning in January 2009.",,,,,,Niagara Falls Air Reserve Station,https://cumulis.epa.gov/supercpad/cursites/csitinfo.cfm?id=0202451,
nan,49.0,hazard_sites_updated_ONLY (no NYSDEC program number),64th Street North Site,64th Street North Site,,,,NY State Superfund,,NYSDEC932085A,,,,,,,,,,,State Superfund Program,9.0,North of Pine Avenue,,Niagara Falls,,14304.0,,,Niagara,43.091772398,-78.986362159,,,,,15.0,15 Acres,,,,,,,,,,,,,,,,,,,,,,,,,,,,,,,,,,,,,,,,,,,,,"The 64th Street North Site is located in an urban area to the north of Pine Ave. at the northeast intersection of Factory Outlet Blvd and ------Drive in Niagara Falls, Niagara County.Approximately 60 percent of this land is covered by pavement or commercial buildings.Since the late 1930s, the area now known as the 64th Street site has been used intermittently for the disposal of municipal, commercial, construction/demolition, and alleged industrial and hazardous wastes. This disposal has taken place within drainage swales crossing the site and within surrounding wetland areas.Between the late 1930s and the 1950s, the 64th Street-North Site has been used for the disposal of municipal waste from the City of Niagara Falls and construction and demolition waste, and possibly incineration waste, from a nearby Department of Defense (DoD) housing facility. Citizens noted dumping by a local waste hauler as well. International Paper and Goodyear Tire and Rubber Company wastes were disposed of on the Johnson-owned portion the 64th Street-North Site. Waste disposal occurred from 1955 to the early 1970s.Testing confirmed hazardous waste and lead contamination exceedances; but further testing did not replicate those results, so no further action was taken.The Basic Carbon site, besides being a possible Hazardous waste site itself, was also part of the 64th Street-North site.In the late 1950s through the early 1960s, the I-190 was constructed and now bisects the 64th Street North site.",,,,,,64th Street North Site,http://www.niagarafrontier.com/environment.html,
nan,68.0,hazard_sites_updated_ONLY (no NYSDEC program number),Ni-Mo Harper Substation,Ni-Mo Harper Substation,,,,NY State Superfund,,NYSDEC 932123,,,,,,,,,,,,,47th st and Hyde Park Blvd,,Niagara,,14303.0,,,Niagara,43.0858,-79.0205,,,,,25.0,25,,,,,,,,,,,,,,,,,,,,,,,,,,,,,,,,,,,,,,,,,,,,,"The Harper Substation is located on Royal Avenue in the City of Niagara Falls, New York. It is a 25-acre rectangular parcel that is surrounded by industrial facilities to the north, east and south. Homes are 300 feet away. The twin buried conduits of the New York Power Authority Power Project lie to the west and the Citys Falls Street Tunnel, a large combined sewer, lies to the north. Both systems influence groundwater flow on the siteThe substation was originally constructed in the early 1920s by the Niagara Falls Power Corporation (a predecessor to Niagara Mohawk, and National Grid Company).  Two former Buildings (Echota and Terminal Buildings) were demolished between in 2000.      PCB-containing oil was historically used at the substation.A preliminary investigation in 1999 revealed contaminated soil and subsurface structures. Remedial activities were undertaken. Groundwater beneath the site is contaminated with chlorinated ethenes and dichlorobenzenes from a source upgradient of the site. In addition, LNAPL containing PCBs, VOCs and SVOCs was detected in one upper bedrock monitoring well.The site no longer contains significant amounts of contamination.",,https://appfactory.dec.ny.gov/DERExternalSearch/ERDDetails?SiteName=Harper%20substation&County=All%20Counties&City=&Position=0&CameFromList=true&EngineeringControls=All&InstitutionalControls=All&Region=All%20Regions&ControlType3=All&Street=&Program=All%20Programs&SiteClass=All%20Classes&SiteCode=932123%20%20,,,,Ni-Mo Harper Substation,https://appfactory.dec.ny.gov/DERExternalSearch/ERDDetails?SiteName=Harper%20substation&County=All%20Counties&City=&Position=0&CameFromList=true&EngineeringControls=All&InstitutionalControls=All&Region=All%20Regions&ControlType3=All&Street=&Program=All%20Programs&SiteClass=All%20Classes&SiteCode=932123%20%20,
nan,50.0,hazard_sites_updated_ONLY (no NYSDEC program number),64th Street South,64th Street,,,,NY State Superfund,,NYSDEC932085B,,,,,,,,,,,State Superfund Program,9.0,South of Pine Avenue,,Niagara Falls,,,,,Niagara,43.088725627,-78.992790993,,10.0,,,10.0,10 Acres,,,narrative_text,"Narrative states: ""This 10 acre site""",,,,,,,,,,,,,,,,,,,,,,,,,,,,,,,,,,,,,,,,,"The 64th Street South site is bound by Girard Avenue to the south, 61st Street to the west, Niagara Falls Boulevard (Route 62) to the north, and Chevy Place to the east in the City of Niagara Falls, Niagara County.This 10 acre site includes commercial buildings, parking areas, and small parcels of both commercial and residential land.Originally farmland, the City of Niagara Falls operated a municipal landfill on this site during the 1940's and 1950's and possibly the 1960's.  Domestic and commercial wastes are suspected to be the principal wastes, although the disposal of industrial wastes is a possibility. Testing confirmed polycyclic aromatic hydrocarbons up to 61 ppm. Ash and slag was visually observable in several places, including where children play. Pesticides, toluene, metals were also found. A Phase I Investigation could not document the disposal of hazardous waste at this site, and therefore no further action was taken.Further investigation is needed to evaluate any potential public health threats.",,,,,,64th Street South,http://www.niagarafrontier.com/environment.html,
nan,58.0,hazard_sites_updated_ONLY (no NYSDEC program number),St. Marys and Bishop Duffy School,St. Marys and Bishop Duffy School,,,,Brownfield,,NYSDEC 932087,,238,1.0,,,,,,,,,9.0,66th Street,,Niagara Falls,,,,,Niagara,43.0824701,-78.98978944,,,,,2.0,2 Acres,,,,,,,,,,Niagara Catholic High School | UNKNOWN,520 66TH STREET | 520 66TH STREET,UNKNOWN,,,,,,,,,,,,,,,,,,,,,,,,,,,,,,,,,"The site was reportedly used by Hooker Chemical Company to dispose of fly ash during the 1950's. The site later became the parking lot for Niagara Catholic High School. In August of 1982 and May of 1983, the USGS collected soil samples in the approximate area of suspected disposal. The results indicated low levels of some organic chemicals. Further investigation revealed elevated levels of radiation in the parking lot and football field, which is suspected to be from TENORM (human enhanced radioactive material) slag material.      New York State Department of Health has recommended that the remaining portion (listed, southern section) of the site not be developed due to the presence of low level radioactive slag beneath the paved area. The presence of the slag would be a health concern if during any excavation work the material is brought to the ground surface, potentially creating inhalation, direct contact, and ingestion exposure pathways. No further action is required at this time.",,https://appfactory.dec.ny.gov/DERExternalSearch/ERDDetails?CameFromList=false&SiteCode=932087,,,,St. Marys and Bishop Duffy School,https://appfactory.dec.ny.gov/DERExternalSearch/ERDDetails?CameFromList=false&SiteCode=932087,
nan,66.0,hazard_sites_updated_ONLY (no NYSDEC program number),ROSS STEEL,Ross Steel,,,,Information Not Available,,,,,,,NYD012964359,,Not on the NPL,NFRAP-Site does not qualify for the NPL based on existing information,2.0,,,,4237 Pine Avenue,,Niagara Falls,,14301.0,,,NIAGARA,43.0938123,-79.0125664,"CORRECTED 2026-06-07: was lon=-78.04 (anomaly). Updated to lat=43.0938123, lon=-79.0125664 via Nominatim geocode of 4237 Pine Ave, Niagara Falls NY 14301 (EPA ID NYD012964359, per homefacts.com)",,,,1.5,1.5,,,,,,,,,,,,,,,,,,,,Heavy metals,1.0,,,,,,,,,,,,,,,,,,,,,,,,"[business address site was supposedly contaminated, plus two sites on Connecting Road and Pine Avenue, where NYPA conduits pass, were used and chemical dump sites:      In 1982, two soil samples were obtained from the Ross Steel Companys property, which was located south of CECOS (near 1120 Connecting Road), that revealed heavy metal contamination.      The former company site is the location through which the Power Authority Conduits pass. Large excavations were made in order to place these conduits. As a result of that construction, the Ross Steel site is now either excavated or covered and seeded. A Phase I investigation for this site was completed in 1989 and concluded that, post excavation, no hazardous waste remained on the site.",,,,,,ROSS STEEL,https://cumulis.epa.gov/supercpad/CurSites/csitinfo.cfm?id=NYD012964359,
nan,90.0,hazard_sites_updated_ONLY (no NYSDEC program number),Balmer Road School,Balmer Road School,,,,Federal Facility,,,,,,,,,,,,,,,1600 Balmer Road,,,,,,,,43.2201,-78.9686,,,,,39.4,39.4,,,,,,,,,,,,,,,,,,,,,,,,,,,,,,,,,,,,,,,,,,,,,"Former U.S. Airforce Plant 68,  LAKE ONTARIO ORDNANCE WORKS, Lewiston, NY, 1966-1970      People who attended school in the 1960s at the Balmer Road Temporary Elementary School in Lewiston, New York, nearby Niagara Falls, are seeking information about exposure to radioactivity when they attended the school. A high percentage are battling cancer and other chronic illnesses. They believe that they were exposed to radioactive isotopes that were strewn about the school property, which was part of the Lake Ontario Ordnance Works (LOOW) site. This matter is developing.",,,,,,Balmer Road School,https://buffalonews.com/news/local/decades-later-illness-and-fear-grip-those-who-attended-school-next-to-nuclear-waste-dump/article_75f24fc8-c5ff-11ea-90f5-27244b29ca60.html,
nan,29.0,hazard_sites_updated_ONLY (no NYSDEC program number),Olin Corporation Parking Lot,Olin Corporation Parking Lot,,,,RCRA Corrective Action,,NYSDEC932051A,,,,,,,,,,,,,Buffalo Avenue,,Niagara Falls,,14302.0,,,Niagara,43.08357637,-79.029968085,,,,,2.11,2.11 Acres,,,,,,,,,,,,,,,,,,,,,,,,,,,,,,,,,,,,,,,,,,,,,"The Olin Parking Lot site is located 132 feet north of Buffalo Avenue across from the main Olin Plant site in the City of Niagara Falls, Niagara County. The Parking Lot site consists of two non-contiguous parcels separated by 27th Street. Prior to remediation, the primary contaminant of concern was mercury in soils and groundwater. Remedial actions have successfully achieved soil cleanup objectives for commercial use. Residual contamination in the soil and groundwater is being managed under a Site Management Plan and Deed Restriction.",,,,,,Olin Corporation Parking Lot,https://extapps.dec.ny.gov/data/der/factsheet/932051adelistprop.pdf,
EPA-NYD980534267,,new_sites_to_investigate,Sevenson Environmental Service,,EPA CERCLA (Non-NPL),CERCLA,,Federal CERCLA (Non-NPL),,,,,,,NYD980534267,,Not on NPL,NFRAP - No Further Remedial Action Planned,2.0,,,,2749 Lockport Road,2749 Lockport Road,Niagara Falls,,14305.0,,,Niagara,43.1153247,-79.0283214,Geocoded 2026-06-07 via Nominatim from 2749 Lockport Road NF NY 14305. EPA record had wrong coords (NYC lat/lon).,,,,,,,,unavailable,No acreage found in EPA CERCLA record or web search,,,,,,,,,,,,,,,,,,,,,,,,,,,False,,,,,,,5 - ADDED FROM new_sites_to_investigate.txt,YES,,EPA CERCLIS/SEMS database; niagarafrontier.com environmental impact page,"Added 2026-06-07. No NYSDEC program number found. EPA NFRAP no further action planned. Original EPA coordinates (lat=40.7, lon=-74.15) were wrong (NYC); corrected via Nominatim geocoding.",,,"Sevenson Environmental Service is located at 2749 Lockport Road, Niagara Falls, NY 14305 (EPA ID: NYD980534267). Listed as a CERCLA (Superfund) site that does not qualify for the National Priorities List (NPL). Status: NFRAP (No Further Remedial Action Planned). The site was identified as a contaminated location in EPA Region 2. The facility was presumably a remediation services company that itself became a contaminated site. No further EPA action is planned based on existing information.",,https://cumulis.epa.gov/supercpad/CurSites/csitinfo.cfm?id=0203354,,,,Sevenson Environmental Service,https://cumulis.epa.gov/supercpad/CurSites/csitinfo.cfm?id=0203354,CERCLA
EPA-NYD055054191,,new_sites_to_investigate,Pyron Metal,,EPA CERCLA (Non-NPL),CERCLA,,Federal CERCLA (Non-NPL),,,North American Hoganas-Pyron Plant,,,,NYD055054191,,Not on NPL,No Further Remedial Action Planned (non-NPL),2.0,,,,5950 Packard Road,5950 Packard Road,Niagara Falls,,14304.0,,,Niagara,43.1030038,-78.9959923,Geocoded 2026-06-07 via Nominatim from 5950 Packard Road NF NY 14304. EPA record had anomalous longitude (-78.03); corrected.,22.0,,,,,,,internet_research,22 acres total property (10.3 fully fenced + 4 acre laydown yard); source: LoopNet commercial listing 5950 Packard Rd NF NY,,,,,,,,,,,,,,,,,,,,,,,,,,,False,,,,,,,5 - ADDED FROM new_sites_to_investigate.txt,YES,,EPA CERCLIS/SEMS database; LoopNet commercial listing; homefacts.com; niagarafrontier.com,Added 2026-06-07. EPA CERCLA non-NPL site. 22 acres per LoopNet. EPA lon=-78.03 was anomalous; geocoded via Nominatim.,,,"Pyron Metal is a Superfund site located at 5950 Packard Road, Niagara Falls, NY 14304 (EPA ID: NYD055054191). The Environmental Protection Agency (EPA) identifies sites such as Pyron Metal because they pose or had once posed a potential risk to human health and/or the environment due to contamination by one or more hazardous wastes. Pyron Metal is currently registered as an Active superfund site by the EPA. However, it is not on the NPL (National Priorities List), which means the EPA does not consider it one of the nations most hazardous waste sites. The facility is also known as the North American Hoganas-Pyron Plant. The property is approximately 22 acres and is located in an industrial area of Niagara Falls near Packard Road.",,https://cumulis.epa.gov/supercpad/CurSites/csitinfo.cfm?id=0201566,https://www.homefacts.com/environmentalhazards/New-York/Niagara-County/Niagara-Falls/Superfund-Pyron-Metal-Nyd055054191.html,,,Pyron Metal,https://cumulis.epa.gov/supercpad/CurSites/csitinfo.cfm?id=0201566,CERCLA
EPA-NYD051812170,,new_sites_to_investigate,Apollo Steel,,EPA CERCLA (Non-NPL),CERCLA,,Federal CERCLA (Non-NPL),,,,,,,NYD051812170,,Not on NPL,No Further Remedial Action Planned (non-NPL),2.0,,,,4800 Wilton Avenue,4800 Wilton Avenue,Niagara Falls,,14301.0,,,Niagara,43.090509,-79.001645,"Geocoded 2026-06-07 via Nominatim from 4800 Tomson Avenue NF NY (Yelp address). EPA record has anomalous longitude (-78.03); corrected. Note: EPA says Wilton Ave, Yelp says Tomson Ave.",,,,,,,,unavailable,No acreage found in EPA CERCLA record or web search,,,,,,,,,,,,,,,,,,,,,,,,,,,False,,,,,,,5 - ADDED FROM new_sites_to_investigate.txt,YES,,EPA CERCLIS/SEMS database; niagarafrontier.com,"Added 2026-06-07. EPA CERCLA non-NPL site. No acreage available. EPA lon=-78.03 anomalous; geocoded via Nominatim (Tomson Ave). Note address discrepancy: EPA says Wilton, Yelp says Tomson.",,,"Apollo Steel is a Superfund site located at 4800 Wilton Avenue (also referenced as 4800 Tomson Avenue), Niagara Falls, NY 14301 (EPA ID: NYD051812170). The site is classified as a non-NPL CERCLA site that does not qualify for the National Priorities List based on existing information. Apollo Steel Corporation is a structural steel fabrication and construction company that has operated in Niagara Falls since approximately 1970. The EPA record indicates contamination at this location requiring monitoring or remediation review, though no further remedial action is currently planned.",,https://cumulis.epa.gov/supercpad/CurSites/csitinfo.cfm?id=0201555,,,,Apollo Steel,https://cumulis.epa.gov/supercpad/CurSites/csitinfo.cfm?id=0201555,CERCLA
EPA-NYD030222103,,new_sites_to_investigate,Sabre Park,,EPA CERCLA (Non-NPL) / NYSDEC Brownfield,CERCLA / BCP,,Federal CERCLA / Brownfield,,,FONF Expansion / Fashion Outlets Niagara Falls Expansion / Sabre Park Mobile Home Community,,,,NYD030222103,,Not on NPL (NFRAP),NFRAP - No Further Remedial Action Planned (1995 delisting),2.0,,,,1705 Third Avenue,1705 Factory Outlet Boulevard,Niagara Falls,,14304.0,,,Niagara,43.0995,-78.9798,"APPROXIMATE coordinates 2026-06-07. Address 1705 Third Ave / Factory Outlet Blvd did not geocode via Nominatim; estimated from nearby C932127 (2250 Factory Outlet Blvd, lat=43.100375, lon=-78.980038).",34.0,,,,,,,internet_research,34-acre former Sabre Park Mobile Home Community per NYSDEC BCP record for FONF Expansion site at 1705 Factory Outlet Blvd,,1978,1978,Contaminated fill deposited September 1978 by Amherst Paving under contract to Hooker Chemical,,,,Hooker Chemical (source of fill); Union Carbide (prior site owner 1949-1969),,,,,,,,,,,Mercury (D009); chlorinated solvents; heating oil; metals from slag/fill,,,,,,,,False,,,,,,,5 - ADDED FROM new_sites_to_investigate.txt,YES,,EPA CERCLIS/SEMS (NYD030222103); NYSDEC BCP FONF Expansion documents; niagarafrontier.com; Buffalo News (paywalled); New_sites_to_investigate.txt compiled research,Added 2026-06-07. Coordinates APPROXIMATE - 1705 Third Ave/Factory Outlet Blvd did not geocode; estimated near C932127 (2250 Factory Outlet). Separate from C932127. NYSDEC delisted 1995; redeveloped as Fashion Outlets expansion.,,,"Sabre Park (EPA ID: NYD030222103) is located at 1705 Third Avenue (also known as 1705 Factory Outlet Boulevard / Fashion Outlet Boulevard / Third Avenue Extension / Connection Boulevard), Niagara Falls, NY 14304. The site encompasses a 34-acre former mobile home community that was owned by Union Carbide from 1949 to 1969, then became a mobile home community in 1972 with approximately 250+ housing units. In September 1978, Amherst Paving - under contract to Hooker Chemical - inadvertently deposited contaminated fill from Hookers property at Sabre Park during site expansion work. The fill contained chlorinated solvents, mercury, and heating oil. EPA sampling in 1986 and 1988 found elevated mercury concentrations. NYSDEC listed the site as an Inactive Hazardous Waste Disposal Site in 1989. EPA subsequently excavated approximately 1,200 cubic yards of mercury-contaminated fill classified as hazardous waste (D009-mercury). NYSDEC delisted the site in 1995. The property later became part of the Fashion Outlets of Niagara Falls expansion (FONF Expansion BCP). NYSDEC BCP documents reference contamination in the Sabre Park parcel from perched water mixing with slag and fill material, with elevated metal concentrations and pH anomalies in groundwater. The sites administrative history is complex due to multiple name changes and overlapping remediation programs.",,https://extapps.dec.ny.gov/docs/remediation_hudson_pdf/fonfri1.pdf,,,,Sabre Park,https://extapps.dec.ny.gov/docs/remediation_hudson_pdf/fonfri1.pdf,CERCLA / BCP
EPA-INTPAPER-NF-BF,,new_sites_to_investigate,International Paper Co - Niagara Mill,,NYSDEC Brownfield (possible C932150),BCP,,Brownfield,,,Former Mill No. 2,,,,,,,,,,,,1225 Buffalo Avenue,1225 Buffalo Avenue,Niagara Falls,,14303.0,,,Niagara,43.0825703,-79.0466044,"Geocoded 2026-06-07 via Nominatim from 1225 Buffalo Avenue, Niagara Falls NY.",18.52,,,,,,,internet_research,"18.52 acres per NYSDEC DER Success Story for Former Mill No. 2 (C932150), Niagara Falls - paper manufacturing history. Possible match; confirm C932150 address is 1225 Buffalo Ave.",,,,,,,,,,,,,,,,,,,,,,,,,,,False,,,,,,,5 - ADDED FROM new_sites_to_investigate.txt,YES,,niagarafrontier.com; NYSDEC DER Region 9 Success Stories (C932150 Former Mill No. 2),"Added 2026-06-07. No confirmed NYSDEC or EPA ID. Possible BCP C932150 (18.52 acres, Former Mill No. 2) - confirm address. NYSDEC C932182 at 1001 Buffalo Ave is a DIFFERENT site.",,,"International Paper Co - Niagara Mill (also referenced as Former Mill No. 2) is located at 1225 Buffalo Avenue, Niagara Falls, NY. The site was listed among brownfield hazardous waste sites in the Niagara Falls Brownfields Assessment Pilot Project (per niagarafrontier.com). The NYSDEC DER Success Stories describe Former Mill No. 2 (Site Number C932150), an 18.52-acre site in a highly industrialized urban area of Niagara Falls that historically housed paper manufacturing, finishing, and packaging operations. This may be the same site, pending address confirmation. The facility was listed as a brownfield at one point per source document. Note: NYSDEC BCP C932182 (The Papermill LLC) at 1001 Buffalo Avenue is a separate, different site.",,,,Former Mill No. 2,,International Paper Co - Niagara Mill,https://cumulis.epa.gov/supercpad/CurSites/csitinfo.cfm?id=INTPAPER-NF-BF,BCP
UNKNOWN-VITULLO-NF,,new_sites_to_investigate,Vitullo,,Unknown - research needed,Unknown,,Information Not Available,,,,,,,,,,,,,,,3640 Packard Road,3640 Packard Road,Niagara Falls,,14304.0,,,Niagara,43.0899636,-79.0187238,"Geocoded 2026-06-07 via Nominatim from 3640 Packard Road, Niagara Falls NY.",,,,,,,,unavailable,No acreage information found in any public source,,,,,,,,,,,,,,,,,,,,,,,,,,,False,,,,,,,5 - ADDED FROM new_sites_to_investigate.txt,YES,,New_sites_to_investigate.txt; web search (no EPA/NYSDEC record found),Added 2026-06-07. No EPA or NYSDEC program number found. Requires further investigation - possibly minor or locally documented site not in federal/state databases.,,,"Vitullo is listed as a potential contaminated site at 3640 Packard Road, Niagara Falls, NY. No NYSDEC program number, EPA ID, or formal remediation record was found in publicly available databases as of 2026-06-07. The site is located on Packard Road in an industrial corridor of Niagara Falls. No further details are available from the source document other than the address.",,,,,,Vitullo,FLAG_NOT_FOUND,Unknown
932080B,,hazard_sites_updated,NFWB Water Treatment Plant,,State Superfund Program,HW,,NY State Superfund,,NYSDEC 932080B,,,,,,,,,,,State Superfund Program,,"Between 5815 Buffalo Ave./Niagara R., 56th - 61st St.",,Niagara Falls,,14304.0,,,Niagara,43.075564836,-78.995245676,,,,,1.0,1 Acres,,,,,,,,,,"several, including City of Niagara Falls, NYPA.",,,,,,,,,,,,,,,,,,,,,,,,,,,,,,,hazard_sites_updated,,,,"The Buffalo Avenue site consists of a 1.0 acre parcel of land located between Buffalo Ave./Niagara R., 56th - 61st, in Niagara Falls, about 400 feet north of the Niagara River.This site was a former wetland area that was used from 1930's to 1960's by Niagara Falls for the disposal of non-combustibles and incinerator residue, and by the NYPA for the disposal of dredging and power project spoil materialTraprock fill was used along the southern part of the area during construction of theparkway.Testing in the early 1980s confirmed chlorinated organics. Subsequent testing confirmed contamination in fill on one acre of the site. Because the fill material in that acre is contiguous with the fill material at site #932080A, this parcel became part of site #932080A and site #932080B was delisted from the Registry of Inactive Hazardous Waste Sites in New York State.",,,,NFWB Water Treatment Plant,932080B,,,HW
932080B,,hazard_sites_updated,V-Area of former DWTP (Occidental),,State Superfund Program,HW,,NY State Superfund,,,,,,,,,,,,,State Superfund Program,9.0,"Between Buffalo Ave. and Niagara R., 56th - 61st St.",,Niagara Falls,,14304.0,,,Niagara,43.075564836,-78.995245676,,,,,1.0,1 Acres,,,,,,,,,,,,,,,,,,,,,,,,,,,,,0.00 Ft (Located within a DAC),0.00 Ft (Located within a PEJ),,,,,,,,,,,hazard_sites_updated,,,,"This site is a separate contaminated portion of the former City of Niagara Falls Drinking Water Treatment Plant (DWTP). It is now owned by Occidental Chemical Corporation and is referred to as the V-Area. It is the subject of various remedial efforts.The natural overburden groundwater flow direction across the V-Area is from north to south, toward the Niagara River, picking up S-Area chemicals as it moved southward through the area of contamination. A collection system was installed across this flow path to intercept overburden groundwater (APL) and limit potential migration of S-Area chemicals to the Niagara River.There are also NAPL recovery wells located at the V-Area in an attempt to preventing APL migration to the Niagara River and the new DWTP to the east.",,,,V-Area of former DWTP (Occidental),932080B,,,HW
EPA-NYN000206699,,radiological_investigation_2026-08-03,Niagara Falls Boulevard Radiological Site,,EPA CERCLA (Non-NPL) — Radiological,CERCLA,,Federal CERCLA (Non-NPL),,,,,,,NYN000206699,,Not on NPL,No Further Remedial Action Planned (non-NPL); removal completed 2021,2.0,,,,"9512, 9524, 9540 and 9626 Niagara Falls Boulevard","9512, 9524, 9540 and 9626 Niagara Falls Boulevard",Niagara Falls,Niagara Falls,14304,14304,,Niagara,43.096381,-78.952432,"Centroid of the four geocoded parcels (Nominatim, 2026-08-03)",4.7,,,,,,,unavailable,1.4-acre woodland plus 3.3-acre parking-lot area (EPA completion fact sheet),,,,,,,,,,,,,,,,,,Low-level radioactive material in soil and fill,Uranium-238 + daughters; Thorium-232 + daughters; Radium-226 + daughters,,,,,,,,False,,,,EPA-NYN000206699,,,6 - ADDED FROM radiological investigation summary,YES,,EPA SEMS/CERCLA action memoranda and fact sheets; Niagara_Radiological_Sites_Investigation_Summary.html (2026-08-03),Added 2026-08-03. Radiological evidence grade CONFIRMED (EPA removal + isotope data).,,,"EPA CERCLA removal site. Assessment data 2013-2015 report Uranium-238 max 196 pCi/g (avg 39.0), Thorium-232 max 541 pCi/g (avg 44.0) and Radium-226 max 199 pCi/g (avg 43.8). Approximately 28,362 tons of low-level radioactive material were excavated across a 1.4-acre woodland and a 3.3-acre parking-lot area; the site was backfilled, paved and restored, with the removal completed in 2021.",,https://cumulis.epa.gov/supercpad/CurSites/csitinfo.cfm?id=0206699,,Niagara Falls Boulevard Radiological Site,,Niagara Falls Boulevard Radiological Site,https://cumulis.epa.gov/supercpad/CurSites/csitinfo.cfm?id=0206699,CERCLA
EPA-NYN000206697,,radiological_investigation_2026-08-03,738 Upper Mountain Road,,EPA CERCLA (Non-NPL) — Radiological,CERCLA,,Federal CERCLA (Non-NPL),,,,,,,NYN000206697,,Not on NPL,No Further Remedial Action Planned (non-NPL); removal completed 2020,2.0,,,,738 Upper Mountain Road,738 Upper Mountain Road,Lewiston,Lewiston,14092,14092,,Niagara,43.155630,-79.021943,"US Census geocoder 2026-08-03 (738 UPPER MOUNTAIN RD, LEWISTON NY 14092)",,,,,,,,unavailable,,,,,,,,,,,,,,,,,,,Radiologically contaminated soil and gravel,Uranium-238 + daughters; Thorium-232 + daughters; Radium-226 + daughters,,,,,,,,False,,,1,EPA-UMR-CLUSTER,,,6 - ADDED FROM radiological investigation summary,YES,,EPA SEMS/CERCLA action memoranda and fact sheets; Niagara_Radiological_Sites_Investigation_Summary.html (2026-08-03),Added 2026-08-03. Radiological evidence grade CONFIRMED. Tonnage not publicly stated.,,,"EPA CERCLA removal site in the Upper Mountain Road cluster. Assessment data 2013-2014 report Uranium-238 max 26.7 pCi/g (avg 5.84), Thorium-232 max 116 pCi/g (avg 21.4) and Radium-226 max 32.6 pCi/g (avg 8.15). Contamination covered a culvert crossing and portions of the gravel driveway and access road; material was removed and clean-backfilled, completed 2020. Final disposal manifests and confirmation survey reports are not public.",,https://cumulis.epa.gov/supercpad/CurSites/csitinfo.cfm?id=0206697,,738 Upper Mountain Road,,738 Upper Mountain Road,https://cumulis.epa.gov/supercpad/CurSites/csitinfo.cfm?id=0206697,CERCLA
EPA-NYN000203537,,radiological_investigation_2026-08-03,789 Upper Mountain Road,,EPA CERCLA (Non-NPL) — Radiological,CERCLA,,Federal CERCLA (Non-NPL),,,,,,,NYN000203537,,Not on NPL,Removal action; residents temporarily relocated,2.0,,,,789 Upper Mountain Road and adjacent residence,789 Upper Mountain Road and adjacent residence,Lewiston,Lewiston,14092,14092,,Niagara,43.156158,-79.018352,"US Census geocoder 2026-08-03 (789 UPPER MOUNTAIN RD, LEWISTON NY 14092)",,,,,,,,unavailable,,,,,,,,,,,,,,,,,,,Radiologically contaminated soil beneath basement/crawlspace and yard,Thorium-232; Radium-228; Actinium-228; Bismuth-212; Lead-212; Thallium-208; Radium-226; Uranium-238; Uranium-233/234; Thorium-234; radon,,,,,,,,False,,,1,EPA-UMR-CLUSTER,,,6 - ADDED FROM radiological investigation summary,YES,,EPA SEMS/CERCLA action memoranda and fact sheets; Niagara_Radiological_Sites_Investigation_Summary.html (2026-08-03),Added 2026-08-03. Radiological evidence grade CONFIRMED - PRIMARY (EPA action memorandum). Volume is an action-memo ESTIMATE; do not report as final tonnage.,,,"EPA CERCLA removal site, Upper Mountain Road cluster. The EPA 2021 action memorandum reports crawlspace soil results of Thorium-232 up to 1,430 pCi/g, Bismuth-212 519, Actinium-228 and Radium-228 518, Lead-212 502, Thallium-208 184, Radium-226 107, Uranium-238 70.5, Uranium-233/234 70 and Thorium-234 19.8 pCi/g, with crawlspace gamma exposure above 500 microroentgen/hour measured in October 2019. About 2,000 cubic metres of contaminated material were estimated; residents were temporarily relocated for excavation and restoration.",,https://cumulis.epa.gov/supercpad/CurSites/csitinfo.cfm?id=0203537,,789 Upper Mountain Road,,789 Upper Mountain Road,https://cumulis.epa.gov/supercpad/CurSites/csitinfo.cfm?id=0203537,CERCLA
EPA-NYN000206698,,radiological_investigation_2026-08-03,Holy Trinity Cemetery and Adjacent Residences,,EPA CERCLA (Non-NPL) — Radiological,CERCLA,,Federal CERCLA (Non-NPL),,,,,,,NYN000206698,,Not on NPL,No Further Remedial Action Planned (non-NPL); residential removals completed,2.0,,,,5401 Robert Avenue (cemetery); 5380 and 5382 Roberts Avenue (residences),5401 Robert Avenue (cemetery); 5380 and 5382 Roberts Avenue (residences),Lewiston,Lewiston,14092,14092,,Niagara,43.148840,-79.032484,"US Census geocoder 2026-08-03 (5401 ROBERT AVE, LEWISTON NY 14092)",,,,,,,,unavailable,,,,,,,,,,,,,,,,,,,Radiologically contaminated soil and fill,Uranium-238 + daughters; Thorium-232 + daughters; Radium-226 + daughters,,,,,,,,False,,,,EPA-NYN000206698,,,6 - ADDED FROM radiological investigation summary,YES,,EPA SEMS/CERCLA action memoranda and fact sheets; Niagara_Radiological_Sites_Investigation_Summary.html (2026-08-03),Added 2026-08-03. Radiological evidence grade CONFIRMED. Cemetery residual status is a documented GAP - quantities are planning ESTIMATES (about 99 cubic yards).,,,"EPA CERCLA removal site. Cemetery-property assessment data from 2013 report Uranium-238 max 287 pCi/g (avg 37.8), Thorium-232 max 358 pCi/g (avg 61.3) and Radium-226 max 360 pCi/g (avg 41.0). A 2016-2017 residential assessment gave a Radium-226 exposure-point concentration of 85.8 pCi/g at Area 6. Garage/driveway and driveway/patio removals were carried out at the adjacent residences and the areas restored; the residual-material status of the cemetery property itself is not established in the public record.",,https://cumulis.epa.gov/supercpad/CurSites/csitinfo.cfm?id=0206698,,Holy Trinity Cemetery and Adjacent Residences,,Holy Trinity Cemetery and Adjacent Residences,https://cumulis.epa.gov/supercpad/CurSites/csitinfo.cfm?id=0206698,CERCLA
EPA-NYN000204317,,radiological_investigation_2026-08-03,Donovan Head Start Property,,EPA CERCLA (Non-NPL) — Radiological,CERCLA,,Federal CERCLA (Non-NPL),,,,,,,NYN000204317,,Not on NPL,CERCLA Removal Only Site; owner-led removal under EPA oversight,2.0,,,,1631 Main Street (playground and rear parking lot),1631 Main Street (playground and rear parking lot),Niagara Falls,Niagara Falls,14305,14305,,Niagara,43.103932,-79.052526,"US Census geocoder 2026-08-03 (1631 MAIN ST, NIAGARA FALLS NY 14305)",,,,,,,,unavailable,"About 10,000 square feet of affected area (EPA site page)",,,,,,,,,,,,,,,,,,Uranium-bearing industrial slag and fill,Uranium-238 in industrial slag/fill,,,,,,,,False,,,,EPA-NYN000204317,,,6 - ADDED FROM radiological investigation summary,YES,,EPA SEMS/CERCLA action memoranda and fact sheets; Niagara_Radiological_Sites_Investigation_Summary.html (2026-08-03),Added 2026-08-03. Radiological evidence grade CONFIRMED. Quantities and final status survey are a documented GAP. Property serves a Head Start facility.,,,"EPA CERCLA Removal Only site. EPA identifies Uranium-238 as the soil contaminant of concern, present in industrial slag and fill 6 to 24 inches below the surface over roughly 10,000 square feet of the playground and rear parking lot. The removal was carried out by the Community Development Institute under EPA oversight, with the parking lot and walkways restored. No tonnage, volume or disposal destination has been published.",,https://cumulis.epa.gov/supercpad/CurSites/csitinfo.cfm?id=0204317,,Donovan Head Start Property,,Donovan Head Start Property,https://cumulis.epa.gov/supercpad/CurSites/csitinfo.cfm?id=0204317,CERCLA
