{"type":"FeatureCollection","features":[{"type":"Feature","geometry":{"type":"Polygon","coordinates":[[[-78.666877,43.141344000000004],[-78.66324399999999,43.14123],[-78.663146,43.14003399999999],[-78.663097,43.139427],[-78.66452799999999,43.13912],[-78.666405,43.13871899999999],[-78.669089,43.13881500000001],[-78.669204,43.138819999999996],[-78.672433,43.138923999999996],[-78.673458,43.138982000000006],[-78.673892,43.138982],[-78.674056,43.138942],[-78.674129,43.13888399999998],[-78.67416899999999,43.13881799999999],[-78.674154,43.137539],[-78.67406799999999,43.13659199999999],[-78.674016,43.13476699999999],[-78.674009,43.134001999999995],[-78.674053,43.13385299999999],[-78.674138,43.133824],[-78.67548599999999,43.13384499999999],[-78.675964,43.13386499999999],[-78.676253,43.133877999999996],[-78.67646800000001,43.13388799999999],[-78.676907,43.13390599999999],[-78.677315,43.133905999999996],[-78.677713,43.133886999999994],[-78.677887,43.13386899999999],[-78.678142,43.133822],[-78.678347,43.13376400000001],[-78.67845299999999,43.133715999999986],[-78.678511,43.13366499999999],[-78.67857099999999,43.13354499999999],[-78.67863,43.133326],[-78.67869499999999,43.13317299999999],[-78.678754,43.13311499999999],[-78.678848,43.13306399999999],[-78.678921,43.133038],[-78.679041,43.13333],[-78.67915200000002,43.13369600000001],[-78.679182,43.13389799999999],[-78.679214,43.134209999999996],[-78.679221,43.13436900000001],[-78.67924400000001,43.13484899999998],[-78.67925199999999,43.135009],[-78.68047,43.13502799999999],[-78.680925,43.135031],[-78.682062,43.13503899999999],[-78.684461,43.13507299999999],[-78.68499,43.135081],[-78.68594399999999,43.135087999999996],[-78.686193,43.13509],[-78.686281,43.135098],[-78.686356,43.13512700000001],[-78.686402,43.135166],[-78.686448,43.135234999999994],[-78.686427,43.13634799999999],[-78.68642,43.13663699999999],[-78.686403,43.13750399999999],[-78.686397,43.137793999999985],[-78.68638299999999,43.138231999999995],[-78.686369,43.13868399999999],[-78.686357,43.139549],[-78.686352,43.13998899999999],[-78.68772799999999,43.14002],[-78.689442,43.14005999999999],[-78.691786,43.140135999999984],[-78.691858,43.140136999999996],[-78.693236,43.140162999999994],[-78.693964,43.140180999999984],[-78.69615,43.14023699999999],[-78.696801,43.14025399999999],[-78.69687900000001,43.14025599999999],[-78.696877,43.140699],[-78.696876,43.14112599999999],[-78.696876,43.142030999999996],[-78.696876,43.142475999999995],[-78.69688,43.14289699999999],[-78.696895,43.144163],[-78.696899,43.14451599999999],[-78.696899,43.144585],[-78.69689699999999,43.144894],[-78.696895,43.145824],[-78.696895,43.146133999999996],[-78.696902,43.14681499999999],[-78.696905,43.147022],[-78.69689699999999,43.148861000000004],[-78.696895,43.149542999999994],[-78.69689,43.149736],[-78.696878,43.150314999999985],[-78.696874,43.150509],[-78.69686999999999,43.150554],[-78.69686,43.150693],[-78.696857,43.150739],[-78.69471899999999,43.150698000000006],[-78.688307,43.150574999999996],[-78.68616999999999,43.150534],[-78.68616899999999,43.150599],[-78.686166,43.15079399999999],[-78.686165,43.150859],[-78.684711,43.15085899999999],[-78.683289,43.150859],[-78.68314400000001,43.14966],[-78.68141299999999,43.149606],[-78.67996,43.149561],[-78.679968,43.14970499999999],[-78.67998,43.149961999999995],[-78.67998999999999,43.15016899999999],[-78.680033,43.15116799999999],[-78.680039,43.151283],[-78.680052,43.15157099999999],[-78.680059,43.15173499999999],[-78.680081,43.15222899999999],[-78.680089,43.15239399999999],[-78.68009099999999,43.15243999999999],[-78.680097,43.15258099999999],[-78.68010000000002,43.15262800000001],[-78.68011000000001,43.15286],[-78.68014,43.15355699999999],[-78.680151,43.15379],[-78.67978699999999,43.153773999999984],[-78.67869499999999,43.15372899999999],[-78.678332,43.153715],[-78.678293,43.153712999999996],[-78.678179,43.15370699999999],[-78.678141,43.15370499999999],[-78.677472,43.153673999999995],[-78.6764,43.153625000000005],[-78.675465,43.15357399999999],[-78.67533499999999,43.15356699999998],[-78.674797,43.153546999999996],[-78.674754,43.153544999999994],[-78.674627,43.153538999999995],[-78.674585,43.15353799999999],[-78.674217,43.153361999999994],[-78.674373,43.15271],[-78.67441199999999,43.15222],[-78.674459,43.151937000000004],[-78.674491,43.151247],[-78.674493,43.15119399999998],[-78.674516,43.150906000000006],[-78.674539,43.15085200000001],[-78.67466499999999,43.15074],[-78.67503599999999,43.15051899999999],[-78.67531,43.150295],[-78.675618,43.149454],[-78.675778,43.14911599999999],[-78.675995,43.14859499999999],[-78.676172,43.148137000000006],[-78.67621799999999,43.14809999999999],[-78.676332,43.148049999999984],[-78.67656000000001,43.14792],[-78.676594,43.14787899999999],[-78.67662899999999,43.147724999999994],[-78.676684,43.14764599999998],[-78.676768,43.147517],[-78.67707899999999,43.147042000000006],[-78.677464,43.146331],[-78.677594,43.14602699999999],[-78.677688,43.14580599999999],[-78.67776099999999,43.14560900000001],[-78.67781500000001,43.145514],[-78.678027,43.14529599999999],[-78.678198,43.145026],[-78.678337,43.14489499999999],[-78.678479,43.144690999999995],[-78.67852599999999,43.14447599999999],[-78.678567,43.144428999999995],[-78.678614,43.14439600000001],[-78.678705,43.144366999999995],[-78.67877399999999,43.14432299999999],[-78.678816,43.14425699999998],[-78.67904999999999,43.144053],[-78.679093,43.143972999999995],[-78.679093,43.143882000000005],[-78.679046,43.143572],[-78.679009,43.143405],[-78.678963,43.14330299999999],[-78.678947,43.14327000000001],[-78.678891,43.14320099999999],[-78.678603,43.14298199999999],[-78.678541,43.14289799999998],[-78.67841299999999,43.142228999999986],[-78.678421,43.142137999999996],[-78.67845,43.14203599999999],[-78.67849,43.141978],[-78.678843,43.14175300000001],[-78.67412499999999,43.141594],[-78.674048,43.14159199999999],[-78.666877,43.141344000000004]]]},"properties":{"geoid":"360630234011","name":"Block Group 1","pop":2214.0,"obs_Mesothelioma":0.0,"exp_Mesothelioma":0.13,"sir_Mesothelioma":0.0,"obs_Lung":8.0,"exp_Lung":9.1,"sir_Lung":0.879,"obs_Bladder":5.0,"exp_Bladder":3.54,"sir_Bladder":1.413,"obs_Esophagus":2.0,"exp_Esophagus":0.73,"sir_Esophagus":2.743,"obs_Oral":3.0,"exp_Oral":1.59,"sir_Oral":1.883,"obs_Brain":0.0,"exp_Brain":0.87,"sir_Brain":0.0,"hlarea_Lung":1,"hlarea_Bladder":1,"hlarea_Esophagus":1,"hlarea_Oral":0,"hlarea_Brain":0,"hlarea_Mesothelioma":0,"merged_area":false,"doh_region":"360630234011"}},{"type":"Feature","geometry":{"type":"Polygon","coordinates":[[[-79.02088599999999,43.136097],[-79.02055399999999,43.135422],[-79.020462,43.135189],[-79.019313,43.132393],[-79.019251,43.132242999999995],[-79.019072,43.131808],[-79.019066,43.131794],[-79.01900499999999,43.131645],[-79.019136,43.131678000000015],[-79.019325,43.13172700000001],[-79.019532,43.13177899999998],[-79.01966399999999,43.131812999999994],[-79.02403799999999,43.131810999999985],[-79.02670400000001,43.13197799999998],[-79.027637,43.13203699999999],[-79.034713,43.132267999999996],[-79.037384,43.132356],[-79.037776,43.132374],[-79.03796799999999,43.132374],[-79.039723,43.13238299999998],[-79.04030800000001,43.13238599999998],[-79.040421,43.13238599999999],[-79.040622,43.132388],[-79.040763,43.132388999999996],[-79.040877,43.13239],[-79.041085,43.132393999999984],[-79.04171199999999,43.13240899999999],[-79.041921,43.132414],[-79.044412,43.13200599999998],[-79.045806,43.13193499999999],[-79.046864,43.132028999999996],[-79.04700799999999,43.13209499999999],[-79.04732400000002,43.132095],[-79.048743,43.132098],[-79.048965,43.132099],[-79.049216,43.132099],[-79.049579,43.132089],[-79.05067,43.13206299999999],[-79.051034,43.132055],[-79.051238,43.132055],[-79.05185,43.132055],[-79.052055,43.132055],[-79.04946,43.13504999999999],[-79.04844299999999,43.13561399999999],[-79.044057,43.13804899999999],[-79.042357,43.143654],[-79.04274099999999,43.14800599999999],[-79.042756,43.14813799999999],[-79.042931,43.149643],[-79.04410399999999,43.15183],[-79.04441299999999,43.15260299999999],[-79.04446899999999,43.152827999999985],[-79.04448099999999,43.15289200000001],[-79.044431,43.152885],[-79.044356,43.15287399999999],[-79.044347,43.15287300000001],[-79.044158,43.152862],[-79.04399599999999,43.15284399999999],[-79.043944,43.15284299999998],[-79.04381,43.15284100000001],[-79.043452,43.15282699999999],[-79.04332699999999,43.152823000000005],[-79.042743,43.15278800000001],[-79.04238099999999,43.15277699999999],[-79.04221199999999,43.15277199999999],[-79.042024,43.15277699999999],[-79.041946,43.15276799999999],[-79.04188099999999,43.15276],[-79.04181,43.15275099999999],[-79.04172,43.152739999999994],[-79.041624,43.152728999999994],[-79.04129499999999,43.152694],[-79.039875,43.152543],[-79.03911,43.152457],[-79.03882399999999,43.152425999999984],[-79.038382,43.152376],[-79.03791,43.15232299999999],[-79.03772099999999,43.15231399999999],[-79.03753499999999,43.152317],[-79.037273,43.15232199999999],[-79.036233,43.152405999999985],[-79.035725,43.152404],[-79.035313,43.152376],[-79.03503099999999,43.152334999999994],[-79.034992,43.15232700000001],[-79.034651,43.152263999999995],[-79.034162,43.152149],[-79.033687,43.152034],[-79.033608,43.152015000000006],[-79.032764,43.151819999999994],[-79.03261499999999,43.15179199999999],[-79.03226,43.15172799999999],[-79.032017,43.15168299999999],[-79.031938,43.151665],[-79.03178199999999,43.151632],[-79.03138299999999,43.151543],[-79.03109599999999,43.151476],[-79.030969,43.151447999999995],[-79.0309,43.15142799999999],[-79.03062899999999,43.15135],[-79.030372,43.15125799999999],[-79.030328,43.15124199999999],[-79.03013899999999,43.15117399999999],[-79.02978399999999,43.15103499999999],[-79.029618,43.15096499999999],[-79.02931,43.150836],[-79.028764,43.150596],[-79.028089,43.15026399999999],[-79.027847,43.15014599999999],[-79.027592,43.150006000000005],[-79.02665700000001,43.149473],[-79.02613,43.149134999999994],[-79.02575,43.14889199999999],[-79.02484199999999,43.148252],[-79.024236,43.147763000000005],[-79.023716,43.14728399999999],[-79.023264,43.14680699999998],[-79.023061,43.146543],[-79.02281099999999,43.14616199999999],[-79.02270899999999,43.145977999999985],[-79.022588,43.14559699999999],[-79.02253499999999,43.14543],[-79.022443,43.145168999999996],[-79.02232,43.14468799999998],[-79.02228699999999,43.14442899999999],[-79.022267,43.143938],[-79.022266,43.14346999999999],[-79.022266,43.14206899999999],[-79.022266,43.141602],[-79.022261,43.140986999999996],[-79.02224,43.140454],[-79.022229,43.14016199999999],[-79.022183,43.139798],[-79.02206,43.139154999999995],[-79.02199,43.138867999999995],[-79.02174099999999,43.13816699999998],[-79.02133099999999,43.137154],[-79.020988,43.136303999999996],[-79.02088599999999,43.136097]]]},"properties":{"geoid":"360630244061","name":"Block Group 1","pop":2709.0,"obs_Mesothelioma":0.0,"exp_Mesothelioma":0.1117764783,"sir_Mesothelioma":0.0,"obs_Lung":5.0,"exp_Lung":6.9816277112,"sir_Lung":0.716,"obs_Bladder":6.0,"exp_Bladder":2.8283285565,"sir_Bladder":2.121,"obs_Esophagus":0.0,"exp_Esophagus":0.5458905763,"sir_Esophagus":0.0,"obs_Oral":2.0,"exp_Oral":1.1446048381,"sir_Oral":1.747,"obs_Brain":0.0,"exp_Brain":0.7733189544,"sir_Brain":0.0,"hlarea_Lung":0,"hlarea_Bladder":0,"hlarea_Esophagus":1,"hlarea_Oral":0,"hlarea_Brain":0,"hlarea_Mesothelioma":0,"doh_region":"36063DOH0009","merged_area":true,"merged_bg_count":2}},{"type":"Feature","geometry":{"type":"Polygon","coordinates":[[[-79.041214,43.131723],[-79.04155899999999,43.13104299999999],[-79.04169000000002,43.13078799999999],[-79.041894,43.13038799999999],[-79.04222899999999,43.12970699999999],[-79.042536,43.129086],[-79.04314099999999,43.12788499999999],[-79.043249,43.12767300000001],[-79.04359099999999,43.12699699999999],[-79.04361899999999,43.12694099999999],[-79.043649,43.12687999999999],[-79.043826,43.12653299999999],[-79.043886,43.126418],[-79.044057,43.126085999999994],[-79.04427199999999,43.125642],[-79.044328,43.125527],[-79.044528,43.125115],[-79.04464899999999,43.12489599999999],[-79.044837,43.124593000000004],[-79.04518999999999,43.123988999999995],[-79.04537900000001,43.123729],[-79.045563,43.123531],[-79.046004,43.123084999999996],[-79.046241,43.12284699999999],[-79.046599,43.12255599999999],[-79.04675499999999,43.122435],[-79.04682199999999,43.122381999999995],[-79.046921,43.122305999999995],[-79.047012,43.12221400000001],[-79.047073,43.12215399999998],[-79.047225,43.122228],[-79.047244,43.12223399999999],[-79.047401,43.12228799999999],[-79.047494,43.122307],[-79.047803,43.122316000000005],[-79.04799299999999,43.122323],[-79.04798799999999,43.122553],[-79.047972,43.123243999999985],[-79.047968,43.123475],[-79.047606,43.123472],[-79.046523,43.123464],[-79.046323,43.123463],[-79.046162,43.12345899999999],[-79.04599499999999,43.12372299999999],[-79.045752,43.12420499999999],[-79.045664,43.124431],[-79.04561,43.124605],[-79.045504,43.125003],[-79.045458,43.12550099999999],[-79.045469,43.125533999999995],[-79.045487,43.125544999999995],[-79.045548,43.125555999999996],[-79.046584,43.125556],[-79.047935,43.125579],[-79.04817899999999,43.125581],[-79.04891099999999,43.12558999999999],[-79.049155,43.125592999999995],[-79.049379,43.12559400000001],[-79.04972,43.125598000000004],[-79.050052,43.1256],[-79.050277,43.12560299999999],[-79.050279,43.12541100000001],[-79.05028899999999,43.124835999999995],[-79.050293,43.124645],[-79.05087499999999,43.12464899999999],[-79.05158999999999,43.124655],[-79.052621,43.124649999999995],[-79.052668,43.124649999999995],[-79.053203,43.12465999999999],[-79.05319899999999,43.12476799999999],[-79.052855,43.12500399999999],[-79.051675,43.125774],[-79.05143199999999,43.12594199999999],[-79.050461,43.12656599999999],[-79.050198,43.126736999999984],[-79.050089,43.12682699999999],[-79.04999099999999,43.12693900000001],[-79.049855,43.127154],[-79.04983399999999,43.127188],[-79.04976099999999,43.12730000000001],[-79.049757,43.12730799999999],[-79.04957,43.12759499999999],[-79.049278,43.128039999999984],[-79.04924,43.128098],[-79.049129,43.12827099999999],[-79.049092,43.12833],[-79.049008,43.128459],[-79.04875799999999,43.128848999999995],[-79.048676,43.128979],[-79.04858,43.12912699999999],[-79.048294,43.129573],[-79.048199,43.12972199999999],[-79.047698,43.13050599999998],[-79.047444,43.130908999999996],[-79.04692,43.131931],[-79.046916,43.13193899999999],[-79.046864,43.132028999999996],[-79.045806,43.13193499999999],[-79.044412,43.13200599999998],[-79.041921,43.132414],[-79.04171199999999,43.13240899999999],[-79.041085,43.132393999999984],[-79.040877,43.13239],[-79.040956,43.132255],[-79.041083,43.131991000000006],[-79.041214,43.131723]]]},"properties":{"geoid":"360630201001","name":"Block Group 1","pop":1102.0,"obs_Mesothelioma":0.0,"exp_Mesothelioma":0.05,"sir_Mesothelioma":0.0,"obs_Lung":1.0,"exp_Lung":3.39,"sir_Lung":0.295,"obs_Bladder":0.0,"exp_Bladder":1.33,"sir_Bladder":0.0,"obs_Esophagus":0.0,"exp_Esophagus":0.27,"sir_Esophagus":0.0,"obs_Oral":1.0,"exp_Oral":0.58,"sir_Oral":1.713,"obs_Brain":1.0,"exp_Brain":0.36,"sir_Brain":2.753,"hlarea_Lung":0,"hlarea_Bladder":0,"hlarea_Esophagus":1,"hlarea_Oral":0,"hlarea_Brain":0,"hlarea_Mesothelioma":0,"merged_area":false,"doh_region":"360630201001"}},{"type":"Feature","geometry":{"type":"Polygon","coordinates":[[[-79.02775199999999,43.102975],[-79.027835,43.103142999999996],[-79.02788799999999,43.103253],[-79.027939,43.103348],[-79.027992,43.10346099999999],[-79.027993,43.103463999999995],[-79.028334,43.10423600000001],[-79.028403,43.10438799999999],[-79.028463,43.10452399999999],[-79.028598,43.10482799999998],[-79.028644,43.104932],[-79.028705,43.105067999999996],[-79.02871999999999,43.105104000000004],[-79.028768,43.105214999999994],[-79.028785,43.105251999999986],[-79.02883,43.10535100000002],[-79.028965,43.10564999999999],[-79.02901,43.10574999999999],[-79.029031,43.1058],[-79.029097,43.105951],[-79.029119,43.106002],[-79.029161,43.10609199999999],[-79.029288,43.106364],[-79.029331,43.10645499999999],[-79.029361,43.106520999999994],[-79.029451,43.106719],[-79.02948099999999,43.106784999999995],[-79.02950899999999,43.10685299999999],[-79.02959299999999,43.107057999999995],[-79.02962099999999,43.107127000000006],[-79.029552,43.10713799999999],[-79.029389,43.10716299999999],[-79.02915999999999,43.107166],[-79.02912599999999,43.10716499999998],[-79.027869,43.10714399999999],[-79.027632,43.10714199999998],[-79.027135,43.107139999999994],[-79.026579,43.10713199999999],[-79.024912,43.107109],[-79.024357,43.107102],[-79.02394699999999,43.107097],[-79.02279399999999,43.107085999999995],[-79.022719,43.107085],[-79.02230999999999,43.107081],[-79.022556,43.106884],[-79.022592,43.106857],[-79.022871,43.10608399999999],[-79.022904,43.106012],[-79.02303599999999,43.105726000000004],[-79.023094,43.10559299999999],[-79.023229,43.105286],[-79.023245,43.105188999999996],[-79.023254,43.10513799999999],[-79.023243,43.10504599999999],[-79.023229,43.104925],[-79.02320399999999,43.10483799999999],[-79.02293100000001,43.104213],[-79.02281099999999,43.10394099999999],[-79.022756,43.103777999999984],[-79.022742,43.103700999999994],[-79.022761,43.103578000000006],[-79.022891,43.103314],[-79.02303599999999,43.10302199999999],[-79.02305799999999,43.10286299999999],[-79.022995,43.102475],[-79.022984,43.102311],[-79.022989,43.10214699999999],[-79.023011,43.101951],[-79.023044,43.10181099999999],[-79.023287,43.101019],[-79.02330099999999,43.10093699999998],[-79.02330599999999,43.100767],[-79.023264,43.100553000000005],[-79.023183,43.10035999999999],[-79.02311,43.10023199999999],[-79.02308699999999,43.100191],[-79.022832,43.099773],[-79.022804,43.099733],[-79.022775,43.099691],[-79.02265,43.09953799999999],[-79.02242799999999,43.09935499999999],[-79.02232699999999,43.099292],[-79.02205699999999,43.09916599999999],[-79.02189,43.09908999999999],[-79.021731,43.09902299999999],[-79.021576,43.098929999999996],[-79.02152099999999,43.098878],[-79.02147699999999,43.09881899999999],[-79.021458,43.098754],[-79.021459,43.09865599999999],[-79.021496,43.095186999999996],[-79.021496,43.095154],[-79.02196699999999,43.095156],[-79.022977,43.09515],[-79.023601,43.095147999999995],[-79.024052,43.09514599999999],[-79.024248,43.095144999999995],[-79.024671,43.096121],[-79.024687,43.09615699999999],[-79.024703,43.096191999999995],[-79.02475199999999,43.096301999999994],[-79.02499499999999,43.096847],[-79.025077,43.09702899999999],[-79.025095,43.09707099999999],[-79.025114,43.09711299999999],[-79.02516399999999,43.097227],[-79.025425,43.09782399999999],[-79.02551299999999,43.09802299999999],[-79.02593399999999,43.098938999999994],[-79.02601200000001,43.099115],[-79.02611499999999,43.099346999999995],[-79.026247,43.09964300000001],[-79.026326,43.09982000000001],[-79.02640799999999,43.100004],[-79.026517,43.100248],[-79.02665499999999,43.10055800000001],[-79.026738,43.100742999999994],[-79.02682,43.100933],[-79.026917,43.101156999999986],[-79.02706599999999,43.101502999999994],[-79.027148,43.10169399999999],[-79.02722800000001,43.10187099999999],[-79.027318,43.10206699999999],[-79.02747099999999,43.102402999999995],[-79.027553,43.102581],[-79.02763,43.10273399999999],[-79.02775199999999,43.102975]]]},"properties":{"geoid":"360630203002","name":"Block Group 2","pop":997.0,"obs_Mesothelioma":0.0,"exp_Mesothelioma":0.0498612577,"sir_Mesothelioma":0.0,"obs_Lung":4.0,"exp_Lung":3.3179509735,"sir_Lung":1.206,"obs_Bladder":5.0,"exp_Bladder":1.2676623985,"sir_Bladder":3.944,"obs_Esophagus":0.0,"exp_Esophagus":0.2368039478,"sir_Esophagus":0.0,"obs_Oral":1.0,"exp_Oral":0.5064143658,"sir_Oral":1.975,"obs_Brain":0.0,"exp_Brain":0.339340586,"sir_Brain":0.0,"hlarea_Lung":1,"hlarea_Bladder":1,"hlarea_Esophagus":1,"hlarea_Oral":0,"hlarea_Brain":0,"hlarea_Mesothelioma":0,"doh_region":"36063DOH0002","merged_area":true,"merged_bg_count":2}},{"type":"Feature","geometry":{"type":"Polygon","coordinates":[[[-79.041389,43.095071999999995],[-79.04150299999999,43.09507],[-79.04149799999999,43.09506699999999],[-79.042536,43.09502299999998],[-79.04254399999999,43.095448],[-79.042548,43.095678],[-79.042586,43.097643],[-79.042588,43.097746],[-79.042599,43.09829799999999],[-79.043922,43.09831599999998],[-79.04393499999999,43.09910299999999],[-79.043997,43.09910299999999],[-79.04418199999999,43.09910599999999],[-79.04418299999999,43.09925900000001],[-79.044174,43.09950599999999],[-79.044173,43.09975499999999],[-79.044172,43.09991899999999],[-79.043632,43.099916],[-79.042012,43.099909],[-79.041472,43.099907],[-79.040978,43.09990399999999],[-79.03949899999999,43.099895],[-79.03900600000001,43.099892999999994],[-79.039002,43.09972599999999],[-79.038997,43.099486999999996],[-79.038991,43.099225],[-79.038988,43.099059],[-79.03898699999999,43.09890099999999],[-79.038985,43.09843000000001],[-79.038985,43.098273],[-79.038984,43.098209999999995],[-79.03898199999999,43.09802299999999],[-79.03898199999999,43.09796099999999],[-79.038979,43.097386],[-79.038977,43.096884999999986],[-79.038971,43.095664000000006],[-79.03896900000001,43.09508999999999],[-79.039096,43.095089],[-79.039479,43.09508799999998],[-79.03960699999999,43.09508799999999],[-79.03972,43.095086999999985],[-79.04006,43.09508699999999],[-79.040174,43.09508699999999],[-79.040595,43.095085999999995],[-79.041389,43.095071999999995]]]},"properties":{"geoid":"360630209001","name":"Block Group 1","pop":659.0,"obs_Mesothelioma":0.0,"exp_Mesothelioma":0.03,"sir_Mesothelioma":0.0,"obs_Lung":2.0,"exp_Lung":1.92,"sir_Lung":1.041,"obs_Bladder":0.0,"exp_Bladder":0.75,"sir_Bladder":0.0,"obs_Esophagus":0.0,"exp_Esophagus":0.15,"sir_Esophagus":0.0,"obs_Oral":0.0,"exp_Oral":0.33,"sir_Oral":0.0,"obs_Brain":0.0,"exp_Brain":0.22,"sir_Brain":0.0,"hlarea_Lung":1,"hlarea_Bladder":0,"hlarea_Esophagus":1,"hlarea_Oral":0,"hlarea_Brain":0,"hlarea_Mesothelioma":0,"merged_area":false,"doh_region":"360630209001"}},{"type":"Feature","geometry":{"type":"Polygon","coordinates":[[[-79.033478,43.10766999999999],[-79.033479,43.107500999999985],[-79.033481,43.10723499999999],[-79.03348199999999,43.10699499999999],[-79.033484,43.106826999999996],[-79.0335,43.106058000000004],[-79.033504,43.105288999999985],[-79.036075,43.105326],[-79.03607699999999,43.105097],[-79.036808,43.10510000000001],[-79.03900399999999,43.105109],[-79.03973599999999,43.10511199999999],[-79.03972999999999,43.105911],[-79.039728,43.106728],[-79.039709,43.10768199999998],[-79.036057,43.10767499999999],[-79.034728,43.10767800000001],[-79.033478,43.10766999999999]]]},"properties":{"geoid":"360630207004","name":"Block Group 4","pop":689.0,"obs_Mesothelioma":0.0,"exp_Mesothelioma":0.03,"sir_Mesothelioma":0.0,"obs_Lung":5.0,"exp_Lung":1.83,"sir_Lung":2.728,"obs_Bladder":2.0,"exp_Bladder":0.68,"sir_Bladder":2.949,"obs_Esophagus":0.0,"exp_Esophagus":0.14,"sir_Esophagus":0.0,"obs_Oral":0.0,"exp_Oral":0.33,"sir_Oral":0.0,"obs_Brain":0.0,"exp_Brain":0.22,"sir_Brain":0.0,"hlarea_Lung":1,"hlarea_Bladder":0,"hlarea_Esophagus":1,"hlarea_Oral":0,"hlarea_Brain":0,"hlarea_Mesothelioma":0,"merged_area":false,"doh_region":"360630207004"}},{"type":"Feature","geometry":{"type":"Polygon","coordinates":[[[-79.02611499999999,43.099346999999995],[-79.02601200000001,43.099115],[-79.02593399999999,43.098938999999994],[-79.02797,43.098918],[-79.029403,43.098896999999994],[-79.03198800000001,43.098907],[-79.03294,43.09889299999999],[-79.03356099999999,43.098893],[-79.033559,43.099084],[-79.033557,43.099419999999995],[-79.03355499999999,43.09966],[-79.033554,43.099852999999996],[-79.033551,43.100026],[-79.03354800000001,43.100299],[-79.03354399999999,43.100548],[-79.033542,43.10072199999999],[-79.03354,43.100909],[-79.03353899999999,43.10117199999999],[-79.033537,43.101473],[-79.033536,43.101661],[-79.032704,43.101654999999994],[-79.030208,43.101639],[-79.029376,43.10163399999999],[-79.028927,43.101633],[-79.028425,43.10163199999999],[-79.02758299999999,43.10161799999999],[-79.027408,43.10161599999999],[-79.02731200000001,43.101631999999995],[-79.027148,43.10169399999999],[-79.02706599999999,43.101502999999994],[-79.026917,43.101156999999986],[-79.02682,43.100933],[-79.026738,43.100742999999994],[-79.02665499999999,43.10055800000001],[-79.026517,43.100248],[-79.02640799999999,43.100004],[-79.026326,43.09982000000001],[-79.026247,43.09964300000001],[-79.02611499999999,43.099346999999995]]]},"properties":{"geoid":"360630210001","name":"Block Group 1","pop":1209.0,"obs_Mesothelioma":0.0,"exp_Mesothelioma":0.0642776036,"sir_Mesothelioma":0.0,"obs_Lung":4.0,"exp_Lung":4.1154754178,"sir_Lung":0.972,"obs_Bladder":5.0,"exp_Bladder":1.6243830617,"sir_Bladder":3.078,"obs_Esophagus":0.0,"exp_Esophagus":0.3064955083,"sir_Esophagus":0.0,"obs_Oral":1.0,"exp_Oral":0.6700302856,"sir_Oral":1.492,"obs_Brain":1.0,"exp_Brain":0.4204942747,"sir_Brain":2.378,"hlarea_Lung":1,"hlarea_Bladder":1,"hlarea_Esophagus":1,"hlarea_Oral":0,"hlarea_Brain":0,"hlarea_Mesothelioma":0,"doh_region":"36063DOH0004","merged_area":true,"merged_bg_count":2}},{"type":"Feature","geometry":{"type":"Polygon","coordinates":[[[-79.03948700000001,43.13035999999999],[-79.039451,43.13025599999998],[-79.039419,43.130172],[-79.039208,43.12960999999999],[-79.039192,43.129566000000004],[-79.03915099999999,43.12941899999999],[-79.03902,43.129087],[-79.038967,43.128952999999996],[-79.038615,43.128096],[-79.03847999999999,43.127767],[-79.038406,43.12760099999999],[-79.038231,43.127205999999994],[-79.03818,43.12710899999999],[-79.038097,43.12695],[-79.037933,43.126636999999995],[-79.037926,43.12652999999999],[-79.037716,43.12608099999999],[-79.03760199999999,43.125806],[-79.03745599999999,43.125498],[-79.037339,43.125209],[-79.037266,43.125037999999996],[-79.03705,43.12452499999999],[-79.03697799999999,43.12435399999999],[-79.036622,43.12349799999999],[-79.035926,43.121817],[-79.03578399999999,43.121477],[-79.035366,43.12047499999999],[-79.035359,43.120459999999994],[-79.03522099999999,43.12012],[-79.035152,43.11994199999999],[-79.034945,43.119409],[-79.034877,43.119232],[-79.03480499999999,43.119054999999996],[-79.03459099999999,43.11852599999999],[-79.03452,43.11835],[-79.034447,43.118185],[-79.034228,43.11769199999999],[-79.034155,43.11752799999999],[-79.03382599999999,43.11671299999999],[-79.033887,43.11671299999999],[-79.03506,43.11671299999998],[-79.035056,43.11595199999999],[-79.035046,43.11520399999999],[-79.035044,43.11505399999999],[-79.035038,43.114604000000014],[-79.03503599999999,43.114453999999995],[-79.035035,43.114429],[-79.035034,43.11435499999999],[-79.035034,43.11433100000001],[-79.035246,43.11432899999999],[-79.035883,43.11432699999999],[-79.036096,43.11432599999999],[-79.036306,43.114324999999994],[-79.03693899999999,43.114323],[-79.03715,43.114323000000006],[-79.037362,43.114323000000006],[-79.038001,43.114323000000006],[-79.038214,43.11432299999999],[-79.038214,43.11449599999999],[-79.038217,43.11501599999999],[-79.038218,43.115189999999984],[-79.03876,43.11518799999999],[-79.039154,43.11518799999999],[-79.039323,43.115187999999996],[-79.03985899999999,43.115189],[-79.040388,43.11517999999998],[-79.040842,43.115173999999996],[-79.04092899999999,43.115156999999996],[-79.040976,43.115128000000006],[-79.041006,43.11510899999999],[-79.041073,43.11508799999999],[-79.041471,43.11509100000001],[-79.043148,43.115108],[-79.043708,43.11511399999999],[-79.044241,43.11512099999999],[-79.04584,43.11514299999998],[-79.046373,43.115151000000004],[-79.046735,43.115156],[-79.047822,43.115173999999996],[-79.04818499999999,43.11517999999999],[-79.048092,43.115365],[-79.047812,43.11592199999998],[-79.04772,43.116108000000004],[-79.04766099999999,43.116223000000005],[-79.047485,43.116567999999994],[-79.047427,43.116683999999985],[-79.047349,43.116837999999994],[-79.047151,43.117236],[-79.047117,43.11729999999999],[-79.047037,43.11745299999999],[-79.04702100000002,43.117481999999995],[-79.046975,43.11756899999998],[-79.04696,43.117599],[-79.046734,43.11804399999999],[-79.046056,43.11937999999999],[-79.04583099999999,43.11982599999998],[-79.045795,43.119896000000004],[-79.04569,43.12010499999999],[-79.045655,43.120176],[-79.04550000000002,43.12047799999999],[-79.04514999999999,43.12116499999998],[-79.045034,43.121323999999994],[-79.04499899999999,43.121362999999995],[-79.044776,43.12162],[-79.044731,43.121669],[-79.044644,43.12176799999998],[-79.04459899999999,43.121818999999995],[-79.044555,43.12186899999999],[-79.044251,43.12221400000001],[-79.043341,43.123251999999994],[-79.043038,43.123597999999994],[-79.04289399999999,43.123760999999995],[-79.042462,43.124253],[-79.04231899999999,43.124416999999994],[-79.04216799999999,43.12458599999999],[-79.041715,43.12509199999999],[-79.04156499999999,43.12526199999999],[-79.041423,43.12543],[-79.04099699999999,43.125934],[-79.04085599999999,43.126103],[-79.040768,43.126200000000004],[-79.040673,43.12623399999998],[-79.04063699999999,43.126248],[-79.04019699999999,43.126735999999994],[-79.040042,43.12690899999999],[-79.04002799999999,43.127092],[-79.039988,43.12763999999999],[-79.039975,43.12782399999999],[-79.03989399999999,43.128092],[-79.03983,43.12831],[-79.03970699999999,43.128910999999995],[-79.03970199999999,43.128938999999995],[-79.03968499999999,43.12919],[-79.03968499999999,43.129424],[-79.039687,43.13002899999999],[-79.03969699999999,43.130129],[-79.039711,43.130258],[-79.039554,43.130361],[-79.03948700000001,43.13035999999999]]]},"properties":{"geoid":"360630202001","name":"Block Group 1","pop":1669.0,"obs_Mesothelioma":0.0,"exp_Mesothelioma":0.0659326224,"sir_Mesothelioma":0.0,"obs_Lung":3.0,"exp_Lung":4.4160421495,"sir_Lung":0.679,"obs_Bladder":0.0,"exp_Bladder":1.6621705674,"sir_Bladder":0.0,"obs_Esophagus":0.0,"exp_Esophagus":0.3209584875,"sir_Esophagus":0.0,"obs_Oral":0.0,"exp_Oral":0.7013760969,"sir_Oral":0.0,"obs_Brain":0.0,"exp_Brain":0.5131542554,"sir_Brain":0.0,"hlarea_Lung":1,"hlarea_Bladder":0,"hlarea_Esophagus":1,"hlarea_Oral":0,"hlarea_Brain":0,"hlarea_Mesothelioma":0,"doh_region":"36063DOH0001","merged_area":true,"merged_bg_count":2}},{"type":"Feature","geometry":{"type":"Polygon","coordinates":[[[-79.024703,43.096191999999995],[-79.024687,43.09615699999999],[-79.024671,43.096121],[-79.024248,43.095144999999995],[-79.02447,43.095143],[-79.02482599999999,43.095141000000005],[-79.025742,43.095141000000005],[-79.025987,43.095139],[-79.026354,43.09513700000001],[-79.026724,43.09513399999999],[-79.02697,43.09513299999998],[-79.027219,43.095131999999985],[-79.02761500000001,43.09513099999999],[-79.027969,43.095130000000005],[-79.02821999999999,43.095130000000005],[-79.02846199999999,43.09512899999999],[-79.028849,43.095129],[-79.029191,43.095127999999995],[-79.029434,43.09512799999999],[-79.029702,43.09512699999999],[-79.030084,43.09512599999999],[-79.030507,43.09512399999999],[-79.030776,43.09512299999999],[-79.031014,43.09512300000001],[-79.031369,43.09512299999999],[-79.03173000000001,43.095123],[-79.03196899999999,43.09512300000001],[-79.032214,43.09511999999999],[-79.032563,43.09511799999999],[-79.032949,43.09511399999999],[-79.033194,43.095112],[-79.033273,43.095110999999996],[-79.033513,43.095109999999984],[-79.03359300000001,43.095109999999984],[-79.03359300000001,43.09529499999999],[-79.033595,43.095618],[-79.033596,43.095851999999994],[-79.033597,43.09603800000001],[-79.033596,43.09607799999999],[-79.033595,43.096112000000005],[-79.03359300000001,43.096228999999994],[-79.033588,43.096557000000004],[-79.03358399999999,43.096804999999996],[-79.033581,43.09699799999999],[-79.03358,43.097026],[-79.03358,43.09706200000001],[-79.03357799999999,43.097193],[-79.033575,43.097500999999994],[-79.03357199999999,43.09777899999999],[-79.03357,43.097975000000005],[-79.033568,43.098158000000005],[-79.033565,43.098456999999996],[-79.033562,43.09870899999999],[-79.03356099999999,43.098893],[-79.03294,43.09889299999999],[-79.03198800000001,43.098907],[-79.029403,43.098896999999994],[-79.02797,43.098918],[-79.02593399999999,43.098938999999994],[-79.02551299999999,43.09802299999999],[-79.025425,43.09782399999999],[-79.02516399999999,43.097227],[-79.025114,43.09711299999999],[-79.025095,43.09707099999999],[-79.025077,43.09702899999999],[-79.02499499999999,43.096847],[-79.02475199999999,43.096301999999994],[-79.024703,43.096191999999995]]]},"properties":{"geoid":"360630210002","name":"Block Group 2","pop":822.0,"obs_Mesothelioma":0.0,"exp_Mesothelioma":0.07,"sir_Mesothelioma":0.0,"obs_Lung":9.0,"exp_Lung":4.2,"sir_Lung":2.142,"obs_Bladder":6.0,"exp_Bladder":1.69,"sir_Bladder":3.559,"obs_Esophagus":0.0,"exp_Esophagus":0.3,"sir_Esophagus":0.0,"obs_Oral":1.0,"exp_Oral":0.61,"sir_Oral":1.63,"obs_Brain":1.0,"exp_Brain":0.35,"sir_Brain":2.878,"hlarea_Lung":1,"hlarea_Bladder":1,"hlarea_Esophagus":1,"hlarea_Oral":0,"hlarea_Brain":0,"hlarea_Mesothelioma":0,"merged_area":false,"doh_region":"360630210002"}},{"type":"Feature","geometry":{"type":"Polygon","coordinates":[[[-78.87996700000001,43.05491699999998],[-78.87998499999999,43.054946],[-78.88037,43.055751],[-78.880557,43.056112999999996],[-78.880607,43.05617399999999],[-78.880663,43.056219],[-78.88077299999999,43.056278],[-78.880985,43.056393],[-78.881152,43.056477],[-78.88116099999999,43.05648199999999],[-78.88165200000002,43.056733],[-78.881819,43.05681899999999],[-78.88189899999999,43.056859999999986],[-78.88213999999999,43.056983],[-78.882221,43.05702499999999],[-78.880954,43.05833799999999],[-78.88083300000001,43.058467],[-78.879137,43.060287999999986],[-78.87798599999999,43.061496999999996],[-78.87761499999999,43.061914],[-78.877506,43.06208899999999],[-78.877455,43.06225399999998],[-78.877439,43.06250000000001],[-78.877434,43.06316099999999],[-78.877422,43.065162],[-78.879119,43.06572099999999],[-78.879318,43.06577699999998],[-78.879583,43.06581899999999],[-78.879795,43.065826],[-78.880067,43.06583599999998],[-78.88229199999999,43.06581800000001],[-78.88552899999999,43.065768],[-78.885775,43.06579099999998],[-78.885935,43.065833],[-78.886181,43.06594099999999],[-78.887084,43.066387],[-78.888435,43.06705499999999],[-78.889183,43.06741100000001],[-78.88932,43.067439],[-78.889332,43.06761300000001],[-78.889335,43.067648999999996],[-78.889333,43.067827],[-78.88932799999999,43.06813699999999],[-78.88932700000001,43.06827399999999],[-78.88932700000001,43.068311999999985],[-78.88465,43.068279999999994],[-78.87061899999999,43.068186],[-78.86594199999999,43.06815499999999],[-78.86594199999999,43.068133],[-78.865939,43.067969000000005],[-78.865938,43.067913999999995],[-78.86592700000001,43.06719299999999],[-78.86592399999999,43.06695299999999],[-78.865912,43.06636899999998],[-78.865876,43.064617],[-78.865865,43.064034],[-78.865855,43.06350399999998],[-78.865826,43.061915],[-78.86581699999999,43.061386],[-78.865813,43.06117999999999],[-78.865802,43.06056299999998],[-78.865799,43.060358],[-78.865786,43.059683],[-78.86574999999999,43.05765799999999],[-78.865738,43.056983],[-78.865732,43.056798],[-78.865715,43.05624299999999],[-78.86570999999999,43.05605800000001],[-78.865701,43.055805],[-78.86567699999999,43.055046],[-78.86566900000001,43.054793999999994],[-78.865662,43.054553],[-78.865647,43.05396799999998],[-78.86564299999999,43.05383299999999],[-78.86563699999999,43.053594],[-78.86563199999999,43.053444],[-78.865617,43.052997],[-78.865612,43.052848000000004],[-78.865607,43.05270599999999],[-78.86559299999999,43.052281999999984],[-78.865589,43.05214099999999],[-78.86635299999999,43.05214099999999],[-78.867677,43.05214199999999],[-78.868646,43.05214599999998],[-78.868752,43.052147],[-78.869411,43.05214699999998],[-78.869985,43.05214999999999],[-78.87091199999999,43.052156],[-78.871709,43.052185],[-78.872284,43.052206999999996],[-78.872743,43.052216],[-78.874377,43.05227999999999],[-78.87571299999999,43.05231999999998],[-78.876177,43.052330999999995],[-78.877532,43.05234299999999],[-78.878705,43.05233],[-78.87909599999999,43.053112000000006],[-78.879254,43.053442],[-78.879451,43.053854],[-78.87947,43.053893],[-78.879527,43.05401099999998],[-78.879547,43.054050999999994],[-78.879629,43.054223],[-78.879722,43.05441499999999],[-78.879887,43.05473999999999],[-78.87995099999999,43.054884],[-78.87996700000001,43.05491699999998]]]},"properties":{"geoid":"360630246001","name":"Block Group 1","pop":2566.0,"obs_Mesothelioma":3.0,"exp_Mesothelioma":0.18,"sir_Mesothelioma":16.711,"obs_Lung":6.0,"exp_Lung":11.75,"sir_Lung":0.511,"obs_Bladder":7.0,"exp_Bladder":4.67,"sir_Bladder":1.5,"obs_Esophagus":1.0,"exp_Esophagus":0.9,"sir_Esophagus":1.105,"obs_Oral":2.0,"exp_Oral":1.92,"sir_Oral":1.042,"obs_Brain":2.0,"exp_Brain":1.06,"sir_Brain":1.893,"hlarea_Lung":1,"hlarea_Bladder":1,"hlarea_Esophagus":1,"hlarea_Oral":0,"hlarea_Brain":0,"hlarea_Mesothelioma":1,"merged_area":false,"doh_region":"360630246001"}},{"type":"Feature","geometry":{"type":"Polygon","coordinates":[[[-78.96212799999999,43.090056],[-78.96222999999999,43.08994799999999],[-78.962364,43.08984699999999],[-78.962507,43.08974099999999],[-78.962606,43.089642],[-78.962634,43.089472],[-78.96258000000002,43.08901499999998],[-78.96254300000001,43.08870099999999],[-78.962499,43.088295],[-78.96247799999999,43.088097999999995],[-78.96239899999999,43.087075],[-78.962379,43.086809999999986],[-78.962386,43.086668],[-78.962448,43.086668],[-78.962634,43.086668999999986],[-78.962696,43.08666999999999],[-78.96269699999999,43.08656999999999],[-78.96273,43.08626999999999],[-78.962738,43.086206999999995],[-78.962809,43.085849999999986],[-78.962909,43.08543499999999],[-78.96292,43.08531999999999],[-78.962908,43.085086999999994],[-78.962897,43.084846],[-78.96285,43.08469399999999],[-78.962976,43.084770999999996],[-78.963063,43.08482399999999],[-78.96336600000001,43.084987999999996],[-78.96349699999999,43.08505999999999],[-78.963684,43.085179],[-78.96381,43.08528999999999],[-78.963914,43.085428],[-78.96406499999999,43.085626],[-78.964896,43.08680199999999],[-78.964923,43.08683899999999],[-78.96521899999999,43.087264],[-78.965353,43.08744799999998],[-78.965611,43.087802999999994],[-78.965749,43.088007],[-78.96587799999999,43.08819599999999],[-78.965977,43.08819799999999],[-78.966017,43.08818899999999],[-78.966196,43.08812],[-78.96712699999999,43.08776499999999],[-78.967438,43.08764699999999],[-78.967901,43.08748399999998],[-78.968029,43.087446],[-78.96831,43.08736599999999],[-78.96879,43.087266],[-78.969447,43.08718499999999],[-78.969712,43.08717399999999],[-78.969875,43.087171],[-78.9705,43.087162],[-78.97050399999999,43.087371999999995],[-78.970519,43.088003],[-78.970524,43.088214],[-78.97053,43.088476],[-78.970536,43.088739000000004],[-78.970557,43.08926400000001],[-78.97056599999999,43.089473999999996],[-78.97057,43.08952699999999],[-78.970767,43.08948600000001],[-78.97135999999999,43.08936399999998],[-78.971558,43.08932399999999],[-78.971785,43.089276],[-78.972466,43.08913599999999],[-78.97269399999999,43.089089],[-78.972702,43.089762999999984],[-78.972719,43.090999999999994],[-78.972729,43.091784999999994],[-78.97273799999999,43.092459999999996],[-78.971245,43.09245399999998],[-78.970395,43.092444],[-78.97014399999999,43.092467],[-78.96963,43.09198800000001],[-78.969599,43.091959],[-78.969287,43.091668],[-78.96817100000001,43.09167699999999],[-78.964827,43.09170400000001],[-78.963712,43.09171399999999],[-78.962892,43.09239799999999],[-78.96274799999999,43.092189999999995],[-78.96251,43.091896999999996],[-78.96192099999999,43.09121],[-78.961817,43.09089799999999],[-78.961827,43.09064699999999],[-78.961869,43.090463],[-78.961899,43.09039999999999],[-78.961987,43.090213999999996],[-78.96212799999999,43.090056]]]},"properties":{"geoid":"360630223001","name":"Block Group 1","pop":587.0,"obs_Mesothelioma":0.0,"exp_Mesothelioma":0.04,"sir_Mesothelioma":0.0,"obs_Lung":1.0,"exp_Lung":2.42,"sir_Lung":0.414,"obs_Bladder":4.0,"exp_Bladder":0.97,"sir_Bladder":4.122,"obs_Esophagus":0.0,"exp_Esophagus":0.18,"sir_Esophagus":0.0,"obs_Oral":0.0,"exp_Oral":0.38,"sir_Oral":0.0,"obs_Brain":1.0,"exp_Brain":0.22,"sir_Brain":4.448,"hlarea_Lung":1,"hlarea_Bladder":1,"hlarea_Esophagus":1,"hlarea_Oral":0,"hlarea_Brain":0,"hlarea_Mesothelioma":0,"merged_area":false,"doh_region":"360630223001"}},{"type":"Feature","geometry":{"type":"Polygon","coordinates":[[[-78.979368,43.07997700000001],[-78.979599,43.079994],[-78.980031,43.080028],[-78.98029199999999,43.080045999999996],[-78.980378,43.080053],[-78.980524,43.08006299999999],[-78.98057299999999,43.080180000000006],[-78.98065299999999,43.080369999999995],[-78.980672,43.08054699999999],[-78.98068599999999,43.08067499999999],[-78.980689,43.081174999999995],[-78.980698,43.082674999999995],[-78.980701,43.08317599999999],[-78.9807,43.083636999999996],[-78.9807,43.084711],[-78.98070299999999,43.08502099999999],[-78.98070799999999,43.085482999999996],[-78.980711,43.085976999999986],[-78.98071999999999,43.08745899999999],[-78.980723,43.087861000000004],[-78.980723,43.087954],[-78.98051699999999,43.087934000000004],[-78.980025,43.08788699999998],[-78.979902,43.087883999999995],[-78.979761,43.087881],[-78.97969599999999,43.08788199999999],[-78.97965200000002,43.08788200000001],[-78.97952,43.087883999999995],[-78.979477,43.08788499999999],[-78.979355,43.08788799999999],[-78.97899,43.087896999999984],[-78.978869,43.08790099999999],[-78.978793,43.087903000000004],[-78.97859,43.08791999999998],[-78.97837299999999,43.087938999999984],[-78.977981,43.088007],[-78.977764,43.088048],[-78.97749,43.08810000000001],[-78.977481,43.08805599999999],[-78.977418,43.087905],[-78.97727300000001,43.087555],[-78.977218,43.08735299999999],[-78.977215,43.087317999999996],[-78.977199,43.08711100000001],[-78.977194,43.08676],[-78.97717999999999,43.085708],[-78.977176,43.08535799999999],[-78.977172,43.085139],[-78.97716,43.084485],[-78.97715699999999,43.084267],[-78.977149,43.08397099999999],[-78.977127,43.08308299999998],[-78.97712,43.08278800000001],[-78.97711,43.082313000000006],[-78.977083,43.080888],[-78.977074,43.080414000000005],[-78.976857,43.080381],[-78.976404,43.080313999999994],[-78.976208,43.08027399999999],[-78.975994,43.080231],[-78.975994,43.080133999999994],[-78.975994,43.079986],[-78.97599199999999,43.07984599999999],[-78.97599199999999,43.07975099999998],[-78.97636000000001,43.079772999999996],[-78.976667,43.07978999999999],[-78.977251,43.07982299999999],[-78.97869299999999,43.079927],[-78.979368,43.07997700000001]]]},"properties":{"geoid":"360630221001","name":"Block Group 1","pop":648.0,"obs_Mesothelioma":0.0,"exp_Mesothelioma":0.05,"sir_Mesothelioma":0.0,"obs_Lung":6.0,"exp_Lung":3.01,"sir_Lung":1.994,"obs_Bladder":2.0,"exp_Bladder":1.27,"sir_Bladder":1.573,"obs_Esophagus":0.0,"exp_Esophagus":0.22,"sir_Esophagus":0.0,"obs_Oral":1.0,"exp_Oral":0.46,"sir_Oral":2.177,"obs_Brain":1.0,"exp_Brain":0.26,"sir_Brain":3.822,"hlarea_Lung":1,"hlarea_Bladder":1,"hlarea_Esophagus":1,"hlarea_Oral":0,"hlarea_Brain":0,"hlarea_Mesothelioma":0,"merged_area":false,"doh_region":"360630221001"}},{"type":"Feature","geometry":{"type":"Polygon","coordinates":[[[-78.882746,43.05729899999999],[-78.88336799999999,43.057622],[-78.883656,43.05777199999999],[-78.88376199999999,43.057827],[-78.88458299999999,43.05824899999999],[-78.885255,43.058595999999994],[-78.886596,43.05928499999999],[-78.887261,43.05962099999999],[-78.889276,43.060658999999994],[-78.889286,43.06246],[-78.889285,43.062579],[-78.88929,43.06348899999998],[-78.88932,43.067439],[-78.889183,43.06741100000001],[-78.888435,43.06705499999999],[-78.887084,43.066387],[-78.886181,43.06594099999999],[-78.885935,43.065833],[-78.885775,43.06579099999998],[-78.88552899999999,43.065768],[-78.88229199999999,43.06581800000001],[-78.880067,43.06583599999998],[-78.879795,43.065826],[-78.879583,43.06581899999999],[-78.879318,43.06577699999998],[-78.879119,43.06572099999999],[-78.877422,43.065162],[-78.877434,43.06316099999999],[-78.877439,43.06250000000001],[-78.877455,43.06225399999998],[-78.877506,43.06208899999999],[-78.87761499999999,43.061914],[-78.87798599999999,43.061496999999996],[-78.879137,43.060287999999986],[-78.88083300000001,43.058467],[-78.880954,43.05833799999999],[-78.882221,43.05702499999999],[-78.88250699999999,43.057173999999996],[-78.882746,43.05729899999999]]]},"properties":{"geoid":"360630246002","name":"Block Group 2","pop":664.0,"obs_Mesothelioma":0.0,"exp_Mesothelioma":0.05,"sir_Mesothelioma":0.0,"obs_Lung":11.0,"exp_Lung":3.0,"sir_Lung":3.671,"obs_Bladder":2.0,"exp_Bladder":1.19,"sir_Bladder":1.684,"obs_Esophagus":0.0,"exp_Esophagus":0.22,"sir_Esophagus":0.0,"obs_Oral":0.0,"exp_Oral":0.46,"sir_Oral":0.0,"obs_Brain":0.0,"exp_Brain":0.27,"sir_Brain":0.0,"hlarea_Lung":1,"hlarea_Bladder":1,"hlarea_Esophagus":1,"hlarea_Oral":0,"hlarea_Brain":0,"hlarea_Mesothelioma":0,"merged_area":false,"doh_region":"360630246002"}},{"type":"Feature","geometry":{"type":"Polygon","coordinates":[[[-78.86529399999999,43.038469],[-78.865071,43.038559],[-78.86492799999999,43.038651],[-78.864882,43.038697],[-78.86483,43.03875799999999],[-78.864796,43.03883],[-78.864775,43.038875999999995],[-78.864775,43.03900699999999],[-78.864796,43.039131],[-78.86474,43.03906],[-78.864575,43.038848],[-78.86454599999999,43.03881],[-78.864521,43.038776999999996],[-78.864505,43.03875600000001],[-78.864457,43.03869599999999],[-78.86442,43.03865],[-78.864368,43.03858599999999],[-78.864313,43.038518999999994],[-78.86428599999999,43.038484],[-78.864269,43.03846099999999],[-78.86409499999999,43.038233000000005],[-78.86389000000001,43.03796299999999],[-78.86367,43.037622999999996],[-78.863242,43.03692499999998],[-78.862596,43.035804999999996],[-78.86238,43.03538199999999],[-78.862107,43.03483],[-78.861998,43.03458500000001],[-78.861929,43.034375],[-78.8619,43.034278],[-78.86187,43.034175999999995],[-78.86172200000001,43.033594999999984],[-78.861763,43.03347199999999],[-78.86198499999999,43.033469999999994],[-78.862346,43.033428],[-78.86278399999999,43.03334999999999],[-78.863751,43.033148],[-78.86527,43.032844999999995],[-78.86650999999999,43.032584],[-78.866758,43.032531999999996],[-78.867504,43.032379999999996],[-78.867753,43.032329999999995],[-78.86800199999999,43.032277],[-78.86875,43.032121],[-78.86900000000001,43.032069],[-78.86907099999999,43.032243],[-78.869287,43.032765000000005],[-78.869359,43.032939999999996],[-78.869417,43.03308],[-78.869429,43.033119],[-78.869455,43.03319799999999],[-78.86965699999999,43.033652],[-78.869659,43.03365499999999],[-78.86971299999999,43.033837999999996],[-78.86977,43.033981000000004],[-78.86994399999999,43.034409999999994],[-78.870002,43.034553],[-78.870111,43.03482299999999],[-78.870438,43.035633999999995],[-78.870547,43.03590500000001],[-78.870573,43.03597099999998],[-78.870588,43.03600899999999],[-78.87071399999999,43.036324],[-78.870756,43.036429000000005],[-78.870825,43.036597999999984],[-78.87103499999999,43.037108],[-78.871105,43.03727800000001],[-78.87061899999999,43.037385],[-78.87039899999999,43.037434],[-78.86915499999999,43.037683],[-78.868668,43.037780999999995],[-78.86810799999999,43.037893999999994],[-78.86675699999999,43.038168000000006],[-78.866432,43.03823599999999],[-78.86587399999999,43.03835399999999],[-78.865573,43.03841299999999],[-78.86529399999999,43.038469]]]},"properties":{"geoid":"360630231001","name":"Block Group 1","pop":648.0,"obs_Mesothelioma":0.0,"exp_Mesothelioma":0.03,"sir_Mesothelioma":0.0,"obs_Lung":7.0,"exp_Lung":1.58,"sir_Lung":4.423,"obs_Bladder":0.0,"exp_Bladder":0.65,"sir_Bladder":0.0,"obs_Esophagus":0.0,"exp_Esophagus":0.13,"sir_Esophagus":0.0,"obs_Oral":2.0,"exp_Oral":0.31,"sir_Oral":6.364,"obs_Brain":0.0,"exp_Brain":0.2,"sir_Brain":0.0,"hlarea_Lung":1,"hlarea_Bladder":1,"hlarea_Esophagus":1,"hlarea_Oral":0,"hlarea_Brain":0,"hlarea_Mesothelioma":1,"merged_area":false,"doh_region":"360630231001"}},{"type":"Feature","geometry":{"type":"Polygon","coordinates":[[[-78.87998499999999,43.054946],[-78.87996700000001,43.05491699999998],[-78.87995099999999,43.054884],[-78.88028299999999,43.05453299999999],[-78.882504,43.052171],[-78.88425199999999,43.050326999999996],[-78.885213,43.04933],[-78.885633,43.048857],[-78.886138,43.04967299999999],[-78.886151,43.049693999999995],[-78.886168,43.049719],[-78.886494,43.05024799999999],[-78.88662599999999,43.050461999999996],[-78.88667099999999,43.050535999999994],[-78.88680900000001,43.05075799999998],[-78.886855,43.050831999999986],[-78.886904,43.05091300000001],[-78.887053,43.051157999999994],[-78.887103,43.05124],[-78.887152,43.051324],[-78.88730000000001,43.051576],[-78.88735,43.051659999999984],[-78.887429,43.051788],[-78.887666,43.05217499999999],[-78.88774599999999,43.052303999999985],[-78.88795999999999,43.052654],[-78.888167,43.052991999999996],[-78.888532,43.05358299999999],[-78.888679,43.05381199999999],[-78.888809,43.05401399999999],[-78.889107,43.054508999999996],[-78.889248,43.05474299999999],[-78.889263,43.054849],[-78.889263,43.054856],[-78.889263,43.055198999999995],[-78.889263,43.05531399999999],[-78.889263,43.05547100000001],[-78.889264,43.055941999999995],[-78.889265,43.05609899999999],[-78.889265,43.05627099999999],[-78.88926599999999,43.05678699999999],[-78.88926699999999,43.05695899999999],[-78.88926599999999,43.057055],[-78.88926599999999,43.05734599999998],[-78.88926599999999,43.057443],[-78.88926599999999,43.05758300000001],[-78.88926599999999,43.05800500000001],[-78.88926599999999,43.05814600000001],[-78.889276,43.060658999999994],[-78.887261,43.05962099999999],[-78.886596,43.05928499999999],[-78.885255,43.058595999999994],[-78.88458299999999,43.05824899999999],[-78.88376199999999,43.057827],[-78.883656,43.05777199999999],[-78.88336799999999,43.057622],[-78.882746,43.05729899999999],[-78.88250699999999,43.057173999999996],[-78.882221,43.05702499999999],[-78.88213999999999,43.056983],[-78.88189899999999,43.056859999999986],[-78.881819,43.05681899999999],[-78.88165200000002,43.056733],[-78.88116099999999,43.05648199999999],[-78.881152,43.056477],[-78.880985,43.056393],[-78.88077299999999,43.056278],[-78.880663,43.056219],[-78.880607,43.05617399999999],[-78.880557,43.056112999999996],[-78.88037,43.055751],[-78.87998499999999,43.054946]]]},"properties":{"geoid":"360630229021","name":"Block Group 1","pop":1359.0,"obs_Mesothelioma":0.0,"exp_Mesothelioma":0.08,"sir_Mesothelioma":0.0,"obs_Lung":7.0,"exp_Lung":4.92,"sir_Lung":1.424,"obs_Bladder":2.0,"exp_Bladder":1.98,"sir_Bladder":1.011,"obs_Esophagus":0.0,"exp_Esophagus":0.39,"sir_Esophagus":0.0,"obs_Oral":2.0,"exp_Oral":0.84,"sir_Oral":2.391,"obs_Brain":0.0,"exp_Brain":0.49,"sir_Brain":0.0,"hlarea_Lung":1,"hlarea_Bladder":1,"hlarea_Esophagus":1,"hlarea_Oral":0,"hlarea_Brain":0,"hlarea_Mesothelioma":1,"merged_area":false,"doh_region":"360630229021"}},{"type":"Feature","geometry":{"type":"Polygon","coordinates":[[[-78.828119,43.30441599999999],[-78.82813,43.304601000000005],[-78.830153,43.306031],[-78.830163,43.30624999999999],[-78.831459,43.307182999999995],[-78.83167499999999,43.307658999999994],[-78.832323,43.30908699999999],[-78.83254,43.309563000000004],[-78.83281099999999,43.310233999999994],[-78.832844,43.310316],[-78.833848,43.310373],[-78.833972,43.311444999999985],[-78.83405599999999,43.312165],[-78.834052,43.312722],[-78.83404100000001,43.314289999999986],[-78.83404,43.314392999999995],[-78.834036,43.314949999999996],[-78.834035,43.315124],[-78.83403299999999,43.315646],[-78.83403299999999,43.31582099999999],[-78.834029,43.31589599999999],[-78.834018,43.31612299999999],[-78.834015,43.316199],[-78.834188,43.316677],[-78.83421700000001,43.316755999999984],[-78.83565399999999,43.31690299999999],[-78.83616099999999,43.31695499999999],[-78.83613,43.31718399999999],[-78.83604,43.317872],[-78.83601,43.31810199999999],[-78.835998,43.318194000000005],[-78.835939,43.318672],[-78.83573000000001,43.32038399999999],[-78.835661,43.32095499999999],[-78.826021,43.322097],[-78.82046,43.32275500000001],[-78.820359,43.31961],[-78.820362,43.31942199999999],[-78.820404,43.31686499999999],[-78.82046299999999,43.313331999999996],[-78.820084,43.313331999999996],[-78.81756299999999,43.31333499999998],[-78.81756299999999,43.312096999999994],[-78.81756299999999,43.30954099999999],[-78.81756299999999,43.308744999999995],[-78.819363,43.30865299999999],[-78.819563,43.308254999999996],[-78.81826199999999,43.30826],[-78.81826199999999,43.308144000000006],[-78.81826199999999,43.305178],[-78.821362,43.30529099999999],[-78.821361,43.306498999999995],[-78.822161,43.30640199999999],[-78.82224099999999,43.30489399999998],[-78.822261,43.304512],[-78.82416099999999,43.304520999999994],[-78.82415999999999,43.303014999999995],[-78.82415999999999,43.299268],[-78.82415999999999,43.298555],[-78.824197,43.29771299999999],[-78.82427,43.29605399999999],[-78.82513399999999,43.29600200000001],[-78.825975,43.295953],[-78.82597,43.295677],[-78.825969,43.29557599999999],[-78.82596199999999,43.29444499999999],[-78.82596,43.29406799999998],[-78.82715999999999,43.29406499999999],[-78.83076,43.29405699999999],[-78.83196099999999,43.294055],[-78.82795999999999,43.296955000000004],[-78.828119,43.30441599999999]]]},"properties":{"geoid":"360630243011","name":"Block Group 1","pop":1246.0,"obs_Mesothelioma":0.0,"exp_Mesothelioma":0.08,"sir_Mesothelioma":0.0,"obs_Lung":6.0,"exp_Lung":5.27,"sir_Lung":1.138,"obs_Bladder":1.0,"exp_Bladder":2.02,"sir_Bladder":0.496,"obs_Esophagus":0.0,"exp_Esophagus":0.41,"sir_Esophagus":0.0,"obs_Oral":1.0,"exp_Oral":0.89,"sir_Oral":1.129,"obs_Brain":0.0,"exp_Brain":0.5,"sir_Brain":0.0,"hlarea_Lung":0,"hlarea_Bladder":0,"hlarea_Esophagus":1,"hlarea_Oral":0,"hlarea_Brain":0,"hlarea_Mesothelioma":0,"merged_area":false,"doh_region":"360630243011"}},{"type":"Feature","geometry":{"type":"Polygon","coordinates":[[[-78.66255900000002,43.18363300000001],[-78.662653,43.183608],[-78.66344,43.183403],[-78.665627,43.182834],[-78.666352,43.18264599999999],[-78.66807,43.182188999999994],[-78.669207,43.18189699999999],[-78.671105,43.18139199999999],[-78.672223,43.181048],[-78.672809,43.18084799999999],[-78.673411,43.18062300000001],[-78.673698,43.18051699999999],[-78.674542,43.18016599999999],[-78.67472099999999,43.18008499999999],[-78.675308,43.17982500000001],[-78.67634699999999,43.17930299999998],[-78.67688799999999,43.179010999999996],[-78.677471,43.178670999999994],[-78.677538,43.178633],[-78.677598,43.178597999999994],[-78.67766999999999,43.178549999999994],[-78.677812,43.178459],[-78.67863299999999,43.177931],[-78.678907,43.17775599999999],[-78.67918,43.17757799999999],[-78.680002,43.177046999999995],[-78.680206,43.176915],[-78.68027599999999,43.17687],[-78.68033,43.176835000000004],[-78.680417,43.176779999999994],[-78.680495,43.17673],[-78.68055,43.17669499999998],[-78.680848,43.176502],[-78.681743,43.175925],[-78.681747,43.175923],[-78.68202099999999,43.175747],[-78.682043,43.17573499999999],[-78.682318,43.175581999999984],[-78.682333,43.17557399999998],[-78.68315799999999,43.175148999999976],[-78.68343899999999,43.175004999999985],[-78.68399099999999,43.17473999999999],[-78.684406,43.174541999999995],[-78.685631,43.174033],[-78.685679,43.17401299999999],[-78.68617499999999,43.173818999999995],[-78.686252,43.173797],[-78.68642,43.173749],[-78.686694,43.173686000000004],[-78.686764,43.173671999999996],[-78.686998,43.173627999999994],[-78.687294,43.17358799999999],[-78.68790299999999,43.17352399999999],[-78.688222,43.17350299999999],[-78.688335,43.17349999999999],[-78.688863,43.17348799999999],[-78.689061,43.173487999999985],[-78.689655,43.17348899999999],[-78.689854,43.173489999999994],[-78.689394,43.17402299999999],[-78.689105,43.17425],[-78.688841,43.17445999999999],[-78.68803,43.175042999999995],[-78.68785299999999,43.175157],[-78.687392,43.175459],[-78.686476,43.176095999999994],[-78.685598,43.176708999999995],[-78.68561299999999,43.176721],[-78.685659,43.17675699999999],[-78.685675,43.17676999999999],[-78.685693,43.176784],[-78.68574699999999,43.176826],[-78.685765,43.176840999999996],[-78.685848,43.176907],[-78.685975,43.177008000000015],[-78.686098,43.177108000000004],[-78.68618099999999,43.177175999999996],[-78.687161,43.177986],[-78.687502,43.178675999999996],[-78.68786700000001,43.17951399999999],[-78.687994,43.179795],[-78.68829699999999,43.180467],[-78.688379,43.180638999999985],[-78.688513,43.180918999999996],[-78.68876999999999,43.181468999999986],[-78.688581,43.18152899999999],[-78.6875,43.181826],[-78.68692,43.181965],[-78.686623,43.18214],[-78.686658,43.18296699999999],[-78.68668199999999,43.183635999999986],[-78.686692,43.183875],[-78.686725,43.184591999999995],[-78.686736,43.184832],[-78.686758,43.185341],[-78.686824,43.18686799999999],[-78.686846,43.187378],[-78.686881,43.18825199999999],[-78.686987,43.19082799999999],[-78.686989,43.190875],[-78.687045,43.191749],[-78.6866,43.191711999999995],[-78.68604599999999,43.19163300000001],[-78.68557799999999,43.191531],[-78.685339,43.19148],[-78.685166,43.19143099999998],[-78.6847,43.191292999999995],[-78.682285,43.190477999999985],[-78.68160999999999,43.19025799999999],[-78.681341,43.19016599999999],[-78.680163,43.18976299999999],[-78.67993600000001,43.189687],[-78.679569,43.189564],[-78.679207,43.189440999999995],[-78.678608,43.189239],[-78.677022,43.18869799999999],[-78.676295,43.18845099999999],[-78.67508699999999,43.188039999999994],[-78.67508,43.188036999999994],[-78.673808,43.187608999999995],[-78.672932,43.18735099999999],[-78.672579,43.18727099999999],[-78.67195099999999,43.18714799999999],[-78.671369,43.187046999999986],[-78.67010599999999,43.18682999999998],[-78.66996499999999,43.18680599999998],[-78.669542,43.18673499999999],[-78.66940199999999,43.186712],[-78.669343,43.18670199999999],[-78.669167,43.186672],[-78.669159,43.186671],[-78.66910899999999,43.186662999999996],[-78.66910399999999,43.186414],[-78.669089,43.18566899999998],[-78.669084,43.18542099999999],[-78.669005,43.185427000000004],[-78.668768,43.185444999999994],[-78.66869,43.185452],[-78.66862499999999,43.18545700000001],[-78.668432,43.185472999999995],[-78.668368,43.185478999999994],[-78.66789899999999,43.185503],[-78.666491,43.18557699999999],[-78.666023,43.185601999999996],[-78.665863,43.18561499999999],[-78.665385,43.18565600000001],[-78.66522599999999,43.185669999999995],[-78.665172,43.185644999999994],[-78.66467899999999,43.185371],[-78.664606,43.185331],[-78.663916,43.18491399999999],[-78.663442,43.184625],[-78.663079,43.184403999999994],[-78.66254699999999,43.184081],[-78.662549,43.183990999999985],[-78.662556,43.183722],[-78.66255900000002,43.18363300000001]]]},"properties":{"geoid":"360630235003","name":"Block Group 3","pop":1045.0,"obs_Mesothelioma":0.0,"exp_Mesothelioma":0.09,"sir_Mesothelioma":0.0,"obs_Lung":7.0,"exp_Lung":5.51,"sir_Lung":1.272,"obs_Bladder":1.0,"exp_Bladder":2.22,"sir_Bladder":0.451,"obs_Esophagus":0.0,"exp_Esophagus":0.39,"sir_Esophagus":0.0,"obs_Oral":1.0,"exp_Oral":0.76,"sir_Oral":1.32,"obs_Brain":1.0,"exp_Brain":0.45,"sir_Brain":2.238,"hlarea_Lung":1,"hlarea_Bladder":1,"hlarea_Esophagus":1,"hlarea_Oral":0,"hlarea_Brain":0,"hlarea_Mesothelioma":0,"merged_area":false,"doh_region":"360630235003"}},{"type":"Feature","geometry":{"type":"Polygon","coordinates":[[[-78.680442,43.160223999999985],[-78.68043899999999,43.16019299999999],[-78.68043899999999,43.160157],[-78.68043899999999,43.160152999999994],[-78.682181,43.16017699999999],[-78.68315299999999,43.16021099999999],[-78.68580999999999,43.160258999999996],[-78.687316,43.16027599999998],[-78.68929600000001,43.160326],[-78.68929,43.16058799999999],[-78.689273,43.161378],[-78.689268,43.161640999999996],[-78.689264,43.16178199999999],[-78.689255,43.16220500000001],[-78.68925300000001,43.162347],[-78.689246,43.16258199999999],[-78.689228,43.16328699999998],[-78.689222,43.163523],[-78.689218,43.163624999999996],[-78.68921,43.16393099999999],[-78.689208,43.16403399999999],[-78.68920399999999,43.164145],[-78.689196,43.16447799999998],[-78.689193,43.16458999999999],[-78.688889,43.164581999999996],[-78.68797699999999,43.16456099999999],[-78.687674,43.164554999999986],[-78.687495,43.164548999999994],[-78.68696,43.16453299999999],[-78.686782,43.164528000000004],[-78.68659,43.164522999999996],[-78.686014,43.164508],[-78.685823,43.164502999999996],[-78.684984,43.164477],[-78.68247,43.16440099999999],[-78.681632,43.16437599999999],[-78.681429,43.164367],[-78.680824,43.16434199999999],[-78.680622,43.164334],[-78.68061399999999,43.16413399999999],[-78.680593,43.163536],[-78.680587,43.163337],[-78.680579,43.16316],[-78.680555,43.162629],[-78.68054699999999,43.162451999999995],[-78.680539,43.16228199999998],[-78.680515,43.161772000000006],[-78.680508,43.161603],[-78.680498,43.161386],[-78.68047299999999,43.160873],[-78.680442,43.160223999999985]]]},"properties":{"geoid":"360630239014","name":"Block Group 4","pop":930.0,"obs_Mesothelioma":0.0,"exp_Mesothelioma":0.05,"sir_Mesothelioma":0.0,"obs_Lung":5.0,"exp_Lung":3.5,"sir_Lung":1.43,"obs_Bladder":0.0,"exp_Bladder":1.35,"sir_Bladder":0.0,"obs_Esophagus":0.0,"exp_Esophagus":0.27,"sir_Esophagus":0.0,"obs_Oral":1.0,"exp_Oral":0.58,"sir_Oral":1.71,"obs_Brain":0.0,"exp_Brain":0.35,"sir_Brain":0.0,"hlarea_Lung":1,"hlarea_Bladder":1,"hlarea_Esophagus":1,"hlarea_Oral":0,"hlarea_Brain":0,"hlarea_Mesothelioma":0,"merged_area":false,"doh_region":"360630239014"}},{"type":"Feature","geometry":{"type":"Polygon","coordinates":[[[-78.675388,43.16410599999999],[-78.676349,43.16415099999999],[-78.676659,43.16416499999999],[-78.676971,43.164181],[-78.67759199999999,43.16420899999999],[-78.677904,43.16422399999999],[-78.67792,43.164764],[-78.677921,43.165049999999994],[-78.677932,43.16689499999999],[-78.67794200000002,43.167531],[-78.677955,43.168358000000005],[-78.678046,43.168361],[-78.678319,43.16836999999998],[-78.67841,43.168373999999986],[-78.67841399999999,43.168641],[-78.678428,43.169441],[-78.678433,43.16970899999999],[-78.678437,43.170157],[-78.678452,43.171502],[-78.678457,43.17195099999999],[-78.67845799999999,43.172132],[-78.678461,43.17267499999999],[-78.678463,43.172856999999986],[-78.67846399999999,43.17304799999999],[-78.67847,43.17354999999999],[-78.678477,43.173623],[-78.67849799999999,43.173814],[-78.678187,43.173907],[-78.677256,43.17418799999999],[-78.676946,43.174282000000005],[-78.676656,43.174369],[-78.675787,43.174629999999986],[-78.67549799999999,43.174718],[-78.675347,43.174763],[-78.674897,43.174899999999994],[-78.67485599999999,43.174913],[-78.67474899999999,43.174952],[-78.674494,43.17504799999999],[-78.674229,43.17514899999998],[-78.67373099999999,43.17534399999999],[-78.673478,43.175443999999985],[-78.672336,43.175885],[-78.672336,43.175621],[-78.672336,43.175598],[-78.672336,43.17552899999999],[-78.672336,43.175506999999996],[-78.672338,43.17528199999999],[-78.672339,43.174775999999994],[-78.672333,43.17422899999999],[-78.672333,43.17409699999999],[-78.672332,43.17340499999999],[-78.67233,43.172698],[-78.671934,43.172679999999986],[-78.67181099999999,43.17267499999999],[-78.671011,43.172653000000004],[-78.670749,43.172639],[-78.670354,43.172619000000005],[-78.669923,43.172599],[-78.668633,43.17254199999999],[-78.66820299999999,43.17252399999999],[-78.66751599999999,43.17249200000001],[-78.66747699999999,43.17248999999999],[-78.66529899999999,43.172425000000004],[-78.664574,43.17240399999999],[-78.66459499999999,43.17211299999999],[-78.66464100000002,43.17150799999998],[-78.66465199999999,43.171382999999985],[-78.66466299999999,43.17124],[-78.664687,43.17095],[-78.664703,43.17073699999999],[-78.66475,43.170100000000005],[-78.664767,43.169888],[-78.66479199999999,43.169553],[-78.664867,43.168563999999996],[-78.664868,43.168548],[-78.664892,43.16821299999999],[-78.664926,43.167711],[-78.66498899999999,43.16679399999999],[-78.665031,43.16620599999999],[-78.665059,43.165836],[-78.66506799999999,43.165704999999996],[-78.66507,43.165675],[-78.66507500000002,43.165588],[-78.665078,43.16555899999999],[-78.665081,43.165504999999996],[-78.665092,43.165344],[-78.665097,43.165290999999996],[-78.66512,43.164958000000006],[-78.665191,43.16395999999999],[-78.665215,43.163627999999996],[-78.66607499999999,43.163671],[-78.667037,43.16372],[-78.668655,43.16379699999999],[-78.669516,43.163838999999996],[-78.67088199999999,43.163899],[-78.671151,43.16391099999999],[-78.673372,43.16401399999999],[-78.67477699999999,43.16407699999999],[-78.674982,43.164086],[-78.675192,43.164095999999994],[-78.675388,43.16410599999999]]]},"properties":{"geoid":"360630239022","name":"Block Group 2","pop":2163.0,"obs_Mesothelioma":0.0,"exp_Mesothelioma":0.13,"sir_Mesothelioma":0.0,"obs_Lung":16.0,"exp_Lung":9.05,"sir_Lung":1.767,"obs_Bladder":4.0,"exp_Bladder":3.39,"sir_Bladder":1.18,"obs_Esophagus":3.0,"exp_Esophagus":0.67,"sir_Esophagus":4.496,"obs_Oral":2.0,"exp_Oral":1.43,"sir_Oral":1.398,"obs_Brain":0.0,"exp_Brain":0.84,"sir_Brain":0.0,"hlarea_Lung":1,"hlarea_Bladder":1,"hlarea_Esophagus":1,"hlarea_Oral":0,"hlarea_Brain":0,"hlarea_Mesothelioma":0,"merged_area":false,"doh_region":"360630239022"}},{"type":"Feature","geometry":{"type":"Polygon","coordinates":[[[-78.694362,43.16468899999999],[-78.694448,43.16468799999999],[-78.694447,43.16468999999999],[-78.69554099999999,43.16471099999998],[-78.69685299999999,43.16473899999998],[-78.698199,43.16473899999999],[-78.69848,43.16474399999999],[-78.69932299999999,43.164759],[-78.69960499999999,43.164764],[-78.69981299999999,43.164761999999996],[-78.70044,43.164758],[-78.700649,43.16475700000001],[-78.700665,43.164766],[-78.700715,43.16479299999998],[-78.700732,43.164803000000006],[-78.70001599999999,43.165372999999995],[-78.697868,43.167083999999996],[-78.697153,43.16765499999999],[-78.696854,43.167654999999996],[-78.69644799999999,43.16766299999998],[-78.695545,43.167652000000004],[-78.693535,43.16763099999999],[-78.69315999999999,43.167626],[-78.692038,43.16761100000001],[-78.691664,43.167607],[-78.691436,43.167603],[-78.690752,43.16759099999998],[-78.690524,43.167587999999995],[-78.690227,43.16758399999999],[-78.689336,43.167574],[-78.68904,43.16757099999998],[-78.688986,43.167452],[-78.688824,43.16709799999999],[-78.688771,43.166979999999995],[-78.68874799999999,43.16693],[-78.688679,43.16677999999998],[-78.68865699999999,43.166729999999994],[-78.68862299999999,43.16665599999999],[-78.68852299999999,43.16643399999999],[-78.68849,43.166360999999995],[-78.688328,43.165999000000006],[-78.687842,43.16491299999999],[-78.68777899999999,43.164771],[-78.687674,43.164554999999986],[-78.68797699999999,43.16456099999999],[-78.688889,43.164581999999996],[-78.689193,43.16458999999999],[-78.689228,43.16459],[-78.689336,43.164592],[-78.68937199999999,43.164592999999996],[-78.689612,43.16459799999999],[-78.690332,43.16461299999999],[-78.690573,43.16461899999998],[-78.691716,43.16464399999998],[-78.692578,43.164657],[-78.69353,43.164673],[-78.694362,43.16468899999999]]]},"properties":{"geoid":"360630237001","name":"Block Group 1","pop":2043.0,"obs_Mesothelioma":0.0,"exp_Mesothelioma":0.0832282241,"sir_Mesothelioma":0.0,"obs_Lung":13.0,"exp_Lung":5.6310497862,"sir_Lung":2.309,"obs_Bladder":3.0,"exp_Bladder":2.2021308153,"sir_Bladder":1.362,"obs_Esophagus":2.0,"exp_Esophagus":0.4695326765,"sir_Esophagus":4.26,"obs_Oral":4.0,"exp_Oral":1.0759197967,"sir_Oral":3.718,"obs_Brain":0.0,"exp_Brain":0.6646985424,"sir_Brain":0.0,"hlarea_Lung":1,"hlarea_Bladder":1,"hlarea_Esophagus":1,"hlarea_Oral":0,"hlarea_Brain":0,"hlarea_Mesothelioma":0,"doh_region":"36063DOH0007","merged_area":true,"merged_bg_count":2}},{"type":"Feature","geometry":{"type":"Polygon","coordinates":[[[-78.853872,43.021505],[-78.853929,43.021536],[-78.854531,43.021865],[-78.854687,43.021952],[-78.85490999999999,43.022060999999994],[-78.85505200000001,43.022126],[-78.855319,43.022248999999995],[-78.855764,43.022417000000004],[-78.856312,43.02258],[-78.856709,43.022676000000004],[-78.857036,43.022756],[-78.857277,43.02281099999998],[-78.857879,43.02294199999999],[-78.857945,43.022952999999994],[-78.858599,43.02306799999999],[-78.859966,43.023292999999995],[-78.86064100000002,43.02340499999999],[-78.860765,43.02342399999999],[-78.86104,43.023468999999984],[-78.861139,43.023485],[-78.861189,43.02349299999999],[-78.86126399999999,43.02350499999999],[-78.861271,43.023678],[-78.861283,43.02397899999999],[-78.861311,43.024676],[-78.861305,43.025129],[-78.861268,43.02540099999999],[-78.861257,43.025484],[-78.861192,43.02576],[-78.861169,43.025866],[-78.861024,43.02653999999999],[-78.860928,43.02708699999999],[-78.860919,43.027350999999996],[-78.860931,43.027904],[-78.86093199999999,43.027967999999994],[-78.860947,43.029145],[-78.860947,43.029215],[-78.860963,43.030266000000005],[-78.860992,43.03066699999999],[-78.861008,43.03076],[-78.860933,43.030761],[-78.86084,43.03076599999999],[-78.860708,43.03076499999999],[-78.86063399999999,43.030766],[-78.857598,43.030770000000004],[-78.85743599999999,43.03076999999999],[-78.85695299999999,43.03077199999999],[-78.856792,43.030772999999996],[-78.856721,43.03077199999999],[-78.85650799999999,43.03076999999999],[-78.856437,43.03076999999999],[-78.856312,43.030769],[-78.855937,43.03076900000001],[-78.855812,43.03076899999999],[-78.85571499999999,43.030769],[-78.855426,43.03076899999999],[-78.85533,43.03076999999999],[-78.855097,43.03077199999999],[-78.854401,43.03077899999999],[-78.85423,43.03078099999999],[-78.854169,43.030786],[-78.853927,43.030794],[-78.853684,43.030804],[-78.85320399999999,43.030805],[-78.852963,43.030806999999996],[-78.852688,43.030811],[-78.85222399999999,43.030818999999994],[-78.85186399999999,43.030848999999996],[-78.851591,43.030873],[-78.85127899999999,43.030896999999996],[-78.85083,43.030933999999995],[-78.85034399999999,43.03094399999999],[-78.850032,43.03095099999999],[-78.85001799999999,43.030401],[-78.85001799999999,43.03036300000001],[-78.849957,43.028752999999995],[-78.849937,43.028203999999995],[-78.849914,43.02754399999999],[-78.849845,43.02556499999999],[-78.849822,43.02490599999999],[-78.849791,43.024136999999996],[-78.84969799999999,43.02182999999999],[-78.84969199999999,43.021660999999995],[-78.84968400000001,43.021060999999996],[-78.849997,43.021074999999996],[-78.85093599999999,43.02111999999998],[-78.85125,43.02113599999999],[-78.85193400000001,43.02117],[-78.852736,43.021211],[-78.853175,43.02124999999999],[-78.85336500000001,43.02129299999999],[-78.853563,43.02135799999999],[-78.853872,43.021505]]]},"properties":{"geoid":"360630233003","name":"Block Group 3","pop":2148.0,"obs_Mesothelioma":0.0,"exp_Mesothelioma":0.13,"sir_Mesothelioma":0.0,"obs_Lung":14.0,"exp_Lung":8.41,"sir_Lung":1.664,"obs_Bladder":5.0,"exp_Bladder":3.18,"sir_Bladder":1.573,"obs_Esophagus":0.0,"exp_Esophagus":0.58,"sir_Esophagus":0.0,"obs_Oral":2.0,"exp_Oral":1.24,"sir_Oral":1.612,"obs_Brain":1.0,"exp_Brain":0.79,"sir_Brain":1.272,"hlarea_Lung":1,"hlarea_Bladder":1,"hlarea_Esophagus":1,"hlarea_Oral":0,"hlarea_Brain":0,"hlarea_Mesothelioma":0,"merged_area":false,"doh_region":"360630233003"}},{"type":"Feature","geometry":{"type":"Polygon","coordinates":[[[-78.489688,43.09156399999999],[-78.48279,43.091570999999995],[-78.47605000000001,43.09157799999999],[-78.476018,43.09612199999999],[-78.46741,43.096137999999996],[-78.467407,43.095339],[-78.467394,43.09153],[-78.464306,43.09151399999998],[-78.46444699999999,43.088747999999995],[-78.464449,43.08870299999999],[-78.464584,43.088649999999994],[-78.464775,43.08853099999999],[-78.465004,43.08832599999999],[-78.465172,43.08815399999999],[-78.465347,43.088038999999995],[-78.465462,43.088008999999985],[-78.465637,43.087985999999994],[-78.466049,43.08797800000001],[-78.466504,43.08805499999998],[-78.46688,43.088108],[-78.467288,43.08809199999999],[-78.46764800000001,43.087996],[-78.46781899999999,43.087921],[-78.467918,43.08784099999999],[-78.46800999999999,43.087723],[-78.468018,43.08765],[-78.46800999999999,43.087528000000006],[-78.467964,43.087382999999996],[-78.467812,43.087139],[-78.46772,43.087028999999994],[-78.467575,43.08694800000001],[-78.46736899999999,43.08685699999998],[-78.46630100000002,43.086417999999995],[-78.465408,43.086231],[-78.465271,43.086200999999996],[-78.46521,43.086166],[-78.46515699999999,43.086127999999995],[-78.465126,43.086086],[-78.465133,43.086041],[-78.46515699999999,43.085968],[-78.465218,43.08590299999999],[-78.465355,43.08578899999999],[-78.465492,43.085681999999984],[-78.465631,43.085590999999994],[-78.466014,43.085491000000005],[-78.466225,43.085412999999996],[-78.466658,43.08516100000001],[-78.467492,43.08461899999999],[-78.468258,43.08409699999999],[-78.46846900000001,43.08394],[-78.468674,43.083706],[-78.46887199999999,43.083405],[-78.469017,43.083273],[-78.46929899999999,43.08305999999999],[-78.46961999999999,43.082855],[-78.469736,43.08279699999999],[-78.47058899999999,43.082438999999994],[-78.470688,43.08238599999999],[-78.471504,43.081837],[-78.471886,43.081596],[-78.472038,43.08151999999999],[-78.472145,43.081497000000006],[-78.47228199999999,43.081497],[-78.472382,43.08152799999999],[-78.472473,43.081589],[-78.472537,43.081649999999996],[-78.47260299999999,43.081740999999994],[-78.472633,43.081829],[-78.472633,43.081915],[-78.472628,43.08200799999999],[-78.4726,43.082159999999995],[-78.47229,43.082577],[-78.472256,43.08265900000001],[-78.472126,43.08311099999999],[-78.47197,43.083469],[-78.471794,43.08371699999999],[-78.471733,43.08379699999999],[-78.471712,43.08389599999999],[-78.47172499999999,43.084025999999994],[-78.471809,43.084126000000005],[-78.471916,43.08420199999999],[-78.472038,43.08423199999999],[-78.472252,43.084250999999995],[-78.47232799999999,43.08423199999999],[-78.47249599999999,43.08415199999998],[-78.472572,43.08408],[-78.472651,43.083801],[-78.472717,43.083679],[-78.472839,43.083607],[-78.47303,43.083546],[-78.47340899999999,43.083467999999996],[-78.473518,43.083426999999986],[-78.47367899999999,43.08333599999998],[-78.473763,43.08323299999999],[-78.47385799999999,43.08307299999999],[-78.473972,43.08287699999999],[-78.474068,43.08278999999999],[-78.474167,43.08275999999999],[-78.474417,43.08273399999999],[-78.474541,43.082752],[-78.47464,43.08278800000001],[-78.47468599999999,43.08284399999999],[-78.474716,43.082935],[-78.47470899999999,43.083057],[-78.474571,43.083366000000005],[-78.474457,43.083892999999996],[-78.474342,43.08406099999999],[-78.47412899999999,43.08427399999999],[-78.474083,43.084396],[-78.474091,43.084526000000004],[-78.474152,43.084648],[-78.47422,43.084702],[-78.474274,43.084727999999984],[-78.474373,43.084755],[-78.475105,43.084762999999995],[-78.47526599999999,43.084797],[-78.475357,43.08483899999999],[-78.47541,43.0849],[-78.475471,43.085045],[-78.475456,43.085139999999996],[-78.47539499999999,43.085257999999996],[-78.475235,43.08568199999999],[-78.475212,43.08579599999999],[-78.475196,43.08594099999999],[-78.47522699999999,43.08604799999999],[-78.47528799999999,43.086124],[-78.47541,43.08623500000001],[-78.47552499999999,43.086285],[-78.475647,43.08633],[-78.475838,43.086338000000005],[-78.476379,43.086285],[-78.476677,43.086245999999996],[-78.476799,43.08618899999999],[-78.476936,43.08606399999999],[-78.47702,43.085884],[-78.477043,43.08567000000001],[-78.47702,43.085601999999994],[-78.476959,43.085551999999986],[-78.476715,43.085410999999986],[-78.47663899999999,43.08538799999999],[-78.476601,43.085342],[-78.47654,43.085300000000004],[-78.476501,43.08520499999999],[-78.47653199999999,43.08497999999998],[-78.476562,43.08493399999999],[-78.476608,43.084888],[-78.476692,43.084835],[-78.47693,43.084728999999996],[-78.477119,43.084723999999994],[-78.477745,43.08480799999999],[-78.477888,43.084822],[-78.478027,43.084816],[-78.47816499999999,43.084785000000004],[-78.47847,43.084689999999995],[-78.479019,43.084465],[-78.479309,43.084373],[-78.481117,43.08389999999999],[-78.48162099999999,43.083777999999995],[-78.481689,43.083777999999995],[-78.481735,43.08379699999999],[-78.481781,43.08383200000001],[-78.481842,43.083915999999995],[-78.481865,43.08404199999998],[-78.481853,43.084163999999994],[-78.481659,43.085159],[-78.48168600000001,43.08527999999999],[-78.481766,43.085345999999994],[-78.482597,43.08568999999999],[-78.48275799999999,43.08576199999998],[-78.48281899999999,43.08577299999999],[-78.48288699999999,43.085784999999994],[-78.483025,43.085772999999996],[-78.483231,43.085743],[-78.483352,43.085727000000006],[-78.483505,43.085753999999994],[-78.483627,43.08577699999999],[-78.483696,43.08579599999999],[-78.48458099999999,43.086129],[-78.484668,43.086163],[-78.484779,43.086174],[-78.484871,43.08615499999999],[-78.485247,43.08598499999999],[-78.4854,43.08590900000001],[-78.48625899999999,43.085392],[-78.486351,43.085304],[-78.48655699999999,43.085136],[-78.48666399999999,43.085013999999994],[-78.486755,43.08486200000001],[-78.486873,43.084658],[-78.48714400000001,43.08428999999999],[-78.487747,43.08359499999999],[-78.48837999999999,43.08305699999999],[-78.488823,43.08276],[-78.488945,43.08271],[-78.489143,43.08268],[-78.489311,43.082684],[-78.489588,43.082742999999994],[-78.48981599999999,43.082826],[-78.489925,43.082875],[-78.490639,43.08338499999999],[-78.49109,43.08364199999999],[-78.49164600000002,43.083954999999996],[-78.491586,43.08581499999999],[-78.49140899999999,43.091397999999984],[-78.491405,43.091543],[-78.489688,43.09156399999999]]]},"properties":{"geoid":"360639401001","name":"Block Group 1","pop":null,"obs_Mesothelioma":null,"exp_Mesothelioma":null,"sir_Mesothelioma":null,"obs_Lung":null,"exp_Lung":null,"sir_Lung":null,"obs_Bladder":null,"exp_Bladder":null,"sir_Bladder":null,"obs_Esophagus":null,"exp_Esophagus":null,"sir_Esophagus":null,"obs_Oral":null,"exp_Oral":null,"sir_Oral":null,"obs_Brain":null,"exp_Brain":null,"sir_Brain":null}},{"type":"Feature","geometry":{"type":"Polygon","coordinates":[[[-79.039451,43.13025599999998],[-79.03948700000001,43.13035999999999],[-79.03960099999999,43.13067499999999],[-79.039632,43.13077599999999],[-79.039799,43.131308],[-79.039962,43.13176699999998],[-79.04004800000001,43.13182899999999],[-79.040122,43.13198499999999],[-79.040146,43.13203399999999],[-79.04030800000001,43.13238599999998],[-79.039723,43.13238299999998],[-79.03796799999999,43.132374],[-79.037776,43.132374],[-79.037384,43.132356],[-79.034713,43.132267999999996],[-79.027637,43.13203699999999],[-79.02670400000001,43.13197799999998],[-79.02403799999999,43.131810999999985],[-79.01966399999999,43.131812999999994],[-79.019532,43.13177899999998],[-79.019325,43.13172700000001],[-79.019136,43.131678000000015],[-79.01900499999999,43.131645],[-79.018461,43.13030900000001],[-79.018399,43.13015799999999],[-79.018273,43.129855000000006],[-79.01742999999999,43.12781199999999],[-79.01718799999999,43.127247999999994],[-79.01713199999999,43.12713399999999],[-79.017039,43.12694499999999],[-79.01680499999999,43.12653099999999],[-79.016674,43.12632299999999],[-79.016363,43.12588399999999],[-79.016009,43.125447],[-79.015587,43.12499999999999],[-79.01513299999999,43.124589],[-79.014729,43.12426299999999],[-79.014034,43.123783],[-79.01382799999999,43.123653],[-79.013262,43.12333099999999],[-79.012728,43.12307599999999],[-79.01229099999999,43.122879],[-79.01167,43.122645999999996],[-79.011111,43.122460999999994],[-79.01018599999999,43.122184999999995],[-79.00943099999999,43.121976999999994],[-79.009395,43.12196699999999],[-79.00759900000001,43.121448999999984],[-79.006795,43.121222],[-79.006526,43.121137999999995],[-79.00569100000001,43.12084299999999],[-79.004964,43.120549999999994],[-79.00446199999999,43.120327],[-79.004254,43.120235],[-79.00347599999999,43.11982700000001],[-79.00324599999999,43.11969499999999],[-79.002928,43.11949500000001],[-79.003147,43.119457999999995],[-79.003301,43.119431999999996],[-79.003723,43.11937],[-79.003958,43.119336000000004],[-79.006109,43.118987999999995],[-79.006905,43.118860000000005],[-79.007678,43.11873099999999],[-79.00829300000001,43.118629999999996],[-79.009998,43.118352],[-79.010772,43.11822599999999],[-79.012655,43.117920999999996],[-79.012856,43.11788899999999],[-79.018762,43.11695099999999],[-79.01911299999999,43.116903],[-79.01915,43.116898],[-79.021198,43.116569999999996],[-79.021408,43.11653499999999],[-79.022041,43.11643399999999],[-79.02225299999999,43.11640099999998],[-79.022455,43.116369],[-79.023062,43.11627599999999],[-79.023265,43.116245],[-79.023488,43.116208999999984],[-79.02416,43.116103999999986],[-79.024283,43.116085],[-79.024385,43.116068999999996],[-79.02529799999999,43.11592399999999],[-79.026303,43.115764],[-79.026504,43.115731],[-79.02711099999999,43.115635],[-79.02731299999999,43.11560299999999],[-79.027361,43.11559499999999],[-79.027509,43.115570999999996],[-79.027558,43.115563999999985],[-79.027709,43.115538999999984],[-79.02816399999999,43.11546699999999],[-79.02831599999999,43.11544299999999],[-79.02847,43.115417],[-79.02893499999999,43.11534299999999],[-79.02909,43.11531799999999],[-79.029136,43.11530999999999],[-79.029276,43.115286999999995],[-79.02932299999999,43.11527999999999],[-79.029555,43.115242],[-79.030255,43.115131],[-79.03048799999999,43.115094],[-79.03132,43.11496399999999],[-79.031603,43.114925],[-79.0326,43.11475799999997],[-79.032969,43.11469299999999],[-79.033025,43.11468],[-79.03308799999999,43.114794999999994],[-79.033264,43.11520999999999],[-79.03344899999999,43.115718],[-79.033541,43.115935],[-79.03382599999999,43.11671299999999],[-79.034155,43.11752799999999],[-79.034228,43.11769199999999],[-79.034447,43.118185],[-79.03452,43.11835],[-79.03459099999999,43.11852599999999],[-79.03480499999999,43.119054999999996],[-79.034877,43.119232],[-79.034945,43.119409],[-79.035152,43.11994199999999],[-79.03522099999999,43.12012],[-79.035359,43.120459999999994],[-79.035366,43.12047499999999],[-79.03578399999999,43.121477],[-79.035926,43.121817],[-79.036622,43.12349799999999],[-79.03697799999999,43.12435399999999],[-79.03705,43.12452499999999],[-79.037266,43.125037999999996],[-79.037339,43.125209],[-79.03745599999999,43.125498],[-79.03760199999999,43.125806],[-79.037716,43.12608099999999],[-79.037926,43.12652999999999],[-79.037933,43.126636999999995],[-79.038097,43.12695],[-79.03818,43.12710899999999],[-79.038231,43.127205999999994],[-79.038406,43.12760099999999],[-79.03847999999999,43.127767],[-79.038615,43.128096],[-79.038967,43.128952999999996],[-79.03902,43.129087],[-79.03915099999999,43.12941899999999],[-79.039192,43.129566000000004],[-79.039208,43.12960999999999],[-79.039419,43.130172],[-79.039451,43.13025599999998]]]},"properties":{"geoid":"360630226012","name":"Block Group 2","pop":700.0,"obs_Mesothelioma":0.0,"exp_Mesothelioma":0.04,"sir_Mesothelioma":0.0,"obs_Lung":8.0,"exp_Lung":2.73,"sir_Lung":2.929,"obs_Bladder":2.0,"exp_Bladder":1.01,"sir_Bladder":1.98,"obs_Esophagus":0.0,"exp_Esophagus":0.2,"sir_Esophagus":0.0,"obs_Oral":0.0,"exp_Oral":0.44,"sir_Oral":0.0,"obs_Brain":0.0,"exp_Brain":0.26,"sir_Brain":0.0,"hlarea_Lung":1,"hlarea_Bladder":0,"hlarea_Esophagus":1,"hlarea_Oral":0,"hlarea_Brain":0,"hlarea_Mesothelioma":0,"merged_area":false,"doh_region":"360630226012"}},{"type":"Feature","geometry":{"type":"Polygon","coordinates":[[[-78.87268399999999,43.022943999999995],[-78.87265699999999,43.022967],[-78.872569,43.02297600000001],[-78.87266699999999,43.023173],[-78.87271,43.02323299999999],[-78.872968,43.023441],[-78.872997,43.02348200000001],[-78.873176,43.02393799999998],[-78.873659,43.02517799999999],[-78.874045,43.02616599999999],[-78.87414799999999,43.02642699999999],[-78.87441,43.027093],[-78.87445699999999,43.027212999999996],[-78.874471,43.027255],[-78.874549,43.027446],[-78.874561,43.02747499999999],[-78.874603,43.027583],[-78.87512799999999,43.028935],[-78.875813,43.030676],[-78.875069,43.03083099999999],[-78.874618,43.030923999999985],[-78.874326,43.03098400000001],[-78.873142,43.031222],[-78.872827,43.03129200000001],[-78.871555,43.031549999999996],[-78.871357,43.031589],[-78.87092,43.031676999999995],[-78.870764,43.031709],[-78.870567,43.03174999999998],[-78.870528,43.031757999999996],[-78.87041099999999,43.031780999999995],[-78.870373,43.031789999999994],[-78.870233,43.031442],[-78.869813,43.030399999999986],[-78.86967299999999,43.03005299999999],[-78.86948199999999,43.029561],[-78.86940299999999,43.02935699999999],[-78.868912,43.02808699999999],[-78.86872199999999,43.02759599999999],[-78.86862599999999,43.027344],[-78.86833899999999,43.026589],[-78.86824399999999,43.026338],[-78.868147,43.02608599999999],[-78.867857,43.02533300000001],[-78.867761,43.02508199999999],[-78.867665,43.024834],[-78.86738,43.02409099999999],[-78.867357,43.02402899999999],[-78.867297,43.02383999999999],[-78.86849,43.023872999999995],[-78.868937,43.023866999999996],[-78.86921799999999,43.023821],[-78.87008399999999,43.023651],[-78.871012,43.02340199999999],[-78.87092,43.02320099999999],[-78.870907,43.023104],[-78.87087100000001,43.022815],[-78.870859,43.02271899999999],[-78.872101,43.022403999999995],[-78.872168,43.022389],[-78.87235199999999,43.022572000000004],[-78.872508,43.022708],[-78.872731,43.022931],[-78.87268399999999,43.022943999999995]]]},"properties":{"geoid":"360630232002","name":"Block Group 2","pop":1034.0,"obs_Mesothelioma":1.0,"exp_Mesothelioma":0.03,"sir_Mesothelioma":30.957,"obs_Lung":5.0,"exp_Lung":2.41,"sir_Lung":2.078,"obs_Bladder":4.0,"exp_Bladder":0.87,"sir_Bladder":4.605,"obs_Esophagus":1.0,"exp_Esophagus":0.19,"sir_Esophagus":5.222,"obs_Oral":0.0,"exp_Oral":0.46,"sir_Oral":0.0,"obs_Brain":1.0,"exp_Brain":0.31,"sir_Brain":3.202,"hlarea_Lung":1,"hlarea_Bladder":1,"hlarea_Esophagus":1,"hlarea_Oral":0,"hlarea_Brain":0,"hlarea_Mesothelioma":1,"merged_area":false,"doh_region":"360630232002"}},{"type":"Feature","geometry":{"type":"Polygon","coordinates":[[[-78.993796,43.131755999999996],[-78.979045,43.132007],[-78.976356,43.132053],[-78.974683,43.13213700000001],[-78.974204,43.132141999999995],[-78.973462,43.132152],[-78.97276699999999,43.132156],[-78.972289,43.13216],[-78.97142600000001,43.132186],[-78.96883799999999,43.132265999999994],[-78.967976,43.13229299999999],[-78.967571,43.132298999999996],[-78.966364,43.132318],[-78.966359,43.132318],[-78.965955,43.132331],[-78.951493,43.132411000000005],[-78.95109699999999,43.132394999999995],[-78.951002,43.13239199999999],[-78.95082599999999,43.132390999999984],[-78.950842,43.13092299999999],[-78.95086599999999,43.13000099999999],[-78.950867,43.129947999999985],[-78.95089899999999,43.12848499999999],[-78.95091099999999,43.127022999999994],[-78.95091699999999,43.12636799999999],[-78.950923,43.12607],[-78.950903,43.125997],[-78.951846,43.125896999999995],[-78.95266199999999,43.12576800000001],[-78.95410799999999,43.12553999999999],[-78.954447,43.125484],[-78.958062,43.124897999999995],[-78.961106,43.124397],[-78.96498,43.123771999999995],[-78.965014,43.12376599999999],[-78.968372,43.123211000000005],[-78.968535,43.123182],[-78.969162,43.123069],[-78.96941799999999,43.12302700000001],[-78.97207499999999,43.12259699999999],[-78.972961,43.12245399999999],[-78.973035,43.122488],[-78.973554,43.122733],[-78.973663,43.122785000000015],[-78.97408,43.122935],[-78.974362,43.12301699999999],[-78.974655,43.123083],[-78.975151,43.123154],[-78.97537299999999,43.12317],[-78.975459,43.12316999999999],[-78.97565399999999,43.12317300000001],[-78.975955,43.12316500000001],[-78.976114,43.123146999999996],[-78.977177,43.12298699999998],[-78.97723599999999,43.12297699999999],[-78.977464,43.122938999999995],[-78.980598,43.12242899999999],[-78.981719,43.122246999999994],[-78.98381499999999,43.12191099999999],[-78.98451899999999,43.12179899999999],[-78.98554800000001,43.121617999999984],[-78.99010299999999,43.120888],[-78.990822,43.120774],[-78.992199,43.12054199999999],[-78.992353,43.120522],[-78.992938,43.12046799999999],[-78.99305199999999,43.120465999999986],[-78.99562499999999,43.12042199999999],[-78.99643999999999,43.12040899999999],[-78.996483,43.120408],[-78.99659,43.12040499999999],[-78.996788,43.1204],[-78.996911,43.12039000000001],[-78.99697599999999,43.12038499999999],[-78.997114,43.12037399999999],[-78.997526,43.12033999999999],[-78.99783599999999,43.120308],[-78.997937,43.120298],[-78.99846000000001,43.120225999999995],[-78.998763,43.12017399999999],[-78.999071,43.120122999999985],[-78.999285,43.120087999999996],[-78.99984200000002,43.119996999999984],[-79.002156,43.11962],[-79.002928,43.11949500000001],[-79.00324599999999,43.11969499999999],[-79.00347599999999,43.11982700000001],[-79.004254,43.120235],[-79.00446199999999,43.120327],[-79.004964,43.120549999999994],[-79.00569100000001,43.12084299999999],[-79.006526,43.121137999999995],[-79.006795,43.121222],[-79.00759900000001,43.121448999999984],[-79.009395,43.12196699999999],[-79.00943099999999,43.121976999999994],[-79.01018599999999,43.122184999999995],[-79.011111,43.122460999999994],[-79.01167,43.122645999999996],[-79.01229099999999,43.122879],[-79.012728,43.12307599999999],[-79.013262,43.12333099999999],[-79.01382799999999,43.123653],[-79.014034,43.123783],[-79.014729,43.12426299999999],[-79.01513299999999,43.124589],[-79.015587,43.12499999999999],[-79.016009,43.125447],[-79.016363,43.12588399999999],[-79.016674,43.12632299999999],[-79.01680499999999,43.12653099999999],[-79.017039,43.12694499999999],[-79.01713199999999,43.12713399999999],[-79.01718799999999,43.127247999999994],[-79.01742999999999,43.12781199999999],[-79.018273,43.129855000000006],[-79.018399,43.13015799999999],[-79.018461,43.13030900000001],[-79.01900499999999,43.131645],[-79.01897,43.131646999999994],[-79.018864,43.131655999999985],[-79.01883,43.131659000000006],[-79.016778,43.13165599999999],[-79.01062499999999,43.131648],[-79.00961099999999,43.131646999999994],[-79.008574,43.13164599999999],[-79.008076,43.131632999999994],[-79.006582,43.13159599999999],[-79.006084,43.13158399999999],[-79.005674,43.13159599999999],[-79.004447,43.131633999999984],[-79.004038,43.13164799999999],[-79.003443,43.131673000000006],[-79.001657,43.13175],[-79.001063,43.131775999999995],[-79.000941,43.13174399999999],[-79.00046999999999,43.13174099999999],[-79.000002,43.131739999999986],[-78.998682,43.131744999999995],[-78.998086,43.131747999999995],[-78.997838,43.131749],[-78.997097,43.131752],[-78.99685,43.131754],[-78.996549,43.13175599999999],[-78.995645,43.131763],[-78.995345,43.131765999999985],[-78.99503399999999,43.131766999999996],[-78.994104,43.131772],[-78.99394199999999,43.131774],[-78.993796,43.131755999999996]]]},"properties":{"geoid":"360630226011","name":"Block Group 1","pop":1618.0,"obs_Mesothelioma":0.0,"exp_Mesothelioma":0.12,"sir_Mesothelioma":0.0,"obs_Lung":13.0,"exp_Lung":7.68,"sir_Lung":1.694,"obs_Bladder":3.0,"exp_Bladder":2.99,"sir_Bladder":1.003,"obs_Esophagus":1.0,"exp_Esophagus":0.59,"sir_Esophagus":1.694,"obs_Oral":3.0,"exp_Oral":1.23,"sir_Oral":2.444,"obs_Brain":0.0,"exp_Brain":0.67,"sir_Brain":0.0,"hlarea_Lung":1,"hlarea_Bladder":0,"hlarea_Esophagus":1,"hlarea_Oral":0,"hlarea_Brain":0,"hlarea_Mesothelioma":0,"merged_area":false,"doh_region":"360630226011"}},{"type":"Feature","geometry":{"type":"Polygon","coordinates":[[[-78.865357,43.044571],[-78.86536400000001,43.04473899999999],[-78.865369,43.04489299999999],[-78.865375,43.045318],[-78.865377,43.04546],[-78.864336,43.045463],[-78.862425,43.045469],[-78.86166999999999,43.04548199999999],[-78.861215,43.045481999999986],[-78.860922,43.045482],[-78.860175,43.04547],[-78.859839,43.045468],[-78.85883199999999,43.045463999999996],[-78.858693,43.04546399999999],[-78.858497,43.045463999999996],[-78.858273,43.045463999999996],[-78.857975,43.04546499999999],[-78.85641199999999,43.045473000000015],[-78.855891,43.045476],[-78.855736,43.04547600000001],[-78.855273,43.04547799999999],[-78.855119,43.04547999999998],[-78.85505599999999,43.04548],[-78.85492300000001,43.04548199999999],[-78.854867,43.04548199999999],[-78.854805,43.04548299999999],[-78.855021,43.045320000000004],[-78.85567,43.044832],[-78.855887,43.04466999999999],[-78.85589399999999,43.04443699999999],[-78.85587699999999,43.043088999999995],[-78.855871,43.042566],[-78.855879,43.042102],[-78.855857,43.038345],[-78.85585499999999,43.03787500000001],[-78.855841,43.03676499999999],[-78.855837,43.036559999999994],[-78.85582699999999,43.03594499999999],[-78.855824,43.035741],[-78.855822,43.03560000000001],[-78.855819,43.03517699999999],[-78.855818,43.03503599999999],[-78.855819,43.034890999999995],[-78.855824,43.034456999999996],[-78.855826,43.034313000000004],[-78.855825,43.034042],[-78.855824,43.033232],[-78.855824,43.03296199999998],[-78.855823,43.032913999999984],[-78.855822,43.03277099999998],[-78.855822,43.03272399999999],[-78.85582,43.032332999999994],[-78.855814,43.03116],[-78.855812,43.03076899999999],[-78.855937,43.03076900000001],[-78.856312,43.030769],[-78.856437,43.03076999999999],[-78.85650799999999,43.03076999999999],[-78.856721,43.03077199999999],[-78.856792,43.030772999999996],[-78.85695299999999,43.03077199999999],[-78.85743599999999,43.03076999999999],[-78.857598,43.030770000000004],[-78.86063399999999,43.030766],[-78.860708,43.03076499999999],[-78.86084,43.03076599999999],[-78.860933,43.030761],[-78.861008,43.03076],[-78.861029,43.030853],[-78.861092,43.031133],[-78.861114,43.031226999999994],[-78.861149,43.031368],[-78.861254,43.03179099999999],[-78.861289,43.031932],[-78.861329,43.032093999999994],[-78.861452,43.03258100000001],[-78.861493,43.032743999999994],[-78.861532,43.03289],[-78.861651,43.03332799999998],[-78.861691,43.033474],[-78.86172200000001,43.033594999999984],[-78.86187,43.034175999999995],[-78.8619,43.034278],[-78.861929,43.034375],[-78.861998,43.03458500000001],[-78.862107,43.03483],[-78.86238,43.03538199999999],[-78.862596,43.035804999999996],[-78.863242,43.03692499999998],[-78.86367,43.037622999999996],[-78.86389000000001,43.03796299999999],[-78.86409499999999,43.038233000000005],[-78.864269,43.03846099999999],[-78.86428599999999,43.038484],[-78.864313,43.038518999999994],[-78.864368,43.03858599999999],[-78.86442,43.03865],[-78.864457,43.03869599999999],[-78.864505,43.03875600000001],[-78.864521,43.038776999999996],[-78.86454599999999,43.03881],[-78.864575,43.038848],[-78.86474,43.03906],[-78.864796,43.039131],[-78.865004,43.039393999999994],[-78.865196,43.039636999999985],[-78.865268,43.03976900000001],[-78.86529,43.039843999999995],[-78.865312,43.040083],[-78.86531099999999,43.040299],[-78.86531,43.04031399999999],[-78.865304,43.040499999999994],[-78.865262,43.04054599999999],[-78.86525999999999,43.040634],[-78.86525499999999,43.040768],[-78.865247,43.040985],[-78.86525,43.04117300000001],[-78.865253,43.04130899999999],[-78.865258,43.04149699999999],[-78.865273,43.042061],[-78.86527799999999,43.04224999999999],[-78.865284,43.042434],[-78.865302,43.04298699999999],[-78.865308,43.04317199999999],[-78.86533899999999,43.044015],[-78.86535599999999,43.044551999999996],[-78.865357,43.044571]]]},"properties":{"geoid":"360630233004","name":"Block Group 4","pop":1804.0,"obs_Mesothelioma":1.0,"exp_Mesothelioma":0.1,"sir_Mesothelioma":10.323,"obs_Lung":11.0,"exp_Lung":6.58,"sir_Lung":1.671,"obs_Bladder":3.0,"exp_Bladder":2.57,"sir_Bladder":1.167,"obs_Esophagus":1.0,"exp_Esophagus":0.51,"sir_Esophagus":1.948,"obs_Oral":0.0,"exp_Oral":1.13,"sir_Oral":0.0,"obs_Brain":1.0,"exp_Brain":0.67,"sir_Brain":1.502,"hlarea_Lung":1,"hlarea_Bladder":1,"hlarea_Esophagus":1,"hlarea_Oral":0,"hlarea_Brain":0,"hlarea_Mesothelioma":1,"merged_area":false,"doh_region":"360630233004"}},{"type":"Feature","geometry":{"type":"Polygon","coordinates":[[[-78.648415,43.153351],[-78.648471,43.15429899999999],[-78.648502,43.15481299999999],[-78.648539,43.155517999999994],[-78.648602,43.15671299999999],[-78.648651,43.15763299999999],[-78.64869,43.158338],[-78.64871,43.158703],[-78.64877,43.159800999999995],[-78.64878999999999,43.160166999999994],[-78.64881799999999,43.160686],[-78.648904,43.16224499999999],[-78.648933,43.162765],[-78.64899299999999,43.16368],[-78.649067,43.16484699999998],[-78.64946499999999,43.17109599999999],[-78.649598,43.173179999999995],[-78.649642,43.17387900000001],[-78.649648,43.174105999999995],[-78.649717,43.176323999999994],[-78.649726,43.17688899999999],[-78.649743,43.17781699999998],[-78.649756,43.178354],[-78.649777,43.17919899999999],[-78.649827,43.179964999999996],[-78.649828,43.179975],[-78.64990399999999,43.180497999999986],[-78.649937,43.18074],[-78.64994999999999,43.180834000000004],[-78.64996699999999,43.181117999999984],[-78.649957,43.181472],[-78.649957,43.18150999999998],[-78.649909,43.181710999999986],[-78.64911,43.18161200000001],[-78.648927,43.18158699999999],[-78.64608,43.181211],[-78.645004,43.18108199999999],[-78.644971,43.18109099999998],[-78.644802,43.181056999999996],[-78.64417999999999,43.181051],[-78.644207,43.18198299999999],[-78.644217,43.18276999999999],[-78.64418599999999,43.18299399999999],[-78.644133,43.183074],[-78.64406699999999,43.18311399999999],[-78.643967,43.183131],[-78.642673,43.183139],[-78.64132,43.183150999999995],[-78.64126399999999,43.183142999999994],[-78.641187,43.18309200000001],[-78.641171,43.18306299999999],[-78.64111,43.18270100000001],[-78.64109499999999,43.18220699999999],[-78.64106699999999,43.18176999999999],[-78.639873,43.182196000000005],[-78.639794,43.182224999999995],[-78.63629,43.18346599999999],[-78.636033,43.183558],[-78.635088,43.183865999999995],[-78.635097,43.183972999999995],[-78.635125,43.18429399999999],[-78.63513499999999,43.18440199999999],[-78.635187,43.18527999999999],[-78.63518300000001,43.185403999999984],[-78.635167,43.186093],[-78.6352,43.18707299999999],[-78.63519099999999,43.18802300000001],[-78.63519699999999,43.18841599999999],[-78.635215,43.189420999999996],[-78.63523,43.19012499999997],[-78.63524699999999,43.19083599999998],[-78.63529199999999,43.192237],[-78.63531499999999,43.19294199999999],[-78.63686,43.192733],[-78.637698,43.19263699999998],[-78.638284,43.192586000000006],[-78.64148899999999,43.19231099999999],[-78.642276,43.192234000000006],[-78.642813,43.19215999999999],[-78.642912,43.192127000000006],[-78.643045,43.19205899999999],[-78.643177,43.191967999999974],[-78.64352,43.191672999999994],[-78.643615,43.191606],[-78.64382599999999,43.191491000000006],[-78.643969,43.191436],[-78.64422499999999,43.19135999999999],[-78.644618,43.191278],[-78.644942,43.191249000000006],[-78.64517599999999,43.191253999999994],[-78.645315,43.19126899999999],[-78.64599799999999,43.19139399999998],[-78.646788,43.19155999999999],[-78.646965,43.19157399999999],[-78.647027,43.19157999999999],[-78.64723,43.19156],[-78.64748399999999,43.19150699999999],[-78.648861,43.191148],[-78.64903199999999,43.19108799999999],[-78.64975,43.190784],[-78.649783,43.190757],[-78.6498,43.190721999999994],[-78.6498,43.19075799999999],[-78.649807,43.19077699999999],[-78.64982900000001,43.190830999999996],[-78.649875,43.190885],[-78.649897,43.190922],[-78.64992699999999,43.190972],[-78.64994,43.19100100000001],[-78.649981,43.19108800000001],[-78.64999499999999,43.191117],[-78.64668,43.19191299999999],[-78.645116,43.19228999999999],[-78.638297,43.192885],[-78.636539,43.193115000000006],[-78.63315999999999,43.193559],[-78.632908,43.19356499999999],[-78.630729,43.19376899999998],[-78.630104,43.193827999999996],[-78.629075,43.193864999999995],[-78.62612899999999,43.19391600000001],[-78.62341599999999,43.19403199999999],[-78.620979,43.194137000000005],[-78.620978,43.19411499999999],[-78.620976,43.194052],[-78.620976,43.19403099999999],[-78.62092899999999,43.19371999999999],[-78.62078799999999,43.192787],[-78.620741,43.192477],[-78.62070299999999,43.19230899999999],[-78.620589,43.191807],[-78.620552,43.19164],[-78.62037699999999,43.190673999999994],[-78.619852,43.187778],[-78.619677,43.186813],[-78.619659,43.186653],[-78.61960499999999,43.186175999999996],[-78.61958700000001,43.186017],[-78.619462,43.184076],[-78.61908799999999,43.178255],[-78.61896399999999,43.176314999999995],[-78.61889500000001,43.174905],[-78.61868799999999,43.170677000000005],[-78.61861999999999,43.169268],[-78.618625,43.167839],[-78.618644,43.163554999999995],[-78.618651,43.16212699999999],[-78.618645,43.161555],[-78.618629,43.15983899999999],[-78.618624,43.15926799999999],[-78.618614,43.158202999999986],[-78.618584,43.15500899999999],[-78.618574,43.15394499999999],[-78.61881799999999,43.151422],[-78.618871,43.15111100000001],[-78.61941300000001,43.14332199999999],[-78.61934699999999,43.142627],[-78.61914999999999,43.140547],[-78.619085,43.139854],[-78.61902200000002,43.139157999999995],[-78.618833,43.137071999999996],[-78.618771,43.136376999999996],[-78.618702,43.136154999999995],[-78.61849699999999,43.135489000000014],[-78.61842899999999,43.13526799999999],[-78.618399,43.13480099999999],[-78.618312,43.13340199999999],[-78.61828299999999,43.132935999999994],[-78.61825499999999,43.13238],[-78.618172,43.130711999999995],[-78.618145,43.13015699999999],[-78.618085,43.12758600000001],[-78.617908,43.11987299999999],[-78.61784899999999,43.11730299999999],[-78.61784999999999,43.116535999999996],[-78.61785300000001,43.114238999999976],[-78.61785499999999,43.113473],[-78.61785499999999,43.112062999999985],[-78.61785499999999,43.107836],[-78.617856,43.10642699999999],[-78.617856,43.105637],[-78.617856,43.10326899999999],[-78.617857,43.10247999999999],[-78.617848,43.10162299999999],[-78.617823,43.099051999999986],[-78.617815,43.098195999999994],[-78.617791,43.096062999999994],[-78.617719,43.08966399999999],[-78.617695,43.087532],[-78.61766999999999,43.08733599999999],[-78.61759599999999,43.086748],[-78.617572,43.086553],[-78.617981,43.086895],[-78.618439,43.08723099999999],[-78.618698,43.087375999999985],[-78.618881,43.087444],[-78.619072,43.087481999999994],[-78.61932399999999,43.087501999999986],[-78.61955999999999,43.087494],[-78.61981999999999,43.087429],[-78.620077,43.087359],[-78.62024699999999,43.087284],[-78.620323,43.08721899999999],[-78.62046099999999,43.08708999999999],[-78.620522,43.086997999999994],[-78.620621,43.086735],[-78.62075800000001,43.086207999999985],[-78.620865,43.085999],[-78.620979,43.085854000000005],[-78.62116999999999,43.085705],[-78.621364,43.08558499999999],[-78.62153599999999,43.08551399999999],[-78.622292,43.08524699999999],[-78.62288699999999,43.085087],[-78.623329,43.084988],[-78.62442,43.084872999999995],[-78.625351,43.08485],[-78.625885,43.084880999999996],[-78.626106,43.084914999999995],[-78.626266,43.084953],[-78.626465,43.08501799999999],[-78.626671,43.08511],[-78.62738,43.08562499999999],[-78.627625,43.08584199999999],[-78.627945,43.08604799999999],[-78.628992,43.086668999999986],[-78.629116,43.08676699999998],[-78.62925,43.08692599999999],[-78.629311,43.087139],[-78.629311,43.088016999999994],[-78.62941,43.088387000000004],[-78.629556,43.08856199999999],[-78.629646,43.088646],[-78.630749,43.08967399999998],[-78.63101999999999,43.089915999999995],[-78.631355,43.090163999999994],[-78.632164,43.09055700000001],[-78.63250000000001,43.090767],[-78.632607,43.090869999999995],[-78.632683,43.09096099999999],[-78.632683,43.09108399999999],[-78.632576,43.091163999999985],[-78.632378,43.091217],[-78.63140899999999,43.091474999999996],[-78.631187,43.09146899999999],[-78.63089,43.091591],[-78.630646,43.09178199999999],[-78.63047,43.09200299999999],[-78.630417,43.092113000000005],[-78.630264,43.09250999999999],[-78.63005799999999,43.09298299999999],[-78.630043,43.093185],[-78.630077,43.09354599999999],[-78.630173,43.09378399999999],[-78.630301,43.09389399999999],[-78.63046299999999,43.093998],[-78.630791,43.09408599999999],[-78.631027,43.09412799999999],[-78.63134,43.094128],[-78.63156099999999,43.09413099999999],[-78.631798,43.094111999999996],[-78.632195,43.094092999999994],[-78.63246199999999,43.094108999999996],[-78.633713,43.094189],[-78.634018,43.09416199999998],[-78.63415499999999,43.094128],[-78.63552899999999,43.093360999999994],[-78.635643,43.09331099999999],[-78.635796,43.093281],[-78.636071,43.09327299999998],[-78.636054,43.09340299999999],[-78.636032,43.093579999999996],[-78.63603599999999,43.09376499999999],[-78.63604,43.093798],[-78.636057,43.09392899999999],[-78.6361,43.09405799999999],[-78.63620999999999,43.09419299999999],[-78.63645,43.09442099999999],[-78.637425,43.09534899999999],[-78.63784,43.095755999999994],[-78.63829900000002,43.09620599999999],[-78.638768,43.096657],[-78.640175,43.09801199999999],[-78.640644,43.09846399999999],[-78.63938399999999,43.100162000000005],[-78.63858499999999,43.10124],[-78.63790999999999,43.102170999999984],[-78.63633,43.10449299999999],[-78.636239,43.104654],[-78.636186,43.104811],[-78.636095,43.10546199999999],[-78.636091,43.105495],[-78.63604699999999,43.105927],[-78.635896,43.10706299999999],[-78.635879,43.10737100000001],[-78.6359,43.107596],[-78.635915,43.107705],[-78.6361,43.108731],[-78.636158,43.10911499999998],[-78.63721799999999,43.108953],[-78.63901899999999,43.108872],[-78.640519,43.108819],[-78.64278999999999,43.10870899999999],[-78.645156,43.108619],[-78.646668,43.10854199999999],[-78.64736099999999,43.108521999999994],[-78.647772,43.108528],[-78.64790099999999,43.10855599999999],[-78.648774,43.108937],[-78.652402,43.110561999999994],[-78.652609,43.110647],[-78.652677,43.11067299999999],[-78.652788,43.11071399999999],[-78.652919,43.110747999999994],[-78.65312399999999,43.11076799999999],[-78.65603899999999,43.110800999999995],[-78.658559,43.110817000000004],[-78.660748,43.110838],[-78.660758,43.112572],[-78.66072799999999,43.11589],[-78.66073,43.11684299999999],[-78.66071199999999,43.117484999999995],[-78.660673,43.117802999999995],[-78.660601,43.118089999999995],[-78.660529,43.118280999999996],[-78.66032,43.118690999999984],[-78.660122,43.118993999999994],[-78.65926499999999,43.120180999999995],[-78.65711499999999,43.12310599999999],[-78.657034,43.12324499999998],[-78.65701,43.12331399999999],[-78.656959,43.12345599999999],[-78.656831,43.12391499999999],[-78.65633,43.125727999999995],[-78.65616299999999,43.12633299999999],[-78.65590399999999,43.127266],[-78.65512799999999,43.130067999999994],[-78.65487,43.131001999999995],[-78.654573,43.130993000000004],[-78.653682,43.13096600000001],[-78.653385,43.13095699999999],[-78.652694,43.130931999999994],[-78.650621,43.13085899999999],[-78.64993,43.130835000000005],[-78.648325,43.130783],[-78.644294,43.13065399999999],[-78.64351099999999,43.13062699999999],[-78.64252599999999,43.130594999999985],[-78.641907,43.130579],[-78.641234,43.130561],[-78.640461,43.130540999999994],[-78.639215,43.130497999999996],[-78.638543,43.130475999999994],[-78.63854599999999,43.13052899999999],[-78.638555,43.130687999999985],[-78.63855900000001,43.130742000000005],[-78.63868699999999,43.132687],[-78.638772,43.133973],[-78.63903800000001,43.13852599999999],[-78.639111,43.139773999999996],[-78.639141,43.140473],[-78.639164,43.14099299999999],[-78.639175,43.141393],[-78.63925100000002,43.14415599999999],[-78.63927699999999,43.14507699999999],[-78.63951399999999,43.14515399999999],[-78.640225,43.14538799999998],[-78.640463,43.145466],[-78.641993,43.145976999999995],[-78.642831,43.146259],[-78.644105,43.14668799999999],[-78.645168,43.14706199999999],[-78.647347,43.14780799999998],[-78.648409,43.14819099999998],[-78.649914,43.148703],[-78.650657,43.14895599999999],[-78.65176,43.149349],[-78.65226,43.149558999999996],[-78.652602,43.149711999999994],[-78.65293199999999,43.14990699999999],[-78.653093,43.150002],[-78.65357999999999,43.15032199999999],[-78.65385200000001,43.150542999999985],[-78.654218,43.150881999999996],[-78.654556,43.151233999999995],[-78.654669,43.151361999999985],[-78.65517299999999,43.15193],[-78.65529,43.152066],[-78.655642,43.15247699999999],[-78.65576000000001,43.152614],[-78.654282,43.152538],[-78.651515,43.15239599999999],[-78.650396,43.152333],[-78.649849,43.15230899999999],[-78.648371,43.15224499999999],[-78.648388,43.15275899999999],[-78.648398,43.153056],[-78.648415,43.153351]]]},"properties":{"geoid":"360630234022","name":"Block Group 2","pop":2202.0,"obs_Mesothelioma":2.0,"exp_Mesothelioma":0.13,"sir_Mesothelioma":15.149,"obs_Lung":13.0,"exp_Lung":9.07,"sir_Lung":1.433,"obs_Bladder":10.0,"exp_Bladder":3.48,"sir_Bladder":2.871,"obs_Esophagus":0.0,"exp_Esophagus":0.74,"sir_Esophagus":0.0,"obs_Oral":4.0,"exp_Oral":1.64,"sir_Oral":2.439,"obs_Brain":2.0,"exp_Brain":0.88,"sir_Brain":2.27,"hlarea_Lung":1,"hlarea_Bladder":1,"hlarea_Esophagus":0,"hlarea_Oral":0,"hlarea_Brain":0,"hlarea_Mesothelioma":0,"merged_area":false,"doh_region":"360630234022"}},{"type":"Feature","geometry":{"type":"Polygon","coordinates":[[[-78.746825,43.33446199999998],[-78.746819,43.33365699999999],[-78.74681799999999,43.33349899999999],[-78.746797,43.332923999999984],[-78.74676199999999,43.33264],[-78.746749,43.33258899999999],[-78.74665800000001,43.33221],[-78.746533,43.33198799999999],[-78.746374,43.331822],[-78.74615899999999,43.33164199999999],[-78.746021,43.331562],[-78.74580399999999,43.331511],[-78.745407,43.331468],[-78.744278,43.33145699999999],[-78.74401399999999,43.33140899999999],[-78.743792,43.331319],[-78.743568,43.331168000000005],[-78.743432,43.330968],[-78.74338999999999,43.33085399999999],[-78.743376,43.33072899999999],[-78.743397,43.330597999999995],[-78.743459,43.330479999999994],[-78.743584,43.330341],[-78.744035,43.32994599999999],[-78.744194,43.329786999999996],[-78.744204,43.329770999999994],[-78.744333,43.329584999999994],[-78.74448199999999,43.329341],[-78.74453,43.329193999999994],[-78.744548,43.329065],[-78.74452699999999,43.32897499999999],[-78.74443699999999,43.328857],[-78.743972,43.328441],[-78.743802,43.32831],[-78.743695,43.32820600000001],[-78.743618,43.32807399999999],[-78.743584,43.327955999999986],[-78.743563,43.327811],[-78.743563,43.327658],[-78.743584,43.327499],[-78.743695,43.327144999999994],[-78.743723,43.32695099999999],[-78.743702,43.326805],[-78.74359799999999,43.326639],[-78.74342399999999,43.326486],[-78.74319299999999,43.326358000000006],[-78.742876,43.32622299999999],[-78.742515,43.326105],[-78.742134,43.326007999999995],[-78.741849,43.325889999999994],[-78.741711,43.32580699999999],[-78.741128,43.32551600000001],[-78.740954,43.32546],[-78.74053099999999,43.325390999999996],[-78.740129,43.325424999999996],[-78.739825,43.325458],[-78.73952,43.32551299999999],[-78.739381,43.32552699999998],[-78.73872899999999,43.32553399999998],[-78.738548,43.32549899999999],[-78.738382,43.325436999999994],[-78.73822899999999,43.32533300000001],[-78.738097,43.32518699999999],[-78.737813,43.32490299999999],[-78.737709,43.324763999999995],[-78.737653,43.324653],[-78.737591,43.324473000000005],[-78.73744599999999,43.323937],[-78.737355,43.32380099999998],[-78.737195,43.323668999999995],[-78.73702899999999,43.323564999999995],[-78.73684899999999,43.323488999999995],[-78.73661299999999,43.323468],[-78.736432,43.323468],[-78.73632099999999,43.323453999999984],[-78.736261,43.32338899999999],[-78.736252,43.32335],[-78.736257,43.32329299999999],[-78.736294,43.323252999999994],[-78.73655,43.32309299999999],[-78.73662,43.323009999999975],[-78.73664699999999,43.32295499999999],[-78.736689,43.322795],[-78.736728,43.32271599999999],[-78.736786,43.32264999999998],[-78.737404,43.322163999999994],[-78.737591,43.321942],[-78.73774399999999,43.32173399999999],[-78.73789599999999,43.321554],[-78.73803500000001,43.32141599999999],[-78.738181,43.321249],[-78.73822299999999,43.321169],[-78.73821199999999,43.321011],[-78.738157,43.32095199999999],[-78.73807699999999,43.320902999999994],[-78.73800299999999,43.32088199999999],[-78.737681,43.32082599999999],[-78.73747999999999,43.32080599999999],[-78.73714,43.320806],[-78.73699100000002,43.320789999999995],[-78.73676499999999,43.32071499999999],[-78.736599,43.320644],[-78.736463,43.320570999999994],[-78.736356,43.32049399999999],[-78.736069,43.320195999999996],[-78.735884,43.31985600000001],[-78.735773,43.319480999999996],[-78.735725,43.31923199999999],[-78.73572999999999,43.319120000000005],[-78.735749,43.31901399999999],[-78.73580799999999,43.31889899999998],[-78.73603,43.318566],[-78.736141,43.31821999999999],[-78.73614599999999,43.31813999999999],[-78.73607899999999,43.317901000000006],[-78.735961,43.317720999999985],[-78.735856,43.31758200000001],[-78.735725,43.317471],[-78.735614,43.317422],[-78.73545399999999,43.317395],[-78.73505899999999,43.317388],[-78.73485099999999,43.317373999999994],[-78.73467,43.31733899999998],[-78.73461000000002,43.317308],[-78.73454699999999,43.31722],[-78.734504,43.317130999999996],[-78.73448300000001,43.31701299999999],[-78.734476,43.31689599999999],[-78.734448,43.316804999999995],[-78.734393,43.31672199999999],[-78.734358,43.316688],[-78.734295,43.316652999999995],[-78.73415,43.316618],[-78.73400400000001,43.31656299999999],[-78.733914,43.316500000000005],[-78.733768,43.31636199999999],[-78.733685,43.316209],[-78.733623,43.31612599999999],[-78.733553,43.316059999999986],[-78.73347,43.31602199999999],[-78.73338,43.316008],[-78.733283,43.31602199999999],[-78.73312299999999,43.316077],[-78.732998,43.31613300000001],[-78.732839,43.31618799999999],[-78.73270699999999,43.316223],[-78.732325,43.31623],[-78.7322,43.31620199999999],[-78.732124,43.316160999999994],[-78.732075,43.316119],[-78.732034,43.315987],[-78.732034,43.315875999999996],[-78.732069,43.315641],[-78.732059,43.315446],[-78.73201999999999,43.31539099999999],[-78.731909,43.315308],[-78.73178399999999,43.315231999999995],[-78.73168,43.315189999999994],[-78.73160399999999,43.315189999999994],[-78.73152,43.31520400000001],[-78.731354,43.315294],[-78.73125,43.31530799999999],[-78.73116,43.315294],[-78.731049,43.31524599999998],[-78.730975,43.315186000000004],[-78.730903,43.31507899999999],[-78.73082699999999,43.31501],[-78.73070899999999,43.31494699999998],[-78.73057,43.31489199999999],[-78.730355,43.31482299999999],[-78.73022999999999,43.31473899999999],[-78.730126,43.314642],[-78.730098,43.314538],[-78.730098,43.314411],[-78.730104,43.31436600000001],[-78.72761899999999,43.31478099999998],[-78.723337,43.31549699999999],[-78.720165,43.31602799999999],[-78.717681,43.316444],[-78.717452,43.31646200000001],[-78.71676699999999,43.316517999999995],[-78.716539,43.31653699999999],[-78.715955,43.316641],[-78.71420599999999,43.31695399999999],[-78.713624,43.31705899999999],[-78.710261,43.317597],[-78.700173,43.319213],[-78.696811,43.319753],[-78.696805,43.31751499999999],[-78.69680000000001,43.315314],[-78.696797,43.310893],[-78.696795,43.31080399999999],[-78.696777,43.309473],[-78.69679099999999,43.308567999999994],[-78.697451,43.30857299999999],[-78.699576,43.308558999999995],[-78.700216,43.30855700000001],[-78.704516,43.308551],[-78.710492,43.30852699999999],[-78.71146499999999,43.308524],[-78.712901,43.308543],[-78.713599,43.308594],[-78.713914,43.308627],[-78.71419499999999,43.30865499999999],[-78.71503799999999,43.30874099999999],[-78.715319,43.30876999999999],[-78.71566399999999,43.308390999999986],[-78.715987,43.30809099999998],[-78.716184,43.307838999999994],[-78.716248,43.307720999999994],[-78.71632699999999,43.30734999999999],[-78.716319,43.30723899999999],[-78.716279,43.307128999999996],[-78.716208,43.307066000000006],[-78.716082,43.306978999999984],[-78.71456599999999,43.30635599999999],[-78.71446399999999,43.306245999999994],[-78.71440799999999,43.30615099999999],[-78.71437700000001,43.306064],[-78.71437700000001,43.30592199999999],[-78.714416,43.305827],[-78.714969,43.304731999999994],[-78.71522999999999,43.30421799999999],[-78.715499,43.303453],[-78.715625,43.303011],[-78.715688,43.30264],[-78.715704,43.302348999999985],[-78.715688,43.30205699999999],[-78.715633,43.30160699999999],[-78.71543299999999,43.300790000000006],[-78.71522,43.300253999999995],[-78.715054,43.299977],[-78.714951,43.299842999999996],[-78.714659,43.299566999999996],[-78.71313599999999,43.29824199999999],[-78.712994,43.298155],[-78.712899,43.29805299999999],[-78.71279,43.29786499999999],[-78.71273,43.29765],[-78.71264599999999,43.29666799999999],[-78.71267,43.295215],[-78.71258499999999,43.293855],[-78.71238500000001,43.29246399999998],[-78.71229199999999,43.292182999999994],[-78.71225799999999,43.292013],[-78.712246,43.29171499999999],[-78.71226999999999,43.291465999999986],[-78.712336,43.29111899999999],[-78.712445,43.29073299999999],[-78.712599,43.29037799999999],[-78.71274799999999,43.29015799999999],[-78.71301199999999,43.28984699999999],[-78.713303,43.28956999999998],[-78.713623,43.289332],[-78.713696,43.289279],[-78.714494,43.28886399999998],[-78.715132,43.28857399999998],[-78.715761,43.288304],[-78.716323,43.28796500000001],[-78.716714,43.287675],[-78.716757,43.287607],[-78.716807,43.287377],[-78.7168,43.28728599999999],[-78.71678,43.287213999999985],[-78.71672699999999,43.287136],[-78.71662700000002,43.28704399999999],[-78.71652,43.286989999999996],[-78.715824,43.28675299999999],[-78.71529799999999,43.286517999999994],[-78.715249,43.286476],[-78.714972,43.286238],[-78.714834,43.28614099999999],[-78.714716,43.28612699999999],[-78.71448699999999,43.28611999999999],[-78.714314,43.286086],[-78.71419,43.286037],[-78.713899,43.28583],[-78.71386199999999,43.28578100000001],[-78.713809,43.28571199999999],[-78.713194,43.28510299999999],[-78.712715,43.28462899999999],[-78.71260400000001,43.28447699999999],[-78.712535,43.28433099999999],[-78.712507,43.284200000000006],[-78.712479,43.28381900000001],[-78.71231999999999,43.282683999999996],[-78.712334,43.28218299999999],[-78.712375,43.281974999999996],[-78.712445,43.281794999999995],[-78.712535,43.28160799999999],[-78.71261799999999,43.28148399999999],[-78.71273500000001,43.281345],[-78.712992,43.28118599999999],[-78.713335,43.28094],[-78.71379499999999,43.28035899999999],[-78.71394,43.28010999999999],[-78.714058,43.279839999999986],[-78.714107,43.279688],[-78.714141,43.279486999999996],[-78.714134,43.27931400000001],[-78.714079,43.27916899999998],[-78.713982,43.27905099999999],[-78.713719,43.27885],[-78.713448,43.278657],[-78.713345,43.27858399999999],[-78.71321999999999,43.27841799999999],[-78.713121,43.278306999999984],[-78.712957,43.278154999999984],[-78.712818,43.27806499999999],[-78.712666,43.27800299999999],[-78.712535,43.277968],[-78.71225799999999,43.27794000000001],[-78.711731,43.277933],[-78.71114899999999,43.277983],[-78.710748,43.27801600000001],[-78.710374,43.27808199999999],[-78.71024899999999,43.278138],[-78.710149,43.278202],[-78.71009,43.278241],[-78.709771,43.278469999999984],[-78.709626,43.278553],[-78.70946699999999,43.27860799999999],[-78.709294,43.278636],[-78.709127,43.27864999999999],[-78.708975,43.27865],[-78.70865599999999,43.278574000000006],[-78.708624,43.27856199999999],[-78.708539,43.278532],[-78.707957,43.27845599999999],[-78.707583,43.278452],[-78.707444,43.27846599999998],[-78.707313,43.278494],[-78.707195,43.27853499999999],[-78.707185,43.278535999999995],[-78.70707,43.278549],[-78.70689,43.27855599999999],[-78.706627,43.27851599999999],[-78.70644,43.27846599999999],[-78.706184,43.278347],[-78.70554899999999,43.27805099999999],[-78.70492399999999,43.277760000000015],[-78.70358999999999,43.277300999999994],[-78.703324,43.27720999999999],[-78.70295399999999,43.277016],[-78.70285299999999,43.276961],[-78.702687,43.27684299999999],[-78.702569,43.276531999999996],[-78.702527,43.276311],[-78.70250700000001,43.276067999999995],[-78.70250700000001,43.275895],[-78.702527,43.27564299999999],[-78.70261099999999,43.27548999999999],[-78.702804,43.27522799999999],[-78.702874,43.27507500000001],[-78.702888,43.274888],[-78.70288099999999,43.274702000000005],[-78.70277300000001,43.27453899999999],[-78.702666,43.274376],[-78.702327,43.27399599999999],[-78.701807,43.27349399999999],[-78.70161999999999,43.273266],[-78.70130499999999,43.27282699999999],[-78.701156,43.27258399999999],[-78.700983,43.272189],[-78.700834,43.271809],[-78.70079299999999,43.27156699999999],[-78.70079299999999,43.27132499999998],[-78.700862,43.27113600000001],[-78.701165,43.27076900000001],[-78.701331,43.27061],[-78.70146799999999,43.270458999999995],[-78.701506,43.270255],[-78.701481,43.26993299999998],[-78.701433,43.26975999999999],[-78.70134999999999,43.269577],[-78.701184,43.26940099999999],[-78.70096199999999,43.269237999999994],[-78.700755,43.269057999999994],[-78.700667,43.26892199999999],[-78.700609,43.26875299999998],[-78.700609,43.268559999999994],[-78.70062999999999,43.268394],[-78.700602,43.26820300000001],[-78.700512,43.26805100000001],[-78.700401,43.26791300000001],[-78.700087,43.26764800000001],[-78.70005499999999,43.26762199999999],[-78.699896,43.267449000000006],[-78.69972299999999,43.26722799999999],[-78.699508,43.266778],[-78.69937399999999,43.266393],[-78.699356,43.266193],[-78.699356,43.26596500000001],[-78.69939099999999,43.265685999999995],[-78.69943200000002,43.265556000000004],[-78.69951499999999,43.265425],[-78.699688,43.265231],[-78.699733,43.265195999999996],[-78.700116,43.26525199999999],[-78.700368,43.26530599999999],[-78.700727,43.26537599999998],[-78.70099499999999,43.265412999999995],[-78.701146,43.26542399999999],[-78.70129299999999,43.26542800000001],[-78.701454,43.26542099999999],[-78.701702,43.265378999999996],[-78.701909,43.265330999999996],[-78.702131,43.26525800000001],[-78.702283,43.265187999999995],[-78.702399,43.26511099999999],[-78.702575,43.264922],[-78.702626,43.264853999999985],[-78.70266199999999,43.264779],[-78.702697,43.264686999999995],[-78.70271699999999,43.26454999999999],[-78.702711,43.262975],[-78.702716,43.262876],[-78.702736,43.262792],[-78.702782,43.262725999999994],[-78.70280699999999,43.262698999999984],[-78.70285799999999,43.26267099999998],[-78.702941,43.262634],[-78.702996,43.26262099999999],[-78.70529599999999,43.262533],[-78.711944,43.262258999999986],[-78.7119,43.253268000000006],[-78.71265199999999,43.253271999999974],[-78.717607,43.2533],[-78.718957,43.25330799999999],[-78.71972,43.253302],[-78.721589,43.25330899999999],[-78.72274999999999,43.253294],[-78.72501199999999,43.25328699999999],[-78.726254,43.25326299999999],[-78.726513,43.25325599999999],[-78.728698,43.253235999999994],[-78.732987,43.253167999999995],[-78.733716,43.253146],[-78.73473,43.25313200000001],[-78.740438,43.253054000000006],[-78.74046,43.25566999999998],[-78.740464,43.256085],[-78.74047499999999,43.257389],[-78.740504,43.258801999999996],[-78.74051399999999,43.260224999999984],[-78.7405,43.26351899999999],[-78.74049,43.26613599999999],[-78.742203,43.266148],[-78.742942,43.266144999999995],[-78.744419,43.266141],[-78.74735299999999,43.266157],[-78.74786999999999,43.26616099999999],[-78.748807,43.26616899999998],[-78.750002,43.266158999999995],[-78.75030000000001,43.26616099999999],[-78.75172599999999,43.26617400000001],[-78.752682,43.26617199999999],[-78.752753,43.266172999999995],[-78.753194,43.26617599999999],[-78.753914,43.266183000000005],[-78.754516,43.26617699999999],[-78.75491199999999,43.266174],[-78.754958,43.266173999999985],[-78.75495699999999,43.26636599999999],[-78.75495699999999,43.26694099999998],[-78.75495699999999,43.26713399999999],[-78.75495699999999,43.26723599999998],[-78.75496,43.267543999999994],[-78.754961,43.26764699999999],[-78.754981,43.271555000000006],[-78.755043,43.28327899999999],[-78.75506399999999,43.28718699999999],[-78.755022,43.291598],[-78.754897,43.304832999999995],[-78.75485599999999,43.309245],[-78.754876,43.30948699999999],[-78.754937,43.31021299999999],[-78.754958,43.310455],[-78.75465799999999,43.312556],[-78.75462499999999,43.313680000000005],[-78.754348,43.323416],[-78.754256,43.326662000000006],[-78.75427499999999,43.32781999999998],[-78.754331,43.33105],[-78.754335,43.33129399999999],[-78.75435,43.33218099999999],[-78.75435499999999,43.33245199999999],[-78.75435499999999,43.33337199999999],[-78.754357,43.336133999999994],[-78.754358,43.33705499999999],[-78.753104,43.337281999999995],[-78.74934400000001,43.337962999999995],[-78.74857399999999,43.338103],[-78.748091,43.33819],[-78.74783699999999,43.337444],[-78.747078,43.33520699999999],[-78.746825,43.33446199999998]]]},"properties":{"geoid":"360630242023","name":"Block Group 3","pop":956.0,"obs_Mesothelioma":0.0,"exp_Mesothelioma":0.06,"sir_Mesothelioma":0.0,"obs_Lung":3.0,"exp_Lung":4.03,"sir_Lung":0.745,"obs_Bladder":6.0,"exp_Bladder":1.56,"sir_Bladder":3.847,"obs_Esophagus":0.0,"exp_Esophagus":0.33,"sir_Esophagus":0.0,"obs_Oral":0.0,"exp_Oral":0.72,"sir_Oral":0.0,"obs_Brain":3.0,"exp_Brain":0.39,"sir_Brain":7.747,"hlarea_Lung":0,"hlarea_Bladder":1,"hlarea_Esophagus":1,"hlarea_Oral":0,"hlarea_Brain":0,"hlarea_Mesothelioma":0,"merged_area":false,"doh_region":"360630242023"}},{"type":"Feature","geometry":{"type":"Polygon","coordinates":[[[-79.03038300000001,43.252475],[-79.030384,43.25210099999999],[-79.030396,43.25171199999999],[-79.030414,43.251138999999995],[-79.030506,43.250011],[-79.030566,43.24951899999999],[-79.030577,43.249432],[-79.030681,43.24867700000001],[-79.03105599999999,43.245809],[-79.031533,43.245871],[-79.031652,43.244979],[-79.03166499999999,43.24489],[-79.031753,43.24398899999999],[-79.03181099999999,43.243072],[-79.031846,43.24228799999999],[-79.031853,43.24215199999998],[-79.031855,43.24172300000001],[-79.03185599999999,43.241389],[-79.032882,43.241752999999996],[-79.03402899999999,43.242160999999996],[-79.03596999999999,43.242823],[-79.036892,43.243137999999995],[-79.037002,43.243175],[-79.038962,43.243843000000005],[-79.04433900000001,43.245678],[-79.044843,43.245848],[-79.04680499999999,43.246511999999996],[-79.04714299999999,43.246632],[-79.047365,43.24671199999999],[-79.04786,43.246883999999994],[-79.048011,43.24691899999999],[-79.048171,43.24694299999999],[-79.04818,43.246945],[-79.048529,43.246972],[-79.048887,43.24699299999999],[-79.049297,43.247018],[-79.049961,43.24706199999999],[-79.050319,43.247085999999996],[-79.050308,43.247172],[-79.050277,43.24743399999999],[-79.05026699999999,43.247521],[-79.050437,43.24753700000001],[-79.050547,43.24756899999999],[-79.05059299999999,43.247594],[-79.05064899999999,43.247648999999996],[-79.050663,43.247672],[-79.05070200000002,43.247856000000006],[-79.050705,43.24789299999998],[-79.05076199999999,43.24849699999999],[-79.050799,43.248726],[-79.05081899999999,43.24893900000001],[-79.050809,43.249114],[-79.05074900000001,43.24939999999999],[-79.050705,43.249608],[-79.050679,43.249807999999994],[-79.05066,43.24987799999999],[-79.050631,43.249987999999995],[-79.05058799999999,43.25008899999999],[-79.050525,43.250194],[-79.050377,43.250401999999994],[-79.050338,43.25045799999999],[-79.05031300000002,43.250494999999994],[-79.05027299999999,43.250527999999996],[-79.05024399999999,43.250553],[-79.050136,43.250582999999985],[-79.05006499999999,43.250593],[-79.049999,43.25059499999999],[-79.049903,43.25059900000001],[-79.04813399999999,43.250398999999994],[-79.04778,43.250378000000005],[-79.046719,43.250315999999984],[-79.046622,43.25031099999999],[-79.04636599999999,43.25031899999999],[-79.046312,43.250887000000006],[-79.04630999999999,43.250896],[-79.046159,43.25195000000001],[-79.046149,43.252165000000005],[-79.046166,43.25225499999999],[-79.046234,43.252365999999995],[-79.046314,43.25243399999999],[-79.04643,43.252500999999995],[-79.04643999999999,43.252507],[-79.046703,43.25261700000001],[-79.046742,43.25264199999999],[-79.046831,43.252739999999996],[-79.046859,43.25284099999999],[-79.04687899999999,43.252946],[-79.046877,43.253066],[-79.046871,43.253747],[-79.04687,43.253975],[-79.046868,43.254266],[-79.046865,43.25483899999999],[-79.046875,43.25493900000001],[-79.046903,43.25504699999999],[-79.046937,43.25511199999999],[-79.046947,43.25512399999999],[-79.047029,43.25521599999999],[-79.047174,43.25530199999999],[-79.04712099999999,43.25535899999999],[-79.0471,43.255382999999995],[-79.046986,43.25554899999998],[-79.04696799999999,43.255576999999995],[-79.04695099999999,43.255618],[-79.046926,43.25567600000001],[-79.04687899999999,43.25588299999999],[-79.04687299999999,43.255932],[-79.04686199999999,43.25604999999999],[-79.046855,43.25690899999999],[-79.046854,43.25707899999998],[-79.046854,43.257235],[-79.046855,43.258582],[-79.04686099999999,43.26262499999999],[-79.04686199999999,43.26301199999999],[-79.046846,43.26322399999999],[-79.04681599999999,43.263426],[-79.046799,43.26350799999999],[-79.046731,43.26374700000001],[-79.046644,43.26394099999999],[-79.046613,43.26400099999999],[-79.04658599999999,43.264055000000006],[-79.04650199999999,43.264174000000004],[-79.046463,43.26423],[-79.046429,43.264278999999995],[-79.046397,43.26431799999999],[-79.04623,43.26452999999999],[-79.046187,43.264574999999994],[-79.04611299999999,43.26465699999999],[-79.046076,43.26469699999999],[-79.04602899999999,43.26474899999999],[-79.04596,43.264812],[-79.04592099999999,43.264849],[-79.044624,43.26473499999998],[-79.042428,43.264544],[-79.04115,43.264423],[-79.040733,43.26440099999999],[-79.039433,43.26433499999999],[-79.039408,43.264333999999984],[-79.03933599999999,43.264331000000006],[-79.039312,43.264330000000015],[-79.038348,43.264274],[-79.03804,43.26424699999999],[-79.03763099999999,43.264213],[-79.03707399999999,43.264134999999996],[-79.036626,43.26405599999999],[-79.036053,43.26391100000001],[-79.035494,43.26374099999999],[-79.035113,43.26359899999999],[-79.034371,43.26327],[-79.034369,43.26326799999999],[-79.034024,43.26307599999999],[-79.033733,43.262895],[-79.033295,43.262585],[-79.033215,43.262527999999996],[-79.032715,43.262113],[-79.03267799999999,43.262074000000005],[-79.032355,43.26173],[-79.032048,43.26134099999999],[-79.03190400000001,43.26112299999999],[-79.031626,43.260652],[-79.03149599999999,43.26036599999999],[-79.031388,43.26007399999999],[-79.03137199999999,43.260031],[-79.031154,43.259308999999995],[-79.031106,43.259002],[-79.030963,43.258081999999995],[-79.03091599999999,43.257776],[-79.03079,43.25697299999998],[-79.03062,43.25588899999999],[-79.03049899999999,43.25489699999999],[-79.03047300000001,43.254559999999984],[-79.03044899999999,43.254248],[-79.03041999999999,43.253750000000004],[-79.0304,43.25349500000001],[-79.030399,43.25347999999999],[-79.03039,43.253122],[-79.03038300000001,43.252776999999995],[-79.03038300000001,43.25272999999999],[-79.03038300000001,43.252475]]]},"properties":{"geoid":"360630245011","name":"Block Group 1","pop":1444.0,"obs_Mesothelioma":0.0,"exp_Mesothelioma":0.1,"sir_Mesothelioma":0.0,"obs_Lung":8.0,"exp_Lung":6.29,"sir_Lung":1.273,"obs_Bladder":3.0,"exp_Bladder":2.53,"sir_Bladder":1.184,"obs_Esophagus":1.0,"exp_Esophagus":0.5,"sir_Esophagus":2.007,"obs_Oral":1.0,"exp_Oral":1.04,"sir_Oral":0.958,"obs_Brain":1.0,"exp_Brain":0.58,"sir_Brain":1.714,"hlarea_Lung":0,"hlarea_Bladder":0,"hlarea_Esophagus":1,"hlarea_Oral":0,"hlarea_Brain":0,"hlarea_Mesothelioma":0,"merged_area":false,"doh_region":"360630245011"}},{"type":"Feature","geometry":{"type":"Polygon","coordinates":[[[-78.969794,43.162971],[-78.969478,43.163075],[-78.969004,43.16308899999999],[-78.96863499999999,43.163061000000006],[-78.96851900000001,43.162987],[-78.968431,43.162899],[-78.96840399999999,43.162797999999995],[-78.968411,43.16269599999999],[-78.968272,43.162566999999996],[-78.968262,43.16235799999999],[-78.968222,43.162317],[-78.968086,43.162296999999995],[-78.967985,43.162344000000004],[-78.967781,43.162364],[-78.967632,43.16231],[-78.967558,43.16224299999998],[-78.96740199999999,43.162012],[-78.96734800000002,43.16197899999999],[-78.96728,43.16195799999999],[-78.96720599999999,43.16195799999999],[-78.96709000000001,43.161972],[-78.966989,43.16199899999999],[-78.96682299999999,43.161985],[-78.966701,43.161984999999994],[-78.96658599999999,43.161998999999994],[-78.966376,43.162053],[-78.966281,43.162053],[-78.966112,43.16200599999999],[-78.965854,43.16187000000001],[-78.965732,43.16174799999998],[-78.965651,43.161688],[-78.96552199999999,43.16167399999999],[-78.965299,43.161747999999974],[-78.965177,43.16176900000001],[-78.96513,43.16176399999999],[-78.965035,43.16175499999999],[-78.96499399999999,43.16170799999998],[-78.964906,43.161632999999995],[-78.96485899999999,43.161612999999996],[-78.964669,43.161571999999985],[-78.964561,43.161559],[-78.964446,43.161559],[-78.96350799999999,43.16123999999999],[-78.96336600000001,43.161199999999994],[-78.96317599999999,43.1612],[-78.962851,43.161234],[-78.961601,43.16143699999999],[-78.960931,43.16153099999999],[-78.959346,43.16171399999999],[-78.958902,43.161754999999985],[-78.958394,43.16184299999999],[-78.95820499999999,43.161849999999994],[-78.95807599999999,43.161836],[-78.95798099999999,43.161802],[-78.95777799999999,43.161706999999986],[-78.95764299999999,43.16169399999999],[-78.957087,43.161802],[-78.956457,43.161843],[-78.956051,43.16188299999999],[-78.95576299999999,43.16194399999999],[-78.954937,43.161836],[-78.95407,43.16178199999999],[-78.953271,43.161822],[-78.952553,43.161822],[-78.95232299999999,43.161740999999985],[-78.952201,43.161687],[-78.952052,43.161646],[-78.95174,43.161632999999995],[-78.951523,43.16165999999999],[-78.95115799999999,43.161633],[-78.950988,43.161598999999995],[-78.950772,43.16160599999999],[-78.95014499999999,43.16160599999999],[-78.94911599999999,43.16159199999999],[-78.949115,43.161590999999994],[-78.948953,43.161565],[-78.948855,43.16151999999999],[-78.948628,43.16141599999999],[-78.948411,43.161295],[-78.948249,43.16123399999999],[-78.947951,43.16118599999999],[-78.947795,43.16117299999999],[-78.947653,43.161097999999996],[-78.947524,43.16101],[-78.947409,43.16096999999999],[-78.945868,43.160942999999996],[-78.945719,43.160888],[-78.945353,43.16056400000001],[-78.94520399999999,43.160489000000005],[-78.94509599999999,43.160469000000006],[-78.94499200000001,43.160466],[-78.94487199999999,43.160461999999995],[-78.944425,43.160516000000015],[-78.94406,43.160596999999996],[-78.943651,43.160737],[-78.943433,43.16082099999999],[-78.943338,43.16084800000001],[-78.94255299999999,43.161227],[-78.942443,43.161272999999994],[-78.941848,43.16152499999999],[-78.94100800000001,43.16191699999999],[-78.94006,43.16226899999999],[-78.939173,43.162675],[-78.93888799999999,43.16278399999999],[-78.93878699999999,43.162811],[-78.937981,43.163033999999996],[-78.937557,43.163271999999985],[-78.937541,43.16307799999999],[-78.937496,43.16249599999999],[-78.93749199999999,43.162431999999995],[-78.93745400000002,43.162307999999996],[-78.937393,43.16233099999999],[-78.936646,43.162516999999994],[-78.935867,43.16268300000001],[-78.935566,43.16273799999998],[-78.93519599999999,43.16278299999998],[-78.935029,43.162791],[-78.934525,43.16279099999999],[-78.934333,43.16279099999999],[-78.933574,43.162771],[-78.932183,43.16274699999998],[-78.92953899999999,43.162727],[-78.92842499999999,43.162721],[-78.925583,43.16266399999999],[-78.924359,43.16264000000001],[-78.92392,43.162621],[-78.92365099999999,43.16256099999999],[-78.92343799999999,43.162468],[-78.92327399999999,43.162382],[-78.923041,43.162223999999995],[-78.922781,43.16200099999998],[-78.922611,43.162068],[-78.922507,43.162092],[-78.92237399999999,43.16210499999998],[-78.922184,43.162105999999994],[-78.92198599999999,43.162099],[-78.921782,43.162059000000006],[-78.921499,43.161958999999996],[-78.92090800000001,43.16170399999999],[-78.920709,43.161632999999995],[-78.92062299999999,43.161611],[-78.920555,43.16160599999999],[-78.92052699999999,43.161605],[-78.920451,43.161616],[-78.920351,43.16166],[-78.920318,43.161691],[-78.920037,43.162085999999995],[-78.919716,43.16258199999999],[-78.918792,43.16403499999999],[-78.918453,43.164607],[-78.918382,43.16478899999999],[-78.91818599999999,43.165442999999996],[-78.917924,43.16638899999999],[-78.91782099999999,43.166819999999994],[-78.91756900000001,43.167753000000005],[-78.917193,43.16914999999999],[-78.91703,43.16984600000001],[-78.91702099999999,43.17001499999999],[-78.91667799999999,43.17002900000001],[-78.916567,43.17002900000001],[-78.91626099999999,43.17003099999999],[-78.91603099999999,43.17001399999999],[-78.915748,43.16998],[-78.915216,43.16987999999999],[-78.91476999999999,43.169796999999996],[-78.914754,43.16673199999998],[-78.914706,43.15753699999999],[-78.91469099999999,43.15447299999999],[-78.91469599999999,43.152252],[-78.914715,43.145590000000006],[-78.914721,43.14337],[-78.91555,43.143367999999995],[-78.91623,43.14336799999999],[-78.918039,43.143322],[-78.91886900000002,43.143302000000006],[-78.91984099999999,43.143285],[-78.92038,43.14327399999999],[-78.92312,43.14322299999999],[-78.92423099999999,43.143197999999984],[-78.92491299999999,43.143186],[-78.926425,43.14315999999999],[-78.927199,43.143149],[-78.928426,43.14313299999999],[-78.929163,43.14310499999999],[-78.92952,43.14306799999999],[-78.92969699999999,43.143049999999995],[-78.930286,43.14295],[-78.930968,43.14295299999999],[-78.933013,43.142963999999985],[-78.93307899999999,43.142965],[-78.93335499999999,43.142967000000006],[-78.933696,43.142967999999996],[-78.942268,43.142834999999984],[-78.942341,43.14345499999999],[-78.947328,43.143454999999996],[-78.96444,43.143458],[-78.965285,43.14345899999999],[-78.971271,43.143461],[-78.971581,43.14381499999999],[-78.972511,43.14487999999999],[-78.972822,43.145235],[-78.97284599999999,43.14526300000001],[-78.973058,43.145526000000004],[-78.97325,43.14580099999999],[-78.973537,43.146300999999994],[-78.973709,43.146612999999995],[-78.976091,43.15093199999999],[-78.97688600000001,43.152372],[-78.97743899999999,43.153498000000006],[-78.977582,43.153788999999996],[-78.978873,43.156468],[-78.979078,43.156886000000014],[-78.97922299999999,43.157179],[-78.979653,43.15800199999998],[-78.979292,43.157971999999994],[-78.97908900000002,43.157965],[-78.979028,43.15797799999999],[-78.978994,43.158046],[-78.979004,43.15812199999999],[-78.979156,43.15822899999999],[-78.97919,43.158358],[-78.97917,43.15844499999999],[-78.97911599999999,43.15854],[-78.97855,43.15896000000001],[-78.97829899999999,43.159096999999996],[-78.978143,43.159225],[-78.978143,43.159285999999994],[-78.978278,43.15938799999999],[-78.97832199999999,43.15938800000001],[-78.97837299999999,43.15938800000001],[-78.978462,43.159454],[-78.978476,43.159501],[-78.978462,43.159521999999996],[-78.978415,43.159521999999996],[-78.97836099999999,43.15954199999999],[-78.97832,43.159576],[-78.9783,43.159622999999996],[-78.978259,43.15967099999999],[-78.978124,43.159676999999995],[-78.97788,43.15962299999999],[-78.97776499999999,43.15966399999999],[-78.97773099999999,43.15969799999999],[-78.97773099999999,43.15974500000001],[-78.977803,43.15978899999999],[-78.977803,43.15981599999999],[-78.977766,43.15985399999999],[-78.977541,43.159900999999984],[-78.97744,43.159867],[-78.977351,43.159825999999995],[-78.977229,43.159818999999985],[-78.977169,43.15985299999999],[-78.977155,43.15998899999999],[-78.977108,43.16007],[-78.977026,43.160083],[-78.97686399999999,43.16002299999999],[-78.97673499999999,43.16003599999999],[-78.976569,43.16009],[-78.97635199999999,43.160245999999994],[-78.97605399999999,43.16055000000001],[-78.975905,43.160658999999995],[-78.975723,43.16075299999999],[-78.975431,43.16092899999999],[-78.97528899999999,43.16097],[-78.974964,43.16093599999999],[-78.974829,43.160956999999996],[-78.97454400000001,43.16111899999999],[-78.974083,43.161429999999996],[-78.97385299999999,43.161721],[-78.973559,43.162202],[-78.973518,43.162236],[-78.97341,43.16224199999999],[-78.973294,43.162209],[-78.973233,43.162175],[-78.97313199999999,43.162167999999994],[-78.97302300000001,43.162195],[-78.972956,43.16219499999998],[-78.97287399999999,43.162153999999994],[-78.972732,43.162033],[-78.972577,43.16195799999999],[-78.972461,43.161945],[-78.972387,43.161985],[-78.97229200000001,43.16206],[-78.972197,43.162079999999996],[-78.972014,43.162087],[-78.971966,43.16213399999999],[-78.97193299999999,43.162167999999994],[-78.971926,43.16227000000001],[-78.971886,43.162398],[-78.971784,43.162473],[-78.971621,43.16252],[-78.971266,43.16256699999999],[-78.971198,43.162601],[-78.97115800000002,43.16266199999999],[-78.97115099999999,43.16284499999999],[-78.971124,43.16294],[-78.971063,43.162994],[-78.970914,43.163028],[-78.97072399999999,43.163041],[-78.970541,43.163014],[-78.970413,43.16295299999999],[-78.970182,43.16289199999999],[-78.97005399999999,43.16289199999999],[-78.96990500000001,43.162906],[-78.969794,43.162971]]]},"properties":{"geoid":"360639400012","name":"Block Group 2","pop":1135.0,"obs_Mesothelioma":0.0,"exp_Mesothelioma":0.0636736433,"sir_Mesothelioma":0.0,"obs_Lung":2.0,"exp_Lung":4.1403124157,"sir_Lung":0.483,"obs_Bladder":2.0,"exp_Bladder":1.6263718893,"sir_Bladder":1.23,"obs_Esophagus":0.0,"exp_Esophagus":0.321136631,"sir_Esophagus":0.0,"obs_Oral":0.0,"exp_Oral":0.6705356093,"sir_Oral":0.0,"obs_Brain":1.0,"exp_Brain":0.4097929913,"sir_Brain":2.44,"hlarea_Lung":0,"hlarea_Bladder":0,"hlarea_Esophagus":1,"hlarea_Oral":0,"hlarea_Brain":0,"hlarea_Mesothelioma":0,"doh_region":"36063DOH0010","merged_area":true,"merged_bg_count":2}},{"type":"Feature","geometry":{"type":"Polygon","coordinates":[[[-78.945673,43.182073],[-78.94044500000001,43.182531000000004],[-78.934998,43.18516299999999],[-78.93047299999999,43.186953999999986],[-78.930244,43.186979],[-78.930163,43.187],[-78.93018599999999,43.184822],[-78.93021,43.18450199999998],[-78.930219,43.184073000000005],[-78.930221,43.183987999999985],[-78.930216,43.183797],[-78.930199,43.18296399999999],[-78.9302,43.182503999999994],[-78.93020299999999,43.181765999999996],[-78.93015,43.17969699999998],[-78.930196,43.176417],[-78.929859,43.176421999999995],[-78.91923899999999,43.176373],[-78.91506199999999,43.176354999999994],[-78.915003,43.175042999999995],[-78.914828,43.17110799999998],[-78.91476999999999,43.169796999999996],[-78.915216,43.16987999999999],[-78.915748,43.16998],[-78.91603099999999,43.17001399999999],[-78.91626099999999,43.17003099999999],[-78.916567,43.17002900000001],[-78.91667799999999,43.17002900000001],[-78.91702099999999,43.17001499999999],[-78.91703,43.16984600000001],[-78.917193,43.16914999999999],[-78.91756900000001,43.167753000000005],[-78.91782099999999,43.166819999999994],[-78.917924,43.16638899999999],[-78.91818599999999,43.165442999999996],[-78.918382,43.16478899999999],[-78.918453,43.164607],[-78.918792,43.16403499999999],[-78.919716,43.16258199999999],[-78.920037,43.162085999999995],[-78.920318,43.161691],[-78.920351,43.16166],[-78.920451,43.161616],[-78.92052699999999,43.161605],[-78.920555,43.16160599999999],[-78.92062299999999,43.161611],[-78.920709,43.161632999999995],[-78.92090800000001,43.16170399999999],[-78.921499,43.161958999999996],[-78.921782,43.162059000000006],[-78.92198599999999,43.162099],[-78.922184,43.162105999999994],[-78.92237399999999,43.16210499999998],[-78.922507,43.162092],[-78.922611,43.162068],[-78.922781,43.16200099999998],[-78.923041,43.162223999999995],[-78.92327399999999,43.162382],[-78.92343799999999,43.162468],[-78.92365099999999,43.16256099999999],[-78.92392,43.162621],[-78.924359,43.16264000000001],[-78.925583,43.16266399999999],[-78.92842499999999,43.162721],[-78.92953899999999,43.162727],[-78.932183,43.16274699999998],[-78.933574,43.162771],[-78.934333,43.16279099999999],[-78.934525,43.16279099999999],[-78.935029,43.162791],[-78.93519599999999,43.16278299999998],[-78.935566,43.16273799999998],[-78.935867,43.16268300000001],[-78.936646,43.162516999999994],[-78.937393,43.16233099999999],[-78.93745400000002,43.162307999999996],[-78.93749199999999,43.162431999999995],[-78.937496,43.16249599999999],[-78.937541,43.16307799999999],[-78.937557,43.163271999999985],[-78.937981,43.163033999999996],[-78.93878699999999,43.162811],[-78.93888799999999,43.16278399999999],[-78.939173,43.162675],[-78.94006,43.16226899999999],[-78.94100800000001,43.16191699999999],[-78.941848,43.16152499999999],[-78.942443,43.161272999999994],[-78.94255299999999,43.161227],[-78.943338,43.16084800000001],[-78.943433,43.16082099999999],[-78.943651,43.160737],[-78.94406,43.160596999999996],[-78.944425,43.160516000000015],[-78.94487199999999,43.160461999999995],[-78.94499200000001,43.160466],[-78.94509599999999,43.160469000000006],[-78.94520399999999,43.160489000000005],[-78.945353,43.16056400000001],[-78.945719,43.160888],[-78.945868,43.160942999999996],[-78.947409,43.16096999999999],[-78.947524,43.16101],[-78.947653,43.161097999999996],[-78.947795,43.16117299999999],[-78.947951,43.16118599999999],[-78.948249,43.16123399999999],[-78.948411,43.161295],[-78.948628,43.16141599999999],[-78.948855,43.16151999999999],[-78.948953,43.161565],[-78.949115,43.161590999999994],[-78.94911599999999,43.16159199999999],[-78.95014499999999,43.16160599999999],[-78.950772,43.16160599999999],[-78.950988,43.161598999999995],[-78.95115799999999,43.161633],[-78.951523,43.16165999999999],[-78.95174,43.161632999999995],[-78.952052,43.161646],[-78.952201,43.161687],[-78.95232299999999,43.161740999999985],[-78.952553,43.161822],[-78.953271,43.161822],[-78.95407,43.16178199999999],[-78.954937,43.161836],[-78.95576299999999,43.16194399999999],[-78.956051,43.16188299999999],[-78.956457,43.161843],[-78.957087,43.161802],[-78.95764299999999,43.16169399999999],[-78.95777799999999,43.161706999999986],[-78.95798099999999,43.161802],[-78.95807599999999,43.161836],[-78.95820499999999,43.161849999999994],[-78.958394,43.16184299999999],[-78.958902,43.161754999999985],[-78.959346,43.16171399999999],[-78.960931,43.16153099999999],[-78.961601,43.16143699999999],[-78.962851,43.161234],[-78.96317599999999,43.1612],[-78.96336600000001,43.161199999999994],[-78.96350799999999,43.16123999999999],[-78.964446,43.161559],[-78.964561,43.161559],[-78.964669,43.161571999999985],[-78.96485899999999,43.161612999999996],[-78.964906,43.161632999999995],[-78.96499399999999,43.16170799999998],[-78.965035,43.16175499999999],[-78.96513,43.16176399999999],[-78.965177,43.16176900000001],[-78.965299,43.161747999999974],[-78.96552199999999,43.16167399999999],[-78.965651,43.161688],[-78.965732,43.16174799999998],[-78.965854,43.16187000000001],[-78.966112,43.16200599999999],[-78.966281,43.162053],[-78.966376,43.162053],[-78.96658599999999,43.161998999999994],[-78.966701,43.161984999999994],[-78.96682299999999,43.161985],[-78.966989,43.16199899999999],[-78.96709000000001,43.161972],[-78.96720599999999,43.16195799999999],[-78.96728,43.16195799999999],[-78.96734800000002,43.16197899999999],[-78.96740199999999,43.162012],[-78.967558,43.16224299999998],[-78.967632,43.16231],[-78.967781,43.162364],[-78.967985,43.162344000000004],[-78.968086,43.162296999999995],[-78.968222,43.162317],[-78.968262,43.16235799999999],[-78.968272,43.162566999999996],[-78.968411,43.16269599999999],[-78.96840399999999,43.162797999999995],[-78.968431,43.162899],[-78.96851900000001,43.162987],[-78.96863499999999,43.163061000000006],[-78.969004,43.16308899999999],[-78.969478,43.163075],[-78.969794,43.162971],[-78.96990500000001,43.162906],[-78.97005399999999,43.16289199999999],[-78.970182,43.16289199999999],[-78.970413,43.16295299999999],[-78.970541,43.163014],[-78.97072399999999,43.163041],[-78.970914,43.163028],[-78.971063,43.162994],[-78.971124,43.16294],[-78.97115099999999,43.16284499999999],[-78.97115800000002,43.16266199999999],[-78.971198,43.162601],[-78.971266,43.16256699999999],[-78.971621,43.16252],[-78.971784,43.162473],[-78.971886,43.162398],[-78.971926,43.16227000000001],[-78.97193299999999,43.162167999999994],[-78.971966,43.16213399999999],[-78.972014,43.162087],[-78.972197,43.162079999999996],[-78.97229200000001,43.16206],[-78.972387,43.161985],[-78.972461,43.161945],[-78.972577,43.16195799999999],[-78.972732,43.162033],[-78.97287399999999,43.162153999999994],[-78.972956,43.16219499999998],[-78.97302300000001,43.162195],[-78.97313199999999,43.162167999999994],[-78.973233,43.162175],[-78.973294,43.162209],[-78.97341,43.16224199999999],[-78.973518,43.162236],[-78.973559,43.162202],[-78.97385299999999,43.161721],[-78.974083,43.161429999999996],[-78.97454400000001,43.16111899999999],[-78.974829,43.160956999999996],[-78.974964,43.16093599999999],[-78.97528899999999,43.16097],[-78.975431,43.16092899999999],[-78.975723,43.16075299999999],[-78.975905,43.160658999999995],[-78.97605399999999,43.16055000000001],[-78.97635199999999,43.160245999999994],[-78.976569,43.16009],[-78.97673499999999,43.16003599999999],[-78.97686399999999,43.16002299999999],[-78.977026,43.160083],[-78.977108,43.16007],[-78.977155,43.15998899999999],[-78.977169,43.15985299999999],[-78.977229,43.159818999999985],[-78.977351,43.159825999999995],[-78.97744,43.159867],[-78.977541,43.159900999999984],[-78.977766,43.15985399999999],[-78.977803,43.15981599999999],[-78.977803,43.15978899999999],[-78.97773099999999,43.15974500000001],[-78.97773099999999,43.15969799999999],[-78.97776499999999,43.15966399999999],[-78.97788,43.15962299999999],[-78.978124,43.159676999999995],[-78.978259,43.15967099999999],[-78.9783,43.159622999999996],[-78.97832,43.159576],[-78.97836099999999,43.15954199999999],[-78.978415,43.159521999999996],[-78.978462,43.159521999999996],[-78.978476,43.159501],[-78.978462,43.159454],[-78.97837299999999,43.15938800000001],[-78.97832199999999,43.15938800000001],[-78.978278,43.15938799999999],[-78.978143,43.159285999999994],[-78.978143,43.159225],[-78.97829899999999,43.159096999999996],[-78.97855,43.15896000000001],[-78.97911599999999,43.15854],[-78.97917,43.15844499999999],[-78.97919,43.158358],[-78.979156,43.15822899999999],[-78.979004,43.15812199999999],[-78.978994,43.158046],[-78.979028,43.15797799999999],[-78.97908900000002,43.157965],[-78.979292,43.157971999999994],[-78.979653,43.15800199999998],[-78.979692,43.15807199999998],[-78.979944,43.158473],[-78.98017899999999,43.15884799999999],[-78.980811,43.15989399999999],[-78.981098,43.16036899999999],[-78.981192,43.16052499999999],[-78.98122,43.160571],[-78.981476,43.160996000000004],[-78.981571,43.161153],[-78.981614,43.161224000000004],[-78.981712,43.161386],[-78.981957,43.161789],[-78.982136,43.162085000000005],[-78.982277,43.162319],[-78.98359599999999,43.162188],[-78.987554,43.16179799999999],[-78.988874,43.161668999999996],[-78.990105,43.161525],[-78.99380099999999,43.161097],[-78.99503299999999,43.160954],[-78.995481,43.16092399999999],[-78.99551699999999,43.16128899999998],[-78.997018,43.168125999999994],[-78.997329,43.169539999999984],[-78.997321,43.16958399999999],[-78.99735199999999,43.169788],[-78.997361,43.169827000000005],[-78.997575,43.17067699999999],[-78.997647,43.170961],[-78.99771299999999,43.171229000000004],[-78.997912,43.172035],[-78.997945,43.172169000000004],[-78.997974,43.172241],[-78.998008,43.17229299999999],[-78.99808399999999,43.172844999999995],[-78.99853499999999,43.17503199999999],[-78.998575,43.17529699999999],[-78.998609,43.17551799999999],[-78.99716000000001,43.17569199999999],[-78.990731,43.176466],[-78.98596599999999,43.17703999999999],[-78.983558,43.17741900000001],[-78.983525,43.17742199999999],[-78.98343,43.177434000000005],[-78.983398,43.17743799999999],[-78.981573,43.177676000000005],[-78.97610000000002,43.178394],[-78.97427600000002,43.178632999999984],[-78.973337,43.17881599999999],[-78.96857399999999,43.179469],[-78.96213999999999,43.18008],[-78.947707,43.181895000000004],[-78.945673,43.182073]]]},"properties":{"geoid":"360639400011","name":"Block Group 1","pop":1135.0,"obs_Mesothelioma":0.0,"exp_Mesothelioma":0.0636736433,"sir_Mesothelioma":0.0,"obs_Lung":2.0,"exp_Lung":4.1403124157,"sir_Lung":0.483,"obs_Bladder":2.0,"exp_Bladder":1.6263718893,"sir_Bladder":1.23,"obs_Esophagus":0.0,"exp_Esophagus":0.321136631,"sir_Esophagus":0.0,"obs_Oral":0.0,"exp_Oral":0.6705356093,"sir_Oral":0.0,"obs_Brain":1.0,"exp_Brain":0.4097929913,"sir_Brain":2.44,"hlarea_Lung":0,"hlarea_Bladder":0,"hlarea_Esophagus":1,"hlarea_Oral":0,"hlarea_Brain":0,"hlarea_Mesothelioma":0,"doh_region":"36063DOH0010","merged_area":true,"merged_bg_count":2}},{"type":"Feature","geometry":{"type":"Polygon","coordinates":[[[-79.052632,43.08866799999999],[-79.052746,43.08865099999999],[-79.052764,43.08864899999999],[-79.05288999999999,43.08867499999999],[-79.05296799999999,43.088664999999985],[-79.05309100000001,43.08865499999999],[-79.053207,43.088646],[-79.053238,43.08909799999999],[-79.053333,43.090453999999994],[-79.053365,43.09090599999999],[-79.053393,43.091319999999996],[-79.05348000000001,43.092565],[-79.05350899999999,43.09298],[-79.053282,43.092988999999996],[-79.05294099999999,43.093004999999984],[-79.052602,43.09301800000001],[-79.052376,43.093027],[-79.052398,43.09334399999999],[-79.052466,43.094295],[-79.052489,43.09461299999999],[-79.051819,43.094639999999984],[-79.050522,43.094697999999994],[-79.050497,43.09437899999999],[-79.05042399999999,43.093422],[-79.05040000000001,43.093103000000006],[-79.05014,43.09311299999999],[-79.049764,43.09313],[-79.049364,43.093146000000004],[-79.049105,43.09315799999999],[-79.04907999999999,43.092739999999985],[-79.049005,43.091488000000005],[-79.04898,43.09107099999999],[-79.048951,43.090641999999995],[-79.048949,43.09062499999999],[-79.04885999999999,43.089289],[-79.04883099999999,43.088843999999995],[-79.049087,43.088834],[-79.049489,43.088818999999994],[-79.049858,43.088804999999994],[-79.050116,43.08879599999999],[-79.050376,43.08878499999999],[-79.05075699999999,43.088771],[-79.05115599999999,43.088755],[-79.051416,43.088744999999996],[-79.051659,43.08873499999999],[-79.05208999999999,43.08871999999999],[-79.052301,43.088712],[-79.05239,43.088701],[-79.052444,43.088695],[-79.052522,43.088685],[-79.052632,43.08866799999999]]]},"properties":{"geoid":"360630212002","name":"Block Group 2","pop":1353.0,"obs_Mesothelioma":0.0,"exp_Mesothelioma":0.0734402558,"sir_Mesothelioma":0.0,"obs_Lung":13.0,"exp_Lung":4.8232344792,"sir_Lung":2.695,"obs_Bladder":2.0,"exp_Bladder":1.9118493459,"sir_Bladder":1.046,"obs_Esophagus":0.0,"exp_Esophagus":0.3691802906,"sir_Esophagus":0.0,"obs_Oral":2.0,"exp_Oral":0.8188797725,"sir_Oral":2.442,"obs_Brain":0.0,"exp_Brain":0.4909999336,"sir_Brain":0.0,"hlarea_Lung":1,"hlarea_Bladder":0,"hlarea_Esophagus":1,"hlarea_Oral":0,"hlarea_Brain":0,"hlarea_Mesothelioma":0,"doh_region":"36063DOH0005","merged_area":true,"merged_bg_count":3}},{"type":"Feature","geometry":{"type":"Polygon","coordinates":[[[-78.979045,43.132007],[-78.993796,43.131755999999996],[-78.99394199999999,43.131774],[-78.994104,43.131772],[-78.99503399999999,43.131766999999996],[-78.995345,43.131765999999985],[-78.995645,43.131763],[-78.996549,43.13175599999999],[-78.99685,43.131754],[-78.997097,43.131752],[-78.997838,43.131749],[-78.998086,43.131747999999995],[-78.998682,43.131744999999995],[-79.000002,43.131739999999986],[-79.00046999999999,43.13174099999999],[-79.000941,43.13174399999999],[-79.001063,43.131775999999995],[-79.001657,43.13175],[-79.003443,43.131673000000006],[-79.004038,43.13164799999999],[-79.004447,43.131633999999984],[-79.005674,43.13159599999999],[-79.006084,43.13158399999999],[-79.006582,43.13159599999999],[-79.008076,43.131632999999994],[-79.008574,43.13164599999999],[-79.00961099999999,43.131646999999994],[-79.01062499999999,43.131648],[-79.016778,43.13165599999999],[-79.01883,43.131659000000006],[-79.018864,43.131655999999985],[-79.01897,43.131646999999994],[-79.01900499999999,43.131645],[-79.019066,43.131794],[-79.019072,43.131808],[-79.019251,43.132242999999995],[-79.019313,43.132393],[-79.020462,43.135189],[-79.02055399999999,43.135422],[-79.02088599999999,43.136097],[-79.020988,43.136303999999996],[-79.02133099999999,43.137154],[-79.02174099999999,43.13816699999998],[-79.02199,43.138867999999995],[-79.02206,43.139154999999995],[-79.022183,43.139798],[-79.022229,43.14016199999999],[-79.02224,43.140454],[-79.022261,43.140986999999996],[-79.022266,43.141602],[-79.022266,43.14206899999999],[-79.022266,43.14346999999999],[-79.022267,43.143938],[-79.022234,43.143937],[-79.02213499999999,43.14393700000001],[-79.022103,43.143936999999994],[-79.02197900000002,43.143935],[-79.02188699999999,43.14393399999999],[-79.021783,43.143934],[-79.021611,43.143904],[-79.02149,43.14388399999999],[-79.021405,43.14387],[-79.021306,43.143842],[-79.021221,43.14384199999999],[-79.02114999999999,43.14386999999999],[-79.021107,43.143969],[-79.021171,43.145484],[-79.021114,43.145711000000006],[-79.020243,43.147536999999986],[-79.01879799999999,43.15095],[-79.01864200000001,43.15114799999999],[-79.018422,43.151346000000004],[-79.011741,43.154928],[-79.006051,43.15801499999999],[-79.004025,43.159091],[-79.003643,43.15920499999999],[-79.001831,43.159372],[-79.00160799999999,43.15940000000001],[-79.000005,43.159601999999985],[-78.99759200000001,43.159884000000005],[-78.99609699999999,43.160083],[-78.99486399999999,43.160236],[-78.995013,43.16078099999999],[-78.99503299999999,43.160954],[-78.99380099999999,43.161097],[-78.990105,43.161525],[-78.988874,43.161668999999996],[-78.987554,43.16179799999999],[-78.98359599999999,43.162188],[-78.982277,43.162319],[-78.982136,43.162085000000005],[-78.981957,43.161789],[-78.981712,43.161386],[-78.981614,43.161224000000004],[-78.981571,43.161153],[-78.981476,43.160996000000004],[-78.98122,43.160571],[-78.981192,43.16052499999999],[-78.981098,43.16036899999999],[-78.980811,43.15989399999999],[-78.98017899999999,43.15884799999999],[-78.979944,43.158473],[-78.979692,43.15807199999998],[-78.979653,43.15800199999998],[-78.97922299999999,43.157179],[-78.979078,43.156886000000014],[-78.978873,43.156468],[-78.977582,43.153788999999996],[-78.97743899999999,43.153498000000006],[-78.97688600000001,43.152372],[-78.976091,43.15093199999999],[-78.973709,43.146612999999995],[-78.973537,43.146300999999994],[-78.97325,43.14580099999999],[-78.973058,43.145526000000004],[-78.97284599999999,43.14526300000001],[-78.972822,43.145235],[-78.972511,43.14487999999999],[-78.971581,43.14381499999999],[-78.971271,43.143461],[-78.965285,43.14345899999999],[-78.96444,43.143458],[-78.947328,43.143454999999996],[-78.942341,43.14345499999999],[-78.942268,43.142834999999984],[-78.933696,43.142967999999996],[-78.933689,43.142764],[-78.93368199999999,43.142575],[-78.933669,43.14215300000001],[-78.933663,43.141949999999994],[-78.933624,43.13956399999999],[-78.933567,43.13604699999999],[-78.93353499999999,43.13580699999999],[-78.933477,43.135683],[-78.93332099999999,43.135481000000006],[-78.933211,43.135383999999995],[-78.933095,43.135310000000004],[-78.932947,43.135248999999995],[-78.93277599999999,43.13521300000001],[-78.932485,43.135197],[-78.93121,43.135194999999996],[-78.931084,43.135172999999995],[-78.931034,43.135153999999986],[-78.930993,43.13512600000001],[-78.930932,43.135039000000006],[-78.93091299999999,43.134887],[-78.93091799999999,43.13455700000001],[-78.930949,43.132558999999986],[-78.93095199999999,43.13217199999999],[-78.931941,43.132186999999995],[-78.936056,43.132314],[-78.94222400000001,43.132504],[-78.944766,43.132521000000004],[-78.945279,43.132518],[-78.946833,43.132512],[-78.95074699999999,43.132431999999994],[-78.95082599999999,43.132390999999984],[-78.951002,43.13239199999999],[-78.95109699999999,43.132394999999995],[-78.951493,43.132411000000005],[-78.965955,43.132331],[-78.966359,43.132318],[-78.966364,43.132318],[-78.967571,43.132298999999996],[-78.967976,43.13229299999999],[-78.96883799999999,43.132265999999994],[-78.97142600000001,43.132186],[-78.972289,43.13216],[-78.97276699999999,43.132156],[-78.973462,43.132152],[-78.974204,43.132141999999995],[-78.974683,43.13213700000001],[-78.976356,43.132053],[-78.979045,43.132007]]]},"properties":{"geoid":"360630244062","name":"Block Group 2","pop":2709.0,"obs_Mesothelioma":0.0,"exp_Mesothelioma":0.1117764783,"sir_Mesothelioma":0.0,"obs_Lung":5.0,"exp_Lung":6.9816277112,"sir_Lung":0.716,"obs_Bladder":6.0,"exp_Bladder":2.8283285565,"sir_Bladder":2.121,"obs_Esophagus":0.0,"exp_Esophagus":0.5458905763,"sir_Esophagus":0.0,"obs_Oral":2.0,"exp_Oral":1.1446048381,"sir_Oral":1.747,"obs_Brain":0.0,"exp_Brain":0.7733189544,"sir_Brain":0.0,"hlarea_Lung":0,"hlarea_Bladder":0,"hlarea_Esophagus":1,"hlarea_Oral":0,"hlarea_Brain":0,"hlarea_Mesothelioma":0,"doh_region":"36063DOH0009","merged_area":true,"merged_bg_count":2}},{"type":"Feature","geometry":{"type":"Polygon","coordinates":[[[-78.97377999999999,43.09602999999999],[-78.974262,43.096519],[-78.97446099999999,43.096720999999995],[-78.97596899999999,43.09826499999999],[-78.976456,43.098763999999996],[-78.97714400000001,43.099460999999984],[-78.97729199999999,43.099608999999994],[-78.977736,43.100052],[-78.977884,43.10020100000001],[-78.97802999999999,43.10034999999999],[-78.978467,43.10079699999999],[-78.978614,43.100946],[-78.978754,43.10109099999998],[-78.97917500000001,43.10152899999999],[-78.979316,43.10167499999999],[-78.97917699999999,43.101750999999986],[-78.979006,43.101765999999984],[-78.977916,43.10179899999999],[-78.97734899999999,43.10180899999999],[-78.975584,43.10184299999999],[-78.973237,43.10189400000001],[-78.97244599999999,43.101902999999986],[-78.97138799999999,43.101929999999996],[-78.970841,43.101943999999996],[-78.96990199999999,43.10195899999999],[-78.969402,43.10196999999999],[-78.96804399999999,43.102000000000004],[-78.96397200000001,43.10208999999999],[-78.962955,43.10211299999999],[-78.962879,43.102132999999995],[-78.96277099999999,43.102193],[-78.96266399999999,43.102279],[-78.962479,43.10222699999999],[-78.961924,43.10207199999999],[-78.96173999999999,43.10202099999999],[-78.957487,43.100859],[-78.956273,43.100532],[-78.95494,43.10016299999999],[-78.953632,43.09981099999999],[-78.952758,43.099596999999996],[-78.952103,43.099478],[-78.951495,43.09939],[-78.95101300000002,43.09934599999999],[-78.950501,43.09931799999999],[-78.95012299999999,43.09930799999999],[-78.950086,43.09916399999999],[-78.950043,43.098932999999995],[-78.950037,43.0989],[-78.95000399999999,43.09778300000001],[-78.95000399999999,43.09776399999999],[-78.949992,43.0974],[-78.95530400000001,43.095449],[-78.95539699999999,43.09540899999999],[-78.958373,43.09434199999999],[-78.958486,43.094305000000006],[-78.95882399999999,43.09419499999999],[-78.958938,43.094159000000005],[-78.962892,43.09239799999999],[-78.963712,43.09171399999999],[-78.964827,43.09170400000001],[-78.96817100000001,43.09167699999999],[-78.969287,43.091668],[-78.969599,43.091959],[-78.96963,43.09198800000001],[-78.97014399999999,43.092467],[-78.971238,43.09351399999999],[-78.971687,43.09393399999999],[-78.97187799999999,43.09411999999999],[-78.972278,43.09450799999998],[-78.972444,43.09467699999999],[-78.973063,43.095305],[-78.97377999999999,43.09602999999999]]]},"properties":{"geoid":"360630226022","name":"Block Group 2","pop":1759.0,"obs_Mesothelioma":0.0,"exp_Mesothelioma":0.15,"sir_Mesothelioma":0.0,"obs_Lung":15.0,"exp_Lung":9.6,"sir_Lung":1.562,"obs_Bladder":6.0,"exp_Bladder":3.83,"sir_Bladder":1.567,"obs_Esophagus":1.0,"exp_Esophagus":0.71,"sir_Esophagus":1.402,"obs_Oral":2.0,"exp_Oral":1.44,"sir_Oral":1.386,"obs_Brain":1.0,"exp_Brain":0.78,"sir_Brain":1.282,"hlarea_Lung":1,"hlarea_Bladder":1,"hlarea_Esophagus":1,"hlarea_Oral":0,"hlarea_Brain":0,"hlarea_Mesothelioma":0,"merged_area":false,"doh_region":"360630226022"}},{"type":"Feature","geometry":{"type":"Polygon","coordinates":[[[-78.666389,43.186122],[-78.666158,43.186265999999996],[-78.665025,43.18697299999999],[-78.663865,43.18774899999998],[-78.663783,43.18780499999999],[-78.663438,43.18788699999999],[-78.661508,43.18834999999999],[-78.658711,43.18902099999998],[-78.654726,43.189971],[-78.653354,43.190303],[-78.64999499999999,43.191117],[-78.649981,43.19108800000001],[-78.64994,43.19100100000001],[-78.64992699999999,43.190972],[-78.649897,43.190922],[-78.649875,43.190885],[-78.64982900000001,43.190830999999996],[-78.649807,43.19077699999999],[-78.6498,43.19075799999999],[-78.6498,43.190721999999994],[-78.649783,43.190757],[-78.64975,43.190784],[-78.64903199999999,43.19108799999999],[-78.648861,43.191148],[-78.64748399999999,43.19150699999999],[-78.64723,43.19156],[-78.647027,43.19157999999999],[-78.646965,43.19157399999999],[-78.646788,43.19155999999999],[-78.64599799999999,43.19139399999998],[-78.645315,43.19126899999999],[-78.64517599999999,43.191253999999994],[-78.644942,43.191249000000006],[-78.644618,43.191278],[-78.64422499999999,43.19135999999999],[-78.643969,43.191436],[-78.64382599999999,43.191491000000006],[-78.643615,43.191606],[-78.64352,43.191672999999994],[-78.643177,43.191967999999974],[-78.643045,43.19205899999999],[-78.642912,43.192127000000006],[-78.642813,43.19215999999999],[-78.642276,43.192234000000006],[-78.64148899999999,43.19231099999999],[-78.638284,43.192586000000006],[-78.637698,43.19263699999998],[-78.63686,43.192733],[-78.63531499999999,43.19294199999999],[-78.63529199999999,43.192237],[-78.63524699999999,43.19083599999998],[-78.63523,43.19012499999997],[-78.635215,43.189420999999996],[-78.63519699999999,43.18841599999999],[-78.63519099999999,43.18802300000001],[-78.6352,43.18707299999999],[-78.635167,43.186093],[-78.63518300000001,43.185403999999984],[-78.635187,43.18527999999999],[-78.63513499999999,43.18440199999999],[-78.635125,43.18429399999999],[-78.635097,43.183972999999995],[-78.635088,43.183865999999995],[-78.636033,43.183558],[-78.63629,43.18346599999999],[-78.639794,43.182224999999995],[-78.639873,43.182196000000005],[-78.64106699999999,43.18176999999999],[-78.64109499999999,43.18220699999999],[-78.64111,43.18270100000001],[-78.641171,43.18306299999999],[-78.641187,43.18309200000001],[-78.64126399999999,43.183142999999994],[-78.64132,43.183150999999995],[-78.642673,43.183139],[-78.643967,43.183131],[-78.64406699999999,43.18311399999999],[-78.644133,43.183074],[-78.64418599999999,43.18299399999999],[-78.644217,43.18276999999999],[-78.644207,43.18198299999999],[-78.64417999999999,43.181051],[-78.644802,43.181056999999996],[-78.644971,43.18109099999998],[-78.645004,43.18108199999999],[-78.64608,43.181211],[-78.648927,43.18158699999999],[-78.64911,43.18161200000001],[-78.649909,43.181710999999986],[-78.649957,43.18150999999998],[-78.649957,43.181472],[-78.64996699999999,43.181117999999984],[-78.64994999999999,43.180834000000004],[-78.649937,43.18074],[-78.64990399999999,43.180497999999986],[-78.649828,43.179975],[-78.649827,43.179964999999996],[-78.649777,43.17919899999999],[-78.649756,43.178354],[-78.649743,43.17781699999998],[-78.649726,43.17688899999999],[-78.649717,43.176323999999994],[-78.649648,43.174105999999995],[-78.649642,43.17387900000001],[-78.649598,43.173179999999995],[-78.64946499999999,43.17109599999999],[-78.649067,43.16484699999998],[-78.64899299999999,43.16368],[-78.648933,43.162765],[-78.648904,43.16224499999999],[-78.64881799999999,43.160686],[-78.64878999999999,43.160166999999994],[-78.64877,43.159800999999995],[-78.64871,43.158703],[-78.64869,43.158338],[-78.648651,43.15763299999999],[-78.648602,43.15671299999999],[-78.648539,43.155517999999994],[-78.648502,43.15481299999999],[-78.648471,43.15429899999999],[-78.648415,43.153351],[-78.648398,43.153056],[-78.648388,43.15275899999999],[-78.648371,43.15224499999999],[-78.649849,43.15230899999999],[-78.650396,43.152333],[-78.651515,43.15239599999999],[-78.654282,43.152538],[-78.65576000000001,43.152614],[-78.656162,43.15308399999999],[-78.657026,43.154075999999996],[-78.65892300000002,43.15625299999999],[-78.65921999999999,43.156579000000015],[-78.659593,43.156922],[-78.661153,43.158121],[-78.66268699999999,43.159301],[-78.662981,43.159524999999995],[-78.66297399999999,43.160322],[-78.66295699999999,43.16271599999999],[-78.66295099999999,43.16351399999999],[-78.66294099999999,43.163896],[-78.662915,43.165045],[-78.66290599999999,43.16542799999999],[-78.66290599999999,43.165445999999996],[-78.66290900000001,43.165502999999994],[-78.66291,43.165521999999996],[-78.66287299999999,43.167089999999995],[-78.662865,43.16747499999999],[-78.66259199999999,43.171788],[-78.662555,43.17237599999999],[-78.662569,43.17335599999999],[-78.66252899999999,43.174385],[-78.662447,43.176548000000004],[-78.66241099999999,43.17747299999999],[-78.66238799999999,43.178107],[-78.662373,43.17850299999999],[-78.66239399999999,43.178757],[-78.662459,43.179519],[-78.662481,43.179773000000004],[-78.66249599999999,43.180544999999995],[-78.662543,43.18286],[-78.66255900000002,43.18363300000001],[-78.662556,43.183722],[-78.662549,43.183990999999985],[-78.66254699999999,43.184081],[-78.663079,43.184403999999994],[-78.663442,43.184625],[-78.663916,43.18491399999999],[-78.664606,43.185331],[-78.66467899999999,43.185371],[-78.665172,43.185644999999994],[-78.66522599999999,43.185669999999995],[-78.665385,43.18565600000001],[-78.665863,43.18561499999999],[-78.666023,43.185601999999996],[-78.666491,43.18557699999999],[-78.66789899999999,43.185503],[-78.668368,43.185478999999994],[-78.668432,43.185472999999995],[-78.66862499999999,43.18545700000001],[-78.66869,43.185452],[-78.66819799999999,43.18553599999999],[-78.66819699999999,43.18553699999999],[-78.667045,43.185868],[-78.666758,43.18595],[-78.666279,43.186089],[-78.66630099999999,43.18609499999999],[-78.666367,43.18611500000001],[-78.666389,43.186122]]]},"properties":{"geoid":"360630234021","name":"Block Group 1","pop":2033.0,"obs_Mesothelioma":0.0,"exp_Mesothelioma":0.15,"sir_Mesothelioma":0.0,"obs_Lung":15.0,"exp_Lung":9.88,"sir_Lung":1.519,"obs_Bladder":3.0,"exp_Bladder":3.83,"sir_Bladder":0.783,"obs_Esophagus":0.0,"exp_Esophagus":0.76,"sir_Esophagus":0.0,"obs_Oral":0.0,"exp_Oral":1.6,"sir_Oral":0.0,"obs_Brain":0.0,"exp_Brain":0.87,"sir_Brain":0.0,"hlarea_Lung":1,"hlarea_Bladder":1,"hlarea_Esophagus":0,"hlarea_Oral":0,"hlarea_Brain":0,"hlarea_Mesothelioma":0,"merged_area":false,"doh_region":"360630234021"}},{"type":"Feature","geometry":{"type":"Polygon","coordinates":[[[-78.558296,43.096011999999995],[-78.55834999999999,43.09614899999998],[-78.55834999999999,43.09623299999999],[-78.558296,43.096309999999995],[-78.558173,43.096396999999996],[-78.55812499999999,43.096467999999994],[-78.55811299999999,43.096546],[-78.55813599999999,43.096699],[-78.558159,43.096771],[-78.55818599999999,43.09682300000001],[-78.558258,43.09694299999999],[-78.558334,43.097007999999995],[-78.55843399999999,43.097075999999994],[-78.55856299999999,43.09714099999999],[-78.558731,43.097214],[-78.559114,43.097291999999996],[-78.559448,43.09735500000001],[-78.559624,43.097365999999994],[-78.559784,43.09735899999999],[-78.559998,43.09733600000002],[-78.560265,43.097278999999986],[-78.560616,43.09716799999999],[-78.56078699999999,43.097091999999996],[-78.561011,43.096971999999994],[-78.562523,43.09589799999999],[-78.563225,43.095473999999996],[-78.563789,43.09503599999999],[-78.563937,43.09490199999999],[-78.56403399999999,43.09480699999999],[-78.564072,43.09472999999999],[-78.564072,43.094702],[-78.564064,43.094635],[-78.564003,43.09455499999999],[-78.563537,43.09414399999999],[-78.563362,43.094024999999995],[-78.563095,43.09389899999999],[-78.563011,43.093819],[-78.562981,43.093738999999985],[-78.563011,43.09364299999999],[-78.563496,43.092766],[-78.563606,43.09254099999999],[-78.563667,43.09238800000001],[-78.563907,43.09152699999999],[-78.56424,43.09051499999999],[-78.564484,43.08889399999999],[-78.564701,43.08855399999998],[-78.564964,43.088367],[-78.56532299999999,43.088218999999995],[-78.567131,43.088013],[-78.56790199999999,43.08796299999998],[-78.56841299999999,43.08801299999998],[-78.56881,43.088165],[-78.56916799999999,43.088467],[-78.569542,43.088607999999994],[-78.570343,43.088668999999996],[-78.57115399999999,43.088445],[-78.57141100000001,43.08837899999999],[-78.572954,43.08845900000001],[-78.574135,43.08847399999999],[-78.574356,43.08848599999998],[-78.57545499999999,43.088607999999994],[-78.57624799999999,43.08879099999999],[-78.57637,43.08866899999999],[-78.576302,43.088425],[-78.57614099999999,43.08828],[-78.574776,43.087502],[-78.574333,43.08711999999999],[-78.57423399999999,43.08688],[-78.57428,43.086605],[-78.57449299999999,43.08623499999999],[-78.575104,43.085899000000005],[-78.57531,43.085739000000004],[-78.575363,43.08551800000001],[-78.575294,43.08493399999998],[-78.574738,43.08314899999999],[-78.574165,43.082409],[-78.573776,43.08225300000001],[-78.573273,43.08220699999998],[-78.572647,43.082274999999996],[-78.57251,43.08223],[-78.572372,43.08204999999999],[-78.572334,43.081786999999984],[-78.572372,43.081695999999994],[-78.572487,43.08150099999999],[-78.573269,43.08087899999998],[-78.57431,43.080208],[-78.574989,43.079905999999994],[-78.575165,43.079845000000006],[-78.57543199999999,43.07978099999999],[-78.575577,43.079758000000005],[-78.575745,43.079741999999996],[-78.57590499999999,43.07974199999999],[-78.576065,43.079758000000005],[-78.57625,43.079750999999995],[-78.57648499999999,43.079913],[-78.576604,43.080038],[-78.576691,43.08018299999999],[-78.576715,43.08031299999999],[-78.576591,43.081374999999994],[-78.57663699999999,43.081707],[-78.576736,43.081889999999994],[-78.576965,43.08209599999999],[-78.577651,43.08247099999999],[-78.578178,43.082664],[-78.57825500000001,43.082741],[-78.578239,43.082916],[-78.578186,43.082985],[-78.57721699999999,43.08358],[-78.577118,43.083777999999995],[-78.57713,43.083881999999996],[-78.577271,43.084140999999995],[-78.578232,43.08451499999998],[-78.578423,43.08460199999999],[-78.579208,43.085228],[-78.579308,43.08537699999998],[-78.579315,43.085578999999996],[-78.57914,43.08604],[-78.57846800000002,43.087050999999995],[-78.57820099999999,43.08749799999999],[-78.57815599999999,43.087749],[-78.578239,43.08792099999999],[-78.578293,43.087970999999996],[-78.578583,43.087993999999995],[-78.57888799999999,43.087863999999996],[-78.57949099999999,43.087517000000005],[-78.57985699999999,43.087429],[-78.580231,43.08754700000001],[-78.58125299999999,43.088786999999996],[-78.58152,43.088917],[-78.581757,43.08892799999999],[-78.582031,43.088886],[-78.58249699999999,43.088653999999984],[-78.58455699999999,43.086655],[-78.584808,43.086315],[-78.585075,43.08563199999999],[-78.58513599999999,43.08518999999998],[-78.585089,43.084573999999996],[-78.58482599999999,43.08414399999999],[-78.58448,43.08372899999999],[-78.58431999999999,43.08361000000001],[-78.58371700000001,43.08321799999999],[-78.583435,43.083075999999984],[-78.58234999999999,43.08259],[-78.582123,43.0825],[-78.581947,43.082367],[-78.58163499999999,43.082111],[-78.580772,43.081291],[-78.58050500000002,43.08098199999999],[-78.580332,43.080737],[-78.580231,43.080443999999986],[-78.580193,43.08017],[-78.580246,43.07996399999999],[-78.580444,43.079581999999995],[-78.581299,43.078514],[-78.581773,43.07792599999999],[-78.58212999999999,43.07749899999999],[-78.58252,43.077255],[-78.582977,43.07709099999998],[-78.583366,43.076977],[-78.584114,43.076859],[-78.584244,43.07671399999999],[-78.584396,43.076392999999996],[-78.584373,43.076210999999994],[-78.584282,43.07606500000001],[-78.584099,43.07595800000001],[-78.583878,43.07592799999999],[-78.583176,43.075893],[-78.582954,43.07583599999999],[-78.582736,43.075692999999994],[-78.58260299999999,43.07551199999998],[-78.582577,43.07535899999999],[-78.582656,43.07514999999999],[-78.58281699999999,43.07496999999999],[-78.583101,43.07478499999999],[-78.58429699999999,43.074272],[-78.58461,43.07412299999999],[-78.584801,43.074017],[-78.585636,43.07342800000001],[-78.586136,43.07310899999999],[-78.58627299999999,43.073048],[-78.586372,43.073009],[-78.586533,43.07297099999999],[-78.586708,43.072975],[-78.58680000000001,43.073002],[-78.586914,43.073040000000006],[-78.587062,43.07316100000001],[-78.587105,43.073219],[-78.587189,43.073318],[-78.587865,43.07441199999999],[-78.588005,43.07458899999999],[-78.588272,43.07478299999999],[-78.588589,43.07501799999999],[-78.58927899999999,43.07544299999999],[-78.590065,43.07586699999998],[-78.590769,43.076122],[-78.590904,43.076157],[-78.591064,43.076122],[-78.591207,43.07603999999999],[-78.59133899999999,43.07589299999999],[-78.591354,43.075806],[-78.591354,43.075725],[-78.591089,43.07489599999999],[-78.59105699999999,43.074677],[-78.591095,43.07448599999999],[-78.59116399999999,43.07432599999999],[-78.59150000000001,43.073916],[-78.591606,43.07371099999998],[-78.59172099999999,43.073505],[-78.591759,43.073338],[-78.591774,43.07317],[-78.59178899999999,43.07218599999999],[-78.591866,43.071709],[-78.591949,43.071364999999986],[-78.592102,43.07101399999999],[-78.592255,43.070747000000004],[-78.59234599999999,43.07061399999998],[-78.592522,43.070392999999996],[-78.59265099999999,43.070266999999994],[-78.592995,43.069984],[-78.593575,43.069663999999996],[-78.593788,43.06958399999999],[-78.59403999999999,43.069500000000005],[-78.594315,43.06944999999999],[-78.594503,43.06942499999999],[-78.594696,43.069424],[-78.59487899999999,43.069438999999996],[-78.595047,43.06947699999999],[-78.59516099999999,43.069523],[-78.59523,43.069560999999986],[-78.595306,43.06964099999999],[-78.595406,43.069885],[-78.595421,43.069992000000006],[-78.59541300000001,43.070141],[-78.595306,43.07043799999999],[-78.59481799999999,43.071217],[-78.59466599999999,43.071521999999995],[-78.594658,43.071663],[-78.59471900000001,43.07197999999999],[-78.594849,43.07227299999999],[-78.594948,43.07235],[-78.595261,43.07245299999999],[-78.595474,43.07246800000001],[-78.595627,43.07246799999999],[-78.59722900000001,43.072227],[-78.59816,43.072120999999996],[-78.598625,43.07207499999999],[-78.599274,43.072047999999995],[-78.599937,43.07208999999999],[-78.600388,43.072143999999994],[-78.600662,43.072261999999995],[-78.600929,43.07249799999999],[-78.601089,43.07275],[-78.60121199999999,43.073073999999984],[-78.60123399999999,43.07366999999999],[-78.601265,43.07388299999999],[-78.60131799999999,43.07393599999999],[-78.60153199999999,43.073952],[-78.60170699999999,43.07383299999999],[-78.60178400000001,43.073696],[-78.602119,43.072773],[-78.602211,43.072593999999995],[-78.60230299999999,43.07245299999999],[-78.602562,43.07224999999999],[-78.602814,43.072124],[-78.603355,43.07199899999999],[-78.60398900000001,43.07202499999999],[-78.60543799999999,43.072410999999995],[-78.60654400000001,43.072674000000006],[-78.606762,43.072835999999995],[-78.606876,43.073113],[-78.60685,43.073356999999994],[-78.606689,43.07346699999999],[-78.606247,43.073586000000006],[-78.606003,43.073631000000006],[-78.60522499999999,43.07375299999998],[-78.604485,43.07391],[-78.604222,43.073983],[-78.603996,43.074081],[-78.603737,43.074211000000005],[-78.60331699999999,43.07444799999999],[-78.603096,43.07459299999999],[-78.602203,43.075374999999994],[-78.601479,43.075863000000005],[-78.601349,43.076057],[-78.601355,43.07621299999999],[-78.601479,43.07643499999999],[-78.601638,43.076544],[-78.60183099999999,43.076635999999986],[-78.602493,43.076693999999996],[-78.60316499999999,43.076614000000006],[-78.603432,43.07656899999999],[-78.603745,43.07648100000001],[-78.60508,43.07584799999999],[-78.605362,43.075751999999994],[-78.605904,43.07558399999999],[-78.606392,43.07553099999999],[-78.607018,43.07559199999999],[-78.607918,43.07578999999999],[-78.60826899999999,43.075905],[-78.608879,43.07615699999998],[-78.609669,43.076505],[-78.61167999999999,43.07773299999999],[-78.611916,43.077881],[-78.61208800000001,43.077912999999995],[-78.612267,43.077892],[-78.61245,43.077782],[-78.612578,43.077554],[-78.612605,43.077315],[-78.61256399999999,43.077128999999985],[-78.612473,43.076973],[-78.612152,43.076595],[-78.612057,43.076422],[-78.612053,43.076248],[-78.612129,43.07607300000001],[-78.61219799999999,43.07597399999999],[-78.612358,43.075863],[-78.612769,43.07576799999999],[-78.61312099999999,43.07560000000001],[-78.613579,43.075165],[-78.614075,43.074408999999996],[-78.614174,43.07429099999999],[-78.61445599999999,43.074135],[-78.614639,43.07409699999998],[-78.615411,43.074055],[-78.615842,43.074104999999996],[-78.616074,43.0742],[-78.61629500000001,43.07448599999999],[-78.616348,43.074638],[-78.61629500000001,43.07496999999999],[-78.615723,43.075691000000006],[-78.615448,43.07621799999999],[-78.61541799999999,43.076581000000004],[-78.61548599999999,43.07669800000001],[-78.616325,43.077194],[-78.616714,43.077408],[-78.617119,43.077736],[-78.61721,43.077892],[-78.617212,43.078119],[-78.617149,43.078342],[-78.616844,43.078959999999995],[-78.616158,43.08017699999999],[-78.616028,43.080299],[-78.61586799999999,43.08040599999999],[-78.615433,43.08054699999999],[-78.614567,43.08072599999999],[-78.61436499999999,43.08082599999999],[-78.61312099999999,43.08191699999999],[-78.61277,43.08226799999999],[-78.612518,43.082752],[-78.612434,43.083397000000005],[-78.61245699999999,43.08355700000001],[-78.612511,43.083645000000004],[-78.612717,43.08380899999999],[-78.61290699999999,43.083923],[-78.61325099999999,43.08406099999999],[-78.613968,43.084224999999996],[-78.615242,43.08452200000001],[-78.615578,43.084582999999995],[-78.615822,43.084655999999995],[-78.616241,43.08480099999999],[-78.616447,43.08488499999999],[-78.616615,43.08499099999998],[-78.61676,43.08511699999999],[-78.616875,43.085239],[-78.616946,43.08534199999999],[-78.617037,43.085483999999994],[-78.617378,43.08628499999999],[-78.617487,43.08645899999999],[-78.617572,43.086553],[-78.61759599999999,43.086748],[-78.61766999999999,43.08733599999999],[-78.617695,43.087532],[-78.617719,43.08966399999999],[-78.617791,43.096062999999994],[-78.617815,43.098195999999994],[-78.617823,43.099051999999986],[-78.617848,43.10162299999999],[-78.617857,43.10247999999999],[-78.617856,43.10326899999999],[-78.617856,43.105637],[-78.617856,43.10642699999999],[-78.61785499999999,43.107836],[-78.61785499999999,43.112062999999985],[-78.61785499999999,43.113473],[-78.61785300000001,43.114238999999976],[-78.61784999999999,43.116535999999996],[-78.61784899999999,43.11730299999999],[-78.617908,43.11987299999999],[-78.618085,43.12758600000001],[-78.618145,43.13015699999999],[-78.618172,43.130711999999995],[-78.61825499999999,43.13238],[-78.61828299999999,43.132935999999994],[-78.618312,43.13340199999999],[-78.618399,43.13480099999999],[-78.61842899999999,43.13526799999999],[-78.61849699999999,43.135489000000014],[-78.618702,43.136154999999995],[-78.618771,43.136376999999996],[-78.618833,43.137071999999996],[-78.61902200000002,43.139157999999995],[-78.619085,43.139854],[-78.61914999999999,43.140547],[-78.61934699999999,43.142627],[-78.61941300000001,43.14332199999999],[-78.618871,43.15111100000001],[-78.61881799999999,43.151422],[-78.618365,43.151416000000005],[-78.613755,43.15135399999999],[-78.611905,43.151342],[-78.609517,43.151317999999996],[-78.608847,43.151311],[-78.606837,43.151291],[-78.606168,43.15128500000001],[-78.60447,43.15127699999999],[-78.603512,43.151274],[-78.599379,43.15129199999999],[-78.597683,43.15129999999999],[-78.59660199999999,43.151306],[-78.594104,43.151332000000004],[-78.593998,43.151332000000004],[-78.590994,43.15133899999999],[-78.589317,43.151357],[-78.58758499999999,43.15136199999999],[-78.585821,43.151388000000004],[-78.582943,43.151413000000005],[-78.582557,43.15141699999999],[-78.579259,43.15146099999999],[-78.578158,43.151464999999995],[-78.57753699999999,43.151467999999994],[-78.575135,43.15149499999999],[-78.574857,43.15149499999999],[-78.573757,43.15149499999998],[-78.573757,43.15090299999999],[-78.57376099999999,43.14912699999999],[-78.573762,43.148535999999986],[-78.571258,43.148534],[-78.570892,43.148533999999984],[-78.56876299999999,43.14856599999999],[-78.567702,43.148568999999995],[-78.565546,43.14859299999999],[-78.563746,43.14859799999999],[-78.56124299999999,43.148604999999996],[-78.558083,43.148605999999994],[-78.556713,43.148603],[-78.554861,43.148601000000006],[-78.553992,43.14859099999999],[-78.553417,43.148571999999994],[-78.552961,43.148527],[-78.551267,43.148311000000014],[-78.549666,43.148075],[-78.548958,43.147931],[-78.548084,43.147768],[-78.546264,43.14740499999999],[-78.545309,43.147229],[-78.543438,43.146862],[-78.543278,43.14683399999999],[-78.542754,43.146741999999996],[-78.54153,43.146508999999995],[-78.53924599999999,43.146057000000006],[-78.538828,43.14599899999999],[-78.538893,43.14498299999999],[-78.539079,43.142092],[-78.539087,43.141937999999996],[-78.539143,43.140922999999994],[-78.539161,43.14065],[-78.539186,43.140299],[-78.539206,43.13982999999999],[-78.539219,43.139556999999996],[-78.539254,43.13897099999999],[-78.539296,43.13881],[-78.539369,43.13870299999999],[-78.53942599999999,43.138654],[-78.53957299999999,43.13856599999998],[-78.540156,43.138355999999995],[-78.54020299999999,43.13833999999999],[-78.54066999999999,43.13819599999999],[-78.541184,43.138006],[-78.54179599999999,43.13782399999999],[-78.543489,43.137403],[-78.54466699999999,43.137134999999994],[-78.545085,43.13702299999999],[-78.54522,43.136989],[-78.546919,43.136567],[-78.546877,43.13637599999999],[-78.546875,43.13607199999999],[-78.54694099999999,43.135127000000004],[-78.546993,43.134403000000006],[-78.54713699999999,43.132749],[-78.547281,43.130966],[-78.54729499999999,43.130801999999996],[-78.54735699999999,43.130125],[-78.54740799999999,43.12935999999999],[-78.547418,43.129301],[-78.54745000000001,43.12912699999998],[-78.547462,43.129070000000006],[-78.54753199999999,43.128975],[-78.54762600000001,43.12889199999999],[-78.54774499999999,43.128804],[-78.548119,43.128592000000005],[-78.549058,43.128026999999996],[-78.549758,43.127617],[-78.554239,43.12500299999999],[-78.555368,43.124329],[-78.55681799999999,43.12349700000001],[-78.556827,43.12349],[-78.55696999999999,43.1234],[-78.557166,43.12322799999999],[-78.55719599999999,43.12314699999999],[-78.557215,43.123038],[-78.557313,43.12093799999999],[-78.557345,43.120339],[-78.557388,43.119545999999985],[-78.55740999999999,43.11893399999999],[-78.557435,43.11854199999999],[-78.557474,43.117944],[-78.557514,43.117107],[-78.55756,43.116503],[-78.557569,43.11633999999999],[-78.5578,43.112349],[-78.557842,43.11212199999999],[-78.55791099999999,43.11194099999998],[-78.557954,43.111864],[-78.55804599999999,43.111765999999996],[-78.55812999999999,43.111705],[-78.558176,43.11168699999998],[-78.558195,43.111685],[-78.55842,43.111664000000005],[-78.55867300000001,43.111672],[-78.55980000000001,43.111707999999986],[-78.55945299999999,43.11166299999999],[-78.55940199999999,43.11165700000001],[-78.558971,43.111567],[-78.55869299999999,43.11149599999999],[-78.558437,43.111416000000006],[-78.558269,43.11136299999999],[-78.55810799999999,43.111303],[-78.557806,43.11117999999999],[-78.55736,43.110945999999984],[-78.55680799999999,43.11059499999999],[-78.556465,43.110332],[-78.555956,43.109942],[-78.554293,43.10864499999999],[-78.552751,43.10745999999998],[-78.55233799999999,43.107094],[-78.55197799999999,43.106747],[-78.5506,43.105416999999996],[-78.549662,43.10451],[-78.54702999999999,43.101968],[-78.546844,43.101797999999995],[-78.54638899999999,43.101381999999994],[-78.54589399999999,43.100905],[-78.544499,43.099565000000005],[-78.544172,43.09929099999999],[-78.54393499999999,43.09910199999999],[-78.542431,43.097988999999984],[-78.541261,43.09713199999998],[-78.540461,43.096546],[-78.538007,43.094736999999995],[-78.535369,43.092805],[-78.534892,43.092514],[-78.534669,43.09239199999998],[-78.534255,43.092195],[-78.53387599999999,43.092037999999995],[-78.533458,43.091892],[-78.532716,43.091679],[-78.532105,43.091563],[-78.528318,43.09094799999999],[-78.52772499999999,43.09086899999999],[-78.527513,43.090855],[-78.526718,43.09082099999999],[-78.525773,43.09079599999999],[-78.52503399999999,43.090780999999986],[-78.523933,43.090759],[-78.521371,43.09068699999999],[-78.520944,43.09064199999999],[-78.520714,43.090603],[-78.520247,43.09049399999999],[-78.519993,43.090413000000005],[-78.51971999999999,43.090314],[-78.519503,43.090222999999995],[-78.51915799999999,43.09004999999999],[-78.519031,43.089975],[-78.518913,43.08990499999999],[-78.518711,43.089756999999985],[-78.518669,43.089726999999996],[-78.51855100000002,43.089641],[-78.519031,43.089336],[-78.51956899999999,43.08903899999999],[-78.52004199999999,43.08880499999999],[-78.52023299999999,43.08875999999999],[-78.520439,43.088733999999995],[-78.520645,43.08876],[-78.52078999999999,43.08879899999998],[-78.520882,43.088874999999994],[-78.52107199999999,43.08922199999999],[-78.521309,43.08978999999999],[-78.52136999999999,43.089878],[-78.521444,43.089942],[-78.521568,43.09001499999999],[-78.52171299999999,43.090030999999996],[-78.52181999999999,43.090018999999984],[-78.521942,43.089980999999995],[-78.522041,43.089943],[-78.52214099999999,43.08986999999999],[-78.522278,43.08972199999999],[-78.52235399999999,43.08961099999999],[-78.52237699999999,43.089560999999996],[-78.52229299999999,43.088592999999996],[-78.52224,43.088412999999996],[-78.522217,43.08831399999999],[-78.522224,43.088210999999994],[-78.522263,43.088149999999985],[-78.522392,43.08805799999999],[-78.522469,43.088017],[-78.522815,43.08792999999999],[-78.522888,43.08791],[-78.522995,43.087897999999996],[-78.523207,43.087891],[-78.523766,43.08791],[-78.52471899999999,43.088077999999996],[-78.524981,43.088088000000006],[-78.525337,43.088032000000005],[-78.525497,43.087974999999986],[-78.525665,43.087883],[-78.52622199999999,43.08761199999999],[-78.52643599999999,43.087562999999996],[-78.526726,43.08754],[-78.527061,43.087562999999996],[-78.527267,43.087631],[-78.527542,43.08772999999999],[-78.52767899999999,43.08779099999999],[-78.527968,43.087976],[-78.528061,43.088061999999994],[-78.528122,43.08814199999998],[-78.52810699999999,43.088244999999986],[-78.528069,43.088299],[-78.527969,43.088352],[-78.527611,43.08846299999999],[-78.527306,43.08859299999998],[-78.526825,43.088874999999994],[-78.52667199999999,43.08896599999999],[-78.526642,43.08902700000001],[-78.52660399999999,43.08917599999999],[-78.52661100000002,43.08925999999999],[-78.52696999999999,43.090362999999996],[-78.527016,43.09043099999999],[-78.5271,43.09051100000001],[-78.527183,43.090577],[-78.52729599999999,43.090619999999994],[-78.527405,43.090649],[-78.527573,43.09064899999999],[-78.527901,43.09058799999999],[-78.528,43.090571999999995],[-78.528601,43.090416999999995],[-78.52873199999999,43.090347],[-78.528831,43.090278999999995],[-78.528893,43.090221],[-78.528976,43.090115],[-78.52899099999999,43.089998],[-78.52896899999999,43.089805999999996],[-78.528877,43.08962599999998],[-78.528458,43.08922199999999],[-78.52825899999999,43.088905],[-78.52821399999999,43.08877199999999],[-78.528206,43.08869599999999],[-78.528229,43.088608],[-78.528244,43.08857],[-78.528328,43.088542999999994],[-78.528488,43.088455],[-78.528679,43.088367000000005],[-78.528931,43.088203],[-78.529282,43.08806199999999],[-78.529747,43.087749],[-78.5299,43.087688],[-78.530045,43.087688],[-78.53022,43.08772999999999],[-78.530304,43.087776],[-78.53038,43.087790999999996],[-78.530491,43.08779699999999],[-78.530602,43.08774899999999],[-78.530731,43.087680999999996],[-78.53113599999999,43.087376000000006],[-78.53124199999999,43.087341],[-78.531395,43.087348999999996],[-78.53153999999999,43.08740199999999],[-78.53171499999999,43.087531999999996],[-78.53179899999999,43.08765400000001],[-78.531853,43.08778399999999],[-78.531853,43.08793599999999],[-78.53195199999999,43.088592999999996],[-78.532005,43.088665000000006],[-78.532089,43.088695999999985],[-78.532234,43.08869199999998],[-78.53241,43.08866099999999],[-78.532555,43.08858499999999],[-78.53266099999999,43.088512],[-78.532761,43.08843999999999],[-78.532885,43.08828499999999],[-78.532997,43.088165000000004],[-78.533035,43.088103999999994],[-78.533148,43.087925],[-78.533783,43.086879999999994],[-78.534035,43.08656299999999],[-78.534431,43.086182],[-78.53473699999999,43.08599099999999],[-78.534981,43.08593799999999],[-78.535225,43.085911],[-78.535721,43.08563199999999],[-78.53598,43.08554099999999],[-78.53613299999999,43.08549099999999],[-78.53627000000002,43.08549099999999],[-78.53643,43.085564000000005],[-78.53656,43.08567800000001],[-78.53667399999999,43.085895999999984],[-78.53680399999999,43.086272999999984],[-78.536817,43.086427],[-78.536827,43.086749999999995],[-78.536858,43.086819],[-78.53768199999999,43.08733000000001],[-78.538048,43.087433],[-78.538292,43.087421000000006],[-78.53846899999999,43.08737399999999],[-78.538673,43.08727599999999],[-78.538811,43.087089999999996],[-78.539085,43.086909999999996],[-78.539131,43.086864000000006],[-78.539131,43.08675799999998],[-78.539078,43.086571],[-78.539047,43.086539999999985],[-78.53886399999999,43.08643],[-78.538681,43.08636899999999],[-78.53821599999999,43.0863],[-78.53808599999999,43.086239],[-78.538033,43.086181999999994],[-78.537987,43.086075],[-78.53800199999999,43.086014],[-78.53808599999999,43.085911],[-78.5383,43.08580399999999],[-78.53846,43.085739000000004],[-78.538628,43.08570499999999],[-78.538887,43.08570499999999],[-78.539047,43.085708999999994],[-78.539757,43.085678],[-78.539917,43.085693],[-78.54,43.08566999999999],[-78.540115,43.08575099999999],[-78.54025399999999,43.085891999999994],[-78.540306,43.086002],[-78.54039399999999,43.08620299999998],[-78.540352,43.086437],[-78.540335,43.08655599999999],[-78.540161,43.08708999999999],[-78.540146,43.087166],[-78.540161,43.087222999999994],[-78.540215,43.08735299999999],[-78.540312,43.087478000000004],[-78.540436,43.087601],[-78.540596,43.087696],[-78.540741,43.08774899999999],[-78.54090099999999,43.087787999999996],[-78.54109199999999,43.087795],[-78.541443,43.08777200000001],[-78.54175599999999,43.08771099999999],[-78.541854,43.087706000000004],[-78.541977,43.087734000000005],[-78.54206099999999,43.087803],[-78.542114,43.087872],[-78.542125,43.08791999999999],[-78.542137,43.087974999999986],[-78.542114,43.088089],[-78.542008,43.08819899999999],[-78.541733,43.08829899999999],[-78.541473,43.088345],[-78.54135099999999,43.088352],[-78.540916,43.08832199999999],[-78.540482,43.088299],[-78.540283,43.088352],[-78.54023699999999,43.08840199999999],[-78.540199,43.08852400000001],[-78.540359,43.088927999999996],[-78.540421,43.08995099999999],[-78.540443,43.09009199999999],[-78.54052,43.09026299999999],[-78.540627,43.090427],[-78.54081,43.09059499999999],[-78.541496,43.09105299999999],[-78.541687,43.09113699999998],[-78.54195899999999,43.091206],[-78.54218399999999,43.09114599999999],[-78.542282,43.091098999999986],[-78.542625,43.090694],[-78.542923,43.090152999999994],[-78.543007,43.089760000000005],[-78.542992,43.089664],[-78.542976,43.089588],[-78.54287699999999,43.089431999999995],[-78.542824,43.089386],[-78.542419,43.089316999999994],[-78.542389,43.08928699999999],[-78.542389,43.08913799999999],[-78.542442,43.08902700000001],[-78.542625,43.088801999999994],[-78.54276,43.088741000000006],[-78.542885,43.088741],[-78.543343,43.08884399999998],[-78.543633,43.088921],[-78.543854,43.08901199999998],[-78.54428899999999,43.089237],[-78.544601,43.089447],[-78.544662,43.0895],[-78.54504399999999,43.090182999999996],[-78.54519499999999,43.09033999999999],[-78.545403,43.09044999999999],[-78.545547,43.09047699999999],[-78.54572999999999,43.09048399999999],[-78.54594399999999,43.09044600000001],[-78.546486,43.09006099999999],[-78.546623,43.090008],[-78.546677,43.090008000000005],[-78.54682199999999,43.09006499999999],[-78.54688999999999,43.090256],[-78.546921,43.09087799999998],[-78.546959,43.09102199999999],[-78.547043,43.09118999999999],[-78.54718799999999,43.091350999999996],[-78.54737899999999,43.091499000000006],[-78.54737899999999,43.091556999999995],[-78.547462,43.091751],[-78.547455,43.091969000000006],[-78.547356,43.09232299999999],[-78.547258,43.09252499999999],[-78.54717,43.092672],[-78.547005,43.09286499999999],[-78.546623,43.09314],[-78.546486,43.093230999999996],[-78.54639399999999,43.09328499999999],[-78.54630999999999,43.09331499999998],[-78.546157,43.093338999999986],[-78.54607399999999,43.093329999999995],[-78.545692,43.09324599999999],[-78.545532,43.093246],[-78.545227,43.093284999999995],[-78.54458799999999,43.09326799999999],[-78.54438499999999,43.09328],[-78.544266,43.093277],[-78.54418199999999,43.09326599999999],[-78.544067,43.093227],[-78.544022,43.09319699999999],[-78.543587,43.09278899999999],[-78.54356,43.092776999999984],[-78.543488,43.092762],[-78.54343399999999,43.09278099999998],[-78.543137,43.09294099999999],[-78.542778,43.09308199999998],[-78.54240399999999,43.093196999999996],[-78.54222899999999,43.093242999999994],[-78.54206099999999,43.093281],[-78.541893,43.093292000000005],[-78.54139599999999,43.09330299999999],[-78.541313,43.09331499999998],[-78.54126699999999,43.093348999999996],[-78.541191,43.093464],[-78.541107,43.093652999999996],[-78.541084,43.093838000000005],[-78.541095,43.09391399999999],[-78.54113799999999,43.094006],[-78.541344,43.094169999999984],[-78.541443,43.094257],[-78.541702,43.09455099999998],[-78.541862,43.09474199999999],[-78.542007,43.094967000000004],[-78.542091,43.095157999999984],[-78.542107,43.095234000000005],[-78.542114,43.095424999999985],[-78.542091,43.095711],[-78.542046,43.095848000000004],[-78.541885,43.09609999999999],[-78.541855,43.096194999999994],[-78.541856,43.09632599999999],[-78.541908,43.096478000000005],[-78.542107,43.096638],[-78.54227399999999,43.096709999999995],[-78.542358,43.09673699999999],[-78.542564,43.096741],[-78.54325899999999,43.096687],[-78.543861,43.09662099999999],[-78.544067,43.096615],[-78.544373,43.09664500000001],[-78.54459399999999,43.096724999999985],[-78.544777,43.096848],[-78.544868,43.09694699999999],[-78.545029,43.09720599999999],[-78.545219,43.097569],[-78.545273,43.09774799999999],[-78.54527999999999,43.09792699999999],[-78.545265,43.098082999999995],[-78.545219,43.098431],[-78.54525799999999,43.098549000000006],[-78.545296,43.098591],[-78.54545600000002,43.098656],[-78.545616,43.09868600000001],[-78.545822,43.09869399999999],[-78.54585999999999,43.098704999999995],[-78.545998,43.09869399999999],[-78.546097,43.098667],[-78.546234,43.098602],[-78.546303,43.098556999999985],[-78.54665399999999,43.098185999999984],[-78.54757699999999,43.09744599999999],[-78.547737,43.097362999999994],[-78.548645,43.097041999999995],[-78.549255,43.096905],[-78.54986799999999,43.09675499999999],[-78.550079,43.096668],[-78.55017099999999,43.09658799999999],[-78.55022400000001,43.096478],[-78.55026199999999,43.096371000000005],[-78.550247,43.09629799999998],[-78.550247,43.09621799999999],[-78.550215,43.09616699999999],[-78.55017900000001,43.09608799999999],[-78.55009500000001,43.096004],[-78.549995,43.095928],[-78.549255,43.095356],[-78.549187,43.09525699999999],[-78.549155,43.095149],[-78.549156,43.09505499999999],[-78.54927099999999,43.09489099999999],[-78.549347,43.094528],[-78.5494,43.094356999999995],[-78.54948399999999,43.09415399999999],[-78.549568,43.093971],[-78.54966,43.093815],[-78.549767,43.09368099999998],[-78.55006399999999,43.09340299999999],[-78.550336,43.093182999999996],[-78.550721,43.092907],[-78.551097,43.09275199999999],[-78.551666,43.092544999999994],[-78.552487,43.092333999999994],[-78.553024,43.09225099999999],[-78.553192,43.092231999999996],[-78.55345799999999,43.092223999999995],[-78.553792,43.09226799999998],[-78.55481,43.09248],[-78.55500099999999,43.09247399999999],[-78.555145,43.09241900000001],[-78.55523699999999,43.09218399999998],[-78.555176,43.09173200000001],[-78.55525999999999,43.091553],[-78.555428,43.091446],[-78.557951,43.090683999999996],[-78.56015,43.089935],[-78.560448,43.08990099999999],[-78.560661,43.089951],[-78.560743,43.09000999999999],[-78.560898,43.09020999999999],[-78.560875,43.090405],[-78.560664,43.090757],[-78.560364,43.09114799999999],[-78.560127,43.091289999999994],[-78.55946399999999,43.09157599999999],[-78.559204,43.09170499999998],[-78.559013,43.091843],[-78.558838,43.092026000000004],[-78.55827699999999,43.092935999999995],[-78.558044,43.093219999999995],[-78.557836,43.09343699999999],[-78.557388,43.093844999999995],[-78.557071,43.09401899999998],[-78.55584,43.094497999999994],[-78.555016,43.09485999999998],[-78.55489299999999,43.094913000000005],[-78.55481,43.09506999999999],[-78.554851,43.09521099999999],[-78.55497,43.09534499999999],[-78.55520299999999,43.095375],[-78.556587,43.095036],[-78.55703,43.094981999999995],[-78.55721299999999,43.094975],[-78.557343,43.09498599999999],[-78.557632,43.09508099999999],[-78.55806,43.095558],[-78.558296,43.096011999999995]]]},"properties":{"geoid":"360630240012","name":"Block Group 2","pop":971.0,"obs_Mesothelioma":0.0,"exp_Mesothelioma":0.06,"sir_Mesothelioma":0.0,"obs_Lung":4.0,"exp_Lung":3.88,"sir_Lung":1.03,"obs_Bladder":3.0,"exp_Bladder":1.54,"sir_Bladder":1.952,"obs_Esophagus":0.0,"exp_Esophagus":0.31,"sir_Esophagus":0.0,"obs_Oral":0.0,"exp_Oral":0.68,"sir_Oral":0.0,"obs_Brain":0.0,"exp_Brain":0.38,"sir_Brain":0.0,"hlarea_Lung":1,"hlarea_Bladder":1,"hlarea_Esophagus":0,"hlarea_Oral":0,"hlarea_Brain":0,"hlarea_Mesothelioma":0,"merged_area":false,"doh_region":"360630240012"}},{"type":"Feature","geometry":{"type":"Polygon","coordinates":[[[-78.997018,43.168125999999994],[-78.99551699999999,43.16128899999998],[-78.995481,43.16092399999999],[-78.99503299999999,43.160954],[-78.995013,43.16078099999999],[-78.99486399999999,43.160236],[-78.99609699999999,43.160083],[-78.99759200000001,43.159884000000005],[-79.000005,43.159601999999985],[-79.00160799999999,43.15940000000001],[-79.00176499999999,43.15996899999999],[-79.001893,43.159952999999994],[-79.00214100000001,43.15992199999999],[-79.002637,43.159900999999984],[-79.002768,43.15988],[-79.00295899999999,43.159979],[-79.003087,43.16001399999999],[-79.004121,43.16012099999999],[-79.004241,43.160121],[-79.004468,43.16003599999999],[-79.00451799999999,43.160029],[-79.004582,43.16005699999999],[-79.00466,43.160121000000004],[-79.004723,43.16015599999999],[-79.00482199999999,43.16017],[-79.005602,43.160177000000004],[-79.006278,43.160269],[-79.00644,43.16028],[-79.00653199999999,43.160312000000005],[-79.006631,43.16039299999999],[-79.006649,43.160429],[-79.006737,43.16053499999999],[-79.006844,43.16055599999999],[-79.007595,43.160542],[-79.00819,43.16055600000001],[-79.008921,43.16061999999999],[-79.010547,43.15961899999999],[-79.011246,43.15919700000001],[-79.01263,43.15833499999999],[-79.013302,43.15788699999998],[-79.01396799999999,43.157413999999996],[-79.014387,43.15714000000001],[-79.014684,43.156962],[-79.015085,43.15677099999999],[-79.01541,43.15663899999999],[-79.015939,43.15646599999999],[-79.01633,43.15637199999999],[-79.01657,43.156326],[-79.016762,43.15628999999999],[-79.017296,43.156223999999995],[-79.017539,43.156195],[-79.017543,43.15650799999999],[-79.017552,43.15704600000001],[-79.017547,43.157450000000004],[-79.017544,43.15776499999998],[-79.01754,43.15799499999999],[-79.017532,43.158685],[-79.01753,43.158916000000005],[-79.01752499999999,43.15953299999998],[-79.017521,43.160055999999976],[-79.017495,43.16132499999999],[-79.017495,43.16138499999999],[-79.017496,43.16200299999999],[-79.017619,43.162011],[-79.01866299999999,43.16202299999999],[-79.018666,43.162023000000005],[-79.018794,43.162038],[-79.018959,43.162087],[-79.019039,43.16212899999999],[-79.01916800000001,43.16225500000001],[-79.019246,43.16240599999999],[-79.01925399999999,43.162475],[-79.01925000000001,43.164905],[-79.019258,43.165176],[-79.01926399999999,43.16537699999999],[-79.019286,43.165485999999994],[-79.019368,43.16565],[-79.01961399999999,43.166022],[-79.019717,43.16622699999999],[-79.019897,43.166213],[-79.02037299999999,43.16615399999999],[-79.020781,43.16611599999999],[-79.020985,43.16611599999999],[-79.02098600000001,43.16611599999999],[-79.021194,43.166151],[-79.021397,43.166236],[-79.021487,43.166301999999995],[-79.02153799999999,43.16635299999999],[-79.02162,43.166487999999994],[-79.02166,43.166593],[-79.021678,43.166817],[-79.02165699999999,43.16698899999999],[-79.021577,43.16721599999999],[-79.02154399999999,43.167283999999995],[-79.021361,43.167500999999994],[-79.021254,43.167598999999996],[-79.021135,43.16767999999999],[-79.020773,43.167879000000006],[-79.020533,43.16798300000001],[-79.02031199999999,43.16805199999999],[-79.020065,43.16811199999999],[-79.01958499999999,43.16822299999999],[-79.01957999999999,43.168225],[-79.01895999999999,43.16832399999999],[-79.018322,43.168391],[-79.01791100000001,43.168424],[-79.017639,43.16844599999999],[-79.016927,43.16847099999999],[-79.01667599999999,43.168471],[-79.01626399999999,43.168473],[-79.015789,43.168468],[-79.01532399999999,43.16846399999999],[-79.014888,43.16842399999999],[-79.014793,43.16840800000001],[-79.01446299999999,43.16830899999999],[-79.01438999999999,43.168275],[-79.01422699999999,43.16819999999999],[-79.013984,43.168033],[-79.01378799999999,43.168057999999995],[-79.01347299999999,43.168066999999986],[-79.013164,43.168104],[-79.013091,43.168118],[-79.012807,43.168210999999985],[-79.012562,43.168276999999996],[-79.012343,43.16831500000001],[-79.012091,43.16832999999999],[-79.011876,43.16833199999999],[-79.0115,43.168285999999995],[-79.01109799999999,43.16823699999999],[-79.010857,43.168222],[-79.010339,43.168215],[-79.009846,43.168232999999994],[-79.009058,43.168316999999995],[-79.008477,43.168416999999984],[-79.00768500000001,43.168523],[-79.007459,43.168532],[-79.006714,43.168521000000005],[-79.006394,43.168535999999996],[-79.00602099999999,43.168574],[-79.00582299999999,43.168608],[-79.005584,43.168661],[-79.005237,43.168765],[-79.004969,43.168859999999995],[-79.004524,43.169076999999994],[-79.00429,43.16921999999999],[-79.004138,43.16933400000001],[-79.00296200000001,43.17021999999999],[-79.002713,43.17037500000001],[-79.002569,43.170413999999994],[-79.002378,43.17044099999999],[-79.00204599999999,43.170449999999995],[-79.001989,43.170441],[-79.001971,43.17042999999999],[-79.001862,43.170525],[-79.001196,43.170839],[-78.998809,43.171966999999995],[-78.99812299999999,43.172291999999985],[-78.998068,43.172307999999994],[-78.998041,43.172308],[-78.998008,43.17229299999999],[-78.997974,43.172241],[-78.997945,43.172169000000004],[-78.997912,43.172035],[-78.99771299999999,43.171229000000004],[-78.997647,43.170961],[-78.997575,43.17067699999999],[-78.997361,43.169827000000005],[-78.99735199999999,43.169788],[-78.997321,43.16958399999999],[-78.997329,43.169539999999984],[-78.997018,43.168125999999994]]]},"properties":{"geoid":"360630244042","name":"Block Group 2","pop":1066.0,"obs_Mesothelioma":1.0,"exp_Mesothelioma":0.11,"sir_Mesothelioma":9.259,"obs_Lung":5.0,"exp_Lung":6.57,"sir_Lung":0.761,"obs_Bladder":7.0,"exp_Bladder":2.69,"sir_Bladder":2.598,"obs_Esophagus":3.0,"exp_Esophagus":0.48,"sir_Esophagus":6.275,"obs_Oral":0.0,"exp_Oral":0.94,"sir_Oral":0.0,"obs_Brain":1.0,"exp_Brain":0.51,"sir_Brain":1.975,"hlarea_Lung":0,"hlarea_Bladder":0,"hlarea_Esophagus":1,"hlarea_Oral":0,"hlarea_Brain":0,"hlarea_Mesothelioma":0,"merged_area":false,"doh_region":"360630244042"}},{"type":"Feature","geometry":{"type":"Polygon","coordinates":[[[-79.020994,43.271035],[-79.01611799999999,43.271967000000004],[-79.0154,43.27210399999999],[-79.014607,43.27223499999998],[-79.01405,43.272275],[-79.01356799999999,43.27228100000001],[-79.013294,43.27226900000001],[-79.012733,43.27221499999999],[-79.012247,43.272133999999994],[-79.012042,43.27209199999998],[-79.008643,43.271322],[-79.008563,43.271300000000004],[-79.008603,43.27033499999999],[-79.008635,43.270264999999995],[-79.008642,43.269780000000004],[-79.008641,43.269707999999994],[-79.00864,43.26949199999999],[-79.00864,43.269420999999994],[-79.00863300000002,43.26930899999999],[-79.008614,43.268975999999995],[-79.008608,43.26886499999999],[-79.00865399999999,43.268784],[-79.008665,43.26867699999999],[-79.008674,43.268601999999994],[-79.008698,43.26807699999999],[-79.008708,43.267877],[-79.008718,43.26756799999998],[-79.008747,43.26664399999999],[-79.008758,43.26633599999999],[-79.00872199999999,43.26622400000001],[-79.00871599999999,43.26620399999999],[-79.00865,43.266119],[-79.008546,43.266051],[-79.008456,43.266011],[-79.008349,43.265965],[-79.00845699999999,43.265817],[-79.008527,43.265722999999994],[-79.008704,43.265374],[-79.008715,43.265336],[-79.008771,43.26516199999999],[-79.00879499999999,43.26502999999998],[-79.00882299999999,43.264734999999995],[-79.00887,43.263757000000005],[-79.008997,43.261159],[-79.009033,43.260434999999994],[-79.009073,43.259534999999985],[-79.009136,43.258128],[-79.009177,43.25682099999998],[-79.00930000000001,43.25481099999999],[-79.009303,43.25477499999999],[-79.009411,43.25338800000001],[-79.009509,43.252658999999994],[-79.010116,43.249266],[-79.010176,43.24891699999999],[-79.010593,43.24653999999998],[-79.010858,43.24512500000001],[-79.010892,43.24498199999999],[-79.01097299999999,43.244651999999995],[-79.011099,43.24426099999999],[-79.01132700000001,43.24370499999999],[-79.011573,43.24323],[-79.012293,43.24198899999998],[-79.012248,43.241963],[-79.01209399999999,43.24194],[-79.011533,43.24193399999999],[-79.011242,43.241932],[-79.009227,43.241941999999995],[-79.00845900000002,43.24194699999999],[-79.006603,43.241935],[-79.004297,43.241935000000005],[-79.002085,43.241935],[-79.001331,43.24192599999999],[-79.000575,43.241929999999996],[-78.999213,43.241918999999996],[-78.997828,43.241921],[-78.99725699999999,43.24192600000001],[-78.99538,43.24190699999998],[-78.99462,43.241918],[-78.993864,43.241904],[-78.991811,43.24190899999999],[-78.991704,43.24191],[-78.990262,43.241895],[-78.98765,43.24189299999998],[-78.987648,43.24220699999999],[-78.98764299999999,43.243153],[-78.987642,43.243467999999986],[-78.987629,43.244958000000004],[-78.987623,43.245720999999996],[-78.987607,43.24830499999998],[-78.987613,43.24924199999999],[-78.987589,43.250952999999996],[-78.987584,43.25248099999998],[-78.987579,43.25473499999999],[-78.984563,43.254204],[-78.98355099999999,43.254039999999996],[-78.981574,43.25369599999999],[-78.97848100000002,43.25316],[-78.977206,43.252947999999996],[-78.97251299999999,43.25212099999999],[-78.970434,43.25174599999998],[-78.969026,43.25150299999999],[-78.96763899999999,43.25124499999999],[-78.966231,43.251001],[-78.96356899999999,43.25052399999999],[-78.963471,43.250507],[-78.957568,43.24946899999999],[-78.95757499999999,43.248836],[-78.95759199999999,43.247440999999995],[-78.95759199999999,43.24693899999998],[-78.95759199999999,43.24630699999999],[-78.95759900000002,43.24579699999999],[-78.957621,43.24426799999999],[-78.957629,43.243759000000004],[-78.957668,43.24119299999999],[-78.957692,43.239717],[-78.95770499999999,43.239238],[-78.95772800000002,43.23681499999999],[-78.957793,43.23388099999998],[-78.957798,43.233497],[-78.957835,43.230931999999996],[-78.957855,43.22944599999999],[-78.95787299999999,43.22813299999999],[-78.95790000000001,43.226668],[-78.95791,43.224987999999996],[-78.957912,43.224739],[-78.95794099999999,43.223502999999994],[-78.95795,43.22269099999998],[-78.95797,43.220894999999985],[-78.957967,43.22025800000001],[-78.957967,43.22006299999999],[-78.95796399999999,43.219446999999995],[-78.959319,43.21944499999999],[-78.963387,43.219441999999994],[-78.964743,43.21944099999999],[-78.964967,43.21944299999999],[-78.96564,43.219452],[-78.965865,43.219454999999996],[-78.970585,43.219514],[-78.98474499999999,43.21969399999999],[-78.985478,43.21970399999999],[-78.987948,43.21973599999999],[-78.989466,43.21975499999999],[-78.993928,43.21979299999999],[-78.998635,43.21983499999999],[-78.999803,43.219847],[-79.00118100000002,43.21986],[-79.00255899999999,43.219873],[-79.007313,43.219914],[-79.011776,43.219953000000004],[-79.01296599999999,43.219970999999994],[-79.016536,43.22002699999999],[-79.017726,43.220045999999996],[-79.01777299999999,43.220047],[-79.017917,43.22005299999999],[-79.01796499999999,43.22005499999999],[-79.019271,43.22003400000001],[-79.023191,43.219975000000005],[-79.024498,43.219955000000006],[-79.02495499999999,43.21998199999999],[-79.026325,43.220064999999984],[-79.026783,43.220093],[-79.02722399999999,43.22009],[-79.028547,43.220085],[-79.028658,43.220085000000005],[-79.028646,43.219754],[-79.028652,43.219242],[-79.028658,43.218793999999995],[-79.029603,43.218785],[-79.02974499999999,43.218782999999995],[-79.030258,43.218779],[-79.030244,43.21897499999999],[-79.030226,43.21921599999999],[-79.030047,43.22161599999998],[-79.029995,43.22254600000001],[-79.02993699999999,43.22332099999999],[-79.029907,43.22373599999999],[-79.029884,43.224549],[-79.029881,43.225381999999996],[-79.029917,43.22654599999999],[-79.029966,43.227444],[-79.030006,43.227888],[-79.03014,43.229041999999986],[-79.0303,43.23008499999998],[-79.03064499999999,43.23195199999999],[-79.03147299999999,43.23666499999999],[-79.031499,43.236852999999996],[-79.03163599999999,43.237815999999995],[-79.03170999999999,43.238502],[-79.03178199999999,43.23940699999999],[-79.031834,43.240314],[-79.031854,43.24110399999999],[-79.03185599999999,43.241389],[-79.031855,43.24172300000001],[-79.031853,43.24215199999998],[-79.031846,43.24228799999999],[-79.03181099999999,43.243072],[-79.031753,43.24398899999999],[-79.03166499999999,43.24489],[-79.031652,43.244979],[-79.031533,43.245871],[-79.03105599999999,43.245809],[-79.030681,43.24867700000001],[-79.030577,43.249432],[-79.030566,43.24951899999999],[-79.030506,43.250011],[-79.030414,43.251138999999995],[-79.030396,43.25171199999999],[-79.030384,43.25210099999999],[-79.03038300000001,43.252475],[-79.03038300000001,43.25272999999999],[-79.03038300000001,43.252776999999995],[-79.03039,43.253122],[-79.030399,43.25347999999999],[-79.0304,43.25349500000001],[-79.03041999999999,43.253750000000004],[-79.03044899999999,43.254248],[-79.03047300000001,43.254559999999984],[-79.03049899999999,43.25489699999999],[-79.03062,43.25588899999999],[-79.03079,43.25697299999998],[-79.03091599999999,43.257776],[-79.030963,43.258081999999995],[-79.031106,43.259002],[-79.031154,43.259308999999995],[-79.03137199999999,43.260031],[-79.031388,43.26007399999999],[-79.03149599999999,43.26036599999999],[-79.031626,43.260652],[-79.03190400000001,43.26112299999999],[-79.032048,43.26134099999999],[-79.032355,43.26173],[-79.03267799999999,43.262074000000005],[-79.032715,43.262113],[-79.033215,43.262527999999996],[-79.033295,43.262585],[-79.033733,43.262895],[-79.034024,43.26307599999999],[-79.034369,43.26326799999999],[-79.034371,43.26327],[-79.035113,43.26359899999999],[-79.035494,43.26374099999999],[-79.036053,43.26391100000001],[-79.036626,43.26405599999999],[-79.03707399999999,43.264134999999996],[-79.03763099999999,43.264213],[-79.03804,43.26424699999999],[-79.038348,43.264274],[-79.039312,43.264330000000015],[-79.03933599999999,43.264331000000006],[-79.039408,43.264333999999984],[-79.039433,43.26433499999999],[-79.040733,43.26440099999999],[-79.04115,43.264423],[-79.042428,43.264544],[-79.044624,43.26473499999998],[-79.04592099999999,43.264849],[-79.04596,43.264812],[-79.04602899999999,43.26474899999999],[-79.046076,43.26469699999999],[-79.04611299999999,43.26465699999999],[-79.046187,43.264574999999994],[-79.04623,43.26452999999999],[-79.046397,43.26431799999999],[-79.046429,43.264278999999995],[-79.046463,43.26423],[-79.04650199999999,43.264174000000004],[-79.04658599999999,43.264055000000006],[-79.046613,43.26400099999999],[-79.046644,43.26394099999999],[-79.046731,43.26374700000001],[-79.046799,43.26350799999999],[-79.04681599999999,43.263426],[-79.046846,43.26322399999999],[-79.04686199999999,43.26301199999999],[-79.04686099999999,43.26262499999999],[-79.046855,43.258582],[-79.046854,43.257235],[-79.046854,43.25707899999998],[-79.046855,43.25690899999999],[-79.04686199999999,43.25604999999999],[-79.04687299999999,43.255932],[-79.04687899999999,43.25588299999999],[-79.046926,43.25567600000001],[-79.04695099999999,43.255618],[-79.04696799999999,43.255576999999995],[-79.046986,43.25554899999998],[-79.0471,43.255382999999995],[-79.04712099999999,43.25535899999999],[-79.047174,43.25530199999999],[-79.04737899999999,43.255140999999995],[-79.047549,43.255043],[-79.047735,43.254971999999995],[-79.047737,43.25497199999999],[-79.047905,43.254923],[-79.048356,43.254833000000005],[-79.049669,43.25461699999999],[-79.04988,43.254583000000004],[-79.05031199999999,43.25448799999998],[-79.05054799999999,43.254422000000005],[-79.051256,43.25422299999999],[-79.051493,43.25415799999998],[-79.052404,43.25405000000001],[-79.05514,43.253725],[-79.056052,43.25361799999999],[-79.05605299999999,43.25372499999998],[-79.056058,43.254048],[-79.05606,43.25415599999999],[-79.05893800000001,43.25581499999999],[-79.067573,43.26079499999998],[-79.070452,43.26245499999998],[-79.07153199999999,43.263997],[-79.07477399999999,43.26862499999999],[-79.07585499999999,43.270168000000005],[-79.064103,43.272428],[-79.028849,43.27920899999999],[-79.01709799999999,43.281470000000006],[-79.01726699999999,43.279865],[-79.017776,43.27504999999999],[-79.01794699999999,43.273445999999986],[-79.01800999999999,43.273343999999994],[-79.018185,43.273194999999994],[-79.018309,43.27312599999999],[-79.0184,43.27309299999998],[-79.01868,43.27301299999999],[-79.018787,43.27298299999998],[-79.01910000000001,43.272856],[-79.019199,43.27279799999999],[-79.019363,43.27264799999999],[-79.019436,43.272600999999995],[-79.01951199999999,43.27257899999999],[-79.02053,43.272462000000004],[-79.020712,43.272414999999995],[-79.02080699999999,43.272375],[-79.020894,43.272295],[-79.02104,43.272127000000005],[-79.02105499999999,43.272099999999995],[-79.02116000000001,43.271923],[-79.021211,43.27175599999999],[-79.021222,43.271643000000005],[-79.021217,43.271255],[-79.020957,43.27137099999999],[-79.020994,43.271035]]]},"properties":{"geoid":"360630245023","name":"Block Group 3","pop":1269.0,"obs_Mesothelioma":0.0,"exp_Mesothelioma":0.08,"sir_Mesothelioma":0.0,"obs_Lung":7.0,"exp_Lung":5.64,"sir_Lung":1.241,"obs_Bladder":5.0,"exp_Bladder":2.18,"sir_Bladder":2.29,"obs_Esophagus":1.0,"exp_Esophagus":0.45,"sir_Esophagus":2.231,"obs_Oral":3.0,"exp_Oral":0.96,"sir_Oral":3.115,"obs_Brain":0.0,"exp_Brain":0.52,"sir_Brain":0.0,"hlarea_Lung":0,"hlarea_Bladder":0,"hlarea_Esophagus":1,"hlarea_Oral":0,"hlarea_Brain":0,"hlarea_Mesothelioma":0,"merged_area":false,"doh_region":"360630245023"}},{"type":"Feature","geometry":{"type":"Polygon","coordinates":[[[-78.82856,43.03599899999998],[-78.828915,43.03598699999999],[-78.832664,43.035932999999986],[-78.83491699999999,43.035902],[-78.844977,43.03577899999999],[-78.84646,43.035762000000005],[-78.849082,43.03575099999999],[-78.84994999999999,43.035748999999996],[-78.85043,43.03574799999999],[-78.854475,43.035742],[-78.855824,43.035741],[-78.85582699999999,43.03594499999999],[-78.855837,43.036559999999994],[-78.855841,43.03676499999999],[-78.85585499999999,43.03787500000001],[-78.855857,43.038345],[-78.855879,43.042102],[-78.855871,43.042566],[-78.85587699999999,43.043088999999995],[-78.85589399999999,43.04443699999999],[-78.855887,43.04466999999999],[-78.85567,43.044832],[-78.855021,43.045320000000004],[-78.854805,43.04548299999999],[-78.850253,43.045496],[-78.847766,43.045504],[-78.847636,43.045491],[-78.847022,43.04534699999999],[-78.846676,43.045319],[-78.844706,43.045317999999995],[-78.840549,43.04533499999999],[-78.836618,43.04534599999999],[-78.83218099999999,43.045359999999995],[-78.83207,43.04538599999999],[-78.832022,43.045379000000004],[-78.831879,43.045359999999995],[-78.83183199999999,43.045353999999996],[-78.83174199999999,43.045353999999996],[-78.831474,43.045355999999984],[-78.831385,43.04535800000001],[-78.830517,43.04407999999999],[-78.82940099999999,43.042677],[-78.827395,43.04061799999999],[-78.826748,43.03954799999998],[-78.82649099999999,43.038357999999995],[-78.82654200000002,43.03759300000001],[-78.82598,43.036027999999995],[-78.826079,43.036026],[-78.82619,43.03602399999999],[-78.826376,43.036024999999995],[-78.826476,43.036026],[-78.82689200000002,43.036019999999986],[-78.828143,43.036004],[-78.82856,43.03599899999998]]]},"properties":{"geoid":"360630233001","name":"Block Group 1","pop":628.0,"obs_Mesothelioma":0.0,"exp_Mesothelioma":0.05,"sir_Mesothelioma":0.0,"obs_Lung":3.0,"exp_Lung":3.07,"sir_Lung":0.978,"obs_Bladder":3.0,"exp_Bladder":1.21,"sir_Bladder":2.487,"obs_Esophagus":0.0,"exp_Esophagus":0.23,"sir_Esophagus":0.0,"obs_Oral":0.0,"exp_Oral":0.48,"sir_Oral":0.0,"obs_Brain":0.0,"exp_Brain":0.26,"sir_Brain":0.0,"hlarea_Lung":1,"hlarea_Bladder":0,"hlarea_Esophagus":1,"hlarea_Oral":0,"hlarea_Brain":0,"hlarea_Mesothelioma":0,"merged_area":false,"doh_region":"360630233001"}},{"type":"Feature","geometry":{"type":"Polygon","coordinates":[[[-78.83126,43.050245999999994],[-78.83161199999999,43.04979499999998],[-78.831965,43.04928999999999],[-78.83223699999999,43.0487],[-78.832332,43.048007],[-78.83211899999999,43.04694699999999],[-78.831833,43.046161],[-78.831385,43.04535800000001],[-78.831474,43.045355999999984],[-78.83174199999999,43.045353999999996],[-78.83183199999999,43.045353999999996],[-78.831879,43.045359999999995],[-78.832022,43.045379000000004],[-78.83207,43.04538599999999],[-78.83218099999999,43.045359999999995],[-78.836618,43.04534599999999],[-78.840549,43.04533499999999],[-78.844706,43.045317999999995],[-78.846676,43.045319],[-78.847022,43.04534699999999],[-78.847636,43.045491],[-78.847766,43.045504],[-78.850253,43.045496],[-78.854805,43.04548299999999],[-78.854101,43.04600800000001],[-78.851992,43.047585],[-78.851289,43.048111999999996],[-78.85121199999999,43.048168000000004],[-78.850983,43.048337999999994],[-78.85090699999999,43.048395],[-78.85069299999999,43.048556],[-78.85057499999999,43.048646],[-78.850527,43.04868099999999],[-78.850051,43.04903900000001],[-78.849837,43.04919999999999],[-78.84939,43.04953299999999],[-78.848051,43.050534],[-78.847605,43.05086899999999],[-78.84734200000001,43.051063],[-78.846555,43.051648],[-78.846469,43.05171299999999],[-78.846295,43.05184599999999],[-78.845899,43.05214199999999],[-78.844714,43.053031999999995],[-78.84432,43.053329],[-78.844071,43.05351499999999],[-78.843324,43.054072999999995],[-78.843076,43.05426],[-78.842931,43.05436900000001],[-78.842497,43.05469699999999],[-78.842353,43.054807],[-78.84208699999999,43.055005],[-78.841645,43.055336],[-78.841291,43.05560099999999],[-78.841026,43.055801],[-78.839753,43.05674899999998],[-78.839568,43.05687999999999],[-78.839494,43.056945999999996],[-78.837763,43.05825599999999],[-78.837644,43.05836399999999],[-78.83750900000001,43.058502],[-78.837378,43.05868199999999],[-78.837327,43.058754],[-78.837311,43.058784],[-78.837273,43.058837999999994],[-78.83739,43.05886799999999],[-78.837254,43.05887199999999],[-78.83717999999999,43.05887500000001],[-78.83680900000002,43.05916299999999],[-78.836625,43.058947999999994],[-78.836204,43.05876299999999],[-78.835652,43.058567999999994],[-78.835353,43.058485999999995],[-78.83509,43.058480999999986],[-78.83473699999999,43.058476],[-78.834476,43.058440000000004],[-78.83430299999999,43.058429999999994],[-78.834195,43.058423999999995],[-78.83404300000001,43.058399],[-78.834019,43.05837199999999],[-78.833957,43.058189],[-78.833925,43.05815399999999],[-78.833539,43.05798099999999],[-78.833401,43.057919999999996],[-78.83300799999999,43.057702],[-78.832137,43.05719399999999],[-78.831801,43.05708299999999],[-78.831673,43.05704599999999],[-78.831594,43.057024000000006],[-78.831471,43.05696100000001],[-78.831381,43.056877],[-78.83126700000001,43.056737],[-78.831226,43.05665599999999],[-78.831197,43.056577999999995],[-78.831029,43.05618399999998],[-78.83090399999999,43.055822],[-78.830902,43.055816],[-78.830784,43.055529],[-78.830743,43.055332],[-78.830731,43.05503899999999],[-78.830739,43.05465999999999],[-78.83080000000001,43.05444199999998],[-78.83087800000001,43.054062999999985],[-78.830972,43.053442],[-78.831025,43.053103],[-78.831029,43.052869999999984],[-78.83105400000001,43.05272599999999],[-78.831071,43.05264],[-78.831133,43.05233199999999],[-78.831187,43.05206899999998],[-78.831232,43.051775],[-78.831225,43.051400999999984],[-78.831225,43.05135900000001],[-78.831195,43.05108999999999],[-78.831189,43.051041999999995],[-78.83117299999999,43.05089999999999],[-78.83116799999999,43.05085299999999],[-78.831186,43.050731000000006],[-78.83124099999999,43.050366999999994],[-78.83126,43.050245999999994]]]},"properties":{"geoid":"360630228041","name":"Block Group 1","pop":1689.0,"obs_Mesothelioma":0.0,"exp_Mesothelioma":0.1,"sir_Mesothelioma":0.0,"obs_Lung":7.0,"exp_Lung":6.51,"sir_Lung":1.076,"obs_Bladder":4.0,"exp_Bladder":2.49,"sir_Bladder":1.608,"obs_Esophagus":2.0,"exp_Esophagus":0.5,"sir_Esophagus":3.991,"obs_Oral":3.0,"exp_Oral":1.12,"sir_Oral":2.685,"obs_Brain":0.0,"exp_Brain":0.64,"sir_Brain":0.0,"hlarea_Lung":1,"hlarea_Bladder":0,"hlarea_Esophagus":1,"hlarea_Oral":0,"hlarea_Brain":0,"hlarea_Mesothelioma":0,"merged_area":false,"doh_region":"360630228041"}},{"type":"Feature","geometry":{"type":"Polygon","coordinates":[[[-79.028809,43.179787999999995],[-79.03497,43.179770000000005],[-79.034962,43.179883999999994],[-79.035125,43.17988899999999],[-79.03561599999999,43.179904],[-79.03578,43.179908999999995],[-79.036113,43.17990799999999],[-79.037112,43.17990799999998],[-79.03718099999999,43.17990799999998],[-79.03744600000002,43.179902999999996],[-79.03777099999999,43.17989600000001],[-79.038462,43.179885999999996],[-79.03875000000001,43.179894999999995],[-79.04033199999999,43.179973999999994],[-79.040375,43.179976999999994],[-79.040396,43.17978499999998],[-79.041752,43.17976699999999],[-79.043533,43.179769],[-79.04410299999999,43.17978899999999],[-79.04466099999999,43.179807999999994],[-79.04545399999999,43.179807],[-79.04639,43.179782],[-79.049011,43.179787999999995],[-79.05281599999999,43.17979700000001],[-79.052677,43.18194299999999],[-79.052567,43.183654999999995],[-79.051608,43.187552],[-79.050978,43.190131],[-79.050316,43.192846],[-79.049566,43.19282499999999],[-79.047316,43.192761999999995],[-79.046567,43.192741999999996],[-79.046449,43.192744],[-79.046097,43.192752],[-79.04598,43.19275499999999],[-79.03075799999999,43.19284899999999],[-79.030673,43.19184799999999],[-79.02948599999999,43.191848],[-79.028806,43.19284699999999],[-79.028931,43.19454599999999],[-79.026658,43.19464499999999],[-79.02667199999999,43.194531],[-79.02690299999999,43.193038999999985],[-79.027171,43.191576],[-79.027418,43.190236],[-79.02838299999999,43.184900999999996],[-79.028547,43.183961999999994],[-79.02861200000001,43.183502000000004],[-79.02873,43.18237399999999],[-79.02875399999999,43.18214599999999],[-79.0288,43.18121999999999],[-79.028818,43.18016499999999],[-79.028809,43.179787999999995]]]},"properties":{"geoid":"360630244051","name":"Block Group 1","pop":1221.0,"obs_Mesothelioma":0.0,"exp_Mesothelioma":0.1,"sir_Mesothelioma":0.0,"obs_Lung":8.0,"exp_Lung":6.4,"sir_Lung":1.251,"obs_Bladder":2.0,"exp_Bladder":2.58,"sir_Bladder":0.776,"obs_Esophagus":0.0,"exp_Esophagus":0.49,"sir_Esophagus":0.0,"obs_Oral":3.0,"exp_Oral":1.0,"sir_Oral":3.0,"obs_Brain":0.0,"exp_Brain":0.54,"sir_Brain":0.0,"hlarea_Lung":0,"hlarea_Bladder":0,"hlarea_Esophagus":1,"hlarea_Oral":0,"hlarea_Brain":0,"hlarea_Mesothelioma":0,"merged_area":false,"doh_region":"360630244051"}},{"type":"Feature","geometry":{"type":"Polygon","coordinates":[[[-79.02836599999999,43.179787999999995],[-79.02803999999999,43.17978799999999],[-79.028055,43.17957299999998],[-79.028066,43.179061],[-79.02806799999999,43.17899099999998],[-79.028065,43.178598999999984],[-79.028063,43.17824999999999],[-79.02812,43.177284],[-79.028117,43.177216],[-79.02810699999999,43.176981],[-79.028139,43.17675800000001],[-79.028392,43.17654800000001],[-79.028414,43.176528999999995],[-79.02869799999999,43.176294],[-79.02872599999999,43.176243],[-79.029038,43.17567700000001],[-79.02921200000002,43.175363999999995],[-79.029242,43.17532099999998],[-79.029335,43.175194],[-79.029366,43.17515199999999],[-79.029518,43.174862999999995],[-79.029816,43.17429799999999],[-79.029974,43.173995999999995],[-79.030127,43.173708000000005],[-79.030082,43.173515],[-79.02994699999999,43.17293599999999],[-79.02990199999999,43.172744],[-79.02950799999999,43.17210999999999],[-79.029366,43.171839],[-79.029468,43.171599],[-79.02970599999999,43.171130000000005],[-79.029913,43.170784000000005],[-79.030204,43.170334999999994],[-79.030315,43.170179999999995],[-79.030737,43.16964799999999],[-79.030766,43.16961599999999],[-79.030891,43.16960799999999],[-79.031094,43.16962399999999],[-79.031671,43.16959599999999],[-79.032185,43.16957],[-79.032569,43.16954499999999],[-79.032896,43.16950999999999],[-79.032963,43.16949999999999],[-79.033428,43.169433000000005],[-79.033628,43.16941299999999],[-79.033822,43.16940499999999],[-79.034386,43.169402],[-79.03530099999999,43.16936],[-79.035557,43.16934899999999],[-79.03603199999999,43.169334],[-79.036079,43.169351999999996],[-79.037656,43.169419000000005],[-79.039275,43.16952099999999],[-79.040402,43.169607000000006],[-79.041437,43.16966699999999],[-79.041414,43.169819000000004],[-79.041418,43.170534999999994],[-79.04117400000001,43.17095499999999],[-79.041324,43.17119899999999],[-79.041095,43.17118699999998],[-79.04041099999999,43.171152000000006],[-79.040183,43.171141000000006],[-79.040151,43.171444],[-79.04005699999999,43.172357],[-79.040026,43.17266099999999],[-79.039997,43.17296899999999],[-79.039913,43.173894999999995],[-79.03990399999999,43.17400399999999],[-79.039912,43.17411599999999],[-79.03993799999999,43.174201000000004],[-79.03995599999999,43.17430199999999],[-79.039941,43.174509],[-79.039902,43.175086999999984],[-79.03985999999999,43.17543899999998],[-79.039833,43.175667000000004],[-79.039801,43.17574199999999],[-79.039749,43.175791999999994],[-79.03972999999999,43.175857],[-79.039711,43.176033999999994],[-79.03961,43.176983],[-79.039577,43.1773],[-79.03934799999999,43.177287],[-79.038663,43.177251000000005],[-79.03843499999999,43.177239],[-79.038307,43.17723199999999],[-79.037926,43.17721199999998],[-79.03779899999999,43.177206000000005],[-79.037762,43.177555999999996],[-79.03765299999999,43.178605999999995],[-79.037617,43.17895699999999],[-79.03819,43.178917999999996],[-79.038451,43.17890099999999],[-79.038805,43.17889699999999],[-79.039222,43.17890799999999],[-79.039912,43.178937999999995],[-79.040486,43.178963999999986],[-79.040472,43.17906999999999],[-79.04043899999999,43.179359],[-79.040396,43.17978499999998],[-79.040375,43.179976999999994],[-79.04033199999999,43.179973999999994],[-79.03875000000001,43.179894999999995],[-79.038462,43.179885999999996],[-79.03777099999999,43.17989600000001],[-79.03744600000002,43.179902999999996],[-79.03718099999999,43.17990799999998],[-79.037112,43.17990799999998],[-79.036113,43.17990799999999],[-79.03578,43.179908999999995],[-79.03561599999999,43.179904],[-79.035125,43.17988899999999],[-79.034962,43.179883999999994],[-79.03497,43.179770000000005],[-79.028809,43.179787999999995],[-79.02836599999999,43.179787999999995]]]},"properties":{"geoid":"360630244011","name":"Block Group 1","pop":1238.0,"obs_Mesothelioma":0.0,"exp_Mesothelioma":0.13,"sir_Mesothelioma":0.0,"obs_Lung":4.0,"exp_Lung":8.41,"sir_Lung":0.476,"obs_Bladder":4.0,"exp_Bladder":3.34,"sir_Bladder":1.197,"obs_Esophagus":0.0,"exp_Esophagus":0.6,"sir_Esophagus":0.0,"obs_Oral":1.0,"exp_Oral":1.16,"sir_Oral":0.862,"obs_Brain":2.0,"exp_Brain":0.62,"sir_Brain":3.225,"hlarea_Lung":0,"hlarea_Bladder":0,"hlarea_Esophagus":1,"hlarea_Oral":0,"hlarea_Brain":0,"hlarea_Mesothelioma":0,"merged_area":false,"doh_region":"360630244011"}},{"type":"Feature","geometry":{"type":"Polygon","coordinates":[[[-79.02836599999999,43.179787999999995],[-79.028809,43.179787999999995],[-79.028818,43.18016499999999],[-79.0288,43.18121999999999],[-79.02875399999999,43.18214599999999],[-79.02873,43.18237399999999],[-79.02861200000001,43.183502000000004],[-79.028547,43.183961999999994],[-79.02838299999999,43.184900999999996],[-79.027418,43.190236],[-79.027171,43.191576],[-79.02690299999999,43.193038999999985],[-79.02667199999999,43.194531],[-79.026658,43.19464499999999],[-79.026624,43.19490699999999],[-79.026505,43.19601699999999],[-79.026434,43.196761999999985],[-79.02639900000001,43.19758299999999],[-79.026388,43.19822699999999],[-79.02642399999999,43.19901499999999],[-79.026478,43.19972],[-79.026586,43.200469999999996],[-79.026703,43.201105],[-79.02691899999999,43.202048999999995],[-79.02704899999999,43.202542],[-79.027261,43.203269999999996],[-79.02748,43.20388599999999],[-79.02769700000002,43.204454999999996],[-79.027701,43.204468],[-79.02746599999999,43.204449],[-79.027518,43.205127],[-79.027529,43.20525999999998],[-79.02757000000001,43.205417999999995],[-79.027593,43.20563799999999],[-79.027637,43.20590299999999],[-79.027614,43.20625099999999],[-79.027616,43.20643299999998],[-79.027503,43.20658900000001],[-79.027388,43.206758],[-79.027311,43.206858999999994],[-79.027092,43.20714499999998],[-79.02689199999999,43.20741399999999],[-79.026776,43.207630999999985],[-79.026721,43.207828],[-79.02670499999999,43.208034999999995],[-79.026744,43.208267000000006],[-79.026907,43.208663],[-79.027069,43.20902600000001],[-79.026764,43.20909299999999],[-79.026512,43.209125],[-79.026234,43.209151999999996],[-79.02551199999999,43.209174999999995],[-79.02505099999999,43.209175],[-79.023758,43.209165],[-79.02249499999999,43.20917499999999],[-79.021177,43.209165],[-79.01794,43.20916199999999],[-79.017894,43.20916299999998],[-79.017758,43.209165],[-79.017713,43.209167],[-79.017713,43.20910200000001],[-79.017713,43.208909000000006],[-79.017713,43.208845],[-79.017714,43.207453999999984],[-79.017716,43.206634999999984],[-79.0177,43.205898],[-79.017702,43.204374999999985],[-79.017695,43.203284],[-79.01768799999999,43.201893999999996],[-79.017702,43.19818599999999],[-79.01770499999999,43.197810999999994],[-79.017719,43.194044],[-79.017719,43.193751],[-79.017719,43.19287399999999],[-79.017719,43.192581999999994],[-79.01772299999999,43.192142],[-79.017725,43.19204599999999],[-79.017718,43.191320999999995],[-79.01772299999999,43.19082299999999],[-79.017729,43.19038399999999],[-79.01772799999999,43.189024],[-79.01772799999999,43.189],[-79.017738,43.18752699999999],[-79.017726,43.18639900000001],[-79.017729,43.185064999999994],[-79.017726,43.18485099999998],[-79.017707,43.183468],[-79.017698,43.18231699999999],[-79.017675,43.179359999999996],[-79.01767699999999,43.17886699999999],[-79.017684,43.177716999999994],[-79.017684,43.177665],[-79.017684,43.177510999999996],[-79.017685,43.177459999999996],[-79.01768299999999,43.17666199999999],[-79.01767799999999,43.17497799999999],[-79.01767699999999,43.17427],[-79.017675,43.173472999999994],[-79.017421,43.173486999999994],[-79.01695099999999,43.173514],[-79.01607299999999,43.173564999999996],[-79.01517299999999,43.17361899999999],[-79.013942,43.173686],[-79.013441,43.173716],[-79.012564,43.173770999999995],[-79.01206499999999,43.173801],[-79.01056799999999,43.17389099999999],[-79.010069,43.173920999999986],[-79.00828,43.17402899999998],[-79.007559,43.17407199999999],[-79.003194,43.174338],[-79.00291500000002,43.17436],[-79.002561,43.174389],[-79.001543,43.17452399999999],[-79.00113999999999,43.17459199999999],[-79.00293599999999,43.17400399999999],[-79.008327,43.17224299999999],[-79.01012399999999,43.171656],[-79.010559,43.171564999999994],[-79.011864,43.17129399999999],[-79.011894,43.171287999999976],[-79.01228499999999,43.17114999999999],[-79.012346,43.17114399999999],[-79.012531,43.171130000000005],[-79.012593,43.17112600000001],[-79.01486,43.170598],[-79.021661,43.16901599999999],[-79.02247799999999,43.16882599999999],[-79.023929,43.168489],[-79.024596,43.16832099999999],[-79.02659799999999,43.16782099999999],[-79.027266,43.167654999999996],[-79.027345,43.167894],[-79.02758399999999,43.16861299999999],[-79.027664,43.16885299999999],[-79.027811,43.169332999999995],[-79.027971,43.169802999999995],[-79.028419,43.171112999999984],[-79.02844,43.171209],[-79.028424,43.171271999999995],[-79.028362,43.17132499999999],[-79.028936,43.17142399999999],[-79.029011,43.171496999999995],[-79.029162,43.171644],[-79.02928,43.17175699999999],[-79.029366,43.171839],[-79.02950799999999,43.17210999999999],[-79.02990199999999,43.172744],[-79.02994699999999,43.17293599999999],[-79.030082,43.173515],[-79.030127,43.173708000000005],[-79.029974,43.173995999999995],[-79.029816,43.17429799999999],[-79.029518,43.174862999999995],[-79.029366,43.17515199999999],[-79.029335,43.175194],[-79.029242,43.17532099999998],[-79.02921200000002,43.175363999999995],[-79.029038,43.17567700000001],[-79.02872599999999,43.176243],[-79.02869799999999,43.176294],[-79.028414,43.176528999999995],[-79.028392,43.17654800000001],[-79.028139,43.17675800000001],[-79.02810699999999,43.176981],[-79.028117,43.177216],[-79.02812,43.177284],[-79.028063,43.17824999999999],[-79.028065,43.178598999999984],[-79.02806799999999,43.17899099999998],[-79.028066,43.179061],[-79.028055,43.17957299999998],[-79.02803999999999,43.17978799999999],[-79.02836599999999,43.179787999999995]]]},"properties":{"geoid":"360630244041","name":"Block Group 1","pop":2173.0,"obs_Mesothelioma":0.0,"exp_Mesothelioma":0.18,"sir_Mesothelioma":0.0,"obs_Lung":14.0,"exp_Lung":11.71,"sir_Lung":1.196,"obs_Bladder":5.0,"exp_Bladder":4.72,"sir_Bladder":1.06,"obs_Esophagus":0.0,"exp_Esophagus":0.9,"sir_Esophagus":0.0,"obs_Oral":4.0,"exp_Oral":1.83,"sir_Oral":2.18,"obs_Brain":0.0,"exp_Brain":0.97,"sir_Brain":0.0,"hlarea_Lung":0,"hlarea_Bladder":0,"hlarea_Esophagus":1,"hlarea_Oral":0,"hlarea_Brain":0,"hlarea_Mesothelioma":0,"merged_area":false,"doh_region":"360630244041"}},{"type":"Feature","geometry":{"type":"Polygon","coordinates":[[[-78.952287,43.07667699999998],[-78.951219,43.07633799999999],[-78.950099,43.07598300000001],[-78.949139,43.07567399999999],[-78.947452,43.075132999999994],[-78.946259,43.074757999999996],[-78.945534,43.07453099999999],[-78.945392,43.074483],[-78.9453,43.074452],[-78.945246,43.074206],[-78.945244,43.074198],[-78.945077,43.073439],[-78.945022,43.07318599999999],[-78.94493899999999,43.07302199999999],[-78.94469099999999,43.07253199999999],[-78.944609,43.07236899999999],[-78.94471999999999,43.072002999999974],[-78.945054,43.070908],[-78.94516600000001,43.070543],[-78.945184,43.069825],[-78.945242,43.067673],[-78.945262,43.06695599999999],[-78.949962,43.067856000000006],[-78.975611,43.068236],[-78.976963,43.06825599999999],[-78.985764,43.068555999999994],[-78.985788,43.069554999999994],[-78.98586,43.072551999999995],[-78.985885,43.073551999999985],[-78.985883,43.073697],[-78.985877,43.074132999999996],[-78.98587599999999,43.074279],[-78.98586399999999,43.074427],[-78.98582999999999,43.074873],[-78.98581999999999,43.07502199999998],[-78.985602,43.07498499999999],[-78.98546499999999,43.07496299999998],[-78.985242,43.074912999999995],[-78.985006,43.074850999999995],[-78.98496,43.07483499999999],[-78.984819,43.074788],[-78.984754,43.07475899999999],[-78.984625,43.07470299999999],[-78.984239,43.07453499999999],[-78.984111,43.074479000000004],[-78.984035,43.074447],[-78.983809,43.07435299999999],[-78.983734,43.074322],[-78.98353999999999,43.074256000000005],[-78.983447,43.074224],[-78.98295,43.07409299999999],[-78.982753,43.074041],[-78.982553,43.073992000000004],[-78.98243599999999,43.07396399999999],[-78.981948,43.073871],[-78.981746,43.07383299999999],[-78.98153099999999,43.073798],[-78.98093899999999,43.073705],[-78.980886,43.0737],[-78.98067,43.073680999999986],[-78.980435,43.07366899999999],[-78.980425,43.073668999999995],[-78.980098,43.07367699999998],[-78.979693,43.073699000000005],[-78.979449,43.073713],[-78.97896899999999,43.073745],[-78.97874900000001,43.07375999999999],[-78.977532,43.073843999999994],[-78.977053,43.07387799999999],[-78.976818,43.07389599999999],[-78.97619,43.07394499999999],[-78.976117,43.07395299999999],[-78.975884,43.07397999999999],[-78.975661,43.07400699999999],[-78.974993,43.07408799999999],[-78.97477099999999,43.07411599999999],[-78.97453,43.07414899999999],[-78.97380799999999,43.074250000000006],[-78.973761,43.074257],[-78.973569,43.07429099999999],[-78.97332800000001,43.074341],[-78.972606,43.074493],[-78.972366,43.074545],[-78.972134,43.074611999999995],[-78.97196,43.074664],[-78.971448,43.07484199999998],[-78.971221,43.074921999999994],[-78.97091999999999,43.075027],[-78.970278,43.075254],[-78.970017,43.07533599999999],[-78.970002,43.075342],[-78.96971099999999,43.075420999999984],[-78.969507,43.075471],[-78.968982,43.0756],[-78.968895,43.075616999999994],[-78.96869,43.07565999999999],[-78.968546,43.075685],[-78.968249,43.075739],[-78.96815699999999,43.07574999999999],[-78.968114,43.075754999999994],[-78.967969,43.075772],[-78.96750999999999,43.075817],[-78.966925,43.07587599999999],[-78.966808,43.075888000000006],[-78.966494,43.075938999999984],[-78.966368,43.07595899999999],[-78.966143,43.07601],[-78.966047,43.07603199999999],[-78.9657,43.07613399999999],[-78.96553,43.076201],[-78.965352,43.076272],[-78.965031,43.076426999999995],[-78.964867,43.076507],[-78.96397999999999,43.076952],[-78.963754,43.07705399999999],[-78.963112,43.07736599999999],[-78.962904,43.077469],[-78.962559,43.07764099999999],[-78.962291,43.077796],[-78.962091,43.07791299999998],[-78.96199399999999,43.077979],[-78.961895,43.078046999999984],[-78.961704,43.078177],[-78.961608,43.078243000000015],[-78.961489,43.078329000000004],[-78.96126699999999,43.07849099999999],[-78.961208,43.07853999999999],[-78.961141,43.07859599999999],[-78.961139,43.07859799999999],[-78.96103699999999,43.07869899999999],[-78.960922,43.07868999999999],[-78.960577,43.07866499999999],[-78.96046199999999,43.07865699999999],[-78.96007999999999,43.07862799999999],[-78.95944899999999,43.07858099999999],[-78.958996,43.07852199999999],[-78.958938,43.07851199999999],[-78.95855999999999,43.078452],[-78.958364,43.07842],[-78.95830000000001,43.07841],[-78.957888,43.078334],[-78.957779,43.07831099999999],[-78.95758599999999,43.078270999999994],[-78.957223,43.078193999999996],[-78.95720399999999,43.078188],[-78.956419,43.077980000000004],[-78.956075,43.077872],[-78.955703,43.077755999999994],[-78.95524999999999,43.077615],[-78.95458099999999,43.077403],[-78.952287,43.07667699999998]]]},"properties":{"geoid":"360630222001","name":"Block Group 1","pop":1674.0,"obs_Mesothelioma":0.0,"exp_Mesothelioma":0.15,"sir_Mesothelioma":0.0,"obs_Lung":11.0,"exp_Lung":9.1,"sir_Lung":1.209,"obs_Bladder":5.0,"exp_Bladder":3.73,"sir_Bladder":1.339,"obs_Esophagus":1.0,"exp_Esophagus":0.7,"sir_Esophagus":1.437,"obs_Oral":0.0,"exp_Oral":1.42,"sir_Oral":0.0,"obs_Brain":2.0,"exp_Brain":0.75,"sir_Brain":2.669,"hlarea_Lung":1,"hlarea_Bladder":1,"hlarea_Esophagus":1,"hlarea_Oral":0,"hlarea_Brain":0,"hlarea_Mesothelioma":0,"merged_area":false,"doh_region":"360630222001"}},{"type":"Feature","geometry":{"type":"Polygon","coordinates":[[[-78.965845,43.07904099999999],[-78.966364,43.079076],[-78.966622,43.07909499999999],[-78.966882,43.07911500000001],[-78.967119,43.079131999999994],[-78.967359,43.079151],[-78.967832,43.07917999999998],[-78.96807,43.079196],[-78.96812,43.07919899999999],[-78.96862399999999,43.07923799999999],[-78.968769,43.07924999999999],[-78.970289,43.079350999999996],[-78.970845,43.07938899999999],[-78.971086,43.079404999999994],[-78.971094,43.079404999999994],[-78.97184299999999,43.079457],[-78.972093,43.079474999999995],[-78.97213599999999,43.079477999999995],[-78.972265,43.07948699999999],[-78.972309,43.07949099999998],[-78.972358,43.07953599999999],[-78.97250799999999,43.079674],[-78.97255799999999,43.079719999999995],[-78.972526,43.079725999999994],[-78.97249599999999,43.07975299999999],[-78.972492,43.079758000000005],[-78.972483,43.07983899999999],[-78.972486,43.07997099999999],[-78.972488,43.08004499999999],[-78.97250199999999,43.080597999999995],[-78.972544,43.082259999999984],[-78.97255899999999,43.082814],[-78.972567,43.083171],[-78.972571,43.083352999999995],[-78.972608,43.08496999999999],[-78.972613,43.08517399999999],[-78.972623,43.085510000000006],[-78.97263699999999,43.08622499999999],[-78.97267900000001,43.088373],[-78.97269399999999,43.089089],[-78.972466,43.08913599999999],[-78.971785,43.089276],[-78.971558,43.08932399999999],[-78.97135999999999,43.08936399999998],[-78.970767,43.08948600000001],[-78.97057,43.08952699999999],[-78.97056599999999,43.089473999999996],[-78.970557,43.08926400000001],[-78.970536,43.088739000000004],[-78.97053,43.088476],[-78.970524,43.088214],[-78.970519,43.088003],[-78.97050399999999,43.087371999999995],[-78.9705,43.087162],[-78.970489,43.08660000000001],[-78.970486,43.08644599999999],[-78.970451,43.084916],[-78.970439,43.084355],[-78.97026,43.084357],[-78.969723,43.08436299999999],[-78.969635,43.084364999999984],[-78.969545,43.084371],[-78.969324,43.084106000000006],[-78.9692,43.08395599999999],[-78.969047,43.083811999999995],[-78.96886099999999,43.08368699999999],[-78.96875299999999,43.08363099999998],[-78.968514,43.083581999999986],[-78.96847600000001,43.083577999999996],[-78.968267,43.08355799999999],[-78.968133,43.08355999999999],[-78.967856,43.083589999999994],[-78.967756,43.083602],[-78.967029,43.083712999999996],[-78.967023,43.08371400000001],[-78.966853,43.083748],[-78.96676699999999,43.083797],[-78.966498,43.08361499999999],[-78.96637199999999,43.083567],[-78.966338,43.083560999999996],[-78.96622400000001,43.08354200000001],[-78.964857,43.08354],[-78.96462100000001,43.08353999999999],[-78.964364,43.083554],[-78.964274,43.08342599999999],[-78.96411499999999,43.08320000000001],[-78.96408699999999,43.08313199999999],[-78.96407599999999,43.083014000000006],[-78.964062,43.082859],[-78.96404,43.082648],[-78.96397400000001,43.082014],[-78.96395299999999,43.081804000000005],[-78.963928,43.08155099999999],[-78.963854,43.08079299999999],[-78.96383,43.08054099999999],[-78.963821,43.08045699999999],[-78.96379600000002,43.08020599999999],[-78.963788,43.08012300000001],[-78.963781,43.07995],[-78.963779,43.079882],[-78.96382,43.07943399999999],[-78.963836,43.079262],[-78.963842,43.079191],[-78.96385699999999,43.07904099999999],[-78.963863,43.07898],[-78.96387,43.07891],[-78.964213,43.07893199999999],[-78.965242,43.07900099999999],[-78.965586,43.079024000000004],[-78.965845,43.07904099999999]]]},"properties":{"geoid":"360630223003","name":"Block Group 3","pop":1181.0,"obs_Mesothelioma":0.0,"exp_Mesothelioma":0.07,"sir_Mesothelioma":0.0,"obs_Lung":1.0,"exp_Lung":4.98,"sir_Lung":0.201,"obs_Bladder":5.0,"exp_Bladder":1.88,"sir_Bladder":2.666,"obs_Esophagus":0.0,"exp_Esophagus":0.37,"sir_Esophagus":0.0,"obs_Oral":0.0,"exp_Oral":0.79,"sir_Oral":0.0,"obs_Brain":0.0,"exp_Brain":0.46,"sir_Brain":0.0,"hlarea_Lung":1,"hlarea_Bladder":1,"hlarea_Esophagus":1,"hlarea_Oral":0,"hlarea_Brain":0,"hlarea_Mesothelioma":0,"merged_area":false,"doh_region":"360630223003"}},{"type":"Feature","geometry":{"type":"Polygon","coordinates":[[[-79.002025,43.10720699999998],[-79.001954,43.10720699999999],[-79.00186099999999,43.10720299999999],[-79.001713,43.10720699999999],[-79.001359,43.10721199999999],[-78.99957599999999,43.107237],[-78.999417,43.10724],[-78.998982,43.10724599999999],[-78.998997,43.10690499999998],[-78.999033,43.10607399999999],[-78.999037,43.10595999999999],[-78.999205,43.10210499999999],[-78.999262,43.100820999999996],[-78.99932199999999,43.09908699999998],[-78.99950299999999,43.09388799999999],[-78.99956399999999,43.092155],[-78.999624,43.09187899999999],[-78.99980599999999,43.091051],[-78.999867,43.09077599999999],[-79.00033599999999,43.09091199999998],[-79.00174299999999,43.091319999999996],[-79.001987,43.091390999999994],[-79.002134,43.091435],[-79.002212,43.091459],[-79.00281,43.09163699999999],[-79.00352500000001,43.09183999999998],[-79.005603,43.09243300000001],[-79.007468,43.09297999999999],[-79.008781,43.09336599999999],[-79.008922,43.09340299999999],[-79.009023,43.093394999999994],[-79.009193,43.093436000000004],[-79.009485,43.093506],[-79.01042799999999,43.09372399999999],[-79.01084,43.09382],[-79.010959,43.093844999999995],[-79.011084,43.09386799999999],[-79.011354,43.093897],[-79.011505,43.094048],[-79.011776,43.09408],[-79.01218399999999,43.09411599999999],[-79.012962,43.094116],[-79.013321,43.094092999999994],[-79.013657,43.094059],[-79.0141,43.094007],[-79.014912,43.09386200000001],[-79.015,43.09390299999999],[-79.015096,43.093958],[-79.01515599999999,43.09399299999999],[-79.01554,43.09426399999999],[-79.015605,43.094323],[-79.015633,43.094348999999994],[-79.015654,43.09441399999999],[-79.015738,43.09447399999999],[-79.015806,43.094519999999996],[-79.015851,43.09455399999999],[-79.01593799999999,43.09462],[-79.016037,43.094683999999994],[-79.0162,43.09477699999999],[-79.01622499999999,43.09479100000001],[-79.016324,43.09484099999998],[-79.016363,43.09485999999999],[-79.016475,43.09490699999999],[-79.016502,43.094919000000004],[-79.016633,43.09496299999999],[-79.016736,43.094998],[-79.01695099999999,43.095053],[-79.01697399999999,43.095059],[-79.01711399999999,43.09508899999999],[-79.0173,43.095116999999995],[-79.01748599999999,43.095144999999995],[-79.01774999999999,43.09515899999999],[-79.01786400000002,43.09516],[-79.018053,43.09516299999999],[-79.018238,43.09516299999999],[-79.01871299999999,43.09516300000001],[-79.018793,43.09516299999999],[-79.018979,43.095163],[-79.01916600000001,43.09516199999998],[-79.01973100000001,43.095158999999995],[-79.019919,43.095158999999995],[-79.020946,43.095157],[-79.021496,43.095154],[-79.021496,43.095186999999996],[-79.021459,43.09865599999999],[-79.021458,43.098754],[-79.02147699999999,43.09881899999999],[-79.02152099999999,43.098878],[-79.021576,43.098929999999996],[-79.021731,43.09902299999999],[-79.02189,43.09908999999999],[-79.02205699999999,43.09916599999999],[-79.02232699999999,43.099292],[-79.02242799999999,43.09935499999999],[-79.02265,43.09953799999999],[-79.022775,43.099691],[-79.022804,43.099733],[-79.022832,43.099773],[-79.02308699999999,43.100191],[-79.02311,43.10023199999999],[-79.023183,43.10035999999999],[-79.023264,43.100553000000005],[-79.02330599999999,43.100767],[-79.02330099999999,43.10093699999998],[-79.023287,43.101019],[-79.023044,43.10181099999999],[-79.023011,43.101951],[-79.022989,43.10214699999999],[-79.022984,43.102311],[-79.022995,43.102475],[-79.02305799999999,43.10286299999999],[-79.02303599999999,43.10302199999999],[-79.022891,43.103314],[-79.022761,43.103578000000006],[-79.022742,43.103700999999994],[-79.022756,43.103777999999984],[-79.02281099999999,43.10394099999999],[-79.02293100000001,43.104213],[-79.02320399999999,43.10483799999999],[-79.023229,43.104925],[-79.023243,43.10504599999999],[-79.023254,43.10513799999999],[-79.023245,43.105188999999996],[-79.023229,43.105286],[-79.023094,43.10559299999999],[-79.02303599999999,43.105726000000004],[-79.022904,43.106012],[-79.022871,43.10608399999999],[-79.022592,43.106857],[-79.022556,43.106884],[-79.02230999999999,43.107081],[-79.02223099999999,43.10707999999999],[-79.02199399999999,43.10707699999999],[-79.02191499999999,43.107076],[-79.021767,43.10707399999999],[-79.021323,43.107068],[-79.021176,43.107065999999996],[-79.019775,43.10704200000001],[-79.019641,43.107039999999984],[-79.01715999999999,43.10703999999999],[-79.015957,43.10704499999999],[-79.01557199999999,43.10705099999999],[-79.014172,43.107074000000004],[-79.01354599999999,43.10707999999999],[-79.012548,43.107092],[-79.012005,43.10709500000001],[-79.01167099999999,43.107096000000006],[-79.01153,43.107096999999996],[-79.011369,43.107099000000005],[-79.011046,43.10710599999999],[-79.010892,43.10710799999999],[-79.010876,43.10710900000001],[-79.010432,43.10711699999998],[-79.01034899999999,43.107119],[-79.010279,43.107119000000004],[-79.009789,43.10711999999999],[-79.00928499999999,43.107122],[-79.008319,43.107139],[-79.008213,43.107141],[-79.00806899999999,43.107142],[-79.00783,43.10714399999999],[-79.007629,43.107144999999996],[-79.006528,43.107155],[-79.002173,43.10720699999999],[-79.002025,43.10720699999998]]]},"properties":{"geoid":"360630203001","name":"Block Group 1","pop":997.0,"obs_Mesothelioma":0.0,"exp_Mesothelioma":0.0498612577,"sir_Mesothelioma":0.0,"obs_Lung":4.0,"exp_Lung":3.3179509735,"sir_Lung":1.206,"obs_Bladder":5.0,"exp_Bladder":1.2676623985,"sir_Bladder":3.944,"obs_Esophagus":0.0,"exp_Esophagus":0.2368039478,"sir_Esophagus":0.0,"obs_Oral":1.0,"exp_Oral":0.5064143658,"sir_Oral":1.975,"obs_Brain":0.0,"exp_Brain":0.339340586,"sir_Brain":0.0,"hlarea_Lung":1,"hlarea_Bladder":1,"hlarea_Esophagus":1,"hlarea_Oral":0,"hlarea_Brain":0,"hlarea_Mesothelioma":0,"doh_region":"36063DOH0002","merged_area":true,"merged_bg_count":2}},{"type":"Feature","geometry":{"type":"Polygon","coordinates":[[[-78.55810799999999,43.111303],[-78.558269,43.11136299999999],[-78.558437,43.111416000000006],[-78.55869299999999,43.11149599999999],[-78.558971,43.111567],[-78.55940199999999,43.11165700000001],[-78.55945299999999,43.11166299999999],[-78.55980000000001,43.111707999999986],[-78.55867300000001,43.111672],[-78.55842,43.111664000000005],[-78.558195,43.111685],[-78.558176,43.11168699999998],[-78.55812999999999,43.111705],[-78.55804599999999,43.111765999999996],[-78.557954,43.111864],[-78.55791099999999,43.11194099999998],[-78.557842,43.11212199999999],[-78.5578,43.112349],[-78.557569,43.11633999999999],[-78.55756,43.116503],[-78.557514,43.117107],[-78.557474,43.117944],[-78.557435,43.11854199999999],[-78.55740999999999,43.11893399999999],[-78.557388,43.119545999999985],[-78.557345,43.120339],[-78.557313,43.12093799999999],[-78.557215,43.123038],[-78.55719599999999,43.12314699999999],[-78.557166,43.12322799999999],[-78.55696999999999,43.1234],[-78.556827,43.12349],[-78.55681799999999,43.12349700000001],[-78.555368,43.124329],[-78.554239,43.12500299999999],[-78.549758,43.127617],[-78.549058,43.128026999999996],[-78.548119,43.128592000000005],[-78.54774499999999,43.128804],[-78.54762600000001,43.12889199999999],[-78.54753199999999,43.128975],[-78.547462,43.129070000000006],[-78.54745000000001,43.12912699999998],[-78.547418,43.129301],[-78.54740799999999,43.12935999999999],[-78.54735699999999,43.130125],[-78.54729499999999,43.130801999999996],[-78.547281,43.130966],[-78.54713699999999,43.132749],[-78.546993,43.134403000000006],[-78.54694099999999,43.135127000000004],[-78.546875,43.13607199999999],[-78.546877,43.13637599999999],[-78.546919,43.136567],[-78.54522,43.136989],[-78.545085,43.13702299999999],[-78.54466699999999,43.137134999999994],[-78.543489,43.137403],[-78.54179599999999,43.13782399999999],[-78.541184,43.138006],[-78.54066999999999,43.13819599999999],[-78.54020299999999,43.13833999999999],[-78.540156,43.138355999999995],[-78.53957299999999,43.13856599999998],[-78.53942599999999,43.138654],[-78.539369,43.13870299999999],[-78.539296,43.13881],[-78.539254,43.13897099999999],[-78.539219,43.139556999999996],[-78.539206,43.13982999999999],[-78.539186,43.140299],[-78.539161,43.14065],[-78.539143,43.140922999999994],[-78.539087,43.141937999999996],[-78.539079,43.142092],[-78.538893,43.14498299999999],[-78.538828,43.14599899999999],[-78.53861400000001,43.145987],[-78.537785,43.14597699999999],[-78.53638699999999,43.14595],[-78.535917,43.14594899999999],[-78.5353,43.145948999999995],[-78.53314499999999,43.145923999999994],[-78.53125,43.145893999999984],[-78.527182,43.145875999999994],[-78.525701,43.145869999999995],[-78.525162,43.145861000000004],[-78.52427100000001,43.145866999999996],[-78.524096,43.145869],[-78.52349500000001,43.145894],[-78.523225,43.145914999999995],[-78.522735,43.145955],[-78.521984,43.146034],[-78.520716,43.146135999999984],[-78.520095,43.14619499999999],[-78.51961,43.146242999999984],[-78.519427,43.146274999999996],[-78.519064,43.146361999999996],[-78.51874099999999,43.14644599999999],[-78.518726,43.14645099999999],[-78.518622,43.14646499999999],[-78.518531,43.146463],[-78.518429,43.146445],[-78.51833599999999,43.14641199999999],[-78.517819,43.146133],[-78.51752599999999,43.14597499999999],[-78.517166,43.14576299999999],[-78.51705299999999,43.145697],[-78.51685599999999,43.145572],[-78.516081,43.14514],[-78.515717,43.14493699999999],[-78.513283,43.145958],[-78.512493,43.14631399999999],[-78.51235199999999,43.146379],[-78.511285,43.14680599999999],[-78.50927399999999,43.14765499999999],[-78.509192,43.14768600000001],[-78.509115,43.147704],[-78.508878,43.147711999999984],[-78.507165,43.14754099999999],[-78.506187,43.14741799999999],[-78.504207,43.147215],[-78.502292,43.146989999999995],[-78.502146,43.146973],[-78.501121,43.14686899999999],[-78.500191,43.146744999999996],[-78.49973299999999,43.146699999999996],[-78.499044,43.14663199999999],[-78.498809,43.146601],[-78.498677,43.146584000000004],[-78.498111,43.146511000000004],[-78.498092,43.146508999999995],[-78.496012,43.146285999999996],[-78.49596799999999,43.146282],[-78.495312,43.146224000000004],[-78.493832,43.14606199999999],[-78.492801,43.14593999999999],[-78.491013,43.14575999999999],[-78.48937,43.145585999999994],[-78.48221099999999,43.14483099999999],[-78.48101,43.144714],[-78.478888,43.144496999999994],[-78.47676,43.14429],[-78.47569299999999,43.144194999999996],[-78.474644,43.14408699999999],[-78.47153,43.14380399999999],[-78.470185,43.143682],[-78.469134,43.143589999999996],[-78.46892299999999,43.14357099999999],[-78.468468,43.14355299999999],[-78.46721099999999,43.14356299999999],[-78.465566,43.143594],[-78.465632,43.142129999999995],[-78.465808,43.138259999999995],[-78.4658,43.137740999999984],[-78.46578,43.136276999999986],[-78.465779,43.136074999999984],[-78.465741,43.135059],[-78.46573800000002,43.13474399999999],[-78.46573099999999,43.133838999999995],[-78.465721,43.13260199999999],[-78.465678,43.13097499999999],[-78.465617,43.130148],[-78.465505,43.128619],[-78.465415,43.125966],[-78.465414,43.125952],[-78.465334,43.12505799999999],[-78.465186,43.12317600000001],[-78.465185,43.123105],[-78.46496200000001,43.117401999999984],[-78.46496200000001,43.117341],[-78.46496200000001,43.11732],[-78.46496200000001,43.11725899999998],[-78.46496200000001,43.117239],[-78.46496200000001,43.11720999999999],[-78.464889,43.115076],[-78.46466699999999,43.10858799999999],[-78.46459399999999,43.10642599999999],[-78.46458,43.106125],[-78.464578,43.10608999999999],[-78.46445,43.10005799999999],[-78.464444,43.09986699999999],[-78.464338,43.09647399999999],[-78.464306,43.09151399999998],[-78.467394,43.09153],[-78.467407,43.095339],[-78.46741,43.096137999999996],[-78.476018,43.09612199999999],[-78.47605000000001,43.09157799999999],[-78.48279,43.091570999999995],[-78.489688,43.09156399999999],[-78.491405,43.091543],[-78.49140899999999,43.091397999999984],[-78.491586,43.08581499999999],[-78.49164600000002,43.083954999999996],[-78.49179099999999,43.084011],[-78.49194299999999,43.084060999999984],[-78.49221,43.084133],[-78.492485,43.084182999999996],[-78.49260699999999,43.08417499999999],[-78.492683,43.084140999999995],[-78.492722,43.084087],[-78.492736,43.08399699999999],[-78.492554,43.083237],[-78.49252299999999,43.082638],[-78.49243899999999,43.08196600000001],[-78.492447,43.081882],[-78.4925,43.08182499999999],[-78.49259099999999,43.08179200000001],[-78.492728,43.081794],[-78.492935,43.08183699999999],[-78.493011,43.08189399999999],[-78.493095,43.081965999999994],[-78.49340099999999,43.082375],[-78.493515,43.08248499999999],[-78.493591,43.082545999999994],[-78.493668,43.08258399999999],[-78.493752,43.08259199999999],[-78.49395,43.082573000000004],[-78.494194,43.08252699999999],[-78.49455300000001,43.08241999999999],[-78.494759,43.08233299999999],[-78.495514,43.081936],[-78.495628,43.081889999999994],[-78.495964,43.08180999999999],[-78.496292,43.08175299999999],[-78.49649800000002,43.08175099999999],[-78.49732,43.081917999999995],[-78.497849,43.08203299999999],[-78.497917,43.082077],[-78.49793199999999,43.082133999999996],[-78.49793199999999,43.08240899999999],[-78.49786399999999,43.082516],[-78.497681,43.08271399999999],[-78.497661,43.082822],[-78.497681,43.082905],[-78.497749,43.082977],[-78.497879,43.08302299999999],[-78.498024,43.083012],[-78.49816899999999,43.082961999999995],[-78.49838299999999,43.082854999999995],[-78.49864199999999,43.082801999999994],[-78.498787,43.082817000000006],[-78.498856,43.082836],[-78.49938,43.083133999999994],[-78.499489,43.08323299999999],[-78.49956499999999,43.08334699999999],[-78.499603,43.083477],[-78.499589,43.08362199999999],[-78.49955,43.08380899999998],[-78.49947399999999,43.083949999999994],[-78.49932100000001,43.084053000000004],[-78.499031,43.084152],[-78.49887799999999,43.08419399999998],[-78.49842799999999,43.08429699999999],[-78.498306,43.084347],[-78.498238,43.08440399999999],[-78.498093,43.08461],[-78.497948,43.08488099999999],[-78.497742,43.085197],[-78.497688,43.08532299999998],[-78.49762,43.08542599999999],[-78.497543,43.08546099999999],[-78.497179,43.085589999999996],[-78.497017,43.085678],[-78.49691,43.085784999999994],[-78.49685699999999,43.085857000000004],[-78.496819,43.08595299999999],[-78.496819,43.08611699999999],[-78.49685699999999,43.08627299999999],[-78.496887,43.08644499999999],[-78.496971,43.08655900000001],[-78.497101,43.086665999999994],[-78.497269,43.086765],[-78.497429,43.08683799999999],[-78.49763999999999,43.08692099999999],[-78.49790999999999,43.087002000000005],[-78.498053,43.087029],[-78.498215,43.08705499999999],[-78.498314,43.087048],[-78.498421,43.087017],[-78.499023,43.08678599999999],[-78.499191,43.086704],[-78.499893,43.08643300000001],[-78.500359,43.086155],[-78.50053100000001,43.08607899999999],[-78.500599,43.08605699999999],[-78.500725,43.08602099999998],[-78.50091599999999,43.08600199999999],[-78.501175,43.085998999999994],[-78.501297,43.08602099999998],[-78.501465,43.08608199999999],[-78.501862,43.086198],[-78.502259,43.08628299999999],[-78.502529,43.08641099999999],[-78.50280000000001,43.08657499999999],[-78.502878,43.086647],[-78.502945,43.08674599999999],[-78.502945,43.08689899999999],[-78.50292999999999,43.087031999999994],[-78.502884,43.087124],[-78.502831,43.087199999999996],[-78.50276199999999,43.087253999999994],[-78.502696,43.08727999999999],[-78.502037,43.08742099999999],[-78.501802,43.08749999999999],[-78.501328,43.087763999999986],[-78.501126,43.087919],[-78.50097699999999,43.088089],[-78.500877,43.08830599999999],[-78.500778,43.08859599999999],[-78.50071,43.088969999999996],[-78.50072399999999,43.089062],[-78.50080899999999,43.08911500000001],[-78.50091599999999,43.08912699999999],[-78.50106099999999,43.089122999999994],[-78.50131999999999,43.089107999999996],[-78.501511,43.089085],[-78.501663,43.08905399999998],[-78.502281,43.088783],[-78.50260899999999,43.08873],[-78.502831,43.08871500000001],[-78.50312799999999,43.088715],[-78.503411,43.088772999999996],[-78.50353799999999,43.08883199999999],[-78.503777,43.088965999999985],[-78.50411199999999,43.08923699999999],[-78.50434299999999,43.08940099999999],[-78.504478,43.08954999999999],[-78.504604,43.089853999999995],[-78.50466899999999,43.08998099999999],[-78.50477599999999,43.09005],[-78.50489,43.09008],[-78.505043,43.090084000000004],[-78.50518799999999,43.090061000000006],[-78.505386,43.090012],[-78.50574399999999,43.08982499999999],[-78.505882,43.089732999999995],[-78.505997,43.089690999999995],[-78.50608799999999,43.08968699999999],[-78.50613799999999,43.089727999999994],[-78.50617199999999,43.089802],[-78.50618,43.089928],[-78.506203,43.09009599999999],[-78.506089,43.090585999999995],[-78.506027,43.090728999999996],[-78.50585199999999,43.09094599999999],[-78.505516,43.09127],[-78.505173,43.091601999999995],[-78.505127,43.09169399999999],[-78.505104,43.091823999999995],[-78.50515,43.09196099999998],[-78.505211,43.09207499999999],[-78.505348,43.09226199999999],[-78.505455,43.09234199999999],[-78.505608,43.09243],[-78.50585199999999,43.092547999999994],[-78.505978,43.09268399999999],[-78.506119,43.092888],[-78.506131,43.092967999999985],[-78.506119,43.09307099999999],[-78.50601999999999,43.093154999999996],[-78.50592,43.09318899999999],[-78.50576,43.09320100000001],[-78.505592,43.093182],[-78.505358,43.09312699999998],[-78.504745,43.092903],[-78.504562,43.092803999999994],[-78.50437199999999,43.092673999999995],[-78.504211,43.092513999999994],[-78.504109,43.09237099999999],[-78.50394399999999,43.09189599999999],[-78.50386,43.091713],[-78.503708,43.091515],[-78.50358899999999,43.091434],[-78.503479,43.091415],[-78.50337999999999,43.091441999999994],[-78.503345,43.09146199999999],[-78.503273,43.09154899999999],[-78.50325,43.09161399999999],[-78.503288,43.09185799999999],[-78.503304,43.09200699999999],[-78.50329599999999,43.092152000000006],[-78.503433,43.092552000000005],[-78.503661,43.09311099999999],[-78.503726,43.09323799999999],[-78.503967,43.093520999999996],[-78.50405099999999,43.09359399999999],[-78.504189,43.093678000000004],[-78.504395,43.09376499999999],[-78.504562,43.09382199999999],[-78.50469199999999,43.09383],[-78.504875,43.093819],[-78.505325,43.09374199999999],[-78.50544699999999,43.09373899999999],[-78.505798,43.093776999999996],[-78.50601999999999,43.09383],[-78.506203,43.09390299999998],[-78.506723,43.094215],[-78.506838,43.09426299999999],[-78.506981,43.09428999999999],[-78.507126,43.094288],[-78.50725,43.094255],[-78.507469,43.094184999999996],[-78.50757399999999,43.094125000000005],[-78.507683,43.094024999999995],[-78.507888,43.093768],[-78.508376,43.09338499999999],[-78.50859100000001,43.093287999999994],[-78.50872799999999,43.093268999999985],[-78.50889600000001,43.093254],[-78.50900299999999,43.09326199999999],[-78.50910900000001,43.093299999999985],[-78.50917799999999,43.09337999999999],[-78.509293,43.093605],[-78.509331,43.093738999999985],[-78.509331,43.093830000000004],[-78.509315,43.09394499999999],[-78.50928499999999,43.09400899999999],[-78.508949,43.094494],[-78.508842,43.09473],[-78.50882299999999,43.09515699999999],[-78.50875099999999,43.095352000000005],[-78.508713,43.09543599999999],[-78.50869,43.095486],[-78.50838499999999,43.09586699999999],[-78.50832,43.09596399999999],[-78.508324,43.09605399999999],[-78.508347,43.09616099999999],[-78.508392,43.096217999999986],[-78.508461,43.09627899999999],[-78.50856,43.096317],[-78.50863600000001,43.096367],[-78.508736,43.096385999999995],[-78.509193,43.096352],[-78.50930799999999,43.096366999999994],[-78.509438,43.09641299999999],[-78.509663,43.09653599999999],[-78.509857,43.09668399999999],[-78.509964,43.096820999999984],[-78.509987,43.09686299999999],[-78.509979,43.09690899999998],[-78.509939,43.09695599999999],[-78.50973499999999,43.097324],[-78.509705,43.09743499999999],[-78.50971899999999,43.09755299999999],[-78.50973499999999,43.09769099999998],[-78.509743,43.09792699999999],[-78.509804,43.09803399999999],[-78.509926,43.098063999999994],[-78.51005599999999,43.098071999999995],[-78.510223,43.09803399999999],[-78.510384,43.097958],[-78.510559,43.09781599999999],[-78.510651,43.097656],[-78.510744,43.09744699999999],[-78.511116,43.096962],[-78.511208,43.096798],[-78.51146299999999,43.095886],[-78.511483,43.095730999999994],[-78.51153599999999,43.09565699999999],[-78.511612,43.09559199999999],[-78.512039,43.095366999999996],[-78.512123,43.095337],[-78.51226,43.095329],[-78.51250499999999,43.095337],[-78.512627,43.095336999999994],[-78.512733,43.09531],[-78.51281,43.095268000000004],[-78.51287800000001,43.095203000000005],[-78.513031,43.094799],[-78.51310000000001,43.094742],[-78.513153,43.09469999999999],[-78.513245,43.094654000000006],[-78.513382,43.094642999999984],[-78.513637,43.09464299999999],[-78.51391699999999,43.09468],[-78.514078,43.094715],[-78.51437299999999,43.09477899999999],[-78.514839,43.09487499999999],[-78.514969,43.09487499999998],[-78.515091,43.09482999999998],[-78.51518999999999,43.094688],[-78.515287,43.09416599999999],[-78.515289,43.094045],[-78.51529099999999,43.093955],[-78.515245,43.093789999999984],[-78.515191,43.093621000000006],[-78.515007,43.093292],[-78.514977,43.093184999999984],[-78.514969,43.09303699999999],[-78.51501499999999,43.09294099999999],[-78.51509899999999,43.09284999999999],[-78.515602,43.09244499999999],[-78.515968,43.092209],[-78.51606,43.09212899999999],[-78.51609,43.092044999999985],[-78.51611299999999,43.09194599999999],[-78.516083,43.09182399999999],[-78.516052,43.091739999999994],[-78.515984,43.09164],[-78.515877,43.091553000000005],[-78.51578500000001,43.09150700000001],[-78.515053,43.09133099999999],[-78.514641,43.091248],[-78.514557,43.091243999999996],[-78.514412,43.091269999999994],[-78.514201,43.091355],[-78.514107,43.091373],[-78.51402999999999,43.09136999999999],[-78.51398499999999,43.091324],[-78.513947,43.091235999999995],[-78.513931,43.09114799999999],[-78.513939,43.091018999999996],[-78.51401,43.090754],[-78.514084,43.090427000000005],[-78.514099,43.09036299999998],[-78.514145,43.09028999999998],[-78.514236,43.09023699999998],[-78.514465,43.090172],[-78.51458,43.090163999999994],[-78.514656,43.090171999999995],[-78.514946,43.09021799999999],[-78.515671,43.090508],[-78.515823,43.090542],[-78.51610199999999,43.090516],[-78.516414,43.090467],[-78.516471,43.090447],[-78.516572,43.090412],[-78.51664,43.090378],[-78.516745,43.090284],[-78.517029,43.08996599999999],[-78.517113,43.089897],[-78.517281,43.08983999999999],[-78.51754799999999,43.08979399999999],[-78.517899,43.089802000000006],[-78.51802099999999,43.089779],[-78.518289,43.089723],[-78.51855100000002,43.089641],[-78.518669,43.089726999999996],[-78.518711,43.089756999999985],[-78.518913,43.08990499999999],[-78.519031,43.089975],[-78.51915799999999,43.09004999999999],[-78.519503,43.090222999999995],[-78.51971999999999,43.090314],[-78.519993,43.090413000000005],[-78.520247,43.09049399999999],[-78.520714,43.090603],[-78.520944,43.09064199999999],[-78.521371,43.09068699999999],[-78.523933,43.090759],[-78.52503399999999,43.090780999999986],[-78.525773,43.09079599999999],[-78.526718,43.09082099999999],[-78.527513,43.090855],[-78.52772499999999,43.09086899999999],[-78.528318,43.09094799999999],[-78.532105,43.091563],[-78.532716,43.091679],[-78.533458,43.091892],[-78.53387599999999,43.092037999999995],[-78.534255,43.092195],[-78.534669,43.09239199999998],[-78.534892,43.092514],[-78.535369,43.092805],[-78.538007,43.094736999999995],[-78.540461,43.096546],[-78.541261,43.09713199999998],[-78.542431,43.097988999999984],[-78.54393499999999,43.09910199999999],[-78.544172,43.09929099999999],[-78.544499,43.099565000000005],[-78.54589399999999,43.100905],[-78.54638899999999,43.101381999999994],[-78.546844,43.101797999999995],[-78.54702999999999,43.101968],[-78.549662,43.10451],[-78.5506,43.105416999999996],[-78.55197799999999,43.106747],[-78.55233799999999,43.107094],[-78.552751,43.10745999999998],[-78.554293,43.10864499999999],[-78.555956,43.109942],[-78.556465,43.110332],[-78.55680799999999,43.11059499999999],[-78.55736,43.110945999999984],[-78.557806,43.11117999999999],[-78.55810799999999,43.111303]]]},"properties":{"geoid":"360630240013","name":"Block Group 3","pop":867.0,"obs_Mesothelioma":0.0,"exp_Mesothelioma":0.05,"sir_Mesothelioma":0.0,"obs_Lung":7.0,"exp_Lung":3.21,"sir_Lung":2.182,"obs_Bladder":3.0,"exp_Bladder":1.26,"sir_Bladder":2.384,"obs_Esophagus":1.0,"exp_Esophagus":0.27,"sir_Esophagus":3.748,"obs_Oral":2.0,"exp_Oral":0.59,"sir_Oral":3.412,"obs_Brain":0.0,"exp_Brain":0.33,"sir_Brain":0.0,"hlarea_Lung":0,"hlarea_Bladder":1,"hlarea_Esophagus":0,"hlarea_Oral":0,"hlarea_Brain":0,"hlarea_Mesothelioma":0,"merged_area":false,"doh_region":"360630240013"}},{"type":"Feature","geometry":{"type":"Polygon","coordinates":[[[-78.734357,43.171527999999995],[-78.734296,43.171488],[-78.733362,43.17086199999999],[-78.733442,43.170387999999996],[-78.732737,43.170419],[-78.732792,43.170785],[-78.732927,43.171669],[-78.73281899999999,43.171609999999994],[-78.732675,43.17152599999999],[-78.732496,43.171422],[-78.73218,43.171216],[-78.73195299999999,43.17104399999998],[-78.731723,43.170869999999994],[-78.73163199999999,43.17079699999999],[-78.731456,43.170656],[-78.73136,43.170577999999985],[-78.73127,43.170505999999996],[-78.731301,43.169993000000005],[-78.731341,43.169367],[-78.730428,43.169397000000004],[-78.72991499999999,43.169413999999996],[-78.729721,43.16925799999999],[-78.729576,43.16914099999999],[-78.729142,43.168786999999995],[-78.72895,43.16862999999999],[-78.728697,43.168402],[-78.728625,43.168337],[-78.728231,43.16791],[-78.728045,43.16762499999999],[-78.72785999999999,43.16734099999999],[-78.72772100000002,43.167108999999996],[-78.727564,43.166879],[-78.72753999999999,43.166833999999994],[-78.727423,43.16661299999999],[-78.726731,43.16534799999999],[-78.72667899999999,43.165256],[-78.726385,43.164734],[-78.726114,43.16479399999999],[-78.725301,43.16497299999999],[-78.725031,43.16503399999999],[-78.72486300000001,43.16506299999999],[-78.724361,43.165152],[-78.724194,43.165182],[-78.724015,43.16522200000001],[-78.723406,43.165354],[-78.72292,43.165461],[-78.722928,43.166949],[-78.722979,43.16737699999999],[-78.723077,43.16817699999999],[-78.72308799999999,43.16822099999999],[-78.72311599999999,43.16843099999999],[-78.72313199999999,43.16854399999999],[-78.723135,43.16893899999999],[-78.72313,43.169076999999994],[-78.723114,43.16920099999999],[-78.72308199999999,43.169456999999994],[-78.72308400000001,43.16950999999999],[-78.72309299999999,43.169816000000004],[-78.723159,43.171278],[-78.723342,43.174193],[-78.72345,43.175489000000006],[-78.723478,43.175684999999994],[-78.723507,43.17781999999999],[-78.72356500000001,43.18200399999999],[-78.72335000000001,43.18204199999998],[-78.722735,43.182151],[-78.72111199999999,43.18242299999999],[-78.72016699999999,43.18258199999999],[-78.718668,43.18284399999999],[-78.717818,43.182987],[-78.714637,43.18353199999999],[-78.714399,43.183569999999996],[-78.714187,43.18360500000001],[-78.71342700000001,43.183739],[-78.713145,43.18378],[-78.712699,43.18385],[-78.71250599999999,43.183886],[-78.71216199999999,43.18395099999999],[-78.711958,43.183989999999994],[-78.711833,43.18402299999999],[-78.71173499999999,43.18404999999999],[-78.710881,43.184358999999986],[-78.71088,43.18436],[-78.710559,43.18445800000001],[-78.710295,43.184529000000005],[-78.709837,43.184625999999994],[-78.709206,43.18467899999999],[-78.708319,43.184753999999984],[-78.707804,43.18480099999999],[-78.707656,43.184805999999995],[-78.707438,43.18478499999999],[-78.70591399999999,43.184532999999995],[-78.70512,43.184410999999976],[-78.704875,43.184374],[-78.704374,43.18432899999999],[-78.704163,43.184322999999985],[-78.703972,43.184358999999986],[-78.70388899999999,43.18439599999999],[-78.70378699999999,43.18447],[-78.703649,43.184391],[-78.703512,43.18432999999999],[-78.703412,43.184286],[-78.702985,43.184117],[-78.702868,43.184051999999994],[-78.702393,43.18377199999998],[-78.702145,43.183552999999996],[-78.70194,43.183403],[-78.701673,43.18326899999999],[-78.701337,43.183139],[-78.700772,43.182984],[-78.70049,43.182917999999994],[-78.700234,43.182871],[-78.699818,43.182843],[-78.699565,43.182828],[-78.699202,43.182816],[-78.699344,43.18190899999999],[-78.699799,43.181984],[-78.699978,43.182013999999995],[-78.700107,43.18202199999998],[-78.700457,43.18204499999999],[-78.700752,43.182047],[-78.701101,43.18201699999999],[-78.70153499999999,43.18189399999999],[-78.701972,43.181745],[-78.702351,43.181621],[-78.70236,43.181618],[-78.70253699999999,43.181568],[-78.70275,43.181508],[-78.70311199999999,43.181447000000006],[-78.703221,43.181429],[-78.704549,43.181228],[-78.70496899999999,43.181185],[-78.705514,43.18112999999998],[-78.707488,43.181000999999995],[-78.707916,43.180965],[-78.708146,43.180935999999996],[-78.708355,43.180901],[-78.708544,43.18085099999998],[-78.709576,43.18051499999999],[-78.70979,43.180440999999995],[-78.71047,43.18019399999999],[-78.710689,43.180115],[-78.710979,43.179995000000005],[-78.71172,43.179711999999995],[-78.712082,43.179536999999996],[-78.712192,43.179458],[-78.712282,43.17933599999999],[-78.712293,43.179322000000006],[-78.712313,43.179269],[-78.71233800000002,43.17912899999999],[-78.712317,43.178892],[-78.712305,43.178741999999986],[-78.71229699999999,43.178659],[-78.712273,43.178411000000004],[-78.712265,43.17832899999999],[-78.71225199999999,43.17816399999999],[-78.712214,43.17767099999999],[-78.71220199999999,43.177507],[-78.712181,43.177313],[-78.712155,43.176545999999995],[-78.712139,43.176043],[-78.712066,43.173660999999996],[-78.712051,43.17317200000001],[-78.712065,43.17269999999999],[-78.71206699999999,43.172574999999995],[-78.71207199999999,43.172401],[-78.712064,43.17220199999999],[-78.71206,43.172078],[-78.712053,43.17184899999998],[-78.712032,43.17116499999999],[-78.712025,43.170936999999995],[-78.712018,43.170645],[-78.71199800000001,43.16977099999999],[-78.711992,43.16948],[-78.711985,43.169289],[-78.711974,43.168956999999985],[-78.71196599999999,43.16871699999999],[-78.711962,43.168591],[-78.711961,43.16855],[-78.71195999999999,43.168527000000005],[-78.711956,43.16838099999999],[-78.711946,43.167943],[-78.71194299999999,43.167798],[-78.711941,43.16767499999999],[-78.71193699999999,43.16730799999999],[-78.711936,43.16718600000001],[-78.711934,43.16707499999999],[-78.71193,43.166744999999985],[-78.711929,43.16663499999999],[-78.71177500000002,43.16665199999999],[-78.711315,43.16670699999999],[-78.711162,43.16672499999999],[-78.70973,43.166897999999996],[-78.70966299999999,43.164946],[-78.709659,43.164821999999994],[-78.709648,43.164452],[-78.709645,43.164328999999995],[-78.709626,43.1638],[-78.709587,43.16265799999999],[-78.709574,43.162212999999994],[-78.709563,43.161818],[-78.709559,43.161684],[-78.70951099999999,43.160171],[-78.70950599999999,43.15998899999998],[-78.709476,43.15891099999999],[-78.709507,43.158729],[-78.70957000000001,43.15859599999999],[-78.70970799999999,43.15843499999998],[-78.711395,43.156811],[-78.71153199999999,43.15662100000001],[-78.711568,43.15654999999999],[-78.711598,43.15647800000001],[-78.711637,43.15632199999999],[-78.711648,43.15623],[-78.71160900000001,43.155027000000004],[-78.71162199999999,43.154972],[-78.71163899999999,43.154895999999994],[-78.711663,43.15479200000001],[-78.711694,43.15471799999999],[-78.71171,43.15467799999999],[-78.71174,43.15460699999999],[-78.711657,43.15451799999999],[-78.711527,43.15437999999999],[-78.711423,43.154241999999996],[-78.71137999999999,43.154184999999984],[-78.71135,43.154146000000004],[-78.711334,43.154125],[-78.71132,43.154107],[-78.711286,43.154062],[-78.711271,43.15404199999999],[-78.711781,43.15346499999999],[-78.713315,43.15173499999998],[-78.713826,43.151159],[-78.71487499999999,43.14975199999999],[-78.71502699999999,43.149548999999986],[-78.717782,43.145365],[-78.718665,43.144024999999985],[-78.718812,43.144054],[-78.718907,43.14407099999998],[-78.71919299999999,43.14412199999999],[-78.719289,43.14414],[-78.72030699999999,43.14405999999999],[-78.723362,43.14382099999999],[-78.724381,43.143741999999996],[-78.724362,43.14429299999999],[-78.724307,43.14594899999998],[-78.72429,43.14650199999999],[-78.724141,43.14832799999999],[-78.723693,43.153805999999996],[-78.723545,43.15563299999999],[-78.72345899999999,43.156912],[-78.723202,43.16075199999999],[-78.723117,43.162033],[-78.723073,43.162530000000004],[-78.72294,43.164021999999996],[-78.722897,43.16451999999999],[-78.72289099999999,43.16455],[-78.722876,43.16464299999999],[-78.722872,43.16467399999999],[-78.72287899999999,43.16468599999999],[-78.722903,43.16472399999999],[-78.722912,43.164736999999995],[-78.722921,43.164854999999996],[-78.722951,43.16520899999999],[-78.722961,43.165327],[-78.723596,43.165141999999996],[-78.72360599999999,43.165138],[-78.72543,43.164601],[-78.725539,43.164567999999996],[-78.726184,43.16437699999999],[-78.72696499999999,43.164145],[-78.72751699999999,43.163971999999994],[-78.729264,43.163427],[-78.731521,43.162771000000006],[-78.73286,43.162383],[-78.732844,43.16234699999998],[-78.732799,43.16223899999999],[-78.732784,43.162203999999996],[-78.733031,43.16213],[-78.733774,43.161909],[-78.734022,43.161836],[-78.73403499999999,43.161872999999986],[-78.734076,43.161984],[-78.73409,43.16202099999999],[-78.734195,43.162291],[-78.734281,43.162507999999995],[-78.734684,43.162014000000006],[-78.73486799999999,43.161789999999975],[-78.735675,43.16154900000001],[-78.736149,43.161409],[-78.737105,43.16110299999999],[-78.73809,43.16080799999999],[-78.73811700000002,43.160800999999985],[-78.738593,43.16065699999999],[-78.73889799999999,43.160571],[-78.73888,43.16347100000001],[-78.738826,43.172173],[-78.738823,43.17281299999999],[-78.73710799999999,43.17276999999999],[-78.737025,43.17330899999998],[-78.73692199999999,43.17327099999999],[-78.736919,43.173269],[-78.736601,43.173151000000004],[-78.736496,43.173111999999996],[-78.73655,43.172703999999996],[-78.736576,43.17250699999998],[-78.735956,43.17232599999999],[-78.735874,43.172878999999995],[-78.735719,43.172821],[-78.735694,43.172811],[-78.735621,43.172784],[-78.735597,43.172775],[-78.735415,43.17270599999999],[-78.735331,43.172673999999994],[-78.735419,43.172012999999986],[-78.735045,43.17186299999998],[-78.734926,43.17180099999999],[-78.73468799999999,43.17243199999999],[-78.734599,43.172397999999994],[-78.73444599999999,43.17234099999999],[-78.73433399999999,43.172295999999996],[-78.734246,43.172261999999996],[-78.73410899999999,43.17220699999999],[-78.734357,43.171527999999995]]]},"properties":{"geoid":"360630236002","name":"Block Group 2","pop":580.0,"obs_Mesothelioma":0.0,"exp_Mesothelioma":0.03,"sir_Mesothelioma":0.0,"obs_Lung":3.0,"exp_Lung":1.85,"sir_Lung":1.62,"obs_Bladder":1.0,"exp_Bladder":0.68,"sir_Bladder":1.471,"obs_Esophagus":0.0,"exp_Esophagus":0.14,"sir_Esophagus":0.0,"obs_Oral":0.0,"exp_Oral":0.31,"sir_Oral":0.0,"obs_Brain":0.0,"exp_Brain":0.2,"sir_Brain":0.0,"hlarea_Lung":1,"hlarea_Bladder":1,"hlarea_Esophagus":1,"hlarea_Oral":0,"hlarea_Brain":0,"hlarea_Mesothelioma":0,"merged_area":false,"doh_region":"360630236002"}},{"type":"Feature","geometry":{"type":"Polygon","coordinates":[[[-78.667361,43.25772399999998],[-78.664632,43.25767899999999],[-78.663945,43.25767599999999],[-78.662054,43.25766799999999],[-78.661163,43.257654],[-78.65762099999999,43.257644000000006],[-78.653697,43.25762199999999],[-78.65110299999999,43.257608],[-78.65028199999999,43.257604],[-78.650386,43.255908],[-78.65044499999999,43.254961],[-78.65041599999999,43.25455799999999],[-78.650378,43.25434399999999],[-78.65029299999999,43.25404699999999],[-78.650137,43.253662000000006],[-78.649999,43.25341199999999],[-78.64858799999999,43.25133099999999],[-78.647848,43.25023899999999],[-78.64773699999999,43.250081],[-78.64762,43.249936999999996],[-78.64743399999999,43.250138],[-78.64701199999999,43.250452],[-78.646531,43.250772999999995],[-78.646351,43.25087499999999],[-78.646198,43.25096299999999],[-78.64605,43.251028000000005],[-78.645868,43.251095000000014],[-78.645614,43.25115799999999],[-78.64486,43.251299999999986],[-78.64284599999999,43.251649],[-78.642455,43.251681999999995],[-78.64211100000001,43.251672],[-78.641933,43.25165499999999],[-78.641701,43.251619],[-78.641637,43.25160899999999],[-78.641402,43.251561999999986],[-78.64098,43.251439000000005],[-78.640191,43.251151],[-78.63944599999999,43.25087899999999],[-78.63872599999999,43.250617],[-78.637215,43.250056000000015],[-78.636472,43.249781000000006],[-78.636478,43.24863299999999],[-78.63648599999999,43.247322],[-78.63649,43.246643999999996],[-78.636494,43.24596499999999],[-78.636498,43.245191999999996],[-78.636505,43.244045],[-78.636517,43.24330299999998],[-78.636552,43.24107899999999],[-78.63656499999999,43.240338],[-78.63656399999999,43.237340999999994],[-78.636561,43.22835099999999],[-78.63656,43.225354999999986],[-78.636561,43.22490699999999],[-78.636563,43.22356599999999],[-78.63656499999999,43.223119],[-78.63658099999999,43.222272],[-78.636631,43.219733999999995],[-78.636639,43.21932999999999],[-78.636648,43.218889],[-78.639545,43.21888399999999],[-78.648236,43.218871],[-78.651134,43.218866999999975],[-78.652048,43.218873],[-78.653868,43.21888599999999],[-78.65423299999999,43.218888],[-78.67210399999999,43.219014],[-78.67235,43.219013999999994],[-78.676907,43.219006],[-78.68039499999999,43.21904],[-78.681736,43.21905399999999],[-78.682608,43.219069],[-78.690211,43.219156],[-78.690859,43.21916399999999],[-78.694347,43.219211],[-78.694563,43.21921299999999],[-78.695211,43.219218999999995],[-78.695427,43.219221999999995],[-78.696733,43.219232],[-78.697217,43.21923599999999],[-78.701443,43.219276999999984],[-78.702587,43.21928099999999],[-78.704378,43.21928899999999],[-78.70584199999999,43.219293999999984],[-78.710235,43.219308999999996],[-78.71170000000001,43.21931499999999],[-78.712065,43.21931599999999],[-78.713163,43.219322],[-78.713529,43.219324],[-78.714084,43.21932299999999],[-78.715751,43.219322],[-78.716307,43.219322],[-78.717764,43.219320999999994],[-78.718975,43.21932399999999],[-78.71993599999999,43.21932799999999],[-78.72384,43.219328],[-78.72698199999999,43.21932400000001],[-78.72965099999999,43.219321],[-78.73106000000001,43.219326999999986],[-78.73528999999999,43.219345],[-78.736701,43.219350999999996],[-78.738653,43.21935],[-78.744078,43.219348],[-78.74450999999999,43.219346],[-78.745413,43.21934199999999],[-78.745954,43.219317999999994],[-78.74638499999999,43.21928299999999],[-78.74646,43.219274],[-78.74812399999999,43.219279],[-78.75311599999999,43.219294],[-78.754781,43.21929899999999],[-78.75474799999999,43.221529999999994],[-78.754651,43.22822199999999],[-78.75461899999999,43.23045399999999],[-78.75465899999999,43.232378],[-78.754779,43.238150999999995],[-78.754819,43.24007599999998],[-78.75482,43.24021399999999],[-78.754824,43.240629],[-78.754826,43.24076799999998],[-78.754832,43.24376499999999],[-78.754845,43.249761],[-78.754868,43.25275799999999],[-78.754893,43.25575599999999],[-78.754896,43.256315],[-78.75490599999999,43.257993],[-78.75491,43.258552999999985],[-78.754913,43.25920300000001],[-78.754925,43.26115299999999],[-78.75493,43.26180399999999],[-78.754935,43.262677],[-78.754949,43.264759],[-78.754952,43.26529899999999],[-78.754958,43.266173999999985],[-78.75491199999999,43.266174],[-78.754516,43.26617699999999],[-78.753914,43.266183000000005],[-78.753194,43.26617599999999],[-78.752753,43.266172999999995],[-78.752682,43.26617199999999],[-78.75172599999999,43.26617400000001],[-78.75030000000001,43.26616099999999],[-78.750002,43.266158999999995],[-78.748807,43.26616899999998],[-78.74786999999999,43.26616099999999],[-78.74735299999999,43.266157],[-78.744419,43.266141],[-78.742942,43.266144999999995],[-78.742203,43.266148],[-78.74049,43.26613599999999],[-78.7405,43.26351899999999],[-78.74051399999999,43.260224999999984],[-78.740504,43.258801999999996],[-78.74047499999999,43.257389],[-78.740464,43.256085],[-78.74046,43.25566999999998],[-78.740438,43.253054000000006],[-78.73473,43.25313200000001],[-78.733716,43.253146],[-78.732987,43.253167999999995],[-78.728698,43.253235999999994],[-78.726513,43.25325599999999],[-78.726254,43.25326299999999],[-78.72501199999999,43.25328699999999],[-78.72274999999999,43.253294],[-78.721589,43.25330899999999],[-78.71972,43.253302],[-78.718957,43.25330799999999],[-78.717607,43.2533],[-78.71265199999999,43.253271999999974],[-78.7119,43.253268000000006],[-78.711944,43.262258999999986],[-78.70529599999999,43.262533],[-78.702996,43.26262099999999],[-78.702941,43.262634],[-78.70285799999999,43.26267099999998],[-78.70280699999999,43.262698999999984],[-78.702782,43.262725999999994],[-78.702736,43.262792],[-78.702716,43.262876],[-78.702711,43.262975],[-78.70271699999999,43.26454999999999],[-78.702697,43.264686999999995],[-78.70266199999999,43.264779],[-78.702626,43.264853999999985],[-78.702575,43.264922],[-78.702399,43.26511099999999],[-78.702283,43.265187999999995],[-78.702131,43.26525800000001],[-78.701909,43.265330999999996],[-78.701702,43.265378999999996],[-78.701454,43.26542099999999],[-78.70129299999999,43.26542800000001],[-78.701146,43.26542399999999],[-78.70099499999999,43.265412999999995],[-78.700727,43.26537599999998],[-78.700368,43.26530599999999],[-78.700116,43.26525199999999],[-78.699733,43.265195999999996],[-78.69908099999999,43.265172],[-78.69910399999999,43.265062],[-78.699108,43.26502399999999],[-78.69916599999999,43.26457599999999],[-78.699186,43.26442699999998],[-78.69925099999999,43.263937999999996],[-78.699272,43.26346100000001],[-78.699223,43.263011999999996],[-78.699218,43.262963],[-78.69902499999999,43.262087],[-78.698815,43.261547],[-78.698318,43.260594000000005],[-78.69800500000001,43.259980999999996],[-78.69785999999999,43.25969899999999],[-78.697566,43.259136999999996],[-78.697554,43.259115],[-78.697419,43.258857],[-78.697101,43.25824599999999],[-78.696883,43.257861999999996],[-78.69671,43.257891],[-78.696173,43.257894],[-78.694037,43.257909],[-78.693503,43.25791399999999],[-78.693325,43.25791399999999],[-78.691788,43.25792799999999],[-78.69039599999999,43.25793499999999],[-78.689532,43.257947],[-78.688625,43.25793799999999],[-78.68846099999999,43.25793799999999],[-78.68701899999999,43.25793999999999],[-78.683928,43.257926999999995],[-78.68123,43.257915999999994],[-78.680202,43.25791499999999],[-78.67499099999999,43.257830000000006],[-78.67387099999999,43.257815],[-78.671559,43.257785999999996],[-78.670698,43.257767999999984],[-78.66983599999999,43.25776299999999],[-78.669009,43.257748],[-78.668679,43.25774299999999],[-78.66769,43.257728],[-78.667361,43.25772399999998]]]},"properties":{"geoid":"360630242014","name":"Block Group 4","pop":2286.0,"obs_Mesothelioma":0.0,"exp_Mesothelioma":0.15,"sir_Mesothelioma":0.0,"obs_Lung":12.0,"exp_Lung":9.62,"sir_Lung":1.247,"obs_Bladder":5.0,"exp_Bladder":3.82,"sir_Bladder":1.308,"obs_Esophagus":2.0,"exp_Esophagus":0.77,"sir_Esophagus":2.608,"obs_Oral":2.0,"exp_Oral":1.65,"sir_Oral":1.212,"obs_Brain":1.0,"exp_Brain":0.91,"sir_Brain":1.1,"hlarea_Lung":0,"hlarea_Bladder":1,"hlarea_Esophagus":1,"hlarea_Oral":0,"hlarea_Brain":0,"hlarea_Mesothelioma":0,"merged_area":false,"doh_region":"360630242014"}},{"type":"Feature","geometry":{"type":"Polygon","coordinates":[[[-79.026757,43.166205999999995],[-79.027266,43.167654999999996],[-79.02659799999999,43.16782099999999],[-79.024596,43.16832099999999],[-79.023929,43.168489],[-79.02247799999999,43.16882599999999],[-79.021661,43.16901599999999],[-79.01486,43.170598],[-79.012593,43.17112600000001],[-79.012531,43.171130000000005],[-79.012346,43.17114399999999],[-79.01228499999999,43.17114999999999],[-79.011894,43.171287999999976],[-79.011864,43.17129399999999],[-79.010559,43.171564999999994],[-79.01012399999999,43.171656],[-79.008327,43.17224299999999],[-79.00293599999999,43.17400399999999],[-79.00113999999999,43.17459199999999],[-79.00059,43.174685000000004],[-78.99893999999999,43.17496299999999],[-78.99853499999999,43.17503199999999],[-78.99808399999999,43.172844999999995],[-78.998008,43.17229299999999],[-78.998041,43.172308],[-78.998068,43.172307999999994],[-78.99812299999999,43.172291999999985],[-78.998809,43.171966999999995],[-79.001196,43.170839],[-79.001862,43.170525],[-79.001971,43.17042999999999],[-79.001989,43.170441],[-79.00204599999999,43.170449999999995],[-79.002378,43.17044099999999],[-79.002569,43.170413999999994],[-79.002713,43.17037500000001],[-79.00296200000001,43.17021999999999],[-79.004138,43.16933400000001],[-79.00429,43.16921999999999],[-79.004524,43.169076999999994],[-79.004969,43.168859999999995],[-79.005237,43.168765],[-79.005584,43.168661],[-79.00582299999999,43.168608],[-79.00602099999999,43.168574],[-79.006394,43.168535999999996],[-79.006714,43.168521000000005],[-79.007459,43.168532],[-79.00768500000001,43.168523],[-79.008477,43.168416999999984],[-79.009058,43.168316999999995],[-79.009846,43.168232999999994],[-79.010339,43.168215],[-79.010857,43.168222],[-79.01109799999999,43.16823699999999],[-79.0115,43.168285999999995],[-79.011876,43.16833199999999],[-79.012091,43.16832999999999],[-79.012343,43.16831500000001],[-79.012562,43.168276999999996],[-79.012807,43.168210999999985],[-79.013091,43.168118],[-79.013164,43.168104],[-79.01347299999999,43.168066999999986],[-79.01378799999999,43.168057999999995],[-79.013984,43.168033],[-79.01422699999999,43.16819999999999],[-79.01438999999999,43.168275],[-79.01446299999999,43.16830899999999],[-79.014793,43.16840800000001],[-79.014888,43.16842399999999],[-79.01532399999999,43.16846399999999],[-79.015789,43.168468],[-79.01626399999999,43.168473],[-79.01667599999999,43.168471],[-79.016927,43.16847099999999],[-79.017639,43.16844599999999],[-79.01791100000001,43.168424],[-79.018322,43.168391],[-79.01895999999999,43.16832399999999],[-79.01957999999999,43.168225],[-79.01958499999999,43.16822299999999],[-79.020065,43.16811199999999],[-79.02031199999999,43.16805199999999],[-79.020533,43.16798300000001],[-79.020773,43.167879000000006],[-79.021135,43.16767999999999],[-79.021254,43.167598999999996],[-79.021361,43.167500999999994],[-79.02154399999999,43.167283999999995],[-79.021577,43.16721599999999],[-79.02165699999999,43.16698899999999],[-79.021678,43.166817],[-79.02166,43.166593],[-79.02162,43.166487999999994],[-79.02153799999999,43.16635299999999],[-79.021487,43.166301999999995],[-79.021397,43.166236],[-79.021194,43.166151],[-79.02098600000001,43.16611599999999],[-79.020985,43.16611599999999],[-79.020781,43.16611599999999],[-79.02037299999999,43.16615399999999],[-79.019897,43.166213],[-79.019717,43.16622699999999],[-79.01961399999999,43.166022],[-79.019368,43.16565],[-79.019286,43.165485999999994],[-79.01926399999999,43.16537699999999],[-79.019258,43.165176],[-79.01925000000001,43.164905],[-79.01925399999999,43.162475],[-79.019246,43.16240599999999],[-79.01916800000001,43.16225500000001],[-79.019039,43.16212899999999],[-79.018959,43.162087],[-79.018794,43.162038],[-79.018666,43.162023000000005],[-79.01866299999999,43.16202299999999],[-79.017619,43.162011],[-79.017496,43.16200299999999],[-79.017495,43.16138499999999],[-79.017495,43.16132499999999],[-79.017521,43.160055999999976],[-79.01752499999999,43.15953299999998],[-79.01753,43.158916000000005],[-79.017532,43.158685],[-79.01754,43.15799499999999],[-79.017544,43.15776499999998],[-79.017547,43.157450000000004],[-79.017552,43.15704600000001],[-79.017543,43.15650799999999],[-79.017539,43.156195],[-79.017296,43.156223999999995],[-79.016762,43.15628999999999],[-79.01657,43.156326],[-79.01633,43.15637199999999],[-79.015939,43.15646599999999],[-79.01541,43.15663899999999],[-79.015085,43.15677099999999],[-79.014684,43.156962],[-79.014387,43.15714000000001],[-79.01396799999999,43.157413999999996],[-79.013302,43.15788699999998],[-79.01263,43.15833499999999],[-79.011246,43.15919700000001],[-79.010547,43.15961899999999],[-79.008921,43.16061999999999],[-79.00819,43.16055600000001],[-79.007595,43.160542],[-79.006844,43.16055599999999],[-79.006737,43.16053499999999],[-79.006649,43.160429],[-79.006631,43.16039299999999],[-79.00653199999999,43.160312000000005],[-79.00644,43.16028],[-79.006278,43.160269],[-79.005602,43.160177000000004],[-79.00482199999999,43.16017],[-79.004723,43.16015599999999],[-79.00466,43.160121000000004],[-79.004582,43.16005699999999],[-79.00451799999999,43.160029],[-79.004468,43.16003599999999],[-79.004241,43.160121],[-79.004121,43.16012099999999],[-79.003087,43.16001399999999],[-79.00295899999999,43.159979],[-79.002768,43.15988],[-79.002637,43.159900999999984],[-79.00214100000001,43.15992199999999],[-79.001893,43.159952999999994],[-79.00176499999999,43.15996899999999],[-79.00160799999999,43.15940000000001],[-79.001831,43.159372],[-79.003643,43.15920499999999],[-79.004025,43.159091],[-79.006051,43.15801499999999],[-79.011741,43.154928],[-79.018422,43.151346000000004],[-79.01864200000001,43.15114799999999],[-79.01879799999999,43.15095],[-79.020243,43.147536999999986],[-79.021114,43.145711000000006],[-79.021171,43.145484],[-79.021107,43.143969],[-79.02114999999999,43.14386999999999],[-79.021221,43.14384199999999],[-79.021306,43.143842],[-79.021405,43.14387],[-79.02149,43.14388399999999],[-79.021611,43.143904],[-79.021783,43.143934],[-79.02188699999999,43.14393399999999],[-79.02197900000002,43.143935],[-79.022103,43.143936999999994],[-79.02213499999999,43.14393700000001],[-79.022234,43.143937],[-79.022267,43.143938],[-79.02228699999999,43.14442899999999],[-79.02232,43.14468799999998],[-79.022443,43.145168999999996],[-79.02253499999999,43.14543],[-79.022588,43.14559699999999],[-79.02270899999999,43.145977999999985],[-79.02281099999999,43.14616199999999],[-79.023061,43.146543],[-79.023264,43.14680699999998],[-79.023716,43.14728399999999],[-79.024236,43.147763000000005],[-79.02484199999999,43.148252],[-79.02575,43.14889199999999],[-79.02613,43.149134999999994],[-79.02665700000001,43.149473],[-79.027592,43.150006000000005],[-79.027847,43.15014599999999],[-79.028089,43.15026399999999],[-79.028764,43.150596],[-79.02931,43.150836],[-79.029618,43.15096499999999],[-79.02978399999999,43.15103499999999],[-79.03013899999999,43.15117399999999],[-79.030328,43.15124199999999],[-79.030372,43.15125799999999],[-79.03062899999999,43.15135],[-79.0309,43.15142799999999],[-79.030969,43.151447999999995],[-79.03109599999999,43.151476],[-79.03138299999999,43.151543],[-79.03178199999999,43.151632],[-79.031938,43.151665],[-79.032017,43.15168299999999],[-79.03226,43.15172799999999],[-79.03261499999999,43.15179199999999],[-79.032764,43.151819999999994],[-79.033608,43.152015000000006],[-79.033687,43.152034],[-79.034162,43.152149],[-79.034651,43.152263999999995],[-79.034992,43.15232700000001],[-79.03503099999999,43.152334999999994],[-79.035313,43.152376],[-79.035725,43.152404],[-79.036233,43.152405999999985],[-79.037273,43.15232199999999],[-79.03753499999999,43.152317],[-79.03772099999999,43.15231399999999],[-79.03791,43.15232299999999],[-79.038382,43.152376],[-79.03882399999999,43.152425999999984],[-79.03911,43.152457],[-79.039875,43.152543],[-79.04129499999999,43.152694],[-79.041624,43.152728999999994],[-79.04172,43.152739999999994],[-79.04181,43.15275099999999],[-79.04188099999999,43.15276],[-79.041946,43.15276799999999],[-79.042024,43.15277699999999],[-79.04221199999999,43.15277199999999],[-79.04238099999999,43.15277699999999],[-79.042743,43.15278800000001],[-79.04332699999999,43.152823000000005],[-79.043452,43.15282699999999],[-79.04381,43.15284100000001],[-79.043944,43.15284299999998],[-79.04399599999999,43.15284399999999],[-79.044158,43.152862],[-79.044347,43.15287300000001],[-79.044356,43.15287399999999],[-79.044431,43.152885],[-79.04448099999999,43.15289200000001],[-79.04502099999999,43.15536799999999],[-79.046538,43.16232],[-79.04684700000001,43.162696],[-79.04837,43.16455],[-79.04679,43.16455599999999],[-79.04507199999999,43.164566],[-79.044367,43.164571],[-79.042913,43.16458],[-79.03992,43.164621],[-79.038203,43.164646],[-79.03784999999999,43.164638],[-79.037769,43.16463699999999],[-79.036794,43.164617],[-79.036442,43.164609999999996],[-79.035179,43.16463099999999],[-79.03139,43.16469299999999],[-79.03012799999999,43.164714999999994],[-79.02960499999999,43.164738999999976],[-79.028037,43.164812],[-79.027515,43.164837000000006],[-79.026906,43.16484099999998],[-79.02628,43.16484500000001],[-79.026757,43.166205999999995]]]},"properties":{"geoid":"360630244043","name":"Block Group 3","pop":1547.0,"obs_Mesothelioma":0.0,"exp_Mesothelioma":0.21,"sir_Mesothelioma":0.0,"obs_Lung":15.0,"exp_Lung":12.62,"sir_Lung":1.189,"obs_Bladder":7.0,"exp_Bladder":5.38,"sir_Bladder":1.301,"obs_Esophagus":2.0,"exp_Esophagus":0.91,"sir_Esophagus":2.191,"obs_Oral":1.0,"exp_Oral":1.71,"sir_Oral":0.584,"obs_Brain":2.0,"exp_Brain":0.88,"sir_Brain":2.285,"hlarea_Lung":0,"hlarea_Bladder":0,"hlarea_Esophagus":1,"hlarea_Oral":0,"hlarea_Brain":0,"hlarea_Mesothelioma":0,"merged_area":false,"doh_region":"360630244043"}},{"type":"Feature","geometry":{"type":"Polygon","coordinates":[[[-78.94205099999999,43.09225000000001],[-78.942126,43.09113299999999],[-78.94224,43.091024000000004],[-78.942431,43.09091699999999],[-78.942652,43.09083299999999],[-78.942818,43.09079800000001],[-78.94287899999999,43.09078499999999],[-78.943522,43.090719],[-78.943742,43.090683999999996],[-78.943983,43.090605999999994],[-78.94445,43.09040099999999],[-78.94567599999999,43.089771],[-78.946072,43.08958699999999],[-78.94624499999999,43.089534999999984],[-78.946455,43.089495],[-78.946609,43.08949299999999],[-78.946793,43.089509],[-78.947248,43.08957299999999],[-78.947751,43.089672],[-78.948027,43.08971400000001],[-78.948162,43.089713999999994],[-78.949446,43.089471],[-78.949574,43.08943699999999],[-78.949683,43.08964899999999],[-78.949702,43.090072],[-78.949761,43.09134099999999],[-78.949781,43.09176399999999],[-78.94980000000001,43.09225199999998],[-78.94985799999999,43.09371599999999],[-78.949878,43.094205],[-78.949895,43.09469000000001],[-78.949944,43.09608699999998],[-78.949945,43.09614800000001],[-78.94995399999999,43.096576],[-78.94995999999999,43.096633999999995],[-78.949963,43.096695],[-78.949975,43.096878999999994],[-78.94997599999999,43.09688899999999],[-78.949978,43.096941],[-78.94998,43.09703199999999],[-78.949989,43.097308],[-78.949992,43.0974],[-78.95000399999999,43.09776399999999],[-78.95000399999999,43.09778300000001],[-78.950037,43.0989],[-78.950043,43.098932999999995],[-78.950086,43.09916399999999],[-78.95012299999999,43.09930799999999],[-78.949153,43.099308],[-78.948942,43.09930999999999],[-78.945402,43.09935699999999],[-78.944223,43.09937299999999],[-78.944175,43.09926399999999],[-78.944034,43.098938],[-78.94398699999999,43.09883],[-78.94386899999999,43.09790599999998],[-78.943623,43.095971],[-78.942781,43.095921999999995],[-78.941852,43.095869],[-78.94185499999999,43.09573599999999],[-78.941868,43.095337],[-78.941873,43.09520499999999],[-78.941908,43.09461299999999],[-78.942015,43.092841],[-78.94205099999999,43.09225000000001]]]},"properties":{"geoid":"360630225001","name":"Block Group 1","pop":1394.0,"obs_Mesothelioma":0.0,"exp_Mesothelioma":0.1,"sir_Mesothelioma":0.0,"obs_Lung":11.0,"exp_Lung":6.63,"sir_Lung":1.659,"obs_Bladder":4.0,"exp_Bladder":2.65,"sir_Bladder":1.508,"obs_Esophagus":0.0,"exp_Esophagus":0.53,"sir_Esophagus":0.0,"obs_Oral":0.0,"exp_Oral":1.09,"sir_Oral":0.0,"obs_Brain":1.0,"exp_Brain":0.59,"sir_Brain":1.698,"hlarea_Lung":1,"hlarea_Bladder":1,"hlarea_Esophagus":1,"hlarea_Oral":0,"hlarea_Brain":0,"hlarea_Mesothelioma":0,"merged_area":false,"doh_region":"360630225001"}},{"type":"Feature","geometry":{"type":"Polygon","coordinates":[[[-79.04375399999999,43.103629999999995],[-79.04540399999999,43.103635],[-79.04684,43.103631],[-79.04683899999999,43.10343099999999],[-79.04683899999999,43.103116],[-79.046838,43.102834],[-79.046838,43.102636],[-79.04684,43.102458],[-79.046844,43.10219299999999],[-79.046848,43.10192699999998],[-79.04685099999999,43.10174999999999],[-79.04734499999999,43.10175199999999],[-79.04883,43.10176],[-79.049325,43.10176299999999],[-79.04927699999999,43.101938],[-79.04920299999999,43.102214],[-79.04913499999999,43.102466],[-79.049088,43.10264199999999],[-79.049039,43.10283199999999],[-79.048966,43.103123999999994],[-79.048958,43.103221999999995],[-79.048957,43.103414],[-79.048957,43.103610999999994],[-79.048957,43.10381299999999],[-79.048958,43.104131999999986],[-79.048958,43.104417999999995],[-79.048959,43.104620999999995],[-79.048959,43.104806999999994],[-79.04896099999999,43.10499],[-79.048964,43.10546899999999],[-79.048965,43.10562999999999],[-79.048965,43.10585599999999],[-79.04896699999999,43.106536],[-79.04896800000002,43.106763],[-79.048969,43.10695099999999],[-79.04897199999999,43.107516],[-79.048974,43.107705],[-79.04845000000002,43.107701000000006],[-79.04777899999999,43.10769699999999],[-79.04687799999999,43.107701999999996],[-79.046354,43.107704999999996],[-79.045896,43.10769799999999],[-79.045335,43.10769099999998],[-79.044523,43.107694999999985],[-79.044066,43.107698],[-79.043768,43.10769599999999],[-79.042875,43.10769299999999],[-79.04257799999999,43.10769199999999],[-79.04258,43.10750099999999],[-79.04258999999999,43.106927999999996],[-79.042594,43.106738],[-79.042819,43.10673799999999],[-79.043494,43.10673999999999],[-79.043719,43.106740999999985],[-79.043719,43.106577],[-79.04372099999999,43.106085999999976],[-79.043722,43.10592299999999],[-79.043722,43.10585799999999],[-79.043723,43.105663],[-79.043724,43.10559899999999],[-79.043724,43.105501999999994],[-79.04372599999999,43.10521499999999],[-79.04372699999999,43.10511900000001],[-79.04372699999999,43.105018],[-79.04373,43.104715],[-79.04373100000001,43.104615],[-79.043734,43.10432700000001],[-79.04374299999999,43.103631],[-79.04375399999999,43.103629999999995]]]},"properties":{"geoid":"360630206001","name":"Block Group 1","pop":577.0,"obs_Mesothelioma":0.0,"exp_Mesothelioma":0.02,"sir_Mesothelioma":0.0,"obs_Lung":5.0,"exp_Lung":1.5,"sir_Lung":3.328,"obs_Bladder":2.0,"exp_Bladder":0.57,"sir_Bladder":3.516,"obs_Esophagus":0.0,"exp_Esophagus":0.12,"sir_Esophagus":0.0,"obs_Oral":0.0,"exp_Oral":0.28,"sir_Oral":0.0,"obs_Brain":0.0,"exp_Brain":0.18,"sir_Brain":0.0,"hlarea_Lung":1,"hlarea_Bladder":0,"hlarea_Esophagus":1,"hlarea_Oral":0,"hlarea_Brain":0,"hlarea_Mesothelioma":0,"merged_area":false,"doh_region":"360630206001"}},{"type":"Feature","geometry":{"type":"Polygon","coordinates":[[[-78.96387,43.07891],[-78.963863,43.07898],[-78.96385699999999,43.07904099999999],[-78.963842,43.079191],[-78.963836,43.079262],[-78.96382,43.07943399999999],[-78.963779,43.079882],[-78.963781,43.07995],[-78.963788,43.08012300000001],[-78.96379600000002,43.08020599999999],[-78.963821,43.08045699999999],[-78.96383,43.08054099999999],[-78.963854,43.08079299999999],[-78.963928,43.08155099999999],[-78.96395299999999,43.081804000000005],[-78.96397400000001,43.082014],[-78.96404,43.082648],[-78.964062,43.082859],[-78.96407599999999,43.083014000000006],[-78.96408699999999,43.08313199999999],[-78.96411499999999,43.08320000000001],[-78.964274,43.08342599999999],[-78.964364,43.083554],[-78.96462100000001,43.08353999999999],[-78.964857,43.08354],[-78.96622400000001,43.08354200000001],[-78.966338,43.083560999999996],[-78.96637199999999,43.083567],[-78.966498,43.08361499999999],[-78.96676699999999,43.083797],[-78.966853,43.083748],[-78.967023,43.08371400000001],[-78.967029,43.083712999999996],[-78.967756,43.083602],[-78.967856,43.083589999999994],[-78.968133,43.08355999999999],[-78.968267,43.08355799999999],[-78.96847600000001,43.083577999999996],[-78.968514,43.083581999999986],[-78.96875299999999,43.08363099999998],[-78.96886099999999,43.08368699999999],[-78.969047,43.083811999999995],[-78.9692,43.08395599999999],[-78.969324,43.084106000000006],[-78.969545,43.084371],[-78.969635,43.084364999999984],[-78.969723,43.08436299999999],[-78.97026,43.084357],[-78.970439,43.084355],[-78.970451,43.084916],[-78.970486,43.08644599999999],[-78.970489,43.08660000000001],[-78.9705,43.087162],[-78.969875,43.087171],[-78.969712,43.08717399999999],[-78.969447,43.08718499999999],[-78.96879,43.087266],[-78.96831,43.08736599999999],[-78.968029,43.087446],[-78.967901,43.08748399999998],[-78.967438,43.08764699999999],[-78.96712699999999,43.08776499999999],[-78.966196,43.08812],[-78.966017,43.08818899999999],[-78.965977,43.08819799999999],[-78.96587799999999,43.08819599999999],[-78.965749,43.088007],[-78.965611,43.087802999999994],[-78.965353,43.08744799999998],[-78.96521899999999,43.087264],[-78.964923,43.08683899999999],[-78.964896,43.08680199999999],[-78.96406499999999,43.085626],[-78.963914,43.085428],[-78.96381,43.08528999999999],[-78.963684,43.085179],[-78.96349699999999,43.08505999999999],[-78.96336600000001,43.084987999999996],[-78.963063,43.08482399999999],[-78.962976,43.084770999999996],[-78.96285,43.08469399999999],[-78.962897,43.084846],[-78.962908,43.085086999999994],[-78.96292,43.08531999999999],[-78.962909,43.08543499999999],[-78.962809,43.085849999999986],[-78.962738,43.086206999999995],[-78.96273,43.08626999999999],[-78.96269699999999,43.08656999999999],[-78.962696,43.08666999999999],[-78.962634,43.086668999999986],[-78.962448,43.086668],[-78.962386,43.086668],[-78.962443,43.086194],[-78.962484,43.086043],[-78.962648,43.085451000000006],[-78.962668,43.085059999999984],[-78.96262,43.084785000000004],[-78.96247799999999,43.084472999999996],[-78.96231399999999,43.084253999999994],[-78.96193500000001,43.083747],[-78.961433,43.08307599999999],[-78.96121699999999,43.08278800000001],[-78.960537,43.081925000000005],[-78.96025399999999,43.081473999999986],[-78.96001299999999,43.081011999999994],[-78.95994300000001,43.080876999999994],[-78.95984299999999,43.08048699999999],[-78.959808,43.080206999999994],[-78.95980399999999,43.080175],[-78.95984299999999,43.07993899999998],[-78.95985999999999,43.07986599999998],[-78.959914,43.079638],[-78.96007000000002,43.079135],[-78.960149,43.078987],[-78.960223,43.07890799999999],[-78.96046199999999,43.07865699999999],[-78.960577,43.07866499999999],[-78.960922,43.07868999999999],[-78.96103699999999,43.07869899999999],[-78.96158199999999,43.07874199999999],[-78.961603,43.078742999999996],[-78.962629,43.07882999999998],[-78.963104,43.078861],[-78.963302,43.078873],[-78.96387,43.07891]]]},"properties":{"geoid":"360630223002","name":"Block Group 2","pop":729.0,"obs_Mesothelioma":0.0,"exp_Mesothelioma":0.04,"sir_Mesothelioma":0.0,"obs_Lung":2.0,"exp_Lung":2.39,"sir_Lung":0.836,"obs_Bladder":1.0,"exp_Bladder":1.0,"sir_Bladder":0.996,"obs_Esophagus":0.0,"exp_Esophagus":0.19,"sir_Esophagus":0.0,"obs_Oral":2.0,"exp_Oral":0.42,"sir_Oral":4.712,"obs_Brain":0.0,"exp_Brain":0.26,"sir_Brain":0.0,"hlarea_Lung":1,"hlarea_Bladder":1,"hlarea_Esophagus":1,"hlarea_Oral":0,"hlarea_Brain":0,"hlarea_Mesothelioma":0,"merged_area":false,"doh_region":"360630223002"}},{"type":"Feature","geometry":{"type":"Polygon","coordinates":[[[-78.696855,43.162611],[-78.69685299999999,43.16473899999998],[-78.69554099999999,43.16471099999998],[-78.694447,43.16468999999999],[-78.694448,43.16468799999999],[-78.694362,43.16468899999999],[-78.69353,43.164673],[-78.692578,43.164657],[-78.691716,43.16464399999998],[-78.690573,43.16461899999998],[-78.690332,43.16461299999999],[-78.689612,43.16459799999999],[-78.68937199999999,43.164592999999996],[-78.689336,43.164592],[-78.689228,43.16459],[-78.689193,43.16458999999999],[-78.689196,43.16447799999998],[-78.68920399999999,43.164145],[-78.689208,43.16403399999999],[-78.68921,43.16393099999999],[-78.689218,43.163624999999996],[-78.689222,43.163523],[-78.689228,43.16328699999998],[-78.689246,43.16258199999999],[-78.68925300000001,43.162347],[-78.689255,43.16220500000001],[-78.689264,43.16178199999999],[-78.689268,43.161640999999996],[-78.689273,43.161378],[-78.68929,43.16058799999999],[-78.68929600000001,43.160326],[-78.68956299999999,43.16033099999999],[-78.690364,43.16034599999999],[-78.690632,43.16035199999999],[-78.69176900000001,43.160378],[-78.693561,43.160409],[-78.694073,43.16042199999999],[-78.694221,43.160424],[-78.696201,43.160461],[-78.696263,43.160462999999986],[-78.696862,43.160467],[-78.69686,43.161711999999994],[-78.696856,43.16244599999999],[-78.696856,43.162456999999996],[-78.696855,43.16260499999999],[-78.696855,43.162611]]]},"properties":{"geoid":"360630239013","name":"Block Group 3","pop":828.0,"obs_Mesothelioma":0.0,"exp_Mesothelioma":0.04,"sir_Mesothelioma":0.0,"obs_Lung":6.0,"exp_Lung":2.59,"sir_Lung":2.312,"obs_Bladder":2.0,"exp_Bladder":0.97,"sir_Bladder":2.058,"obs_Esophagus":1.0,"exp_Esophagus":0.19,"sir_Esophagus":5.159,"obs_Oral":0.0,"exp_Oral":0.44,"sir_Oral":0.0,"obs_Brain":0.0,"exp_Brain":0.28,"sir_Brain":0.0,"hlarea_Lung":1,"hlarea_Bladder":1,"hlarea_Esophagus":1,"hlarea_Oral":0,"hlarea_Brain":0,"hlarea_Mesothelioma":0,"merged_area":false,"doh_region":"360630239013"}},{"type":"Feature","geometry":{"type":"Polygon","coordinates":[[[-78.685598,43.176708999999995],[-78.686476,43.176095999999994],[-78.687392,43.175459],[-78.68785299999999,43.175157],[-78.68803,43.175042999999995],[-78.688841,43.17445999999999],[-78.689105,43.17425],[-78.689394,43.17402299999999],[-78.689854,43.173489999999994],[-78.68986799999999,43.17348999999998],[-78.68991,43.17349],[-78.68992399999999,43.17349099999999],[-78.68998800000001,43.17349099999999],[-78.690029,43.173491999999996],[-78.690181,43.17349299999999],[-78.69024600000002,43.17349399999999],[-78.69221999999999,43.173503000000004],[-78.69310600000001,43.173505],[-78.693998,43.17350599999999],[-78.694642,43.173494],[-78.694914,43.173469999999995],[-78.695117,43.173441],[-78.695714,43.173353],[-78.696264,43.173231],[-78.69685299999999,43.173059999999985],[-78.69685299999999,43.173469999999995],[-78.69685,43.174339999999994],[-78.696851,43.17451599999999],[-78.696854,43.17504799999999],[-78.696856,43.17522499999999],[-78.696857,43.175397999999994],[-78.69686,43.17591899999999],[-78.696862,43.17609299999997],[-78.696863,43.17627799999999],[-78.696865,43.176832],[-78.696867,43.17701799999999],[-78.696867,43.177095999999985],[-78.696867,43.177330999999995],[-78.696867,43.17740999999999],[-78.696865,43.177499999999995],[-78.696861,43.177771],[-78.69686,43.177862],[-78.696859,43.177986],[-78.696855,43.178358],[-78.696855,43.17848299999999],[-78.696854,43.178692000000005],[-78.696851,43.17931899999999],[-78.696851,43.179529],[-78.69685,43.17957199999999],[-78.696848,43.179700000000004],[-78.696848,43.17974399999999],[-78.69685299999999,43.180205999999984],[-78.696855,43.18028799999999],[-78.696893,43.180391],[-78.69695999999999,43.180474999999994],[-78.69702699999999,43.180519],[-78.69770799999999,43.18086699999999],[-78.697811,43.180967],[-78.697834,43.181013],[-78.697836,43.181059999999995],[-78.69784,43.181154],[-78.697811,43.181521999999994],[-78.697181,43.18123499999999],[-78.69674499999999,43.18106399999999],[-78.696438,43.180944999999994],[-78.696123,43.180859999999996],[-78.695701,43.180767999999986],[-78.694137,43.18050199999999],[-78.69407,43.180488000000004],[-78.693489,43.180307],[-78.693367,43.180262],[-78.6926,43.17998299999999],[-78.692492,43.17995399999999],[-78.692371,43.179938],[-78.692264,43.17996199999999],[-78.692314,43.180054],[-78.692465,43.18033299999999],[-78.692516,43.18042599999998],[-78.692337,43.18048399999999],[-78.691803,43.180659999999996],[-78.691625,43.18071899999999],[-78.691332,43.180181999999995],[-78.691284,43.18009500000001],[-78.690878,43.179404],[-78.690837,43.17931],[-78.690843,43.17848099999999],[-78.690849,43.177870999999975],[-78.690838,43.17739599999999],[-78.690837,43.17730199999999],[-78.690845,43.176704999999984],[-78.690834,43.175973],[-78.690833,43.17584999999999],[-78.690817,43.17575499999999],[-78.690769,43.17562599999999],[-78.690691,43.175539],[-78.689832,43.176184],[-78.68891699999999,43.17684099999999],[-78.688619,43.17703799999999],[-78.688485,43.17712599999999],[-78.688414,43.177172999999996],[-78.68750299999999,43.17776899999999],[-78.687406,43.177817999999995],[-78.687161,43.177986],[-78.68618099999999,43.177175999999996],[-78.686098,43.177108000000004],[-78.685975,43.177008000000015],[-78.685848,43.176907],[-78.685765,43.176840999999996],[-78.68574699999999,43.176826],[-78.685693,43.176784],[-78.685675,43.17676999999999],[-78.685659,43.17675699999999],[-78.68561299999999,43.176721],[-78.685598,43.176708999999995]]]},"properties":{"geoid":"360630235001","name":"Block Group 1","pop":1536.0,"obs_Mesothelioma":0.0,"exp_Mesothelioma":0.0612925538,"sir_Mesothelioma":0.0,"obs_Lung":4.0,"exp_Lung":4.3102199971,"sir_Lung":0.928,"obs_Bladder":1.0,"exp_Bladder":1.6061900683,"sir_Bladder":0.623,"obs_Esophagus":0.0,"exp_Esophagus":0.3409731748,"sir_Esophagus":0.0,"obs_Oral":1.0,"exp_Oral":0.7877050298,"sir_Oral":1.27,"obs_Brain":0.0,"exp_Brain":0.5025778825,"sir_Brain":0.0,"hlarea_Lung":1,"hlarea_Bladder":1,"hlarea_Esophagus":1,"hlarea_Oral":0,"hlarea_Brain":0,"hlarea_Mesothelioma":0,"doh_region":"36063DOH0301","merged_area":true,"merged_bg_count":2}},{"type":"Feature","geometry":{"type":"Polygon","coordinates":[[[-78.850527,43.04868099999999],[-78.85057499999999,43.048646],[-78.85069299999999,43.048556],[-78.85090699999999,43.048395],[-78.850983,43.048337999999994],[-78.85121199999999,43.048168000000004],[-78.851289,43.048111999999996],[-78.851992,43.047585],[-78.854101,43.04600800000001],[-78.854805,43.04548299999999],[-78.854867,43.04548199999999],[-78.85492300000001,43.04548199999999],[-78.85505599999999,43.04548],[-78.855119,43.04547999999998],[-78.855273,43.04547799999999],[-78.855736,43.04547600000001],[-78.855891,43.045476],[-78.85641199999999,43.045473000000015],[-78.857975,43.04546499999999],[-78.858273,43.045463999999996],[-78.858497,43.045463999999996],[-78.857597,43.046488000000004],[-78.85698599999999,43.047145],[-78.856964,43.047169999999994],[-78.856544,43.04758799999999],[-78.85635200000002,43.04778099999999],[-78.855342,43.04889],[-78.85476799999999,43.04954399999999],[-78.85416,43.050212],[-78.85319299999999,43.051294999999996],[-78.852409,43.05214899999999],[-78.85201099999999,43.05258399999999],[-78.850857,43.053792],[-78.850381,43.054289],[-78.850087,43.054598],[-78.849137,43.055647],[-78.848994,43.05581799999998],[-78.848554,43.05634699999999],[-78.848427,43.056498],[-78.848068,43.05693],[-78.848046,43.056953],[-78.847915,43.05710100000001],[-78.848055,43.05712899999998],[-78.84847599999999,43.05721299999999],[-78.84861699999999,43.05724099999999],[-78.848804,43.057329999999986],[-78.849366,43.05759899999999],[-78.849554,43.05768899999998],[-78.850184,43.058],[-78.850199,43.05800800000001],[-78.850364,43.05812799999999],[-78.850534,43.058302],[-78.850669,43.05850899999999],[-78.850728,43.058686999999985],[-78.85074999999999,43.05917099999999],[-78.850743,43.05989899999999],[-78.85073799999999,43.06060300000001],[-78.850961,43.0606],[-78.851633,43.06059499999999],[-78.851858,43.060593],[-78.851857,43.060745999999995],[-78.851856,43.06120699999998],[-78.851856,43.06136099999999],[-78.852076,43.06132799999999],[-78.852081,43.061325999999994],[-78.852471,43.061246999999995],[-78.85274799999999,43.061178999999996],[-78.85297,43.061125],[-78.85297,43.06130100000001],[-78.852972,43.061828999999996],[-78.85297299999999,43.06200599999999],[-78.852976,43.06226199999999],[-78.85297899999999,43.062463],[-78.853089,43.062941999999985],[-78.853099,43.06301999999999],[-78.853115,43.063143999999994],[-78.853118,43.063275999999995],[-78.853117,43.06342599999999],[-78.853116,43.06387599999999],[-78.853116,43.06402699999999],[-78.853115,43.064204],[-78.853113,43.064733999999994],[-78.853113,43.064912],[-78.853758,43.064916],[-78.854006,43.064918],[-78.855696,43.064904999999996],[-78.856342,43.064901],[-78.857017,43.064907999999996],[-78.85730099999999,43.064906999999984],[-78.86017799999999,43.0649],[-78.861138,43.06489799999999],[-78.861627,43.06489800000001],[-78.86168599999999,43.064898],[-78.861882,43.06489099999998],[-78.862094,43.064862999999995],[-78.863073,43.06465099999999],[-78.863552,43.06454799999998],[-78.864013,43.06443999999999],[-78.864474,43.06433299999999],[-78.86540000000001,43.064125999999995],[-78.86561999999999,43.064078],[-78.865865,43.064034],[-78.865876,43.064617],[-78.865912,43.06636899999998],[-78.86592399999999,43.06695299999999],[-78.86592700000001,43.06719299999999],[-78.865938,43.067913999999995],[-78.865939,43.067969000000005],[-78.86594199999999,43.068133],[-78.86594199999999,43.06815499999999],[-78.86225,43.068135999999996],[-78.851174,43.068082],[-78.847482,43.068064],[-78.847388,43.068058],[-78.847107,43.06803999999999],[-78.847014,43.06803399999999],[-78.846869,43.067948],[-78.84674199999999,43.06786399999999],[-78.84647600000001,43.067688],[-78.846091,43.067433],[-78.845884,43.067281],[-78.845654,43.067077],[-78.84540799999999,43.066749],[-78.845209,43.066458000000004],[-78.845143,43.066345999999996],[-78.844987,43.06608],[-78.84486,43.065774999999995],[-78.84476099999999,43.06558199999999],[-78.844554,43.06517399999999],[-78.84445099999999,43.065012999999986],[-78.844335,43.064830999999984],[-78.844312,43.06479499999999],[-78.84429,43.06476800000001],[-78.844145,43.064591],[-78.844097,43.06453199999999],[-78.843718,43.064121],[-78.843127,43.063527],[-78.843074,43.063474],[-78.842895,43.063309999999994],[-78.84252,43.062901999999994],[-78.842516,43.062896],[-78.84197499999999,43.06234299999999],[-78.841507,43.061909],[-78.84149099999999,43.061893],[-78.84075299999999,43.06127299999999],[-78.84040399999999,43.06091399999999],[-78.83981899999999,43.060345999999996],[-78.839744,43.060263],[-78.83958299999999,43.060127],[-78.839118,43.05982600000001],[-78.83860899999999,43.059516],[-78.838454,43.05945899999999],[-78.838368,43.059445],[-78.838149,43.059474],[-78.838143,43.059473000000004],[-78.837564,43.05946699999999],[-78.837394,43.05946099999999],[-78.837265,43.05944100000001],[-78.837153,43.059402],[-78.836953,43.059276999999994],[-78.83680900000002,43.05916299999999],[-78.83717999999999,43.05887500000001],[-78.837254,43.05887199999999],[-78.83739,43.05886799999999],[-78.837273,43.058837999999994],[-78.837311,43.058784],[-78.837327,43.058754],[-78.837378,43.05868199999999],[-78.83750900000001,43.058502],[-78.837644,43.05836399999999],[-78.837763,43.05825599999999],[-78.839494,43.056945999999996],[-78.839568,43.05687999999999],[-78.839753,43.05674899999998],[-78.841026,43.055801],[-78.841291,43.05560099999999],[-78.841645,43.055336],[-78.84208699999999,43.055005],[-78.842353,43.054807],[-78.842497,43.05469699999999],[-78.842931,43.05436900000001],[-78.843076,43.05426],[-78.843324,43.054072999999995],[-78.844071,43.05351499999999],[-78.84432,43.053329],[-78.844714,43.053031999999995],[-78.845899,43.05214199999999],[-78.846295,43.05184599999999],[-78.846469,43.05171299999999],[-78.846555,43.051648],[-78.84734200000001,43.051063],[-78.847605,43.05086899999999],[-78.848051,43.050534],[-78.84939,43.04953299999999],[-78.849837,43.04919999999999],[-78.850051,43.04903900000001],[-78.850527,43.04868099999999]]]},"properties":{"geoid":"360630228042","name":"Block Group 2","pop":1553.0,"obs_Mesothelioma":0.0,"exp_Mesothelioma":0.1,"sir_Mesothelioma":0.0,"obs_Lung":10.0,"exp_Lung":7.08,"sir_Lung":1.413,"obs_Bladder":3.0,"exp_Bladder":2.73,"sir_Bladder":1.098,"obs_Esophagus":0.0,"exp_Esophagus":0.55,"sir_Esophagus":0.0,"obs_Oral":1.0,"exp_Oral":1.16,"sir_Oral":0.861,"obs_Brain":1.0,"exp_Brain":0.64,"sir_Brain":1.567,"hlarea_Lung":1,"hlarea_Bladder":1,"hlarea_Esophagus":1,"hlarea_Oral":0,"hlarea_Brain":0,"hlarea_Mesothelioma":0,"merged_area":false,"doh_region":"360630228042"}},{"type":"Feature","geometry":{"type":"Polygon","coordinates":[[[-78.60441,43.305682],[-78.604182,43.305687000000006],[-78.603571,43.305676],[-78.60252,43.30563799999998],[-78.60081799999999,43.30559],[-78.599153,43.30553],[-78.598495,43.30551300000001],[-78.593272,43.30538299999999],[-78.59213299999999,43.305364999999995],[-78.5894,43.30530699999999],[-78.58585699999999,43.305206999999996],[-78.584321,43.305174],[-78.580749,43.30506599999999],[-78.576461,43.30493699999999],[-78.574835,43.304888],[-78.573464,43.304873],[-78.573394,43.30487],[-78.570385,43.304781],[-78.569076,43.304729],[-78.568913,43.30472299999999],[-78.56763699999999,43.304686],[-78.56588699999999,43.304632999999995],[-78.56484499999999,43.30460199999998],[-78.56063999999999,43.304448],[-78.558891,43.30438499999999],[-78.55794,43.304345999999995],[-78.557013,43.304308000000006],[-78.555087,43.304241],[-78.554136,43.304209],[-78.554035,43.303785999999995],[-78.553854,43.303278000000006],[-78.55373,43.303020999999994],[-78.553634,43.30285800000001],[-78.55337999999999,43.30247099999999],[-78.55324399999999,43.30230799999999],[-78.552835,43.30185600000001],[-78.55227,43.30130899999999],[-78.551831,43.300875],[-78.551463,43.300511],[-78.55110499999999,43.300101999999995],[-78.55082,43.299703999999984],[-78.55063899999999,43.29940799999999],[-78.54936599999999,43.297185],[-78.548943,43.29649099999999],[-78.54831600000001,43.295424999999994],[-78.548107,43.295018999999996],[-78.54797400000001,43.29465999999999],[-78.547895,43.294347],[-78.54783599999999,43.293980999999995],[-78.54781899999999,43.293631],[-78.547822,43.292750999999996],[-78.54796499999999,43.29039799999999],[-78.548001,43.289619],[-78.548023,43.28916699999999],[-78.54813999999999,43.287099999999995],[-78.548191,43.28636099999999],[-78.548231,43.28548999999998],[-78.54826899999999,43.284791],[-78.548385,43.28269699999999],[-78.548424,43.281999],[-78.548539,43.279806],[-78.548602,43.278611],[-78.548907,43.27322899999999],[-78.549032,43.271037],[-78.54907,43.27006799999999],[-78.549123,43.26876899999998],[-78.549156,43.26754799999999],[-78.549174,43.26716],[-78.549221,43.26619199999999],[-78.549257,43.265327],[-78.54926600000002,43.26513599999999],[-78.54929899999999,43.264216999999995],[-78.549359,43.26273200000001],[-78.54939499999999,43.261868],[-78.54945699999999,43.26034099999999],[-78.549459,43.260266],[-78.54954099999999,43.25753099999999],[-78.549577,43.255772],[-78.54958599999999,43.255461],[-78.54963599999999,43.253859999999996],[-78.549645,43.253315],[-78.54967599999999,43.25168],[-78.54968699999999,43.251135999999995],[-78.549689,43.25105599999999],[-78.549722,43.24877399999999],[-78.549827,43.241689],[-78.549863,43.239328],[-78.549863,43.23925099999999],[-78.549863,43.23901999999999],[-78.549863,43.238944],[-78.549855,43.238623999999994],[-78.549853,43.238496999999995],[-78.54980599999999,43.238246999999994],[-78.54972099999999,43.237969],[-78.549602,43.23770799999999],[-78.54947,43.237418000000005],[-78.54932,43.23705999999999],[-78.54928,43.236924],[-78.549255,43.23665199999999],[-78.54928,43.235827],[-78.549352,43.23203699999999],[-78.549356,43.231932],[-78.549379,43.23141199999999],[-78.549416,43.23120800000001],[-78.549503,43.23099199999999],[-78.54965399999999,43.23077999999999],[-78.550631,43.229665],[-78.551498,43.228721],[-78.551863,43.228345999999995],[-78.552497,43.227774],[-78.55373399999999,43.22672999999999],[-78.554,43.226551999999984],[-78.554349,43.226366999999996],[-78.555644,43.22577099999999],[-78.556206,43.22551699999999],[-78.55674499999999,43.225289999999994],[-78.55738199999999,43.225038999999995],[-78.558007,43.224835999999996],[-78.558537,43.22467699999999],[-78.55914,43.22452199999999],[-78.560029,43.22427299999999],[-78.560836,43.224033999999996],[-78.56116,43.223928],[-78.56150099999999,43.22379699999999],[-78.561881,43.223624000000015],[-78.562158,43.223478],[-78.562608,43.223203999999996],[-78.562828,43.223071999999995],[-78.56331999999999,43.222727000000006],[-78.564098,43.22211799999999],[-78.56553,43.22092199999999],[-78.566114,43.22041],[-78.566296,43.220231999999996],[-78.566429,43.220072999999985],[-78.566626,43.21973399999999],[-78.566704,43.21957],[-78.56676999999999,43.219395],[-78.566806,43.21923699999999],[-78.566828,43.219085],[-78.566846,43.21897],[-78.566845,43.2187],[-78.566701,43.217589999999994],[-78.56665199999999,43.21720599999999],[-78.566638,43.21709299999999],[-78.56733700000001,43.217099],[-78.569436,43.21712],[-78.57013599999999,43.217127],[-78.57081099999999,43.21713299999998],[-78.572836,43.217152999999996],[-78.573512,43.21715999999999],[-78.574051,43.21716599999998],[-78.57566899999999,43.21718500000001],[-78.57620899999999,43.217192],[-78.580227,43.21723699999999],[-78.592281,43.21737199999999],[-78.5963,43.217417999999995],[-78.61036200000001,43.21763699999999],[-78.619006,43.21777099999999],[-78.61955499999999,43.217788],[-78.621202,43.217839],[-78.621752,43.217856999999995],[-78.622683,43.217928],[-78.62547599999999,43.218143999999995],[-78.626407,43.21821599999999],[-78.628455,43.21835099999999],[-78.63333399999999,43.218672999999995],[-78.634599,43.21875499999999],[-78.636648,43.218889],[-78.636639,43.21932999999999],[-78.636631,43.219733999999995],[-78.63658099999999,43.222272],[-78.63656499999999,43.223119],[-78.636563,43.22356599999999],[-78.636561,43.22490699999999],[-78.63656,43.225354999999986],[-78.636561,43.22835099999999],[-78.63656399999999,43.237340999999994],[-78.63656499999999,43.240338],[-78.636552,43.24107899999999],[-78.636517,43.24330299999998],[-78.636505,43.244045],[-78.636498,43.245191999999996],[-78.636494,43.24596499999999],[-78.63649,43.246643999999996],[-78.63648599999999,43.247322],[-78.636478,43.24863299999999],[-78.636472,43.249781000000006],[-78.636108,43.252903999999994],[-78.635611,43.257163999999996],[-78.63501699999999,43.26227300000001],[-78.634654,43.265397],[-78.634663,43.266407],[-78.634692,43.269436999999996],[-78.63470199999999,43.270447999999995],[-78.63469599999999,43.271204000000004],[-78.634681,43.27347399999999],[-78.634676,43.27423099999999],[-78.634654,43.276734],[-78.63459,43.284243999999994],[-78.634569,43.286747999999996],[-78.634569,43.287132],[-78.63457199999999,43.288284],[-78.63457300000002,43.288668],[-78.634669,43.292202],[-78.634958,43.30280599999999],[-78.635055,43.30634099999999],[-78.634576,43.30632999999998],[-78.633789,43.30630999999999],[-78.63353300000001,43.306304999999995],[-78.629223,43.306227],[-78.628968,43.306222999999996],[-78.62744699999999,43.30620499999999],[-78.625722,43.306194999999995],[-78.62467099999999,43.30618899999998],[-78.620547,43.306121999999995],[-78.61882299999999,43.30609399999999],[-78.617795,43.306064],[-78.614712,43.305974],[-78.61368499999999,43.30594499999999],[-78.612669,43.305909],[-78.61226400000001,43.305898],[-78.609479,43.30582999999999],[-78.608001,43.30577400000001],[-78.60658099999999,43.30572099999999],[-78.606146,43.30570899999999],[-78.60588,43.305702],[-78.604911,43.305702],[-78.604843,43.30569899999999],[-78.60441,43.305682]]]},"properties":{"geoid":"360630241011","name":"Block Group 1","pop":2079.0,"obs_Mesothelioma":0.0,"exp_Mesothelioma":0.11,"sir_Mesothelioma":0.0,"obs_Lung":11.0,"exp_Lung":7.43,"sir_Lung":1.48,"obs_Bladder":5.0,"exp_Bladder":2.95,"sir_Bladder":1.692,"obs_Esophagus":0.0,"exp_Esophagus":0.61,"sir_Esophagus":0.0,"obs_Oral":1.0,"exp_Oral":1.34,"sir_Oral":0.748,"obs_Brain":3.0,"exp_Brain":0.77,"sir_Brain":3.904,"hlarea_Lung":0,"hlarea_Bladder":1,"hlarea_Esophagus":0,"hlarea_Oral":0,"hlarea_Brain":0,"hlarea_Mesothelioma":0,"merged_area":false,"doh_region":"360630241011"}},{"type":"Feature","geometry":{"type":"Polygon","coordinates":[[[-79.05281599999999,43.17979700000001],[-79.049011,43.179787999999995],[-79.04639,43.179782],[-79.04545399999999,43.179807],[-79.04466099999999,43.179807999999994],[-79.04410299999999,43.17978899999999],[-79.043533,43.179769],[-79.041752,43.17976699999999],[-79.040396,43.17978499999998],[-79.04043899999999,43.179359],[-79.040472,43.17906999999999],[-79.040486,43.178963999999986],[-79.039912,43.178937999999995],[-79.039222,43.17890799999999],[-79.038805,43.17889699999999],[-79.038451,43.17890099999999],[-79.03819,43.178917999999996],[-79.037617,43.17895699999999],[-79.03765299999999,43.178605999999995],[-79.037762,43.177555999999996],[-79.03779899999999,43.177206000000005],[-79.037926,43.17721199999998],[-79.038307,43.17723199999999],[-79.03843499999999,43.177239],[-79.038663,43.177251000000005],[-79.03934799999999,43.177287],[-79.039577,43.1773],[-79.03961,43.176983],[-79.039711,43.176033999999994],[-79.03972999999999,43.175857],[-79.039749,43.175791999999994],[-79.039801,43.17574199999999],[-79.039833,43.175667000000004],[-79.03985999999999,43.17543899999998],[-79.039902,43.175086999999984],[-79.039941,43.174509],[-79.03995599999999,43.17430199999999],[-79.03993799999999,43.174201000000004],[-79.039912,43.17411599999999],[-79.03990399999999,43.17400399999999],[-79.039913,43.173894999999995],[-79.039997,43.17296899999999],[-79.040026,43.17266099999999],[-79.04025299999999,43.17267299999999],[-79.040934,43.172710999999985],[-79.041162,43.172723999999995],[-79.041416,43.172739],[-79.04217799999999,43.172786],[-79.042433,43.17280199999998],[-79.042852,43.17282699999999],[-79.04410899999999,43.172902],[-79.044529,43.172926999999994],[-79.04474499999999,43.172938999999985],[-79.045039,43.17295599999999],[-79.04539299999999,43.17298399999999],[-79.04561,43.17300199999999],[-79.045853,43.173017],[-79.046103,43.173033999999994],[-79.046583,43.17305099999999],[-79.046827,43.173061000000004],[-79.04702999999999,43.17307099999999],[-79.04764,43.173100999999996],[-79.04784400000001,43.173111999999996],[-79.048051,43.17311999999998],[-79.048672,43.173146999999986],[-79.048879,43.17315599999999],[-79.04898899999999,43.173209],[-79.049121,43.17327199999999],[-79.04914400000001,43.17330099999999],[-79.04912399999999,43.173484999999985],[-79.049111,43.173607999999994],[-79.049194,43.173607],[-79.049444,43.173607],[-79.049528,43.173607],[-79.050162,43.173516],[-79.050416,43.17348],[-79.051174,43.17328799999999],[-79.052007,43.17298999999999],[-79.052611,43.172775],[-79.052925,43.17345999999999],[-79.05291799999999,43.17399599999999],[-79.052872,43.17786499999999],[-79.052858,43.17915499999999],[-79.05281599999999,43.17979700000001]]]},"properties":{"geoid":"360630244013","name":"Block Group 3","pop":710.0,"obs_Mesothelioma":0.0,"exp_Mesothelioma":0.05,"sir_Mesothelioma":0.0,"obs_Lung":5.0,"exp_Lung":3.51,"sir_Lung":1.424,"obs_Bladder":2.0,"exp_Bladder":1.36,"sir_Bladder":1.473,"obs_Esophagus":0.0,"exp_Esophagus":0.26,"sir_Esophagus":0.0,"obs_Oral":1.0,"exp_Oral":0.54,"sir_Oral":1.857,"obs_Brain":0.0,"exp_Brain":0.3,"sir_Brain":0.0,"hlarea_Lung":0,"hlarea_Bladder":0,"hlarea_Esophagus":1,"hlarea_Oral":0,"hlarea_Brain":0,"hlarea_Mesothelioma":0,"merged_area":false,"doh_region":"360630244013"}},{"type":"Feature","geometry":{"type":"Polygon","coordinates":[[[-78.966882,43.07911500000001],[-78.966622,43.07909499999999],[-78.966364,43.079076],[-78.965845,43.07904099999999],[-78.965586,43.079024000000004],[-78.965242,43.07900099999999],[-78.964213,43.07893199999999],[-78.96387,43.07891],[-78.963302,43.078873],[-78.963104,43.078861],[-78.962629,43.07882999999998],[-78.961603,43.078742999999996],[-78.96158199999999,43.07874199999999],[-78.96103699999999,43.07869899999999],[-78.961139,43.07859799999999],[-78.961141,43.07859599999999],[-78.961208,43.07853999999999],[-78.96126699999999,43.07849099999999],[-78.961489,43.078329000000004],[-78.961608,43.078243000000015],[-78.961704,43.078177],[-78.961895,43.078046999999984],[-78.96199399999999,43.077979],[-78.962091,43.07791299999998],[-78.962291,43.077796],[-78.962559,43.07764099999999],[-78.962904,43.077469],[-78.963112,43.07736599999999],[-78.963754,43.07705399999999],[-78.96397999999999,43.076952],[-78.964867,43.076507],[-78.965031,43.076426999999995],[-78.965352,43.076272],[-78.96553,43.076201],[-78.9657,43.07613399999999],[-78.966047,43.07603199999999],[-78.966143,43.07601],[-78.966368,43.07595899999999],[-78.966494,43.075938999999984],[-78.966808,43.075888000000006],[-78.966925,43.07587599999999],[-78.96750999999999,43.075817],[-78.967969,43.075772],[-78.968114,43.075754999999994],[-78.96815699999999,43.07574999999999],[-78.968249,43.075739],[-78.968546,43.075685],[-78.96869,43.07565999999999],[-78.968895,43.075616999999994],[-78.968982,43.0756],[-78.969507,43.075471],[-78.96971099999999,43.075420999999984],[-78.970002,43.075342],[-78.970017,43.07533599999999],[-78.970278,43.075254],[-78.97091999999999,43.075027],[-78.971221,43.074921999999994],[-78.971448,43.07484199999998],[-78.97196,43.074664],[-78.972134,43.074611999999995],[-78.972366,43.074545],[-78.972606,43.074493],[-78.97332800000001,43.074341],[-78.973569,43.07429099999999],[-78.973576,43.074605999999996],[-78.973581,43.07476599999999],[-78.97358299999999,43.075554],[-78.97358400000002,43.07587099999999],[-78.97358400000002,43.076163],[-78.973585,43.076235],[-78.973609,43.07703899999999],[-78.973619,43.077332],[-78.97362,43.07739699999999],[-78.973625,43.077591999999996],[-78.973627,43.077656999999995],[-78.97363399999999,43.07795199999999],[-78.973655,43.07883799999999],[-78.973659,43.079002999999986],[-78.973642,43.07907799999999],[-78.973609,43.079121],[-78.97348199999999,43.07912399999999],[-78.973383,43.07911799999999],[-78.973252,43.07911000000001],[-78.972706,43.0791],[-78.972537,43.079097],[-78.97248499999999,43.079077],[-78.972465,43.079004],[-78.97246299999999,43.07895299999999],[-78.972453,43.078574999999994],[-78.972453,43.078547],[-78.97245099999999,43.078449],[-78.972218,43.07845100000001],[-78.971518,43.07845999999999],[-78.97128599999999,43.07846299999999],[-78.97129799999999,43.07870199999999],[-78.971317,43.079079],[-78.970974,43.07906099999998],[-78.970883,43.079056999999985],[-78.97085899999999,43.079203],[-78.970854,43.07923999999999],[-78.97084799999999,43.07928999999999],[-78.970846,43.079351],[-78.970845,43.07938899999999],[-78.970289,43.079350999999996],[-78.968769,43.07924999999999],[-78.96862399999999,43.07923799999999],[-78.96812,43.07919899999999],[-78.96807,43.079196],[-78.967832,43.07917999999998],[-78.967359,43.079151],[-78.967119,43.079131999999994],[-78.966882,43.07911500000001]]]},"properties":{"geoid":"360630222002","name":"Block Group 2","pop":819.0,"obs_Mesothelioma":0.0,"exp_Mesothelioma":0.04,"sir_Mesothelioma":0.0,"obs_Lung":1.0,"exp_Lung":2.31,"sir_Lung":0.432,"obs_Bladder":1.0,"exp_Bladder":0.9,"sir_Bladder":1.108,"obs_Esophagus":0.0,"exp_Esophagus":0.19,"sir_Esophagus":0.0,"obs_Oral":0.0,"exp_Oral":0.44,"sir_Oral":0.0,"obs_Brain":0.0,"exp_Brain":0.27,"sir_Brain":0.0,"hlarea_Lung":1,"hlarea_Bladder":1,"hlarea_Esophagus":1,"hlarea_Oral":0,"hlarea_Brain":0,"hlarea_Mesothelioma":0,"merged_area":false,"doh_region":"360630222002"}},{"type":"Feature","geometry":{"type":"Polygon","coordinates":[[[-78.885633,43.048857],[-78.885213,43.04933],[-78.88425199999999,43.050326999999996],[-78.882504,43.052171],[-78.88028299999999,43.05453299999999],[-78.87995099999999,43.054884],[-78.879887,43.05473999999999],[-78.879722,43.05441499999999],[-78.879629,43.054223],[-78.879547,43.054050999999994],[-78.879527,43.05401099999998],[-78.87947,43.053893],[-78.879451,43.053854],[-78.879254,43.053442],[-78.87909599999999,43.053112000000006],[-78.878705,43.05233],[-78.87864499999999,43.052209],[-78.87829099999999,43.051469],[-78.877927,43.050726999999995],[-78.877856,43.05058],[-78.877646,43.050140999999996],[-78.87757599999999,43.04999499999999],[-78.877505,43.04984899999998],[-78.877292,43.049411],[-78.87722099999999,43.049265999999996],[-78.877151,43.049124000000006],[-78.876942,43.048697],[-78.876873,43.048556000000005],[-78.87679899999999,43.048401999999996],[-78.876578,43.04794199999999],[-78.876505,43.04778899999999],[-78.87696,43.047632],[-78.878328,43.04716099999998],[-78.878784,43.047005000000006],[-78.87923099999999,43.04685200000001],[-78.879412,43.046791],[-78.88058,43.046411],[-78.88103,43.04626599999998],[-78.88152300000002,43.046098999999984],[-78.883004,43.04560000000001],[-78.883319,43.045494999999995],[-78.883408,43.045454],[-78.883485,43.045405],[-78.883579,43.045555],[-78.88386299999999,43.046006000000006],[-78.88395799999999,43.046157],[-78.884046,43.04629799999999],[-78.88431,43.04672199999999],[-78.88439799999999,43.04686399999999],[-78.884486,43.047007],[-78.88475,43.047436],[-78.884839,43.04758],[-78.884924,43.047717999999996],[-78.885182,43.04813499999999],[-78.885268,43.04827399999999],[-78.88528099999999,43.048294],[-78.88532,43.048356999999996],[-78.885334,43.048379],[-78.885633,43.048857]]]},"properties":{"geoid":"360630229011","name":"Block Group 1","pop":1113.0,"obs_Mesothelioma":0.0,"exp_Mesothelioma":0.1,"sir_Mesothelioma":0.0,"obs_Lung":14.0,"exp_Lung":6.5,"sir_Lung":2.154,"obs_Bladder":0.0,"exp_Bladder":2.49,"sir_Bladder":0.0,"obs_Esophagus":3.0,"exp_Esophagus":0.44,"sir_Esophagus":6.762,"obs_Oral":1.0,"exp_Oral":0.89,"sir_Oral":1.124,"obs_Brain":0.0,"exp_Brain":0.5,"sir_Brain":0.0,"hlarea_Lung":1,"hlarea_Bladder":1,"hlarea_Esophagus":1,"hlarea_Oral":0,"hlarea_Brain":0,"hlarea_Mesothelioma":1,"merged_area":false,"doh_region":"360630229011"}},{"type":"Feature","geometry":{"type":"Polygon","coordinates":[[[-78.576461,43.30493699999999],[-78.580749,43.30506599999999],[-78.584321,43.305174],[-78.58585699999999,43.305206999999996],[-78.5894,43.30530699999999],[-78.59213299999999,43.305364999999995],[-78.593272,43.30538299999999],[-78.598495,43.30551300000001],[-78.599153,43.30553],[-78.60081799999999,43.30559],[-78.60252,43.30563799999998],[-78.603571,43.305676],[-78.604182,43.305687000000006],[-78.60441,43.305682],[-78.604843,43.30569899999999],[-78.604911,43.305702],[-78.60588,43.305702],[-78.606146,43.30570899999999],[-78.60658099999999,43.30572099999999],[-78.608001,43.30577400000001],[-78.609479,43.30582999999999],[-78.61226400000001,43.305898],[-78.612669,43.305909],[-78.61368499999999,43.30594499999999],[-78.614712,43.305974],[-78.617795,43.306064],[-78.61882299999999,43.30609399999999],[-78.620547,43.306121999999995],[-78.62467099999999,43.30618899999998],[-78.625722,43.306194999999995],[-78.62744699999999,43.30620499999999],[-78.628968,43.306222999999996],[-78.629223,43.306227],[-78.63353300000001,43.306304999999995],[-78.633789,43.30630999999999],[-78.634576,43.30632999999998],[-78.635055,43.30634099999999],[-78.63517399999999,43.306343000000005],[-78.635279,43.306346],[-78.635531,43.306352],[-78.635651,43.306354999999996],[-78.635511,43.308544],[-78.635092,43.31511099999999],[-78.634953,43.317301],[-78.634953,43.31819699999999],[-78.634953,43.320887000000006],[-78.634954,43.321783999999994],[-78.63496599999999,43.32224300000001],[-78.635002,43.32362],[-78.635015,43.32407999999999],[-78.63500599999999,43.32480399999999],[-78.634981,43.32698],[-78.634973,43.32770499999999],[-78.634968,43.32812699999999],[-78.634953,43.329392999999996],[-78.634948,43.329814999999996],[-78.63494899999999,43.33244799999999],[-78.634954,43.34034899999999],[-78.634956,43.34298299999999],[-78.63495499999999,43.34361499999999],[-78.63495499999999,43.345515],[-78.63495499999999,43.34614800000001],[-78.634953,43.346582999999995],[-78.634951,43.347891],[-78.634951,43.348327000000005],[-78.634891,43.350198],[-78.634712,43.35581199999999],[-78.634653,43.357684],[-78.634693,43.357858],[-78.634813,43.358381],[-78.63485399999999,43.358556],[-78.63244,43.35904599999999],[-78.631753,43.359185999999994],[-78.627752,43.360011],[-78.62554399999999,43.36047],[-78.625211,43.360569999999996],[-78.624752,43.360708999999986],[-78.624751,43.360708],[-78.604235,43.362798],[-78.570197,43.368401],[-78.537813,43.372485999999995],[-78.536422,43.372609],[-78.536158,43.37068000000001],[-78.53605499999999,43.370312999999996],[-78.535994,43.370128],[-78.535994,43.370058],[-78.53616,43.369602],[-78.536198,43.36949999999999],[-78.53625,43.36943799999999],[-78.536309,43.369330999999995],[-78.536309,43.369240000000005],[-78.536275,43.369157],[-78.53621199999999,43.36910499999999],[-78.536157,43.36907399999998],[-78.536042,43.369081],[-78.53582399999999,43.36911599999999],[-78.535737,43.369097999999994],[-78.535563,43.369018999999994],[-78.53538,43.368887],[-78.53537299999999,43.36885199999999],[-78.535393,43.36876900000001],[-78.535536,43.368613],[-78.535529,43.36853699999999],[-78.53540400000001,43.368454],[-78.5353,43.36835],[-78.535203,43.36820399999999],[-78.53508099999999,43.368064999999994],[-78.534984,43.368024],[-78.534243,43.367968],[-78.533638,43.36792299999999],[-78.53350999999999,43.36789599999999],[-78.53342,43.36786099999999],[-78.533357,43.36778700000001],[-78.533289,43.367598999999984],[-78.533767,43.367551],[-78.534251,43.36746699999999],[-78.534532,43.36741899999999],[-78.53575,43.36717899999999],[-78.537114,43.366907],[-78.53738299999999,43.366853999999975],[-78.538066,43.36670600000001],[-78.53880199999999,43.366554],[-78.539523,43.366406999999995],[-78.541011,43.36609599999999],[-78.541748,43.365943],[-78.542405,43.36580699999999],[-78.544379,43.365403],[-78.545037,43.365269000000005],[-78.545361,43.36520699999999],[-78.54616299999999,43.36503799999999],[-78.547508,43.364755999999986],[-78.549048,43.364446],[-78.549544,43.364352],[-78.550674,43.364140000000006],[-78.55094,43.364090000000004],[-78.551673,43.363959999999985],[-78.5528,43.36376099999999],[-78.554675,43.36344999999999],[-78.55476,43.363437],[-78.55568,43.363305999999994],[-78.55569799999999,43.362643],[-78.555711,43.36217999999999],[-78.555733,43.360656],[-78.55574399999999,43.35999400000001],[-78.555748,43.35933599999999],[-78.55575,43.35925699999999],[-78.555773,43.35842999999999],[-78.555776,43.35704899999998],[-78.55577799999999,43.356313],[-78.555775,43.355951],[-78.55576599999999,43.35486499999999],[-78.555763,43.35450299999999],[-78.55575499999999,43.35334400000001],[-78.555754,43.35316199999999],[-78.555752,43.351828],[-78.555722,43.34914099999998],[-78.555708,43.34780099999998],[-78.55570399999999,43.347722999999995],[-78.55569299999999,43.347489],[-78.55569,43.34741199999999],[-78.555667,43.346754],[-78.555616,43.345254999999995],[-78.555587,43.34478199999999],[-78.555549,43.344125999999996],[-78.555487,43.34319199999999],[-78.555317,43.34059199999999],[-78.555307,43.340391],[-78.555266,43.33945699999999],[-78.555247,43.33903999999999],[-78.555206,43.338124],[-78.55519199999999,43.33779099999999],[-78.55517499999999,43.337375],[-78.55539499999999,43.337368999999995],[-78.55541199999999,43.33736899999999],[-78.556055,43.337331],[-78.55622199999999,43.33732199999999],[-78.556275,43.33731900000001],[-78.556265,43.336772999999994],[-78.556236,43.335137],[-78.55623,43.33479599999999],[-78.55622699999999,43.33459200000001],[-78.55615700000001,43.33362299999998],[-78.556058,43.33224999999997],[-78.557588,43.33211899999999],[-78.557997,43.332085],[-78.55798100000001,43.331523999999995],[-78.557953,43.33056],[-78.557935,43.329939999999986],[-78.560206,43.32996899999999],[-78.561171,43.32998199999999],[-78.561149,43.329144],[-78.561083,43.326632],[-78.561061,43.32579500000001],[-78.560991,43.325797],[-78.560379,43.32581199999999],[-78.55948,43.32583599999998],[-78.558333,43.325854],[-78.55765199999999,43.32586599999999],[-78.557467,43.324670999999995],[-78.55726899999999,43.32338899999999],[-78.55494,43.323418999999994],[-78.55466299999999,43.32342299999999],[-78.554662,43.32268899999999],[-78.554465,43.32269099999999],[-78.554465,43.32257999999998],[-78.554448,43.32167599999998],[-78.554397,43.318754],[-78.55439199999999,43.31863099999999],[-78.554355,43.31761699999999],[-78.55435399999999,43.31760099999998],[-78.554351,43.317307],[-78.554343,43.316379999999995],[-78.55434100000001,43.316071],[-78.55429199999999,43.31418000000001],[-78.55427499999999,43.31350799999999],[-78.554268,43.31250300000001],[-78.554212,43.308508],[-78.554186,43.30661799999999],[-78.554178,43.306136],[-78.55415599999999,43.30469],[-78.554152,43.30438799999999],[-78.554136,43.304209],[-78.555087,43.304241],[-78.557013,43.304308000000006],[-78.55794,43.304345999999995],[-78.558891,43.30438499999999],[-78.56063999999999,43.304448],[-78.56484499999999,43.30460199999998],[-78.56588699999999,43.304632999999995],[-78.56763699999999,43.304686],[-78.568913,43.30472299999999],[-78.569076,43.304729],[-78.570385,43.304781],[-78.573394,43.30487],[-78.573464,43.304873],[-78.574835,43.304888],[-78.576461,43.30493699999999]]]},"properties":{"geoid":"360630241022","name":"Block Group 2","pop":998.0,"obs_Mesothelioma":0.0,"exp_Mesothelioma":0.05,"sir_Mesothelioma":0.0,"obs_Lung":4.0,"exp_Lung":3.27,"sir_Lung":1.223,"obs_Bladder":0.0,"exp_Bladder":1.28,"sir_Bladder":0.0,"obs_Esophagus":0.0,"exp_Esophagus":0.28,"sir_Esophagus":0.0,"obs_Oral":0.0,"exp_Oral":0.61,"sir_Oral":0.0,"obs_Brain":1.0,"exp_Brain":0.36,"sir_Brain":2.808,"hlarea_Lung":0,"hlarea_Bladder":1,"hlarea_Esophagus":0,"hlarea_Oral":0,"hlarea_Brain":0,"hlarea_Mesothelioma":0,"merged_area":false,"doh_region":"360630241022"}},{"type":"Feature","geometry":{"type":"Polygon","coordinates":[[[-78.987105,43.08052199999998],[-78.98734999999999,43.080541000000004],[-78.98755,43.080557999999996],[-78.988208,43.08060599999999],[-78.98861,43.080634999999994],[-78.99006299999999,43.080738000000004],[-78.99017700000002,43.08074599999999],[-78.99051899999999,43.08077],[-78.990634,43.080779],[-78.99063799999999,43.080938999999994],[-78.990641,43.08128],[-78.990641,43.081461999999995],[-78.990642,43.081674],[-78.99064299999999,43.08220099999999],[-78.99065,43.083214],[-78.990653,43.083512000000006],[-78.990662,43.084196],[-78.990662,43.084212],[-78.990662,43.084261999999995],[-78.990662,43.084278999999995],[-78.990662,43.08429599999999],[-78.990662,43.084346999999994],[-78.990662,43.084365000000005],[-78.990662,43.084393000000006],[-78.990662,43.08448],[-78.990663,43.08450899999999],[-78.990663,43.08475699999998],[-78.99066499999999,43.085479],[-78.99066499999999,43.085503999999986],[-78.990668,43.08575299999999],[-78.990669,43.085878],[-78.99067099999999,43.086017],[-78.990673,43.08625299999999],[-78.990675,43.086379],[-78.990675,43.08640399999999],[-78.990675,43.086479],[-78.990676,43.08650499999998],[-78.990673,43.08713899999999],[-78.99067099999999,43.087664999999994],[-78.990623,43.088173],[-78.990579,43.08844399999998],[-78.990526,43.08872199999999],[-78.99044099999999,43.089018999999986],[-78.99036,43.08930299999999],[-78.990307,43.089453],[-78.99024299999999,43.08962299999998],[-78.989755,43.08957499999999],[-78.98861,43.089409999999994],[-78.98813899999999,43.08931799999999],[-78.987761,43.08925000000001],[-78.98662700000001,43.08904599999999],[-78.986249,43.088978999999995],[-78.98588199999999,43.088909000000015],[-78.98478399999999,43.0887],[-78.98441799999999,43.088631],[-78.984411,43.08858199999998],[-78.98441199999999,43.088256],[-78.98441799999999,43.08713299999999],[-78.98442,43.08675899999999],[-78.984419,43.086501999999996],[-78.984416,43.085730999999996],[-78.984415,43.08547499999999],[-78.984414,43.08516499999999],[-78.984411,43.084237999999985],[-78.984411,43.08392899999999],[-78.98440699999999,43.08313],[-78.984411,43.082795999999995],[-78.98441,43.08273799999999],[-78.98440699999999,43.082564],[-78.98440699999999,43.08250599999998],[-78.98440699999999,43.082204000000004],[-78.98440699999999,43.08129799999998],[-78.984408,43.080996999999996],[-78.98440699999999,43.08094899999999],[-78.98440599999999,43.080807],[-78.98440599999999,43.08076],[-78.984346,43.08066499999999],[-78.98421499999999,43.080456],[-78.984167,43.08037999999999],[-78.98410799999999,43.080285999999994],[-78.984389,43.080304],[-78.986014,43.080433],[-78.986266,43.080453],[-78.986374,43.08046199999999],[-78.987105,43.08052199999998]]]},"properties":{"geoid":"360630220001","name":"Block Group 1","pop":595.0,"obs_Mesothelioma":0.0,"exp_Mesothelioma":0.05,"sir_Mesothelioma":0.0,"obs_Lung":4.0,"exp_Lung":2.79,"sir_Lung":1.435,"obs_Bladder":1.0,"exp_Bladder":1.15,"sir_Bladder":0.87,"obs_Esophagus":0.0,"exp_Esophagus":0.2,"sir_Esophagus":0.0,"obs_Oral":2.0,"exp_Oral":0.41,"sir_Oral":4.834,"obs_Brain":0.0,"exp_Brain":0.24,"sir_Brain":0.0,"hlarea_Lung":1,"hlarea_Bladder":1,"hlarea_Esophagus":1,"hlarea_Oral":0,"hlarea_Brain":0,"hlarea_Mesothelioma":0,"merged_area":false,"doh_region":"360630220001"}},{"type":"Feature","geometry":{"type":"Polygon","coordinates":[[[-78.97377999999999,43.09602999999999],[-78.979168,43.096021],[-78.979154,43.092806],[-78.987358,43.09276],[-78.98736799999999,43.092747999999986],[-78.98740099999999,43.092713999999994],[-78.98741199999999,43.09270299999999],[-78.98742,43.092693],[-78.987444,43.092667],[-78.987453,43.09265800000001],[-78.98756999999999,43.092659],[-78.987921,43.09266199999999],[-78.988038,43.09266299999998],[-78.988316,43.09266100000001],[-78.988416,43.09266099999999],[-78.988513,43.09266],[-78.98915,43.09265599999999],[-78.989429,43.092655],[-78.991456,43.092555],[-78.997537,43.092254999999994],[-78.99956399999999,43.092155],[-78.99950299999999,43.09388799999999],[-78.99932199999999,43.09908699999998],[-78.999262,43.100820999999996],[-78.999205,43.10210499999999],[-78.999037,43.10595999999999],[-78.999033,43.10607399999999],[-78.998997,43.10690499999998],[-78.998982,43.10724599999999],[-78.999104,43.10794],[-78.99947,43.11002200000001],[-78.99959199999999,43.11071599999999],[-78.99955899999999,43.110777000000006],[-78.999533,43.11149299999998],[-78.999523,43.11241099999999],[-78.99952499999999,43.11276999999998],[-78.999545,43.112870999999984],[-78.999457,43.113268],[-78.999181,43.115541],[-78.999129,43.115975999999996],[-78.998942,43.11569599999999],[-78.99838199999999,43.114857],[-78.998341,43.11479599999999],[-78.998199,43.114576],[-78.99812899999999,43.114467999999995],[-78.99792,43.11414399999999],[-78.997851,43.11403699999999],[-78.997795,43.11395099999999],[-78.99762900000002,43.113696],[-78.997574,43.11361099999999],[-78.99741499999999,43.113369],[-78.996938,43.11264399999999],[-78.99677899999999,43.11240299999999],[-78.99642399999999,43.11187399999999],[-78.996038,43.111298],[-78.995769,43.11094399999998],[-78.99534799999999,43.110457000000004],[-78.995261,43.11036699999999],[-78.99508999999999,43.11019099999999],[-78.994806,43.10992399999999],[-78.994334,43.109523],[-78.994249,43.10946],[-78.993775,43.10911199999999],[-78.993652,43.109032000000006],[-78.993161,43.108725],[-78.99283299999999,43.10853799999999],[-78.992404,43.108318],[-78.992284,43.108257],[-78.992154,43.10819899999999],[-78.991747,43.10801399999999],[-78.99156099999999,43.10803599999999],[-78.99100600000001,43.10810399999999],[-78.990821,43.108126999999996],[-78.99010899999999,43.10822299999999],[-78.988732,43.10840899999999],[-78.98846499999999,43.108427999999996],[-78.98835299999999,43.108430999999996],[-78.98825099999999,43.10842099999999],[-78.98809,43.10837899999999],[-78.987985,43.10832899999999],[-78.987971,43.10832299999999],[-78.987867,43.10824299999999],[-78.98780099999999,43.108183],[-78.987587,43.10793799999999],[-78.987549,43.10789399999999],[-78.987488,43.10781699999999],[-78.987173,43.107957999999996],[-78.986227,43.108381],[-78.985913,43.10852299999999],[-78.985596,43.108670999999994],[-78.984645,43.10911399999999],[-78.98432799999999,43.109263000000006],[-78.98384399999999,43.109483999999995],[-78.98310000000001,43.109826000000005],[-78.98238599999999,43.11013500000001],[-78.981898,43.110347999999995],[-78.98109699999999,43.110705],[-78.978697,43.111775],[-78.977897,43.11213300000001],[-78.977616,43.112258],[-78.976775,43.112635],[-78.976495,43.11276099999999],[-78.97602599999999,43.11297299999999],[-78.975951,43.113008],[-78.97523699999999,43.113383999999996],[-78.97467300000001,43.113713999999995],[-78.97422999999999,43.11397399999999],[-78.973559,43.114371999999996],[-78.97154499999999,43.115565999999994],[-78.97087499999999,43.115964999999996],[-78.97036299999999,43.11626899999999],[-78.968826,43.11718099999999],[-78.96831499999999,43.117486],[-78.96829699999999,43.11766],[-78.96829799999999,43.11817099999999],[-78.968304,43.120229],[-78.968307,43.120916],[-78.968445,43.12091699999999],[-78.968818,43.12092],[-78.96885999999999,43.120922],[-78.968998,43.12093199999998],[-78.969302,43.120968999999995],[-78.96962099999999,43.121023],[-78.96981199999999,43.121066000000006],[-78.969839,43.12107399999999],[-78.970033,43.121133],[-78.97025,43.12121],[-78.970444,43.12129099999999],[-78.972186,43.122093],[-78.972543,43.12225799999998],[-78.972961,43.12245399999999],[-78.97207499999999,43.12259699999999],[-78.96941799999999,43.12302700000001],[-78.969162,43.123069],[-78.968535,43.123182],[-78.968372,43.123211000000005],[-78.965014,43.12376599999999],[-78.96498,43.123771999999995],[-78.961106,43.124397],[-78.958062,43.124897999999995],[-78.954447,43.125484],[-78.95410799999999,43.12553999999999],[-78.95266199999999,43.12576800000001],[-78.951846,43.125896999999995],[-78.950903,43.125997],[-78.950923,43.12607],[-78.95091699999999,43.12636799999999],[-78.95091099999999,43.127022999999994],[-78.95089899999999,43.12848499999999],[-78.950867,43.129947999999985],[-78.95086599999999,43.13000099999999],[-78.950842,43.13092299999999],[-78.95082599999999,43.132390999999984],[-78.95074699999999,43.132431999999994],[-78.946833,43.132512],[-78.945279,43.132518],[-78.944766,43.132521000000004],[-78.94222400000001,43.132504],[-78.94224899999999,43.13134],[-78.94235300000001,43.12759499999999],[-78.942358,43.127438999999995],[-78.942371,43.12708999999999],[-78.94238899999999,43.125937999999984],[-78.942155,43.125749],[-78.942156,43.125448],[-78.94217900000001,43.123661999999996],[-78.942205,43.121463],[-78.942219,43.121159999999996],[-78.942264,43.12025099999999],[-78.942279,43.119948999999984],[-78.942295,43.11963499999999],[-78.942292,43.11912499999999],[-78.942278,43.116653],[-78.942274,43.11582899999999],[-78.942271,43.115152],[-78.942264,43.113122],[-78.942262,43.112446],[-78.942262,43.112367],[-78.942263,43.112133],[-78.942264,43.112055],[-78.942264,43.111989],[-78.94226499999999,43.111951999999995],[-78.942195,43.11180800000001],[-78.942167,43.11175],[-78.942049,43.109694],[-78.942042,43.109362],[-78.942039,43.10921599999999],[-78.941673,43.10454000000001],[-78.94157,43.10320299999999],[-78.941497,43.10220999999999],[-78.94149,43.102106],[-78.94147099999999,43.101707999999995],[-78.941388,43.10078600000001],[-78.94136499999999,43.100339999999996],[-78.941316,43.09982699999999],[-78.941312,43.099734999999995],[-78.94130299999999,43.099460999999984],[-78.9413,43.09937],[-78.94140999999999,43.098669],[-78.941741,43.09656899999999],[-78.941852,43.095869],[-78.942781,43.095921999999995],[-78.943623,43.095971],[-78.94386899999999,43.09790599999998],[-78.94398699999999,43.09883],[-78.944034,43.098938],[-78.944175,43.09926399999999],[-78.944223,43.09937299999999],[-78.945402,43.09935699999999],[-78.948942,43.09930999999999],[-78.949153,43.099308],[-78.95012299999999,43.09930799999999],[-78.950501,43.09931799999999],[-78.95101300000002,43.09934599999999],[-78.951495,43.09939],[-78.952103,43.099478],[-78.952758,43.099596999999996],[-78.953632,43.09981099999999],[-78.95494,43.10016299999999],[-78.956273,43.100532],[-78.957487,43.100859],[-78.96173999999999,43.10202099999999],[-78.961924,43.10207199999999],[-78.962479,43.10222699999999],[-78.96266399999999,43.102279],[-78.96277099999999,43.102193],[-78.962879,43.102132999999995],[-78.962955,43.10211299999999],[-78.96397200000001,43.10208999999999],[-78.96804399999999,43.102000000000004],[-78.969402,43.10196999999999],[-78.96990199999999,43.10195899999999],[-78.970841,43.101943999999996],[-78.97138799999999,43.101929999999996],[-78.97244599999999,43.101902999999986],[-78.973237,43.10189400000001],[-78.975584,43.10184299999999],[-78.97734899999999,43.10180899999999],[-78.977916,43.10179899999999],[-78.979006,43.101765999999984],[-78.97917699999999,43.101750999999986],[-78.979316,43.10167499999999],[-78.97917500000001,43.10152899999999],[-78.978754,43.10109099999998],[-78.978614,43.100946],[-78.978467,43.10079699999999],[-78.97802999999999,43.10034999999999],[-78.977884,43.10020100000001],[-78.977736,43.100052],[-78.97729199999999,43.099608999999994],[-78.97714400000001,43.099460999999984],[-78.976456,43.098763999999996],[-78.97596899999999,43.09826499999999],[-78.97446099999999,43.096720999999995],[-78.974262,43.096519],[-78.97377999999999,43.09602999999999]]]},"properties":{"geoid":"360630226023","name":"Block Group 3","pop":1973.0,"obs_Mesothelioma":0.0,"exp_Mesothelioma":0.11,"sir_Mesothelioma":0.0,"obs_Lung":18.0,"exp_Lung":7.1,"sir_Lung":2.534,"obs_Bladder":5.0,"exp_Bladder":2.75,"sir_Bladder":1.818,"obs_Esophagus":2.0,"exp_Esophagus":0.54,"sir_Esophagus":3.697,"obs_Oral":3.0,"exp_Oral":1.17,"sir_Oral":2.565,"obs_Brain":1.0,"exp_Brain":0.7,"sir_Brain":1.421,"hlarea_Lung":1,"hlarea_Bladder":1,"hlarea_Esophagus":1,"hlarea_Oral":0,"hlarea_Brain":0,"hlarea_Mesothelioma":0,"merged_area":false,"doh_region":"360630226023"}},{"type":"Feature","geometry":{"type":"Polygon","coordinates":[[[-79.04140199999999,43.090965],[-79.04140000000001,43.090827],[-79.041367,43.089158],[-79.041356,43.08860299999999],[-79.041617,43.088602999999985],[-79.042401,43.088603],[-79.04266299999999,43.088604],[-79.042885,43.088601999999995],[-79.043551,43.088599],[-79.04377400000001,43.088598000000005],[-79.043841,43.088684],[-79.044004,43.08889500000001],[-79.04404199999999,43.088945],[-79.04411,43.089032],[-79.04427199999999,43.08902500000001],[-79.044759,43.089008],[-79.044922,43.089002999999984],[-79.04518499999999,43.088991],[-79.045598,43.088974],[-79.045977,43.08895899999999],[-79.046241,43.08894899999999],[-79.046497,43.08893799999999],[-79.04690000000001,43.088921],[-79.047268,43.088905000000004],[-79.04752599999999,43.088895],[-79.047787,43.08888399999999],[-79.04819499999999,43.088868999999995],[-79.04857,43.08885399999999],[-79.04883099999999,43.088843999999995],[-79.04885999999999,43.089289],[-79.048949,43.09062499999999],[-79.048951,43.090641999999995],[-79.04898,43.09107099999999],[-79.048717,43.09108200000001],[-79.048338,43.091097999999995],[-79.04793099999999,43.09111499999999],[-79.047669,43.09112699999999],[-79.047405,43.091136999999996],[-79.047034,43.09115200000001],[-79.046613,43.09116799999999],[-79.04634999999999,43.09117899999999],[-79.046239,43.09118299999999],[-79.045906,43.091197],[-79.045796,43.091203],[-79.04569599999999,43.09120699999999],[-79.045399,43.09122],[-79.0453,43.091224999999994],[-79.04504,43.09123499999999],[-79.044263,43.09126799999999],[-79.044004,43.09128],[-79.043745,43.091288],[-79.042971,43.09131399999998],[-79.04271299999999,43.091323],[-79.042452,43.091335],[-79.04167199999999,43.09137],[-79.041412,43.091383],[-79.04140199999999,43.090965]]]},"properties":{"geoid":"360630212001","name":"Block Group 1","pop":1353.0,"obs_Mesothelioma":0.0,"exp_Mesothelioma":0.0734402558,"sir_Mesothelioma":0.0,"obs_Lung":13.0,"exp_Lung":4.8232344792,"sir_Lung":2.695,"obs_Bladder":2.0,"exp_Bladder":1.9118493459,"sir_Bladder":1.046,"obs_Esophagus":0.0,"exp_Esophagus":0.3691802906,"sir_Esophagus":0.0,"obs_Oral":2.0,"exp_Oral":0.8188797725,"sir_Oral":2.442,"obs_Brain":0.0,"exp_Brain":0.4909999336,"sir_Brain":0.0,"hlarea_Lung":1,"hlarea_Bladder":0,"hlarea_Esophagus":1,"hlarea_Oral":0,"hlarea_Brain":0,"hlarea_Mesothelioma":0,"doh_region":"36063DOH0005","merged_area":true,"merged_bg_count":3}},{"type":"Feature","geometry":{"type":"Polygon","coordinates":[[[-78.800103,43.322865],[-78.80399299999999,43.32306500000001],[-78.804239,43.32307099999999],[-78.804862,43.323088999999996],[-78.805261,43.32307799999999],[-78.80538,43.323071000000006],[-78.80560899999999,43.32304399999999],[-78.806131,43.322953],[-78.80821700000001,43.32250299999998],[-78.81011099999999,43.32206299999999],[-78.81414199999999,43.32103999999999],[-78.81635399999999,43.320465999999996],[-78.816671,43.32038399999999],[-78.817459,43.320184999999995],[-78.819788,43.319573000000005],[-78.820242,43.319454],[-78.820362,43.31942199999999],[-78.820359,43.31961],[-78.82046,43.32275500000001],[-78.807239,43.32561499999999],[-78.767578,43.334194],[-78.754358,43.33705499999999],[-78.754357,43.336133999999994],[-78.75435499999999,43.33337199999999],[-78.75435499999999,43.33245199999999],[-78.75435,43.33218099999999],[-78.754335,43.33129399999999],[-78.754331,43.33105],[-78.75427499999999,43.32781999999998],[-78.754256,43.326662000000006],[-78.754348,43.323416],[-78.75462499999999,43.313680000000005],[-78.75465799999999,43.312556],[-78.754958,43.310455],[-78.754937,43.31021299999999],[-78.754876,43.30948699999999],[-78.75485599999999,43.309245],[-78.754897,43.304832999999995],[-78.755022,43.291598],[-78.75506399999999,43.28718699999999],[-78.755043,43.28327899999999],[-78.754981,43.271555000000006],[-78.754961,43.26764699999999],[-78.75496,43.267543999999994],[-78.75495699999999,43.26723599999998],[-78.75495699999999,43.26713399999999],[-78.75495699999999,43.26694099999998],[-78.75495699999999,43.26636599999999],[-78.754958,43.266173999999985],[-78.754952,43.26529899999999],[-78.754949,43.264759],[-78.754935,43.262677],[-78.75493,43.26180399999999],[-78.754925,43.26115299999999],[-78.754913,43.25920300000001],[-78.75491,43.258552999999985],[-78.75490599999999,43.257993],[-78.754896,43.256315],[-78.754893,43.25575599999999],[-78.754868,43.25275799999999],[-78.754845,43.249761],[-78.754832,43.24376499999999],[-78.754826,43.24076799999998],[-78.754824,43.240629],[-78.75482,43.24021399999999],[-78.754819,43.24007599999998],[-78.754779,43.238150999999995],[-78.75465899999999,43.232378],[-78.75461899999999,43.23045399999999],[-78.754651,43.22822199999999],[-78.75474799999999,43.221529999999994],[-78.754781,43.21929899999999],[-78.754858,43.219319999999996],[-78.75558099999999,43.21932100000001],[-78.757992,43.21932699999999],[-78.758088,43.21932799999998],[-78.75879599999999,43.21934099999999],[-78.76262799999999,43.219381],[-78.774124,43.219504],[-78.777956,43.21954499999999],[-78.778234,43.219545999999994],[-78.779071,43.219548999999994],[-78.77935,43.219550999999996],[-78.780454,43.21955200000001],[-78.78222099999999,43.219599],[-78.79083399999999,43.219829999999995],[-78.79370600000001,43.219908],[-78.793737,43.220006999999995],[-78.794693,43.221775],[-78.794859,43.22207299999999],[-78.794921,43.22218799999999],[-78.795351,43.22297399999999],[-78.79575,43.223684999999996],[-78.796911,43.225812999999995],[-78.797112,43.226204999999986],[-78.797156,43.22633],[-78.79719399999999,43.226504999999996],[-78.797197,43.22666699999999],[-78.79718299999999,43.226750999999986],[-78.79707599999999,43.227018],[-78.79654699999999,43.227879999999985],[-78.79648,43.227968999999995],[-78.795817,43.228986],[-78.795791,43.229026999999995],[-78.794612,43.230816999999995],[-78.794372,43.23113],[-78.79419299999999,43.23129099999999],[-78.792654,43.232791999999996],[-78.79251,43.23293299999999],[-78.791049,43.23432599999999],[-78.790734,43.23464499999999],[-78.79063,43.234787],[-78.79053499999999,43.23502],[-78.79048499999999,43.235338999999996],[-78.790454,43.23646],[-78.790385,43.23788799999999],[-78.790357,43.239087999999995],[-78.790353,43.239298],[-78.790295,43.240686000000004],[-78.79028799999999,43.24147699999999],[-78.79245300000001,43.24152199999999],[-78.79557799999999,43.24158899999999],[-78.798949,43.24164999999999],[-78.80111500000001,43.24169],[-78.801037,43.243315],[-78.800962,43.244882],[-78.80084599999999,43.24732699999999],[-78.80071699999999,43.24968999999999],[-78.800614,43.252114],[-78.80051999999999,43.25445899999998],[-78.800513,43.25464900000001],[-78.800416,43.25694199999999],[-78.800399,43.257653],[-78.800395,43.257751],[-78.80038499999999,43.258047999999995],[-78.800382,43.258148],[-78.800332,43.259873],[-78.80028999999999,43.26088399999999],[-78.80024499999999,43.26197399999999],[-78.80020499999999,43.264087999999994],[-78.80018799999999,43.26618099999999],[-78.800179,43.268328999999994],[-78.800164,43.26909599999999],[-78.800153,43.269734],[-78.800133,43.271834],[-78.800113,43.273243],[-78.800107,43.274654],[-78.8001,43.274956],[-78.800078,43.27605599999999],[-78.800046,43.28125299999999],[-78.800032,43.282424],[-78.80001899999999,43.28432499999998],[-78.799999,43.287449],[-78.800046,43.289485],[-78.800082,43.290541999999995],[-78.80030099999999,43.29682999999999],[-78.80035099999999,43.29896699999999],[-78.80035099999999,43.299822999999996],[-78.800353,43.302918999999996],[-78.80036,43.30398999999999],[-78.800365,43.304243],[-78.800383,43.30515299999999],[-78.800354,43.306135],[-78.800366,43.30683500000001],[-78.800369,43.30821799999999],[-78.800372,43.30954299999999],[-78.80031699999999,43.312207],[-78.800311,43.31250300000001],[-78.800291,43.31286899999999],[-78.800285,43.31360599999999],[-78.800175,43.31947599999999],[-78.80015499999999,43.3202],[-78.800135,43.320949999999996],[-78.800103,43.322865]]]},"properties":{"geoid":"360630243021","name":"Block Group 1","pop":1313.0,"obs_Mesothelioma":0.0,"exp_Mesothelioma":0.08,"sir_Mesothelioma":0.0,"obs_Lung":8.0,"exp_Lung":5.51,"sir_Lung":1.452,"obs_Bladder":1.0,"exp_Bladder":2.16,"sir_Bladder":0.462,"obs_Esophagus":0.0,"exp_Esophagus":0.45,"sir_Esophagus":0.0,"obs_Oral":0.0,"exp_Oral":0.99,"sir_Oral":0.0,"obs_Brain":1.0,"exp_Brain":0.53,"sir_Brain":1.875,"hlarea_Lung":0,"hlarea_Bladder":0,"hlarea_Esophagus":1,"hlarea_Oral":0,"hlarea_Brain":0,"hlarea_Mesothelioma":0,"merged_area":false,"doh_region":"360630243021"}},{"type":"Feature","geometry":{"type":"Polygon","coordinates":[[[-79.021819,43.087483000000006],[-79.021861,43.087433999999995],[-79.02201099999999,43.087272999999996],[-79.022095,43.087139000000015],[-79.022156,43.08696699999999],[-79.022199,43.08683999999999],[-79.022245,43.08659299999999],[-79.022307,43.086403999999995],[-79.022347,43.086327999999995],[-79.02237699999999,43.086268999999994],[-79.022476,43.08614100000001],[-79.022611,43.086019999999984],[-79.022765,43.08592099999999],[-79.02282799999999,43.08587],[-79.0229,43.08576599999999],[-79.023078,43.085437],[-79.02316499999999,43.08529799999999],[-79.02327799999999,43.08517099999998],[-79.023737,43.08473599999999],[-79.024746,43.08348199999998],[-79.02488400000001,43.08334699999998],[-79.025246,43.08312699999998],[-79.025385,43.082996],[-79.02543299999999,43.082895],[-79.025451,43.082736999999995],[-79.02556299999999,43.08274499999999],[-79.025899,43.08277],[-79.026011,43.08277899999998],[-79.02657099999999,43.08281699999999],[-79.02752699999999,43.082884],[-79.028252,43.082943],[-79.028812,43.08298999999999],[-79.02966599999999,43.083051],[-79.030016,43.08307699999999],[-79.031582,43.083185],[-79.03223299999999,43.08319200000001],[-79.032344,43.083194],[-79.033091,43.083175999999995],[-79.03309899999999,43.083315],[-79.03309899999999,43.08339600000001],[-79.033101,43.084056],[-79.033102,43.084277],[-79.0331,43.084422999999994],[-79.033096,43.084863],[-79.033096,43.08501],[-79.033096,43.085189],[-79.033098,43.08572799999999],[-79.03309899999999,43.085907999999996],[-79.03309899999999,43.086078999999984],[-79.0331,43.086594999999996],[-79.033101,43.086766999999995],[-79.0331,43.08694800000001],[-79.0331,43.087244],[-79.03309899999999,43.087494],[-79.03309899999999,43.087675999999995],[-79.03309899999999,43.08782999999999],[-79.03309899999999,43.088294],[-79.0331,43.088449000000004],[-79.032797,43.088441999999986],[-79.031888,43.08842099999999],[-79.03158499999999,43.08841399999999],[-79.031353,43.08840899999999],[-79.030658,43.088393999999994],[-79.030427,43.08838999999998],[-79.03021700000001,43.08838399999999],[-79.02958699999999,43.088367000000005],[-79.029378,43.08836199999998],[-79.02926599999999,43.08835899999998],[-79.028933,43.08835],[-79.02882199999999,43.08834699999999],[-79.028179,43.088332],[-79.026254,43.088289],[-79.025612,43.08827499999998],[-79.024883,43.08825999999999],[-79.023606,43.08823599999998],[-79.022696,43.088212999999996],[-79.021968,43.08819599999998],[-79.021895,43.088193],[-79.02167600000001,43.088187],[-79.021604,43.08818499999999],[-79.021619,43.08799],[-79.021632,43.08791099999999],[-79.021644,43.08784699999999],[-79.021754,43.08756800000001],[-79.021819,43.087483000000006]]]},"properties":{"geoid":"360630217001","name":"Block Group 1","pop":659.0,"obs_Mesothelioma":0.0,"exp_Mesothelioma":0.04,"sir_Mesothelioma":0.0,"obs_Lung":4.0,"exp_Lung":2.43,"sir_Lung":1.645,"obs_Bladder":2.0,"exp_Bladder":0.97,"sir_Bladder":2.061,"obs_Esophagus":0.0,"exp_Esophagus":0.19,"sir_Esophagus":0.0,"obs_Oral":0.0,"exp_Oral":0.4,"sir_Oral":0.0,"obs_Brain":2.0,"exp_Brain":0.24,"sir_Brain":8.259,"hlarea_Lung":1,"hlarea_Bladder":1,"hlarea_Esophagus":1,"hlarea_Oral":0,"hlarea_Brain":0,"hlarea_Mesothelioma":0,"merged_area":false,"doh_region":"360630217001"}},{"type":"Feature","geometry":{"type":"Polygon","coordinates":[[[-78.797356,43.13338499999999],[-78.802044,43.133368999999995],[-78.80289400000001,43.13336299999999],[-78.80570999999999,43.133343999999994],[-78.811256,43.13328099999999],[-78.81393,43.133261999999995],[-78.81951,43.133181],[-78.820548,43.133165999999996],[-78.82398900000001,43.133120999999996],[-78.824218,43.13311900000001],[-78.82504899999999,43.133095999999995],[-78.825352,43.133079999999985],[-78.82552799999999,43.133064999999995],[-78.825955,43.13302899999999],[-78.826151,43.133001],[-78.82655,43.132946999999994],[-78.826956,43.13286599999999],[-78.82703699999999,43.13285099999999],[-78.827424,43.132756],[-78.829511,43.13276199999999],[-78.838281,43.132789],[-78.841601,43.13271099999999],[-78.851563,43.132480999999984],[-78.854884,43.13240499999999],[-78.855807,43.13239399999999],[-78.85857899999999,43.132364999999986],[-78.859184,43.13235900000001],[-78.85950299999999,43.13235499999999],[-78.860978,43.13233799999999],[-78.861249,43.132335999999995],[-78.862464,43.13232399999999],[-78.865404,43.132273999999995],[-78.865561,43.132272],[-78.86688,43.13225899999999],[-78.86769199999999,43.132247],[-78.869025,43.13222999999999],[-78.869953,43.13221899999999],[-78.872104,43.13221799999999],[-78.87545999999999,43.132206999999994],[-78.877606,43.13219999999999],[-78.879071,43.132196],[-78.881196,43.13219199999999],[-78.88271999999999,43.13217499999999],[-78.883465,43.13217100000001],[-78.884931,43.132166],[-78.88489299999999,43.133093],[-78.88477999999999,43.13587499999999],[-78.884762,43.136337999999995],[-78.88476299999999,43.13680299999999],[-78.88476399999999,43.13688599999999],[-78.884768,43.13713600000001],[-78.88477000000002,43.13721999999999],[-78.884771,43.137319],[-78.884777,43.137616],[-78.884779,43.13771499999999],[-78.884779,43.137895999999984],[-78.884782,43.13844100000001],[-78.884783,43.13862299999999],[-78.884785,43.138999],[-78.88479099999999,43.14012700000001],[-78.884793,43.140502999999995],[-78.884796,43.14096199999999],[-78.884793,43.141054999999994],[-78.884785,43.141422999999996],[-78.88478099999999,43.14271299999999],[-78.88477999999999,43.143266000000004],[-78.884789,43.14469099999999],[-78.88478599999999,43.145230999999995],[-78.884776,43.14716800000001],[-78.884767,43.14793799999998],[-78.884802,43.150802000000006],[-78.884802,43.151124999999986],[-78.884806,43.15309099999998],[-78.884806,43.153456999999996],[-78.884807,43.153576],[-78.88481700000001,43.154344],[-78.88481700000001,43.15455499999999],[-78.884818,43.15474999999999],[-78.884821,43.15492099999998],[-78.88485399999999,43.15714899999999],[-78.884869,43.158153],[-78.884954,43.16098799999998],[-78.88497699999999,43.16192499999999],[-78.88504,43.16383199999999],[-78.885071,43.16473299999999],[-78.88510000000001,43.16605999999998],[-78.885102,43.166169999999994],[-78.88511,43.16650299999999],[-78.88511299999999,43.16661399999999],[-78.885126,43.166959999999996],[-78.88512999999999,43.167050999999994],[-78.88514599999999,43.168],[-78.88515199999999,43.168347],[-78.88497799999999,43.168397],[-78.884698,43.16847699999998],[-78.883338,43.16886999999999],[-78.882885,43.169002],[-78.882358,43.169152],[-78.881759,43.169311],[-78.8816,43.169335999999994],[-78.881054,43.169355],[-78.88095,43.16935599999999],[-78.87932099999999,43.169377],[-78.878252,43.16938899999999],[-78.876849,43.16937899999999],[-78.876037,43.16938],[-78.875309,43.169363],[-78.87501499999999,43.16934399999999],[-78.87495799999999,43.169341],[-78.874693,43.169303000000006],[-78.874369,43.169244],[-78.873081,43.16893599999999],[-78.872556,43.168804],[-78.872481,43.168782],[-78.871898,43.168617],[-78.87162599999999,43.16851599999999],[-78.871133,43.16829899999999],[-78.871025,43.168243],[-78.870768,43.168087],[-78.87075,43.16807599999999],[-78.87044399999999,43.16785600000001],[-78.87027499999999,43.167714999999994],[-78.87015199999999,43.167616],[-78.86947599999999,43.167007999999996],[-78.86901399999999,43.16664600000001],[-78.868933,43.166594999999994],[-78.868505,43.16634099999998],[-78.868079,43.16613099999999],[-78.86798399999999,43.16608399999999],[-78.86745599999999,43.165887000000005],[-78.86692099999999,43.165721999999995],[-78.866387,43.16559499999999],[-78.865991,43.16553299999999],[-78.865541,43.165485],[-78.865214,43.16547299999999],[-78.864854,43.165459999999996],[-78.86373499999999,43.16546700000001],[-78.86345600000001,43.16546899999999],[-78.863081,43.165471999999994],[-78.860008,43.165497],[-78.85927199999999,43.165502999999994],[-78.857287,43.16550999999999],[-78.856955,43.165512],[-78.855961,43.16551799999999],[-78.85581599999999,43.165518999999996],[-78.85562999999999,43.165515000000006],[-78.855068,43.165503000000015],[-78.853629,43.165416],[-78.85298,43.165358],[-78.852927,43.165354],[-78.851193,43.165167],[-78.85046000000001,43.165109],[-78.849741,43.165033],[-78.849009,43.164916999999996],[-78.84725499999999,43.16453699999999],[-78.846667,43.164421],[-78.84560499999999,43.164252999999995],[-78.845108,43.164208],[-78.844534,43.164156000000006],[-78.843414,43.164083],[-78.842578,43.16403599999999],[-78.84246,43.16403799999999],[-78.842218,43.164016999999994],[-78.84214899999999,43.16401099999998],[-78.841216,43.163942],[-78.84090499999999,43.163919],[-78.840192,43.16392199999999],[-78.839905,43.163931999999996],[-78.838888,43.163998],[-78.83717,43.164131],[-78.83650399999999,43.16417699999999],[-78.834716,43.164304],[-78.83358299999999,43.164348999999994],[-78.83302599999999,43.164345999999995],[-78.831082,43.16438099999999],[-78.830736,43.16438099999999],[-78.830111,43.16439599999999],[-78.82963699999999,43.16440299999999],[-78.82328299999999,43.16427899999999],[-78.822803,43.16426999999998],[-78.820021,43.164208],[-78.81947,43.164175],[-78.81888,43.164103999999995],[-78.818252,43.163987000000006],[-78.81805399999999,43.163951],[-78.81751299999999,43.163819999999994],[-78.81639799999999,43.163509999999995],[-78.815783,43.163340000000005],[-78.814746,43.16305399999999],[-78.81320000000001,43.16262999999999],[-78.8125,43.162428999999996],[-78.811773,43.16223099999999],[-78.811635,43.16219799999999],[-78.811471,43.162158999999996],[-78.81103499999999,43.162062000000006],[-78.810582,43.161985999999985],[-78.809917,43.16191099999999],[-78.809428,43.161856],[-78.80792000000001,43.161699000000006],[-78.807255,43.161629999999995],[-78.80586699999999,43.161485],[-78.805506,43.16144799999999],[-78.80453399999999,43.16139399999999],[-78.80405499999999,43.16138600000001],[-78.803433,43.16139899999998],[-78.802031,43.16140599999999],[-78.801688,43.161425],[-78.800296,43.16150299999999],[-78.797958,43.161652999999994],[-78.797888,43.16165799999999],[-78.792208,43.16201499999998],[-78.79101399999999,43.16208199999999],[-78.790943,43.162086],[-78.790161,43.162141999999996],[-78.789757,43.16216199999999],[-78.789129,43.162206000000005],[-78.78860499999999,43.16223199999998],[-78.78736599999999,43.162318],[-78.78613399999999,43.162381999999994],[-78.784792,43.16246599999999],[-78.78404100000002,43.16253799999999],[-78.78387500000001,43.16256199999999],[-78.783344,43.162642999999996],[-78.782619,43.162793],[-78.78141099999999,43.163111999999984],[-78.780931,43.163250999999995],[-78.777434,43.164193],[-78.776913,43.16432899999999],[-78.773157,43.165335999999996],[-78.772672,43.165502999999994],[-78.770215,43.166462999999986],[-78.766975,43.16773],[-78.765793,43.16817499999999],[-78.764005,43.16882899999999],[-78.76354099999999,43.16899699999998],[-78.760882,43.169962999999996],[-78.76061,43.17006],[-78.76041599999999,43.170139000000006],[-78.757975,43.17103099999999],[-78.756785,43.171454999999995],[-78.756726,43.171476999999996],[-78.756252,43.17166299999999],[-78.754576,43.172385],[-78.75457399999999,43.17187],[-78.754582,43.16966300000001],[-78.75458300000001,43.168334],[-78.754584,43.16754099999999],[-78.754591,43.165850999999996],[-78.754591,43.16557199999999],[-78.754594,43.16303],[-78.75460000000001,43.159666],[-78.75460199999999,43.15897599999998],[-78.754606,43.15829799999999],[-78.754611,43.15769799999999],[-78.754599,43.157194],[-78.754599,43.156678],[-78.75460799999999,43.15620899999999],[-78.754615,43.155897],[-78.75460799999999,43.152862999999996],[-78.754616,43.151741],[-78.75462,43.151325],[-78.754635,43.15050399999999],[-78.754638,43.15025299999999],[-78.754644,43.149877],[-78.75464699999999,43.14910699999999],[-78.754662,43.14566799999999],[-78.754663,43.145632],[-78.754675,43.14452299999999],[-78.75466399999999,43.143259999999984],[-78.754656,43.142306999999995],[-78.75466999999999,43.13947099999999],[-78.754677,43.138208999999996],[-78.75468,43.13773199999999],[-78.754689,43.13676499999999],[-78.75472,43.136392],[-78.75473699999999,43.136307],[-78.75480200000001,43.135994],[-78.75485599999999,43.13584799999999],[-78.754847,43.13533199999999],[-78.75482099999999,43.133786],[-78.754813,43.13327099999999],[-78.75515899999999,43.13327399999999],[-78.756174,43.133283999999996],[-78.756198,43.133283],[-78.756545,43.13328299999999],[-78.758321,43.13329299999999],[-78.76203300000002,43.133333],[-78.762213,43.13333499999998],[-78.769859,43.133394],[-78.77056499999999,43.133398],[-78.77849700000002,43.133407],[-78.77879899999999,43.133408],[-78.780833,43.13340799999999],[-78.78224399999999,43.13341799999999],[-78.783986,43.133410999999995],[-78.78432099999999,43.133412],[-78.784525,43.133411999999986],[-78.78596499999999,43.133413999999995],[-78.78796,43.133417],[-78.788826,43.13340800000001],[-78.791905,43.13340000000001],[-78.793885,43.133395],[-78.794247,43.133393],[-78.795337,43.13338699999999],[-78.79570000000001,43.13338599999999],[-78.796031,43.13338499999998],[-78.797024,43.13338499999999],[-78.797356,43.13338499999999]]]},"properties":{"geoid":"360630243033","name":"Block Group 3","pop":2668.0,"obs_Mesothelioma":0.0,"exp_Mesothelioma":0.16,"sir_Mesothelioma":0.0,"obs_Lung":20.0,"exp_Lung":10.21,"sir_Lung":1.96,"obs_Bladder":0.0,"exp_Bladder":4.09,"sir_Bladder":0.0,"obs_Esophagus":1.0,"exp_Esophagus":0.8,"sir_Esophagus":1.243,"obs_Oral":2.0,"exp_Oral":1.71,"sir_Oral":1.169,"obs_Brain":2.0,"exp_Brain":0.99,"sir_Brain":2.022,"hlarea_Lung":0,"hlarea_Bladder":0,"hlarea_Esophagus":1,"hlarea_Oral":0,"hlarea_Brain":0,"hlarea_Mesothelioma":0,"merged_area":false,"doh_region":"360630243033"}},{"type":"Feature","geometry":{"type":"Polygon","coordinates":[[[-78.67974,43.30557799999999],[-78.679739,43.307021999999996],[-78.679063,43.307021],[-78.677345,43.306993000000006],[-78.67562699999999,43.306954],[-78.673917,43.30694499999999],[-78.67358399999999,43.306937],[-78.672251,43.306909],[-78.666409,43.306821],[-78.6644,43.306794999999994],[-78.662145,43.306748999999996],[-78.655121,43.306641],[-78.65277999999999,43.306605],[-78.648967,43.306562],[-78.646303,43.306521999999994],[-78.64517699999999,43.30650599999999],[-78.64350100000001,43.306467999999995],[-78.641834,43.306438],[-78.640823,43.306435],[-78.638314,43.306400999999994],[-78.636754,43.30638],[-78.635651,43.306354999999996],[-78.635531,43.306352],[-78.635279,43.306346],[-78.63517399999999,43.306343000000005],[-78.635055,43.30634099999999],[-78.634958,43.30280599999999],[-78.634669,43.292202],[-78.63457300000002,43.288668],[-78.63457199999999,43.288284],[-78.634569,43.287132],[-78.634569,43.286747999999996],[-78.63459,43.284243999999994],[-78.634654,43.276734],[-78.634676,43.27423099999999],[-78.634681,43.27347399999999],[-78.63469599999999,43.271204000000004],[-78.63470199999999,43.270447999999995],[-78.634692,43.269436999999996],[-78.634663,43.266407],[-78.634654,43.265397],[-78.63501699999999,43.26227300000001],[-78.635611,43.257163999999996],[-78.636108,43.252903999999994],[-78.636472,43.249781000000006],[-78.637215,43.250056000000015],[-78.63872599999999,43.250617],[-78.63944599999999,43.25087899999999],[-78.640191,43.251151],[-78.64098,43.251439000000005],[-78.641402,43.251561999999986],[-78.641637,43.25160899999999],[-78.641701,43.251619],[-78.641933,43.25165499999999],[-78.64211100000001,43.251672],[-78.642455,43.251681999999995],[-78.64284599999999,43.251649],[-78.64486,43.251299999999986],[-78.645614,43.25115799999999],[-78.645868,43.251095000000014],[-78.64605,43.251028000000005],[-78.646198,43.25096299999999],[-78.646351,43.25087499999999],[-78.646531,43.250772999999995],[-78.64701199999999,43.250452],[-78.64743399999999,43.250138],[-78.64762,43.249936999999996],[-78.64773699999999,43.250081],[-78.647848,43.25023899999999],[-78.64858799999999,43.25133099999999],[-78.649999,43.25341199999999],[-78.650137,43.253662000000006],[-78.65029299999999,43.25404699999999],[-78.650378,43.25434399999999],[-78.65041599999999,43.25455799999999],[-78.65044499999999,43.254961],[-78.650386,43.255908],[-78.65028199999999,43.257604],[-78.65110299999999,43.257608],[-78.653697,43.25762199999999],[-78.65762099999999,43.257644000000006],[-78.661163,43.257654],[-78.662054,43.25766799999999],[-78.663945,43.25767599999999],[-78.664632,43.25767899999999],[-78.667361,43.25772399999998],[-78.66769,43.257728],[-78.668679,43.25774299999999],[-78.669009,43.257748],[-78.66983599999999,43.25776299999999],[-78.670698,43.257767999999984],[-78.671559,43.257785999999996],[-78.67387099999999,43.257815],[-78.67499099999999,43.257830000000006],[-78.680202,43.25791499999999],[-78.68123,43.257915999999994],[-78.683928,43.257926999999995],[-78.68701899999999,43.25793999999999],[-78.68846099999999,43.25793799999999],[-78.688625,43.25793799999999],[-78.689532,43.257947],[-78.69039599999999,43.25793499999999],[-78.691788,43.25792799999999],[-78.693325,43.25791399999999],[-78.693503,43.25791399999999],[-78.694037,43.257909],[-78.696173,43.257894],[-78.69671,43.257891],[-78.696883,43.257861999999996],[-78.697101,43.25824599999999],[-78.697419,43.258857],[-78.697554,43.259115],[-78.697566,43.259136999999996],[-78.69785999999999,43.25969899999999],[-78.69800500000001,43.259980999999996],[-78.698318,43.260594000000005],[-78.698815,43.261547],[-78.69902499999999,43.262087],[-78.699218,43.262963],[-78.699223,43.263011999999996],[-78.699272,43.26346100000001],[-78.69925099999999,43.263937999999996],[-78.699186,43.26442699999998],[-78.69916599999999,43.26457599999999],[-78.699108,43.26502399999999],[-78.69910399999999,43.265062],[-78.69908099999999,43.265172],[-78.699046,43.26533999999997],[-78.698973,43.265813],[-78.698961,43.26600599999998],[-78.698967,43.266200000000005],[-78.698971,43.266290999999995],[-78.69900799999999,43.26649599999999],[-78.69945799999999,43.26815],[-78.69957099999999,43.268609],[-78.699697,43.269223],[-78.699759,43.269524],[-78.699884,43.270244000000005],[-78.699484,43.27025199999999],[-78.698776,43.27026699999999],[-78.698284,43.27026299999999],[-78.697885,43.270261],[-78.697728,43.270258999999996],[-78.697401,43.270256],[-78.697259,43.270255],[-78.697103,43.270255000000006],[-78.69707199999999,43.270254],[-78.696981,43.27025400000001],[-78.696951,43.270254],[-78.69363200000001,43.270241],[-78.693148,43.27024],[-78.69241600000001,43.27022899999999],[-78.690934,43.270219999999995],[-78.689488,43.270199999999996],[-78.68807799999999,43.270198],[-78.68780199999999,43.270185999999995],[-78.686033,43.27018499999999],[-78.683675,43.270158999999985],[-78.680357,43.270124],[-78.68030999999999,43.27029700000001],[-78.680306,43.271134999999994],[-78.68032699999999,43.27254300000001],[-78.680308,43.272601],[-78.680216,43.272661],[-78.679766,43.27283699999999],[-78.67975799999999,43.27283799999999],[-78.679648,43.27286499999999],[-78.67911500000001,43.272934],[-78.678879,43.27300699999999],[-78.678587,43.273135999999994],[-78.678147,43.27345499999999],[-78.67742,43.27391499999998],[-78.67729299999999,43.273958],[-78.676987,43.273978],[-78.676777,43.27399299999999],[-78.67663499999999,43.27401299999999],[-78.676344,43.27412399999999],[-78.67574599999999,43.274328],[-78.67502999999999,43.274558],[-78.67478100000001,43.27465899999999],[-78.674674,43.274738],[-78.674601,43.27477999999999],[-78.674052,43.274937],[-78.67372,43.274964999999995],[-78.67345,43.274961999999995],[-78.67298199999999,43.274888999999995],[-78.67285199999999,43.27488399999999],[-78.67276199999999,43.274893999999996],[-78.672617,43.274959999999986],[-78.672572,43.275026000000004],[-78.672534,43.27512999999999],[-78.67253,43.275377000000006],[-78.672519,43.27657699999999],[-78.67250899999999,43.277752],[-78.672456,43.278726],[-78.67244199999999,43.27966399999999],[-78.671429,43.27963899999999],[-78.67096900000001,43.27962799999999],[-78.670951,43.279641],[-78.670918,43.280995999999995],[-78.67084899999999,43.281020999999996],[-78.670645,43.281009999999995],[-78.669932,43.281016999999984],[-78.66982399999999,43.281045000000006],[-78.669809,43.281073],[-78.669803,43.281138],[-78.669793,43.281268999999995],[-78.66977899999999,43.281296999999974],[-78.669738,43.281321999999996],[-78.669679,43.28133499999999],[-78.66950899999999,43.28133199999999],[-78.66904699999999,43.281349999999996],[-78.668944,43.281386999999995],[-78.668948,43.281725],[-78.66896,43.282739],[-78.668964,43.28307799999999],[-78.67113599999999,43.283120000000004],[-78.677652,43.283249000000005],[-78.67835,43.28326299999999],[-78.679825,43.283281999999986],[-78.679817,43.28402499999999],[-78.679782,43.28499799999999],[-78.67975,43.285914000000005],[-78.67971299999999,43.28782799999998],[-78.679715,43.288028000000004],[-78.679724,43.28878899999999],[-78.67972,43.28975],[-78.67975,43.29645399999999],[-78.679743,43.302273],[-78.67974,43.30557799999999]]]},"properties":{"geoid":"360630242013","name":"Block Group 3","pop":1396.0,"obs_Mesothelioma":1.0,"exp_Mesothelioma":0.08,"sir_Mesothelioma":12.015,"obs_Lung":6.0,"exp_Lung":5.77,"sir_Lung":1.039,"obs_Bladder":3.0,"exp_Bladder":2.2,"sir_Bladder":1.366,"obs_Esophagus":0.0,"exp_Esophagus":0.45,"sir_Esophagus":0.0,"obs_Oral":5.0,"exp_Oral":0.97,"sir_Oral":5.171,"obs_Brain":1.0,"exp_Brain":0.55,"sir_Brain":1.826,"hlarea_Lung":0,"hlarea_Bladder":1,"hlarea_Esophagus":0,"hlarea_Oral":0,"hlarea_Brain":0,"hlarea_Mesothelioma":0,"merged_area":false,"doh_region":"360630242013"}},{"type":"Feature","geometry":{"type":"Polygon","coordinates":[[[-79.03975899999999,43.10170099999999],[-79.039756,43.10188],[-79.039752,43.10214899999998],[-79.039747,43.10241699999999],[-79.03974500000001,43.102596],[-79.03974500000001,43.10277999999998],[-79.039747,43.103127],[-79.039747,43.103334999999994],[-79.039748,43.10351999999999],[-79.039749,43.10431699999998],[-79.03973599999999,43.10511199999999],[-79.03900399999999,43.105109],[-79.036808,43.10510000000001],[-79.03607699999999,43.105097],[-79.036075,43.105326],[-79.033504,43.105288999999985],[-79.033504,43.105114],[-79.03350499999999,43.104896],[-79.033506,43.104589999999995],[-79.033507,43.104416],[-79.03350900000001,43.10423099999999],[-79.033513,43.10395199999999],[-79.033515,43.103676],[-79.033518,43.103491],[-79.034033,43.103491],[-79.034915,43.10349099999999],[-79.035578,43.103498],[-79.03609399999999,43.103505],[-79.036096,43.10331699999999],[-79.03610100000002,43.10303699999999],[-79.03610499999999,43.102754000000004],[-79.036109,43.102567],[-79.036109,43.102387],[-79.03611,43.10212699999999],[-79.036111,43.10185],[-79.036112,43.10167199999999],[-79.036841,43.10167699999999],[-79.039029,43.10169499999999],[-79.03975899999999,43.10170099999999]]]},"properties":{"geoid":"360630207003","name":"Block Group 3","pop":1260.0,"obs_Mesothelioma":0.0,"exp_Mesothelioma":0.043711646,"sir_Mesothelioma":0.0,"obs_Lung":4.0,"exp_Lung":3.3829646953,"sir_Lung":1.182,"obs_Bladder":0.0,"exp_Bladder":1.1845526801,"sir_Bladder":0.0,"obs_Esophagus":1.0,"exp_Esophagus":0.2558880423,"sir_Esophagus":3.908,"obs_Oral":1.0,"exp_Oral":0.60213125,"sir_Oral":1.661,"obs_Brain":0.0,"exp_Brain":0.400814039,"sir_Brain":0.0,"hlarea_Lung":1,"hlarea_Bladder":0,"hlarea_Esophagus":1,"hlarea_Oral":0,"hlarea_Brain":0,"hlarea_Mesothelioma":0,"doh_region":"36063DOH0003","merged_area":true,"merged_bg_count":2}},{"type":"Feature","geometry":{"type":"Polygon","coordinates":[[[-78.547415,43.324457999999986],[-78.547409,43.324383999999995],[-78.54740699999999,43.32434699999998],[-78.54739,43.324164999999994],[-78.547384,43.324092],[-78.54733499999999,43.323851],[-78.547189,43.32313],[-78.547141,43.322889999999994],[-78.54713199999999,43.32284999999999],[-78.548565,43.32281799999999],[-78.55157,43.322752999999985],[-78.55228,43.322738],[-78.55299,43.322722],[-78.554465,43.32269099999999],[-78.554662,43.32268899999999],[-78.55466299999999,43.32342299999999],[-78.55494,43.323418999999994],[-78.55726899999999,43.32338899999999],[-78.557467,43.324670999999995],[-78.55765199999999,43.32586599999999],[-78.558333,43.325854],[-78.55948,43.32583599999998],[-78.560379,43.32581199999999],[-78.560991,43.325797],[-78.561061,43.32579500000001],[-78.561083,43.326632],[-78.561149,43.329144],[-78.561171,43.32998199999999],[-78.560206,43.32996899999999],[-78.557935,43.329939999999986],[-78.557953,43.33056],[-78.55798100000001,43.331523999999995],[-78.557997,43.332085],[-78.557588,43.33211899999999],[-78.556058,43.33224999999997],[-78.55615700000001,43.33362299999998],[-78.55622699999999,43.33459200000001],[-78.55623,43.33479599999999],[-78.556236,43.335137],[-78.556265,43.336772999999994],[-78.556275,43.33731900000001],[-78.55622199999999,43.33732199999999],[-78.556055,43.337331],[-78.55541199999999,43.33736899999999],[-78.55539499999999,43.337368999999995],[-78.55517499999999,43.337375],[-78.555043,43.337376000000006],[-78.554647,43.337381],[-78.55451599999999,43.337384],[-78.554391,43.33604499999999],[-78.55406099999999,43.332494999999994],[-78.55359399999999,43.332524],[-78.552253,43.332610999999986],[-78.552043,43.33262899999998],[-78.551416,43.33268400000001],[-78.55120699999999,43.33270299999999],[-78.55009,43.33273799999999],[-78.547848,43.33281099999999],[-78.547763,43.332813],[-78.54771699999999,43.331790999999996],[-78.54766699999999,43.33067599999999],[-78.54766599999999,43.33050999999999],[-78.547663,43.32988299999999],[-78.547663,43.32985399999998],[-78.54764899999999,43.327504],[-78.547645,43.32671199999999],[-78.54763299999999,43.326593999999986],[-78.54759899999999,43.326242],[-78.54758799999999,43.32612499999999],[-78.547553,43.32579099999999],[-78.547449,43.32479099999999],[-78.547415,43.324457999999986]]]},"properties":{"geoid":"360630241021","name":"Block Group 1","pop":525.0,"obs_Mesothelioma":0.0,"exp_Mesothelioma":0.03,"sir_Mesothelioma":0.0,"obs_Lung":5.0,"exp_Lung":1.89,"sir_Lung":2.651,"obs_Bladder":2.0,"exp_Bladder":0.7,"sir_Bladder":2.842,"obs_Esophagus":0.0,"exp_Esophagus":0.15,"sir_Esophagus":0.0,"obs_Oral":1.0,"exp_Oral":0.32,"sir_Oral":3.086,"obs_Brain":0.0,"exp_Brain":0.19,"sir_Brain":0.0,"hlarea_Lung":0,"hlarea_Bladder":1,"hlarea_Esophagus":0,"hlarea_Oral":0,"hlarea_Brain":0,"hlarea_Mesothelioma":0,"merged_area":false,"doh_region":"360630241021"}},{"type":"Feature","geometry":{"type":"Polygon","coordinates":[[[-78.465541,43.373369999999994],[-78.470534,43.37298699999999],[-78.475207,43.373626],[-78.480749,43.37597699999999],[-78.485644,43.377284999999986],[-78.503973,43.375479999999996],[-78.536422,43.372609],[-78.537813,43.372485999999995],[-78.570197,43.368401],[-78.604235,43.362798],[-78.624751,43.360708],[-78.624752,43.360708999999986],[-78.625211,43.360569999999996],[-78.62554399999999,43.36047],[-78.627752,43.360011],[-78.631753,43.359185999999994],[-78.63244,43.35904599999999],[-78.63485399999999,43.358556],[-78.639123,43.357786999999995],[-78.651933,43.355484],[-78.65620299999999,43.35471599999998],[-78.664857,43.353159],[-78.690823,43.348488999999994],[-78.699478,43.34693300000001],[-78.703332,43.346239],[-78.714894,43.34415999999999],[-78.718749,43.34346699999999],[-78.724617,43.34241100000001],[-78.742222,43.339245000000005],[-78.748091,43.33819],[-78.74857399999999,43.338103],[-78.74934400000001,43.337962999999995],[-78.753104,43.337281999999995],[-78.754358,43.33705499999999],[-78.767578,43.334194],[-78.807239,43.32561499999999],[-78.82046,43.32275500000001],[-78.826021,43.322097],[-78.835661,43.32095499999999],[-78.838794,43.32014499999999],[-78.848197,43.31771599999998],[-78.851331,43.316907],[-78.86123599999999,43.31434799999999],[-78.871662,43.31165499999998],[-78.88006299999999,43.30935499999999],[-78.890887,43.30642599999999],[-78.900763,43.303754999999995],[-78.911124,43.30137299999999],[-78.942208,43.29422799999999],[-78.95257,43.29184699999999],[-78.953783,43.291568000000005],[-78.957424,43.290731],[-78.958006,43.29059799999998],[-78.958648,43.290508999999986],[-78.967485,43.289282],[-78.993999,43.28560299999999],[-78.999751,43.28480599999999],[-79.002811,43.284216999999984],[-79.005668,43.283667],[-79.01424,43.282019],[-79.01709799999999,43.281470000000006],[-79.028849,43.27920899999999],[-79.064103,43.272428],[-79.07585499999999,43.270168000000005],[-79.08562200000001,43.284226999999994],[-79.105302,43.312555],[-79.114442,43.32564899999999],[-79.11495599999999,43.32638499999999],[-79.124757,43.340422],[-79.148772,43.37505499999999],[-79.200936,43.450421999999996],[-79.173811,43.460401999999995],[-79.17234599999999,43.460929],[-79.157905,43.46625099999999],[-79.12477,43.47846399999999],[-79.06371899999999,43.50001999999999],[-78.998166,43.522499999999994],[-78.87424700000001,43.565946],[-78.775043,43.60045699999999],[-78.754516,43.60759699999999],[-78.74976099999999,43.60925799999999],[-78.711567,43.625413],[-78.70643,43.627527],[-78.704909,43.62815699999999],[-78.70173100000001,43.629440999999986],[-78.69928999999999,43.630403999999984],[-78.695928,43.63172399999999],[-78.694544,43.63226499999998],[-78.69421299999999,43.63240100000001],[-78.69364999999999,43.632632],[-78.688295,43.634741999999996],[-78.68526399999999,43.63473799999999],[-78.685215,43.634738],[-78.648357,43.634775000000005],[-78.62474499999999,43.63479900000001],[-78.508467,43.633604],[-78.499752,43.63351899999998],[-78.468711,43.63342799999998],[-78.467832,43.60675299999998],[-78.465198,43.526728999999996],[-78.46432,43.50005499999999],[-78.464486,43.474715999999994],[-78.464565,43.462756000000006],[-78.46499399999999,43.421068999999996],[-78.46522200000001,43.39870399999999],[-78.465302,43.390966999999996],[-78.465598,43.375056],[-78.465541,43.373369999999994]]]},"properties":{"geoid":"360639900000","name":"Block Group 0","pop":null,"obs_Mesothelioma":null,"exp_Mesothelioma":null,"sir_Mesothelioma":null,"obs_Lung":null,"exp_Lung":null,"sir_Lung":null,"obs_Bladder":null,"exp_Bladder":null,"sir_Bladder":null,"obs_Esophagus":null,"exp_Esophagus":null,"sir_Esophagus":null,"obs_Oral":null,"exp_Oral":null,"sir_Oral":null,"obs_Brain":null,"exp_Brain":null,"sir_Brain":null}},{"type":"Feature","geometry":{"type":"Polygon","coordinates":[[[-79.05234399999999,43.08365099999999],[-79.05237799999999,43.08372099999999],[-79.05241,43.083785],[-79.05248,43.08392999999999],[-79.052324,43.083993],[-79.05248399999999,43.084308],[-79.052604,43.084632],[-79.05265,43.084858],[-79.05265299999999,43.085123999999986],[-79.05261000000002,43.086514000000015],[-79.052773,43.08650799999998],[-79.052737,43.08833899999999],[-79.052729,43.08846799999999],[-79.052634,43.08860999999999],[-79.052632,43.08866799999999],[-79.052522,43.088685],[-79.052444,43.088695],[-79.05239,43.088701],[-79.052301,43.088712],[-79.05208999999999,43.08871999999999],[-79.051659,43.08873499999999],[-79.051416,43.088744999999996],[-79.05115599999999,43.088755],[-79.05075699999999,43.088771],[-79.050376,43.08878499999999],[-79.050116,43.08879599999999],[-79.049858,43.088804999999994],[-79.049489,43.088818999999994],[-79.049087,43.088834],[-79.04883099999999,43.088843999999995],[-79.04857,43.08885399999999],[-79.04819499999999,43.088868999999995],[-79.047787,43.08888399999999],[-79.04752599999999,43.088895],[-79.047268,43.088905000000004],[-79.04690000000001,43.088921],[-79.046497,43.08893799999999],[-79.046241,43.08894899999999],[-79.045977,43.08895899999999],[-79.045598,43.088974],[-79.04518499999999,43.088991],[-79.044922,43.089002999999984],[-79.044759,43.089008],[-79.04427199999999,43.08902500000001],[-79.04411,43.089032],[-79.04404199999999,43.088945],[-79.044004,43.08889500000001],[-79.043841,43.088684],[-79.04377400000001,43.088598000000005],[-79.043652,43.088440000000006],[-79.043286,43.087969999999984],[-79.04316399999999,43.08781299999999],[-79.043144,43.08778699999999],[-79.04308499999999,43.087711999999996],[-79.043066,43.08768699999998],[-79.04294399999999,43.08752999999999],[-79.04258,43.08706199999999],[-79.042459,43.086906],[-79.042326,43.08673399999999],[-79.041927,43.08621899999999],[-79.041795,43.08604799999999],[-79.04164899999999,43.08585600000001],[-79.04146999999999,43.08561999999999],[-79.04130300000001,43.085433],[-79.041195,43.085345],[-79.04116499999999,43.085324],[-79.04096799999999,43.08518699999999],[-79.040891,43.08511],[-79.040651,43.08479199999999],[-79.040323,43.084358],[-79.04030399999999,43.084292999999995],[-79.0403,43.084227999999996],[-79.040331,43.08393499999999],[-79.040343,43.083835],[-79.040402,43.08339],[-79.040403,43.083382999999984],[-79.04043399999999,43.08310099999999],[-79.04042799999999,43.08302899999999],[-79.040379,43.082893999999996],[-79.040367,43.082830999999985],[-79.04034999999999,43.082792000000005],[-79.040319,43.082291999999995],[-79.04025,43.081158999999985],[-79.040196,43.080472999999984],[-79.040149,43.079868],[-79.040123,43.07953500000001],[-79.04004800000001,43.07853499999999],[-79.04003399999999,43.07834599999999],[-79.040033,43.07833999999999],[-79.04002299999999,43.078202999999995],[-79.04004499999999,43.077903],[-79.039765,43.07146199999999],[-79.04556699999999,43.072562],[-79.045784,43.072921],[-79.049652,43.079414],[-79.049837,43.07968399999999],[-79.049932,43.079790999999986],[-79.050219,43.08011199999999],[-79.05031500000001,43.08021999999999],[-79.05051,43.080323],[-79.050668,43.08044199999999],[-79.05086399999999,43.080673999999995],[-79.05090299999999,43.08073299999999],[-79.05094799999999,43.0808],[-79.05100399999999,43.080881999999995],[-79.051006,43.080886],[-79.051062,43.080968],[-79.051182,43.08114500000001],[-79.05118399999999,43.08114700000001],[-79.051239,43.081233000000005],[-79.05135299999999,43.081410999999996],[-79.05139,43.081488],[-79.05148600000001,43.08173299999999],[-79.05165,43.08223000000001],[-79.051761,43.08250099999999],[-79.051895,43.08275499999999],[-79.05193299999999,43.082824999999985],[-79.05228199999999,43.083527],[-79.05234399999999,43.08365099999999]]]},"properties":{"geoid":"360630212003","name":"Block Group 3","pop":1353.0,"obs_Mesothelioma":0.0,"exp_Mesothelioma":0.0734402558,"sir_Mesothelioma":0.0,"obs_Lung":13.0,"exp_Lung":4.8232344792,"sir_Lung":2.695,"obs_Bladder":2.0,"exp_Bladder":1.9118493459,"sir_Bladder":1.046,"obs_Esophagus":0.0,"exp_Esophagus":0.3691802906,"sir_Esophagus":0.0,"obs_Oral":2.0,"exp_Oral":0.8188797725,"sir_Oral":2.442,"obs_Brain":0.0,"exp_Brain":0.4909999336,"sir_Brain":0.0,"hlarea_Lung":1,"hlarea_Bladder":0,"hlarea_Esophagus":1,"hlarea_Oral":0,"hlarea_Brain":0,"hlarea_Mesothelioma":0,"doh_region":"36063DOH0005","merged_area":true,"merged_bg_count":3}},{"type":"Feature","geometry":{"type":"Polygon","coordinates":[[[-78.734357,43.171527999999995],[-78.73410899999999,43.17220699999999],[-78.734246,43.172261999999996],[-78.73433399999999,43.172295999999996],[-78.73444599999999,43.17234099999999],[-78.734599,43.172397999999994],[-78.73468799999999,43.17243199999999],[-78.734926,43.17180099999999],[-78.735045,43.17186299999998],[-78.735419,43.172012999999986],[-78.735331,43.172673999999994],[-78.735415,43.17270599999999],[-78.735597,43.172775],[-78.735621,43.172784],[-78.735694,43.172811],[-78.735719,43.172821],[-78.735874,43.172878999999995],[-78.735956,43.17232599999999],[-78.736576,43.17250699999998],[-78.73655,43.172703999999996],[-78.736496,43.173111999999996],[-78.736601,43.173151000000004],[-78.736919,43.173269],[-78.73692199999999,43.17327099999999],[-78.737025,43.17330899999998],[-78.737048,43.17331799999998],[-78.73711999999999,43.173345],[-78.737145,43.17335399999999],[-78.73784599999999,43.173609000000006],[-78.73816,43.173717999999994],[-78.738579,43.173831],[-78.738778,43.173884999999984],[-78.739057,43.17393399999999],[-78.739739,43.17404],[-78.740262,43.174099],[-78.74059000000001,43.17413199999999],[-78.740737,43.174153000000004],[-78.741326,43.17419999999999],[-78.74196599999999,43.17425100000001],[-78.74286099999999,43.17430499999999],[-78.743084,43.174307],[-78.744597,43.17432599999999],[-78.74465099999999,43.174326],[-78.74481399999999,43.17432699999999],[-78.744869,43.17432799999999],[-78.744902,43.174327000000005],[-78.745003,43.17432599999999],[-78.745037,43.174326],[-78.745255,43.174323],[-78.745902,43.174327],[-78.747485,43.17433700000001],[-78.747924,43.17432399999999],[-78.748289,43.17429500000001],[-78.74849499999999,43.174265],[-78.74913,43.17417599999999],[-78.749349,43.174127999999996],[-78.7495,43.174095],[-78.75003099999999,43.17395299999999],[-78.75041,43.173832],[-78.75059900000001,43.173772],[-78.753069,43.17295899999999],[-78.753546,43.17278],[-78.754083,43.172580999999994],[-78.754576,43.172385],[-78.75457399999999,43.172647999999995],[-78.75457399999999,43.17273899999999],[-78.75457,43.17344],[-78.75456899999999,43.17370500000001],[-78.754623,43.174443999999994],[-78.754785,43.17666399999999],[-78.75483899999999,43.17740499999999],[-78.754756,43.179027999999995],[-78.754511,43.183898],[-78.75443,43.18552199999999],[-78.754414,43.18596399999999],[-78.75436800000001,43.18729],[-78.754353,43.187733],[-78.754482,43.188309000000004],[-78.754524,43.18861199999999],[-78.754547,43.189107],[-78.754548,43.18968499999999],[-78.754555,43.192578999999995],[-78.754547,43.19495099999999],[-78.754553,43.195429],[-78.75455199999999,43.195595000000004],[-78.754542,43.19756599999999],[-78.754543,43.19831399999999],[-78.754546,43.200559],[-78.754547,43.20130799999998],[-78.754547,43.201342999999994],[-78.754547,43.20317799999999],[-78.754548,43.208788],[-78.754549,43.210658999999985],[-78.754553,43.210957],[-78.75453999999999,43.21143699999999],[-78.754542,43.211738],[-78.754547,43.21239099999998],[-78.754599,43.214977],[-78.754621,43.216057000000006],[-78.754623,43.216123],[-78.754629,43.21632099999999],[-78.754631,43.216387999999995],[-78.75464099999999,43.216982],[-78.75464199999999,43.217006],[-78.754639,43.21876399999999],[-78.754639,43.21909799999999],[-78.754646,43.219164],[-78.75468099999999,43.219225],[-78.754781,43.21929899999999],[-78.75311599999999,43.219294],[-78.74812399999999,43.219279],[-78.74646,43.219274],[-78.74638499999999,43.21928299999999],[-78.745954,43.219317999999994],[-78.745413,43.21934199999999],[-78.74450999999999,43.219346],[-78.744078,43.219348],[-78.738653,43.21935],[-78.736701,43.219350999999996],[-78.73528999999999,43.219345],[-78.73106000000001,43.219326999999986],[-78.72965099999999,43.219321],[-78.72698199999999,43.21932400000001],[-78.72384,43.219328],[-78.71993599999999,43.21932799999999],[-78.718975,43.21932399999999],[-78.717764,43.219320999999994],[-78.716307,43.219322],[-78.715751,43.219322],[-78.714084,43.21932299999999],[-78.713529,43.219324],[-78.713529,43.218852],[-78.713464,43.217022],[-78.713419,43.21572799999999],[-78.713317,43.213592999999996],[-78.71324899999999,43.211878999999996],[-78.713177,43.210121],[-78.713123,43.208771999999996],[-78.713098,43.20781999999999],[-78.71300699999999,43.204823999999995],[-78.71296699999999,43.20350799999999],[-78.712927,43.203109999999995],[-78.712898,43.20300399999999],[-78.712813,43.202743999999996],[-78.712492,43.202064],[-78.71059699999999,43.198330000000006],[-78.70971899999999,43.196588],[-78.709085,43.195327999999996],[-78.70837999999999,43.19390799999999],[-78.708249,43.193696],[-78.70816099999999,43.19359399999999],[-78.70797499999999,43.193454999999986],[-78.70793,43.193420999999994],[-78.707522,43.193152000000005],[-78.70710799999999,43.19285699999999],[-78.706856,43.19265099999999],[-78.706514,43.192331],[-78.70638199999999,43.192208],[-78.706203,43.19200899999999],[-78.70610099999999,43.19187699999999],[-78.705969,43.19182399999999],[-78.70577999999999,43.191700999999995],[-78.705546,43.191492],[-78.705049,43.19103899999999],[-78.704911,43.190912999999995],[-78.70481,43.190809999999985],[-78.704758,43.190718999999994],[-78.70443999999999,43.189996],[-78.70436,43.189828],[-78.704321,43.18904199999999],[-78.704914,43.18904899999998],[-78.705045,43.18905699999999],[-78.70544,43.18908099999998],[-78.70557199999999,43.18908899999998],[-78.70775499999999,43.189285],[-78.709552,43.19075300000001],[-78.709829,43.19097999999999],[-78.71597899999999,43.190771000000005],[-78.71633200000001,43.18656299999999],[-78.714618,43.186760000000014],[-78.714517,43.185685],[-78.714505,43.185556999999996],[-78.712285,43.186056],[-78.71216199999999,43.18395099999999],[-78.71250599999999,43.183886],[-78.712699,43.18385],[-78.713145,43.18378],[-78.71342700000001,43.183739],[-78.714187,43.18360500000001],[-78.714399,43.183569999999996],[-78.714637,43.18353199999999],[-78.717818,43.182987],[-78.718668,43.18284399999999],[-78.72016699999999,43.18258199999999],[-78.72111199999999,43.18242299999999],[-78.722735,43.182151],[-78.72335000000001,43.18204199999998],[-78.72356500000001,43.18200399999999],[-78.723507,43.17781999999999],[-78.723478,43.175684999999994],[-78.72345,43.175489000000006],[-78.723342,43.174193],[-78.723159,43.171278],[-78.72309299999999,43.169816000000004],[-78.72308400000001,43.16950999999999],[-78.72308199999999,43.169456999999994],[-78.723114,43.16920099999999],[-78.72313,43.169076999999994],[-78.723135,43.16893899999999],[-78.72313199999999,43.16854399999999],[-78.72311599999999,43.16843099999999],[-78.72308799999999,43.16822099999999],[-78.723077,43.16817699999999],[-78.722979,43.16737699999999],[-78.722928,43.166949],[-78.72292,43.165461],[-78.723406,43.165354],[-78.724015,43.16522200000001],[-78.724194,43.165182],[-78.724361,43.165152],[-78.72486300000001,43.16506299999999],[-78.725031,43.16503399999999],[-78.725301,43.16497299999999],[-78.726114,43.16479399999999],[-78.726385,43.164734],[-78.72667899999999,43.165256],[-78.726731,43.16534799999999],[-78.727423,43.16661299999999],[-78.72753999999999,43.166833999999994],[-78.727564,43.166879],[-78.72772100000002,43.167108999999996],[-78.72785999999999,43.16734099999999],[-78.728045,43.16762499999999],[-78.728231,43.16791],[-78.728625,43.168337],[-78.728697,43.168402],[-78.72895,43.16862999999999],[-78.729142,43.168786999999995],[-78.729576,43.16914099999999],[-78.729721,43.16925799999999],[-78.72991499999999,43.169413999999996],[-78.730428,43.169397000000004],[-78.731341,43.169367],[-78.731301,43.169993000000005],[-78.73127,43.170505999999996],[-78.73136,43.170577999999985],[-78.731456,43.170656],[-78.73163199999999,43.17079699999999],[-78.731723,43.170869999999994],[-78.73195299999999,43.17104399999998],[-78.73218,43.171216],[-78.732496,43.171422],[-78.732675,43.17152599999999],[-78.73281899999999,43.171609999999994],[-78.732927,43.171669],[-78.732792,43.170785],[-78.732737,43.170419],[-78.733442,43.170387999999996],[-78.733362,43.17086199999999],[-78.734296,43.171488],[-78.734357,43.171527999999995]]]},"properties":{"geoid":"360630234014","name":"Block Group 4","pop":2129.0,"obs_Mesothelioma":0.0,"exp_Mesothelioma":0.12,"sir_Mesothelioma":0.0,"obs_Lung":3.0,"exp_Lung":7.89,"sir_Lung":0.38,"obs_Bladder":2.0,"exp_Bladder":3.19,"sir_Bladder":0.628,"obs_Esophagus":1.0,"exp_Esophagus":0.64,"sir_Esophagus":1.555,"obs_Oral":2.0,"exp_Oral":1.4,"sir_Oral":1.431,"obs_Brain":0.0,"exp_Brain":0.8,"sir_Brain":0.0,"hlarea_Lung":0,"hlarea_Bladder":1,"hlarea_Esophagus":1,"hlarea_Oral":0,"hlarea_Brain":0,"hlarea_Mesothelioma":0,"merged_area":false,"doh_region":"360630234014"}},{"type":"Feature","geometry":{"type":"Polygon","coordinates":[[[-78.70436,43.189828],[-78.70443999999999,43.189996],[-78.704758,43.190718999999994],[-78.70481,43.190809999999985],[-78.704911,43.190912999999995],[-78.705049,43.19103899999999],[-78.705546,43.191492],[-78.70577999999999,43.191700999999995],[-78.705969,43.19182399999999],[-78.70610099999999,43.19187699999999],[-78.706203,43.19200899999999],[-78.70638199999999,43.192208],[-78.706514,43.192331],[-78.706856,43.19265099999999],[-78.70710799999999,43.19285699999999],[-78.707522,43.193152000000005],[-78.70793,43.193420999999994],[-78.70797499999999,43.193454999999986],[-78.70816099999999,43.19359399999999],[-78.708249,43.193696],[-78.70837999999999,43.19390799999999],[-78.70721,43.193859999999994],[-78.70649499999999,43.19383099999999],[-78.70424299999999,43.19376099999998],[-78.703701,43.19373399999999],[-78.703335,43.193717],[-78.702925,43.19367699999999],[-78.702539,43.193615],[-78.701521,43.193529000000005],[-78.699827,43.19338699999999],[-78.698968,43.192758],[-78.698728,43.192582],[-78.697904,43.19198],[-78.697687,43.191938],[-78.69702,43.191871],[-78.696856,43.191865],[-78.69634099999999,43.191849],[-78.69324499999999,43.191826999999996],[-78.693165,43.191825999999985],[-78.692646,43.191825999999985],[-78.69162899999999,43.19181100000001],[-78.68997399999999,43.191801],[-78.689388,43.191794],[-78.68763,43.191776000000004],[-78.687434,43.19177399999999],[-78.687045,43.191749],[-78.686989,43.190875],[-78.686987,43.19082799999999],[-78.686881,43.18825199999999],[-78.686846,43.187378],[-78.686824,43.18686799999999],[-78.686758,43.185341],[-78.686736,43.184832],[-78.686725,43.184591999999995],[-78.686692,43.183875],[-78.68668199999999,43.183635999999986],[-78.686658,43.18296699999999],[-78.686623,43.18214],[-78.68692,43.181965],[-78.6875,43.181826],[-78.688581,43.18152899999999],[-78.68876999999999,43.181468999999986],[-78.688513,43.180918999999996],[-78.688379,43.180638999999985],[-78.68829699999999,43.180467],[-78.687994,43.179795],[-78.68786700000001,43.17951399999999],[-78.687502,43.178675999999996],[-78.687161,43.177986],[-78.687406,43.177817999999995],[-78.68750299999999,43.17776899999999],[-78.688414,43.177172999999996],[-78.688485,43.17712599999999],[-78.688619,43.17703799999999],[-78.68891699999999,43.17684099999999],[-78.689832,43.176184],[-78.690691,43.175539],[-78.690769,43.17562599999999],[-78.690817,43.17575499999999],[-78.690833,43.17584999999999],[-78.690834,43.175973],[-78.690845,43.176704999999984],[-78.690837,43.17730199999999],[-78.690838,43.17739599999999],[-78.690849,43.177870999999975],[-78.690843,43.17848099999999],[-78.690837,43.17931],[-78.690878,43.179404],[-78.691284,43.18009500000001],[-78.691332,43.180181999999995],[-78.691625,43.18071899999999],[-78.691803,43.180659999999996],[-78.692337,43.18048399999999],[-78.692516,43.18042599999998],[-78.692465,43.18033299999999],[-78.692314,43.180054],[-78.692264,43.17996199999999],[-78.692371,43.179938],[-78.692492,43.17995399999999],[-78.6926,43.17998299999999],[-78.693367,43.180262],[-78.693489,43.180307],[-78.69407,43.180488000000004],[-78.694137,43.18050199999999],[-78.695701,43.180767999999986],[-78.696123,43.180859999999996],[-78.696438,43.180944999999994],[-78.69674499999999,43.18106399999999],[-78.697181,43.18123499999999],[-78.697811,43.181521999999994],[-78.698106,43.181637],[-78.698251,43.181693999999986],[-78.69845699999999,43.18175699999999],[-78.698863,43.181832],[-78.69903,43.18185799999999],[-78.699344,43.18190899999999],[-78.699202,43.182816],[-78.699565,43.182828],[-78.699818,43.182843],[-78.700234,43.182871],[-78.70049,43.182917999999994],[-78.700772,43.182984],[-78.701337,43.183139],[-78.701673,43.18326899999999],[-78.70194,43.183403],[-78.702145,43.183552999999996],[-78.702393,43.18377199999998],[-78.702868,43.184051999999994],[-78.702985,43.184117],[-78.703412,43.184286],[-78.703512,43.18432999999999],[-78.703649,43.184391],[-78.70378699999999,43.18447],[-78.70388899999999,43.18439599999999],[-78.703972,43.184358999999986],[-78.704163,43.184322999999985],[-78.704374,43.18432899999999],[-78.704875,43.184374],[-78.70512,43.184410999999976],[-78.70591399999999,43.184532999999995],[-78.707438,43.18478499999999],[-78.707656,43.184805999999995],[-78.707804,43.18480099999999],[-78.708319,43.184753999999984],[-78.709206,43.18467899999999],[-78.709837,43.184625999999994],[-78.710295,43.184529000000005],[-78.710559,43.18445800000001],[-78.71088,43.18436],[-78.710881,43.184358999999986],[-78.71173499999999,43.18404999999999],[-78.711833,43.18402299999999],[-78.711958,43.183989999999994],[-78.71216199999999,43.18395099999999],[-78.712285,43.186056],[-78.714505,43.185556999999996],[-78.714517,43.185685],[-78.714618,43.186760000000014],[-78.71633200000001,43.18656299999999],[-78.71597899999999,43.190771000000005],[-78.709829,43.19097999999999],[-78.709552,43.19075300000001],[-78.70775499999999,43.189285],[-78.70557199999999,43.18908899999998],[-78.70544,43.18908099999998],[-78.705045,43.18905699999999],[-78.704914,43.18904899999998],[-78.704321,43.18904199999999],[-78.70436,43.189828]]]},"properties":{"geoid":"360630235002","name":"Block Group 2","pop":1536.0,"obs_Mesothelioma":0.0,"exp_Mesothelioma":0.0612925538,"sir_Mesothelioma":0.0,"obs_Lung":4.0,"exp_Lung":4.3102199971,"sir_Lung":0.928,"obs_Bladder":1.0,"exp_Bladder":1.6061900683,"sir_Bladder":0.623,"obs_Esophagus":0.0,"exp_Esophagus":0.3409731748,"sir_Esophagus":0.0,"obs_Oral":1.0,"exp_Oral":0.7877050298,"sir_Oral":1.27,"obs_Brain":0.0,"exp_Brain":0.5025778825,"sir_Brain":0.0,"hlarea_Lung":1,"hlarea_Bladder":1,"hlarea_Esophagus":1,"hlarea_Oral":0,"hlarea_Brain":0,"hlarea_Mesothelioma":0,"doh_region":"36063DOH0301","merged_area":true,"merged_bg_count":2}},{"type":"Feature","geometry":{"type":"Polygon","coordinates":[[[-78.851858,43.060593],[-78.851633,43.06059499999999],[-78.850961,43.0606],[-78.85073799999999,43.06060300000001],[-78.850743,43.05989899999999],[-78.85074999999999,43.05917099999999],[-78.850728,43.058686999999985],[-78.850669,43.05850899999999],[-78.850534,43.058302],[-78.850364,43.05812799999999],[-78.850199,43.05800800000001],[-78.850184,43.058],[-78.849554,43.05768899999998],[-78.849366,43.05759899999999],[-78.848804,43.057329999999986],[-78.84861699999999,43.05724099999999],[-78.84847599999999,43.05721299999999],[-78.848055,43.05712899999998],[-78.847915,43.05710100000001],[-78.848046,43.056953],[-78.848068,43.05693],[-78.848427,43.056498],[-78.848554,43.05634699999999],[-78.84866699999999,43.056417999999994],[-78.848916,43.056559],[-78.849017,43.05660599999999],[-78.849138,43.056663],[-78.849364,43.056757999999995],[-78.84966299999999,43.056848],[-78.849718,43.05686499999999],[-78.850098,43.05695499999999],[-78.850557,43.057024],[-78.850878,43.05704299999999],[-78.85131799999999,43.05704499999999],[-78.851877,43.05704899999999],[-78.852098,43.05704899999999],[-78.852761,43.057049],[-78.852982,43.05704999999999],[-78.853206,43.05704999999999],[-78.85387899999999,43.057052],[-78.854104,43.057053],[-78.85433499999999,43.057053],[-78.85502799999999,43.057053],[-78.85525899999999,43.057053],[-78.85547799999999,43.057052999999996],[-78.85613599999999,43.057054],[-78.856356,43.057055000000005],[-78.85664,43.057055],[-78.857492,43.057057],[-78.857776,43.057058000000005],[-78.85804,43.05705699999999],[-78.85883199999999,43.05705599999998],[-78.85909699999999,43.057056],[-78.85950799999999,43.057057],[-78.86074099999999,43.05706],[-78.86115199999999,43.057061],[-78.86137,43.057061],[-78.862026,43.057064],[-78.862245,43.057064999999994],[-78.862476,43.057064999999994],[-78.863169,43.057064999999994],[-78.863401,43.057066],[-78.86362299999999,43.05706599999999],[-78.864289,43.057066],[-78.864511,43.05706699999999],[-78.864656,43.057064999999994],[-78.86475600000001,43.057054999999984],[-78.864811,43.057050999999994],[-78.86511,43.05700999999998],[-78.865492,43.056993000000006],[-78.865738,43.056983],[-78.86574999999999,43.05765799999999],[-78.865786,43.059683],[-78.865799,43.060358],[-78.865802,43.06056299999998],[-78.865813,43.06117999999999],[-78.86581699999999,43.061386],[-78.865826,43.061915],[-78.865855,43.06350399999998],[-78.865865,43.064034],[-78.86561999999999,43.064078],[-78.86540000000001,43.064125999999995],[-78.864474,43.06433299999999],[-78.864013,43.06443999999999],[-78.863552,43.06454799999998],[-78.863073,43.06465099999999],[-78.862094,43.064862999999995],[-78.861882,43.06489099999998],[-78.86168599999999,43.064898],[-78.861627,43.06489800000001],[-78.861138,43.06489799999999],[-78.86017799999999,43.0649],[-78.85730099999999,43.064906999999984],[-78.857017,43.064907999999996],[-78.856342,43.064901],[-78.855696,43.064904999999996],[-78.854006,43.064918],[-78.853758,43.064916],[-78.853113,43.064912],[-78.853113,43.064733999999994],[-78.853115,43.064204],[-78.853116,43.06402699999999],[-78.853116,43.06387599999999],[-78.853117,43.06342599999999],[-78.853118,43.063275999999995],[-78.853115,43.063143999999994],[-78.853099,43.06301999999999],[-78.853089,43.062941999999985],[-78.85297899999999,43.062463],[-78.852976,43.06226199999999],[-78.85297299999999,43.06200599999999],[-78.852972,43.061828999999996],[-78.85297,43.06130100000001],[-78.85297,43.061125],[-78.85274799999999,43.061178999999996],[-78.852471,43.061246999999995],[-78.852081,43.061325999999994],[-78.852076,43.06132799999999],[-78.851856,43.06136099999999],[-78.851856,43.06120699999998],[-78.851857,43.060745999999995],[-78.851858,43.060593]]]},"properties":{"geoid":"360630228031","name":"Block Group 1","pop":1615.0,"obs_Mesothelioma":0.0,"exp_Mesothelioma":0.11,"sir_Mesothelioma":0.0,"obs_Lung":9.0,"exp_Lung":7.19,"sir_Lung":1.252,"obs_Bladder":4.0,"exp_Bladder":2.78,"sir_Bladder":1.436,"obs_Esophagus":0.0,"exp_Esophagus":0.56,"sir_Esophagus":0.0,"obs_Oral":0.0,"exp_Oral":1.21,"sir_Oral":0.0,"obs_Brain":1.0,"exp_Brain":0.66,"sir_Brain":1.518,"hlarea_Lung":1,"hlarea_Bladder":1,"hlarea_Esophagus":1,"hlarea_Oral":0,"hlarea_Brain":0,"hlarea_Mesothelioma":0,"merged_area":false,"doh_region":"360630228031"}},{"type":"Feature","geometry":{"type":"Polygon","coordinates":[[[-78.85635200000002,43.04778099999999],[-78.856544,43.04758799999999],[-78.856964,43.047169999999994],[-78.85698599999999,43.047145],[-78.857597,43.046488000000004],[-78.858497,43.045463999999996],[-78.858693,43.04546399999999],[-78.85883199999999,43.045463999999996],[-78.859839,43.045468],[-78.860175,43.04547],[-78.860922,43.045482],[-78.861215,43.045481999999986],[-78.86166999999999,43.04548199999999],[-78.862425,43.045469],[-78.864336,43.045463],[-78.865377,43.04546],[-78.865391,43.045929],[-78.86543499999999,43.047338],[-78.86545,43.04780799999998],[-78.865455,43.047962999999996],[-78.86547,43.048431],[-78.86547499999999,43.048587],[-78.86547999999999,43.04874],[-78.86549500000001,43.0492],[-78.8655,43.049354],[-78.865504,43.049513],[-78.86551899999999,43.049994],[-78.865524,43.05015399999999],[-78.865528,43.050295000000006],[-78.865543,43.05071999999999],[-78.86554799999999,43.05086199999999],[-78.865556,43.05111699999999],[-78.86558,43.05188499999999],[-78.865589,43.05214099999999],[-78.86559299999999,43.052281999999984],[-78.865607,43.05270599999999],[-78.865612,43.052848000000004],[-78.865617,43.052997],[-78.86563199999999,43.053444],[-78.86563699999999,43.053594],[-78.86564299999999,43.05383299999999],[-78.865647,43.05396799999998],[-78.865662,43.054553],[-78.86566900000001,43.054793999999994],[-78.86567699999999,43.055046],[-78.865701,43.055805],[-78.86570999999999,43.05605800000001],[-78.865715,43.05624299999999],[-78.865732,43.056798],[-78.865738,43.056983],[-78.865492,43.056993000000006],[-78.86511,43.05700999999998],[-78.864811,43.057050999999994],[-78.86475600000001,43.057054999999984],[-78.864656,43.057064999999994],[-78.864511,43.05706699999999],[-78.864289,43.057066],[-78.86362299999999,43.05706599999999],[-78.863401,43.057066],[-78.863169,43.057064999999994],[-78.862476,43.057064999999994],[-78.862245,43.057064999999994],[-78.862026,43.057064],[-78.86137,43.057061],[-78.86115199999999,43.057061],[-78.86074099999999,43.05706],[-78.85950799999999,43.057057],[-78.85909699999999,43.057056],[-78.85883199999999,43.05705599999998],[-78.85804,43.05705699999999],[-78.857776,43.057058000000005],[-78.857492,43.057057],[-78.85664,43.057055],[-78.856356,43.057055000000005],[-78.85613599999999,43.057054],[-78.85547799999999,43.057052999999996],[-78.85525899999999,43.057053],[-78.85502799999999,43.057053],[-78.85433499999999,43.057053],[-78.854104,43.057053],[-78.85387899999999,43.057052],[-78.853206,43.05704999999999],[-78.852982,43.05704999999999],[-78.852761,43.057049],[-78.852098,43.05704899999999],[-78.851877,43.05704899999999],[-78.85131799999999,43.05704499999999],[-78.850878,43.05704299999999],[-78.850557,43.057024],[-78.850098,43.05695499999999],[-78.849718,43.05686499999999],[-78.84966299999999,43.056848],[-78.849364,43.056757999999995],[-78.849138,43.056663],[-78.849017,43.05660599999999],[-78.848916,43.056559],[-78.84866699999999,43.056417999999994],[-78.848554,43.05634699999999],[-78.848994,43.05581799999998],[-78.849137,43.055647],[-78.850087,43.054598],[-78.850381,43.054289],[-78.850857,43.053792],[-78.85201099999999,43.05258399999999],[-78.852409,43.05214899999999],[-78.85319299999999,43.051294999999996],[-78.85416,43.050212],[-78.85476799999999,43.04954399999999],[-78.855342,43.04889],[-78.85635200000002,43.04778099999999]]]},"properties":{"geoid":"360630228032","name":"Block Group 2","pop":2022.0,"obs_Mesothelioma":2.0,"exp_Mesothelioma":0.13,"sir_Mesothelioma":15.364,"obs_Lung":11.0,"exp_Lung":9.04,"sir_Lung":1.217,"obs_Bladder":2.0,"exp_Bladder":3.45,"sir_Bladder":0.58,"obs_Esophagus":2.0,"exp_Esophagus":0.73,"sir_Esophagus":2.745,"obs_Oral":1.0,"exp_Oral":1.58,"sir_Oral":0.634,"obs_Brain":2.0,"exp_Brain":0.84,"sir_Brain":2.395,"hlarea_Lung":1,"hlarea_Bladder":1,"hlarea_Esophagus":1,"hlarea_Oral":0,"hlarea_Brain":0,"hlarea_Mesothelioma":1,"merged_area":false,"doh_region":"360630228032"}},{"type":"Feature","geometry":{"type":"Polygon","coordinates":[[[-78.46279400000002,43.254844],[-78.462763,43.254402],[-78.462684,43.25343099999999],[-78.462627,43.25250099999999],[-78.462566,43.251498999999995],[-78.46252199999999,43.25103199999999],[-78.462391,43.249013000000005],[-78.462218,43.24679999999999],[-78.462156,43.245991],[-78.462085,43.244899999999994],[-78.462034,43.244311999999994],[-78.462009,43.24400899999999],[-78.4619,43.242548],[-78.46185899999999,43.241982],[-78.46185799999999,43.24196099999999],[-78.461843,43.241704],[-78.46179900000001,43.24093299999999],[-78.46178499999999,43.240676],[-78.461781,43.240611999999985],[-78.46177,43.240421000000005],[-78.461767,43.24035799999999],[-78.461765,43.240314999999995],[-78.461658,43.23866599999999],[-78.46157199999999,43.237339],[-78.461439,43.235097999999994],[-78.46139,43.233967],[-78.46136299999999,43.233591],[-78.46124499999999,43.231901],[-78.461243,43.231877],[-78.46124,43.231806000000006],[-78.46123899999999,43.23178300000001],[-78.46119100000001,43.230779],[-78.461114,43.229147999999995],[-78.461016,43.22776899999998],[-78.461013,43.22772299999999],[-78.460968,43.22729899999999],[-78.460942,43.22676799999999],[-78.460836,43.224658000000005],[-78.460521,43.21833099999999],[-78.460416,43.216221999999995],[-78.461423,43.216213999999994],[-78.46444699999999,43.21619400000001],[-78.46545499999999,43.216187],[-78.465581,43.216184999999975],[-78.46596199999999,43.216182999999994],[-78.46609000000001,43.216183],[-78.467503,43.21617299999998],[-78.471745,43.216146],[-78.473159,43.216136999999996],[-78.473096,43.217679],[-78.472929,43.22185599999999],[-78.473379,43.22185599999999],[-78.47492299999999,43.22185899999999],[-78.475742,43.22185799999999],[-78.478201,43.221854999999984],[-78.479021,43.221854999999984],[-78.47962,43.221855],[-78.479659,43.221855999999995],[-78.47976899999999,43.220099999999995],[-78.479807,43.219502],[-78.479825,43.21890099999999],[-78.479825,43.218893],[-78.480049,43.21707999999999],[-78.480091,43.21674900000001],[-78.48036599999999,43.216734],[-78.481156,43.21672],[-78.48352799999999,43.21668199999999],[-78.483774,43.21667799999999],[-78.48385200000001,43.21613899999999],[-78.483898,43.21613999999999],[-78.485102,43.216159],[-78.487222,43.216193000000004],[-78.488855,43.21621099999999],[-78.490107,43.21622599999999],[-78.491303,43.216223],[-78.493005,43.216233],[-78.49351,43.216235999999995],[-78.495707,43.216234],[-78.49653599999999,43.216243999999996],[-78.498844,43.21624099999999],[-78.49965499999999,43.216235],[-78.501699,43.216233],[-78.50177099999999,43.216233],[-78.503624,43.216249000000005],[-78.504598,43.216266999999995],[-78.504713,43.21626500000001],[-78.50506,43.216260999999996],[-78.50517599999999,43.21625999999999],[-78.506175,43.21625299999998],[-78.506478,43.216255],[-78.50710099999999,43.21625999999999],[-78.50787299999999,43.21625599999999],[-78.509739,43.21628199999999],[-78.510386,43.216283],[-78.51168899999999,43.216286],[-78.51181199999999,43.21628599999999],[-78.512183,43.216287],[-78.51230699999999,43.216287999999984],[-78.51577499999999,43.21631399999999],[-78.516818,43.216317000000004],[-78.51791899999999,43.216321],[-78.520427,43.21635599999999],[-78.52242,43.21640099999998],[-78.52608599999999,43.216452],[-78.528291,43.21650599999999],[-78.529007,43.216515],[-78.53035,43.216544999999996],[-78.53362,43.21662],[-78.53486099999999,43.216639],[-78.536866,43.21668699999999],[-78.537928,43.216713],[-78.54034,43.216761999999996],[-78.542884,43.216827999999985],[-78.54414899999999,43.216860999999994],[-78.54489,43.21689],[-78.545521,43.21689800000001],[-78.547414,43.21692399999999],[-78.548046,43.216933000000004],[-78.55017099999999,43.21693200000001],[-78.55654799999999,43.216932],[-78.558674,43.21693200000001],[-78.560266,43.216964999999995],[-78.565045,43.21706499999999],[-78.565611,43.217076999999996],[-78.566638,43.21709299999999],[-78.56665199999999,43.21720599999999],[-78.566701,43.217589999999994],[-78.566845,43.2187],[-78.566846,43.21897],[-78.566828,43.219085],[-78.566806,43.21923699999999],[-78.56676999999999,43.219395],[-78.566704,43.21957],[-78.566626,43.21973399999999],[-78.566429,43.220072999999985],[-78.566296,43.220231999999996],[-78.566114,43.22041],[-78.56553,43.22092199999999],[-78.564098,43.22211799999999],[-78.56331999999999,43.222727000000006],[-78.562828,43.223071999999995],[-78.562608,43.223203999999996],[-78.562158,43.223478],[-78.561881,43.223624000000015],[-78.56150099999999,43.22379699999999],[-78.56116,43.223928],[-78.560836,43.224033999999996],[-78.560029,43.22427299999999],[-78.55914,43.22452199999999],[-78.558537,43.22467699999999],[-78.558007,43.224835999999996],[-78.55738199999999,43.225038999999995],[-78.55674499999999,43.225289999999994],[-78.556206,43.22551699999999],[-78.555644,43.22577099999999],[-78.554349,43.226366999999996],[-78.554,43.226551999999984],[-78.55373399999999,43.22672999999999],[-78.552497,43.227774],[-78.551863,43.228345999999995],[-78.551498,43.228721],[-78.550631,43.229665],[-78.54965399999999,43.23077999999999],[-78.549503,43.23099199999999],[-78.549416,43.23120800000001],[-78.549379,43.23141199999999],[-78.549356,43.231932],[-78.549352,43.23203699999999],[-78.54928,43.235827],[-78.549255,43.23665199999999],[-78.54928,43.236924],[-78.54932,43.23705999999999],[-78.54947,43.237418000000005],[-78.549602,43.23770799999999],[-78.54972099999999,43.237969],[-78.54980599999999,43.238246999999994],[-78.549853,43.238496999999995],[-78.549855,43.238623999999994],[-78.549863,43.238944],[-78.549863,43.23901999999999],[-78.549863,43.23925099999999],[-78.549863,43.239328],[-78.549827,43.241689],[-78.549722,43.24877399999999],[-78.549689,43.25105599999999],[-78.54968699999999,43.251135999999995],[-78.54967599999999,43.25168],[-78.549645,43.253315],[-78.54963599999999,43.253859999999996],[-78.54958599999999,43.255461],[-78.549577,43.255772],[-78.54954099999999,43.25753099999999],[-78.549459,43.260266],[-78.54945699999999,43.26034099999999],[-78.54939499999999,43.261868],[-78.549359,43.26273200000001],[-78.54929899999999,43.264216999999995],[-78.54926600000002,43.26513599999999],[-78.549257,43.265327],[-78.549221,43.26619199999999],[-78.549174,43.26716],[-78.549156,43.26754799999999],[-78.549123,43.26876899999998],[-78.54907,43.27006799999999],[-78.549032,43.271037],[-78.548907,43.27322899999999],[-78.548602,43.278611],[-78.548539,43.279806],[-78.548424,43.281999],[-78.548385,43.28269699999999],[-78.54826899999999,43.284791],[-78.548231,43.28548999999998],[-78.548191,43.28636099999999],[-78.54813999999999,43.287099999999995],[-78.548023,43.28916699999999],[-78.548001,43.289619],[-78.54796499999999,43.29039799999999],[-78.547822,43.292750999999996],[-78.54781899999999,43.293631],[-78.54783599999999,43.293980999999995],[-78.547895,43.294347],[-78.54797400000001,43.29465999999999],[-78.548107,43.295018999999996],[-78.54831600000001,43.295424999999994],[-78.548943,43.29649099999999],[-78.54936599999999,43.297185],[-78.55063899999999,43.29940799999999],[-78.55082,43.299703999999984],[-78.55110499999999,43.300101999999995],[-78.551463,43.300511],[-78.551831,43.300875],[-78.55227,43.30130899999999],[-78.552835,43.30185600000001],[-78.55324399999999,43.30230799999999],[-78.55337999999999,43.30247099999999],[-78.553634,43.30285800000001],[-78.55373,43.303020999999994],[-78.553854,43.303278000000006],[-78.554035,43.303785999999995],[-78.554136,43.304209],[-78.549847,43.304052999999996],[-78.549088,43.30402599999999],[-78.546517,43.303919],[-78.539079,43.303672999999996],[-78.537376,43.303627999999996],[-78.536979,43.303618],[-78.533548,43.303541],[-78.53268899999999,43.303508999999984],[-78.53125299999999,43.303454999999985],[-78.530097,43.30341999999999],[-78.529971,43.303417],[-78.527419,43.30336899999998],[-78.523968,43.30329799999999],[-78.52232099999999,43.303260999999985],[-78.520654,43.30322499999999],[-78.519729,43.303219],[-78.517234,43.303199],[-78.51673199999999,43.303200999999994],[-78.515844,43.303204999999984],[-78.51409,43.303191],[-78.513024,43.30319399999999],[-78.511568,43.303171],[-78.507741,43.303157999999996],[-78.504745,43.30314899999999],[-78.502532,43.303141999999994],[-78.496405,43.303122999999985],[-78.495893,43.303126],[-78.495295,43.303129999999996],[-78.493681,43.30312299999999],[-78.49310899999999,43.303121],[-78.491395,43.30311799999999],[-78.490824,43.30311700000001],[-78.490498,43.303114],[-78.48952299999999,43.303105999999985],[-78.489198,43.30310399999999],[-78.487089,43.303067],[-78.486479,43.303056999999995],[-78.48460299999999,43.30304299999998],[-78.480762,43.30299600000001],[-78.47978499999999,43.30298500000001],[-78.479045,43.302963],[-78.47865399999999,43.30296099999998],[-78.476208,43.30292899999999],[-78.47237100000001,43.30287899999999],[-78.468873,43.30281199999998],[-78.46811,43.302797999999996],[-78.46642899999999,43.30277499999999],[-78.466369,43.301703999999994],[-78.466357,43.30147899999999],[-78.46631599999999,43.300753],[-78.466211,43.299191],[-78.46615299999999,43.29849499999998],[-78.466066,43.29742699999999],[-78.46598,43.296233],[-78.465975,43.29617399999999],[-78.46579899999999,43.29404699999999],[-78.465683,43.292417],[-78.465595,43.29116499999999],[-78.465588,43.29107300000001],[-78.465569,43.290842],[-78.465475,43.28995499999999],[-78.46547799999999,43.28978],[-78.464868,43.281562],[-78.464855,43.28138999999999],[-78.464816,43.28087699999999],[-78.464804,43.28070599999999],[-78.464655,43.278823999999986],[-78.46421,43.27317999999999],[-78.464142,43.272308],[-78.464062,43.271299],[-78.464047,43.27112599999999],[-78.464006,43.270607],[-78.46399199999999,43.270433999999995],[-78.463731,43.267227999999996],[-78.463674,43.26652699999999],[-78.463318,43.262005999999985],[-78.46326499999999,43.26116],[-78.463174,43.260113999999994],[-78.46298999999999,43.25760899999999],[-78.462949,43.257048999999995],[-78.46279400000002,43.254844]]]},"properties":{"geoid":"360630241012","name":"Block Group 2","pop":1819.0,"obs_Mesothelioma":0.0,"exp_Mesothelioma":0.11,"sir_Mesothelioma":0.0,"obs_Lung":6.0,"exp_Lung":7.22,"sir_Lung":0.832,"obs_Bladder":4.0,"exp_Bladder":2.82,"sir_Bladder":1.418,"obs_Esophagus":0.0,"exp_Esophagus":0.6,"sir_Esophagus":0.0,"obs_Oral":4.0,"exp_Oral":1.3,"sir_Oral":3.081,"obs_Brain":2.0,"exp_Brain":0.71,"sir_Brain":2.817,"hlarea_Lung":0,"hlarea_Bladder":1,"hlarea_Esophagus":0,"hlarea_Oral":0,"hlarea_Brain":0,"hlarea_Mesothelioma":0,"merged_area":false,"doh_region":"360630241012"}},{"type":"Feature","geometry":{"type":"Polygon","coordinates":[[[-78.485644,43.377284999999986],[-78.480749,43.37597699999999],[-78.475207,43.373626],[-78.470534,43.37298699999999],[-78.465541,43.373369999999994],[-78.46552700000001,43.37298],[-78.465488,43.371811],[-78.465475,43.37142199999999],[-78.465491,43.37131],[-78.46553899999999,43.370975],[-78.46555599999999,43.37086399999999],[-78.465565,43.37082799999999],[-78.465569,43.370816],[-78.465569,43.37072],[-78.46557,43.370684],[-78.46557299999999,43.369815],[-78.465586,43.367208],[-78.46558999999999,43.36634],[-78.465594,43.36541199999999],[-78.465597,43.365038999999996],[-78.46561799999999,43.362731999999994],[-78.46562,43.36113599999998],[-78.465622,43.359836],[-78.465622,43.359802999999985],[-78.465622,43.359706],[-78.465622,43.359674],[-78.465622,43.359637],[-78.465622,43.359528999999995],[-78.465623,43.359493],[-78.465636,43.357166],[-78.46565600000001,43.353899],[-78.465706,43.35018799999999],[-78.46573599999999,43.34799099999999],[-78.465739,43.347862],[-78.465744,43.347568999999986],[-78.465762,43.34668999999999],[-78.465768,43.34639800000001],[-78.465795,43.345374],[-78.465817,43.344582999999986],[-78.465869,43.342305],[-78.46589,43.341398999999996],[-78.465891,43.34128199999999],[-78.465895,43.34094599999999],[-78.465895,43.34091099999999],[-78.465904,43.33979799999999],[-78.465908,43.339427999999984],[-78.46591400000001,43.33886099999999],[-78.46593299999999,43.337162],[-78.46594,43.336596],[-78.465953,43.33587299999999],[-78.46599499999999,43.333704999999995],[-78.46601,43.332983],[-78.466011,43.332866],[-78.46601799999999,43.33251799999999],[-78.466021,43.33240200000001],[-78.466039,43.331516],[-78.466096,43.328858999999994],[-78.466115,43.327974],[-78.46611399999999,43.327794],[-78.466112,43.32725399999999],[-78.466112,43.32707399999999],[-78.46611299999999,43.326947999999994],[-78.46611999999999,43.326570999999994],[-78.466122,43.326446],[-78.466123,43.326247],[-78.466128,43.325653999999986],[-78.46612999999999,43.325456],[-78.466144,43.32439900000001],[-78.46619,43.321228999999995],[-78.466206,43.32017299999999],[-78.46621499999999,43.31962399999999],[-78.466246,43.31797999999999],[-78.466256,43.317432999999994],[-78.466296,43.31450099999999],[-78.46631599999999,43.31306300000001],[-78.466396,43.305706],[-78.46642899999999,43.30277499999999],[-78.46811,43.302797999999996],[-78.468873,43.30281199999998],[-78.47237100000001,43.30287899999999],[-78.476208,43.30292899999999],[-78.47865399999999,43.30296099999998],[-78.479045,43.302963],[-78.47978499999999,43.30298500000001],[-78.480762,43.30299600000001],[-78.48460299999999,43.30304299999998],[-78.486479,43.303056999999995],[-78.487089,43.303067],[-78.489198,43.30310399999999],[-78.48952299999999,43.303105999999985],[-78.490498,43.303114],[-78.490824,43.30311700000001],[-78.491395,43.30311799999999],[-78.49310899999999,43.303121],[-78.493681,43.30312299999999],[-78.495295,43.303129999999996],[-78.495893,43.303126],[-78.496405,43.303122999999985],[-78.502532,43.303141999999994],[-78.504745,43.30314899999999],[-78.507741,43.303157999999996],[-78.511568,43.303171],[-78.513024,43.30319399999999],[-78.51409,43.303191],[-78.515844,43.303204999999984],[-78.51673199999999,43.303200999999994],[-78.517234,43.303199],[-78.519729,43.303219],[-78.520654,43.30322499999999],[-78.52232099999999,43.303260999999985],[-78.523968,43.30329799999999],[-78.527419,43.30336899999998],[-78.529971,43.303417],[-78.530097,43.30341999999999],[-78.53125299999999,43.303454999999985],[-78.53268899999999,43.303508999999984],[-78.533548,43.303541],[-78.536979,43.303618],[-78.537376,43.303627999999996],[-78.539079,43.303672999999996],[-78.546517,43.303919],[-78.549088,43.30402599999999],[-78.549847,43.304052999999996],[-78.554136,43.304209],[-78.554152,43.30438799999999],[-78.55415599999999,43.30469],[-78.554178,43.306136],[-78.554186,43.30661799999999],[-78.554212,43.308508],[-78.554268,43.31250300000001],[-78.55427499999999,43.31350799999999],[-78.55429199999999,43.31418000000001],[-78.55434100000001,43.316071],[-78.554343,43.316379999999995],[-78.554351,43.317307],[-78.55435399999999,43.31760099999998],[-78.554355,43.31761699999999],[-78.55439199999999,43.31863099999999],[-78.554397,43.318754],[-78.554448,43.32167599999998],[-78.554465,43.32257999999998],[-78.554465,43.32269099999999],[-78.55299,43.322722],[-78.55228,43.322738],[-78.55157,43.322752999999985],[-78.548565,43.32281799999999],[-78.54713199999999,43.32284999999999],[-78.547141,43.322889999999994],[-78.547189,43.32313],[-78.54733499999999,43.323851],[-78.547384,43.324092],[-78.54739,43.324164999999994],[-78.54740699999999,43.32434699999998],[-78.547409,43.324383999999995],[-78.547415,43.324457999999986],[-78.547449,43.32479099999999],[-78.547553,43.32579099999999],[-78.54758799999999,43.32612499999999],[-78.54759899999999,43.326242],[-78.54763299999999,43.326593999999986],[-78.547645,43.32671199999999],[-78.54764899999999,43.327504],[-78.547663,43.32985399999998],[-78.547663,43.32988299999999],[-78.54766599999999,43.33050999999999],[-78.54766699999999,43.33067599999999],[-78.54771699999999,43.331790999999996],[-78.547763,43.332813],[-78.547848,43.33281099999999],[-78.55009,43.33273799999999],[-78.55120699999999,43.33270299999999],[-78.551416,43.33268400000001],[-78.552043,43.33262899999998],[-78.552253,43.332610999999986],[-78.55359399999999,43.332524],[-78.55406099999999,43.332494999999994],[-78.554391,43.33604499999999],[-78.55451599999999,43.337384],[-78.554647,43.337381],[-78.555043,43.337376000000006],[-78.55517499999999,43.337375],[-78.55519199999999,43.33779099999999],[-78.555206,43.338124],[-78.555247,43.33903999999999],[-78.555266,43.33945699999999],[-78.555307,43.340391],[-78.555317,43.34059199999999],[-78.555487,43.34319199999999],[-78.555549,43.344125999999996],[-78.555587,43.34478199999999],[-78.555616,43.345254999999995],[-78.555667,43.346754],[-78.55569,43.34741199999999],[-78.55569299999999,43.347489],[-78.55570399999999,43.347722999999995],[-78.555708,43.34780099999998],[-78.555722,43.34914099999998],[-78.555752,43.351828],[-78.555754,43.35316199999999],[-78.55575499999999,43.35334400000001],[-78.555763,43.35450299999999],[-78.55576599999999,43.35486499999999],[-78.555775,43.355951],[-78.55577799999999,43.356313],[-78.555776,43.35704899999998],[-78.555773,43.35842999999999],[-78.55575,43.35925699999999],[-78.555748,43.35933599999999],[-78.55574399999999,43.35999400000001],[-78.555733,43.360656],[-78.555711,43.36217999999999],[-78.55569799999999,43.362643],[-78.55568,43.363305999999994],[-78.55476,43.363437],[-78.554675,43.36344999999999],[-78.5528,43.36376099999999],[-78.551673,43.363959999999985],[-78.55094,43.364090000000004],[-78.550674,43.364140000000006],[-78.549544,43.364352],[-78.549048,43.364446],[-78.547508,43.364755999999986],[-78.54616299999999,43.36503799999999],[-78.545361,43.36520699999999],[-78.545037,43.365269000000005],[-78.544379,43.365403],[-78.542405,43.36580699999999],[-78.541748,43.365943],[-78.541011,43.36609599999999],[-78.539523,43.366406999999995],[-78.53880199999999,43.366554],[-78.538066,43.36670600000001],[-78.53738299999999,43.366853999999975],[-78.537114,43.366907],[-78.53575,43.36717899999999],[-78.534532,43.36741899999999],[-78.534251,43.36746699999999],[-78.533767,43.367551],[-78.533289,43.367598999999984],[-78.533357,43.36778700000001],[-78.53342,43.36786099999999],[-78.53350999999999,43.36789599999999],[-78.533638,43.36792299999999],[-78.534243,43.367968],[-78.534984,43.368024],[-78.53508099999999,43.368064999999994],[-78.535203,43.36820399999999],[-78.5353,43.36835],[-78.53540400000001,43.368454],[-78.535529,43.36853699999999],[-78.535536,43.368613],[-78.535393,43.36876900000001],[-78.53537299999999,43.36885199999999],[-78.53538,43.368887],[-78.535563,43.369018999999994],[-78.535737,43.369097999999994],[-78.53582399999999,43.36911599999999],[-78.536042,43.369081],[-78.536157,43.36907399999998],[-78.53621199999999,43.36910499999999],[-78.536275,43.369157],[-78.536309,43.369240000000005],[-78.536309,43.369330999999995],[-78.53625,43.36943799999999],[-78.536198,43.36949999999999],[-78.53616,43.369602],[-78.535994,43.370058],[-78.535994,43.370128],[-78.53605499999999,43.370312999999996],[-78.536158,43.37068000000001],[-78.536422,43.372609],[-78.503973,43.375479999999996],[-78.485644,43.377284999999986]]]},"properties":{"geoid":"360630241023","name":"Block Group 3","pop":1105.0,"obs_Mesothelioma":0.0,"exp_Mesothelioma":0.07,"sir_Mesothelioma":0.0,"obs_Lung":1.0,"exp_Lung":4.64,"sir_Lung":0.215,"obs_Bladder":2.0,"exp_Bladder":1.79,"sir_Bladder":1.115,"obs_Esophagus":0.0,"exp_Esophagus":0.38,"sir_Esophagus":0.0,"obs_Oral":0.0,"exp_Oral":0.82,"sir_Oral":0.0,"obs_Brain":0.0,"exp_Brain":0.45,"sir_Brain":0.0,"hlarea_Lung":0,"hlarea_Bladder":1,"hlarea_Esophagus":0,"hlarea_Oral":0,"hlarea_Brain":0,"hlarea_Mesothelioma":0,"merged_area":false,"doh_region":"360630241023"}},{"type":"Feature","geometry":{"type":"Polygon","coordinates":[[[-78.89334199999999,43.132172999999995],[-78.901551,43.13212399999998],[-78.904622,43.132106],[-78.905076,43.132102999999994],[-78.905529,43.1321],[-78.906497,43.13209299999999],[-78.912122,43.132055],[-78.91399799999999,43.13204299999999],[-78.917388,43.132068],[-78.927561,43.13214599999999],[-78.93095199999999,43.13217199999999],[-78.930949,43.132558999999986],[-78.93091799999999,43.13455700000001],[-78.93091299999999,43.134887],[-78.930932,43.135039000000006],[-78.930993,43.13512600000001],[-78.931034,43.135153999999986],[-78.931084,43.135172999999995],[-78.93121,43.135194999999996],[-78.932485,43.135197],[-78.93277599999999,43.13521300000001],[-78.932947,43.135248999999995],[-78.933095,43.135310000000004],[-78.933211,43.135383999999995],[-78.93332099999999,43.135481000000006],[-78.933477,43.135683],[-78.93353499999999,43.13580699999999],[-78.933567,43.13604699999999],[-78.933624,43.13956399999999],[-78.933663,43.141949999999994],[-78.933669,43.14215300000001],[-78.93368199999999,43.142575],[-78.933689,43.142764],[-78.933696,43.142967999999996],[-78.93335499999999,43.142967000000006],[-78.93307899999999,43.142965],[-78.933013,43.142963999999985],[-78.930968,43.14295299999999],[-78.930286,43.14295],[-78.92969699999999,43.143049999999995],[-78.92952,43.14306799999999],[-78.929163,43.14310499999999],[-78.928426,43.14313299999999],[-78.927199,43.143149],[-78.926425,43.14315999999999],[-78.92491299999999,43.143186],[-78.92423099999999,43.143197999999984],[-78.92312,43.14322299999999],[-78.92038,43.14327399999999],[-78.91984099999999,43.143285],[-78.91886900000002,43.143302000000006],[-78.918039,43.143322],[-78.91623,43.14336799999999],[-78.91555,43.143367999999995],[-78.914721,43.14337],[-78.912691,43.143364999999996],[-78.91076199999999,43.14334499999998],[-78.90920299999999,43.14332999999999],[-78.904943,43.14329599999999],[-78.901417,43.14326299999998],[-78.899301,43.143256],[-78.898887,43.143252999999994],[-78.89725299999999,43.14324499999999],[-78.89492899999999,43.143234],[-78.894232,43.14323699999999],[-78.892141,43.143248],[-78.89144499999999,43.143253],[-78.891116,43.143254],[-78.890129,43.14325699999999],[-78.88980099999999,43.14325899999999],[-78.889094,43.143260999999995],[-78.888402,43.14326299999999],[-78.887663,43.143274],[-78.886973,43.143273],[-78.88626699999999,43.143271999999996],[-78.885969,43.14327000000001],[-78.88507700000001,43.14326700000001],[-78.88477999999999,43.143266000000004],[-78.88478099999999,43.14271299999999],[-78.884785,43.141422999999996],[-78.884793,43.141054999999994],[-78.884796,43.14096199999999],[-78.884793,43.140502999999995],[-78.88479099999999,43.14012700000001],[-78.884785,43.138999],[-78.884783,43.13862299999999],[-78.884782,43.13844100000001],[-78.884779,43.137895999999984],[-78.884779,43.13771499999999],[-78.884777,43.137616],[-78.884771,43.137319],[-78.88477000000002,43.13721999999999],[-78.884768,43.13713600000001],[-78.88476399999999,43.13688599999999],[-78.88476299999999,43.13680299999999],[-78.884762,43.136337999999995],[-78.88477999999999,43.13587499999999],[-78.88489299999999,43.133093],[-78.884931,43.132166],[-78.885798,43.13217199999999],[-78.8884,43.13219199999999],[-78.889268,43.13219899999999],[-78.892338,43.13217999999999],[-78.89334199999999,43.132172999999995]]]},"properties":{"geoid":"360630244063","name":"Block Group 3","pop":646.0,"obs_Mesothelioma":1.0,"exp_Mesothelioma":0.04,"sir_Mesothelioma":28.172,"obs_Lung":6.0,"exp_Lung":2.42,"sir_Lung":2.482,"obs_Bladder":1.0,"exp_Bladder":0.93,"sir_Bladder":1.076,"obs_Esophagus":0.0,"exp_Esophagus":0.18,"sir_Esophagus":0.0,"obs_Oral":1.0,"exp_Oral":0.4,"sir_Oral":2.48,"obs_Brain":0.0,"exp_Brain":0.24,"sir_Brain":0.0,"hlarea_Lung":1,"hlarea_Bladder":0,"hlarea_Esophagus":1,"hlarea_Oral":0,"hlarea_Brain":0,"hlarea_Mesothelioma":0,"merged_area":false,"doh_region":"360630244063"}},{"type":"Feature","geometry":{"type":"Polygon","coordinates":[[[-79.027266,43.167654999999996],[-79.026757,43.166205999999995],[-79.02628,43.16484500000001],[-79.026906,43.16484099999998],[-79.027515,43.164837000000006],[-79.028037,43.164812],[-79.02960499999999,43.164738999999976],[-79.03012799999999,43.164714999999994],[-79.03139,43.16469299999999],[-79.035179,43.16463099999999],[-79.036442,43.164609999999996],[-79.036794,43.164617],[-79.037769,43.16463699999999],[-79.03784999999999,43.164638],[-79.038203,43.164646],[-79.03992,43.164621],[-79.042913,43.16458],[-79.044367,43.164571],[-79.04507199999999,43.164566],[-79.04679,43.16455599999999],[-79.04837,43.16455],[-79.0484,43.164587],[-79.048456,43.164654999999996],[-79.048969,43.165659999999995],[-79.050508,43.16867499999999],[-79.05102099999999,43.16968],[-79.051339,43.17029799999999],[-79.05229299999999,43.17215499999999],[-79.052611,43.172775],[-79.052007,43.17298999999999],[-79.051174,43.17328799999999],[-79.050416,43.17348],[-79.050162,43.173516],[-79.049528,43.173607],[-79.049444,43.173607],[-79.049194,43.173607],[-79.049111,43.173607999999994],[-79.04912399999999,43.173484999999985],[-79.04914400000001,43.17330099999999],[-79.049121,43.17327199999999],[-79.04898899999999,43.173209],[-79.048879,43.17315599999999],[-79.048672,43.173146999999986],[-79.048051,43.17311999999998],[-79.04784400000001,43.173111999999996],[-79.04764,43.173100999999996],[-79.04702999999999,43.17307099999999],[-79.046827,43.173061000000004],[-79.046583,43.17305099999999],[-79.046103,43.173033999999994],[-79.045853,43.173017],[-79.04561,43.17300199999999],[-79.04539299999999,43.17298399999999],[-79.045039,43.17295599999999],[-79.04474499999999,43.172938999999985],[-79.044529,43.172926999999994],[-79.04410899999999,43.172902],[-79.042852,43.17282699999999],[-79.042433,43.17280199999998],[-79.04217799999999,43.172786],[-79.041416,43.172739],[-79.041162,43.172723999999995],[-79.040934,43.172710999999985],[-79.04025299999999,43.17267299999999],[-79.040026,43.17266099999999],[-79.04005699999999,43.172357],[-79.040151,43.171444],[-79.040183,43.171141000000006],[-79.04041099999999,43.171152000000006],[-79.041095,43.17118699999998],[-79.041324,43.17119899999999],[-79.04117400000001,43.17095499999999],[-79.041418,43.170534999999994],[-79.041414,43.169819000000004],[-79.041437,43.16966699999999],[-79.040402,43.169607000000006],[-79.039275,43.16952099999999],[-79.037656,43.169419000000005],[-79.036079,43.169351999999996],[-79.03603199999999,43.169334],[-79.035557,43.16934899999999],[-79.03530099999999,43.16936],[-79.034386,43.169402],[-79.033822,43.16940499999999],[-79.033628,43.16941299999999],[-79.033428,43.169433000000005],[-79.032963,43.16949999999999],[-79.032896,43.16950999999999],[-79.032569,43.16954499999999],[-79.032185,43.16957],[-79.031671,43.16959599999999],[-79.031094,43.16962399999999],[-79.030891,43.16960799999999],[-79.030766,43.16961599999999],[-79.030737,43.16964799999999],[-79.030315,43.170179999999995],[-79.030204,43.170334999999994],[-79.029913,43.170784000000005],[-79.02970599999999,43.171130000000005],[-79.029468,43.171599],[-79.029366,43.171839],[-79.02928,43.17175699999999],[-79.029162,43.171644],[-79.029011,43.171496999999995],[-79.028936,43.17142399999999],[-79.028362,43.17132499999999],[-79.028424,43.171271999999995],[-79.02844,43.171209],[-79.028419,43.171112999999984],[-79.027971,43.169802999999995],[-79.027811,43.169332999999995],[-79.027664,43.16885299999999],[-79.02758399999999,43.16861299999999],[-79.027345,43.167894],[-79.027266,43.167654999999996]]]},"properties":{"geoid":"360630244012","name":"Block Group 2","pop":753.0,"obs_Mesothelioma":0.0,"exp_Mesothelioma":0.06,"sir_Mesothelioma":0.0,"obs_Lung":3.0,"exp_Lung":3.85,"sir_Lung":0.778,"obs_Bladder":5.0,"exp_Bladder":1.53,"sir_Bladder":3.267,"obs_Esophagus":0.0,"exp_Esophagus":0.29,"sir_Esophagus":0.0,"obs_Oral":1.0,"exp_Oral":0.6,"sir_Oral":1.678,"obs_Brain":0.0,"exp_Brain":0.32,"sir_Brain":0.0,"hlarea_Lung":0,"hlarea_Bladder":0,"hlarea_Esophagus":1,"hlarea_Oral":0,"hlarea_Brain":0,"hlarea_Mesothelioma":0,"merged_area":false,"doh_region":"360630244012"}},{"type":"Feature","geometry":{"type":"Polygon","coordinates":[[[-78.937838,43.084268],[-78.937016,43.084272000000006],[-78.93651899999999,43.084275],[-78.93621,43.084263],[-78.93587099999999,43.08421299999999],[-78.935474,43.08411900000001],[-78.93540999999999,43.084098],[-78.935181,43.08402099999999],[-78.935056,43.08398699999999],[-78.93480699999999,43.083921],[-78.93459899999999,43.08388299999999],[-78.934444,43.083856],[-78.933785,43.08378099999999],[-78.933762,43.083937999999996],[-78.933757,43.08405],[-78.933756,43.08408499999999],[-78.933767,43.08486199999999],[-78.93377199999999,43.085133],[-78.933774,43.08526399999999],[-78.93377799999999,43.085601999999994],[-78.933809,43.08715600000001],[-78.933814,43.087468],[-78.93383,43.08840399999999],[-78.933836,43.088716],[-78.93351299999999,43.088715999999984],[-78.93254499999999,43.08871599999999],[-78.932223,43.08871599999999],[-78.931202,43.08871399999998],[-78.92814,43.08871],[-78.927697,43.08871],[-78.927388,43.088719999999995],[-78.927315,43.088733],[-78.927233,43.08875899999999],[-78.927134,43.08880299999999],[-78.92714,43.088688],[-78.927143,43.088303999999994],[-78.927123,43.088170999999996],[-78.927114,43.088142999999995],[-78.927094,43.088077000000006],[-78.927066,43.08802399999999],[-78.926949,43.087905],[-78.926632,43.08766999999999],[-78.92653,43.087568],[-78.926436,43.087419999999995],[-78.926402,43.087294],[-78.926416,43.086448999999995],[-78.926428,43.085787999999994],[-78.926433,43.08550399999999],[-78.92645000000002,43.08465499999999],[-78.926457,43.08437199999999],[-78.926461,43.084083],[-78.926475,43.08321599999999],[-78.926481,43.08292799999999],[-78.926349,43.082907999999996],[-78.926121,43.082837],[-78.926114,43.082834999999996],[-78.92584699999999,43.082714],[-78.925775,43.082692999999985],[-78.925569,43.082665],[-78.925224,43.08265900000001],[-78.92503599999999,43.08265999999998],[-78.92466399999999,43.082663],[-78.92399,43.082660999999995],[-78.922068,43.08264299999998],[-78.92206,43.081306],[-78.922056,43.08064999999999],[-78.92204799999999,43.078880999999996],[-78.92197,43.07364700000001],[-78.92198900000001,43.07323099999999],[-78.921898,43.072468],[-78.92176099999999,43.071751000000006],[-78.92165399999999,43.07132299999999],[-78.921387,43.070514999999986],[-78.921227,43.07011399999999],[-78.920898,43.069401],[-78.920647,43.068915999999994],[-78.92038699999999,43.068497],[-78.920036,43.06795499999999],[-78.919701,43.06749],[-78.919327,43.06702000000001],[-78.91877699999999,43.06640999999998],[-78.918159,43.06579999999999],[-78.917765,43.06547199999999],[-78.91774,43.06542399999999],[-78.917484,43.065209],[-78.916849,43.064705999999994],[-78.915995,43.06410599999998],[-78.915212,43.06361999999999],[-78.914502,43.063233],[-78.913744,43.06285899999998],[-78.912257,43.06218799999999],[-78.912033,43.06212199999999],[-78.91175899999999,43.062008999999996],[-78.909416,43.06095199999999],[-78.908549,43.060561],[-78.90616,43.059468999999986],[-78.906165,43.05941299999999],[-78.906171,43.05933799999998],[-78.906207,43.058944999999994],[-78.906219,43.05881499999998],[-78.906228,43.058642],[-78.906256,43.058123999999985],[-78.906266,43.05795199999999],[-78.906184,43.056672],[-78.905941,43.05283499999999],[-78.90585999999999,43.05155599999999],[-78.91152,43.054739999999995],[-78.945262,43.06695599999999],[-78.945242,43.067673],[-78.945184,43.069825],[-78.94516600000001,43.070543],[-78.945054,43.070908],[-78.94471999999999,43.072002999999974],[-78.944609,43.07236899999999],[-78.94469099999999,43.07253199999999],[-78.94493899999999,43.07302199999999],[-78.945022,43.07318599999999],[-78.945077,43.073439],[-78.945244,43.074198],[-78.945246,43.074206],[-78.9453,43.074452],[-78.94532,43.074510999999994],[-78.94538299999999,43.07468800000001],[-78.945404,43.074748],[-78.94541199999999,43.07502399999999],[-78.945434,43.07572],[-78.945435,43.07585199999999],[-78.94543999999999,43.076128999999995],[-78.945447,43.076772999999996],[-78.945467,43.078587],[-78.945467,43.07870599999999],[-78.945467,43.07935099999999],[-78.945467,43.080026999999994],[-78.945476,43.080510999999994],[-78.94552399999999,43.082834999999996],[-78.945527,43.083994],[-78.945532,43.085155],[-78.945324,43.08511999999999],[-78.945178,43.08510999999999],[-78.944509,43.085111999999974],[-78.943978,43.085114999999995],[-78.94374499999999,43.08510499999999],[-78.943579,43.08508499999999],[-78.943466,43.085058],[-78.943292,43.08499700000001],[-78.943139,43.084923999999994],[-78.942843,43.08472799999999],[-78.94242799999999,43.084425999999986],[-78.94223699999999,43.084331],[-78.942134,43.084287999999994],[-78.941988,43.08425499999998],[-78.941828,43.084241999999996],[-78.94165699999999,43.084238],[-78.94146099999999,43.08423399999999],[-78.940632,43.08423699999999],[-78.940073,43.084229],[-78.939919,43.084227],[-78.938525,43.084257999999984],[-78.938396,43.084259],[-78.937838,43.084268]]]},"properties":{"geoid":"360630227122","name":"Block Group 2","pop":1515.0,"obs_Mesothelioma":0.0,"exp_Mesothelioma":0.11,"sir_Mesothelioma":0.0,"obs_Lung":7.0,"exp_Lung":8.11,"sir_Lung":0.863,"obs_Bladder":3.0,"exp_Bladder":3.0,"sir_Bladder":1.001,"obs_Esophagus":2.0,"exp_Esophagus":0.61,"sir_Esophagus":3.3,"obs_Oral":1.0,"exp_Oral":1.3,"sir_Oral":0.767,"obs_Brain":1.0,"exp_Brain":0.69,"sir_Brain":1.458,"hlarea_Lung":1,"hlarea_Bladder":1,"hlarea_Esophagus":1,"hlarea_Oral":0,"hlarea_Brain":0,"hlarea_Mesothelioma":0,"merged_area":false,"doh_region":"360630227122"}},{"type":"Feature","geometry":{"type":"Polygon","coordinates":[[[-78.900919,43.07692499999999],[-78.900866,43.075586],[-78.900848,43.075119999999984],[-78.900823,43.07454699999999],[-78.900748,43.072829],[-78.90073799999999,43.072593],[-78.90073199999999,43.072255999999996],[-78.901657,43.072556000000006],[-78.90443499999999,43.07345599999999],[-78.905361,43.07375599999999],[-78.905698,43.073825],[-78.90578300000001,43.071479000000004],[-78.906077,43.06340999999999],[-78.90617499999999,43.060720999999994],[-78.906171,43.060469999999995],[-78.906162,43.059718999999994],[-78.90616,43.059468999999986],[-78.908549,43.060561],[-78.909416,43.06095199999999],[-78.91175899999999,43.062008999999996],[-78.912033,43.06212199999999],[-78.912257,43.06218799999999],[-78.913744,43.06285899999998],[-78.914502,43.063233],[-78.915212,43.06361999999999],[-78.915995,43.06410599999998],[-78.916849,43.064705999999994],[-78.917484,43.065209],[-78.91774,43.06542399999999],[-78.917765,43.06547199999999],[-78.918159,43.06579999999999],[-78.91877699999999,43.06640999999998],[-78.919327,43.06702000000001],[-78.919701,43.06749],[-78.920036,43.06795499999999],[-78.92038699999999,43.068497],[-78.920647,43.068915999999994],[-78.920898,43.069401],[-78.921227,43.07011399999999],[-78.921387,43.070514999999986],[-78.92165399999999,43.07132299999999],[-78.92176099999999,43.071751000000006],[-78.921898,43.072468],[-78.92198900000001,43.07323099999999],[-78.92197,43.07364700000001],[-78.92204799999999,43.078880999999996],[-78.922056,43.08064999999999],[-78.92206,43.081306],[-78.922068,43.08264299999998],[-78.922073,43.083273999999996],[-78.922078,43.08393099999999],[-78.922079,43.084219999999995],[-78.922084,43.08508699999999],[-78.922085,43.085136],[-78.922086,43.085377],[-78.92210399999999,43.088829999999994],[-78.922128,43.091500999999994],[-78.922124,43.092426999999994],[-78.92208699999999,43.09290300000001],[-78.92204,43.09336],[-78.92195699999999,43.09400099999999],[-78.921945,43.09459],[-78.921956,43.095726],[-78.921914,43.096678],[-78.921914,43.096697],[-78.92190599999999,43.097396999999994],[-78.921909,43.097767],[-78.921911,43.097877],[-78.92190599999999,43.09806499999999],[-78.921679,43.09800499999999],[-78.92100099999999,43.09782699999999],[-78.92097199999999,43.09781999999999],[-78.920778,43.097759999999994],[-78.92062399999999,43.097718999999984],[-78.917228,43.096566],[-78.91440800000001,43.09557999999999],[-78.9132,43.095138000000006],[-78.912261,43.094767999999995],[-78.91049199999999,43.094091],[-78.90620299999999,43.09241999999999],[-78.90495299999999,43.091939999999994],[-78.904246,43.09168199999999],[-78.903812,43.09154099999999],[-78.90331499999999,43.091405999999985],[-78.902559,43.09123399999999],[-78.90214700000001,43.091164],[-78.90142999999999,43.091075999999994],[-78.901428,43.09101599999999],[-78.90140799999999,43.08946299999999],[-78.901403,43.089276999999996],[-78.901375,43.08822399999999],[-78.901354,43.08766399999998],[-78.901292,43.08598499999999],[-78.90127199999999,43.08542599999999],[-78.901251,43.08494899999997],[-78.90118900000002,43.08351799999999],[-78.901169,43.08304199999999],[-78.901155,43.08271999999999],[-78.901116,43.081754],[-78.90110299999999,43.081431999999985],[-78.901095,43.081266],[-78.901073,43.080767999999985],[-78.901066,43.08060199999999],[-78.90104,43.07997099999999],[-78.900965,43.07808099999998],[-78.900941,43.07745099999999],[-78.900922,43.076983999999996],[-78.900919,43.07692499999999]]]},"properties":{"geoid":"360630227125","name":"Block Group 5","pop":2169.0,"obs_Mesothelioma":0.0,"exp_Mesothelioma":0.16,"sir_Mesothelioma":0.0,"obs_Lung":17.0,"exp_Lung":9.91,"sir_Lung":1.715,"obs_Bladder":4.0,"exp_Bladder":4.07,"sir_Bladder":0.983,"obs_Esophagus":0.0,"exp_Esophagus":0.75,"sir_Esophagus":0.0,"obs_Oral":2.0,"exp_Oral":1.54,"sir_Oral":1.297,"obs_Brain":1.0,"exp_Brain":0.89,"sir_Brain":1.128,"hlarea_Lung":1,"hlarea_Bladder":1,"hlarea_Esophagus":1,"hlarea_Oral":0,"hlarea_Brain":0,"hlarea_Mesothelioma":0,"merged_area":false,"doh_region":"360630227125"}},{"type":"Feature","geometry":{"type":"Polygon","coordinates":[[[-78.900848,43.075119999999984],[-78.900866,43.075586],[-78.900919,43.07692499999999],[-78.900922,43.076983999999996],[-78.900941,43.07745099999999],[-78.900965,43.07808099999998],[-78.90104,43.07997099999999],[-78.901066,43.08060199999999],[-78.901073,43.080767999999985],[-78.901095,43.081266],[-78.90110299999999,43.081431999999985],[-78.901116,43.081754],[-78.901155,43.08271999999999],[-78.901169,43.08304199999999],[-78.90118900000002,43.08351799999999],[-78.901251,43.08494899999997],[-78.90127199999999,43.08542599999999],[-78.901292,43.08598499999999],[-78.901354,43.08766399999998],[-78.901375,43.08822399999999],[-78.901403,43.089276999999996],[-78.90140799999999,43.08946299999999],[-78.901428,43.09101599999999],[-78.90142999999999,43.091075999999994],[-78.897358,43.090644],[-78.896721,43.09055599999999],[-78.895805,43.090396],[-78.894977,43.090199],[-78.894522,43.090072],[-78.894194,43.08996599999999],[-78.89401199999999,43.0899],[-78.89366,43.08974200000001],[-78.89312199999999,43.08948499999999],[-78.89283200000001,43.089313],[-78.892764,43.089269],[-78.89235099999999,43.089003999999996],[-78.89131900000001,43.088173000000005],[-78.890603,43.08757999999999],[-78.89036999999999,43.087397999999986],[-78.890089,43.087177999999994],[-78.889716,43.086944999999986],[-78.889529,43.086835999999984],[-78.889206,43.086663],[-78.88850699999999,43.08632799999998],[-78.888032,43.08612099999999],[-78.887203,43.08575999999999],[-78.88680599999999,43.08561499999999],[-78.88584999999999,43.085322],[-78.883303,43.08458399999999],[-78.88246,43.08434],[-78.881922,43.08418799999999],[-78.881705,43.084139],[-78.88073299999999,43.083943],[-78.880523,43.08390399999999],[-78.879447,43.083708],[-78.879042,43.083619999999996],[-78.878513,43.083487],[-78.87809899999999,43.08336],[-78.877864,43.08327999999999],[-78.877347,43.083072],[-78.87705799999999,43.082927999999995],[-78.87688,43.08283900000001],[-78.87603299999999,43.082298],[-78.875491,43.081945],[-78.874915,43.081598],[-78.87458699999999,43.081426999999984],[-78.874571,43.08141899999998],[-78.872494,43.080411999999995],[-78.871057,43.079746],[-78.86999500000002,43.07928999999999],[-78.86912199999999,43.07891599999999],[-78.86844099999999,43.078633],[-78.868466,43.078616],[-78.86854799999999,43.07858499999999],[-78.86863799999999,43.078551999999995],[-78.86889699999999,43.078539],[-78.869016,43.07853399999998],[-78.87074899999999,43.07849799999999],[-78.872302,43.078466],[-78.873008,43.07845],[-78.87512699999999,43.078405999999994],[-78.875834,43.07839099999999],[-78.875863,43.07839],[-78.875954,43.078387000000006],[-78.875984,43.07838699999999],[-78.876312,43.07837899999999],[-78.877297,43.07835699999999],[-78.87751899999999,43.07835299999999],[-78.87762599999999,43.078350999999984],[-78.87771,43.078349],[-78.877966,43.078343999999994],[-78.878051,43.07834299999999],[-78.878236,43.07833799999999],[-78.87879400000001,43.078326000000004],[-78.87898,43.078322],[-78.881062,43.078285],[-78.882083,43.07826799999999],[-78.88426299999999,43.078225999999994],[-78.887312,43.07818599999998],[-78.88734199999999,43.078185999999995],[-78.889395,43.07815099999999],[-78.889389,43.07757499999999],[-78.88937299999999,43.075848],[-78.88936799999999,43.075273],[-78.889359,43.07387999999999],[-78.88933899999999,43.070387],[-78.889335,43.069704],[-78.88932700000001,43.068311999999985],[-78.890716,43.068405999999996],[-78.891679,43.068776],[-78.89846800000001,43.07138599999998],[-78.90073199999999,43.072255999999996],[-78.90073799999999,43.072593],[-78.900748,43.072829],[-78.900823,43.07454699999999],[-78.900848,43.075119999999984]]]},"properties":{"geoid":"360630227123","name":"Block Group 3","pop":1317.0,"obs_Mesothelioma":0.0,"exp_Mesothelioma":0.08,"sir_Mesothelioma":0.0,"obs_Lung":7.0,"exp_Lung":5.42,"sir_Lung":1.291,"obs_Bladder":6.0,"exp_Bladder":2.15,"sir_Bladder":2.791,"obs_Esophagus":0.0,"exp_Esophagus":0.44,"sir_Esophagus":0.0,"obs_Oral":2.0,"exp_Oral":0.95,"sir_Oral":2.103,"obs_Brain":2.0,"exp_Brain":0.52,"sir_Brain":3.856,"hlarea_Lung":1,"hlarea_Bladder":1,"hlarea_Esophagus":1,"hlarea_Oral":0,"hlarea_Brain":0,"hlarea_Mesothelioma":0,"merged_area":false,"doh_region":"360630227123"}},{"type":"Feature","geometry":{"type":"Polygon","coordinates":[[[-78.950099,43.07598300000001],[-78.951219,43.07633799999999],[-78.952287,43.07667699999998],[-78.95458099999999,43.077403],[-78.95524999999999,43.077615],[-78.955703,43.077755999999994],[-78.956075,43.077872],[-78.956419,43.077980000000004],[-78.95720399999999,43.078188],[-78.957223,43.078193999999996],[-78.95758599999999,43.078270999999994],[-78.957579,43.07832299999999],[-78.95756999999999,43.078403],[-78.957595,43.07847699999999],[-78.957612,43.078528],[-78.95765899999999,43.07861],[-78.957663,43.07861599999999],[-78.957769,43.078737],[-78.95786199999999,43.07881],[-78.957938,43.07886899999998],[-78.957943,43.07935099999999],[-78.95795799999999,43.080801],[-78.95796399999999,43.081284],[-78.95796899999999,43.08157899999999],[-78.957984,43.08246599999999],[-78.957989,43.082761999999995],[-78.95799099999999,43.082998999999994],[-78.958,43.083710999999994],[-78.958004,43.08394899999999],[-78.958006,43.08417199999998],[-78.958015,43.084845],[-78.958018,43.085069000000004],[-78.958024,43.08542999999998],[-78.958043,43.08651400000001],[-78.95805,43.086876000000004],[-78.958052,43.08705099999999],[-78.958061,43.08757699999998],[-78.958064,43.087753],[-78.958064,43.08776599999999],[-78.958064,43.087807],[-78.95806499999999,43.087821],[-78.957787,43.087685],[-78.957645,43.08764300000001],[-78.957583,43.08763400000001],[-78.95745,43.08761699999999],[-78.95727,43.087633000000004],[-78.956986,43.08771199999999],[-78.95610099999999,43.088060999999996],[-78.95603899999999,43.08808599999999],[-78.95583,43.08811699999998],[-78.95560700000001,43.088128],[-78.955589,43.088128],[-78.955418,43.08812400000001],[-78.95529499999999,43.088121],[-78.954764,43.08805],[-78.95382099999999,43.087833],[-78.95339899999999,43.087764],[-78.953177,43.08768199999999],[-78.953014,43.087604],[-78.952688,43.08747699999999],[-78.95255399999999,43.087463],[-78.952299,43.087463],[-78.952122,43.087512],[-78.951934,43.08766399999999],[-78.951808,43.08783299999999],[-78.951725,43.08798],[-78.95153900000001,43.088386],[-78.951408,43.088643],[-78.951244,43.08883799999999],[-78.951042,43.08895499999999],[-78.950852,43.08903399999999],[-78.95048899999999,43.08910799999999],[-78.950062,43.089254999999994],[-78.949778,43.08938199999999],[-78.949574,43.08943699999999],[-78.949446,43.089471],[-78.948162,43.089713999999994],[-78.948027,43.08971400000001],[-78.947751,43.089672],[-78.947248,43.08957299999999],[-78.946793,43.089509],[-78.946609,43.08949299999999],[-78.946455,43.089495],[-78.94624499999999,43.089534999999984],[-78.946072,43.08958699999999],[-78.94567599999999,43.089771],[-78.94445,43.09040099999999],[-78.943983,43.090605999999994],[-78.943742,43.090683999999996],[-78.943522,43.090719],[-78.94287899999999,43.09078499999999],[-78.942818,43.09079800000001],[-78.942652,43.09083299999999],[-78.942431,43.09091699999999],[-78.94224,43.091024000000004],[-78.942126,43.09113299999999],[-78.94264299999999,43.08850799999999],[-78.942752,43.088014999999984],[-78.943551,43.08826699999998],[-78.94538399999999,43.08884699999999],[-78.94547899999999,43.086742],[-78.94554099999999,43.08540099999999],[-78.945539,43.085350999999996],[-78.945533,43.085204],[-78.945532,43.085155],[-78.945527,43.083994],[-78.94552399999999,43.082834999999996],[-78.945476,43.080510999999994],[-78.945467,43.080026999999994],[-78.945467,43.07935099999999],[-78.945467,43.07870599999999],[-78.945467,43.078587],[-78.945447,43.076772999999996],[-78.94543999999999,43.076128999999995],[-78.945435,43.07585199999999],[-78.945434,43.07572],[-78.94541199999999,43.07502399999999],[-78.945404,43.074748],[-78.94538299999999,43.07468800000001],[-78.94532,43.074510999999994],[-78.9453,43.074452],[-78.945392,43.074483],[-78.945534,43.07453099999999],[-78.946259,43.074757999999996],[-78.947452,43.075132999999994],[-78.949139,43.07567399999999],[-78.950099,43.07598300000001]]]},"properties":{"geoid":"360630224011","name":"Block Group 1","pop":1253.0,"obs_Mesothelioma":0.0,"exp_Mesothelioma":0.09,"sir_Mesothelioma":0.0,"obs_Lung":7.0,"exp_Lung":5.72,"sir_Lung":1.223,"obs_Bladder":3.0,"exp_Bladder":2.25,"sir_Bladder":1.331,"obs_Esophagus":0.0,"exp_Esophagus":0.43,"sir_Esophagus":0.0,"obs_Oral":1.0,"exp_Oral":0.88,"sir_Oral":1.139,"obs_Brain":0.0,"exp_Brain":0.5,"sir_Brain":0.0,"hlarea_Lung":1,"hlarea_Bladder":1,"hlarea_Esophagus":1,"hlarea_Oral":0,"hlarea_Brain":0,"hlarea_Mesothelioma":0,"merged_area":false,"doh_region":"360630224011"}},{"type":"Feature","geometry":{"type":"Polygon","coordinates":[[[-78.573757,43.15149499999998],[-78.574857,43.15149499999999],[-78.575135,43.15149499999999],[-78.57753699999999,43.151467999999994],[-78.578158,43.151464999999995],[-78.579259,43.15146099999999],[-78.582557,43.15141699999999],[-78.582943,43.151413000000005],[-78.585821,43.151388000000004],[-78.58758499999999,43.15136199999999],[-78.589317,43.151357],[-78.590994,43.15133899999999],[-78.593998,43.151332000000004],[-78.594104,43.151332000000004],[-78.59660199999999,43.151306],[-78.597683,43.15129999999999],[-78.599379,43.15129199999999],[-78.603512,43.151274],[-78.60447,43.15127699999999],[-78.606168,43.15128500000001],[-78.606837,43.151291],[-78.608847,43.151311],[-78.609517,43.151317999999996],[-78.611905,43.151342],[-78.613755,43.15135399999999],[-78.618365,43.151416000000005],[-78.61881799999999,43.151422],[-78.618574,43.15394499999999],[-78.618584,43.15500899999999],[-78.618614,43.158202999999986],[-78.618624,43.15926799999999],[-78.618629,43.15983899999999],[-78.618645,43.161555],[-78.618651,43.16212699999999],[-78.618644,43.163554999999995],[-78.618625,43.167839],[-78.61861999999999,43.169268],[-78.61868799999999,43.170677000000005],[-78.61889500000001,43.174905],[-78.61896399999999,43.176314999999995],[-78.61908799999999,43.178255],[-78.619462,43.184076],[-78.61958700000001,43.186017],[-78.61960499999999,43.186175999999996],[-78.619659,43.186653],[-78.619677,43.186813],[-78.619852,43.187778],[-78.62037699999999,43.190673999999994],[-78.620552,43.19164],[-78.620589,43.191807],[-78.62070299999999,43.19230899999999],[-78.620741,43.192477],[-78.62078799999999,43.192787],[-78.62092899999999,43.19371999999999],[-78.620976,43.19403099999999],[-78.620976,43.194052],[-78.620978,43.19411499999999],[-78.620979,43.194137000000005],[-78.620981,43.194168],[-78.620989,43.194262],[-78.620992,43.194294],[-78.621003,43.19480499999999],[-78.621039,43.196338],[-78.62105199999999,43.19684999999999],[-78.620949,43.20670899999999],[-78.62110899999999,43.208937999999996],[-78.621591,43.215627],[-78.621752,43.217856999999995],[-78.621202,43.217839],[-78.61955499999999,43.217788],[-78.619006,43.21777099999999],[-78.61036200000001,43.21763699999999],[-78.5963,43.217417999999995],[-78.592281,43.21737199999999],[-78.580227,43.21723699999999],[-78.57620899999999,43.217192],[-78.57620899999999,43.216750999999995],[-78.576212,43.21543],[-78.576213,43.21499000000001],[-78.576201,43.213418999999995],[-78.576174,43.209846],[-78.57616,43.20870599999999],[-78.57614099999999,43.207136],[-78.57607999999999,43.20564899999999],[-78.57589899999999,43.20118799999998],[-78.575846,43.199876999999994],[-78.575841,43.19974699999999],[-78.575839,43.19970099999999],[-78.57583699999999,43.19965199999999],[-78.57583100000001,43.199508],[-78.57583,43.19946],[-78.57582699999999,43.19939699999998],[-78.575819,43.199208],[-78.575817,43.199144999999994],[-78.57580899999999,43.19901499999999],[-78.575785,43.19862799999999],[-78.57578099999999,43.198554],[-78.575778,43.198499],[-78.575777,43.198484],[-78.575774,43.198439],[-78.575774,43.19842500000001],[-78.575773,43.19841399999999],[-78.575771,43.198381000000005],[-78.575771,43.19837099999998],[-78.575767,43.198293],[-78.57576399999999,43.198235999999994],[-78.575749,43.197831],[-78.575744,43.197697],[-78.575733,43.19752799999999],[-78.575701,43.197024],[-78.57569099999999,43.196856],[-78.575685,43.19674799999999],[-78.57566899999999,43.19642399999999],[-78.575664,43.19631599999999],[-78.575649,43.195972999999995],[-78.575605,43.194946999999985],[-78.575591,43.194604999999996],[-78.575553,43.19383799999999],[-78.57551099999999,43.192975999999994],[-78.575439,43.191815],[-78.57540399999999,43.19153999999999],[-78.575307,43.19077899999999],[-78.57529,43.190374999999996],[-78.57527999999999,43.190117999999984],[-78.575272,43.189301],[-78.57526800000001,43.189163],[-78.57526,43.188759999999995],[-78.57519599999999,43.187495],[-78.57518,43.18716],[-78.57512899999999,43.186269999999986],[-78.575057,43.18519799999999],[-78.575017,43.18425099999999],[-78.574984,43.183703],[-78.57490899999999,43.18244000000001],[-78.574883,43.181930999999985],[-78.57480699999999,43.180403999999996],[-78.574782,43.179895],[-78.574739,43.179117999999995],[-78.57461099999999,43.176787000000004],[-78.574569,43.176010000000005],[-78.574467,43.17393699999999],[-78.574303,43.170561000000006],[-78.57417699999999,43.167718],[-78.574086,43.165645],[-78.574046,43.16426099999998],[-78.574026,43.16343899999999],[-78.57388999999999,43.15772299999998],[-78.573871,43.156820999999994],[-78.573826,43.15461599999998],[-78.57381199999999,43.15399099999999],[-78.57377,43.15211899999999],[-78.573757,43.15149499999998]]]},"properties":{"geoid":"360630240014","name":"Block Group 4","pop":1570.0,"obs_Mesothelioma":0.0,"exp_Mesothelioma":0.08,"sir_Mesothelioma":0.0,"obs_Lung":10.0,"exp_Lung":5.67,"sir_Lung":1.763,"obs_Bladder":4.0,"exp_Bladder":2.13,"sir_Bladder":1.879,"obs_Esophagus":0.0,"exp_Esophagus":0.46,"sir_Esophagus":0.0,"obs_Oral":0.0,"exp_Oral":1.02,"sir_Oral":0.0,"obs_Brain":0.0,"exp_Brain":0.58,"sir_Brain":0.0,"hlarea_Lung":1,"hlarea_Bladder":1,"hlarea_Esophagus":0,"hlarea_Oral":0,"hlarea_Brain":0,"hlarea_Mesothelioma":0,"merged_area":false,"doh_region":"360630240014"}},{"type":"Feature","geometry":{"type":"Polygon","coordinates":[[[-78.532651,43.178078000000006],[-78.533804,43.175571999999995],[-78.534021,43.175126999999996],[-78.534076,43.175014999999995],[-78.53438799999999,43.17441399999999],[-78.53484100000001,43.17379899999999],[-78.53514600000001,43.17341299999998],[-78.535401,43.173128999999996],[-78.536937,43.171634000000005],[-78.537167,43.17138],[-78.53742299999999,43.171031],[-78.537553,43.17081999999999],[-78.537589,43.170743],[-78.53767599999999,43.170557],[-78.53783000000001,43.17015599999999],[-78.537866,43.170016000000004],[-78.537931,43.169598],[-78.538063,43.167447],[-78.5381,43.16673499999999],[-78.538168,43.165451],[-78.538231,43.163485],[-78.538271,43.162378],[-78.538395,43.15905899999999],[-78.53843599999999,43.15795299999999],[-78.538496,43.15556099999999],[-78.53853699999999,43.153935],[-78.538715,43.148388],[-78.538747,43.14742599999999],[-78.538828,43.14599899999999],[-78.53924599999999,43.146057000000006],[-78.54153,43.146508999999995],[-78.542754,43.146741999999996],[-78.543278,43.14683399999999],[-78.543438,43.146862],[-78.545309,43.147229],[-78.546264,43.14740499999999],[-78.548084,43.147768],[-78.548958,43.147931],[-78.549666,43.148075],[-78.551267,43.148311000000014],[-78.552961,43.148527],[-78.553417,43.148571999999994],[-78.553992,43.14859099999999],[-78.554861,43.148601000000006],[-78.556713,43.148603],[-78.558083,43.148605999999994],[-78.56124299999999,43.148604999999996],[-78.563746,43.14859799999999],[-78.565546,43.14859299999999],[-78.567702,43.148568999999995],[-78.56876299999999,43.14856599999999],[-78.570892,43.148533999999984],[-78.571258,43.148534],[-78.573762,43.148535999999986],[-78.57376099999999,43.14912699999999],[-78.573757,43.15090299999999],[-78.573757,43.15149499999998],[-78.57377,43.15211899999999],[-78.57381199999999,43.15399099999999],[-78.573826,43.15461599999998],[-78.573871,43.156820999999994],[-78.57388999999999,43.15772299999998],[-78.574026,43.16343899999999],[-78.574046,43.16426099999998],[-78.574086,43.165645],[-78.57417699999999,43.167718],[-78.574303,43.170561000000006],[-78.574467,43.17393699999999],[-78.574569,43.176010000000005],[-78.57461099999999,43.176787000000004],[-78.574739,43.179117999999995],[-78.574782,43.179895],[-78.57480699999999,43.180403999999996],[-78.574883,43.181930999999985],[-78.57490899999999,43.18244000000001],[-78.574984,43.183703],[-78.575017,43.18425099999999],[-78.575057,43.18519799999999],[-78.57512899999999,43.186269999999986],[-78.57518,43.18716],[-78.57519599999999,43.187495],[-78.57526,43.188759999999995],[-78.57526800000001,43.189163],[-78.575272,43.189301],[-78.57527999999999,43.190117999999984],[-78.57529,43.190374999999996],[-78.575307,43.19077899999999],[-78.57540399999999,43.19153999999999],[-78.575439,43.191815],[-78.57551099999999,43.192975999999994],[-78.575553,43.19383799999999],[-78.575591,43.194604999999996],[-78.575605,43.194946999999985],[-78.575649,43.195972999999995],[-78.575664,43.19631599999999],[-78.57566899999999,43.19642399999999],[-78.575685,43.19674799999999],[-78.57569099999999,43.196856],[-78.575701,43.197024],[-78.575733,43.19752799999999],[-78.575744,43.197697],[-78.575749,43.197831],[-78.57576399999999,43.198235999999994],[-78.575767,43.198293],[-78.575771,43.19837099999998],[-78.575771,43.198381000000005],[-78.575773,43.19841399999999],[-78.575774,43.19842500000001],[-78.575774,43.198439],[-78.575777,43.198484],[-78.575778,43.198499],[-78.57578099999999,43.198554],[-78.575785,43.19862799999999],[-78.57580899999999,43.19901499999999],[-78.575817,43.199144999999994],[-78.575819,43.199208],[-78.57582699999999,43.19939699999998],[-78.57583,43.19946],[-78.57583100000001,43.199508],[-78.57583699999999,43.19965199999999],[-78.575839,43.19970099999999],[-78.575841,43.19974699999999],[-78.575846,43.199876999999994],[-78.57589899999999,43.20118799999998],[-78.57607999999999,43.20564899999999],[-78.57614099999999,43.207136],[-78.57616,43.20870599999999],[-78.576174,43.209846],[-78.576201,43.213418999999995],[-78.576213,43.21499000000001],[-78.576212,43.21543],[-78.57620899999999,43.216750999999995],[-78.57620899999999,43.217192],[-78.57566899999999,43.21718500000001],[-78.574051,43.21716599999998],[-78.573512,43.21715999999999],[-78.572836,43.217152999999996],[-78.57081099999999,43.21713299999998],[-78.57013599999999,43.217127],[-78.569436,43.21712],[-78.56733700000001,43.217099],[-78.566638,43.21709299999999],[-78.565611,43.217076999999996],[-78.565045,43.21706499999999],[-78.560266,43.216964999999995],[-78.558674,43.21693200000001],[-78.55654799999999,43.216932],[-78.55017099999999,43.21693200000001],[-78.548046,43.216933000000004],[-78.547414,43.21692399999999],[-78.545521,43.21689800000001],[-78.54489,43.21689],[-78.54414899999999,43.216860999999994],[-78.542884,43.216827999999985],[-78.54034,43.216761999999996],[-78.537928,43.216713],[-78.536866,43.21668699999999],[-78.53486099999999,43.216639],[-78.53495699999999,43.215369999999986],[-78.534988,43.21497099999999],[-78.535218,43.211561999999994],[-78.535299,43.21037199999999],[-78.535313,43.210294000000005],[-78.535341,43.21019799999999],[-78.53535099999999,43.210167999999996],[-78.535393,43.21005099999999],[-78.53538999999999,43.20990899999999],[-78.535389,43.209859],[-78.53537899999999,43.209810999999995],[-78.535372,43.209777],[-78.53535099999999,43.20967699999999],[-78.535344,43.209644],[-78.535299,43.209427000000005],[-78.53531699999999,43.209312000000004],[-78.535361,43.209184],[-78.53537299999999,43.20906899999999],[-78.53541299999999,43.208711],[-78.535498,43.207308],[-78.535535,43.206720999999995],[-78.535561,43.20627299999999],[-78.535597,43.205692],[-78.53565499999999,43.204933],[-78.53569,43.20448700000001],[-78.535731,43.203964],[-78.535854,43.20239499999998],[-78.53585799999999,43.20234599999999],[-78.535872,43.20187099999999],[-78.535865,43.201710999999996],[-78.53578999999999,43.201303999999986],[-78.535744,43.20112499999999],[-78.53566200000002,43.200914000000004],[-78.535556,43.200696],[-78.53544099999999,43.20050199999999],[-78.535405,43.20045299999999],[-78.535178,43.20013999999998],[-78.535029,43.199974999999995],[-78.53440700000002,43.19940299999999],[-78.534232,43.199223999999994],[-78.534037,43.199],[-78.53378599999999,43.198626999999995],[-78.53368,43.19842200000001],[-78.533517,43.198031],[-78.533467,43.197852999999974],[-78.533411,43.197516],[-78.53340299999999,43.19729399999999],[-78.533416,43.197078999999995],[-78.53349399999999,43.196621999999984],[-78.533495,43.196617999999994],[-78.533751,43.195710999999996],[-78.53378699999999,43.195420999999996],[-78.533794,43.195142999999995],[-78.533763,43.19477599999999],[-78.533299,43.19243799999998],[-78.53327399999999,43.192319],[-78.532918,43.19062599999999],[-78.53267300000002,43.18950799999999],[-78.532653,43.189299999999996],[-78.532646,43.18907299999999],[-78.532663,43.18873599999999],[-78.532812,43.18771399999999],[-78.53292499999999,43.18707799999999],[-78.53296499999999,43.186769000000005],[-78.532975,43.186505],[-78.532952,43.186229999999995],[-78.532895,43.18593],[-78.532816,43.185624999999995],[-78.532487,43.184584],[-78.532248,43.183897],[-78.53215399999999,43.183625],[-78.532079,43.183436],[-78.531959,43.18307899999999],[-78.531891,43.182829],[-78.531868,43.18263399999999],[-78.531868,43.182446],[-78.531891,43.18202999999998],[-78.532032,43.181097],[-78.532128,43.180485999999995],[-78.532303,43.179384],[-78.532386,43.178921],[-78.532446,43.178659999999994],[-78.532451,43.17863899999999],[-78.53254199999999,43.17833699999999],[-78.532651,43.178078000000006]]]},"properties":{"geoid":"360630240015","name":"Block Group 5","pop":1386.0,"obs_Mesothelioma":0.0,"exp_Mesothelioma":0.1,"sir_Mesothelioma":0.0,"obs_Lung":5.0,"exp_Lung":6.19,"sir_Lung":0.808,"obs_Bladder":3.0,"exp_Bladder":2.5,"sir_Bladder":1.2,"obs_Esophagus":1.0,"exp_Esophagus":0.48,"sir_Esophagus":2.085,"obs_Oral":1.0,"exp_Oral":1.0,"sir_Oral":1.002,"obs_Brain":1.0,"exp_Brain":0.56,"sir_Brain":1.781,"hlarea_Lung":0,"hlarea_Bladder":1,"hlarea_Esophagus":0,"hlarea_Oral":0,"hlarea_Brain":0,"hlarea_Mesothelioma":0,"merged_area":false,"doh_region":"360630240015"}},{"type":"Feature","geometry":{"type":"Polygon","coordinates":[[[-79.049008,43.11046699999999],[-79.049009,43.11049699999998],[-79.04849,43.110566],[-79.04693499999999,43.11077299999999],[-79.04641699999999,43.11084299999999],[-79.046183,43.11087399999999],[-79.045851,43.110918999999996],[-79.045481,43.110964],[-79.045247,43.110994],[-79.04477,43.111053],[-79.044248,43.111122999999985],[-79.04383,43.11117999999999],[-79.04372699999999,43.111194999999995],[-79.043205,43.111259],[-79.042689,43.111323999999996],[-79.04181,43.11144199999999],[-79.039582,43.111742],[-79.038167,43.111933],[-79.038111,43.11193999999998],[-79.03806999999999,43.111945999999996],[-79.037945,43.111964],[-79.03788999999999,43.111973],[-79.037899,43.11190399999999],[-79.03791,43.11182999999999],[-79.03788899999999,43.11176999999999],[-79.037866,43.111706],[-79.03784399999999,43.111641999999996],[-79.037663,43.11149899999999],[-79.03762499999999,43.11116299999999],[-79.037593,43.111015999999985],[-79.037539,43.11075699999999],[-79.03750000000001,43.110577],[-79.037469,43.110431000000005],[-79.037463,43.11040900000001],[-79.03744800000001,43.11034300000001],[-79.037443,43.110322],[-79.037404,43.110161999999974],[-79.03739,43.11010399999999],[-79.037289,43.109684],[-79.037251,43.109525],[-79.037207,43.109340999999986],[-79.03708,43.10880099999999],[-79.037077,43.10879099999999],[-79.037025,43.10861],[-79.036829,43.108609],[-79.036243,43.108607],[-79.036048,43.108607],[-79.03604899999999,43.10841999999999],[-79.036052,43.108155999999994],[-79.03605499999999,43.10786099999999],[-79.036057,43.10767499999999],[-79.039709,43.10768199999998],[-79.04028199999999,43.107686999999984],[-79.040703,43.10769099999998],[-79.04200399999999,43.10769099999999],[-79.04257799999999,43.10769199999999],[-79.042875,43.10769299999999],[-79.043768,43.10769599999999],[-79.044066,43.107698],[-79.044523,43.107694999999985],[-79.045335,43.10769099999998],[-79.045896,43.10769799999999],[-79.046354,43.107704999999996],[-79.04687799999999,43.107701999999996],[-79.04777899999999,43.10769699999999],[-79.04845000000002,43.107701000000006],[-79.048974,43.107705],[-79.048977,43.107892],[-79.048986,43.108453],[-79.04898899999999,43.10864],[-79.04899,43.108827999999995],[-79.048996,43.109395000000006],[-79.048998,43.109584],[-79.048998,43.109765999999986],[-79.04900099999999,43.110179],[-79.049002,43.11031399999999],[-79.049003,43.110336000000004],[-79.049008,43.11046699999999]]]},"properties":{"geoid":"360630204002","name":"Block Group 2","pop":853.0,"obs_Mesothelioma":0.0,"exp_Mesothelioma":0.04,"sir_Mesothelioma":0.0,"obs_Lung":6.0,"exp_Lung":2.6,"sir_Lung":2.312,"obs_Bladder":0.0,"exp_Bladder":0.98,"sir_Bladder":0.0,"obs_Esophagus":1.0,"exp_Esophagus":0.21,"sir_Esophagus":4.845,"obs_Oral":0.0,"exp_Oral":0.46,"sir_Oral":0.0,"obs_Brain":0.0,"exp_Brain":0.29,"sir_Brain":0.0,"hlarea_Lung":1,"hlarea_Bladder":0,"hlarea_Esophagus":1,"hlarea_Oral":0,"hlarea_Brain":0,"hlarea_Mesothelioma":0,"merged_area":false,"doh_region":"360630204002"}},{"type":"Feature","geometry":{"type":"Polygon","coordinates":[[[-79.01611799999999,43.271967000000004],[-79.020994,43.271035],[-79.020957,43.27137099999999],[-79.021217,43.271255],[-79.021222,43.271643000000005],[-79.021211,43.27175599999999],[-79.02116000000001,43.271923],[-79.02105499999999,43.272099999999995],[-79.02104,43.272127000000005],[-79.020894,43.272295],[-79.02080699999999,43.272375],[-79.020712,43.272414999999995],[-79.02053,43.272462000000004],[-79.01951199999999,43.27257899999999],[-79.019436,43.272600999999995],[-79.019363,43.27264799999999],[-79.019199,43.27279799999999],[-79.01910000000001,43.272856],[-79.018787,43.27298299999998],[-79.01868,43.27301299999999],[-79.0184,43.27309299999998],[-79.018309,43.27312599999999],[-79.018185,43.273194999999994],[-79.01800999999999,43.273343999999994],[-79.01794699999999,43.273445999999986],[-79.017776,43.27504999999999],[-79.01726699999999,43.279865],[-79.01709799999999,43.281470000000006],[-79.01424,43.282019],[-79.005668,43.283667],[-79.002811,43.284216999999984],[-78.999751,43.28480599999999],[-78.993999,43.28560299999999],[-78.967485,43.289282],[-78.958648,43.290508999999986],[-78.958006,43.29059799999998],[-78.957424,43.290731],[-78.953783,43.291568000000005],[-78.95257,43.29184699999999],[-78.942208,43.29422799999999],[-78.911124,43.30137299999999],[-78.900763,43.303754999999995],[-78.900775,43.30303000000001],[-78.900812,43.300857],[-78.900825,43.300132999999995],[-78.90082199999999,43.299887],[-78.90081599999999,43.29915200000001],[-78.900815,43.29890699999999],[-78.900821,43.29575199999999],[-78.900843,43.286287],[-78.90084999999999,43.28313199999999],[-78.90087199999999,43.27951699999999],[-78.900942,43.268674000000004],[-78.900966,43.26506],[-78.900981,43.264714999999995],[-78.901026,43.26368399999999],[-78.90104199999999,43.26333999999999],[-78.901035,43.26325899999999],[-78.901014,43.26301799999998],[-78.90100699999999,43.262938],[-78.90098499999999,43.26275],[-78.900922,43.262189],[-78.90090099999999,43.26200199999999],[-78.902625,43.261365],[-78.902907,43.26126199999998],[-78.903362,43.261087],[-78.906031,43.26009699999999],[-78.907795,43.259447],[-78.90952,43.258811999999985],[-78.90951799999999,43.25891699999999],[-78.90951299999999,43.259234],[-78.90951199999999,43.25934],[-78.90955699999999,43.262327],[-78.909581,43.262812],[-78.90958599999999,43.26329399999999],[-78.909576,43.263734],[-78.909576,43.26377199999999],[-78.90960100000001,43.265662],[-78.90961,43.26707699999999],[-78.90965299999999,43.268493],[-78.909696,43.271854],[-78.90976700000002,43.27471499999999],[-78.909781,43.276920000000004],[-78.90978299999999,43.277082],[-78.90979,43.27808699999999],[-78.909806,43.279410000000006],[-78.90979899999999,43.28131599999999],[-78.91546799999999,43.280159999999995],[-78.917245,43.27979799999999],[-78.91845599999999,43.279528],[-78.923947,43.278406],[-78.92504699999999,43.278188],[-78.93041099999999,43.277083999999995],[-78.930771,43.277012],[-78.93165400000001,43.27683700000001],[-78.932469,43.276664000000004],[-78.932918,43.27656999999999],[-78.934319,43.27628899999999],[-78.938133,43.27548499999998],[-78.939678,43.275180999999996],[-78.940263,43.275056],[-78.941025,43.274893999999996],[-78.942387,43.274615999999995],[-78.943748,43.274311000000004],[-78.94635799999999,43.273771999999994],[-78.94664499999999,43.273714999999996],[-78.947636,43.273519],[-78.948775,43.27327899999998],[-78.949592,43.27311299999999],[-78.951353,43.27275799999999],[-78.952044,43.272612999999986],[-78.952861,43.272442999999996],[-78.95289799999999,43.27163799999998],[-78.95292599999999,43.27070599999998],[-78.953009,43.268042],[-78.953086,43.265890999999996],[-78.953104,43.265496000000006],[-78.953167,43.264188999999995],[-78.953178,43.26376],[-78.95317899999999,43.26363899999998],[-78.953182,43.263278],[-78.953184,43.263158],[-78.953216,43.262845999999996],[-78.953232,43.26270099999999],[-78.953284,43.26232599999999],[-78.953396,43.26192499999999],[-78.953482,43.26162399999998],[-78.953771,43.26086899999999],[-78.95402399999999,43.260129000000006],[-78.95429399999999,43.25939499999999],[-78.954358,43.259210999999986],[-78.954785,43.257996],[-78.955052,43.25728199999999],[-78.95528999999999,43.256571],[-78.955784,43.255151999999995],[-78.956818,43.251915999999994],[-78.957124,43.25096],[-78.957452,43.25004999999999],[-78.957564,43.249612],[-78.957568,43.24946899999999],[-78.963471,43.250507],[-78.96356899999999,43.25052399999999],[-78.966231,43.251001],[-78.96763899999999,43.25124499999999],[-78.969026,43.25150299999999],[-78.970434,43.25174599999998],[-78.97251299999999,43.25212099999999],[-78.977206,43.252947999999996],[-78.97848100000002,43.25316],[-78.981574,43.25369599999999],[-78.98355099999999,43.254039999999996],[-78.984563,43.254204],[-78.987579,43.25473499999999],[-78.987584,43.25248099999998],[-78.987589,43.250952999999996],[-78.987613,43.24924199999999],[-78.987607,43.24830499999998],[-78.987623,43.245720999999996],[-78.987629,43.244958000000004],[-78.987642,43.243467999999986],[-78.98764299999999,43.243153],[-78.987648,43.24220699999999],[-78.98765,43.24189299999998],[-78.990262,43.241895],[-78.991704,43.24191],[-78.991811,43.24190899999999],[-78.993864,43.241904],[-78.99462,43.241918],[-78.99538,43.24190699999998],[-78.99725699999999,43.24192600000001],[-78.997828,43.241921],[-78.999213,43.241918999999996],[-79.000575,43.241929999999996],[-79.001331,43.24192599999999],[-79.002085,43.241935],[-79.004297,43.241935000000005],[-79.006603,43.241935],[-79.00845900000002,43.24194699999999],[-79.009227,43.241941999999995],[-79.011242,43.241932],[-79.011533,43.24193399999999],[-79.01209399999999,43.24194],[-79.012248,43.241963],[-79.012293,43.24198899999998],[-79.011573,43.24323],[-79.01132700000001,43.24370499999999],[-79.011099,43.24426099999999],[-79.01097299999999,43.244651999999995],[-79.010892,43.24498199999999],[-79.010858,43.24512500000001],[-79.010593,43.24653999999998],[-79.010176,43.24891699999999],[-79.010116,43.249266],[-79.009509,43.252658999999994],[-79.009411,43.25338800000001],[-79.009303,43.25477499999999],[-79.00930000000001,43.25481099999999],[-79.009177,43.25682099999998],[-79.009136,43.258128],[-79.009073,43.259534999999985],[-79.009033,43.260434999999994],[-79.008997,43.261159],[-79.00887,43.263757000000005],[-79.00882299999999,43.264734999999995],[-79.00879499999999,43.26502999999998],[-79.008771,43.26516199999999],[-79.008715,43.265336],[-79.008704,43.265374],[-79.008527,43.265722999999994],[-79.00845699999999,43.265817],[-79.008349,43.265965],[-79.008456,43.266011],[-79.008546,43.266051],[-79.00865,43.266119],[-79.00871599999999,43.26620399999999],[-79.00872199999999,43.26622400000001],[-79.008758,43.26633599999999],[-79.008747,43.26664399999999],[-79.008718,43.26756799999998],[-79.008708,43.267877],[-79.008698,43.26807699999999],[-79.008674,43.268601999999994],[-79.008665,43.26867699999999],[-79.00865399999999,43.268784],[-79.008608,43.26886499999999],[-79.008614,43.268975999999995],[-79.00863300000002,43.26930899999999],[-79.00864,43.269420999999994],[-79.00864,43.26949199999999],[-79.008641,43.269707999999994],[-79.008642,43.269780000000004],[-79.008635,43.270264999999995],[-79.008603,43.27033499999999],[-79.008563,43.271300000000004],[-79.008643,43.271322],[-79.012042,43.27209199999998],[-79.012247,43.272133999999994],[-79.012733,43.27221499999999],[-79.013294,43.27226900000001],[-79.01356799999999,43.27228100000001],[-79.01405,43.272275],[-79.014607,43.27223499999998],[-79.0154,43.27210399999999],[-79.01611799999999,43.271967000000004]]]},"properties":{"geoid":"360630245021","name":"Block Group 1","pop":1227.0,"obs_Mesothelioma":0.0,"exp_Mesothelioma":0.08,"sir_Mesothelioma":0.0,"obs_Lung":7.0,"exp_Lung":5.7,"sir_Lung":1.228,"obs_Bladder":3.0,"exp_Bladder":2.17,"sir_Bladder":1.382,"obs_Esophagus":0.0,"exp_Esophagus":0.46,"sir_Esophagus":0.0,"obs_Oral":7.0,"exp_Oral":1.01,"sir_Oral":6.907,"obs_Brain":0.0,"exp_Brain":0.52,"sir_Brain":0.0,"hlarea_Lung":0,"hlarea_Bladder":0,"hlarea_Esophagus":1,"hlarea_Oral":0,"hlarea_Brain":0,"hlarea_Mesothelioma":0,"merged_area":false,"doh_region":"360630245021"}},{"type":"Feature","geometry":{"type":"Polygon","coordinates":[[[-78.703841,43.151812],[-78.70336999999999,43.15179199999999],[-78.70335,43.15118899999999],[-78.703491,43.15118899999999],[-78.70349,43.15109399999999],[-78.702844,43.151106000000006],[-78.70247599999999,43.15111100000001],[-78.701888,43.151121],[-78.700842,43.15113699999999],[-78.698268,43.151171999999995],[-78.696866,43.15119199999999],[-78.69686399999999,43.151101],[-78.69685799999999,43.150828999999995],[-78.696857,43.150739],[-78.69686,43.150693],[-78.69686999999999,43.150554],[-78.696874,43.150509],[-78.696878,43.150314999999985],[-78.69689,43.149736],[-78.696895,43.149542999999994],[-78.69689699999999,43.148861000000004],[-78.696905,43.147022],[-78.696902,43.14681499999999],[-78.696895,43.146133999999996],[-78.696895,43.145824],[-78.69689699999999,43.144894],[-78.696899,43.144585],[-78.696899,43.14451599999999],[-78.696895,43.144163],[-78.69688,43.14289699999999],[-78.696876,43.142475999999995],[-78.696876,43.142030999999996],[-78.696876,43.14112599999999],[-78.696877,43.140699],[-78.69687900000001,43.14025599999999],[-78.696801,43.14025399999999],[-78.69615,43.14023699999999],[-78.693964,43.140180999999984],[-78.693236,43.140162999999994],[-78.691858,43.140136999999996],[-78.691786,43.140135999999984],[-78.689442,43.14005999999999],[-78.68772799999999,43.14002],[-78.686352,43.13998899999999],[-78.686357,43.139549],[-78.686369,43.13868399999999],[-78.68638299999999,43.138231999999995],[-78.686397,43.137793999999985],[-78.686403,43.13750399999999],[-78.68642,43.13663699999999],[-78.686427,43.13634799999999],[-78.686448,43.135234999999994],[-78.686402,43.135166],[-78.686356,43.13512700000001],[-78.686281,43.135098],[-78.686193,43.13509],[-78.68594399999999,43.135087999999996],[-78.68499,43.135081],[-78.684461,43.13507299999999],[-78.682062,43.13503899999999],[-78.680925,43.135031],[-78.68047,43.13502799999999],[-78.67925199999999,43.135009],[-78.67924400000001,43.13484899999998],[-78.679221,43.13436900000001],[-78.679214,43.134209999999996],[-78.679182,43.13389799999999],[-78.67915200000002,43.13369600000001],[-78.679041,43.13333],[-78.678921,43.133038],[-78.692129,43.13348599999999],[-78.69219799999999,43.13344699999999],[-78.69286,43.13311199999999],[-78.693075,43.133004],[-78.693372,43.13286799999998],[-78.693629,43.13277799999999],[-78.694362,43.13250499999999],[-78.694481,43.13244900000001],[-78.69453299999999,43.132403],[-78.694549,43.132334],[-78.694542,43.132312999999996],[-78.694504,43.13208],[-78.694509,43.131741999999996],[-78.69454,43.13158899999999],[-78.694608,43.13149900000001],[-78.69479199999999,43.13140899999999],[-78.695599,43.13111999999999],[-78.69651999999999,43.13089799999999],[-78.69688,43.130831],[-78.696881,43.131336999999995],[-78.696883,43.131556],[-78.696889,43.132216],[-78.696891,43.132436],[-78.69732499999999,43.132446],[-78.698628,43.132476000000004],[-78.699063,43.132487000000005],[-78.701374,43.132540000000006],[-78.706909,43.132668999999986],[-78.707842,43.13271299999999],[-78.708309,43.132729000000005],[-78.710621,43.132809],[-78.711222,43.13281999999999],[-78.71140199999999,43.13282399999999],[-78.71206099999999,43.13282900000001],[-78.713028,43.132853999999995],[-78.713276,43.132860999999984],[-78.71363,43.13286599999999],[-78.71400899999999,43.13287100000001],[-78.714939,43.132884],[-78.715149,43.132886],[-78.71552899999999,43.13289099999999],[-78.715704,43.13289299999999],[-78.71623199999999,43.13289899999999],[-78.716408,43.13290099999999],[-78.716518,43.132901999999994],[-78.717914,43.132918000000004],[-78.718346,43.132923999999996],[-78.72197899999999,43.132946000000004],[-78.72243499999999,43.132950999999984],[-78.723942,43.132968],[-78.72428099999999,43.132973],[-78.725298,43.13299099999999],[-78.72563799999999,43.13299699999999],[-78.72569299999999,43.132998],[-78.725798,43.13300000000002],[-78.72586000000001,43.13300099999999],[-78.725916,43.13300299999999],[-78.726011,43.133004],[-78.726297,43.13300999999999],[-78.726393,43.133012],[-78.728154,43.133022999999994],[-78.728767,43.133029],[-78.735889,43.13310299999999],[-78.738263,43.133128],[-78.738376,43.13312899999999],[-78.740596,43.133157999999995],[-78.74157199999999,43.133165],[-78.745279,43.133193999999996],[-78.748402,43.133213000000005],[-78.751503,43.133241],[-78.754813,43.13327099999999],[-78.75482099999999,43.133786],[-78.754847,43.13533199999999],[-78.75485599999999,43.13584799999999],[-78.75480200000001,43.135994],[-78.75473699999999,43.136307],[-78.75472,43.136392],[-78.754689,43.13676499999999],[-78.75468,43.13773199999999],[-78.754677,43.138208999999996],[-78.75466999999999,43.13947099999999],[-78.754656,43.142306999999995],[-78.75466399999999,43.143259999999984],[-78.754675,43.14452299999999],[-78.754663,43.145632],[-78.754662,43.14566799999999],[-78.75464699999999,43.14910699999999],[-78.754644,43.149877],[-78.754638,43.15025299999999],[-78.754635,43.15050399999999],[-78.75462,43.151325],[-78.754616,43.151741],[-78.75460799999999,43.152862999999996],[-78.754615,43.155897],[-78.75460799999999,43.15620899999999],[-78.754599,43.156678],[-78.754599,43.157194],[-78.754611,43.15769799999999],[-78.754606,43.15829799999999],[-78.75460199999999,43.15897599999998],[-78.75460000000001,43.159666],[-78.754594,43.16303],[-78.754591,43.16557199999999],[-78.754591,43.165850999999996],[-78.754584,43.16754099999999],[-78.75458300000001,43.168334],[-78.754582,43.16966300000001],[-78.75457399999999,43.17187],[-78.754576,43.172385],[-78.754083,43.172580999999994],[-78.753546,43.17278],[-78.753069,43.17295899999999],[-78.75059900000001,43.173772],[-78.75041,43.173832],[-78.75003099999999,43.17395299999999],[-78.7495,43.174095],[-78.749349,43.174127999999996],[-78.74913,43.17417599999999],[-78.74849499999999,43.174265],[-78.748289,43.17429500000001],[-78.747924,43.17432399999999],[-78.747485,43.17433700000001],[-78.745902,43.174327],[-78.745255,43.174323],[-78.745037,43.174326],[-78.745003,43.17432599999999],[-78.744902,43.174327000000005],[-78.744869,43.17432799999999],[-78.74481399999999,43.17432699999999],[-78.74465099999999,43.174326],[-78.744597,43.17432599999999],[-78.743084,43.174307],[-78.74286099999999,43.17430499999999],[-78.74196599999999,43.17425100000001],[-78.741326,43.17419999999999],[-78.740737,43.174153000000004],[-78.74059000000001,43.17413199999999],[-78.740262,43.174099],[-78.739739,43.17404],[-78.739057,43.17393399999999],[-78.738778,43.173884999999984],[-78.738579,43.173831],[-78.73816,43.173717999999994],[-78.73784599999999,43.173609000000006],[-78.737145,43.17335399999999],[-78.73711999999999,43.173345],[-78.737048,43.17331799999998],[-78.737025,43.17330899999998],[-78.73710799999999,43.17276999999999],[-78.738823,43.17281299999999],[-78.738826,43.172173],[-78.73888,43.16347100000001],[-78.73889799999999,43.160571],[-78.738593,43.16065699999999],[-78.73811700000002,43.160800999999985],[-78.73809,43.16080799999999],[-78.737105,43.16110299999999],[-78.736149,43.161409],[-78.735675,43.16154900000001],[-78.73486799999999,43.161789999999975],[-78.734684,43.162014000000006],[-78.734281,43.162507999999995],[-78.734195,43.162291],[-78.73409,43.16202099999999],[-78.734076,43.161984],[-78.73403499999999,43.161872999999986],[-78.734022,43.161836],[-78.733774,43.161909],[-78.733031,43.16213],[-78.732784,43.162203999999996],[-78.732799,43.16223899999999],[-78.732844,43.16234699999998],[-78.73286,43.162383],[-78.731521,43.162771000000006],[-78.729264,43.163427],[-78.72751699999999,43.163971999999994],[-78.72696499999999,43.164145],[-78.726184,43.16437699999999],[-78.725539,43.164567999999996],[-78.72543,43.164601],[-78.72360599999999,43.165138],[-78.723596,43.165141999999996],[-78.722961,43.165327],[-78.722951,43.16520899999999],[-78.722921,43.164854999999996],[-78.722912,43.164736999999995],[-78.722903,43.16472399999999],[-78.72287899999999,43.16468599999999],[-78.722872,43.16467399999999],[-78.722876,43.16464299999999],[-78.72289099999999,43.16455],[-78.722897,43.16451999999999],[-78.72294,43.164021999999996],[-78.723073,43.162530000000004],[-78.723117,43.162033],[-78.723202,43.16075199999999],[-78.72345899999999,43.156912],[-78.723545,43.15563299999999],[-78.723693,43.153805999999996],[-78.724141,43.14832799999999],[-78.72429,43.14650199999999],[-78.724307,43.14594899999998],[-78.724362,43.14429299999999],[-78.724381,43.143741999999996],[-78.723362,43.14382099999999],[-78.72030699999999,43.14405999999999],[-78.719289,43.14414],[-78.71919299999999,43.14412199999999],[-78.718907,43.14407099999998],[-78.718812,43.144054],[-78.718665,43.144024999999985],[-78.717782,43.145365],[-78.71502699999999,43.149548999999986],[-78.71487499999999,43.14975199999999],[-78.713826,43.151159],[-78.713785,43.15115900000001],[-78.713664,43.151159],[-78.713624,43.151159],[-78.713285,43.15115599999999],[-78.71226999999999,43.151146999999995],[-78.71193199999999,43.15114500000001],[-78.711835,43.15114699999999],[-78.711547,43.151156],[-78.711451,43.151159],[-78.709936,43.151143999999995],[-78.709445,43.151139999999984],[-78.70944399999999,43.151792999999984],[-78.70516099999999,43.151771999999994],[-78.703841,43.151812]]]},"properties":{"geoid":"360630234013","name":"Block Group 3","pop":1839.0,"obs_Mesothelioma":0.0,"exp_Mesothelioma":0.06,"sir_Mesothelioma":0.0,"obs_Lung":9.0,"exp_Lung":4.61,"sir_Lung":1.952,"obs_Bladder":1.0,"exp_Bladder":1.65,"sir_Bladder":0.607,"obs_Esophagus":0.0,"exp_Esophagus":0.35,"sir_Esophagus":0.0,"obs_Oral":1.0,"exp_Oral":0.81,"sir_Oral":1.234,"obs_Brain":0.0,"exp_Brain":0.57,"sir_Brain":0.0,"hlarea_Lung":1,"hlarea_Bladder":1,"hlarea_Esophagus":1,"hlarea_Oral":0,"hlarea_Brain":0,"hlarea_Mesothelioma":0,"merged_area":false,"doh_region":"360630234013"}},{"type":"Feature","geometry":{"type":"Polygon","coordinates":[[[-79.02775199999999,43.102975],[-79.02763,43.10273399999999],[-79.027553,43.102581],[-79.02747099999999,43.102402999999995],[-79.027318,43.10206699999999],[-79.02722800000001,43.10187099999999],[-79.027148,43.10169399999999],[-79.02731200000001,43.101631999999995],[-79.027408,43.10161599999999],[-79.02758299999999,43.10161799999999],[-79.028425,43.10163199999999],[-79.028927,43.101633],[-79.029376,43.10163399999999],[-79.030208,43.101639],[-79.032704,43.101654999999994],[-79.033536,43.101661],[-79.03405099999999,43.101663],[-79.035596,43.101669],[-79.036112,43.10167199999999],[-79.036111,43.10185],[-79.03611,43.10212699999999],[-79.036109,43.102387],[-79.036109,43.102567],[-79.03610499999999,43.102754000000004],[-79.03610100000002,43.10303699999999],[-79.036096,43.10331699999999],[-79.03609399999999,43.103505],[-79.035578,43.103498],[-79.034915,43.10349099999999],[-79.034033,43.103491],[-79.033518,43.103491],[-79.03148,43.10347499999999],[-79.030329,43.10346099999999],[-79.029392,43.103460999999996],[-79.02827599999999,43.103463999999995],[-79.027993,43.103463999999995],[-79.027992,43.10346099999999],[-79.027939,43.103348],[-79.02788799999999,43.103253],[-79.027835,43.103142999999996],[-79.02775199999999,43.102975]]]},"properties":{"geoid":"360630207002","name":"Block Group 2","pop":1260.0,"obs_Mesothelioma":0.0,"exp_Mesothelioma":0.043711646,"sir_Mesothelioma":0.0,"obs_Lung":4.0,"exp_Lung":3.3829646953,"sir_Lung":1.182,"obs_Bladder":0.0,"exp_Bladder":1.1845526801,"sir_Bladder":0.0,"obs_Esophagus":1.0,"exp_Esophagus":0.2558880423,"sir_Esophagus":3.908,"obs_Oral":1.0,"exp_Oral":0.60213125,"sir_Oral":1.661,"obs_Brain":0.0,"exp_Brain":0.400814039,"sir_Brain":0.0,"hlarea_Lung":1,"hlarea_Bladder":0,"hlarea_Esophagus":1,"hlarea_Oral":0,"hlarea_Brain":0,"hlarea_Mesothelioma":0,"doh_region":"36063DOH0003","merged_area":true,"merged_bg_count":2}},{"type":"Feature","geometry":{"type":"Polygon","coordinates":[[[-79.03357,43.097975000000005],[-79.03357199999999,43.09777899999999],[-79.033575,43.097500999999994],[-79.03357799999999,43.097193],[-79.03358,43.09706200000001],[-79.03358,43.097026],[-79.033581,43.09699799999999],[-79.03358399999999,43.096804999999996],[-79.033588,43.096557000000004],[-79.03359300000001,43.096228999999994],[-79.033595,43.096112000000005],[-79.033596,43.09607799999999],[-79.033597,43.09603800000001],[-79.033596,43.095851999999994],[-79.033595,43.095618],[-79.03359300000001,43.09529499999999],[-79.03359300000001,43.095109999999984],[-79.03375299999999,43.095108999999994],[-79.03380899999999,43.095108999999994],[-79.034235,43.09510699999999],[-79.034396,43.09510699999999],[-79.034643,43.095106],[-79.035012,43.09510499999999],[-79.035383,43.095102999999995],[-79.035631,43.095102999999995],[-79.035741,43.095101],[-79.03607199999999,43.095099000000005],[-79.036183,43.095099],[-79.036242,43.095098],[-79.03642099999999,43.095096999999996],[-79.036481,43.09509699999999],[-79.03672499999999,43.09509699999999],[-79.03711,43.095098],[-79.037457,43.09509799999999],[-79.037701,43.095099],[-79.037954,43.095096999999996],[-79.03832899999999,43.095095],[-79.038715,43.09509099999999],[-79.03896900000001,43.09508999999999],[-79.038971,43.095664000000006],[-79.038977,43.096884999999986],[-79.038979,43.097386],[-79.03898199999999,43.09796099999999],[-79.03898199999999,43.09802299999999],[-79.038984,43.098209999999995],[-79.038985,43.098273],[-79.038985,43.09843000000001],[-79.03898699999999,43.09890099999999],[-79.038988,43.099059],[-79.038991,43.099225],[-79.038997,43.099486999999996],[-79.039002,43.09972599999999],[-79.03900600000001,43.099892999999994],[-79.038736,43.09988999999999],[-79.037929,43.099883999999996],[-79.03766,43.099881999999994],[-79.037663,43.09968199999999],[-79.037668,43.09945299999999],[-79.037674,43.09908199999999],[-79.037678,43.098883],[-79.03737,43.098879],[-79.03675,43.098871],[-79.036447,43.098876999999995],[-79.03614,43.098884999999996],[-79.035708,43.09889499999999],[-79.035624,43.098894],[-79.034076,43.098893],[-79.03356099999999,43.098893],[-79.033562,43.09870899999999],[-79.033565,43.098456999999996],[-79.033568,43.098158000000005],[-79.03357,43.097975000000005]]]},"properties":{"geoid":"360630210003","name":"Block Group 3","pop":767.0,"obs_Mesothelioma":0.0,"exp_Mesothelioma":0.04,"sir_Mesothelioma":0.0,"obs_Lung":2.0,"exp_Lung":2.84,"sir_Lung":0.705,"obs_Bladder":0.0,"exp_Bladder":1.14,"sir_Bladder":0.0,"obs_Esophagus":0.0,"exp_Esophagus":0.22,"sir_Esophagus":0.0,"obs_Oral":1.0,"exp_Oral":0.48,"sir_Oral":2.065,"obs_Brain":0.0,"exp_Brain":0.28,"sir_Brain":0.0,"hlarea_Lung":1,"hlarea_Bladder":1,"hlarea_Esophagus":1,"hlarea_Oral":0,"hlarea_Brain":0,"hlarea_Mesothelioma":0,"merged_area":false,"doh_region":"360630210003"}},{"type":"Feature","geometry":{"type":"Polygon","coordinates":[[[-78.87268399999999,43.022943999999995],[-78.872731,43.022931],[-78.872508,43.022708],[-78.87235199999999,43.022572000000004],[-78.872168,43.022389],[-78.875553,43.02165599999999],[-78.875556,43.021654999999996],[-78.87625,43.02155799999999],[-78.877453,43.021653999999984],[-78.878022,43.02170299999998],[-78.879859,43.021855999999985],[-78.879961,43.021921],[-78.87997,43.021927999999996],[-78.880997,43.02250299999999],[-78.881378,43.02281999999999],[-78.88149,43.023230999999996],[-78.88167299999999,43.023684999999986],[-78.881851,43.023962],[-78.881903,43.024044],[-78.88195,43.024117000000004],[-78.881974,43.024155],[-78.88503800000001,43.022456],[-78.885364,43.02241799999999],[-78.886467,43.022310999999995],[-78.887762,43.02218699999998],[-78.890159,43.02195599999999],[-78.88995899999999,43.02455599999999],[-78.89010100000002,43.02519999999999],[-78.892059,43.034056],[-78.89096900000001,43.03435299999999],[-78.888759,43.03495599999999],[-78.88785899999999,43.03475600000001],[-78.887749,43.034685999999994],[-78.887711,43.034662000000004],[-78.886759,43.034055999999985],[-78.885239,43.033200999999984],[-78.883271,43.03209399999999],[-78.88167899999999,43.029584],[-78.881581,43.02942899999999],[-78.881327,43.02789],[-78.881157,43.027891],[-78.88064899999999,43.02789599999999],[-78.88047999999999,43.027899],[-78.88037299999999,43.027902],[-78.88023199999999,43.027905999999994],[-78.88007,43.02792199999998],[-78.880055,43.02792499999998],[-78.879952,43.027948],[-78.879803,43.027978],[-78.879356,43.02807],[-78.87920799999999,43.02810199999998],[-78.878972,43.02814999999999],[-78.878265,43.028293999999995],[-78.87803,43.02834299999999],[-78.877966,43.02832799999999],[-78.87798,43.028352],[-78.877968,43.02835499999999],[-78.877879,43.028372999999995],[-78.87748599999999,43.028453999999996],[-78.87630399999999,43.02869599999998],[-78.87610099999999,43.028738],[-78.87590999999999,43.02877699999999],[-78.875783,43.028802999999996],[-78.87512799999999,43.028935],[-78.874603,43.027583],[-78.874561,43.02747499999999],[-78.874549,43.027446],[-78.874471,43.027255],[-78.87445699999999,43.027212999999996],[-78.87441,43.027093],[-78.87414799999999,43.02642699999999],[-78.874045,43.02616599999999],[-78.873659,43.02517799999999],[-78.873176,43.02393799999998],[-78.872997,43.02348200000001],[-78.872968,43.023441],[-78.87271,43.02323299999999],[-78.87266699999999,43.023173],[-78.872569,43.02297600000001],[-78.87265699999999,43.022967],[-78.87268399999999,43.022943999999995]]]},"properties":{"geoid":"360630232003","name":"Block Group 3","pop":414.0,"obs_Mesothelioma":1.0,"exp_Mesothelioma":0.03,"sir_Mesothelioma":31.108,"obs_Lung":3.0,"exp_Lung":2.14,"sir_Lung":1.399,"obs_Bladder":1.0,"exp_Bladder":0.87,"sir_Bladder":1.155,"obs_Esophagus":1.0,"exp_Esophagus":0.17,"sir_Esophagus":5.761,"obs_Oral":1.0,"exp_Oral":0.37,"sir_Oral":2.712,"obs_Brain":0.0,"exp_Brain":0.19,"sir_Brain":0.0,"hlarea_Lung":1,"hlarea_Bladder":1,"hlarea_Esophagus":1,"hlarea_Oral":0,"hlarea_Brain":0,"hlarea_Mesothelioma":1,"merged_area":false,"doh_region":"360630232003"}},{"type":"Feature","geometry":{"type":"Polygon","coordinates":[[[-79.04149199999999,43.094631],[-79.041471,43.093833999999994],[-79.04146899999999,43.09376400000001],[-79.041461,43.09343799999999],[-79.04145199999999,43.093081000000005],[-79.04145,43.09302699999999],[-79.041421,43.091794],[-79.041421,43.09176300000001],[-79.041412,43.091383],[-79.04167199999999,43.09137],[-79.042452,43.091335],[-79.04271299999999,43.091323],[-79.042971,43.09131399999998],[-79.043745,43.091288],[-79.044004,43.09128],[-79.044263,43.09126799999999],[-79.04504,43.09123499999999],[-79.0453,43.091224999999994],[-79.045399,43.09122],[-79.04569599999999,43.09120699999999],[-79.045796,43.091203],[-79.045906,43.091197],[-79.046239,43.09118299999999],[-79.04634999999999,43.09117899999999],[-79.046613,43.09116799999999],[-79.047034,43.09115200000001],[-79.047405,43.091136999999996],[-79.047669,43.09112699999999],[-79.04793099999999,43.09111499999999],[-79.048338,43.091097999999995],[-79.048717,43.09108200000001],[-79.04898,43.09107099999999],[-79.049005,43.091488000000005],[-79.04907999999999,43.092739999999985],[-79.049105,43.09315799999999],[-79.049364,43.093146000000004],[-79.049764,43.09313],[-79.05014,43.09311299999999],[-79.05040000000001,43.093103000000006],[-79.05042399999999,43.093422],[-79.050497,43.09437899999999],[-79.050522,43.094697999999994],[-79.050133,43.09471399999999],[-79.04896699999999,43.09476300000001],[-79.04857899999999,43.09477999999999],[-79.04820000000001,43.09479399999999],[-79.04706399999999,43.094838],[-79.046686,43.09485299999999],[-79.046667,43.094853],[-79.04660899999999,43.09485599999999],[-79.04659099999999,43.09485699999999],[-79.046352,43.09486599999999],[-79.046041,43.094879999999996],[-79.04563700000001,43.09489599999999],[-79.045399,43.094907],[-79.045136,43.09491699999999],[-79.04476,43.094933],[-79.04435,43.09494999999999],[-79.044089,43.094961000000005],[-79.04404099999999,43.09496199999999],[-79.04390000000001,43.094967],[-79.043854,43.094969999999996],[-79.043641,43.094978],[-79.043004,43.09500399999999],[-79.04279199999999,43.095014],[-79.042536,43.09502299999998],[-79.04149799999999,43.09506699999999],[-79.041495,43.09474299999999],[-79.041494,43.094695999999985],[-79.04149199999999,43.094631]]]},"properties":{"geoid":"360630212004","name":"Block Group 4","pop":1072.0,"obs_Mesothelioma":0.0,"exp_Mesothelioma":0.08,"sir_Mesothelioma":0.0,"obs_Lung":6.0,"exp_Lung":4.91,"sir_Lung":1.223,"obs_Bladder":2.0,"exp_Bladder":2.08,"sir_Bladder":0.961,"obs_Esophagus":0.0,"exp_Esophagus":0.36,"sir_Esophagus":0.0,"obs_Oral":0.0,"exp_Oral":0.73,"sir_Oral":0.0,"obs_Brain":0.0,"exp_Brain":0.43,"sir_Brain":0.0,"hlarea_Lung":1,"hlarea_Bladder":0,"hlarea_Esophagus":1,"hlarea_Oral":0,"hlarea_Brain":0,"hlarea_Mesothelioma":0,"merged_area":false,"doh_region":"360630212004"}},{"type":"Feature","geometry":{"type":"Polygon","coordinates":[[[-79.02936199999999,43.0915],[-79.02936,43.09134099999999],[-79.029358,43.091101],[-79.029355,43.09086600000001],[-79.029354,43.090708],[-79.02935599999999,43.09054999999999],[-79.029364,43.090077],[-79.029367,43.08992],[-79.029367,43.089766000000004],[-79.02937,43.08930399999999],[-79.029371,43.089150999999994],[-79.029372,43.088992999999995],[-79.029375,43.088803999999996],[-79.029375,43.088756],[-79.029376,43.08851900000001],[-79.029378,43.08836199999998],[-79.02958699999999,43.088367000000005],[-79.03021700000001,43.08838399999999],[-79.030427,43.08838999999998],[-79.030658,43.088393999999994],[-79.031353,43.08840899999999],[-79.03158499999999,43.08841399999999],[-79.031888,43.08842099999999],[-79.032797,43.088441999999986],[-79.0331,43.088449000000004],[-79.03309899999999,43.08861],[-79.033097,43.08909599999998],[-79.033097,43.08925800000001],[-79.033093,43.089398],[-79.03308899999999,43.08958899999999],[-79.033093,43.089817999999994],[-79.033096,43.08995899999999],[-79.03309899999999,43.090262999999986],[-79.033108,43.09117699999998],[-79.03311099999999,43.091482],[-79.03311699999999,43.091881],[-79.033137,43.09308],[-79.033144,43.093479999999985],[-79.03290100000001,43.093481],[-79.032546,43.093483000000006],[-79.032175,43.093484999999994],[-79.031933,43.09348699999998],[-79.03169199999999,43.09348699999999],[-79.03134399999999,43.093489],[-79.03097,43.093489999999996],[-79.03072999999999,43.093492],[-79.030718,43.09309099999999],[-79.030718,43.093078000000006],[-79.030695,43.09188899999999],[-79.03068800000001,43.091488999999996],[-79.030637,43.09148899999999],[-79.030487,43.09148899999999],[-79.03043699999999,43.09149],[-79.030221,43.091491],[-79.02999299999999,43.091494],[-79.029577,43.09149699999998],[-79.02936199999999,43.0915]]]},"properties":{"geoid":"360630214003","name":"Block Group 3","pop":1193.0,"obs_Mesothelioma":1.0,"exp_Mesothelioma":0.0753888204,"sir_Mesothelioma":13.265,"obs_Lung":5.0,"exp_Lung":4.6272529554,"sir_Lung":1.081,"obs_Bladder":2.0,"exp_Bladder":1.8840048251,"sir_Bladder":1.062,"obs_Esophagus":1.0,"exp_Esophagus":0.3519543319,"sir_Esophagus":2.841,"obs_Oral":1.0,"exp_Oral":0.7445259776,"sir_Oral":1.343,"obs_Brain":1.0,"exp_Brain":0.44210273,"sir_Brain":2.262,"hlarea_Lung":1,"hlarea_Bladder":1,"hlarea_Esophagus":1,"hlarea_Oral":0,"hlarea_Brain":0,"hlarea_Mesothelioma":0,"doh_region":"36063DOH0300","merged_area":true,"merged_bg_count":2}},{"type":"Feature","geometry":{"type":"Polygon","coordinates":[[[-79.02876599999999,43.09149699999999],[-79.02886800000002,43.091498],[-79.029116,43.091499000000006],[-79.02936199999999,43.0915],[-79.029577,43.09149699999998],[-79.02999299999999,43.091494],[-79.030221,43.091491],[-79.03043699999999,43.09149],[-79.030487,43.09148899999999],[-79.030637,43.09148899999999],[-79.03068800000001,43.091488999999996],[-79.030695,43.09188899999999],[-79.030718,43.093078000000006],[-79.030718,43.09309099999999],[-79.03072999999999,43.093492],[-79.03097,43.093489999999996],[-79.03134399999999,43.093489],[-79.03169199999999,43.09348699999999],[-79.031933,43.09348699999998],[-79.032175,43.093484999999994],[-79.032546,43.093483000000006],[-79.03290100000001,43.093481],[-79.033144,43.093479999999985],[-79.033153,43.09380600000001],[-79.033183,43.094784999999995],[-79.033194,43.095112],[-79.032949,43.09511399999999],[-79.032563,43.09511799999999],[-79.032214,43.09511999999999],[-79.03196899999999,43.09512300000001],[-79.03173000000001,43.095123],[-79.031369,43.09512299999999],[-79.031014,43.09512300000001],[-79.030776,43.09512299999999],[-79.030507,43.09512399999999],[-79.030084,43.09512599999999],[-79.029702,43.09512699999999],[-79.029434,43.09512799999999],[-79.029191,43.095127999999995],[-79.028849,43.095129],[-79.02846199999999,43.09512899999999],[-79.02821999999999,43.095130000000005],[-79.027969,43.095130000000005],[-79.02761500000001,43.09513099999999],[-79.027219,43.095131999999985],[-79.02697,43.09513299999998],[-79.026724,43.09513399999999],[-79.026354,43.09513700000001],[-79.025987,43.095139],[-79.025742,43.095141000000005],[-79.02482599999999,43.095141000000005],[-79.02447,43.095143],[-79.024248,43.095144999999995],[-79.024226,43.09509499999999],[-79.023558,43.093537],[-79.02345700000001,43.093544000000016],[-79.02315200000001,43.09287499999999],[-79.023099,43.09274],[-79.02307,43.092666],[-79.02295699999999,43.09233],[-79.022911,43.092194000000006],[-79.022863,43.092056],[-79.022719,43.09164200000001],[-79.022672,43.091504],[-79.023662,43.091507],[-79.02389199999999,43.091508000000005],[-79.024748,43.091499],[-79.025682,43.091497000000004],[-79.025925,43.09149599999999],[-79.02628,43.09149599999999],[-79.026654,43.091494],[-79.026898,43.091494],[-79.02714499999999,43.091494],[-79.027507,43.091494],[-79.02788699999999,43.091494],[-79.02813499999999,43.09149399999999],[-79.02838,43.091494999999995],[-79.02876599999999,43.09149699999999]]]},"properties":{"geoid":"360630214001","name":"Block Group 1","pop":763.0,"obs_Mesothelioma":0.0,"exp_Mesothelioma":0.06,"sir_Mesothelioma":0.0,"obs_Lung":10.0,"exp_Lung":3.56,"sir_Lung":2.813,"obs_Bladder":3.0,"exp_Bladder":1.43,"sir_Bladder":2.103,"obs_Esophagus":0.0,"exp_Esophagus":0.27,"sir_Esophagus":0.0,"obs_Oral":1.0,"exp_Oral":0.56,"sir_Oral":1.79,"obs_Brain":1.0,"exp_Brain":0.31,"sir_Brain":3.217,"hlarea_Lung":1,"hlarea_Bladder":1,"hlarea_Esophagus":1,"hlarea_Oral":0,"hlarea_Brain":0,"hlarea_Mesothelioma":0,"merged_area":false,"doh_region":"360630214001"}},{"type":"Feature","geometry":{"type":"Polygon","coordinates":[[[-79.031841,43.111962999999996],[-79.03159699999999,43.111408],[-79.031438,43.111045],[-79.031357,43.110877],[-79.031115,43.110372],[-79.031035,43.110205],[-79.030956,43.110043000000005],[-79.03071899999999,43.109559999999995],[-79.03063999999999,43.109398999999996],[-79.03056699999999,43.10923999999999],[-79.03035,43.10876299999999],[-79.030278,43.10860399999999],[-79.030214,43.108460999999984],[-79.030076,43.108147],[-79.030025,43.108031999999994],[-79.029962,43.10789],[-79.029941,43.107842],[-79.029881,43.107701000000006],[-79.029862,43.107654],[-79.029935,43.107654999999994],[-79.030585,43.107662],[-79.03125299999999,43.10767],[-79.032754,43.10766999999999],[-79.033478,43.10766999999999],[-79.034728,43.10767800000001],[-79.036057,43.10767499999999],[-79.03605499999999,43.10786099999999],[-79.036052,43.108155999999994],[-79.03604899999999,43.10841999999999],[-79.036048,43.108607],[-79.036243,43.108607],[-79.036829,43.108609],[-79.037025,43.10861],[-79.037077,43.10879099999999],[-79.03708,43.10880099999999],[-79.037207,43.109340999999986],[-79.037251,43.109525],[-79.037289,43.109684],[-79.03739,43.11010399999999],[-79.037404,43.110161999999974],[-79.037443,43.110322],[-79.03744800000001,43.11034300000001],[-79.037463,43.11040900000001],[-79.037469,43.110431000000005],[-79.03750000000001,43.110577],[-79.037539,43.11075699999999],[-79.037593,43.111015999999985],[-79.03762499999999,43.11116299999999],[-79.037663,43.11149899999999],[-79.03784399999999,43.111641999999996],[-79.037866,43.111706],[-79.03788899999999,43.11176999999999],[-79.03791,43.11182999999999],[-79.037899,43.11190399999999],[-79.03788999999999,43.111973],[-79.037746,43.111994],[-79.03731499999999,43.11206],[-79.037307,43.11206199999999],[-79.037172,43.11208299999999],[-79.036501,43.11219499999999],[-79.036427,43.112206],[-79.034395,43.112514999999995],[-79.034188,43.11254799999999],[-79.033444,43.11267],[-79.03320099999999,43.112708999999995],[-79.032472,43.112827],[-79.032298,43.112856],[-79.03223,43.112866999999994],[-79.032214,43.112837000000006],[-79.032189,43.112776999999994],[-79.032157,43.11270100000001],[-79.032077,43.112508999999996],[-79.032073,43.11250099999999],[-79.032049,43.11244699999999],[-79.031959,43.11222999999999],[-79.031841,43.111962999999996]]]},"properties":{"geoid":"360630204001","name":"Block Group 1","pop":690.0,"obs_Mesothelioma":0.0,"exp_Mesothelioma":0.05,"sir_Mesothelioma":0.0,"obs_Lung":6.0,"exp_Lung":2.76,"sir_Lung":2.174,"obs_Bladder":1.0,"exp_Bladder":1.15,"sir_Bladder":0.868,"obs_Esophagus":0.0,"exp_Esophagus":0.21,"sir_Esophagus":0.0,"obs_Oral":0.0,"exp_Oral":0.45,"sir_Oral":0.0,"obs_Brain":0.0,"exp_Brain":0.26,"sir_Brain":0.0,"hlarea_Lung":1,"hlarea_Bladder":0,"hlarea_Esophagus":1,"hlarea_Oral":0,"hlarea_Brain":0,"hlarea_Mesothelioma":0,"merged_area":false,"doh_region":"360630204001"}},{"type":"Feature","geometry":{"type":"Polygon","coordinates":[[[-78.82504899999999,43.133095999999995],[-78.824218,43.13311900000001],[-78.82398900000001,43.133120999999996],[-78.820548,43.133165999999996],[-78.81951,43.133181],[-78.81393,43.133261999999995],[-78.811256,43.13328099999999],[-78.80570999999999,43.133343999999994],[-78.80289400000001,43.13336299999999],[-78.802044,43.133368999999995],[-78.797356,43.13338499999999],[-78.797024,43.13338499999999],[-78.796031,43.13338499999998],[-78.79570000000001,43.13338599999999],[-78.795337,43.13338699999999],[-78.794247,43.133393],[-78.793885,43.133395],[-78.791905,43.13340000000001],[-78.788826,43.13340800000001],[-78.78796,43.133417],[-78.78596499999999,43.133413999999995],[-78.784525,43.133411999999986],[-78.78432099999999,43.133412],[-78.783986,43.133410999999995],[-78.78224399999999,43.13341799999999],[-78.780833,43.13340799999999],[-78.77879899999999,43.133408],[-78.77849700000002,43.133407],[-78.77056499999999,43.133398],[-78.769859,43.133394],[-78.762213,43.13333499999998],[-78.76203300000002,43.133333],[-78.758321,43.13329299999999],[-78.756545,43.13328299999999],[-78.756198,43.133283],[-78.756174,43.133283999999996],[-78.75515899999999,43.13327399999999],[-78.754813,43.13327099999999],[-78.751503,43.133241],[-78.748402,43.133213000000005],[-78.745279,43.133193999999996],[-78.74157199999999,43.133165],[-78.740596,43.133157999999995],[-78.738376,43.13312899999999],[-78.738263,43.133128],[-78.735889,43.13310299999999],[-78.728767,43.133029],[-78.728154,43.133022999999994],[-78.726393,43.133012],[-78.726297,43.13300999999999],[-78.726011,43.133004],[-78.725916,43.13300299999999],[-78.72586000000001,43.13300099999999],[-78.725798,43.13300000000002],[-78.72569299999999,43.132998],[-78.72563799999999,43.13299699999999],[-78.726766,43.13121799999998],[-78.727126,43.13065299999999],[-78.729549,43.12688699999999],[-78.730193,43.125907999999995],[-78.730842,43.12492499999999],[-78.73133899999999,43.12414099999998],[-78.73170999999999,43.123566999999994],[-78.732627,43.12215],[-78.73281999999999,43.12184399999998],[-78.733105,43.121394],[-78.733186,43.121266999999996],[-78.733719,43.120424],[-78.733817,43.12026099999999],[-78.735669,43.117214999999995],[-78.73621399999999,43.116319],[-78.73627599999999,43.116195000000005],[-78.736328,43.116089999999986],[-78.736486,43.11577799999999],[-78.736539,43.115674000000006],[-78.73658499999999,43.11558199999999],[-78.736845,43.115120000000005],[-78.73711999999999,43.114633],[-78.737811,43.11348699999999],[-78.73813899999999,43.112945999999994],[-78.738281,43.11294199999998],[-78.73849799999999,43.112936],[-78.738709,43.11293099999999],[-78.738798,43.112928999999994],[-78.738852,43.112928],[-78.738874,43.112927],[-78.738877,43.112927000000006],[-78.73894299999999,43.11292399999999],[-78.73896599999999,43.11292299999999],[-78.7423,43.112846],[-78.742466,43.11284299999999],[-78.748706,43.112731],[-78.752937,43.112671999999996],[-78.752968,43.11267099999999],[-78.753818,43.11264599999999],[-78.756367,43.112609000000006],[-78.756469,43.11260699999999],[-78.757137,43.112590999999995],[-78.765727,43.112514999999995],[-78.77037299999999,43.112474],[-78.771611,43.112457000000006],[-78.772987,43.11244799999999],[-78.772998,43.11244799999999],[-78.773155,43.11244999999999],[-78.776192,43.112415000000006],[-78.777762,43.11238999999999],[-78.77875499999999,43.11238899999999],[-78.779579,43.11237699999999],[-78.77995299999999,43.11234999999999],[-78.780334,43.112297],[-78.780503,43.11225999999999],[-78.780914,43.11214399999999],[-78.781082,43.11208],[-78.78138,43.111945999999996],[-78.78173799999999,43.11174799999999],[-78.787415,43.108353],[-78.788208,43.10784899999998],[-78.788673,43.107517],[-78.788994,43.10725799999999],[-78.78989399999999,43.10645699999999],[-78.791504,43.105053],[-78.792397,43.10425199999998],[-78.794151,43.10269199999999],[-78.794647,43.102237999999986],[-78.796189,43.100872999999986],[-78.796279,43.10079999999999],[-78.796919,43.10033199999999],[-78.79786299999999,43.09970599999999],[-78.798313,43.099408999999994],[-78.799821,43.09844799999999],[-78.80291299999999,43.09653699999999],[-78.803052,43.09645299999999],[-78.804805,43.095405],[-78.80684699999999,43.094151999999994],[-78.808578,43.093115],[-78.809842,43.09235999999999],[-78.810581,43.091893999999996],[-78.812156,43.090850999999994],[-78.81285199999999,43.090406],[-78.815742,43.088499999999996],[-78.81617899999999,43.088227999999994],[-78.819131,43.08621199999998],[-78.819648,43.085853],[-78.82053599999999,43.08523799999999],[-78.82110999999999,43.08486399999999],[-78.822499,43.083906000000006],[-78.82328,43.083346],[-78.823285,43.083459999999995],[-78.8233,43.08380199999999],[-78.82330499999999,43.08391699999999],[-78.82330999999999,43.08403499999999],[-78.82331099999999,43.084121999999994],[-78.823313,43.084195999999984],[-78.823314,43.084279999999985],[-78.82332,43.08450599999999],[-78.823329,43.084738],[-78.823337,43.084944],[-78.823376,43.086129],[-78.82338,43.086254],[-78.823506,43.090180999999994],[-78.823506,43.090184999999984],[-78.82354099999999,43.09149600000001],[-78.82375499999999,43.09889400000001],[-78.823809,43.100455],[-78.823833,43.10151499999999],[-78.823995,43.106417],[-78.824001,43.106663],[-78.824063,43.108269],[-78.82427899999999,43.11382499999999],[-78.82435199999999,43.115677000000005],[-78.824353,43.115708],[-78.824356,43.11580199999999],[-78.82435799999999,43.11583399999999],[-78.824361,43.115913],[-78.82437,43.116150999999995],[-78.824373,43.11623099999999],[-78.82437399999999,43.116262],[-78.82437999999999,43.11654999999999],[-78.824412,43.11745500000001],[-78.824469,43.119057999999995],[-78.82455499999999,43.12112700000001],[-78.824606,43.122350999999995],[-78.824696,43.12432099999999],[-78.824703,43.12449900000001],[-78.82496499999999,43.130945999999994],[-78.825012,43.132076],[-78.82502900000001,43.132566999999995],[-78.82504899999999,43.133095999999995]]]},"properties":{"geoid":"360630227024","name":"Block Group 4","pop":1625.0,"obs_Mesothelioma":1.0,"exp_Mesothelioma":0.1,"sir_Mesothelioma":9.91,"obs_Lung":5.0,"exp_Lung":6.55,"sir_Lung":0.763,"obs_Bladder":4.0,"exp_Bladder":2.62,"sir_Bladder":1.527,"obs_Esophagus":1.0,"exp_Esophagus":0.54,"sir_Esophagus":1.849,"obs_Oral":0.0,"exp_Oral":1.17,"sir_Oral":0.0,"obs_Brain":0.0,"exp_Brain":0.64,"sir_Brain":0.0,"hlarea_Lung":0,"hlarea_Bladder":0,"hlarea_Esophagus":1,"hlarea_Oral":0,"hlarea_Brain":0,"hlarea_Mesothelioma":0,"merged_area":false,"doh_region":"360630227024"}},{"type":"Feature","geometry":{"type":"Polygon","coordinates":[[[-78.733105,43.121394],[-78.73281999999999,43.12184399999998],[-78.732627,43.12215],[-78.73170999999999,43.123566999999994],[-78.73133899999999,43.12414099999998],[-78.730842,43.12492499999999],[-78.730193,43.125907999999995],[-78.729549,43.12688699999999],[-78.727126,43.13065299999999],[-78.726766,43.13121799999998],[-78.72563799999999,43.13299699999999],[-78.725298,43.13299099999999],[-78.72428099999999,43.132973],[-78.723942,43.132968],[-78.72243499999999,43.132950999999984],[-78.72197899999999,43.132946000000004],[-78.718346,43.132923999999996],[-78.717914,43.132918000000004],[-78.716518,43.132901999999994],[-78.716408,43.13290099999999],[-78.71623199999999,43.13289899999999],[-78.715704,43.13289299999999],[-78.71552899999999,43.13289099999999],[-78.715149,43.132886],[-78.714939,43.132884],[-78.71400899999999,43.13287100000001],[-78.71363,43.13286599999999],[-78.713276,43.132860999999984],[-78.713028,43.132853999999995],[-78.71206099999999,43.13282900000001],[-78.71140199999999,43.13282399999999],[-78.711222,43.13281999999999],[-78.710621,43.132809],[-78.708309,43.132729000000005],[-78.707842,43.13271299999999],[-78.706909,43.132668999999986],[-78.701374,43.132540000000006],[-78.699063,43.132487000000005],[-78.698628,43.132476000000004],[-78.69732499999999,43.132446],[-78.696891,43.132436],[-78.696889,43.132216],[-78.696883,43.131556],[-78.696881,43.131336999999995],[-78.69688,43.130831],[-78.696882,43.130463999999996],[-78.696884,43.12997099999999],[-78.696884,43.12959399999999],[-78.696884,43.128817999999995],[-78.696884,43.128763000000006],[-78.696884,43.125909],[-78.696884,43.125619],[-78.696883,43.12536],[-78.69688,43.124207999999996],[-78.69688,43.123993999999996],[-78.69688,43.123622999999995],[-78.69688,43.123036],[-78.696874,43.121871],[-78.696872,43.12128699999998],[-78.696865,43.121171999999994],[-78.69686399999999,43.12029199999999],[-78.696863,43.11730999999998],[-78.696863,43.11672500000001],[-78.69686399999999,43.116316],[-78.69686399999999,43.116198999999995],[-78.69686399999999,43.11584699999999],[-78.696865,43.115731],[-78.696865,43.11539599999998],[-78.696867,43.114393],[-78.696868,43.114059],[-78.696868,43.113906],[-78.69686999999999,43.11344799999999],[-78.696872,43.113296],[-78.696873,43.11293999999999],[-78.696878,43.11187399999999],[-78.69688,43.11167999999999],[-78.69688,43.11151899999999],[-78.69688,43.111471],[-78.69688,43.11132800000001],[-78.69688,43.111280999999984],[-78.69687900000001,43.10957],[-78.69687900000001,43.104438999999985],[-78.69687900000001,43.103750000000005],[-78.69687900000001,43.10272899999999],[-78.696877,43.102198],[-78.696874,43.100604999999995],[-78.696873,43.100075],[-78.696874,43.09936799999999],[-78.69688,43.09724599999999],[-78.696882,43.09654],[-78.696883,43.095348],[-78.69688699999999,43.091775000000005],[-78.696889,43.090584],[-78.696889,43.09051799999999],[-78.696889,43.09031999999999],[-78.696889,43.09025399999999],[-78.696889,43.089752999999995],[-78.696891,43.088809000000005],[-78.696895,43.08824999999999],[-78.696899,43.08774999999999],[-78.696895,43.087467],[-78.69689,43.08709199999999],[-78.6969,43.086619000000006],[-78.696906,43.08633699999999],[-78.697296,43.08632999999999],[-78.697426,43.086344],[-78.69817900000001,43.086565],[-78.69901999999999,43.086823],[-78.699089,43.08684199999999],[-78.699478,43.08688399999999],[-78.699699,43.08686099999999],[-78.70114099999999,43.08666600000001],[-78.702057,43.086605000000006],[-78.702393,43.086594000000005],[-78.702682,43.086600999999995],[-78.703079,43.08664299999999],[-78.703346,43.08669700000001],[-78.70406299999999,43.086876],[-78.704405,43.086921],[-78.705513,43.08700899999999],[-78.705805,43.087031999999994],[-78.70702399999999,43.086983],[-78.707321,43.08694799999999],[-78.707511,43.086890999999994],[-78.70776599999999,43.08671400000001],[-78.707893,43.086555000000004],[-78.707962,43.08640299999998],[-78.707999,43.08625199999999],[-78.708,43.086044],[-78.708015,43.08561099999999],[-78.70801999999999,43.085062],[-78.70803099999999,43.084877],[-78.70805399999999,43.084720999999995],[-78.708193,43.084208],[-78.708351,43.08389299999999],[-78.708629,43.083422999999996],[-78.708834,43.08317999999999],[-78.709048,43.08293399999999],[-78.70948800000001,43.082581],[-78.709625,43.08251999999999],[-78.711058,43.082263999999995],[-78.71120499999999,43.08224899999999],[-78.71135699999999,43.082259999999984],[-78.711548,43.08229800000001],[-78.71174599999999,43.082352],[-78.713516,43.083014999999996],[-78.713776,43.083102999999994],[-78.71418,43.08319899999999],[-78.714479,43.083236],[-78.714767,43.08323699999998],[-78.715218,43.083183],[-78.7155,43.083092],[-78.715735,43.082995999999994],[-78.715942,43.08289],[-78.716095,43.082786999999996],[-78.716438,43.082516000000005],[-78.716499,43.082454999999996],[-78.716728,43.08222299999999],[-78.717071,43.08186],[-78.71713299999999,43.081801999999996],[-78.717377,43.081646000000006],[-78.717766,43.081448],[-78.71803299999999,43.08132899999999],[-78.71831499999999,43.081226],[-78.718903,43.081078000000005],[-78.719048,43.081055000000006],[-78.71920999999999,43.081068],[-78.719368,43.081089],[-78.71987899999999,43.081199999999995],[-78.720337,43.081364],[-78.720449,43.081437999999984],[-78.72056599999999,43.08150899999999],[-78.720665,43.081608],[-78.72080199999999,43.08182499999999],[-78.721458,43.083179],[-78.72174799999999,43.08364099999999],[-78.722008,43.083942],[-78.72212999999999,43.08408],[-78.722298,43.084229],[-78.722382,43.084286000000006],[-78.72245,43.084327999999985],[-78.72282400000002,43.084484],[-78.72299699999999,43.08459699999998],[-78.723625,43.085194],[-78.723816,43.08534600000001],[-78.724014,43.08546099999999],[-78.724251,43.08554499999998],[-78.72451,43.08562099999999],[-78.72670699999999,43.08608999999999],[-78.72692099999999,43.08614],[-78.72724199999999,43.086200999999996],[-78.72745599999999,43.08622299999999],[-78.72764699999999,43.08622],[-78.727982,43.08617399999999],[-78.72828600000001,43.086079],[-78.729477,43.08549899999999],[-78.73008,43.08526199999999],[-78.730774,43.085007],[-78.731178,43.08490399999999],[-78.73249799999999,43.084599],[-78.73297099999999,43.084453999999994],[-78.733606,43.08421899999999],[-78.73373,43.084392],[-78.733729,43.084506],[-78.733721,43.084531],[-78.733678,43.08468],[-78.733356,43.085528000000004],[-78.733231,43.085858999999985],[-78.73319099999999,43.08593899999999],[-78.73289,43.08690199999999],[-78.732647,43.08786899999999],[-78.73262799999999,43.087949],[-78.732507,43.08828799999999],[-78.732004,43.090094999999984],[-78.73147,43.09180299999999],[-78.73125499999999,43.092785000000006],[-78.73118900000001,43.093281],[-78.731161,43.093889999999995],[-78.73116499999999,43.09395299999999],[-78.73120399999999,43.09452700000001],[-78.731374,43.095150000000004],[-78.73174,43.095943999999996],[-78.732703,43.098154],[-78.732869,43.09853400000001],[-78.733308,43.099426],[-78.733748,43.10003100000001],[-78.73394499999999,43.100252999999995],[-78.734431,43.100736000000005],[-78.73563899999999,43.101747999999986],[-78.737394,43.10315200000001],[-78.73759900000002,43.10333000000001],[-78.738305,43.10394399999999],[-78.738749,43.104495],[-78.739189,43.10512599999999],[-78.739237,43.105194999999995],[-78.739458,43.10565599999998],[-78.739757,43.106200999999984],[-78.739885,43.10649499999999],[-78.739921,43.106640999999996],[-78.740073,43.107248],[-78.74009,43.10790999999999],[-78.73980499999999,43.109493],[-78.739369,43.11085999999999],[-78.73918499999999,43.111261],[-78.739109,43.11140299999999],[-78.739036,43.111515],[-78.73848,43.112382000000004],[-78.73813899999999,43.112945999999994],[-78.737811,43.11348699999999],[-78.73711999999999,43.114633],[-78.736845,43.115120000000005],[-78.73658499999999,43.11558199999999],[-78.736539,43.115674000000006],[-78.736486,43.11577799999999],[-78.736328,43.116089999999986],[-78.73627599999999,43.116195000000005],[-78.73621399999999,43.116319],[-78.735669,43.117214999999995],[-78.733817,43.12026099999999],[-78.733719,43.120424],[-78.733186,43.121266999999996],[-78.733105,43.121394]]]},"properties":{"geoid":"360630227021","name":"Block Group 1","pop":1144.0,"obs_Mesothelioma":0.0,"exp_Mesothelioma":0.06,"sir_Mesothelioma":0.0,"obs_Lung":7.0,"exp_Lung":4.26,"sir_Lung":1.644,"obs_Bladder":4.0,"exp_Bladder":1.67,"sir_Bladder":2.396,"obs_Esophagus":0.0,"exp_Esophagus":0.35,"sir_Esophagus":0.0,"obs_Oral":2.0,"exp_Oral":0.79,"sir_Oral":2.516,"obs_Brain":1.0,"exp_Brain":0.44,"sir_Brain":2.293,"hlarea_Lung":1,"hlarea_Bladder":1,"hlarea_Esophagus":1,"hlarea_Oral":0,"hlarea_Brain":0,"hlarea_Mesothelioma":0,"merged_area":false,"doh_region":"360630227021"}},{"type":"Feature","geometry":{"type":"Polygon","coordinates":[[[-78.85103099999999,43.079710999999996],[-78.85099799999999,43.08286],[-78.850985,43.084188999999995],[-78.84959599999999,43.08419099999999],[-78.84802599999999,43.084199],[-78.847984,43.084199],[-78.846475,43.08421699999999],[-78.842659,43.084241999999996],[-78.838983,43.084278999999995],[-78.835983,43.084311],[-78.83598599999999,43.0844],[-78.835995,43.08466699999999],[-78.835999,43.084756999999996],[-78.834865,43.084779],[-78.83146599999999,43.08484500000001],[-78.83095999999999,43.08485499999998],[-78.830333,43.08486200000001],[-78.828651,43.08486899999999],[-78.827878,43.084876],[-78.827131,43.084866],[-78.82559200000001,43.084894999999996],[-78.823337,43.084944],[-78.823329,43.084738],[-78.82332,43.08450599999999],[-78.823314,43.084279999999985],[-78.823313,43.084195999999984],[-78.82331099999999,43.084121999999994],[-78.82330999999999,43.08403499999999],[-78.82330499999999,43.08391699999999],[-78.8233,43.08380199999999],[-78.823285,43.083459999999995],[-78.82328,43.083346],[-78.82325000000002,43.08268599999998],[-78.823163,43.080709],[-78.823135,43.080050000000014],[-78.823128,43.07985699999999],[-78.823107,43.079280999999995],[-78.82310000000001,43.079089],[-78.82307899999999,43.078734],[-78.82307399999999,43.078606],[-78.82302299999999,43.07715599999999],[-78.82300699999999,43.076673],[-78.822841,43.071386],[-78.822783,43.069871],[-78.82277900000001,43.06978199999999],[-78.82277599999999,43.06971299999999],[-78.822768,43.069534000000004],[-78.822746,43.06892599999999],[-78.822679,43.067069],[-78.822671,43.066568],[-78.822667,43.06628399999998],[-78.82266,43.06578199999999],[-78.822622,43.064144999999996],[-78.82257899999999,43.06228999999999],[-78.822501,43.05923599999999],[-78.822495,43.058989],[-78.822475,43.0576],[-78.822463,43.056568],[-78.822428,43.053474],[-78.822418,43.05258],[-78.822401,43.052481],[-78.822385,43.052448],[-78.82236,43.052299999999995],[-78.822285,43.05185699999999],[-78.822261,43.05171],[-78.82227999999999,43.05167899999999],[-78.82233699999999,43.051587],[-78.822357,43.051556999999995],[-78.82665399999999,43.051671999999996],[-78.826785,43.051643],[-78.826881,43.05161999999999],[-78.827962,43.05161599999999],[-78.828406,43.051457000000006],[-78.82914400000001,43.05135699999998],[-78.82963699999999,43.051048],[-78.830415,43.05079299999998],[-78.83126,43.050245999999994],[-78.83124099999999,43.050366999999994],[-78.831186,43.050731000000006],[-78.83116799999999,43.05085299999999],[-78.83117299999999,43.05089999999999],[-78.831189,43.051041999999995],[-78.831195,43.05108999999999],[-78.831225,43.05135900000001],[-78.831225,43.051400999999984],[-78.831232,43.051775],[-78.831187,43.05206899999998],[-78.831133,43.05233199999999],[-78.831071,43.05264],[-78.83105400000001,43.05272599999999],[-78.831029,43.052869999999984],[-78.831025,43.053103],[-78.830972,43.053442],[-78.83087800000001,43.054062999999985],[-78.83080000000001,43.05444199999998],[-78.830739,43.05465999999999],[-78.830731,43.05503899999999],[-78.830743,43.055332],[-78.830784,43.055529],[-78.830902,43.055816],[-78.83090399999999,43.055822],[-78.831029,43.05618399999998],[-78.831197,43.056577999999995],[-78.831226,43.05665599999999],[-78.83126700000001,43.056737],[-78.831381,43.056877],[-78.831471,43.05696100000001],[-78.831594,43.057024000000006],[-78.831673,43.05704599999999],[-78.831801,43.05708299999999],[-78.832137,43.05719399999999],[-78.83300799999999,43.057702],[-78.833401,43.057919999999996],[-78.833539,43.05798099999999],[-78.833925,43.05815399999999],[-78.833957,43.058189],[-78.834019,43.05837199999999],[-78.83404300000001,43.058399],[-78.834195,43.058423999999995],[-78.83430299999999,43.058429999999994],[-78.834476,43.058440000000004],[-78.83473699999999,43.058476],[-78.83509,43.058480999999986],[-78.835353,43.058485999999995],[-78.835652,43.058567999999994],[-78.836204,43.05876299999999],[-78.836625,43.058947999999994],[-78.83680900000002,43.05916299999999],[-78.836953,43.059276999999994],[-78.837153,43.059402],[-78.837265,43.05944100000001],[-78.837394,43.05946099999999],[-78.837564,43.05946699999999],[-78.838143,43.059473000000004],[-78.838149,43.059474],[-78.838368,43.059445],[-78.838454,43.05945899999999],[-78.83860899999999,43.059516],[-78.839118,43.05982600000001],[-78.83958299999999,43.060127],[-78.839744,43.060263],[-78.83981899999999,43.060345999999996],[-78.84040399999999,43.06091399999999],[-78.84075299999999,43.06127299999999],[-78.84149099999999,43.061893],[-78.841507,43.061909],[-78.84197499999999,43.06234299999999],[-78.842516,43.062896],[-78.84252,43.062901999999994],[-78.842895,43.063309999999994],[-78.843074,43.063474],[-78.843127,43.063527],[-78.843718,43.064121],[-78.844097,43.06453199999999],[-78.844145,43.064591],[-78.84429,43.06476800000001],[-78.844312,43.06479499999999],[-78.844335,43.064830999999984],[-78.84445099999999,43.065012999999986],[-78.844554,43.06517399999999],[-78.84476099999999,43.06558199999999],[-78.84486,43.065774999999995],[-78.844987,43.06608],[-78.845143,43.066345999999996],[-78.845209,43.066458000000004],[-78.84540799999999,43.066749],[-78.845654,43.067077],[-78.845884,43.067281],[-78.846091,43.067433],[-78.84647600000001,43.067688],[-78.84674199999999,43.06786399999999],[-78.846869,43.067948],[-78.847014,43.06803399999999],[-78.84734000000002,43.068225000000005],[-78.847915,43.06852399999999],[-78.848747,43.068924],[-78.849963,43.069509],[-78.850955,43.069967999999996],[-78.850955,43.070009999999996],[-78.850956,43.07035499999999],[-78.850978,43.07314299999999],[-78.850987,43.073764],[-78.850996,43.074422999999996],[-78.85100299999999,43.074957999999995],[-78.851004,43.075047],[-78.85102599999999,43.076541999999996],[-78.851029,43.076921],[-78.851035,43.077546],[-78.851044,43.07851799999999],[-78.85104,43.07887399999999],[-78.85103099999999,43.079710999999996]]]},"properties":{"geoid":"360630227116","name":"Block Group 6","pop":3047.0,"obs_Mesothelioma":3.0,"exp_Mesothelioma":0.19,"sir_Mesothelioma":15.466,"obs_Lung":22.0,"exp_Lung":13.1,"sir_Lung":1.68,"obs_Bladder":3.0,"exp_Bladder":5.01,"sir_Bladder":0.599,"obs_Esophagus":1.0,"exp_Esophagus":0.96,"sir_Esophagus":1.039,"obs_Oral":0.0,"exp_Oral":2.02,"sir_Oral":0.0,"obs_Brain":1.0,"exp_Brain":1.2,"sir_Brain":0.833,"hlarea_Lung":0,"hlarea_Bladder":0,"hlarea_Esophagus":1,"hlarea_Oral":0,"hlarea_Brain":0,"hlarea_Mesothelioma":0,"merged_area":false,"doh_region":"360630227116"}},{"type":"Feature","geometry":{"type":"Polygon","coordinates":[[[-78.850985,43.084188999999995],[-78.85099799999999,43.08286],[-78.85103099999999,43.079710999999996],[-78.85104,43.07887399999999],[-78.851044,43.07851799999999],[-78.851035,43.077546],[-78.851029,43.076921],[-78.85102599999999,43.076541999999996],[-78.851004,43.075047],[-78.85100299999999,43.074957999999995],[-78.850996,43.074422999999996],[-78.850987,43.073764],[-78.850978,43.07314299999999],[-78.850956,43.07035499999999],[-78.850955,43.070009999999996],[-78.850955,43.069967999999996],[-78.849963,43.069509],[-78.848747,43.068924],[-78.847915,43.06852399999999],[-78.84734000000002,43.068225000000005],[-78.847014,43.06803399999999],[-78.847107,43.06803999999999],[-78.847388,43.068058],[-78.847482,43.068064],[-78.847574,43.068115999999996],[-78.847814,43.06826099999999],[-78.847915,43.068323],[-78.848241,43.06849699999999],[-78.84884799999999,43.068785999999996],[-78.849198,43.06895299999999],[-78.849233,43.06897],[-78.849963,43.06932700000001],[-78.850959,43.069795],[-78.85172899999999,43.070147],[-78.85423,43.07114999999999],[-78.85600000000002,43.071906999999996],[-78.856281,43.07203299999999],[-78.856906,43.072358],[-78.85781999999999,43.072874],[-78.86012500000001,43.07414199999999],[-78.861572,43.074915000000004],[-78.861949,43.075128],[-78.86238999999999,43.0754],[-78.8626,43.075534999999995],[-78.863744,43.076405999999984],[-78.864278,43.076775999999995],[-78.864589,43.076964000000004],[-78.864904,43.07712999999998],[-78.865242,43.077295],[-78.86586,43.07756199999999],[-78.86586799999999,43.07788099999999],[-78.86587,43.07915699999999],[-78.86587,43.079243999999996],[-78.86587,43.079505999999995],[-78.865871,43.079594],[-78.865872,43.079693999999996],[-78.865876,43.079993999999985],[-78.865878,43.080093999999995],[-78.865888,43.08083399999999],[-78.86592,43.083056],[-78.865931,43.08379699999999],[-78.865956,43.08510799999999],[-78.866034,43.089043],[-78.86604,43.08933299999999],[-78.86607599999999,43.090354999999995],[-78.866085,43.09053099999999],[-78.866112,43.091061999999994],[-78.86612099999999,43.09123899999999],[-78.866131,43.091446999999995],[-78.866162,43.09207399999999],[-78.866173,43.092282999999995],[-78.866186,43.092557],[-78.866226,43.09337899999999],[-78.86623999999999,43.093654],[-78.866387,43.09661499999999],[-78.866388,43.09665299999998],[-78.86643099999999,43.09759999999999],[-78.86655499999999,43.10017499999999],[-78.86662199999999,43.102377999999995],[-78.866644,43.102689],[-78.866687,43.102951999999995],[-78.86678599999999,43.103328],[-78.866849,43.103494000000005],[-78.867654,43.105356],[-78.867696,43.10545299999999],[-78.868894,43.10820699999999],[-78.869278,43.10908099999999],[-78.869473,43.109566],[-78.869484,43.10960199999999],[-78.86962199999999,43.11005199999999],[-78.869709,43.110425],[-78.86975699999999,43.110688],[-78.869799,43.11109199999999],[-78.869875,43.11242],[-78.869933,43.114109],[-78.869986,43.115624],[-78.86822699999999,43.11557799999999],[-78.867766,43.11558099999999],[-78.86110699999999,43.115635],[-78.858888,43.11565299999999],[-78.85732999999999,43.115660000000005],[-78.85457099999999,43.115673],[-78.84161999999999,43.115736999999996],[-78.837304,43.115759],[-78.837203,43.113786999999995],[-78.83712799999999,43.112320999999994],[-78.836998,43.10994799999999],[-78.83695399999999,43.10899699999998],[-78.836871,43.107871999999986],[-78.83685,43.107572],[-78.83677200000001,43.10590099999999],[-78.834216,43.10600899999999],[-78.833586,43.10603599999999],[-78.82655,43.106315],[-78.823995,43.106417],[-78.823833,43.10151499999999],[-78.823809,43.100455],[-78.82375499999999,43.09889400000001],[-78.82354099999999,43.09149600000001],[-78.823506,43.090184999999984],[-78.823506,43.090180999999994],[-78.82338,43.086254],[-78.823376,43.086129],[-78.823337,43.084944],[-78.82559200000001,43.084894999999996],[-78.827131,43.084866],[-78.827878,43.084876],[-78.828651,43.08486899999999],[-78.830333,43.08486200000001],[-78.83095999999999,43.08485499999998],[-78.83146599999999,43.08484500000001],[-78.834865,43.084779],[-78.835999,43.084756999999996],[-78.835995,43.08466699999999],[-78.83598599999999,43.0844],[-78.835983,43.084311],[-78.838983,43.084278999999995],[-78.842659,43.084241999999996],[-78.846475,43.08421699999999],[-78.847984,43.084199],[-78.84802599999999,43.084199],[-78.84959599999999,43.08419099999999],[-78.850985,43.084188999999995]]]},"properties":{"geoid":"360630227113","name":"Block Group 3","pop":2100.0,"obs_Mesothelioma":0.0,"exp_Mesothelioma":0.13,"sir_Mesothelioma":0.0,"obs_Lung":7.0,"exp_Lung":7.8,"sir_Lung":0.897,"obs_Bladder":4.0,"exp_Bladder":3.27,"sir_Bladder":1.224,"obs_Esophagus":2.0,"exp_Esophagus":0.62,"sir_Esophagus":3.209,"obs_Oral":1.0,"exp_Oral":1.33,"sir_Oral":0.754,"obs_Brain":3.0,"exp_Brain":0.78,"sir_Brain":3.834,"hlarea_Lung":0,"hlarea_Bladder":0,"hlarea_Esophagus":1,"hlarea_Oral":0,"hlarea_Brain":0,"hlarea_Mesothelioma":0,"merged_area":false,"doh_region":"360630227113"}},{"type":"Feature","geometry":{"type":"Polygon","coordinates":[[[-78.82502900000001,43.132566999999995],[-78.825012,43.132076],[-78.82496499999999,43.130945999999994],[-78.824703,43.12449900000001],[-78.824696,43.12432099999999],[-78.824606,43.122350999999995],[-78.82455499999999,43.12112700000001],[-78.824469,43.119057999999995],[-78.824412,43.11745500000001],[-78.82437999999999,43.11654999999999],[-78.82437399999999,43.116262],[-78.824373,43.11623099999999],[-78.82437,43.116150999999995],[-78.824361,43.115913],[-78.82435799999999,43.11583399999999],[-78.824356,43.11580199999999],[-78.824353,43.115708],[-78.82435199999999,43.115677000000005],[-78.82427899999999,43.11382499999999],[-78.824063,43.108269],[-78.824001,43.106663],[-78.823995,43.106417],[-78.82655,43.106315],[-78.833586,43.10603599999999],[-78.834216,43.10600899999999],[-78.83677200000001,43.10590099999999],[-78.83685,43.107572],[-78.836871,43.107871999999986],[-78.83695399999999,43.10899699999998],[-78.836998,43.10994799999999],[-78.83712799999999,43.112320999999994],[-78.837203,43.113786999999995],[-78.837304,43.115759],[-78.84161999999999,43.115736999999996],[-78.85457099999999,43.115673],[-78.85732999999999,43.115660000000005],[-78.858888,43.11565299999999],[-78.86110699999999,43.115635],[-78.867766,43.11558099999999],[-78.86822699999999,43.11557799999999],[-78.869986,43.115624],[-78.86998899999999,43.115724],[-78.87,43.116023999999996],[-78.870004,43.116125],[-78.870038,43.117154],[-78.870143,43.12024399999999],[-78.870178,43.121273999999985],[-78.87281600000001,43.12126799999999],[-78.87407,43.121266],[-78.875338,43.12126099999999],[-78.88073299999999,43.12125899999999],[-78.88337299999999,43.121258999999995],[-78.88369300000001,43.12125899999998],[-78.88465599999999,43.12125899999999],[-78.88497699999999,43.12125899999999],[-78.885959,43.121261],[-78.886439,43.12126200000001],[-78.888908,43.121269],[-78.889637,43.12127199999999],[-78.88989099999999,43.121269],[-78.889889,43.12155500000001],[-78.889883,43.12182500000001],[-78.88982299999999,43.122961999999994],[-78.889793,43.123456000000004],[-78.88940000000001,43.130012999999984],[-78.889369,43.13053099999999],[-78.889268,43.13219899999999],[-78.8884,43.13219199999999],[-78.885798,43.13217199999999],[-78.884931,43.132166],[-78.883465,43.13217100000001],[-78.88271999999999,43.13217499999999],[-78.881196,43.13219199999999],[-78.879071,43.132196],[-78.877606,43.13219999999999],[-78.87545999999999,43.132206999999994],[-78.872104,43.13221799999999],[-78.869953,43.13221899999999],[-78.869025,43.13222999999999],[-78.86769199999999,43.132247],[-78.86688,43.13225899999999],[-78.865561,43.132272],[-78.865404,43.132273999999995],[-78.862464,43.13232399999999],[-78.861249,43.132335999999995],[-78.860978,43.13233799999999],[-78.85950299999999,43.13235499999999],[-78.859184,43.13235900000001],[-78.85857899999999,43.132364999999986],[-78.855807,43.13239399999999],[-78.854884,43.13240499999999],[-78.851563,43.132480999999984],[-78.841601,43.13271099999999],[-78.838281,43.132789],[-78.829511,43.13276199999999],[-78.827424,43.132756],[-78.82703699999999,43.13285099999999],[-78.826956,43.13286599999999],[-78.82655,43.132946999999994],[-78.826151,43.133001],[-78.825955,43.13302899999999],[-78.82552799999999,43.133064999999995],[-78.825352,43.133079999999985],[-78.82504899999999,43.133095999999995],[-78.82502900000001,43.132566999999995]]]},"properties":{"geoid":"360630227115","name":"Block Group 5","pop":1247.0,"obs_Mesothelioma":1.0,"exp_Mesothelioma":0.08,"sir_Mesothelioma":13.124,"obs_Lung":4.0,"exp_Lung":5.31,"sir_Lung":0.753,"obs_Bladder":1.0,"exp_Bladder":2.02,"sir_Bladder":0.495,"obs_Esophagus":1.0,"exp_Esophagus":0.42,"sir_Esophagus":2.406,"obs_Oral":3.0,"exp_Oral":0.9,"sir_Oral":3.335,"obs_Brain":0.0,"exp_Brain":0.5,"sir_Brain":0.0,"hlarea_Lung":0,"hlarea_Bladder":0,"hlarea_Esophagus":1,"hlarea_Oral":0,"hlarea_Brain":0,"hlarea_Mesothelioma":0,"merged_area":false,"doh_region":"360630227115"}},{"type":"Feature","geometry":{"type":"Polygon","coordinates":[[[-78.68513800000001,43.111582],[-78.683741,43.111507999999986],[-78.683354,43.11148699999999],[-78.682281,43.111431],[-78.68094099999999,43.111356],[-78.680486,43.111339],[-78.680446,43.111994],[-78.68034999999999,43.113912000000006],[-78.680244,43.115781999999996],[-78.680227,43.11607199999999],[-78.680161,43.117277],[-78.680138,43.11782199999999],[-78.68011000000001,43.118462],[-78.680105,43.11859],[-78.680043,43.119782],[-78.68001199999999,43.120151],[-78.680011,43.120151],[-78.68000099999999,43.12038299999999],[-78.679971,43.121024],[-78.679947,43.121483],[-78.679879,43.122859999999996],[-78.679856,43.12332],[-78.67981499999999,43.124185999999995],[-78.679777,43.12500199999999],[-78.679673,43.12678599999998],[-78.679641,43.127356999999996],[-78.679625,43.127455],[-78.679583,43.12764699999999],[-78.67939299999999,43.12850199999999],[-78.67937100000002,43.12860599999999],[-78.679271,43.128905999999986],[-78.67848,43.13096499999998],[-78.678445,43.13105799999999],[-78.67817699999999,43.131788],[-78.67818799999999,43.131882],[-78.678288,43.13205899999999],[-78.678483,43.132318000000005],[-78.678698,43.13262199999999],[-78.678921,43.133038],[-78.678848,43.13306399999999],[-78.678754,43.13311499999999],[-78.67869499999999,43.13317299999999],[-78.67863,43.133326],[-78.67857099999999,43.13354499999999],[-78.678511,43.13366499999999],[-78.67845299999999,43.133715999999986],[-78.678347,43.13376400000001],[-78.678142,43.133822],[-78.677887,43.13386899999999],[-78.677713,43.133886999999994],[-78.677315,43.133905999999996],[-78.676907,43.13390599999999],[-78.67646800000001,43.13388799999999],[-78.676253,43.133877999999996],[-78.675964,43.13386499999999],[-78.67548599999999,43.13384499999999],[-78.674138,43.133824],[-78.674053,43.13385299999999],[-78.674009,43.134001999999995],[-78.674016,43.13476699999999],[-78.67406799999999,43.13659199999999],[-78.674154,43.137539],[-78.67416899999999,43.13881799999999],[-78.674129,43.13888399999998],[-78.674056,43.138942],[-78.673892,43.138982],[-78.673458,43.138982000000006],[-78.672433,43.138923999999996],[-78.669204,43.138819999999996],[-78.669089,43.13881500000001],[-78.666405,43.13871899999999],[-78.66452799999999,43.13912],[-78.663097,43.139427],[-78.663146,43.14003399999999],[-78.66324399999999,43.14123],[-78.666877,43.141344000000004],[-78.674048,43.14159199999999],[-78.67412499999999,43.141594],[-78.678843,43.14175300000001],[-78.67849,43.141978],[-78.67845,43.14203599999999],[-78.678421,43.142137999999996],[-78.67841299999999,43.142228999999986],[-78.678541,43.14289799999998],[-78.678603,43.14298199999999],[-78.678891,43.14320099999999],[-78.678947,43.14327000000001],[-78.678963,43.14330299999999],[-78.679009,43.143405],[-78.679046,43.143572],[-78.679093,43.143882000000005],[-78.679093,43.143972999999995],[-78.67904999999999,43.144053],[-78.678816,43.14425699999998],[-78.67877399999999,43.14432299999999],[-78.678705,43.144366999999995],[-78.678614,43.14439600000001],[-78.678567,43.144428999999995],[-78.67852599999999,43.14447599999999],[-78.678479,43.144690999999995],[-78.678337,43.14489499999999],[-78.678198,43.145026],[-78.678027,43.14529599999999],[-78.67781500000001,43.145514],[-78.67776099999999,43.14560900000001],[-78.677688,43.14580599999999],[-78.677594,43.14602699999999],[-78.677464,43.146331],[-78.67707899999999,43.147042000000006],[-78.676768,43.147517],[-78.676684,43.14764599999998],[-78.67662899999999,43.147724999999994],[-78.676594,43.14787899999999],[-78.67656000000001,43.14792],[-78.676332,43.148049999999984],[-78.67621799999999,43.14809999999999],[-78.676172,43.148137000000006],[-78.675995,43.14859499999999],[-78.675778,43.14911599999999],[-78.675618,43.149454],[-78.67531,43.150295],[-78.67503599999999,43.15051899999999],[-78.67466499999999,43.15074],[-78.674539,43.15085200000001],[-78.674516,43.150906000000006],[-78.674493,43.15119399999998],[-78.674491,43.151247],[-78.674459,43.151937000000004],[-78.67441199999999,43.15222],[-78.674373,43.15271],[-78.674217,43.153361999999994],[-78.674585,43.15353799999999],[-78.673237,43.15347],[-78.673211,43.153469],[-78.672178,43.153427],[-78.669978,43.15332899999999],[-78.669225,43.153298],[-78.66919299999999,43.153296],[-78.667846,43.15322999999999],[-78.66779199999999,43.153226999999994],[-78.667631,43.15322],[-78.66757799999999,43.153217999999995],[-78.66587,43.153140999999984],[-78.665539,43.15311899999999],[-78.66496099999999,43.15308099999999],[-78.664287,43.153065000000005],[-78.66307499999999,43.15300999999999],[-78.663068,43.15372599999999],[-78.663051,43.155874999999995],[-78.663045,43.156591999999996],[-78.663045,43.15660299999998],[-78.663045,43.156638],[-78.663045,43.156650000000006],[-78.663045,43.156662999999995],[-78.663045,43.15670300000001],[-78.663045,43.15671699999999],[-78.66305299999999,43.157281999999995],[-78.66305899999999,43.157633],[-78.663078,43.157807999999996],[-78.663071,43.158302],[-78.663071,43.15863799999999],[-78.663071,43.158978999999995],[-78.663072,43.15902],[-78.663056,43.15938299999999],[-78.663032,43.15944899999999],[-78.662981,43.159524999999995],[-78.66268699999999,43.159301],[-78.661153,43.158121],[-78.659593,43.156922],[-78.65921999999999,43.156579000000015],[-78.65892300000002,43.15625299999999],[-78.657026,43.154075999999996],[-78.656162,43.15308399999999],[-78.65576000000001,43.152614],[-78.655642,43.15247699999999],[-78.65529,43.152066],[-78.65517299999999,43.15193],[-78.654669,43.151361999999985],[-78.654556,43.151233999999995],[-78.654218,43.150881999999996],[-78.65385200000001,43.150542999999985],[-78.65357999999999,43.15032199999999],[-78.653093,43.150002],[-78.65293199999999,43.14990699999999],[-78.652602,43.149711999999994],[-78.65226,43.149558999999996],[-78.65176,43.149349],[-78.650657,43.14895599999999],[-78.649914,43.148703],[-78.648409,43.14819099999998],[-78.647347,43.14780799999998],[-78.645168,43.14706199999999],[-78.644105,43.14668799999999],[-78.642831,43.146259],[-78.641993,43.145976999999995],[-78.640463,43.145466],[-78.640225,43.14538799999998],[-78.63951399999999,43.14515399999999],[-78.63927699999999,43.14507699999999],[-78.63925100000002,43.14415599999999],[-78.639175,43.141393],[-78.639164,43.14099299999999],[-78.639141,43.140473],[-78.639111,43.139773999999996],[-78.63903800000001,43.13852599999999],[-78.638772,43.133973],[-78.63868699999999,43.132687],[-78.63855900000001,43.130742000000005],[-78.638555,43.130687999999985],[-78.63854599999999,43.13052899999999],[-78.638543,43.130475999999994],[-78.639215,43.130497999999996],[-78.640461,43.130540999999994],[-78.641234,43.130561],[-78.641907,43.130579],[-78.64252599999999,43.130594999999985],[-78.64351099999999,43.13062699999999],[-78.644294,43.13065399999999],[-78.648325,43.130783],[-78.64993,43.130835000000005],[-78.650621,43.13085899999999],[-78.652694,43.130931999999994],[-78.653385,43.13095699999999],[-78.653682,43.13096600000001],[-78.654573,43.130993000000004],[-78.65487,43.131001999999995],[-78.65512799999999,43.130067999999994],[-78.65590399999999,43.127266],[-78.65616299999999,43.12633299999999],[-78.65633,43.125727999999995],[-78.656831,43.12391499999999],[-78.656959,43.12345599999999],[-78.65701,43.12331399999999],[-78.657034,43.12324499999998],[-78.65711499999999,43.12310599999999],[-78.65926499999999,43.120180999999995],[-78.660122,43.118993999999994],[-78.66032,43.118690999999984],[-78.660529,43.118280999999996],[-78.660601,43.118089999999995],[-78.660673,43.117802999999995],[-78.66071199999999,43.117484999999995],[-78.66073,43.11684299999999],[-78.66072799999999,43.11589],[-78.660758,43.112572],[-78.660748,43.110838],[-78.66197,43.110858],[-78.662168,43.11083899999998],[-78.662221,43.110817],[-78.662331,43.110729],[-78.662385,43.11063600000001],[-78.662403,43.11054199999999],[-78.662402,43.10959700000001],[-78.662418,43.109301999999985],[-78.662449,43.10919199999999],[-78.66251,43.109092],[-78.662598,43.109007999999996],[-78.66281099999999,43.108893999999985],[-78.664884,43.107988],[-78.665564,43.107683],[-78.666259,43.107384999999994],[-78.667143,43.106984000000004],[-78.668386,43.106432],[-78.671748,43.104972999999994],[-78.671982,43.104872],[-78.672275,43.10476799999999],[-78.67254799999999,43.104705],[-78.675636,43.104278],[-78.676402,43.10418199999999],[-78.677241,43.104065999999996],[-78.67876199999999,43.103877999999995],[-78.679194,43.103811],[-78.679339,43.103764],[-78.679422,43.10370899999999],[-78.67944899999999,43.103669],[-78.679467,43.10360099999998],[-78.67947699999999,43.101946],[-78.679463,43.101426],[-78.67944,43.097563000000015],[-78.679467,43.09745199999999],[-78.679509,43.09736099999999],[-78.679605,43.097257],[-78.68024299999999,43.096844999999995],[-78.681061,43.09632],[-78.681249,43.09621],[-78.68142,43.09613099999999],[-78.68157699999999,43.09607599999998],[-78.681839,43.096058000000006],[-78.682515,43.09608],[-78.68505400000001,43.096206999999985],[-78.685204,43.09621399999999],[-78.68565400000001,43.09623499999999],[-78.685805,43.096242],[-78.687842,43.096303999999996],[-78.68802,43.096309],[-78.69239,43.096433999999995],[-78.69292,43.09644300000001],[-78.69466600000001,43.096486],[-78.69474799999999,43.096489],[-78.696185,43.09653400000001],[-78.69681,43.09654],[-78.696882,43.09654],[-78.69688,43.09724599999999],[-78.696874,43.09936799999999],[-78.696873,43.100075],[-78.696874,43.100604999999995],[-78.696877,43.102198],[-78.69687900000001,43.10272899999999],[-78.69687900000001,43.103750000000005],[-78.69687900000001,43.104438999999985],[-78.69687900000001,43.10957],[-78.69688,43.111280999999984],[-78.69688,43.11132800000001],[-78.69688,43.111471],[-78.69688,43.11151899999999],[-78.69688,43.11167999999999],[-78.696878,43.11187399999999],[-78.696873,43.11293999999999],[-78.696872,43.113296],[-78.69686999999999,43.11344799999999],[-78.696868,43.113906],[-78.696868,43.114059],[-78.696613,43.11401499999999],[-78.696441,43.11397099999999],[-78.695172,43.11365],[-78.69475,43.113544],[-78.694655,43.113519999999994],[-78.694442,43.113465000000005],[-78.69352099999999,43.113226999999995],[-78.693215,43.113147999999995],[-78.693131,43.113125999999994],[-78.69280499999999,43.113041999999986],[-78.691575,43.112728000000004],[-78.691166,43.11262399999998],[-78.690963,43.11257199999999],[-78.690354,43.112417],[-78.690151,43.112366],[-78.689696,43.11224999999999],[-78.688332,43.11190200000001],[-78.68813999999999,43.111852999999996],[-78.687876,43.111793999999996],[-78.68746399999999,43.11171799999999],[-78.687333,43.11170599999999],[-78.68703099999999,43.11167999999999],[-78.685687,43.11161],[-78.68513800000001,43.111582]]]},"properties":{"geoid":"360630234041","name":"Block Group 1","pop":2765.0,"obs_Mesothelioma":1.0,"exp_Mesothelioma":0.11,"sir_Mesothelioma":8.706,"obs_Lung":9.0,"exp_Lung":7.62,"sir_Lung":1.181,"obs_Bladder":4.0,"exp_Bladder":2.98,"sir_Bladder":1.341,"obs_Esophagus":0.0,"exp_Esophagus":0.63,"sir_Esophagus":0.0,"obs_Oral":2.0,"exp_Oral":1.43,"sir_Oral":1.402,"obs_Brain":2.0,"exp_Brain":0.9,"sir_Brain":2.215,"hlarea_Lung":1,"hlarea_Bladder":1,"hlarea_Esophagus":0,"hlarea_Oral":0,"hlarea_Brain":0,"hlarea_Mesothelioma":0,"merged_area":false,"doh_region":"360630234041"}},{"type":"Feature","geometry":{"type":"Polygon","coordinates":[[[-78.85967699999999,43.022611999999995],[-78.86099300000001,43.02284699999999],[-78.86110000000001,43.022865999999986],[-78.861257,43.022875],[-78.861257,43.02288899999999],[-78.86125899999999,43.022931],[-78.861266,43.02303399999999],[-78.861268,43.023101999999994],[-78.861269,43.02311399999999],[-78.86126999999999,43.02315899999999],[-78.861269,43.023203999999986],[-78.861268,43.023227999999996],[-78.86126399999999,43.023435000000006],[-78.86126399999999,43.02350499999999],[-78.861189,43.02349299999999],[-78.861139,43.023485],[-78.86104,43.023468999999984],[-78.860765,43.02342399999999],[-78.86064100000002,43.02340499999999],[-78.859966,43.023292999999995],[-78.858599,43.02306799999999],[-78.857945,43.022952999999994],[-78.857879,43.02294199999999],[-78.857277,43.02281099999998],[-78.857036,43.022756],[-78.856709,43.022676000000004],[-78.856312,43.02258],[-78.855764,43.022417000000004],[-78.855319,43.022248999999995],[-78.85505200000001,43.022126],[-78.85490999999999,43.022060999999994],[-78.854687,43.021952],[-78.854531,43.021865],[-78.853929,43.021536],[-78.853872,43.021505],[-78.853563,43.02135799999999],[-78.85336500000001,43.02129299999999],[-78.853175,43.02124999999999],[-78.852736,43.021211],[-78.85193400000001,43.02117],[-78.85125,43.02113599999999],[-78.85093599999999,43.02111999999998],[-78.849997,43.021074999999996],[-78.84968400000001,43.021060999999996],[-78.84969199999999,43.021660999999995],[-78.84969799999999,43.02182999999999],[-78.849791,43.024136999999996],[-78.849822,43.02490599999999],[-78.849845,43.02556499999999],[-78.849914,43.02754399999999],[-78.849937,43.028203999999995],[-78.849957,43.028752999999995],[-78.85001799999999,43.03036300000001],[-78.85001799999999,43.030401],[-78.850032,43.03095099999999],[-78.85034399999999,43.03094399999999],[-78.85083,43.030933999999995],[-78.85127899999999,43.030896999999996],[-78.851591,43.030873],[-78.85186399999999,43.030848999999996],[-78.85222399999999,43.030818999999994],[-78.852688,43.030811],[-78.852963,43.030806999999996],[-78.85320399999999,43.030805],[-78.853684,43.030804],[-78.853927,43.030794],[-78.854169,43.030786],[-78.85423,43.03078099999999],[-78.854401,43.03077899999999],[-78.855097,43.03077199999999],[-78.85533,43.03076999999999],[-78.855426,43.03076899999999],[-78.85571499999999,43.030769],[-78.855812,43.03076899999999],[-78.855814,43.03116],[-78.85582,43.032332999999994],[-78.855822,43.03272399999999],[-78.855822,43.03277099999998],[-78.855823,43.032913999999984],[-78.855824,43.03296199999998],[-78.855824,43.033232],[-78.855825,43.034042],[-78.855826,43.034313000000004],[-78.855824,43.034456999999996],[-78.855819,43.034890999999995],[-78.855818,43.03503599999999],[-78.855819,43.03517699999999],[-78.855822,43.03560000000001],[-78.855824,43.035741],[-78.854475,43.035742],[-78.85043,43.03574799999999],[-78.84994999999999,43.035748999999996],[-78.849082,43.03575099999999],[-78.84646,43.035762000000005],[-78.844977,43.03577899999999],[-78.83491699999999,43.035902],[-78.832664,43.035932999999986],[-78.828915,43.03598699999999],[-78.82856,43.03599899999998],[-78.828143,43.036004],[-78.82689200000002,43.036019999999986],[-78.826476,43.036026],[-78.826376,43.036024999999995],[-78.82619,43.03602399999999],[-78.826079,43.036026],[-78.82598,43.036027999999995],[-78.825953,43.03595500000001],[-78.825366,43.03365600000001],[-78.825682,43.03310499999999],[-78.826475,43.031969],[-78.827438,43.03123199999999],[-78.828599,43.03052699999999],[-78.828805,43.030139],[-78.83018899999999,43.029661999999995],[-78.830473,43.029157],[-78.830731,43.028867],[-78.831818,43.02614200000001],[-78.83267,43.02514299999999],[-78.833258,43.02429300000001],[-78.83334599999999,43.02416499999999],[-78.833619,43.02395],[-78.837366,43.02100399999999],[-78.83935,43.019453],[-78.840431,43.01918699999999],[-78.841745,43.01886299999998],[-78.845478,43.019376],[-78.84611,43.01946099999999],[-78.849188,43.01933799999999],[-78.851249,43.019254],[-78.85266899999999,43.01961899999999],[-78.856557,43.022054999999995],[-78.85710399999999,43.02215399999999],[-78.85967699999999,43.022611999999995]]]},"properties":{"geoid":"360630233002","name":"Block Group 2","pop":2381.0,"obs_Mesothelioma":0.0,"exp_Mesothelioma":0.18,"sir_Mesothelioma":0.0,"obs_Lung":23.0,"exp_Lung":11.71,"sir_Lung":1.965,"obs_Bladder":1.0,"exp_Bladder":4.7,"sir_Bladder":0.213,"obs_Esophagus":1.0,"exp_Esophagus":0.91,"sir_Esophagus":1.095,"obs_Oral":4.0,"exp_Oral":1.92,"sir_Oral":2.089,"obs_Brain":1.0,"exp_Brain":1.02,"sir_Brain":0.976,"hlarea_Lung":1,"hlarea_Bladder":0,"hlarea_Esophagus":1,"hlarea_Oral":0,"hlarea_Brain":0,"hlarea_Mesothelioma":0,"merged_area":false,"doh_region":"360630233002"}},{"type":"Feature","geometry":{"type":"Polygon","coordinates":[[[-78.972358,43.07949500000001],[-78.972309,43.07949099999998],[-78.972265,43.07948699999999],[-78.97213599999999,43.079477999999995],[-78.972093,43.079474999999995],[-78.97184299999999,43.079457],[-78.971094,43.079404999999994],[-78.971086,43.079404999999994],[-78.970845,43.07938899999999],[-78.970846,43.079351],[-78.97084799999999,43.07928999999999],[-78.970854,43.07923999999999],[-78.97085899999999,43.079203],[-78.970883,43.079056999999985],[-78.970974,43.07906099999998],[-78.971317,43.079079],[-78.97129799999999,43.07870199999999],[-78.97128599999999,43.07846299999999],[-78.971518,43.07845999999999],[-78.972218,43.07845100000001],[-78.97245099999999,43.078449],[-78.972453,43.078547],[-78.972453,43.078574999999994],[-78.97246299999999,43.07895299999999],[-78.972465,43.079004],[-78.97248499999999,43.079077],[-78.972537,43.079097],[-78.972706,43.0791],[-78.973252,43.07911000000001],[-78.973383,43.07911799999999],[-78.97348199999999,43.07912399999999],[-78.973609,43.079121],[-78.973642,43.07907799999999],[-78.973659,43.079002999999986],[-78.973655,43.07883799999999],[-78.97363399999999,43.07795199999999],[-78.973627,43.077656999999995],[-78.973625,43.077591999999996],[-78.97362,43.07739699999999],[-78.973619,43.077332],[-78.973609,43.07703899999999],[-78.973585,43.076235],[-78.97358400000002,43.076163],[-78.97358400000002,43.07587099999999],[-78.97358299999999,43.075554],[-78.973581,43.07476599999999],[-78.973576,43.074605999999996],[-78.973569,43.07429099999999],[-78.973761,43.074257],[-78.97380799999999,43.074250000000006],[-78.97453,43.07414899999999],[-78.97477099999999,43.07411599999999],[-78.974993,43.07408799999999],[-78.975661,43.07400699999999],[-78.975884,43.07397999999999],[-78.976117,43.07395299999999],[-78.97619,43.07394499999999],[-78.976818,43.07389599999999],[-78.977053,43.07387799999999],[-78.977532,43.073843999999994],[-78.97874900000001,43.07375999999999],[-78.97896899999999,43.073745],[-78.979449,43.073713],[-78.979693,43.073699000000005],[-78.980098,43.07367699999998],[-78.980425,43.073668999999995],[-78.980435,43.07366899999999],[-78.98067,43.073680999999986],[-78.980886,43.0737],[-78.98093899999999,43.073705],[-78.98153099999999,43.073798],[-78.981746,43.07383299999999],[-78.981746,43.074197999999996],[-78.981746,43.075295999999994],[-78.981747,43.07566199999999],[-78.981746,43.076021],[-78.981743,43.07710099999999],[-78.981743,43.077462000000004],[-78.981743,43.07783599999999],[-78.981743,43.07895899999999],[-78.981743,43.07933399999999],[-78.981743,43.07949500000001],[-78.98174499999999,43.079968],[-78.98174499999999,43.07998],[-78.98174499999999,43.08005099999998],[-78.98174499999999,43.080142],[-78.981579,43.080131999999985],[-78.9815,43.08012699999999],[-78.980777,43.08008099999999],[-78.980768,43.080079999999995],[-78.980524,43.08006299999999],[-78.980378,43.080053],[-78.98029199999999,43.080045999999996],[-78.980031,43.080028],[-78.979599,43.079994],[-78.979368,43.07997700000001],[-78.97869299999999,43.079927],[-78.977251,43.07982299999999],[-78.976667,43.07978999999999],[-78.97636000000001,43.079772999999996],[-78.97599199999999,43.07975099999998],[-78.975586,43.079719999999995],[-78.97525499999999,43.07969699999999],[-78.974509,43.07964799999998],[-78.973354,43.079560999999984],[-78.973045,43.07954000000001],[-78.972358,43.07949500000001]]]},"properties":{"geoid":"360630222003","name":"Block Group 3","pop":1282.0,"obs_Mesothelioma":0.0,"exp_Mesothelioma":0.06,"sir_Mesothelioma":0.0,"obs_Lung":13.0,"exp_Lung":4.21,"sir_Lung":3.09,"obs_Bladder":2.0,"exp_Bladder":1.61,"sir_Bladder":1.245,"obs_Esophagus":3.0,"exp_Esophagus":0.33,"sir_Esophagus":9.043,"obs_Oral":3.0,"exp_Oral":0.74,"sir_Oral":4.033,"obs_Brain":1.0,"exp_Brain":0.45,"sir_Brain":2.238,"hlarea_Lung":1,"hlarea_Bladder":1,"hlarea_Esophagus":1,"hlarea_Oral":0,"hlarea_Brain":0,"hlarea_Mesothelioma":0,"merged_area":false,"doh_region":"360630222003"}},{"type":"Feature","geometry":{"type":"Polygon","coordinates":[[[-79.009485,43.093506],[-79.009193,43.093436000000004],[-79.009023,43.093394999999994],[-79.008922,43.09340299999999],[-79.008781,43.09336599999999],[-79.008788,43.092086999999985],[-79.00880900000001,43.088806000000005],[-79.00880900000001,43.088253],[-79.00881199999999,43.08697499999999],[-79.01050699999999,43.086964999999985],[-79.01249299999999,43.086954],[-79.013088,43.086954],[-79.015594,43.08694599999999],[-79.01729,43.08694199999999],[-79.01739599999999,43.08694199999999],[-79.017715,43.086942],[-79.017822,43.08694299999999],[-79.018044,43.086939999999984],[-79.018376,43.08693799999998],[-79.01871299999999,43.086934],[-79.018936,43.08693199999999],[-79.019278,43.086929999999995],[-79.019886,43.086928],[-79.02030599999999,43.086926],[-79.02064899999999,43.086925],[-79.02069,43.08701399999998],[-79.020776,43.087201],[-79.021064,43.08783799999999],[-79.021214,43.08817399999999],[-79.021261,43.088283],[-79.02140299999999,43.08861],[-79.021451,43.08871899999999],[-79.02151,43.088857999999995],[-79.021688,43.089275],[-79.021748,43.08941499999999],[-79.021808,43.08955100000001],[-79.02199,43.08996200000001],[-79.02205099999999,43.09009899999999],[-79.022115,43.09023699999999],[-79.022308,43.09065299999998],[-79.022373,43.090792],[-79.02243899999999,43.09093099999998],[-79.022465,43.090984999999996],[-79.02261399999999,43.09135999999999],[-79.022672,43.091504],[-79.022719,43.09164200000001],[-79.022863,43.092056],[-79.022911,43.092194000000006],[-79.022314,43.092195999999994],[-79.020523,43.09220099999999],[-79.019927,43.09220399999999],[-79.019361,43.09220499999999],[-79.017665,43.09220999999999],[-79.0171,43.092213],[-79.01709799999999,43.092074],[-79.017094,43.09165899999999],[-79.017093,43.091521],[-79.016696,43.09152299999999],[-79.015507,43.091529999999985],[-79.015368,43.091530999999996],[-79.01524599999999,43.09151399999999],[-79.015118,43.091474],[-79.014253,43.09192600000001],[-79.013106,43.092527],[-79.011781,43.09328499999999],[-79.01168799999999,43.093337],[-79.01095,43.093753],[-79.01084,43.09382],[-79.01042799999999,43.09372399999999],[-79.009485,43.093506]]]},"properties":{"geoid":"360630217004","name":"Block Group 4","pop":620.0,"obs_Mesothelioma":0.0,"exp_Mesothelioma":0.04,"sir_Mesothelioma":0.0,"obs_Lung":6.0,"exp_Lung":2.8,"sir_Lung":2.14,"obs_Bladder":2.0,"exp_Bladder":1.08,"sir_Bladder":1.849,"obs_Esophagus":1.0,"exp_Esophagus":0.2,"sir_Esophagus":4.953,"obs_Oral":0.0,"exp_Oral":0.42,"sir_Oral":0.0,"obs_Brain":0.0,"exp_Brain":0.25,"sir_Brain":0.0,"hlarea_Lung":1,"hlarea_Bladder":1,"hlarea_Esophagus":1,"hlarea_Oral":0,"hlarea_Brain":0,"hlarea_Mesothelioma":0,"merged_area":false,"doh_region":"360630217004"}},{"type":"Feature","geometry":{"type":"Polygon","coordinates":[[[-78.949992,43.0974],[-78.949989,43.097308],[-78.94998,43.09703199999999],[-78.949978,43.096941],[-78.94997599999999,43.09688899999999],[-78.949975,43.096878999999994],[-78.949963,43.096695],[-78.94995999999999,43.096633999999995],[-78.94995399999999,43.096576],[-78.949945,43.09614800000001],[-78.949944,43.09608699999998],[-78.949895,43.09469000000001],[-78.949878,43.094205],[-78.94985799999999,43.09371599999999],[-78.94980000000001,43.09225199999998],[-78.949781,43.09176399999999],[-78.949761,43.09134099999999],[-78.949702,43.090072],[-78.949683,43.08964899999999],[-78.949574,43.08943699999999],[-78.949778,43.08938199999999],[-78.950062,43.089254999999994],[-78.95048899999999,43.08910799999999],[-78.950852,43.08903399999999],[-78.951042,43.08895499999999],[-78.951244,43.08883799999999],[-78.951408,43.088643],[-78.95153900000001,43.088386],[-78.951725,43.08798],[-78.951808,43.08783299999999],[-78.951934,43.08766399999999],[-78.952122,43.087512],[-78.952299,43.087463],[-78.95255399999999,43.087463],[-78.952688,43.08747699999999],[-78.953014,43.087604],[-78.953177,43.08768199999999],[-78.95339899999999,43.087764],[-78.95382099999999,43.087833],[-78.954764,43.08805],[-78.95529499999999,43.088121],[-78.955418,43.08812400000001],[-78.955589,43.088128],[-78.95560700000001,43.088128],[-78.95583,43.08811699999998],[-78.95603899999999,43.08808599999999],[-78.95610099999999,43.088060999999996],[-78.956986,43.08771199999999],[-78.95727,43.087633000000004],[-78.95745,43.08761699999999],[-78.957583,43.08763400000001],[-78.957645,43.08764300000001],[-78.957787,43.087685],[-78.95806499999999,43.087821],[-78.958063,43.08790299999999],[-78.958061,43.088089999999994],[-78.958045,43.08815],[-78.958024,43.08823100000001],[-78.95783999999999,43.088162],[-78.957427,43.088007999999995],[-78.95728199999999,43.08797899999998],[-78.95725399999999,43.087973999999996],[-78.957087,43.087974999999986],[-78.95689899999999,43.08798799999998],[-78.956774,43.08801599999999],[-78.956685,43.088037],[-78.956189,43.08824699999998],[-78.955968,43.088303999999994],[-78.955877,43.08831699999999],[-78.95556499999999,43.08836499999999],[-78.955407,43.088384999999995],[-78.95493599999999,43.088445],[-78.954779,43.08846599999999],[-78.95478899999999,43.089099999999995],[-78.954819,43.091003],[-78.95483,43.091637999999996],[-78.954602,43.09160299999999],[-78.954499,43.091583],[-78.953594,43.091416],[-78.953508,43.09140500000001],[-78.953302,43.091379999999994],[-78.953175,43.09138099999999],[-78.95318,43.091767999999995],[-78.953187,43.09220000000001],[-78.953195,43.092932000000005],[-78.95320000000001,43.09332100000001],[-78.95352799999999,43.09331799999999],[-78.954515,43.09330999999999],[-78.954844,43.09330799999999],[-78.955485,43.093298999999995],[-78.956384,43.09328699999999],[-78.95741,43.093289],[-78.957461,43.093289999999996],[-78.95753599999999,43.09331199999999],[-78.957894,43.093597999999986],[-78.957931,43.093639],[-78.957366,43.093847999999994],[-78.955671,43.094477000000005],[-78.955107,43.09468699999999],[-78.955147,43.09474499999999],[-78.955179,43.094789999999996],[-78.955289,43.094946],[-78.95529599999999,43.095135],[-78.95530099999999,43.095262],[-78.95530200000002,43.09529899999999],[-78.955305,43.09541099999999],[-78.955306,43.095423999999994],[-78.95530400000001,43.095449],[-78.949992,43.0974]]]},"properties":{"geoid":"360630225002","name":"Block Group 2","pop":712.0,"obs_Mesothelioma":0.0,"exp_Mesothelioma":0.05,"sir_Mesothelioma":0.0,"obs_Lung":5.0,"exp_Lung":3.14,"sir_Lung":1.59,"obs_Bladder":4.0,"exp_Bladder":1.27,"sir_Bladder":3.157,"obs_Esophagus":1.0,"exp_Esophagus":0.25,"sir_Esophagus":4.077,"obs_Oral":0.0,"exp_Oral":0.52,"sir_Oral":0.0,"obs_Brain":0.0,"exp_Brain":0.29,"sir_Brain":0.0,"hlarea_Lung":1,"hlarea_Bladder":1,"hlarea_Esophagus":1,"hlarea_Oral":0,"hlarea_Brain":0,"hlarea_Mesothelioma":0,"merged_area":false,"doh_region":"360630225002"}},{"type":"Feature","geometry":{"type":"Polygon","coordinates":[[[-79.03185599999999,43.241389],[-79.031854,43.24110399999999],[-79.031834,43.240314],[-79.03178199999999,43.23940699999999],[-79.03170999999999,43.238502],[-79.03163599999999,43.237815999999995],[-79.031499,43.236852999999996],[-79.03147299999999,43.23666499999999],[-79.03064499999999,43.23195199999999],[-79.0303,43.23008499999998],[-79.03014,43.229041999999986],[-79.030006,43.227888],[-79.029966,43.227444],[-79.029917,43.22654599999999],[-79.029881,43.225381999999996],[-79.029884,43.224549],[-79.029907,43.22373599999999],[-79.02993699999999,43.22332099999999],[-79.029995,43.22254600000001],[-79.030047,43.22161599999998],[-79.030226,43.21921599999999],[-79.030244,43.21897499999999],[-79.030258,43.218779],[-79.033883,43.21872399999999],[-79.044761,43.218563],[-79.04838699999999,43.21850999999999],[-79.048569,43.218497],[-79.04911799999999,43.21846099999999],[-79.049301,43.218450000000004],[-79.05427499999999,43.21843599999999],[-79.05301299999999,43.221658],[-79.052858,43.222055],[-79.054788,43.232974],[-79.05545699999999,43.23675399999999],[-79.055858,43.238553999999986],[-79.05586799999999,43.239372],[-79.055971,43.247359999999986],[-79.055999,43.24951],[-79.056005,43.250023],[-79.05601399999999,43.250741000000005],[-79.05604199999999,43.252898999999985],[-79.056052,43.25361799999999],[-79.05514,43.253725],[-79.052404,43.25405000000001],[-79.051493,43.25415799999998],[-79.051256,43.25422299999999],[-79.05054799999999,43.254422000000005],[-79.05031199999999,43.25448799999998],[-79.04988,43.254583000000004],[-79.049669,43.25461699999999],[-79.048356,43.254833000000005],[-79.047905,43.254923],[-79.047737,43.25497199999999],[-79.047735,43.254971999999995],[-79.047549,43.255043],[-79.04737899999999,43.255140999999995],[-79.047174,43.25530199999999],[-79.047029,43.25521599999999],[-79.046947,43.25512399999999],[-79.046937,43.25511199999999],[-79.046903,43.25504699999999],[-79.046875,43.25493900000001],[-79.046865,43.25483899999999],[-79.046868,43.254266],[-79.04687,43.253975],[-79.046871,43.253747],[-79.046877,43.253066],[-79.04687899999999,43.252946],[-79.046859,43.25284099999999],[-79.046831,43.252739999999996],[-79.046742,43.25264199999999],[-79.046703,43.25261700000001],[-79.04643999999999,43.252507],[-79.04643,43.252500999999995],[-79.046314,43.25243399999999],[-79.046234,43.252365999999995],[-79.046166,43.25225499999999],[-79.046149,43.252165000000005],[-79.046159,43.25195000000001],[-79.04630999999999,43.250896],[-79.046312,43.250887000000006],[-79.04636599999999,43.25031899999999],[-79.046622,43.25031099999999],[-79.046719,43.250315999999984],[-79.04778,43.250378000000005],[-79.04813399999999,43.250398999999994],[-79.049903,43.25059900000001],[-79.049999,43.25059499999999],[-79.05006499999999,43.250593],[-79.050136,43.250582999999985],[-79.05024399999999,43.250553],[-79.05027299999999,43.250527999999996],[-79.05031300000002,43.250494999999994],[-79.050338,43.25045799999999],[-79.050377,43.250401999999994],[-79.050525,43.250194],[-79.05058799999999,43.25008899999999],[-79.050631,43.249987999999995],[-79.05066,43.24987799999999],[-79.050679,43.249807999999994],[-79.050705,43.249608],[-79.05074900000001,43.24939999999999],[-79.050809,43.249114],[-79.05081899999999,43.24893900000001],[-79.050799,43.248726],[-79.05076199999999,43.24849699999999],[-79.050705,43.24789299999998],[-79.05070200000002,43.247856000000006],[-79.050663,43.247672],[-79.05064899999999,43.247648999999996],[-79.05059299999999,43.247594],[-79.050547,43.24756899999999],[-79.050437,43.24753700000001],[-79.05026699999999,43.247521],[-79.050277,43.24743399999999],[-79.050308,43.247172],[-79.050319,43.247085999999996],[-79.049961,43.24706199999999],[-79.049297,43.247018],[-79.048887,43.24699299999999],[-79.048529,43.246972],[-79.04818,43.246945],[-79.048171,43.24694299999999],[-79.048011,43.24691899999999],[-79.04786,43.246883999999994],[-79.047365,43.24671199999999],[-79.04714299999999,43.246632],[-79.04680499999999,43.246511999999996],[-79.044843,43.245848],[-79.04433900000001,43.245678],[-79.038962,43.243843000000005],[-79.037002,43.243175],[-79.036892,43.243137999999995],[-79.03596999999999,43.242823],[-79.03402899999999,43.242160999999996],[-79.032882,43.241752999999996],[-79.03185599999999,43.241389]]]},"properties":{"geoid":"360630245012","name":"Block Group 2","pop":1319.0,"obs_Mesothelioma":0.0,"exp_Mesothelioma":0.11,"sir_Mesothelioma":0.0,"obs_Lung":5.0,"exp_Lung":6.84,"sir_Lung":0.731,"obs_Bladder":4.0,"exp_Bladder":2.82,"sir_Bladder":1.419,"obs_Esophagus":1.0,"exp_Esophagus":0.55,"sir_Esophagus":1.824,"obs_Oral":0.0,"exp_Oral":1.12,"sir_Oral":0.0,"obs_Brain":0.0,"exp_Brain":0.59,"sir_Brain":0.0,"hlarea_Lung":0,"hlarea_Bladder":0,"hlarea_Esophagus":1,"hlarea_Oral":0,"hlarea_Brain":0,"hlarea_Mesothelioma":0,"merged_area":false,"doh_region":"360630245012"}},{"type":"Feature","geometry":{"type":"Polygon","coordinates":[[[-79.05113999999999,43.11018699999999],[-79.051067,43.110206999999996],[-79.050877,43.110261],[-79.049525,43.110431],[-79.049009,43.11049699999998],[-79.049008,43.11046699999999],[-79.049003,43.110336000000004],[-79.049002,43.11031399999999],[-79.04900099999999,43.110179],[-79.048998,43.109765999999986],[-79.048998,43.109584],[-79.048996,43.109395000000006],[-79.04899,43.108827999999995],[-79.04898899999999,43.10864],[-79.048986,43.108453],[-79.048977,43.107892],[-79.048974,43.107705],[-79.04897199999999,43.107516],[-79.048969,43.10695099999999],[-79.04896800000002,43.106763],[-79.04896699999999,43.106536],[-79.048965,43.10585599999999],[-79.048965,43.10562999999999],[-79.048964,43.10546899999999],[-79.04896099999999,43.10499],[-79.048959,43.104806999999994],[-79.048959,43.104620999999995],[-79.048958,43.104417999999995],[-79.048958,43.104131999999986],[-79.048957,43.10381299999999],[-79.048957,43.103610999999994],[-79.048957,43.103414],[-79.048958,43.103221999999995],[-79.048966,43.103123999999994],[-79.049039,43.10283199999999],[-79.049088,43.10264199999999],[-79.04913499999999,43.102466],[-79.04920299999999,43.102214],[-79.04927699999999,43.101938],[-79.049325,43.10176299999999],[-79.049376,43.10157499999999],[-79.049457,43.10127800000001],[-79.04952899999999,43.101012],[-79.049581,43.10082499999999],[-79.049626,43.100654999999996],[-79.049702,43.100373],[-79.049751,43.100187],[-79.049768,43.100145999999995],[-79.049837,43.09998499999999],[-79.049871,43.099923999999994],[-79.04997300000001,43.099796000000005],[-79.05010899999999,43.099658999999996],[-79.05037999999999,43.09946099999999],[-79.05048699999999,43.099405],[-79.05098199999999,43.099208],[-79.051216,43.099925000000006],[-79.05153899999999,43.09992],[-79.052517,43.099926999999994],[-79.053142,43.09994099999999],[-79.053493,43.09995],[-79.054092,43.09995899999999],[-79.054885,43.09997099999999],[-79.05694299999999,43.099985999999994],[-79.057543,43.09999099999999],[-79.057751,43.09999899999999],[-79.05789,43.100029000000006],[-79.05800599999999,43.099869000000005],[-79.058356,43.09939299999999],[-79.05847299999999,43.099233999999996],[-79.058582,43.099078],[-79.05859199999999,43.09905999999999],[-79.058858,43.098638],[-79.058921,43.098521000000005],[-79.059023,43.09833699999999],[-79.059135,43.09812399999999],[-79.0592,43.098002],[-79.059249,43.097896999999996],[-79.059445,43.09747199999999],[-79.059516,43.097317],[-79.059546,43.09725399999999],[-79.059629,43.09706599999999],[-79.05971199999999,43.09688],[-79.05987499999999,43.09650399999999],[-79.059945,43.096344999999985],[-79.059957,43.096315999999995],[-79.060131,43.096243],[-79.060463,43.09610500000001],[-79.060653,43.09602599999999],[-79.060831,43.095952],[-79.06110699999999,43.09594999999998],[-79.061936,43.095946999999995],[-79.062213,43.095946000000005],[-79.062482,43.095927],[-79.063289,43.095873000000005],[-79.063559,43.095855000000014],[-79.062287,43.09837599999998],[-79.05847299999999,43.10594],[-79.05796099999999,43.10695699999999],[-79.058037,43.10820099999999],[-79.058067,43.108455000000006],[-79.058088,43.10854399999998],[-79.05811,43.10863299999998],[-79.05814,43.108762],[-79.058184,43.108943999999994],[-79.05823199999999,43.109148999999995],[-79.058257,43.10925599999999],[-79.058262,43.10927900000001],[-79.058145,43.109290999999985],[-79.057971,43.10931],[-79.057796,43.109328999999995],[-79.05767999999999,43.10934199999999],[-79.057379,43.109376999999995],[-79.05695399999999,43.10942699999999],[-79.056479,43.109485],[-79.05618,43.10952299999999],[-79.056122,43.109529],[-79.056103,43.10953099999999],[-79.05605899999999,43.109535999999984],[-79.055872,43.109554999999986],[-79.055796,43.109564],[-79.054422,43.109744],[-79.054378,43.10959699999999],[-79.054377,43.109592],[-79.05426299999999,43.10962500000001],[-79.053916,43.109711],[-79.053731,43.109749],[-79.052402,43.110024999999986],[-79.052171,43.110049],[-79.052122,43.11005499999999],[-79.051581,43.110130999999996],[-79.05113999999999,43.11018699999999]]]},"properties":{"geoid":"360630205001","name":"Block Group 1","pop":1163.0,"obs_Mesothelioma":0.0,"exp_Mesothelioma":0.06,"sir_Mesothelioma":0.0,"obs_Lung":12.0,"exp_Lung":5.09,"sir_Lung":2.358,"obs_Bladder":2.0,"exp_Bladder":1.77,"sir_Bladder":1.13,"obs_Esophagus":0.0,"exp_Esophagus":0.38,"sir_Esophagus":0.0,"obs_Oral":1.0,"exp_Oral":0.86,"sir_Oral":1.161,"obs_Brain":0.0,"exp_Brain":0.47,"sir_Brain":0.0,"hlarea_Lung":1,"hlarea_Bladder":0,"hlarea_Esophagus":1,"hlarea_Oral":0,"hlarea_Brain":0,"hlarea_Mesothelioma":0,"merged_area":false,"doh_region":"360630205001"}},{"type":"Feature","geometry":{"type":"Polygon","coordinates":[[[-78.99655299999999,43.076814000000006],[-78.996769,43.07685600000001],[-78.996803,43.076860999999994],[-78.997085,43.076907],[-78.997557,43.076986000000005],[-78.99780899999999,43.077028000000006],[-78.99804,43.077072],[-78.998736,43.077205],[-78.99896799999999,43.07725],[-78.999199,43.077291],[-78.999894,43.07741499999999],[-79.00000299999999,43.07743500000001],[-79.00012799999999,43.077448],[-79.000117,43.077916],[-79.000112,43.07808999999999],[-79.000074,43.079694999999994],[-79.00007099999999,43.080019],[-79.00006599999999,43.080662000000004],[-78.99983399999999,43.080639],[-78.999141,43.080572999999994],[-78.99891,43.08055099999999],[-78.99867100000002,43.08053399999999],[-78.997954,43.080482999999994],[-78.997716,43.080465999999994],[-78.997468,43.080448],[-78.99672699999999,43.080396999999984],[-78.99647999999999,43.08037999999999],[-78.996213,43.08036200000001],[-78.995412,43.08030800000001],[-78.995145,43.080291],[-78.994885,43.080272],[-78.994108,43.080217],[-78.993849,43.080199],[-78.99330300000001,43.08015999999999],[-78.99283799999999,43.080138000000005],[-78.991941,43.08008099999999],[-78.99186999999999,43.080062],[-78.99182900000001,43.08002599999999],[-78.991823,43.08000699999999],[-78.991584,43.08007299999999],[-78.99094699999999,43.080251000000004],[-78.99086899999999,43.080285999999994],[-78.99063,43.08033899999999],[-78.990627,43.080237],[-78.990629,43.080078],[-78.99063,43.07955899999998],[-78.990623,43.078071],[-78.99061999999999,43.076995],[-78.99061499999999,43.076435],[-78.990616,43.076286999999994],[-78.990619,43.075897],[-78.990619,43.075843],[-78.990619,43.075696],[-78.990763,43.07571799999999],[-78.990779,43.075720999999994],[-78.990923,43.07575],[-78.991194,43.075804],[-78.991338,43.07583299999999],[-78.99143699999999,43.07584999999999],[-78.991734,43.075903],[-78.991833,43.075920999999994],[-78.992057,43.07596199999999],[-78.992171,43.075983999999984],[-78.99273199999999,43.076083],[-78.992823,43.076098999999985],[-78.992958,43.076122],[-78.993009,43.076132],[-78.993164,43.076164],[-78.99321599999999,43.07617499999999],[-78.99333899999999,43.076198999999995],[-78.99371,43.076273],[-78.99383399999999,43.076298],[-78.99411099999999,43.076351],[-78.994942,43.07650999999999],[-78.99522,43.076564],[-78.995486,43.076614000000006],[-78.996286,43.076764],[-78.99655299999999,43.076814000000006]]]},"properties":{"geoid":"360630220002","name":"Block Group 2","pop":849.0,"obs_Mesothelioma":0.0,"exp_Mesothelioma":0.05,"sir_Mesothelioma":0.0,"obs_Lung":5.0,"exp_Lung":3.0,"sir_Lung":1.665,"obs_Bladder":0.0,"exp_Bladder":1.2,"sir_Bladder":0.0,"obs_Esophagus":0.0,"exp_Esophagus":0.24,"sir_Esophagus":0.0,"obs_Oral":0.0,"exp_Oral":0.54,"sir_Oral":0.0,"obs_Brain":0.0,"exp_Brain":0.31,"sir_Brain":0.0,"hlarea_Lung":1,"hlarea_Bladder":1,"hlarea_Esophagus":1,"hlarea_Oral":0,"hlarea_Brain":0,"hlarea_Mesothelioma":0,"merged_area":false,"doh_region":"360630220002"}},{"type":"Feature","geometry":{"type":"Polygon","coordinates":[[[-79.05241,43.083785],[-79.05237799999999,43.08372099999999],[-79.05234399999999,43.08365099999999],[-79.05228199999999,43.083527],[-79.05193299999999,43.082824999999985],[-79.051895,43.08275499999999],[-79.051761,43.08250099999999],[-79.05165,43.08223000000001],[-79.05148600000001,43.08173299999999],[-79.05139,43.081488],[-79.05135299999999,43.081410999999996],[-79.051239,43.081233000000005],[-79.05118399999999,43.08114700000001],[-79.051182,43.08114500000001],[-79.051062,43.080968],[-79.051006,43.080886],[-79.05100399999999,43.080881999999995],[-79.05094799999999,43.0808],[-79.05090299999999,43.08073299999999],[-79.05086399999999,43.080673999999995],[-79.050668,43.08044199999999],[-79.05051,43.080323],[-79.05031500000001,43.08021999999999],[-79.050219,43.08011199999999],[-79.049932,43.079790999999986],[-79.049837,43.07968399999999],[-79.049652,43.079414],[-79.045784,43.072921],[-79.04556699999999,43.072562],[-79.07445899999999,43.077863],[-79.075367,43.08135499999998],[-79.07400299999999,43.08301199999999],[-79.06915099999999,43.08802999999998],[-79.06733299999999,43.089946999999995],[-79.066222,43.09084099999999],[-79.065961,43.09105199999999],[-79.064196,43.09457899999999],[-79.063559,43.095855000000014],[-79.063289,43.095873000000005],[-79.062482,43.095927],[-79.062213,43.095946000000005],[-79.061936,43.095946999999995],[-79.06110699999999,43.09594999999998],[-79.060831,43.095952],[-79.060653,43.09602599999999],[-79.060463,43.09610500000001],[-79.060131,43.096243],[-79.059957,43.096315999999995],[-79.059902,43.096317],[-79.05973999999999,43.096320999999996],[-79.059686,43.096323],[-79.05968899999999,43.096174],[-79.05967500000001,43.09592500000001],[-79.05961099999999,43.09473199999999],[-79.05959,43.094335],[-79.059573,43.094092],[-79.059525,43.093364],[-79.05950899999999,43.093121999999994],[-79.05944699999999,43.092236],[-79.059433,43.09179599999999],[-79.05942,43.09141799999999],[-79.05936299999999,43.090678000000004],[-79.059213,43.08835699999999],[-79.058954,43.088367999999996],[-79.058177,43.08840099999999],[-79.057918,43.08841199999999],[-79.05765699999999,43.08842599999999],[-79.057203,43.08845199999999],[-79.056878,43.088486999999986],[-79.056765,43.0885],[-79.056619,43.088504999999984],[-79.056358,43.088514999999994],[-79.055576,43.088545],[-79.05531599999999,43.088556],[-79.055056,43.088566],[-79.054675,43.088583],[-79.054277,43.088599],[-79.054018,43.08861],[-79.053855,43.08861699999999],[-79.05336899999999,43.088637999999996],[-79.053207,43.088646],[-79.05309100000001,43.08865499999999],[-79.05296799999999,43.088664999999985],[-79.05288999999999,43.08867499999999],[-79.052764,43.08864899999999],[-79.052746,43.08865099999999],[-79.052632,43.08866799999999],[-79.052634,43.08860999999999],[-79.052729,43.08846799999999],[-79.052737,43.08833899999999],[-79.052773,43.08650799999998],[-79.05261000000002,43.086514000000015],[-79.05265299999999,43.085123999999986],[-79.05265,43.084858],[-79.052604,43.084632],[-79.05248399999999,43.084308],[-79.052324,43.083993],[-79.05248,43.08392999999999],[-79.05241,43.083785]]]},"properties":{"geoid":"360630211001","name":"Block Group 1","pop":475.0,"obs_Mesothelioma":0.0,"exp_Mesothelioma":0.05,"sir_Mesothelioma":0.0,"obs_Lung":3.0,"exp_Lung":3.08,"sir_Lung":0.975,"obs_Bladder":2.0,"exp_Bladder":1.27,"sir_Bladder":1.577,"obs_Esophagus":0.0,"exp_Esophagus":0.24,"sir_Esophagus":0.0,"obs_Oral":1.0,"exp_Oral":0.48,"sir_Oral":2.096,"obs_Brain":1.0,"exp_Brain":0.24,"sir_Brain":4.193,"hlarea_Lung":1,"hlarea_Bladder":0,"hlarea_Esophagus":1,"hlarea_Oral":0,"hlarea_Brain":0,"hlarea_Mesothelioma":0,"merged_area":false,"doh_region":"360630211001"}},{"type":"Feature","geometry":{"type":"Polygon","coordinates":[[[-78.683354,43.11148699999999],[-78.683741,43.111507999999986],[-78.68513800000001,43.111582],[-78.685687,43.11161],[-78.68703099999999,43.11167999999999],[-78.687333,43.11170599999999],[-78.68746399999999,43.11171799999999],[-78.687876,43.111793999999996],[-78.68813999999999,43.111852999999996],[-78.688332,43.11190200000001],[-78.689696,43.11224999999999],[-78.690151,43.112366],[-78.690354,43.112417],[-78.690963,43.11257199999999],[-78.691166,43.11262399999998],[-78.691575,43.112728000000004],[-78.69280499999999,43.113041999999986],[-78.693131,43.113125999999994],[-78.693215,43.113147999999995],[-78.69352099999999,43.113226999999995],[-78.694442,43.113465000000005],[-78.694655,43.113519999999994],[-78.69475,43.113544],[-78.695172,43.11365],[-78.696441,43.11397099999999],[-78.696613,43.11401499999999],[-78.696868,43.114059],[-78.696867,43.114393],[-78.696865,43.11539599999998],[-78.696865,43.115731],[-78.69686399999999,43.11584699999999],[-78.69686399999999,43.116198999999995],[-78.69686399999999,43.116316],[-78.696863,43.11672500000001],[-78.696863,43.11730999999998],[-78.69686399999999,43.12029199999999],[-78.696865,43.121171999999994],[-78.695855,43.12114899999999],[-78.695728,43.121142],[-78.69548999999999,43.121105],[-78.695388,43.12112399999999],[-78.695247,43.12103499999999],[-78.695107,43.121014],[-78.694768,43.12100299999999],[-78.694178,43.120985999999995],[-78.6937,43.120904],[-78.69346399999999,43.12088400000001],[-78.693334,43.12088],[-78.69326199999999,43.120878],[-78.692993,43.12089799999999],[-78.692855,43.12089799999999],[-78.692615,43.12089599999998],[-78.692211,43.12085299999998],[-78.692055,43.120836999999995],[-78.691324,43.120709],[-78.690901,43.12060699999999],[-78.69067799999999,43.12054399999999],[-78.690466,43.120473],[-78.690327,43.120417999999994],[-78.689992,43.120284999999996],[-78.689731,43.12017099999999],[-78.689607,43.120122],[-78.689478,43.12008899999999],[-78.689374,43.12006299999999],[-78.689094,43.120032999999985],[-78.688835,43.12004499999999],[-78.688687,43.120064],[-78.688654,43.120068999999994],[-78.68856199999999,43.12009200000001],[-78.688433,43.120138],[-78.68816,43.12023200000001],[-78.688129,43.12023999999999],[-78.68770599999999,43.12035199999999],[-78.68719,43.120445],[-78.68718799999999,43.120446],[-78.68687200000001,43.120484000000005],[-78.686702,43.12049299999999],[-78.686301,43.12051499999999],[-78.686193,43.120517],[-78.686024,43.120521],[-78.686021,43.120794],[-78.686016,43.121615],[-78.686014,43.12188899999999],[-78.68600699999999,43.12243000000001],[-78.685994,43.12366999999999],[-78.68594999999999,43.123931],[-78.685909,43.12404400000001],[-78.685819,43.124295],[-78.68569,43.124538],[-78.68552700000001,43.124503999999995],[-78.68543300000002,43.124485],[-78.685161,43.124446000000006],[-78.685036,43.124438999999995],[-78.684871,43.124430999999994],[-78.684675,43.12444099999998],[-78.68444199999999,43.12445399999999],[-78.684095,43.124528],[-78.683989,43.124551999999994],[-78.683903,43.124562],[-78.683729,43.12456599999999],[-78.68361500000002,43.12457],[-78.683451,43.124559999999995],[-78.683247,43.124520999999994],[-78.68321399999999,43.12451],[-78.68305,43.12445699999999],[-78.682907,43.124389],[-78.682852,43.124362999999995],[-78.68249,43.124165000000005],[-78.682352,43.12408999999999],[-78.68221199999999,43.124016000000005],[-78.681792,43.123795999999984],[-78.681653,43.12372299999999],[-78.681517,43.12365299999999],[-78.68135699999999,43.123571],[-78.68110700000001,43.123452],[-78.681106,43.123452],[-78.68096299999999,43.123402999999996],[-78.680846,43.123372999999994],[-78.680745,43.12335999999999],[-78.680634,43.123346000000005],[-78.680078,43.12332699999999],[-78.679856,43.12332],[-78.679879,43.122859999999996],[-78.679947,43.121483],[-78.679971,43.121024],[-78.68000099999999,43.12038299999999],[-78.680011,43.120151],[-78.68001199999999,43.120151],[-78.680043,43.119782],[-78.680105,43.11859],[-78.68011000000001,43.118462],[-78.680138,43.11782199999999],[-78.680161,43.117277],[-78.680227,43.11607199999999],[-78.680244,43.115781999999996],[-78.68034999999999,43.113912000000006],[-78.680446,43.111994],[-78.680486,43.111339],[-78.68094099999999,43.111356],[-78.682281,43.111431],[-78.683354,43.11148699999999]]]},"properties":{"geoid":"360630234052","name":"Block Group 2","pop":1637.0,"obs_Mesothelioma":0.0,"exp_Mesothelioma":0.08,"sir_Mesothelioma":0.0,"obs_Lung":8.0,"exp_Lung":5.95,"sir_Lung":1.344,"obs_Bladder":2.0,"exp_Bladder":2.21,"sir_Bladder":0.904,"obs_Esophagus":1.0,"exp_Esophagus":0.46,"sir_Esophagus":2.151,"obs_Oral":3.0,"exp_Oral":1.03,"sir_Oral":2.904,"obs_Brain":1.0,"exp_Brain":0.61,"sir_Brain":1.648,"hlarea_Lung":1,"hlarea_Bladder":1,"hlarea_Esophagus":0,"hlarea_Oral":0,"hlarea_Brain":0,"hlarea_Mesothelioma":0,"merged_area":false,"doh_region":"360630234052"}},{"type":"Feature","geometry":{"type":"Polygon","coordinates":[[[-78.694549,43.132334],[-78.69453299999999,43.132403],[-78.694481,43.13244900000001],[-78.694362,43.13250499999999],[-78.693629,43.13277799999999],[-78.693372,43.13286799999998],[-78.693075,43.133004],[-78.69286,43.13311199999999],[-78.69219799999999,43.13344699999999],[-78.692129,43.13348599999999],[-78.678921,43.133038],[-78.678698,43.13262199999999],[-78.678483,43.132318000000005],[-78.678288,43.13205899999999],[-78.67818799999999,43.131882],[-78.67817699999999,43.131788],[-78.678445,43.13105799999999],[-78.67848,43.13096499999998],[-78.679271,43.128905999999986],[-78.67937100000002,43.12860599999999],[-78.67939299999999,43.12850199999999],[-78.679583,43.12764699999999],[-78.679625,43.127455],[-78.679641,43.127356999999996],[-78.679673,43.12678599999998],[-78.679777,43.12500199999999],[-78.67981499999999,43.124185999999995],[-78.679856,43.12332],[-78.680078,43.12332699999999],[-78.680634,43.123346000000005],[-78.680745,43.12335999999999],[-78.680846,43.123372999999994],[-78.68096299999999,43.123402999999996],[-78.681106,43.123452],[-78.68110700000001,43.123452],[-78.68135699999999,43.123571],[-78.681517,43.12365299999999],[-78.681653,43.12372299999999],[-78.681792,43.123795999999984],[-78.68221199999999,43.124016000000005],[-78.682352,43.12408999999999],[-78.68249,43.124165000000005],[-78.682852,43.124362999999995],[-78.682907,43.124389],[-78.68305,43.12445699999999],[-78.68321399999999,43.12451],[-78.683247,43.124520999999994],[-78.683451,43.124559999999995],[-78.68361500000002,43.12457],[-78.683729,43.12456599999999],[-78.683903,43.124562],[-78.683989,43.124551999999994],[-78.684095,43.124528],[-78.68444199999999,43.12445399999999],[-78.684675,43.12444099999998],[-78.684871,43.124430999999994],[-78.685036,43.124438999999995],[-78.685161,43.124446000000006],[-78.68543300000002,43.124485],[-78.68552700000001,43.124503999999995],[-78.68569,43.124538],[-78.685819,43.124295],[-78.685909,43.12404400000001],[-78.68594999999999,43.123931],[-78.685994,43.12366999999999],[-78.68600699999999,43.12243000000001],[-78.686014,43.12188899999999],[-78.686016,43.121615],[-78.686021,43.120794],[-78.686024,43.120521],[-78.686193,43.120517],[-78.686301,43.12051499999999],[-78.686702,43.12049299999999],[-78.68687200000001,43.120484000000005],[-78.68718799999999,43.120446],[-78.68719,43.120445],[-78.68770599999999,43.12035199999999],[-78.688129,43.12023999999999],[-78.68816,43.12023200000001],[-78.688433,43.120138],[-78.68856199999999,43.12009200000001],[-78.688654,43.120068999999994],[-78.688687,43.120064],[-78.688835,43.12004499999999],[-78.689094,43.120032999999985],[-78.689374,43.12006299999999],[-78.689478,43.12008899999999],[-78.689607,43.120122],[-78.689731,43.12017099999999],[-78.689992,43.120284999999996],[-78.690327,43.120417999999994],[-78.690466,43.120473],[-78.69067799999999,43.12054399999999],[-78.690901,43.12060699999999],[-78.691324,43.120709],[-78.692055,43.120836999999995],[-78.692211,43.12085299999998],[-78.692615,43.12089599999998],[-78.692855,43.12089799999999],[-78.692993,43.12089799999999],[-78.69326199999999,43.120878],[-78.693334,43.12088],[-78.69346399999999,43.12088400000001],[-78.6937,43.120904],[-78.694178,43.120985999999995],[-78.694768,43.12100299999999],[-78.695107,43.121014],[-78.695247,43.12103499999999],[-78.695388,43.12112399999999],[-78.69548999999999,43.121105],[-78.695728,43.121142],[-78.695855,43.12114899999999],[-78.696865,43.121171999999994],[-78.696872,43.12128699999998],[-78.696874,43.121871],[-78.69688,43.123036],[-78.69688,43.123622999999995],[-78.69688,43.123993999999996],[-78.69688,43.124207999999996],[-78.696883,43.12536],[-78.696884,43.125619],[-78.696884,43.125909],[-78.696884,43.128763000000006],[-78.696884,43.128817999999995],[-78.696884,43.12959399999999],[-78.696884,43.12997099999999],[-78.696882,43.130463999999996],[-78.69688,43.130831],[-78.69651999999999,43.13089799999999],[-78.695599,43.13111999999999],[-78.69479199999999,43.13140899999999],[-78.694608,43.13149900000001],[-78.69454,43.13158899999999],[-78.694509,43.131741999999996],[-78.694504,43.13208],[-78.694542,43.132312999999996],[-78.694549,43.132334]]]},"properties":{"geoid":"360630234051","name":"Block Group 1","pop":2080.0,"obs_Mesothelioma":0.0,"exp_Mesothelioma":0.13,"sir_Mesothelioma":0.0,"obs_Lung":27.0,"exp_Lung":8.79,"sir_Lung":3.07,"obs_Bladder":3.0,"exp_Bladder":3.38,"sir_Bladder":0.887,"obs_Esophagus":3.0,"exp_Esophagus":0.67,"sir_Esophagus":4.497,"obs_Oral":4.0,"exp_Oral":1.42,"sir_Oral":2.821,"obs_Brain":2.0,"exp_Brain":0.81,"sir_Brain":2.456,"hlarea_Lung":1,"hlarea_Bladder":1,"hlarea_Esophagus":1,"hlarea_Oral":0,"hlarea_Brain":0,"hlarea_Mesothelioma":0,"merged_area":false,"doh_region":"360630234051"}},{"type":"Feature","geometry":{"type":"Polygon","coordinates":[[[-78.69292,43.09644300000001],[-78.69239,43.096433999999995],[-78.68802,43.096309],[-78.687842,43.096303999999996],[-78.685805,43.096242],[-78.68565400000001,43.09623499999999],[-78.685204,43.09621399999999],[-78.68505400000001,43.096206999999985],[-78.682515,43.09608],[-78.681839,43.096058000000006],[-78.68157699999999,43.09607599999998],[-78.68142,43.09613099999999],[-78.681249,43.09621],[-78.681061,43.09632],[-78.68024299999999,43.096844999999995],[-78.679605,43.097257],[-78.679509,43.09736099999999],[-78.679467,43.09745199999999],[-78.67944,43.097563000000015],[-78.679463,43.101426],[-78.67947699999999,43.101946],[-78.679467,43.10360099999998],[-78.67944899999999,43.103669],[-78.679422,43.10370899999999],[-78.679339,43.103764],[-78.679194,43.103811],[-78.67876199999999,43.103877999999995],[-78.677241,43.104065999999996],[-78.676402,43.10418199999999],[-78.675636,43.104278],[-78.67254799999999,43.104705],[-78.672275,43.10476799999999],[-78.671982,43.104872],[-78.671748,43.104972999999994],[-78.668386,43.106432],[-78.667143,43.106984000000004],[-78.666259,43.107384999999994],[-78.665564,43.107683],[-78.664884,43.107988],[-78.66281099999999,43.108893999999985],[-78.662598,43.109007999999996],[-78.66251,43.109092],[-78.662449,43.10919199999999],[-78.662418,43.109301999999985],[-78.662402,43.10959700000001],[-78.662403,43.11054199999999],[-78.662385,43.11063600000001],[-78.662331,43.110729],[-78.662221,43.110817],[-78.662168,43.11083899999998],[-78.66197,43.110858],[-78.660748,43.110838],[-78.658559,43.110817000000004],[-78.65603899999999,43.110800999999995],[-78.65312399999999,43.11076799999999],[-78.652919,43.110747999999994],[-78.652788,43.11071399999999],[-78.652677,43.11067299999999],[-78.652609,43.110647],[-78.652402,43.110561999999994],[-78.648774,43.108937],[-78.64790099999999,43.10855599999999],[-78.647772,43.108528],[-78.64736099999999,43.108521999999994],[-78.646668,43.10854199999999],[-78.645156,43.108619],[-78.64278999999999,43.10870899999999],[-78.640519,43.108819],[-78.63901899999999,43.108872],[-78.63721799999999,43.108953],[-78.636158,43.10911499999998],[-78.6361,43.108731],[-78.635915,43.107705],[-78.6359,43.107596],[-78.635879,43.10737100000001],[-78.635896,43.10706299999999],[-78.63604699999999,43.105927],[-78.636091,43.105495],[-78.636095,43.10546199999999],[-78.636186,43.104811],[-78.636239,43.104654],[-78.63633,43.10449299999999],[-78.63790999999999,43.102170999999984],[-78.63858499999999,43.10124],[-78.63938399999999,43.100162000000005],[-78.640644,43.09846399999999],[-78.640175,43.09801199999999],[-78.638768,43.096657],[-78.63829900000002,43.09620599999999],[-78.63784,43.095755999999994],[-78.637425,43.09534899999999],[-78.63645,43.09442099999999],[-78.63620999999999,43.09419299999999],[-78.6361,43.09405799999999],[-78.636057,43.09392899999999],[-78.63604,43.093798],[-78.63603599999999,43.09376499999999],[-78.636032,43.093579999999996],[-78.636054,43.09340299999999],[-78.636071,43.09327299999998],[-78.636459,43.09333399999999],[-78.636681,43.093425999999994],[-78.636955,43.09368899999999],[-78.637215,43.094024999999995],[-78.63754999999999,43.09460099999999],[-78.637886,43.09508099999999],[-78.638245,43.095569999999995],[-78.63834399999999,43.095679999999994],[-78.63952599999999,43.096531],[-78.64004299999999,43.096833000000004],[-78.640732,43.09727499999999],[-78.6409,43.09735899999999],[-78.641104,43.09741599999999],[-78.641365,43.097443],[-78.641632,43.097397],[-78.641802,43.09736199999999],[-78.642022,43.097187999999996],[-78.642113,43.097030999999994],[-78.64211999999999,43.096878000000004],[-78.642067,43.096152999999994],[-78.642067,43.096004],[-78.642181,43.09507399999999],[-78.642181,43.094897999999986],[-78.64215899999999,43.094798999999995],[-78.64211999999999,43.09458499999999],[-78.642044,43.094395],[-78.641655,43.093723],[-78.641632,43.09363199999999],[-78.641533,43.092704999999995],[-78.641487,43.092434],[-78.64106,43.091373],[-78.640762,43.09066800000001],[-78.640717,43.090405],[-78.640709,43.09017600000001],[-78.640762,43.089780999999995],[-78.640823,43.089535],[-78.64096099999999,43.089271999999994],[-78.64108999999999,43.089076999999996],[-78.641273,43.08889399999999],[-78.641536,43.08871],[-78.641753,43.08858299999999],[-78.64222,43.08839],[-78.64267,43.08828],[-78.643089,43.08821899999999],[-78.643311,43.088207000000004],[-78.643616,43.08826799999999],[-78.64439399999999,43.088482],[-78.644948,43.08870299999999],[-78.646721,43.089771],[-78.64700800000001,43.089817],[-78.64721399999999,43.089746],[-78.647392,43.089622],[-78.648788,43.08764300000001],[-78.648995,43.087286999999996],[-78.649014,43.087078],[-78.64896399999999,43.08679199999999],[-78.648827,43.086617],[-78.64858199999999,43.08647499999999],[-78.647423,43.08608199999999],[-78.64692699999999,43.085902999999995],[-78.646759,43.08575099999999],[-78.646608,43.085601999999994],[-78.646545,43.08536499999999],[-78.64656099999999,43.085049],[-78.646706,43.084263],[-78.646683,43.08397699999999],[-78.646214,43.082589999999996],[-78.646057,43.082161],[-78.64598099999999,43.081562],[-78.646042,43.08119200000001],[-78.646225,43.08094],[-78.64656099999999,43.08079099999999],[-78.647514,43.080638999999984],[-78.648018,43.080588999999996],[-78.648392,43.080588999999996],[-78.648849,43.08070800000001],[-78.649208,43.080898],[-78.650002,43.08182899999999],[-78.650185,43.08196999999999],[-78.65057399999999,43.082111],[-78.652214,43.082442999999984],[-78.653198,43.082573000000004],[-78.653938,43.082684],[-78.65486899999999,43.08286699999999],[-78.655525,43.083138000000005],[-78.656075,43.083431],[-78.656227,43.08355299999999],[-78.65687199999999,43.08418699999999],[-78.65714299999999,43.084399999999995],[-78.658272,43.085078999999986],[-78.658485,43.085175],[-78.65991199999999,43.08540299999999],[-78.660187,43.08544899999999],[-78.66044600000001,43.085526],[-78.662285,43.086124000000005],[-78.663353,43.086356999999985],[-78.664169,43.08643],[-78.664711,43.08639900000001],[-78.665161,43.08624999999999],[-78.6661,43.08567800000001],[-78.66614899999999,43.08564299999999],[-78.666397,43.085498],[-78.666663,43.08538399999999],[-78.666733,43.08536399999999],[-78.667062,43.08523799999999],[-78.667318,43.085167999999996],[-78.667647,43.08511199999999],[-78.669617,43.084839],[-78.670029,43.084782],[-78.67102799999999,43.084595],[-78.671844,43.08442299999999],[-78.673248,43.084121999999994],[-78.67397299999999,43.08399599999999],[-78.67451799999999,43.08394099999999],[-78.67524399999999,43.083921999999994],[-78.67551399999999,43.083942],[-78.676071,43.083995999999985],[-78.676239,43.084002999999996],[-78.676346,43.08404199999999],[-78.676654,43.084133],[-78.67688799999999,43.08421299999999],[-78.677206,43.08434499999999],[-78.67793999999999,43.084765999999995],[-78.67815399999999,43.08482699999998],[-78.67841299999999,43.08485799999999],[-78.678764,43.08487299999999],[-78.679001,43.084865999999984],[-78.679253,43.084838999999995],[-78.679512,43.084759],[-78.679749,43.084625],[-78.679855,43.08453799999999],[-78.67995499999999,43.08440799999999],[-78.680031,43.084213],[-78.680092,43.08399599999999],[-78.680115,43.08375899999999],[-78.680115,43.08321799999998],[-78.68010699999999,43.083],[-78.680069,43.082401],[-78.680069,43.082218000000005],[-78.68012999999999,43.081844000000004],[-78.680176,43.081707],[-78.68025999999999,43.081447999999995],[-78.68047299999999,43.081089],[-78.680557,43.080959],[-78.680641,43.08087899999999],[-78.680977,43.080616000000006],[-78.68126699999999,43.080452],[-78.68141899999999,43.080383],[-78.68180799999999,43.080269],[-78.682144,43.08022299999999],[-78.68257899999999,43.080231000000005],[-78.68279299999999,43.080268999999994],[-78.683138,43.08039999999999],[-78.683655,43.080634999999994],[-78.683853,43.080757],[-78.684212,43.08104699999999],[-78.68486,43.081806],[-78.685158,43.08225999999998],[-78.68531,43.08247],[-78.686882,43.083870000000005],[-78.687073,43.08404899999999],[-78.68719,43.08423499999999],[-78.687309,43.084488],[-78.68733999999999,43.08477399999999],[-78.687309,43.085257999999996],[-78.687195,43.085739],[-78.68717199999999,43.085964000000004],[-78.687248,43.08624299999999],[-78.68740799999999,43.086464],[-78.68853,43.087433],[-78.688866,43.08770799999999],[-78.689377,43.08800099999999],[-78.689972,43.08831399999999],[-78.69036899999999,43.088467],[-78.690872,43.088642],[-78.691177,43.08867999999998],[-78.691338,43.08866899999999],[-78.691673,43.08861499999999],[-78.69182599999999,43.088573],[-78.692123,43.088463],[-78.69277199999999,43.088177],[-78.694763,43.087089999999996],[-78.695297,43.086825999999995],[-78.69562499999999,43.08668099999999],[-78.696196,43.086487],[-78.69658299999999,43.086391],[-78.696906,43.08633699999999],[-78.6969,43.086619000000006],[-78.69689,43.08709199999999],[-78.696895,43.087467],[-78.696899,43.08774999999999],[-78.696895,43.08824999999999],[-78.696891,43.088809000000005],[-78.696889,43.089752999999995],[-78.696889,43.09025399999999],[-78.696889,43.09031999999999],[-78.696889,43.09051799999999],[-78.696889,43.090584],[-78.69688699999999,43.091775000000005],[-78.696883,43.095348],[-78.696882,43.09654],[-78.69681,43.09654],[-78.696185,43.09653400000001],[-78.69474799999999,43.096489],[-78.69466600000001,43.096486],[-78.69292,43.09644300000001]]]},"properties":{"geoid":"360630234042","name":"Block Group 2","pop":2273.0,"obs_Mesothelioma":0.0,"exp_Mesothelioma":0.09,"sir_Mesothelioma":0.0,"obs_Lung":9.0,"exp_Lung":6.38,"sir_Lung":1.411,"obs_Bladder":4.0,"exp_Bladder":2.41,"sir_Bladder":1.662,"obs_Esophagus":0.0,"exp_Esophagus":0.52,"sir_Esophagus":0.0,"obs_Oral":1.0,"exp_Oral":1.21,"sir_Oral":0.825,"obs_Brain":1.0,"exp_Brain":0.75,"sir_Brain":1.326,"hlarea_Lung":1,"hlarea_Bladder":1,"hlarea_Esophagus":0,"hlarea_Oral":0,"hlarea_Brain":0,"hlarea_Mesothelioma":0,"merged_area":false,"doh_region":"360630234042"}},{"type":"Feature","geometry":{"type":"Polygon","coordinates":[[[-78.935056,43.08398699999999],[-78.935181,43.08402099999999],[-78.93540999999999,43.084098],[-78.935474,43.08411900000001],[-78.93587099999999,43.08421299999999],[-78.93621,43.084263],[-78.93651899999999,43.084275],[-78.937016,43.084272000000006],[-78.937838,43.084268],[-78.938396,43.084259],[-78.938525,43.084257999999984],[-78.939919,43.084227],[-78.940073,43.084229],[-78.940632,43.08423699999999],[-78.94146099999999,43.08423399999999],[-78.94165699999999,43.084238],[-78.941828,43.084241999999996],[-78.941988,43.08425499999998],[-78.942134,43.084287999999994],[-78.94223699999999,43.084331],[-78.94242799999999,43.084425999999986],[-78.942843,43.08472799999999],[-78.943139,43.084923999999994],[-78.943292,43.08499700000001],[-78.943466,43.085058],[-78.943579,43.08508499999999],[-78.94374499999999,43.08510499999999],[-78.943978,43.085114999999995],[-78.944509,43.085111999999974],[-78.945178,43.08510999999999],[-78.945324,43.08511999999999],[-78.945532,43.085155],[-78.945533,43.085204],[-78.945539,43.085350999999996],[-78.94554099999999,43.08540099999999],[-78.94547899999999,43.086742],[-78.94538399999999,43.08884699999999],[-78.943551,43.08826699999998],[-78.942752,43.088014999999984],[-78.94264299999999,43.08850799999999],[-78.942126,43.09113299999999],[-78.94205099999999,43.09225000000001],[-78.942015,43.092841],[-78.941908,43.09461299999999],[-78.941873,43.09520499999999],[-78.941868,43.095337],[-78.94185499999999,43.09573599999999],[-78.941852,43.095869],[-78.941741,43.09656899999999],[-78.94140999999999,43.098669],[-78.9413,43.09937],[-78.941236,43.099380999999994],[-78.941217,43.09938199999999],[-78.940966,43.099396],[-78.940883,43.09940199999999],[-78.940139,43.099442999999994],[-78.938491,43.09953999999999],[-78.938144,43.09955299999999],[-78.93747599999999,43.09957999999999],[-78.936807,43.099587],[-78.93278000000001,43.09954599999998],[-78.93145299999999,43.099528],[-78.930343,43.09948099999999],[-78.929918,43.099450000000004],[-78.929447,43.09941599999999],[-78.928996,43.09937199999999],[-78.927926,43.099249],[-78.927432,43.099171],[-78.927195,43.09913699999999],[-78.92677599999999,43.09905199999999],[-78.925519,43.098798999999985],[-78.925101,43.09871499999999],[-78.92345999999999,43.098417999999995],[-78.92277899999999,43.098282000000005],[-78.92248099999999,43.09821199999999],[-78.92190599999999,43.09806499999999],[-78.921911,43.097877],[-78.921909,43.097767],[-78.92190599999999,43.097396999999994],[-78.921914,43.096697],[-78.921914,43.096678],[-78.921956,43.095726],[-78.921945,43.09459],[-78.92195699999999,43.09400099999999],[-78.92204,43.09336],[-78.92208699999999,43.09290300000001],[-78.922124,43.092426999999994],[-78.922128,43.091500999999994],[-78.92210399999999,43.088829999999994],[-78.922086,43.085377],[-78.922085,43.085136],[-78.922084,43.08508699999999],[-78.922079,43.084219999999995],[-78.922078,43.08393099999999],[-78.922073,43.083273999999996],[-78.922068,43.08264299999998],[-78.92399,43.082660999999995],[-78.92466399999999,43.082663],[-78.92503599999999,43.08265999999998],[-78.925224,43.08265900000001],[-78.925569,43.082665],[-78.925775,43.082692999999985],[-78.92584699999999,43.082714],[-78.926114,43.082834999999996],[-78.926121,43.082837],[-78.926349,43.082907999999996],[-78.926481,43.08292799999999],[-78.926475,43.08321599999999],[-78.926461,43.084083],[-78.926457,43.08437199999999],[-78.92645000000002,43.08465499999999],[-78.926433,43.08550399999999],[-78.926428,43.085787999999994],[-78.926416,43.086448999999995],[-78.926402,43.087294],[-78.926436,43.087419999999995],[-78.92653,43.087568],[-78.926632,43.08766999999999],[-78.926949,43.087905],[-78.927066,43.08802399999999],[-78.927094,43.088077000000006],[-78.927114,43.088142999999995],[-78.927123,43.088170999999996],[-78.927143,43.088303999999994],[-78.92714,43.088688],[-78.927134,43.08880299999999],[-78.927233,43.08875899999999],[-78.927315,43.088733],[-78.927388,43.088719999999995],[-78.927697,43.08871],[-78.92814,43.08871],[-78.931202,43.08871399999998],[-78.932223,43.08871599999999],[-78.93254499999999,43.08871599999999],[-78.93351299999999,43.088715999999984],[-78.933836,43.088716],[-78.93383,43.08840399999999],[-78.933814,43.087468],[-78.933809,43.08715600000001],[-78.93377799999999,43.085601999999994],[-78.933774,43.08526399999999],[-78.93377199999999,43.085133],[-78.933767,43.08486199999999],[-78.933756,43.08408499999999],[-78.933757,43.08405],[-78.933762,43.083937999999996],[-78.933785,43.08378099999999],[-78.934444,43.083856],[-78.93459899999999,43.08388299999999],[-78.93480699999999,43.083921],[-78.935056,43.08398699999999]]]},"properties":{"geoid":"360630227124","name":"Block Group 4","pop":1134.0,"obs_Mesothelioma":0.0,"exp_Mesothelioma":0.1,"sir_Mesothelioma":0.0,"obs_Lung":12.0,"exp_Lung":7.12,"sir_Lung":1.686,"obs_Bladder":4.0,"exp_Bladder":2.6,"sir_Bladder":1.539,"obs_Esophagus":0.0,"exp_Esophagus":0.47,"sir_Esophagus":0.0,"obs_Oral":0.0,"exp_Oral":0.96,"sir_Oral":0.0,"obs_Brain":1.0,"exp_Brain":0.54,"sir_Brain":1.866,"hlarea_Lung":1,"hlarea_Bladder":1,"hlarea_Esophagus":1,"hlarea_Oral":0,"hlarea_Brain":0,"hlarea_Mesothelioma":0,"merged_area":false,"doh_region":"360630227124"}},{"type":"Feature","geometry":{"type":"Polygon","coordinates":[[[-78.89334199999999,43.132172999999995],[-78.892338,43.13217999999999],[-78.889268,43.13219899999999],[-78.889369,43.13053099999999],[-78.88940000000001,43.130012999999984],[-78.889793,43.123456000000004],[-78.88982299999999,43.122961999999994],[-78.889883,43.12182500000001],[-78.889889,43.12155500000001],[-78.88989099999999,43.121269],[-78.889888,43.12104],[-78.88987999999999,43.120495],[-78.88986799999999,43.11948499999999],[-78.88985699999999,43.118173000000006],[-78.88985199999999,43.11739899999999],[-78.889851,43.11713599999999],[-78.889851,43.11635099999999],[-78.889851,43.11608899999998],[-78.88985699999999,43.11377199999999],[-78.889861,43.112500999999995],[-78.88987399999999,43.110343],[-78.889865,43.106821],[-78.88986,43.104824],[-78.88986,43.104505],[-78.889856,43.10404099999999],[-78.889847,43.102650999999994],[-78.88984500000001,43.102188],[-78.88984099999999,43.101862999999994],[-78.88982899999999,43.100891000000004],[-78.889825,43.100567],[-78.889821,43.100367],[-78.88981199999999,43.09976700000001],[-78.889809,43.09956799999999],[-78.88976699999999,43.09787599999999],[-78.889749,43.09710099999999],[-78.88968799999999,43.09445799999999],[-78.889658,43.092802999999996],[-78.889629,43.091111999999995],[-78.88960999999999,43.090302],[-78.88955399999999,43.08787199999999],[-78.88953800000002,43.08713799999999],[-78.88953699999999,43.087063],[-78.889535,43.087016999999996],[-78.889532,43.08688100000001],[-78.889532,43.086875],[-78.889529,43.086835999999984],[-78.889716,43.086944999999986],[-78.890089,43.087177999999994],[-78.89036999999999,43.087397999999986],[-78.890603,43.08757999999999],[-78.89131900000001,43.088173000000005],[-78.89235099999999,43.089003999999996],[-78.892764,43.089269],[-78.89283200000001,43.089313],[-78.89312199999999,43.08948499999999],[-78.89366,43.08974200000001],[-78.89401199999999,43.0899],[-78.894194,43.08996599999999],[-78.894522,43.090072],[-78.894977,43.090199],[-78.895805,43.090396],[-78.896721,43.09055599999999],[-78.897358,43.090644],[-78.90142999999999,43.091075999999994],[-78.90214700000001,43.091164],[-78.902559,43.09123399999999],[-78.90331499999999,43.091405999999985],[-78.903812,43.09154099999999],[-78.904246,43.09168199999999],[-78.90495299999999,43.091939999999994],[-78.90620299999999,43.09241999999999],[-78.91049199999999,43.094091],[-78.912261,43.094767999999995],[-78.912261,43.09477999999999],[-78.912262,43.095138999999996],[-78.912262,43.095225],[-78.91225899999999,43.095253],[-78.91226,43.09538999999999],[-78.91226499999999,43.096713],[-78.911523,43.096699],[-78.910359,43.09670899999999],[-78.91044699999999,43.098617],[-78.91044699999999,43.098633],[-78.910476,43.099463],[-78.910476,43.09946699999999],[-78.910541,43.10113899999999],[-78.907112,43.101196999999985],[-78.90657499999999,43.101191],[-78.906576,43.101247],[-78.90657999999999,43.10141499999998],[-78.906582,43.101471],[-78.906588,43.101780999999995],[-78.906607,43.102711],[-78.906614,43.10302099999999],[-78.90587099999999,43.10303599999999],[-78.905686,43.10304000000001],[-78.903989,43.103056999999986],[-78.903643,43.10306],[-78.902901,43.10306699999999],[-78.902898,43.103213999999994],[-78.902891,43.10365499999999],[-78.902889,43.103803000000006],[-78.90289299999999,43.10386599999999],[-78.902917,43.10391299999999],[-78.902941,43.103927999999996],[-78.903089,43.103941],[-78.903565,43.103930999999996],[-78.90569700000002,43.103886999999986],[-78.90587300000001,43.103883999999994],[-78.906643,43.10387499999999],[-78.90664699999999,43.10402899999999],[-78.906661,43.10448999999999],[-78.906666,43.104644999999984],[-78.90666999999999,43.104820999999994],[-78.90668199999999,43.10530099999999],[-78.90668699999999,43.105349999999994],[-78.906697,43.10542799999999],[-78.906733,43.105470999999994],[-78.90677199999999,43.10548599999999],[-78.906819,43.105497],[-78.906903,43.10550099999998],[-78.907553,43.10548399999999],[-78.908001,43.10547299999999],[-78.909903,43.105444999999996],[-78.910687,43.10543399999999],[-78.91135299999999,43.10542799999999],[-78.91179799999999,43.105425],[-78.91335099999999,43.10538499999999],[-78.91377399999999,43.10537499999999],[-78.91401700000002,43.10535899999999],[-78.914057,43.10535399999999],[-78.914276,43.10531100000001],[-78.914538,43.105236],[-78.915309,43.105018],[-78.91606,43.104814],[-78.916088,43.104805999999996],[-78.916465,43.104713],[-78.91653099999999,43.104681],[-78.91657699999999,43.104622],[-78.916591,43.104499999999994],[-78.91659,43.104458],[-78.916585,43.103966],[-78.916584,43.10380199999999],[-78.91658,43.10347099999999],[-78.916568,43.102480999999976],[-78.916564,43.102151],[-78.917636,43.101859999999995],[-78.92085399999999,43.10099],[-78.921927,43.1007],[-78.922989,43.10041400000001],[-78.92322399999999,43.100351999999994],[-78.923851,43.100181000000006],[-78.925872,43.099627999999996],[-78.92616699999999,43.099527],[-78.926523,43.099406999999985],[-78.92688400000002,43.09927099999999],[-78.927005,43.09922300000001],[-78.927126,43.099174999999995],[-78.927195,43.09913699999999],[-78.927432,43.099171],[-78.927926,43.099249],[-78.928996,43.09937199999999],[-78.929447,43.09941599999999],[-78.929918,43.099450000000004],[-78.930343,43.09948099999999],[-78.93145299999999,43.099528],[-78.93278000000001,43.09954599999998],[-78.936807,43.099587],[-78.93747599999999,43.09957999999999],[-78.938144,43.09955299999999],[-78.938491,43.09953999999999],[-78.940139,43.099442999999994],[-78.940883,43.09940199999999],[-78.940966,43.099396],[-78.941217,43.09938199999999],[-78.941236,43.099380999999994],[-78.9413,43.09937],[-78.94130299999999,43.099460999999984],[-78.941312,43.099734999999995],[-78.941316,43.09982699999999],[-78.94136499999999,43.100339999999996],[-78.941388,43.10078600000001],[-78.94147099999999,43.101707999999995],[-78.94149,43.102106],[-78.941497,43.10220999999999],[-78.94157,43.10320299999999],[-78.941673,43.10454000000001],[-78.942039,43.10921599999999],[-78.942042,43.109362],[-78.942049,43.109694],[-78.942167,43.11175],[-78.942195,43.11180800000001],[-78.94226499999999,43.111951999999995],[-78.942264,43.111989],[-78.942264,43.112055],[-78.942263,43.112133],[-78.942262,43.112367],[-78.942262,43.112446],[-78.942264,43.113122],[-78.942271,43.115152],[-78.942274,43.11582899999999],[-78.942278,43.116653],[-78.942292,43.11912499999999],[-78.942295,43.11963499999999],[-78.942279,43.119948999999984],[-78.942264,43.12025099999999],[-78.942219,43.121159999999996],[-78.942205,43.121463],[-78.94217900000001,43.123661999999996],[-78.942156,43.125448],[-78.942155,43.125749],[-78.94238899999999,43.125937999999984],[-78.942371,43.12708999999999],[-78.942358,43.127438999999995],[-78.94235300000001,43.12759499999999],[-78.94224899999999,43.13134],[-78.94222400000001,43.132504],[-78.936056,43.132314],[-78.931941,43.132186999999995],[-78.93095199999999,43.13217199999999],[-78.927561,43.13214599999999],[-78.917388,43.132068],[-78.91399799999999,43.13204299999999],[-78.912122,43.132055],[-78.906497,43.13209299999999],[-78.905529,43.1321],[-78.905076,43.132102999999994],[-78.904622,43.132106],[-78.901551,43.13212399999998],[-78.89334199999999,43.132172999999995]]]},"properties":{"geoid":"360630227112","name":"Block Group 2","pop":1140.0,"obs_Mesothelioma":0.0,"exp_Mesothelioma":0.07,"sir_Mesothelioma":0.0,"obs_Lung":1.0,"exp_Lung":4.91,"sir_Lung":0.204,"obs_Bladder":3.0,"exp_Bladder":1.91,"sir_Bladder":1.568,"obs_Esophagus":1.0,"exp_Esophagus":0.39,"sir_Esophagus":2.548,"obs_Oral":1.0,"exp_Oral":0.84,"sir_Oral":1.188,"obs_Brain":0.0,"exp_Brain":0.46,"sir_Brain":0.0,"hlarea_Lung":1,"hlarea_Bladder":1,"hlarea_Esophagus":1,"hlarea_Oral":0,"hlarea_Brain":0,"hlarea_Mesothelioma":0,"merged_area":false,"doh_region":"360630227112"}},{"type":"Feature","geometry":{"type":"Polygon","coordinates":[[[-78.89492899999999,43.143234],[-78.89725299999999,43.14324499999999],[-78.898887,43.143252999999994],[-78.899301,43.143256],[-78.901417,43.14326299999998],[-78.904943,43.14329599999999],[-78.90920299999999,43.14332999999999],[-78.91076199999999,43.14334499999998],[-78.912691,43.143364999999996],[-78.914721,43.14337],[-78.914715,43.145590000000006],[-78.91469599999999,43.152252],[-78.91469099999999,43.15447299999999],[-78.914706,43.15753699999999],[-78.914754,43.16673199999998],[-78.91476999999999,43.169796999999996],[-78.914828,43.17110799999998],[-78.915003,43.175042999999995],[-78.91506199999999,43.176354999999994],[-78.91923899999999,43.176373],[-78.929859,43.176421999999995],[-78.930196,43.176417],[-78.93015,43.17969699999998],[-78.93020299999999,43.181765999999996],[-78.9302,43.182503999999994],[-78.930199,43.18296399999999],[-78.930216,43.183797],[-78.930221,43.183987999999985],[-78.930219,43.184073000000005],[-78.93021,43.18450199999998],[-78.93018599999999,43.184822],[-78.930163,43.187],[-78.930244,43.186979],[-78.93047299999999,43.186953999999986],[-78.934998,43.18516299999999],[-78.94044500000001,43.182531000000004],[-78.945673,43.182073],[-78.947707,43.181895000000004],[-78.96213999999999,43.18008],[-78.96857399999999,43.179469],[-78.973337,43.17881599999999],[-78.97427600000002,43.178632999999984],[-78.97441599999999,43.178718999999994],[-78.974715,43.17894299999999],[-78.974801,43.179006999999984],[-78.974849,43.179085],[-78.974876,43.17928799999999],[-78.974944,43.179531999999995],[-78.974944,43.179721],[-78.974903,43.179801999999995],[-78.974741,43.179978],[-78.974487,43.18010799999999],[-78.974374,43.18021399999999],[-78.97428,43.18030299999999],[-78.97421899999999,43.18046599999998],[-78.974246,43.180668999999995],[-78.974265,43.18069199999999],[-78.97369599999999,43.18080199999999],[-78.97295299999999,43.18095700000001],[-78.972912,43.18096599999999],[-78.972098,43.18112399999999],[-78.971475,43.181256],[-78.969017,43.18175299999999],[-78.96770599999999,43.182019],[-78.967727,43.18209699999999],[-78.96773999999999,43.18301499999999],[-78.967787,43.185235999999996],[-78.967877,43.189417],[-78.967953,43.19219599999999],[-78.968012,43.19395599999999],[-78.96799399999999,43.19412699999999],[-78.967946,43.194483999999996],[-78.967917,43.19457499999999],[-78.967787,43.19485999999999],[-78.967671,43.195117999999994],[-78.96765300000001,43.195191],[-78.967627,43.19548599999999],[-78.96763299999999,43.198053],[-78.967637,43.19880800000001],[-78.967629,43.19932899999999],[-78.967668,43.20406499999999],[-78.96765500000001,43.20500199999999],[-78.967682,43.20760299999999],[-78.96768399999999,43.207800999999996],[-78.967697,43.20953399999999],[-78.967719,43.210263],[-78.96770099999999,43.21051699999999],[-78.96669500000002,43.21096999999999],[-78.965204,43.211622],[-78.96511,43.211655],[-78.965004,43.211676999999995],[-78.964319,43.211690999999995],[-78.962267,43.211709000000006],[-78.96149199999999,43.211697],[-78.960748,43.211705999999985],[-78.960387,43.211723],[-78.960273,43.21174099999999],[-78.96004099999999,43.211802999999996],[-78.959835,43.211876],[-78.95809299999999,43.21268799999999],[-78.958019,43.21271300000001],[-78.957995,43.212907],[-78.95799199999999,43.212981000000006],[-78.957965,43.213775999999996],[-78.957965,43.213790999999986],[-78.957966,43.214061999999984],[-78.957966,43.214303],[-78.957968,43.214668999999994],[-78.957972,43.21502599999999],[-78.957976,43.21526799999999],[-78.957982,43.215661999999995],[-78.957982,43.215855],[-78.957985,43.21761600000001],[-78.95798599999999,43.21820399999999],[-78.95798099999999,43.218452000000006],[-78.957968,43.219198000000006],[-78.95796399999999,43.21943199999999],[-78.95796399999999,43.219446999999995],[-78.95474399999999,43.219427999999986],[-78.94508400000001,43.21937299999999],[-78.941864,43.219355],[-78.940855,43.21937399999999],[-78.937829,43.21943299999998],[-78.936821,43.219452999999994],[-78.93555099999999,43.219586000000014],[-78.931743,43.219984999999994],[-78.93047399999999,43.22011899999998],[-78.92873,43.22011399999999],[-78.923498,43.220102],[-78.92175399999999,43.22009799999999],[-78.919545,43.220104000000006],[-78.912921,43.22012399999999],[-78.910713,43.220132],[-78.91064399999999,43.220133999999995],[-78.91044,43.220139999999994],[-78.910372,43.22014299999999],[-78.90854999999999,43.220164999999994],[-78.903083,43.22023199999998],[-78.901262,43.22025499999999],[-78.898102,43.220275],[-78.888622,43.220335],[-78.88546199999999,43.22035499999999],[-78.885469,43.21887100000001],[-78.88548899999999,43.214421],[-78.885497,43.212938],[-78.88552,43.21069499999999],[-78.885588,43.20396699999999],[-78.885612,43.20172499999999],[-78.88560000000001,43.20003799999999],[-78.885594,43.19956399999999],[-78.88551799999999,43.19308399999999],[-78.885493,43.19092500000001],[-78.885486,43.190221999999984],[-78.885465,43.188112999999994],[-78.885458,43.18740999999999],[-78.885429,43.185157000000004],[-78.885402,43.18292],[-78.885387,43.182458000000004],[-78.885344,43.178398],[-78.885344,43.178312],[-78.885299,43.176146],[-78.885272,43.17478899999999],[-78.88524900000002,43.173634],[-78.88519699999999,43.170721],[-78.88517399999999,43.16936499999999],[-78.885169,43.169160999999995],[-78.885156,43.16854999999999],[-78.88515199999999,43.168347],[-78.88514599999999,43.168],[-78.88512999999999,43.167050999999994],[-78.885126,43.166959999999996],[-78.88511299999999,43.16661399999999],[-78.88511,43.16650299999999],[-78.885102,43.166169999999994],[-78.88510000000001,43.16605999999998],[-78.885071,43.16473299999999],[-78.88504,43.16383199999999],[-78.88497699999999,43.16192499999999],[-78.884954,43.16098799999998],[-78.884869,43.158153],[-78.88485399999999,43.15714899999999],[-78.884821,43.15492099999998],[-78.884818,43.15474999999999],[-78.88481700000001,43.15455499999999],[-78.88481700000001,43.154344],[-78.884807,43.153576],[-78.884806,43.153456999999996],[-78.884806,43.15309099999998],[-78.884802,43.151124999999986],[-78.884802,43.150802000000006],[-78.884767,43.14793799999998],[-78.884776,43.14716800000001],[-78.88478599999999,43.145230999999995],[-78.884789,43.14469099999999],[-78.88477999999999,43.143266000000004],[-78.88507700000001,43.14326700000001],[-78.885969,43.14327000000001],[-78.88626699999999,43.143271999999996],[-78.886973,43.143273],[-78.887663,43.143274],[-78.888402,43.14326299999999],[-78.889094,43.143260999999995],[-78.88980099999999,43.14325899999999],[-78.890129,43.14325699999999],[-78.891116,43.143254],[-78.89144499999999,43.143253],[-78.892141,43.143248],[-78.894232,43.14323699999999],[-78.89492899999999,43.143234]]]},"properties":{"geoid":"360630244052","name":"Block Group 2","pop":2154.0,"obs_Mesothelioma":1.0,"exp_Mesothelioma":0.15,"sir_Mesothelioma":6.837,"obs_Lung":6.0,"exp_Lung":9.64,"sir_Lung":0.622,"obs_Bladder":4.0,"exp_Bladder":3.84,"sir_Bladder":1.042,"obs_Esophagus":1.0,"exp_Esophagus":0.78,"sir_Esophagus":1.275,"obs_Oral":3.0,"exp_Oral":1.67,"sir_Oral":1.797,"obs_Brain":1.0,"exp_Brain":0.89,"sir_Brain":1.123,"hlarea_Lung":0,"hlarea_Bladder":0,"hlarea_Esophagus":1,"hlarea_Oral":0,"hlarea_Brain":0,"hlarea_Mesothelioma":0,"merged_area":false,"doh_region":"360630244052"}},{"type":"Feature","geometry":{"type":"Polygon","coordinates":[[[-79.032364,43.113151999999985],[-79.03234,43.113093],[-79.032316,43.11302999999998],[-79.032287,43.112975],[-79.032259,43.11292199999998],[-79.03223,43.112866999999994],[-79.032298,43.112856],[-79.032472,43.112827],[-79.03320099999999,43.112708999999995],[-79.033444,43.11267],[-79.034188,43.11254799999999],[-79.034395,43.112514999999995],[-79.036427,43.112206],[-79.036501,43.11219499999999],[-79.037172,43.11208299999999],[-79.037307,43.11206199999999],[-79.03731499999999,43.11206],[-79.037746,43.111994],[-79.03788999999999,43.111973],[-79.037945,43.111964],[-79.03806999999999,43.111945999999996],[-79.038111,43.11193999999998],[-79.038167,43.111933],[-79.039582,43.111742],[-79.04181,43.11144199999999],[-79.042689,43.111323999999996],[-79.043205,43.111259],[-79.04372699999999,43.111194999999995],[-79.04383,43.11117999999999],[-79.044248,43.111122999999985],[-79.04477,43.111053],[-79.045247,43.110994],[-79.045481,43.110964],[-79.045851,43.110918999999996],[-79.046183,43.11087399999999],[-79.04641699999999,43.11084299999999],[-79.04693499999999,43.11077299999999],[-79.04849,43.110566],[-79.049009,43.11049699999998],[-79.049009,43.11063199999998],[-79.04901,43.11072099999999],[-79.04901199999999,43.11088700000001],[-79.04901199999999,43.11103699999998],[-79.04901199999999,43.111173],[-79.049011,43.111324999999994],[-79.049011,43.111779999999996],[-79.049011,43.11193299999999],[-79.04901199999999,43.112078],[-79.04901500000001,43.112513],[-79.04901699999999,43.11265799999999],[-79.049019,43.11280399999999],[-79.049026,43.11324200000001],[-79.04902899999999,43.11338799999999],[-79.04901799999999,43.113534],[-79.048978,43.113611999999996],[-79.04866299999999,43.11423999999998],[-79.048559,43.11444999999999],[-79.04852199999999,43.114519999999985],[-79.048413,43.114731],[-79.048377,43.114802],[-79.048338,43.114876999999986],[-79.048223,43.115103999999995],[-79.04818499999999,43.11517999999999],[-79.047822,43.115173999999996],[-79.046735,43.115156],[-79.046373,43.115151000000004],[-79.04584,43.11514299999998],[-79.044241,43.11512099999999],[-79.043708,43.11511399999999],[-79.043148,43.115108],[-79.041471,43.11509100000001],[-79.041073,43.11508799999999],[-79.041006,43.11510899999999],[-79.040976,43.115128000000006],[-79.04092899999999,43.115156999999996],[-79.040842,43.115173999999996],[-79.040388,43.11517999999998],[-79.03985899999999,43.115189],[-79.039323,43.115187999999996],[-79.039154,43.11518799999999],[-79.03876,43.11518799999999],[-79.038218,43.115189999999984],[-79.038217,43.11501599999999],[-79.038214,43.11449599999999],[-79.038214,43.11432299999999],[-79.038001,43.114323000000006],[-79.037362,43.114323000000006],[-79.03715,43.114323000000006],[-79.03693899999999,43.114323],[-79.036306,43.114324999999994],[-79.036096,43.11432599999999],[-79.035883,43.11432699999999],[-79.035246,43.11432899999999],[-79.035034,43.11433100000001],[-79.035034,43.11435499999999],[-79.035035,43.114429],[-79.03503599999999,43.114453999999995],[-79.035038,43.114604000000014],[-79.035044,43.11505399999999],[-79.035046,43.11520399999999],[-79.035056,43.11595199999999],[-79.03506,43.11671299999998],[-79.033887,43.11671299999999],[-79.03382599999999,43.11671299999999],[-79.033541,43.115935],[-79.03344899999999,43.115718],[-79.033264,43.11520999999999],[-79.03308799999999,43.114794999999994],[-79.033025,43.11468],[-79.032885,43.11439399999999],[-79.03287499999999,43.114377],[-79.032701,43.11393599999998],[-79.032659,43.113832999999985],[-79.032629,43.11376500000001],[-79.032595,43.113688],[-79.03254799999999,43.113580000000006],[-79.032409,43.113259],[-79.032387,43.113209],[-79.032364,43.113151999999985]]]},"properties":{"geoid":"360630202002","name":"Block Group 2","pop":555.0,"obs_Mesothelioma":0.0,"exp_Mesothelioma":0.04,"sir_Mesothelioma":0.0,"obs_Lung":7.0,"exp_Lung":2.32,"sir_Lung":3.014,"obs_Bladder":1.0,"exp_Bladder":0.91,"sir_Bladder":1.098,"obs_Esophagus":0.0,"exp_Esophagus":0.17,"sir_Esophagus":0.0,"obs_Oral":0.0,"exp_Oral":0.37,"sir_Oral":0.0,"obs_Brain":0.0,"exp_Brain":0.21,"sir_Brain":0.0,"hlarea_Lung":1,"hlarea_Bladder":0,"hlarea_Esophagus":1,"hlarea_Oral":0,"hlarea_Brain":0,"hlarea_Mesothelioma":0,"merged_area":false,"doh_region":"360630202002"}},{"type":"Feature","geometry":{"type":"Polygon","coordinates":[[[-78.70905400000001,43.171414],[-78.709544,43.17162299999999],[-78.711434,43.172430000000006],[-78.712065,43.17269999999999],[-78.712051,43.17317200000001],[-78.712066,43.173660999999996],[-78.712139,43.176043],[-78.712155,43.176545999999995],[-78.712181,43.177313],[-78.71220199999999,43.177507],[-78.712214,43.17767099999999],[-78.71225199999999,43.17816399999999],[-78.712265,43.17832899999999],[-78.712273,43.178411000000004],[-78.71229699999999,43.178659],[-78.712305,43.178741999999986],[-78.712317,43.178892],[-78.71233800000002,43.17912899999999],[-78.712313,43.179269],[-78.712293,43.179322000000006],[-78.712282,43.17933599999999],[-78.712192,43.179458],[-78.712082,43.179536999999996],[-78.71172,43.179711999999995],[-78.710979,43.179995000000005],[-78.710689,43.180115],[-78.71047,43.18019399999999],[-78.70979,43.180440999999995],[-78.709576,43.18051499999999],[-78.708544,43.18085099999998],[-78.708355,43.180901],[-78.708146,43.180935999999996],[-78.707916,43.180965],[-78.707488,43.181000999999995],[-78.705514,43.18112999999998],[-78.70496899999999,43.181185],[-78.704549,43.181228],[-78.703221,43.181429],[-78.70311199999999,43.181447000000006],[-78.70275,43.181508],[-78.70253699999999,43.181568],[-78.70236,43.181618],[-78.702351,43.181621],[-78.701972,43.181745],[-78.70153499999999,43.18189399999999],[-78.701101,43.18201699999999],[-78.700752,43.182047],[-78.700457,43.18204499999999],[-78.700107,43.18202199999998],[-78.699978,43.182013999999995],[-78.699799,43.181984],[-78.699344,43.18190899999999],[-78.69903,43.18185799999999],[-78.698863,43.181832],[-78.69845699999999,43.18175699999999],[-78.698251,43.181693999999986],[-78.698106,43.181637],[-78.697811,43.181521999999994],[-78.69784,43.181154],[-78.697836,43.181059999999995],[-78.697834,43.181013],[-78.697811,43.180967],[-78.69770799999999,43.18086699999999],[-78.69702699999999,43.180519],[-78.69695999999999,43.180474999999994],[-78.696893,43.180391],[-78.696855,43.18028799999999],[-78.69685299999999,43.180205999999984],[-78.696848,43.17974399999999],[-78.696848,43.179700000000004],[-78.69685,43.17957199999999],[-78.696851,43.179529],[-78.696851,43.17931899999999],[-78.696854,43.178692000000005],[-78.696855,43.17848299999999],[-78.696855,43.178358],[-78.696859,43.177986],[-78.69686,43.177862],[-78.696861,43.177771],[-78.696865,43.177499999999995],[-78.696867,43.17740999999999],[-78.696867,43.177330999999995],[-78.696867,43.177095999999985],[-78.696867,43.17701799999999],[-78.696865,43.176832],[-78.696863,43.17627799999999],[-78.696862,43.17609299999997],[-78.69686,43.17591899999999],[-78.696857,43.175397999999994],[-78.696856,43.17522499999999],[-78.696854,43.17504799999999],[-78.696851,43.17451599999999],[-78.69685,43.174339999999994],[-78.69685299999999,43.173469999999995],[-78.69685299999999,43.173059999999985],[-78.696848,43.172361],[-78.696848,43.172238],[-78.69685,43.17187299999999],[-78.696851,43.171751],[-78.696851,43.171637999999994],[-78.696851,43.1713],[-78.69685199999999,43.171188],[-78.69735399999999,43.17118999999998],[-78.69886199999999,43.17119699999999],[-78.699365,43.1712],[-78.69986,43.171208],[-78.700412,43.171217],[-78.701345,43.17121099999999],[-78.701841,43.17120899999999],[-78.702035,43.17120899999998],[-78.70262,43.171209],[-78.702815,43.171209999999995],[-78.70287499999999,43.17121000000001],[-78.703057,43.17121],[-78.703118,43.17121],[-78.703914,43.171211],[-78.706302,43.171215],[-78.707098,43.171217],[-78.707317,43.171217],[-78.707702,43.171217],[-78.707875,43.171200999999996],[-78.707966,43.171164999999995],[-78.707985,43.171157999999984],[-78.70804,43.171120999999985],[-78.70812099999999,43.17101499999998],[-78.70827899999999,43.171082],[-78.708755,43.171285999999974],[-78.708914,43.171354],[-78.70905400000001,43.171414]]]},"properties":{"geoid":"360630236001","name":"Block Group 1","pop":1797.0,"obs_Mesothelioma":0.0,"exp_Mesothelioma":0.07,"sir_Mesothelioma":0.0,"obs_Lung":9.0,"exp_Lung":4.88,"sir_Lung":1.844,"obs_Bladder":5.0,"exp_Bladder":1.85,"sir_Bladder":2.7,"obs_Esophagus":1.0,"exp_Esophagus":0.38,"sir_Esophagus":2.638,"obs_Oral":4.0,"exp_Oral":0.87,"sir_Oral":4.607,"obs_Brain":0.0,"exp_Brain":0.58,"sir_Brain":0.0,"hlarea_Lung":1,"hlarea_Bladder":1,"hlarea_Esophagus":1,"hlarea_Oral":0,"hlarea_Brain":0,"hlarea_Mesothelioma":0,"merged_area":false,"doh_region":"360630236001"}},{"type":"Feature","geometry":{"type":"Polygon","coordinates":[[[-78.677955,43.168358000000005],[-78.67794200000002,43.167531],[-78.677932,43.16689499999999],[-78.677921,43.165049999999994],[-78.67792,43.164764],[-78.677904,43.16422399999999],[-78.67819899999999,43.16423499999999],[-78.679084,43.16427099999999],[-78.67938,43.164283],[-78.679628,43.164292999999994],[-78.680373,43.164322999999996],[-78.680622,43.164334],[-78.680824,43.16434199999999],[-78.681429,43.164367],[-78.681632,43.16437599999999],[-78.68247,43.16440099999999],[-78.684984,43.164477],[-78.685823,43.164502999999996],[-78.685831,43.16468799999999],[-78.68585499999999,43.165244],[-78.685864,43.165429999999986],[-78.68587099999999,43.165603],[-78.685892,43.166123],[-78.68589899999999,43.166297],[-78.685904,43.166429],[-78.685921,43.16682499999999],[-78.68592699999999,43.16695799999999],[-78.685929,43.166999],[-78.685935,43.16712199999999],[-78.685938,43.167163999999985],[-78.685942,43.16723899999999],[-78.685954,43.16746599999999],[-78.68595900000001,43.167542],[-78.685964,43.167647999999986],[-78.685979,43.16796699999999],[-78.68598399999999,43.16807399999998],[-78.68598899999999,43.168176999999986],[-78.686005,43.168487],[-78.686011,43.168591000000006],[-78.68509499999999,43.16856299999999],[-78.682771,43.16849299999999],[-78.682347,43.16848099999999],[-78.681432,43.16845699999998],[-78.68104,43.168447],[-78.679864,43.16841699999999],[-78.67947199999999,43.168408000000014],[-78.679259,43.168400999999996],[-78.67862199999999,43.16837999999999],[-78.67841,43.168373999999986],[-78.678319,43.16836999999998],[-78.678046,43.168361],[-78.677955,43.168358000000005]]]},"properties":{"geoid":"360630238002","name":"Block Group 2","pop":1751.0,"obs_Mesothelioma":0.0,"exp_Mesothelioma":0.0607052196,"sir_Mesothelioma":0.0,"obs_Lung":7.0,"exp_Lung":4.2770685496,"sir_Lung":1.637,"obs_Bladder":1.0,"exp_Bladder":1.6197639575,"sir_Bladder":0.617,"obs_Esophagus":1.0,"exp_Esophagus":0.3453596867,"sir_Esophagus":2.896,"obs_Oral":1.0,"exp_Oral":0.8016845245,"sir_Oral":1.247,"obs_Brain":1.0,"exp_Brain":0.5409267644,"sir_Brain":1.849,"hlarea_Lung":1,"hlarea_Bladder":1,"hlarea_Esophagus":1,"hlarea_Oral":0,"hlarea_Brain":0,"hlarea_Mesothelioma":0,"doh_region":"36063DOH0008","merged_area":true,"merged_bg_count":2}},{"type":"Feature","geometry":{"type":"Polygon","coordinates":[[[-78.53742299999999,43.171031],[-78.537167,43.17138],[-78.536937,43.171634000000005],[-78.535401,43.173128999999996],[-78.53514600000001,43.17341299999998],[-78.53484100000001,43.17379899999999],[-78.53438799999999,43.17441399999999],[-78.534076,43.175014999999995],[-78.534021,43.175126999999996],[-78.533804,43.175571999999995],[-78.532651,43.178078000000006],[-78.53254199999999,43.17833699999999],[-78.532451,43.17863899999999],[-78.532446,43.178659999999994],[-78.532386,43.178921],[-78.532303,43.179384],[-78.532128,43.180485999999995],[-78.532032,43.181097],[-78.531891,43.18202999999998],[-78.531868,43.182446],[-78.531868,43.18263399999999],[-78.531891,43.182829],[-78.531959,43.18307899999999],[-78.532079,43.183436],[-78.53215399999999,43.183625],[-78.532248,43.183897],[-78.532487,43.184584],[-78.532816,43.185624999999995],[-78.532895,43.18593],[-78.532952,43.186229999999995],[-78.532975,43.186505],[-78.53296499999999,43.186769000000005],[-78.53292499999999,43.18707799999999],[-78.532812,43.18771399999999],[-78.532663,43.18873599999999],[-78.532646,43.18907299999999],[-78.532653,43.189299999999996],[-78.53267300000002,43.18950799999999],[-78.532918,43.19062599999999],[-78.53327399999999,43.192319],[-78.533299,43.19243799999998],[-78.533763,43.19477599999999],[-78.533794,43.195142999999995],[-78.53378699999999,43.195420999999996],[-78.533751,43.195710999999996],[-78.533495,43.196617999999994],[-78.53349399999999,43.196621999999984],[-78.533416,43.197078999999995],[-78.53340299999999,43.19729399999999],[-78.533411,43.197516],[-78.533467,43.197852999999974],[-78.533517,43.198031],[-78.53368,43.19842200000001],[-78.53378599999999,43.198626999999995],[-78.534037,43.199],[-78.534232,43.199223999999994],[-78.53440700000002,43.19940299999999],[-78.535029,43.199974999999995],[-78.535178,43.20013999999998],[-78.535405,43.20045299999999],[-78.53544099999999,43.20050199999999],[-78.535556,43.200696],[-78.53566200000002,43.200914000000004],[-78.535744,43.20112499999999],[-78.53578999999999,43.201303999999986],[-78.535865,43.201710999999996],[-78.535872,43.20187099999999],[-78.53585799999999,43.20234599999999],[-78.535854,43.20239499999998],[-78.535731,43.203964],[-78.53569,43.20448700000001],[-78.53565499999999,43.204933],[-78.535597,43.205692],[-78.535561,43.20627299999999],[-78.535535,43.206720999999995],[-78.535498,43.207308],[-78.53541299999999,43.208711],[-78.53537299999999,43.20906899999999],[-78.535361,43.209184],[-78.53531699999999,43.209312000000004],[-78.535299,43.209427000000005],[-78.535344,43.209644],[-78.53535099999999,43.20967699999999],[-78.535372,43.209777],[-78.53537899999999,43.209810999999995],[-78.535389,43.209859],[-78.53538999999999,43.20990899999999],[-78.535393,43.21005099999999],[-78.53535099999999,43.210167999999996],[-78.535341,43.21019799999999],[-78.535313,43.210294000000005],[-78.535299,43.21037199999999],[-78.535218,43.211561999999994],[-78.534988,43.21497099999999],[-78.53495699999999,43.215369999999986],[-78.53486099999999,43.216639],[-78.53362,43.21662],[-78.53035,43.216544999999996],[-78.529007,43.216515],[-78.528291,43.21650599999999],[-78.52608599999999,43.216452],[-78.52242,43.21640099999998],[-78.520427,43.21635599999999],[-78.51791899999999,43.216321],[-78.516818,43.216317000000004],[-78.51577499999999,43.21631399999999],[-78.51230699999999,43.216287999999984],[-78.512183,43.216287],[-78.51181199999999,43.21628599999999],[-78.51168899999999,43.216286],[-78.510386,43.216283],[-78.509739,43.21628199999999],[-78.50787299999999,43.21625599999999],[-78.50710099999999,43.21625999999999],[-78.506478,43.216255],[-78.506175,43.21625299999998],[-78.50517599999999,43.21625999999999],[-78.50506,43.216260999999996],[-78.504713,43.21626500000001],[-78.504598,43.216266999999995],[-78.503624,43.216249000000005],[-78.50177099999999,43.216233],[-78.501699,43.216233],[-78.49965499999999,43.216235],[-78.498844,43.21624099999999],[-78.49653599999999,43.216243999999996],[-78.495707,43.216234],[-78.49351,43.216235999999995],[-78.493005,43.216233],[-78.491303,43.216223],[-78.490107,43.21622599999999],[-78.488855,43.21621099999999],[-78.487222,43.216193000000004],[-78.485102,43.216159],[-78.483898,43.21613999999999],[-78.48385200000001,43.21613899999999],[-78.48389100000001,43.21543399999999],[-78.484009,43.21332299999999],[-78.484049,43.21261899999999],[-78.484054,43.21254999999999],[-78.484073,43.212346],[-78.484079,43.212278],[-78.484098,43.212053],[-78.484159,43.211378],[-78.48418,43.211154],[-78.484186,43.211064],[-78.484208,43.210795999999995],[-78.484216,43.210707000000006],[-78.48422099999999,43.21064500000001],[-78.484237,43.210463],[-78.484243,43.210402],[-78.48424399999999,43.210384],[-78.484248,43.21033],[-78.48425,43.21031299999999],[-78.48427699999999,43.20996399999999],[-78.48436,43.208920000000006],[-78.484388,43.20857199999999],[-78.48440000000001,43.20840799999999],[-78.48443999999999,43.20791899999999],[-78.484453,43.20775599999999],[-78.48449099999999,43.207259],[-78.48460899999999,43.20577000000001],[-78.48464899999999,43.205273999999996],[-78.484593,43.20527199999999],[-78.484426,43.20526599999998],[-78.484371,43.205265],[-78.484344,43.20526499999999],[-78.484263,43.205265],[-78.484237,43.20526599999999],[-78.484188,43.205262999999995],[-78.48404699999999,43.20525799999999],[-78.48404099999999,43.20525699999999],[-78.483993,43.205256999999996],[-78.484008,43.20445699999999],[-78.48302199999999,43.204442],[-78.48278599999999,43.20443899999999],[-78.48287599999999,43.2038],[-78.478399,43.203740999999994],[-78.476614,43.20371799999999],[-78.47609500000002,43.203707],[-78.474538,43.203674],[-78.474019,43.203663999999996],[-78.47399,43.203607999999996],[-78.47395999999999,43.203511],[-78.473934,43.20342399999999],[-78.47376899999999,43.203132],[-78.473755,43.203067999999995],[-78.47375300000002,43.20305899999999],[-78.473756,43.202904999999994],[-78.473049,43.20269700000001],[-78.472437,43.20251799999999],[-78.472414,43.202583],[-78.471496,43.20256],[-78.47146099999999,43.203142],[-78.471459,43.203183],[-78.47141900000001,43.203877000000006],[-78.471403,43.204086999999994],[-78.471358,43.20471899999999],[-78.47134299999999,43.20493],[-78.471638,43.204934],[-78.471728,43.20493599999998],[-78.47252499999999,43.204951],[-78.472702,43.204955],[-78.472821,43.20495799999999],[-78.472788,43.205909999999996],[-78.472765,43.20660399999999],[-78.472747,43.206956999999996],[-78.470934,43.20697699999999],[-78.46998099999999,43.20698799999999],[-78.469697,43.20698799999999],[-78.468845,43.206988999999986],[-78.46856199999999,43.20699],[-78.46799299999999,43.20698999999999],[-78.466289,43.20699299999999],[-78.466089,43.20699399999997],[-78.466079,43.20736199999999],[-78.466051,43.207856],[-78.465969,43.20933999999998],[-78.465943,43.209835],[-78.465913,43.210365],[-78.465825,43.211958],[-78.465797,43.212488999999984],[-78.465795,43.21257299999999],[-78.465791,43.212827999999995],[-78.46579,43.21291300000001],[-78.465747,43.21327399999999],[-78.46561799999999,43.21435799999999],[-78.465576,43.21471999999999],[-78.46557200000001,43.21475],[-78.46556199999999,43.214842],[-78.46556,43.21487299999999],[-78.46553899999999,43.215135000000004],[-78.465475,43.215924],[-78.46545499999999,43.216187],[-78.46444699999999,43.21619400000001],[-78.461423,43.216213999999994],[-78.460416,43.216221999999995],[-78.460424,43.216117],[-78.46045,43.215802999999994],[-78.46046,43.215699],[-78.460462,43.215657],[-78.46047,43.215530999999984],[-78.46047399999999,43.215489999999974],[-78.46049900000001,43.21518199999999],[-78.460574,43.214257999999994],[-78.460593,43.214026],[-78.460599,43.21394999999998],[-78.460658,43.21319999999999],[-78.460835,43.210952],[-78.460895,43.210203],[-78.461314,43.20492999999999],[-78.461315,43.20491299999999],[-78.462147,43.19368300000001],[-78.462164,43.19335299999999],[-78.462262,43.192508],[-78.46234799999999,43.19156199999999],[-78.462441,43.190556999999984],[-78.462631,43.18768999999999],[-78.46274,43.186372],[-78.46282599999999,43.185189],[-78.462981,43.183065],[-78.463093,43.18186899999999],[-78.463161,43.18086100000001],[-78.46316999999999,43.18073799999999],[-78.46322599999999,43.179707],[-78.46334,43.178081999999996],[-78.46343399999999,43.177012999999995],[-78.46352499999999,43.17571499999999],[-78.463623,43.17444599999999],[-78.463636,43.17424399999999],[-78.46374899999999,43.172545],[-78.46380099999999,43.172039],[-78.463888,43.17096],[-78.464153,43.16772399999999],[-78.464236,43.16672099999999],[-78.464241,43.166646],[-78.46430699999999,43.165675],[-78.464507,43.162765],[-78.464574,43.161794999999984],[-78.464562,43.16170699999999],[-78.464563,43.161673],[-78.464582,43.161307],[-78.46458899999999,43.161185],[-78.464668,43.15986199999999],[-78.46471199999999,43.15914900000001],[-78.46491900000001,43.15589399999998],[-78.465004,43.15457199999999],[-78.465054,43.153627],[-78.465095,43.15285899999999],[-78.46513000000002,43.152369],[-78.465212,43.15079199999998],[-78.465262,43.14984799999999],[-78.465269,43.149719999999995],[-78.465289,43.14935499999999],[-78.46534,43.148474],[-78.465367,43.147876],[-78.46539,43.14738299999999],[-78.46543299999999,43.14662399999999],[-78.46549399999999,43.14555899999999],[-78.46555699999999,43.144577999999996],[-78.46556799999999,43.144347999999994],[-78.46560000000001,43.14372799999999],[-78.465566,43.143594],[-78.46721099999999,43.14356299999999],[-78.468468,43.14355299999999],[-78.46892299999999,43.14357099999999],[-78.469134,43.143589999999996],[-78.470185,43.143682],[-78.47153,43.14380399999999],[-78.474644,43.14408699999999],[-78.47569299999999,43.144194999999996],[-78.47676,43.14429],[-78.478888,43.144496999999994],[-78.48101,43.144714],[-78.48221099999999,43.14483099999999],[-78.48937,43.145585999999994],[-78.491013,43.14575999999999],[-78.492801,43.14593999999999],[-78.493832,43.14606199999999],[-78.495312,43.146224000000004],[-78.49596799999999,43.146282],[-78.496012,43.146285999999996],[-78.498092,43.146508999999995],[-78.498111,43.146511000000004],[-78.498677,43.146584000000004],[-78.498809,43.146601],[-78.499044,43.14663199999999],[-78.49973299999999,43.146699999999996],[-78.500191,43.146744999999996],[-78.501121,43.14686899999999],[-78.502146,43.146973],[-78.502292,43.146989999999995],[-78.504207,43.147215],[-78.506187,43.14741799999999],[-78.507165,43.14754099999999],[-78.508878,43.147711999999984],[-78.509115,43.147704],[-78.509192,43.14768600000001],[-78.50927399999999,43.14765499999999],[-78.511285,43.14680599999999],[-78.51235199999999,43.146379],[-78.512493,43.14631399999999],[-78.513283,43.145958],[-78.515717,43.14493699999999],[-78.516081,43.14514],[-78.51685599999999,43.145572],[-78.51705299999999,43.145697],[-78.517166,43.14576299999999],[-78.51752599999999,43.14597499999999],[-78.517819,43.146133],[-78.51833599999999,43.14641199999999],[-78.518429,43.146445],[-78.518531,43.146463],[-78.518622,43.14646499999999],[-78.518726,43.14645099999999],[-78.51874099999999,43.14644599999999],[-78.519064,43.146361999999996],[-78.519427,43.146274999999996],[-78.51961,43.146242999999984],[-78.520095,43.14619499999999],[-78.520716,43.146135999999984],[-78.521984,43.146034],[-78.522735,43.145955],[-78.523225,43.145914999999995],[-78.52349500000001,43.145894],[-78.524096,43.145869],[-78.52427100000001,43.145866999999996],[-78.525162,43.145861000000004],[-78.525701,43.145869999999995],[-78.527182,43.145875999999994],[-78.53125,43.145893999999984],[-78.53314499999999,43.145923999999994],[-78.5353,43.145948999999995],[-78.535917,43.14594899999999],[-78.53638699999999,43.14595],[-78.537785,43.14597699999999],[-78.53861400000001,43.145987],[-78.538828,43.14599899999999],[-78.538747,43.14742599999999],[-78.538715,43.148388],[-78.53853699999999,43.153935],[-78.538496,43.15556099999999],[-78.53843599999999,43.15795299999999],[-78.538395,43.15905899999999],[-78.538271,43.162378],[-78.538231,43.163485],[-78.538168,43.165451],[-78.5381,43.16673499999999],[-78.538063,43.167447],[-78.537931,43.169598],[-78.537866,43.170016000000004],[-78.53783000000001,43.17015599999999],[-78.53767599999999,43.170557],[-78.537589,43.170743],[-78.537553,43.17081999999999],[-78.53742299999999,43.171031]]]},"properties":{"geoid":"360630240011","name":"Block Group 1","pop":1105.0,"obs_Mesothelioma":0.0,"exp_Mesothelioma":0.06,"sir_Mesothelioma":0.0,"obs_Lung":4.0,"exp_Lung":4.18,"sir_Lung":0.957,"obs_Bladder":3.0,"exp_Bladder":1.57,"sir_Bladder":1.914,"obs_Esophagus":0.0,"exp_Esophagus":0.33,"sir_Esophagus":0.0,"obs_Oral":1.0,"exp_Oral":0.75,"sir_Oral":1.335,"obs_Brain":0.0,"exp_Brain":0.42,"sir_Brain":0.0,"hlarea_Lung":0,"hlarea_Bladder":1,"hlarea_Esophagus":0,"hlarea_Oral":0,"hlarea_Brain":0,"hlarea_Mesothelioma":0,"merged_area":false,"doh_region":"360630240011"}},{"type":"Feature","geometry":{"type":"Polygon","coordinates":[[[-78.682687,43.172551],[-78.682566,43.17258799999998],[-78.68238699999999,43.17264099999999],[-78.68185299999999,43.17280199999999],[-78.681675,43.172855999999996],[-78.681378,43.17294599999999],[-78.68048999999999,43.173216999999994],[-78.68019400000001,43.17330799999999],[-78.679937,43.173384],[-78.67916799999999,43.173611999999984],[-78.678912,43.173688999999996],[-78.678829,43.17371399999998],[-78.67858,43.173788],[-78.67849799999999,43.173814],[-78.678477,43.173623],[-78.67847,43.17354999999999],[-78.67846399999999,43.17304799999999],[-78.678463,43.172856999999986],[-78.678461,43.17267499999999],[-78.67845799999999,43.172132],[-78.678457,43.17195099999999],[-78.678452,43.171502],[-78.678437,43.170157],[-78.678433,43.16970899999999],[-78.678428,43.169441],[-78.67841399999999,43.168641],[-78.67841,43.168373999999986],[-78.67862199999999,43.16837999999999],[-78.679259,43.168400999999996],[-78.67947199999999,43.168408000000014],[-78.679864,43.16841699999999],[-78.68104,43.168447],[-78.681432,43.16845699999998],[-78.682347,43.16848099999999],[-78.682771,43.16849299999999],[-78.68509499999999,43.16856299999999],[-78.686011,43.168591000000006],[-78.686016,43.168673],[-78.686031,43.168918999999995],[-78.686036,43.169000999999994],[-78.686042,43.169149],[-78.68606199999999,43.16959399999999],[-78.686069,43.169743],[-78.686073,43.169831],[-78.68608499999999,43.170097999999996],[-78.68609000000001,43.170187],[-78.68609699999999,43.170323],[-78.686118,43.170732],[-78.68612499999999,43.170868999999996],[-78.686129,43.17099599999998],[-78.68614199999999,43.17137700000001],[-78.68614699999999,43.171504],[-78.68543,43.17172],[-78.68328199999999,43.17236999999999],[-78.682687,43.172551]]]},"properties":{"geoid":"360630238001","name":"Block Group 1","pop":1751.0,"obs_Mesothelioma":0.0,"exp_Mesothelioma":0.0607052196,"sir_Mesothelioma":0.0,"obs_Lung":7.0,"exp_Lung":4.2770685496,"sir_Lung":1.637,"obs_Bladder":1.0,"exp_Bladder":1.6197639575,"sir_Bladder":0.617,"obs_Esophagus":1.0,"exp_Esophagus":0.3453596867,"sir_Esophagus":2.896,"obs_Oral":1.0,"exp_Oral":0.8016845245,"sir_Oral":1.247,"obs_Brain":1.0,"exp_Brain":0.5409267644,"sir_Brain":1.849,"hlarea_Lung":1,"hlarea_Bladder":1,"hlarea_Esophagus":1,"hlarea_Oral":0,"hlarea_Brain":0,"hlarea_Mesothelioma":0,"doh_region":"36063DOH0008","merged_area":true,"merged_bg_count":2}},{"type":"Feature","geometry":{"type":"Polygon","coordinates":[[[-79.03887999999999,43.085135],[-79.038882,43.085318],[-79.038887,43.08557],[-79.03889,43.085871],[-79.038893,43.086054999999995],[-79.038895,43.08622199999999],[-79.038898,43.086473000000005],[-79.038901,43.08672499999999],[-79.03890299999999,43.08689299999999],[-79.038905,43.087077],[-79.03891,43.08736399999999],[-79.03891399999999,43.087630999999995],[-79.038917,43.087816000000004],[-79.038918,43.087968],[-79.038923,43.088423999999996],[-79.03892499999999,43.08857700000001],[-79.03867199999999,43.088571999999985],[-79.038258,43.08856499999999],[-79.037914,43.088558],[-79.037662,43.08855399999999],[-79.03747899999999,43.08854999999999],[-79.03693000000001,43.088538],[-79.036748,43.088533999999996],[-79.03657,43.08853],[-79.036039,43.08851799999999],[-79.035862,43.088513999999996],[-79.035831,43.088513],[-79.03573999999999,43.08851000000001],[-79.03571,43.08851000000001],[-79.035485,43.088504],[-79.03510299999999,43.088496],[-79.034813,43.08848899999999],[-79.03459000000001,43.088484],[-79.034292,43.08847699999999],[-79.03339799999999,43.088455999999994],[-79.0331,43.088449000000004],[-79.03309899999999,43.088294],[-79.03309899999999,43.08782999999999],[-79.03309899999999,43.087675999999995],[-79.03309899999999,43.087494],[-79.0331,43.087244],[-79.0331,43.08694800000001],[-79.033101,43.086766999999995],[-79.0331,43.086594999999996],[-79.03309899999999,43.086078999999984],[-79.03309899999999,43.085907999999996],[-79.033098,43.08572799999999],[-79.033096,43.085189],[-79.033096,43.08501],[-79.033096,43.084863],[-79.0331,43.084422999999994],[-79.033102,43.084277],[-79.033641,43.084284999999994],[-79.03364499999999,43.084286000000006],[-79.034787,43.084306],[-79.035258,43.084322],[-79.035798,43.084340999999995],[-79.035799,43.084485],[-79.03580199999999,43.08491699999999],[-79.035803,43.08506200000001],[-79.03581899999999,43.08506199999999],[-79.035868,43.08506299999999],[-79.035885,43.085063999999996],[-79.036779,43.085083],[-79.03887999999999,43.085135]]]},"properties":{"geoid":"360630217002","name":"Block Group 2","pop":655.0,"obs_Mesothelioma":0.0,"exp_Mesothelioma":0.04,"sir_Mesothelioma":0.0,"obs_Lung":5.0,"exp_Lung":2.52,"sir_Lung":1.984,"obs_Bladder":2.0,"exp_Bladder":1.08,"sir_Bladder":1.849,"obs_Esophagus":0.0,"exp_Esophagus":0.22,"sir_Esophagus":0.0,"obs_Oral":1.0,"exp_Oral":0.46,"sir_Oral":2.152,"obs_Brain":0.0,"exp_Brain":0.25,"sir_Brain":0.0,"hlarea_Lung":1,"hlarea_Bladder":1,"hlarea_Esophagus":1,"hlarea_Oral":0,"hlarea_Brain":0,"hlarea_Mesothelioma":0,"merged_area":false,"doh_region":"360630217002"}},{"type":"Feature","geometry":{"type":"Polygon","coordinates":[[[-79.044174,43.09950599999999],[-79.04418299999999,43.09925900000001],[-79.04418199999999,43.09910599999999],[-79.043997,43.09910299999999],[-79.04393499999999,43.09910299999999],[-79.043922,43.09831599999998],[-79.04461599999999,43.09832099999999],[-79.04624700000001,43.098315],[-79.04688999999999,43.09832699999999],[-79.047238,43.098344],[-79.04817,43.09835499999999],[-79.04907,43.098352000000006],[-79.050697,43.098368],[-79.05098199999999,43.099208],[-79.05048699999999,43.099405],[-79.05037999999999,43.09946099999999],[-79.05010899999999,43.099658999999996],[-79.04997300000001,43.099796000000005],[-79.049871,43.099923999999994],[-79.049837,43.09998499999999],[-79.049768,43.100145999999995],[-79.049751,43.100187],[-79.049702,43.100373],[-79.049626,43.100654999999996],[-79.049581,43.10082499999999],[-79.04952899999999,43.101012],[-79.049457,43.10127800000001],[-79.049376,43.10157499999999],[-79.049325,43.10176299999999],[-79.04883,43.10176],[-79.04734499999999,43.10175199999999],[-79.04685099999999,43.10174999999999],[-79.046311,43.10174999999999],[-79.046166,43.101749999999996],[-79.045023,43.10173299999999],[-79.044692,43.10173099999999],[-79.044153,43.101729],[-79.04361399999999,43.101726],[-79.04199799999999,43.10171899999999],[-79.04146,43.10171699999999],[-79.041119,43.101713],[-79.040099,43.10170399999999],[-79.03975899999999,43.10170099999999],[-79.039762,43.101510999999995],[-79.039765,43.101397999999996],[-79.03976899999999,43.101209999999995],[-79.039774,43.100944],[-79.039779,43.10075599999999],[-79.039626,43.100755],[-79.03916699999999,43.100753],[-79.03901499999999,43.10075299999999],[-79.039013,43.10058],[-79.039011,43.100325999999995],[-79.039007,43.10006399999999],[-79.03900600000001,43.099892999999994],[-79.03949899999999,43.099895],[-79.040978,43.09990399999999],[-79.041472,43.099907],[-79.042012,43.099909],[-79.043632,43.099916],[-79.044172,43.09991899999999],[-79.044173,43.09975499999999],[-79.044174,43.09950599999999]]]},"properties":{"geoid":"360630209003","name":"Block Group 3","pop":930.0,"obs_Mesothelioma":0.0,"exp_Mesothelioma":0.03,"sir_Mesothelioma":0.0,"obs_Lung":3.0,"exp_Lung":2.24,"sir_Lung":1.34,"obs_Bladder":2.0,"exp_Bladder":0.83,"sir_Bladder":2.409,"obs_Esophagus":0.0,"exp_Esophagus":0.17,"sir_Esophagus":0.0,"obs_Oral":1.0,"exp_Oral":0.4,"sir_Oral":2.486,"obs_Brain":1.0,"exp_Brain":0.28,"sir_Brain":3.525,"hlarea_Lung":1,"hlarea_Bladder":0,"hlarea_Esophagus":1,"hlarea_Oral":0,"hlarea_Brain":0,"hlarea_Mesothelioma":0,"merged_area":false,"doh_region":"360630209003"}},{"type":"Feature","geometry":{"type":"Polygon","coordinates":[[[-79.011781,43.09328499999999],[-79.013106,43.092527],[-79.014253,43.09192600000001],[-79.015118,43.091474],[-79.01524599999999,43.09151399999999],[-79.015368,43.091530999999996],[-79.015507,43.091529999999985],[-79.016696,43.09152299999999],[-79.017093,43.091521],[-79.017094,43.09165899999999],[-79.01709799999999,43.092074],[-79.0171,43.092213],[-79.017665,43.09220999999999],[-79.019361,43.09220499999999],[-79.019927,43.09220399999999],[-79.020523,43.09220099999999],[-79.022314,43.092195999999994],[-79.022911,43.092194000000006],[-79.02295699999999,43.09233],[-79.02307,43.092666],[-79.023099,43.09274],[-79.02315200000001,43.09287499999999],[-79.02345700000001,43.093544000000016],[-79.023558,43.093537],[-79.024226,43.09509499999999],[-79.024248,43.095144999999995],[-79.024052,43.09514599999999],[-79.023601,43.095147999999995],[-79.022977,43.09515],[-79.02196699999999,43.095156],[-79.021496,43.095154],[-79.020946,43.095157],[-79.019919,43.095158999999995],[-79.01973100000001,43.095158999999995],[-79.01916600000001,43.09516199999998],[-79.018979,43.095163],[-79.018793,43.09516299999999],[-79.01871299999999,43.09516300000001],[-79.018238,43.09516299999999],[-79.018053,43.09516299999999],[-79.01786400000002,43.09516],[-79.01774999999999,43.09515899999999],[-79.01748599999999,43.095144999999995],[-79.0173,43.095116999999995],[-79.01711399999999,43.09508899999999],[-79.01697399999999,43.095059],[-79.01695099999999,43.095053],[-79.016736,43.094998],[-79.016633,43.09496299999999],[-79.016502,43.094919000000004],[-79.016475,43.09490699999999],[-79.016363,43.09485999999999],[-79.016324,43.09484099999998],[-79.01622499999999,43.09479100000001],[-79.0162,43.09477699999999],[-79.016037,43.094683999999994],[-79.01593799999999,43.09462],[-79.015851,43.09455399999999],[-79.015806,43.094519999999996],[-79.015738,43.09447399999999],[-79.015654,43.09441399999999],[-79.015633,43.094348999999994],[-79.015605,43.094323],[-79.01554,43.09426399999999],[-79.01515599999999,43.09399299999999],[-79.015096,43.093958],[-79.015,43.09390299999999],[-79.014912,43.09386200000001],[-79.0141,43.094007],[-79.013657,43.094059],[-79.013321,43.094092999999994],[-79.012962,43.094116],[-79.01218399999999,43.09411599999999],[-79.011776,43.09408],[-79.011505,43.094048],[-79.011354,43.093897],[-79.011084,43.09386799999999],[-79.010959,43.093844999999995],[-79.01084,43.09382],[-79.01095,43.093753],[-79.01168799999999,43.093337],[-79.011781,43.09328499999999]]]},"properties":{"geoid":"360630217003","name":"Block Group 3","pop":611.0,"obs_Mesothelioma":0.0,"exp_Mesothelioma":0.04,"sir_Mesothelioma":0.0,"obs_Lung":6.0,"exp_Lung":2.55,"sir_Lung":2.354,"obs_Bladder":3.0,"exp_Bladder":1.03,"sir_Bladder":2.9,"obs_Esophagus":2.0,"exp_Esophagus":0.19,"sir_Esophagus":10.775,"obs_Oral":1.0,"exp_Oral":0.39,"sir_Oral":2.546,"obs_Brain":0.0,"exp_Brain":0.23,"sir_Brain":0.0,"hlarea_Lung":1,"hlarea_Bladder":1,"hlarea_Esophagus":1,"hlarea_Oral":0,"hlarea_Brain":0,"hlarea_Mesothelioma":0,"merged_area":false,"doh_region":"360630217003"}},{"type":"Feature","geometry":{"type":"Polygon","coordinates":[[[-78.825706,43.22052799999999],[-78.819306,43.22040399999999],[-78.81420100000001,43.220304],[-78.800106,43.220031000000006],[-78.79370600000001,43.219908],[-78.79083399999999,43.219829999999995],[-78.78222099999999,43.219599],[-78.780454,43.21955200000001],[-78.77935,43.219550999999996],[-78.779071,43.219548999999994],[-78.778234,43.219545999999994],[-78.777956,43.21954499999999],[-78.774124,43.219504],[-78.76262799999999,43.219381],[-78.75879599999999,43.21934099999999],[-78.758088,43.21932799999998],[-78.757992,43.21932699999999],[-78.75558099999999,43.21932100000001],[-78.754858,43.219319999999996],[-78.754781,43.21929899999999],[-78.75468099999999,43.219225],[-78.754646,43.219164],[-78.754639,43.21909799999999],[-78.754639,43.21876399999999],[-78.75464199999999,43.217006],[-78.75464099999999,43.216982],[-78.754631,43.216387999999995],[-78.754629,43.21632099999999],[-78.754623,43.216123],[-78.754621,43.216057000000006],[-78.754599,43.214977],[-78.754547,43.21239099999998],[-78.754542,43.211738],[-78.75453999999999,43.21143699999999],[-78.754553,43.210957],[-78.754549,43.210658999999985],[-78.754548,43.208788],[-78.754547,43.20317799999999],[-78.754547,43.201342999999994],[-78.754547,43.20130799999998],[-78.754546,43.200559],[-78.754543,43.19831399999999],[-78.754542,43.19756599999999],[-78.75455199999999,43.195595000000004],[-78.754553,43.195429],[-78.754547,43.19495099999999],[-78.754555,43.192578999999995],[-78.754548,43.18968499999999],[-78.754547,43.189107],[-78.754524,43.18861199999999],[-78.754482,43.188309000000004],[-78.754353,43.187733],[-78.75436800000001,43.18729],[-78.754414,43.18596399999999],[-78.75443,43.18552199999999],[-78.754511,43.183898],[-78.754756,43.179027999999995],[-78.75483899999999,43.17740499999999],[-78.754785,43.17666399999999],[-78.754623,43.174443999999994],[-78.75456899999999,43.17370500000001],[-78.75457,43.17344],[-78.75457399999999,43.17273899999999],[-78.75457399999999,43.172647999999995],[-78.754576,43.172385],[-78.756252,43.17166299999999],[-78.756726,43.171476999999996],[-78.756785,43.171454999999995],[-78.757975,43.17103099999999],[-78.76041599999999,43.170139000000006],[-78.76061,43.17006],[-78.760882,43.169962999999996],[-78.76354099999999,43.16899699999998],[-78.764005,43.16882899999999],[-78.765793,43.16817499999999],[-78.766975,43.16773],[-78.770215,43.166462999999986],[-78.772672,43.165502999999994],[-78.773157,43.165335999999996],[-78.776913,43.16432899999999],[-78.777434,43.164193],[-78.780931,43.163250999999995],[-78.78141099999999,43.163111999999984],[-78.782619,43.162793],[-78.783344,43.162642999999996],[-78.78387500000001,43.16256199999999],[-78.78404100000002,43.16253799999999],[-78.784792,43.16246599999999],[-78.78613399999999,43.162381999999994],[-78.78736599999999,43.162318],[-78.78860499999999,43.16223199999998],[-78.789129,43.162206000000005],[-78.789757,43.16216199999999],[-78.790161,43.162141999999996],[-78.790943,43.162086],[-78.79101399999999,43.16208199999999],[-78.792208,43.16201499999998],[-78.797888,43.16165799999999],[-78.797958,43.161652999999994],[-78.800296,43.16150299999999],[-78.801688,43.161425],[-78.802031,43.16140599999999],[-78.803433,43.16139899999998],[-78.80405499999999,43.16138600000001],[-78.80453399999999,43.16139399999999],[-78.805506,43.16144799999999],[-78.80586699999999,43.161485],[-78.807255,43.161629999999995],[-78.80792000000001,43.161699000000006],[-78.809428,43.161856],[-78.809917,43.16191099999999],[-78.810582,43.161985999999985],[-78.81103499999999,43.162062000000006],[-78.811471,43.162158999999996],[-78.811635,43.16219799999999],[-78.811773,43.16223099999999],[-78.8125,43.162428999999996],[-78.81320000000001,43.16262999999999],[-78.814746,43.16305399999999],[-78.815783,43.163340000000005],[-78.81639799999999,43.163509999999995],[-78.81751299999999,43.163819999999994],[-78.81805399999999,43.163951],[-78.818252,43.163987000000006],[-78.81888,43.164103999999995],[-78.818843,43.16631099999999],[-78.818844,43.16682999999998],[-78.818846,43.167391999999985],[-78.81885,43.16843300000001],[-78.818872,43.16964099999999],[-78.818882,43.171202],[-78.818907,43.17190799999999],[-78.81891,43.172742],[-78.818921,43.173320999999994],[-78.818895,43.17486099999999],[-78.818899,43.175009],[-78.818911,43.17539699999998],[-78.818891,43.177735999999996],[-78.819013,43.17772599999999],[-78.819243,43.177709],[-78.81938,43.17769499999999],[-78.819503,43.17768399999999],[-78.81987699999999,43.179279],[-78.82032699999999,43.181062000000004],[-78.820573,43.182033999999994],[-78.82100000000001,43.18387100000001],[-78.82191399999999,43.187502999999985],[-78.82263499999999,43.189748999999985],[-78.823082,43.19111899999999],[-78.82416300000001,43.194424999999995],[-78.824255,43.194701],[-78.82438499999999,43.195145999999994],[-78.82441399999999,43.195243],[-78.824596,43.196122999999986],[-78.82473,43.196837],[-78.824822,43.19736799999999],[-78.824951,43.19811299999999],[-78.825092,43.19896099999999],[-78.825096,43.198985],[-78.82547799999999,43.20120799999999],[-78.825521,43.20150699999999],[-78.825644,43.202358999999994],[-78.825754,43.20321099999999],[-78.825752,43.204395],[-78.82574799999999,43.208059],[-78.825752,43.20850299999999],[-78.825739,43.20920900000001],[-78.82574199999999,43.210241999999994],[-78.825738,43.210525],[-78.825729,43.211348],[-78.825732,43.21256899999999],[-78.825726,43.21415999999999],[-78.825711,43.21893600000001],[-78.825706,43.22052799999999]]]},"properties":{"geoid":"360630243032","name":"Block Group 2","pop":1647.0,"obs_Mesothelioma":0.0,"exp_Mesothelioma":0.09,"sir_Mesothelioma":0.0,"obs_Lung":5.0,"exp_Lung":6.07,"sir_Lung":0.823,"obs_Bladder":6.0,"exp_Bladder":2.41,"sir_Bladder":2.493,"obs_Esophagus":0.0,"exp_Esophagus":0.51,"sir_Esophagus":0.0,"obs_Oral":1.0,"exp_Oral":1.14,"sir_Oral":0.877,"obs_Brain":0.0,"exp_Brain":0.63,"sir_Brain":0.0,"hlarea_Lung":0,"hlarea_Bladder":1,"hlarea_Esophagus":1,"hlarea_Oral":0,"hlarea_Brain":0,"hlarea_Mesothelioma":0,"merged_area":false,"doh_region":"360630243032"}},{"type":"Feature","geometry":{"type":"Polygon","coordinates":[[[-78.472702,43.204955],[-78.47252499999999,43.204951],[-78.471728,43.20493599999998],[-78.471638,43.204934],[-78.47134299999999,43.20493],[-78.471358,43.20471899999999],[-78.471403,43.204086999999994],[-78.47141900000001,43.203877000000006],[-78.471459,43.203183],[-78.47146099999999,43.203142],[-78.471496,43.20256],[-78.472414,43.202583],[-78.472437,43.20251799999999],[-78.473049,43.20269700000001],[-78.473756,43.202904999999994],[-78.47375300000002,43.20305899999999],[-78.473755,43.203067999999995],[-78.47376899999999,43.203132],[-78.473934,43.20342399999999],[-78.47395999999999,43.203511],[-78.47399,43.203607999999996],[-78.474019,43.203663999999996],[-78.474538,43.203674],[-78.47609500000002,43.203707],[-78.476614,43.20371799999999],[-78.478399,43.203740999999994],[-78.48287599999999,43.2038],[-78.48278599999999,43.20443899999999],[-78.48302199999999,43.204442],[-78.484008,43.20445699999999],[-78.483993,43.205256999999996],[-78.48404099999999,43.20525699999999],[-78.48404699999999,43.20525799999999],[-78.484188,43.205262999999995],[-78.484237,43.20526599999999],[-78.484263,43.205265],[-78.484344,43.20526499999999],[-78.484371,43.205265],[-78.484426,43.20526599999998],[-78.484593,43.20527199999999],[-78.48464899999999,43.205273999999996],[-78.48460899999999,43.20577000000001],[-78.48449099999999,43.207259],[-78.484453,43.20775599999999],[-78.48443999999999,43.20791899999999],[-78.48440000000001,43.20840799999999],[-78.484388,43.20857199999999],[-78.48436,43.208920000000006],[-78.48427699999999,43.20996399999999],[-78.48425,43.21031299999999],[-78.484248,43.21033],[-78.48424399999999,43.210384],[-78.484243,43.210402],[-78.484237,43.210463],[-78.48422099999999,43.21064500000001],[-78.484216,43.210707000000006],[-78.484208,43.210795999999995],[-78.484186,43.211064],[-78.48418,43.211154],[-78.484159,43.211378],[-78.484098,43.212053],[-78.484079,43.212278],[-78.484073,43.212346],[-78.484054,43.21254999999999],[-78.484049,43.21261899999999],[-78.484009,43.21332299999999],[-78.48389100000001,43.21543399999999],[-78.48385200000001,43.21613899999999],[-78.483774,43.21667799999999],[-78.48352799999999,43.21668199999999],[-78.481156,43.21672],[-78.48036599999999,43.216734],[-78.480091,43.21674900000001],[-78.480049,43.21707999999999],[-78.479825,43.218893],[-78.479825,43.21890099999999],[-78.479807,43.219502],[-78.47976899999999,43.220099999999995],[-78.479659,43.221855999999995],[-78.47962,43.221855],[-78.479021,43.221854999999984],[-78.478201,43.221854999999984],[-78.475742,43.22185799999999],[-78.47492299999999,43.22185899999999],[-78.473379,43.22185599999999],[-78.472929,43.22185599999999],[-78.473096,43.217679],[-78.473159,43.216136999999996],[-78.471745,43.216146],[-78.467503,43.21617299999998],[-78.46609000000001,43.216183],[-78.46596199999999,43.216182999999994],[-78.465581,43.216184999999975],[-78.46545499999999,43.216187],[-78.465475,43.215924],[-78.46553899999999,43.215135000000004],[-78.46556,43.21487299999999],[-78.46556199999999,43.214842],[-78.46557200000001,43.21475],[-78.465576,43.21471999999999],[-78.46561799999999,43.21435799999999],[-78.465747,43.21327399999999],[-78.46579,43.21291300000001],[-78.465791,43.212827999999995],[-78.465795,43.21257299999999],[-78.465797,43.212488999999984],[-78.465825,43.211958],[-78.465913,43.210365],[-78.465943,43.209835],[-78.465969,43.20933999999998],[-78.466051,43.207856],[-78.466079,43.20736199999999],[-78.466089,43.20699399999997],[-78.466289,43.20699299999999],[-78.46799299999999,43.20698999999999],[-78.46856199999999,43.20699],[-78.468845,43.206988999999986],[-78.469697,43.20698799999999],[-78.46998099999999,43.20698799999999],[-78.470934,43.20697699999999],[-78.472747,43.206956999999996],[-78.472765,43.20660399999999],[-78.472788,43.205909999999996],[-78.472821,43.20495799999999],[-78.472702,43.204955]]]},"properties":{"geoid":"360630240021","name":"Block Group 1","pop":1811.0,"obs_Mesothelioma":0.0,"exp_Mesothelioma":0.1,"sir_Mesothelioma":0.0,"obs_Lung":6.0,"exp_Lung":6.42,"sir_Lung":0.935,"obs_Bladder":1.0,"exp_Bladder":2.53,"sir_Bladder":0.395,"obs_Esophagus":1.0,"exp_Esophagus":0.5,"sir_Esophagus":1.985,"obs_Oral":4.0,"exp_Oral":1.08,"sir_Oral":3.7,"obs_Brain":1.0,"exp_Brain":0.65,"sir_Brain":1.535,"hlarea_Lung":0,"hlarea_Bladder":1,"hlarea_Esophagus":0,"hlarea_Oral":0,"hlarea_Brain":0,"hlarea_Mesothelioma":0,"merged_area":false,"doh_region":"360630240021"}},{"type":"Feature","geometry":{"type":"Polygon","coordinates":[[[-78.983558,43.17741900000001],[-78.98596599999999,43.17703999999999],[-78.990731,43.176466],[-78.99716000000001,43.17569199999999],[-78.998609,43.17551799999999],[-78.998575,43.17529699999999],[-78.99853499999999,43.17503199999999],[-78.99893999999999,43.17496299999999],[-79.00059,43.174685000000004],[-79.00113999999999,43.17459199999999],[-79.001543,43.17452399999999],[-79.002561,43.174389],[-79.00291500000002,43.17436],[-79.003194,43.174338],[-79.007559,43.17407199999999],[-79.00828,43.17402899999998],[-79.010069,43.173920999999986],[-79.01056799999999,43.17389099999999],[-79.01206499999999,43.173801],[-79.012564,43.173770999999995],[-79.013441,43.173716],[-79.013942,43.173686],[-79.01517299999999,43.17361899999999],[-79.01607299999999,43.173564999999996],[-79.01695099999999,43.173514],[-79.017421,43.173486999999994],[-79.017675,43.173472999999994],[-79.01767699999999,43.17427],[-79.01767799999999,43.17497799999999],[-79.01768299999999,43.17666199999999],[-79.017685,43.177459999999996],[-79.017684,43.177510999999996],[-79.017684,43.177665],[-79.017684,43.177716999999994],[-79.01767699999999,43.17886699999999],[-79.017675,43.179359999999996],[-79.017698,43.18231699999999],[-79.017707,43.183468],[-79.017726,43.18485099999998],[-79.017729,43.185064999999994],[-79.017726,43.18639900000001],[-79.017738,43.18752699999999],[-79.01772799999999,43.189],[-79.01772799999999,43.189024],[-79.017729,43.19038399999999],[-79.01772299999999,43.19082299999999],[-79.017718,43.191320999999995],[-79.017725,43.19204599999999],[-79.01772299999999,43.192142],[-79.017719,43.192581999999994],[-79.017719,43.19287399999999],[-79.017719,43.193751],[-79.017719,43.194044],[-79.01770499999999,43.197810999999994],[-79.017702,43.19818599999999],[-79.01768799999999,43.201893999999996],[-79.017695,43.203284],[-79.017702,43.204374999999985],[-79.0177,43.205898],[-79.017716,43.206634999999984],[-79.017714,43.207453999999984],[-79.017713,43.208845],[-79.017713,43.208909000000006],[-79.017713,43.20910200000001],[-79.017713,43.209167],[-79.017758,43.209165],[-79.017894,43.20916299999998],[-79.01794,43.20916199999999],[-79.021177,43.209165],[-79.02249499999999,43.20917499999999],[-79.023758,43.209165],[-79.02505099999999,43.209175],[-79.02551199999999,43.209174999999995],[-79.026234,43.209151999999996],[-79.026512,43.209125],[-79.026764,43.20909299999999],[-79.027069,43.20902600000001],[-79.026907,43.208663],[-79.026744,43.208267000000006],[-79.02670499999999,43.208034999999995],[-79.026721,43.207828],[-79.026776,43.207630999999985],[-79.02689199999999,43.20741399999999],[-79.027092,43.20714499999998],[-79.027311,43.206858999999994],[-79.027388,43.206758],[-79.027503,43.20658900000001],[-79.027616,43.20643299999998],[-79.027614,43.20625099999999],[-79.027637,43.20590299999999],[-79.027593,43.20563799999999],[-79.02757000000001,43.205417999999995],[-79.027529,43.20525999999998],[-79.027518,43.205127],[-79.02746599999999,43.204449],[-79.027701,43.204468],[-79.02769700000002,43.204454999999996],[-79.02748,43.20388599999999],[-79.027261,43.203269999999996],[-79.02704899999999,43.202542],[-79.02691899999999,43.202048999999995],[-79.026703,43.201105],[-79.026586,43.200469999999996],[-79.026478,43.19972],[-79.02642399999999,43.19901499999999],[-79.026388,43.19822699999999],[-79.02639900000001,43.19758299999999],[-79.026434,43.196761999999985],[-79.026505,43.19601699999999],[-79.026624,43.19490699999999],[-79.026658,43.19464499999999],[-79.028931,43.19454599999999],[-79.028806,43.19284699999999],[-79.02948599999999,43.191848],[-79.030673,43.19184799999999],[-79.03075799999999,43.19284899999999],[-79.04598,43.19275499999999],[-79.046097,43.192752],[-79.046449,43.192744],[-79.046567,43.192741999999996],[-79.047316,43.192761999999995],[-79.049566,43.19282499999999],[-79.050316,43.192846],[-79.04895599999999,43.198429000000004],[-79.048658,43.199655],[-79.057058,43.210654],[-79.05634,43.21266899999999],[-79.05427499999999,43.21843599999999],[-79.049301,43.218450000000004],[-79.04911799999999,43.21846099999999],[-79.048569,43.218497],[-79.04838699999999,43.21850999999999],[-79.044761,43.218563],[-79.033883,43.21872399999999],[-79.030258,43.218779],[-79.02974499999999,43.218782999999995],[-79.029603,43.218785],[-79.028658,43.218793999999995],[-79.028652,43.219242],[-79.028646,43.219754],[-79.028658,43.220085000000005],[-79.028547,43.220085],[-79.02722399999999,43.22009],[-79.026783,43.220093],[-79.026325,43.220064999999984],[-79.02495499999999,43.21998199999999],[-79.024498,43.219955000000006],[-79.023191,43.219975000000005],[-79.019271,43.22003400000001],[-79.01796499999999,43.22005499999999],[-79.017917,43.22005299999999],[-79.01777299999999,43.220047],[-79.017726,43.220045999999996],[-79.016536,43.22002699999999],[-79.01296599999999,43.219970999999994],[-79.011776,43.219953000000004],[-79.007313,43.219914],[-79.00255899999999,43.219873],[-79.00118100000002,43.21986],[-78.999803,43.219847],[-78.998635,43.21983499999999],[-78.993928,43.21979299999999],[-78.989466,43.21975499999999],[-78.987948,43.21973599999999],[-78.985478,43.21970399999999],[-78.98474499999999,43.21969399999999],[-78.970585,43.219514],[-78.965865,43.219454999999996],[-78.96564,43.219452],[-78.964967,43.21944299999999],[-78.964743,43.21944099999999],[-78.963387,43.219441999999994],[-78.959319,43.21944499999999],[-78.95796399999999,43.219446999999995],[-78.95796399999999,43.21943199999999],[-78.957968,43.219198000000006],[-78.95798099999999,43.218452000000006],[-78.95798599999999,43.21820399999999],[-78.957985,43.21761600000001],[-78.957982,43.215855],[-78.957982,43.215661999999995],[-78.957976,43.21526799999999],[-78.957972,43.21502599999999],[-78.957968,43.214668999999994],[-78.957966,43.214303],[-78.957966,43.214061999999984],[-78.957965,43.213790999999986],[-78.957965,43.213775999999996],[-78.95799199999999,43.212981000000006],[-78.957995,43.212907],[-78.958019,43.21271300000001],[-78.95809299999999,43.21268799999999],[-78.959835,43.211876],[-78.96004099999999,43.211802999999996],[-78.960273,43.21174099999999],[-78.960387,43.211723],[-78.960748,43.211705999999985],[-78.96149199999999,43.211697],[-78.962267,43.211709000000006],[-78.964319,43.211690999999995],[-78.965004,43.211676999999995],[-78.96511,43.211655],[-78.965204,43.211622],[-78.96669500000002,43.21096999999999],[-78.96770099999999,43.21051699999999],[-78.967719,43.210263],[-78.967697,43.20953399999999],[-78.96768399999999,43.207800999999996],[-78.967682,43.20760299999999],[-78.96765500000001,43.20500199999999],[-78.967668,43.20406499999999],[-78.967629,43.19932899999999],[-78.967637,43.19880800000001],[-78.96763299999999,43.198053],[-78.967627,43.19548599999999],[-78.96765300000001,43.195191],[-78.967671,43.195117999999994],[-78.967787,43.19485999999999],[-78.967917,43.19457499999999],[-78.967946,43.194483999999996],[-78.96799399999999,43.19412699999999],[-78.968012,43.19395599999999],[-78.967953,43.19219599999999],[-78.967877,43.189417],[-78.967787,43.185235999999996],[-78.96773999999999,43.18301499999999],[-78.967727,43.18209699999999],[-78.96770599999999,43.182019],[-78.969017,43.18175299999999],[-78.971475,43.181256],[-78.972098,43.18112399999999],[-78.972912,43.18096599999999],[-78.97295299999999,43.18095700000001],[-78.97369599999999,43.18080199999999],[-78.974265,43.18069199999999],[-78.974246,43.180668999999995],[-78.97421899999999,43.18046599999998],[-78.97428,43.18030299999999],[-78.974374,43.18021399999999],[-78.974487,43.18010799999999],[-78.974741,43.179978],[-78.974903,43.179801999999995],[-78.974944,43.179721],[-78.974944,43.179531999999995],[-78.974876,43.17928799999999],[-78.974849,43.179085],[-78.974801,43.179006999999984],[-78.974715,43.17894299999999],[-78.97441599999999,43.178718999999994],[-78.97427600000002,43.178632999999984],[-78.97610000000002,43.178394],[-78.981573,43.177676000000005],[-78.983398,43.17743799999999],[-78.98343,43.177434000000005],[-78.983525,43.17742199999999],[-78.983558,43.17741900000001]]]},"properties":{"geoid":"360630244053","name":"Block Group 3","pop":1906.0,"obs_Mesothelioma":0.0,"exp_Mesothelioma":0.13,"sir_Mesothelioma":0.0,"obs_Lung":11.0,"exp_Lung":9.27,"sir_Lung":1.187,"obs_Bladder":5.0,"exp_Bladder":3.46,"sir_Bladder":1.446,"obs_Esophagus":3.0,"exp_Esophagus":0.68,"sir_Esophagus":4.411,"obs_Oral":1.0,"exp_Oral":1.43,"sir_Oral":0.699,"obs_Brain":3.0,"exp_Brain":0.8,"sir_Brain":3.746,"hlarea_Lung":0,"hlarea_Bladder":0,"hlarea_Esophagus":1,"hlarea_Oral":0,"hlarea_Brain":0,"hlarea_Mesothelioma":0,"merged_area":false,"doh_region":"360630244053"}},{"type":"Feature","geometry":{"type":"Polygon","coordinates":[[[-78.772662,43.095715],[-78.77269700000001,43.096229],[-78.772708,43.09638199999999],[-78.772731,43.097012],[-78.772784,43.09796399999999],[-78.772785,43.09796599999999],[-78.772939,43.101307999999996],[-78.77296799999999,43.10243499999999],[-78.773016,43.104718],[-78.773026,43.10515399999999],[-78.773071,43.106970999999994],[-78.77308,43.10738399999999],[-78.77310899999999,43.108623999999985],[-78.773119,43.10903799999999],[-78.773133,43.109648],[-78.773144,43.11010499999999],[-78.77315399999999,43.11053899999999],[-78.77317099999999,43.111221],[-78.77317699999999,43.11191899999999],[-78.77315,43.112097999999996],[-78.773119,43.11218499999999],[-78.772987,43.11244799999999],[-78.771611,43.112457000000006],[-78.77037299999999,43.112474],[-78.765727,43.112514999999995],[-78.757137,43.112590999999995],[-78.756469,43.11260699999999],[-78.756367,43.112609000000006],[-78.753818,43.11264599999999],[-78.752968,43.11267099999999],[-78.752937,43.112671999999996],[-78.748706,43.112731],[-78.742466,43.11284299999999],[-78.7423,43.112846],[-78.73896599999999,43.11292299999999],[-78.73894299999999,43.11292399999999],[-78.738877,43.112927000000006],[-78.738874,43.112927],[-78.738852,43.112928],[-78.738798,43.112928999999994],[-78.738709,43.11293099999999],[-78.73849799999999,43.112936],[-78.738281,43.11294199999998],[-78.73813899999999,43.112945999999994],[-78.73848,43.112382000000004],[-78.739036,43.111515],[-78.739109,43.11140299999999],[-78.73918499999999,43.111261],[-78.739369,43.11085999999999],[-78.73980499999999,43.109493],[-78.74009,43.10790999999999],[-78.740073,43.107248],[-78.739921,43.106640999999996],[-78.739885,43.10649499999999],[-78.739757,43.106200999999984],[-78.739458,43.10565599999998],[-78.739237,43.105194999999995],[-78.739189,43.10512599999999],[-78.738749,43.104495],[-78.738305,43.10394399999999],[-78.73759900000002,43.10333000000001],[-78.737394,43.10315200000001],[-78.73563899999999,43.101747999999986],[-78.734431,43.100736000000005],[-78.73394499999999,43.100252999999995],[-78.733748,43.10003100000001],[-78.733308,43.099426],[-78.732869,43.09853400000001],[-78.732703,43.098154],[-78.73174,43.095943999999996],[-78.731374,43.095150000000004],[-78.73120399999999,43.09452700000001],[-78.73116499999999,43.09395299999999],[-78.731161,43.093889999999995],[-78.73118900000001,43.093281],[-78.73125499999999,43.092785000000006],[-78.73147,43.09180299999999],[-78.732004,43.090094999999984],[-78.732507,43.08828799999999],[-78.73262799999999,43.087949],[-78.732647,43.08786899999999],[-78.73289,43.08690199999999],[-78.73319099999999,43.08593899999999],[-78.733231,43.085858999999985],[-78.733356,43.085528000000004],[-78.733678,43.08468],[-78.733721,43.084531],[-78.733729,43.084506],[-78.73373,43.084392],[-78.733606,43.08421899999999],[-78.734955,43.08318999999999],[-78.735168,43.08303099999999],[-78.735748,43.08247],[-78.73615699999999,43.081796999999995],[-78.73637699999999,43.081232000000014],[-78.7367,43.080285],[-78.737663,43.07825599999999],[-78.739949,43.076105999999996],[-78.741249,43.074853999999995],[-78.741176,43.07433799999999],[-78.741517,43.07369099999999],[-78.742279,43.07220799999999],[-78.742508,43.071769999999994],[-78.743185,43.070949999999996],[-78.74401499999999,43.07037599999999],[-78.744931,43.069921],[-78.74535399999999,43.06978599999999],[-78.746197,43.069613999999994],[-78.747118,43.06943499999998],[-78.74765599999999,43.06965499999999],[-78.751257,43.06925599999998],[-78.75374,43.06945899999999],[-78.755487,43.070077000000005],[-78.75765299999999,43.070859999999975],[-78.759141,43.070927999999995],[-78.76,43.07087299999999],[-78.76104000000001,43.07071499999999],[-78.761922,43.07049399999999],[-78.763582,43.070337999999985],[-78.76532,43.070266999999994],[-78.765886,43.070226000000005],[-78.766995,43.07020399999999],[-78.76809399999999,43.070103],[-78.768292,43.070139],[-78.769027,43.070026999999996],[-78.77078399999999,43.069539],[-78.77078499999999,43.069592],[-78.770786,43.069669],[-78.77078399999999,43.06974599999998],[-78.770783,43.06981899999999],[-78.77076799999999,43.070447],[-78.770782,43.07084],[-78.77084099999999,43.071286],[-78.770912,43.071715999999995],[-78.771089,43.07262699999999],[-78.771147,43.07311899999999],[-78.771217,43.0743],[-78.771299,43.075682],[-78.771453,43.078662],[-78.771605,43.08237099999999],[-78.771667,43.08311099999999],[-78.771697,43.08341499999999],[-78.771997,43.08644299999999],[-78.77214699999999,43.08798499999999],[-78.772356,43.090121999999994],[-78.77246199999999,43.09198399999999],[-78.77248,43.092622],[-78.77248999999999,43.09295499999999],[-78.772498,43.09347999999999],[-78.772527,43.093898999999986],[-78.772545,43.09417099999998],[-78.772568,43.09447899999999],[-78.772638,43.09540599999999],[-78.772662,43.095715]]]},"properties":{"geoid":"360630227022","name":"Block Group 2","pop":1695.0,"obs_Mesothelioma":0.0,"exp_Mesothelioma":0.1,"sir_Mesothelioma":0.0,"obs_Lung":3.0,"exp_Lung":7.13,"sir_Lung":0.421,"obs_Bladder":5.0,"exp_Bladder":2.69,"sir_Bladder":1.856,"obs_Esophagus":1.0,"exp_Esophagus":0.56,"sir_Esophagus":1.784,"obs_Oral":1.0,"exp_Oral":1.23,"sir_Oral":0.814,"obs_Brain":0.0,"exp_Brain":0.68,"sir_Brain":0.0,"hlarea_Lung":0,"hlarea_Bladder":1,"hlarea_Esophagus":1,"hlarea_Oral":0,"hlarea_Brain":0,"hlarea_Mesothelioma":0,"merged_area":false,"doh_region":"360630227022"}},{"type":"Feature","geometry":{"type":"Polygon","coordinates":[[[-78.77296799999999,43.10243499999999],[-78.772939,43.101307999999996],[-78.772785,43.09796599999999],[-78.772784,43.09796399999999],[-78.772731,43.097012],[-78.772708,43.09638199999999],[-78.77269700000001,43.096229],[-78.772662,43.095715],[-78.772638,43.09540599999999],[-78.772568,43.09447899999999],[-78.772545,43.09417099999998],[-78.772527,43.093898999999986],[-78.772498,43.09347999999999],[-78.77248999999999,43.09295499999999],[-78.77248,43.092622],[-78.77246199999999,43.09198399999999],[-78.772356,43.090121999999994],[-78.77214699999999,43.08798499999999],[-78.771997,43.08644299999999],[-78.771697,43.08341499999999],[-78.771667,43.08311099999999],[-78.771605,43.08237099999999],[-78.771453,43.078662],[-78.771299,43.075682],[-78.771217,43.0743],[-78.771147,43.07311899999999],[-78.771089,43.07262699999999],[-78.770912,43.071715999999995],[-78.77084099999999,43.071286],[-78.770782,43.07084],[-78.77076799999999,43.070447],[-78.770783,43.06981899999999],[-78.77078399999999,43.06974599999998],[-78.770786,43.069669],[-78.77078499999999,43.069592],[-78.77078399999999,43.069539],[-78.77078700000001,43.069538],[-78.771057,43.06942199999999],[-78.77237,43.068545],[-78.77281099999999,43.068183000000005],[-78.773074,43.06781199999999],[-78.77389,43.06709799999999],[-78.774272,43.06681799999999],[-78.777644,43.065496],[-78.77857999999999,43.06541500000001],[-78.782387,43.065870999999994],[-78.783669,43.066184],[-78.786085,43.06650799999999],[-78.78647,43.06655999999999],[-78.786851,43.06655699999999],[-78.78934799999999,43.06644199999999],[-78.790303,43.066343999999994],[-78.79670999999999,43.066111],[-78.797482,43.066159999999996],[-78.797505,43.066160999999994],[-78.798525,43.066176],[-78.799571,43.06643499999999],[-78.800759,43.066272],[-78.80205099999999,43.065780999999994],[-78.804515,43.064426],[-78.806143,43.06318099999999],[-78.806817,43.06229700000001],[-78.80712199999999,43.06113899999999],[-78.807076,43.060243],[-78.806912,43.05945699999999],[-78.80648300000001,43.058572000000005],[-78.80505,43.057246],[-78.804403,43.055795999999994],[-78.80462399999999,43.055187],[-78.806821,43.053625999999994],[-78.80735,43.053554999999996],[-78.80956499999999,43.05291],[-78.810304,43.052595999999994],[-78.810891,43.05244599999999],[-78.813845,43.05166500000001],[-78.819542,43.05158999999999],[-78.82199899999999,43.051561],[-78.822357,43.051556999999995],[-78.82233699999999,43.051587],[-78.82227999999999,43.05167899999999],[-78.822261,43.05171],[-78.822285,43.05185699999999],[-78.82236,43.052299999999995],[-78.822385,43.052448],[-78.822401,43.052481],[-78.822418,43.05258],[-78.822428,43.053474],[-78.822463,43.056568],[-78.822475,43.0576],[-78.822495,43.058989],[-78.822501,43.05923599999999],[-78.82257899999999,43.06228999999999],[-78.822622,43.064144999999996],[-78.82266,43.06578199999999],[-78.822667,43.06628399999998],[-78.822671,43.066568],[-78.822679,43.067069],[-78.822746,43.06892599999999],[-78.822768,43.069534000000004],[-78.82277599999999,43.06971299999999],[-78.82277900000001,43.06978199999999],[-78.822783,43.069871],[-78.822841,43.071386],[-78.82300699999999,43.076673],[-78.82302299999999,43.07715599999999],[-78.82307399999999,43.078606],[-78.82307899999999,43.078734],[-78.82310000000001,43.079089],[-78.823107,43.079280999999995],[-78.823128,43.07985699999999],[-78.823135,43.080050000000014],[-78.823163,43.080709],[-78.82325000000002,43.08268599999998],[-78.82328,43.083346],[-78.822499,43.083906000000006],[-78.82110999999999,43.08486399999999],[-78.82053599999999,43.08523799999999],[-78.819648,43.085853],[-78.819131,43.08621199999998],[-78.81617899999999,43.088227999999994],[-78.815742,43.088499999999996],[-78.81285199999999,43.090406],[-78.812156,43.090850999999994],[-78.810581,43.091893999999996],[-78.809842,43.09235999999999],[-78.808578,43.093115],[-78.80684699999999,43.094151999999994],[-78.804805,43.095405],[-78.803052,43.09645299999999],[-78.80291299999999,43.09653699999999],[-78.799821,43.09844799999999],[-78.798313,43.099408999999994],[-78.79786299999999,43.09970599999999],[-78.796919,43.10033199999999],[-78.796279,43.10079999999999],[-78.796189,43.100872999999986],[-78.794647,43.102237999999986],[-78.794151,43.10269199999999],[-78.792397,43.10425199999998],[-78.791504,43.105053],[-78.78989399999999,43.10645699999999],[-78.788994,43.10725799999999],[-78.788673,43.107517],[-78.788208,43.10784899999998],[-78.787415,43.108353],[-78.78173799999999,43.11174799999999],[-78.78138,43.111945999999996],[-78.781082,43.11208],[-78.780914,43.11214399999999],[-78.780503,43.11225999999999],[-78.780334,43.112297],[-78.77995299999999,43.11234999999999],[-78.779579,43.11237699999999],[-78.77875499999999,43.11238899999999],[-78.777762,43.11238999999999],[-78.776192,43.112415000000006],[-78.773155,43.11244999999999],[-78.772998,43.11244799999999],[-78.772987,43.11244799999999],[-78.773119,43.11218499999999],[-78.77315,43.112097999999996],[-78.77317699999999,43.11191899999999],[-78.77317099999999,43.111221],[-78.77315399999999,43.11053899999999],[-78.773144,43.11010499999999],[-78.773133,43.109648],[-78.773119,43.10903799999999],[-78.77310899999999,43.108623999999985],[-78.77308,43.10738399999999],[-78.773071,43.106970999999994],[-78.773026,43.10515399999999],[-78.773016,43.104718],[-78.77296799999999,43.10243499999999]]]},"properties":{"geoid":"360630227023","name":"Block Group 3","pop":1834.0,"obs_Mesothelioma":1.0,"exp_Mesothelioma":0.1,"sir_Mesothelioma":10.476,"obs_Lung":4.0,"exp_Lung":6.5,"sir_Lung":0.615,"obs_Bladder":3.0,"exp_Bladder":2.49,"sir_Bladder":1.202,"obs_Esophagus":0.0,"exp_Esophagus":0.52,"sir_Esophagus":0.0,"obs_Oral":0.0,"exp_Oral":1.18,"sir_Oral":0.0,"obs_Brain":1.0,"exp_Brain":0.68,"sir_Brain":1.478,"hlarea_Lung":0,"hlarea_Bladder":0,"hlarea_Esophagus":1,"hlarea_Oral":0,"hlarea_Brain":0,"hlarea_Mesothelioma":0,"merged_area":false,"doh_region":"360630227023"}},{"type":"Feature","geometry":{"type":"Polygon","coordinates":[[[-78.88986,43.104824],[-78.889865,43.106821],[-78.88987399999999,43.110343],[-78.889861,43.112500999999995],[-78.88985699999999,43.11377199999999],[-78.889851,43.11608899999998],[-78.889851,43.11635099999999],[-78.889851,43.11713599999999],[-78.88985199999999,43.11739899999999],[-78.88985699999999,43.118173000000006],[-78.88986799999999,43.11948499999999],[-78.88987999999999,43.120495],[-78.889888,43.12104],[-78.88989099999999,43.121269],[-78.889637,43.12127199999999],[-78.888908,43.121269],[-78.886439,43.12126200000001],[-78.885959,43.121261],[-78.88497699999999,43.12125899999999],[-78.88465599999999,43.12125899999999],[-78.88369300000001,43.12125899999998],[-78.88337299999999,43.121258999999995],[-78.88073299999999,43.12125899999999],[-78.875338,43.12126099999999],[-78.87407,43.121266],[-78.87281600000001,43.12126799999999],[-78.870178,43.121273999999985],[-78.870143,43.12024399999999],[-78.870038,43.117154],[-78.870004,43.116125],[-78.87,43.116023999999996],[-78.86998899999999,43.115724],[-78.869986,43.115624],[-78.869933,43.114109],[-78.869875,43.11242],[-78.869799,43.11109199999999],[-78.86975699999999,43.110688],[-78.869709,43.110425],[-78.86962199999999,43.11005199999999],[-78.869484,43.10960199999999],[-78.869473,43.109566],[-78.869278,43.10908099999999],[-78.868894,43.10820699999999],[-78.867696,43.10545299999999],[-78.867654,43.105356],[-78.866849,43.103494000000005],[-78.86678599999999,43.103328],[-78.866687,43.102951999999995],[-78.866644,43.102689],[-78.86662199999999,43.102377999999995],[-78.86655499999999,43.10017499999999],[-78.86643099999999,43.09759999999999],[-78.866388,43.09665299999998],[-78.866387,43.09661499999999],[-78.86623999999999,43.093654],[-78.866226,43.09337899999999],[-78.866186,43.092557],[-78.866173,43.092282999999995],[-78.866162,43.09207399999999],[-78.866131,43.091446999999995],[-78.86612099999999,43.09123899999999],[-78.866112,43.091061999999994],[-78.866085,43.09053099999999],[-78.86607599999999,43.090354999999995],[-78.86604,43.08933299999999],[-78.866034,43.089043],[-78.865956,43.08510799999999],[-78.865931,43.08379699999999],[-78.86592,43.083056],[-78.865888,43.08083399999999],[-78.865878,43.080093999999995],[-78.865876,43.079993999999985],[-78.865872,43.079693999999996],[-78.865871,43.079594],[-78.86587,43.079505999999995],[-78.86587,43.079243999999996],[-78.86587,43.07915699999999],[-78.86586799999999,43.07788099999999],[-78.86586,43.07756199999999],[-78.86844099999999,43.078633],[-78.86912199999999,43.07891599999999],[-78.86999500000002,43.07928999999999],[-78.871057,43.079746],[-78.872494,43.080411999999995],[-78.874571,43.08141899999998],[-78.87458699999999,43.081426999999984],[-78.874915,43.081598],[-78.875491,43.081945],[-78.87603299999999,43.082298],[-78.87688,43.08283900000001],[-78.87705799999999,43.082927999999995],[-78.877347,43.083072],[-78.877864,43.08327999999999],[-78.87809899999999,43.08336],[-78.878513,43.083487],[-78.879042,43.083619999999996],[-78.879447,43.083708],[-78.880523,43.08390399999999],[-78.88073299999999,43.083943],[-78.881705,43.084139],[-78.881922,43.08418799999999],[-78.88246,43.08434],[-78.883303,43.08458399999999],[-78.88584999999999,43.085322],[-78.88680599999999,43.08561499999999],[-78.887203,43.08575999999999],[-78.888032,43.08612099999999],[-78.88850699999999,43.08632799999998],[-78.889206,43.086663],[-78.889529,43.086835999999984],[-78.889532,43.086875],[-78.889532,43.08688100000001],[-78.889535,43.087016999999996],[-78.88953699999999,43.087063],[-78.88953800000002,43.08713799999999],[-78.88955399999999,43.08787199999999],[-78.88960999999999,43.090302],[-78.889629,43.091111999999995],[-78.889658,43.092802999999996],[-78.88968799999999,43.09445799999999],[-78.889749,43.09710099999999],[-78.88976699999999,43.09787599999999],[-78.889809,43.09956799999999],[-78.88981199999999,43.09976700000001],[-78.889821,43.100367],[-78.889825,43.100567],[-78.88982899999999,43.100891000000004],[-78.88984099999999,43.101862999999994],[-78.88984500000001,43.102188],[-78.889847,43.102650999999994],[-78.889856,43.10404099999999],[-78.88986,43.104505],[-78.88986,43.104824]]]},"properties":{"geoid":"360630227114","name":"Block Group 4","pop":1506.0,"obs_Mesothelioma":0.0,"exp_Mesothelioma":0.11,"sir_Mesothelioma":0.0,"obs_Lung":12.0,"exp_Lung":7.31,"sir_Lung":1.642,"obs_Bladder":3.0,"exp_Bladder":2.9,"sir_Bladder":1.035,"obs_Esophagus":2.0,"exp_Esophagus":0.56,"sir_Esophagus":3.556,"obs_Oral":1.0,"exp_Oral":1.16,"sir_Oral":0.862,"obs_Brain":3.0,"exp_Brain":0.64,"sir_Brain":4.719,"hlarea_Lung":1,"hlarea_Bladder":0,"hlarea_Esophagus":1,"hlarea_Oral":0,"hlarea_Brain":0,"hlarea_Mesothelioma":0,"merged_area":false,"doh_region":"360630227114"}},{"type":"Feature","geometry":{"type":"Polygon","coordinates":[[[-78.85423,43.07114999999999],[-78.85172899999999,43.070147],[-78.850959,43.069795],[-78.849963,43.06932700000001],[-78.849233,43.06897],[-78.849198,43.06895299999999],[-78.84884799999999,43.068785999999996],[-78.848241,43.06849699999999],[-78.847915,43.068323],[-78.847814,43.06826099999999],[-78.847574,43.068115999999996],[-78.847482,43.068064],[-78.851174,43.068082],[-78.86225,43.068135999999996],[-78.86594199999999,43.06815499999999],[-78.87061899999999,43.068186],[-78.88465,43.068279999999994],[-78.88932700000001,43.068311999999985],[-78.889335,43.069704],[-78.88933899999999,43.070387],[-78.889359,43.07387999999999],[-78.88936799999999,43.075273],[-78.88937299999999,43.075848],[-78.889389,43.07757499999999],[-78.889395,43.07815099999999],[-78.88734199999999,43.078185999999995],[-78.887312,43.07818599999998],[-78.88426299999999,43.078225999999994],[-78.882083,43.07826799999999],[-78.881062,43.078285],[-78.87898,43.078322],[-78.87879400000001,43.078326000000004],[-78.878236,43.07833799999999],[-78.878051,43.07834299999999],[-78.877966,43.078343999999994],[-78.87771,43.078349],[-78.87762599999999,43.078350999999984],[-78.87751899999999,43.07835299999999],[-78.877297,43.07835699999999],[-78.876312,43.07837899999999],[-78.875984,43.07838699999999],[-78.875954,43.078387000000006],[-78.875863,43.07839],[-78.875834,43.07839099999999],[-78.87512699999999,43.078405999999994],[-78.873008,43.07845],[-78.872302,43.078466],[-78.87074899999999,43.07849799999999],[-78.869016,43.07853399999998],[-78.86889699999999,43.078539],[-78.86863799999999,43.078551999999995],[-78.86854799999999,43.07858499999999],[-78.868466,43.078616],[-78.86844099999999,43.078633],[-78.86586,43.07756199999999],[-78.865242,43.077295],[-78.864904,43.07712999999998],[-78.864589,43.076964000000004],[-78.864278,43.076775999999995],[-78.863744,43.076405999999984],[-78.8626,43.075534999999995],[-78.86238999999999,43.0754],[-78.861949,43.075128],[-78.861572,43.074915000000004],[-78.86012500000001,43.07414199999999],[-78.85781999999999,43.072874],[-78.856906,43.072358],[-78.856281,43.07203299999999],[-78.85600000000002,43.071906999999996],[-78.85423,43.07114999999999]]]},"properties":{"geoid":"360630227121","name":"Block Group 1","pop":2013.0,"obs_Mesothelioma":0.0,"exp_Mesothelioma":0.14,"sir_Mesothelioma":0.0,"obs_Lung":7.0,"exp_Lung":9.08,"sir_Lung":0.771,"obs_Bladder":3.0,"exp_Bladder":3.68,"sir_Bladder":0.815,"obs_Esophagus":1.0,"exp_Esophagus":0.7,"sir_Esophagus":1.431,"obs_Oral":0.0,"exp_Oral":1.45,"sir_Oral":0.0,"obs_Brain":1.0,"exp_Brain":0.82,"sir_Brain":1.214,"hlarea_Lung":1,"hlarea_Bladder":1,"hlarea_Esophagus":1,"hlarea_Oral":0,"hlarea_Brain":0,"hlarea_Mesothelioma":0,"merged_area":false,"doh_region":"360630227121"}},{"type":"Feature","geometry":{"type":"Polygon","coordinates":[[[-79.04004800000001,43.13182899999999],[-79.039962,43.13176699999998],[-79.039799,43.131308],[-79.039632,43.13077599999999],[-79.03960099999999,43.13067499999999],[-79.03948700000001,43.13035999999999],[-79.039554,43.130361],[-79.039711,43.130258],[-79.03969699999999,43.130129],[-79.039687,43.13002899999999],[-79.03968499999999,43.129424],[-79.03968499999999,43.12919],[-79.03970199999999,43.128938999999995],[-79.03970699999999,43.128910999999995],[-79.03983,43.12831],[-79.03989399999999,43.128092],[-79.039975,43.12782399999999],[-79.039988,43.12763999999999],[-79.04002799999999,43.127092],[-79.040042,43.12690899999999],[-79.04019699999999,43.126735999999994],[-79.04063699999999,43.126248],[-79.040673,43.12623399999998],[-79.040768,43.126200000000004],[-79.04085599999999,43.126103],[-79.04099699999999,43.125934],[-79.041423,43.12543],[-79.04156499999999,43.12526199999999],[-79.041715,43.12509199999999],[-79.04216799999999,43.12458599999999],[-79.04231899999999,43.124416999999994],[-79.042462,43.124253],[-79.04289399999999,43.123760999999995],[-79.043038,43.123597999999994],[-79.043341,43.123251999999994],[-79.044251,43.12221400000001],[-79.044555,43.12186899999999],[-79.04459899999999,43.121818999999995],[-79.044644,43.12176799999998],[-79.044731,43.121669],[-79.044776,43.12162],[-79.04499899999999,43.121362999999995],[-79.045034,43.121323999999994],[-79.04514999999999,43.12116499999998],[-79.04550000000002,43.12047799999999],[-79.045655,43.120176],[-79.04569,43.12010499999999],[-79.045795,43.119896000000004],[-79.04583099999999,43.11982599999998],[-79.046056,43.11937999999999],[-79.046734,43.11804399999999],[-79.04696,43.117599],[-79.046975,43.11756899999998],[-79.04702100000002,43.117481999999995],[-79.047037,43.11745299999999],[-79.047117,43.11729999999999],[-79.047151,43.117236],[-79.047349,43.116837999999994],[-79.047427,43.116683999999985],[-79.047485,43.116567999999994],[-79.04766099999999,43.116223000000005],[-79.04772,43.116108000000004],[-79.047812,43.11592199999998],[-79.048092,43.115365],[-79.04818499999999,43.11517999999999],[-79.048223,43.115103999999995],[-79.048338,43.114876999999986],[-79.048377,43.114802],[-79.048413,43.114731],[-79.04852199999999,43.114519999999985],[-79.048559,43.11444999999999],[-79.04866299999999,43.11423999999998],[-79.048978,43.113611999999996],[-79.04901799999999,43.113534],[-79.04902899999999,43.11338799999999],[-79.049026,43.11324200000001],[-79.049019,43.11280399999999],[-79.04901699999999,43.11265799999999],[-79.04901500000001,43.112513],[-79.04901199999999,43.112078],[-79.049011,43.11193299999999],[-79.049011,43.111779999999996],[-79.049011,43.111324999999994],[-79.04901199999999,43.111173],[-79.04901199999999,43.11103699999998],[-79.04901199999999,43.11088700000001],[-79.04901,43.11072099999999],[-79.049009,43.11063199999998],[-79.049009,43.11049699999998],[-79.049525,43.110431],[-79.050877,43.110261],[-79.051067,43.110206999999996],[-79.05113999999999,43.11018699999999],[-79.051581,43.110130999999996],[-79.05210199999999,43.11010199999998],[-79.05210799999999,43.11010099999999],[-79.053117,43.110054],[-79.053236,43.11005999999999],[-79.05333399999999,43.11007599999999],[-79.053496,43.11011699999998],[-79.053671,43.110186000000006],[-79.053829,43.11024799999999],[-79.05398699999999,43.11035199999999],[-79.054119,43.11045899999999],[-79.05420099999999,43.110534],[-79.05426899999999,43.110595999999994],[-79.054358,43.110696000000004],[-79.054405,43.110767],[-79.054413,43.11078799999999],[-79.05445499999999,43.110892],[-79.054503,43.11101099999998],[-79.054655,43.111579000000006],[-79.054664,43.11162699999999],[-79.05469699999999,43.11178799999999],[-79.05469099999999,43.11192299999998],[-79.054644,43.11213199999999],[-79.05445399999999,43.112655000000004],[-79.054174,43.11334899999999],[-79.053985,43.113788],[-79.05392499999999,43.11392699999999],[-79.05368299999999,43.114491999999984],[-79.05359,43.11470599999999],[-79.053581,43.11472899999999],[-79.05331699999999,43.11526199999999],[-79.053275,43.11533299999999],[-79.053158,43.11553599999999],[-79.053022,43.115763],[-79.052908,43.115956],[-79.052622,43.116370999999994],[-79.05258099999999,43.116420999999995],[-79.05241699999999,43.116628999999996],[-79.052059,43.117079999999994],[-79.051948,43.11721599999999],[-79.051703,43.11746599999999],[-79.050883,43.118303000000004],[-79.05018400000002,43.118997],[-79.049381,43.119816],[-79.048793,43.120418],[-79.048608,43.120600999999986],[-79.04829699999999,43.120908],[-79.048067,43.121136],[-79.047378,43.121841],[-79.047073,43.12215399999998],[-79.047012,43.12221400000001],[-79.046921,43.122305999999995],[-79.04682199999999,43.122381999999995],[-79.04675499999999,43.122435],[-79.046599,43.12255599999999],[-79.046241,43.12284699999999],[-79.046004,43.123084999999996],[-79.045563,43.123531],[-79.04537900000001,43.123729],[-79.04518999999999,43.123988999999995],[-79.044837,43.124593000000004],[-79.04464899999999,43.12489599999999],[-79.044528,43.125115],[-79.044328,43.125527],[-79.04427199999999,43.125642],[-79.044057,43.126085999999994],[-79.043886,43.126418],[-79.043826,43.12653299999999],[-79.043649,43.12687999999999],[-79.04361899999999,43.12694099999999],[-79.04359099999999,43.12699699999999],[-79.043249,43.12767300000001],[-79.04314099999999,43.12788499999999],[-79.042536,43.129086],[-79.04222899999999,43.12970699999999],[-79.041894,43.13038799999999],[-79.04169000000002,43.13078799999999],[-79.04155899999999,43.13104299999999],[-79.041214,43.131723],[-79.041083,43.131991000000006],[-79.040956,43.132255],[-79.040877,43.13239],[-79.040763,43.132388999999996],[-79.040622,43.132388],[-79.040421,43.13238599999999],[-79.04030800000001,43.13238599999998],[-79.040146,43.13203399999999],[-79.040122,43.13198499999999],[-79.04004800000001,43.13182899999999]]]},"properties":{"geoid":"360630202003","name":"Block Group 3","pop":1669.0,"obs_Mesothelioma":0.0,"exp_Mesothelioma":0.0659326224,"sir_Mesothelioma":0.0,"obs_Lung":3.0,"exp_Lung":4.4160421495,"sir_Lung":0.679,"obs_Bladder":0.0,"exp_Bladder":1.6621705674,"sir_Bladder":0.0,"obs_Esophagus":0.0,"exp_Esophagus":0.3209584875,"sir_Esophagus":0.0,"obs_Oral":0.0,"exp_Oral":0.7013760969,"sir_Oral":0.0,"obs_Brain":0.0,"exp_Brain":0.5131542554,"sir_Brain":0.0,"hlarea_Lung":1,"hlarea_Bladder":0,"hlarea_Esophagus":1,"hlarea_Oral":0,"hlarea_Brain":0,"hlarea_Mesothelioma":0,"doh_region":"36063DOH0001","merged_area":true,"merged_bg_count":2}},{"type":"Feature","geometry":{"type":"Polygon","coordinates":[[[-78.960983,43.08906399999999],[-78.96145,43.08934],[-78.96201599999999,43.089779],[-78.961755,43.089856],[-78.961899,43.09039999999999],[-78.961869,43.090463],[-78.961827,43.09064699999999],[-78.961817,43.09089799999999],[-78.96192099999999,43.09121],[-78.96251,43.091896999999996],[-78.96274799999999,43.092189999999995],[-78.962892,43.09239799999999],[-78.958938,43.094159000000005],[-78.95882399999999,43.09419499999999],[-78.958486,43.094305000000006],[-78.958373,43.09434199999999],[-78.95539699999999,43.09540899999999],[-78.95530400000001,43.095449],[-78.955306,43.095423999999994],[-78.955305,43.09541099999999],[-78.95530200000002,43.09529899999999],[-78.95530099999999,43.095262],[-78.95529599999999,43.095135],[-78.955289,43.094946],[-78.955179,43.094789999999996],[-78.955147,43.09474499999999],[-78.955107,43.09468699999999],[-78.955671,43.094477000000005],[-78.957366,43.093847999999994],[-78.957931,43.093639],[-78.957894,43.093597999999986],[-78.95753599999999,43.09331199999999],[-78.957461,43.093289999999996],[-78.95741,43.093289],[-78.956384,43.09328699999999],[-78.955485,43.093298999999995],[-78.954844,43.09330799999999],[-78.954515,43.09330999999999],[-78.95352799999999,43.09331799999999],[-78.95320000000001,43.09332100000001],[-78.953195,43.092932000000005],[-78.953187,43.09220000000001],[-78.95318,43.091767999999995],[-78.953175,43.09138099999999],[-78.953302,43.091379999999994],[-78.953508,43.09140500000001],[-78.953594,43.091416],[-78.954499,43.091583],[-78.954602,43.09160299999999],[-78.95483,43.091637999999996],[-78.954819,43.091003],[-78.95478899999999,43.089099999999995],[-78.954779,43.08846599999999],[-78.95493599999999,43.088445],[-78.955407,43.088384999999995],[-78.95556499999999,43.08836499999999],[-78.955877,43.08831699999999],[-78.955968,43.088303999999994],[-78.956189,43.08824699999998],[-78.956685,43.088037],[-78.956774,43.08801599999999],[-78.95689899999999,43.08798799999998],[-78.957087,43.087974999999986],[-78.95725399999999,43.087973999999996],[-78.95728199999999,43.08797899999998],[-78.957427,43.088007999999995],[-78.95783999999999,43.088162],[-78.958024,43.08823100000001],[-78.958045,43.08815],[-78.958061,43.088089999999994],[-78.958063,43.08790299999999],[-78.95806499999999,43.087821],[-78.95834,43.088011999999985],[-78.95891499999999,43.08829099999999],[-78.959389,43.088446999999995],[-78.95967999999999,43.088531999999994],[-78.96025399999999,43.08873],[-78.960983,43.08906399999999]]]},"properties":{"geoid":"360630225003","name":"Block Group 3","pop":836.0,"obs_Mesothelioma":0.0,"exp_Mesothelioma":0.06,"sir_Mesothelioma":0.0,"obs_Lung":3.0,"exp_Lung":3.97,"sir_Lung":0.756,"obs_Bladder":3.0,"exp_Bladder":1.58,"sir_Bladder":1.897,"obs_Esophagus":0.0,"exp_Esophagus":0.29,"sir_Esophagus":0.0,"obs_Oral":1.0,"exp_Oral":0.61,"sir_Oral":1.643,"obs_Brain":1.0,"exp_Brain":0.34,"sir_Brain":2.915,"hlarea_Lung":1,"hlarea_Bladder":1,"hlarea_Esophagus":1,"hlarea_Oral":0,"hlarea_Brain":0,"hlarea_Mesothelioma":0,"merged_area":false,"doh_region":"360630225003"}},{"type":"Feature","geometry":{"type":"Polygon","coordinates":[[[-78.746819,43.33365699999999],[-78.746825,43.33446199999998],[-78.747078,43.33520699999999],[-78.74783699999999,43.337444],[-78.748091,43.33819],[-78.742222,43.339245000000005],[-78.724617,43.34241100000001],[-78.718749,43.34346699999999],[-78.714894,43.34415999999999],[-78.703332,43.346239],[-78.699478,43.34693300000001],[-78.69930599999999,43.34641599999999],[-78.69903,43.34560899999998],[-78.698981,43.345513999999994],[-78.698827,43.34521399999999],[-78.698376,43.34463099999998],[-78.69792100000001,43.34408299999999],[-78.697439,43.343170999999984],[-78.696938,43.34260999999999],[-78.69658199999999,43.342293999999995],[-78.696198,43.342027999999985],[-78.69615499999999,43.341999],[-78.69574899999999,43.341794],[-78.695379,43.34163899999999],[-78.694786,43.34157899999999],[-78.694176,43.34151],[-78.69367,43.341558],[-78.693539,43.341558],[-78.69337999999999,43.34153699999999],[-78.693068,43.34144699999999],[-78.69296899999999,43.34140899999999],[-78.692888,43.341377999999985],[-78.692742,43.341343999999985],[-78.692618,43.34133699999999],[-78.692424,43.34134399999999],[-78.692202,43.341398999999996],[-78.69205699999999,43.34146799999999],[-78.69189800000001,43.34151],[-78.691634,43.34154799999999],[-78.691558,43.341527],[-78.69128099999999,43.341485999999996],[-78.691101,43.34147900000001],[-78.690845,43.34149899999999],[-78.69058199999999,43.34157599999999],[-78.690395,43.34161699999999],[-78.69020100000002,43.341693],[-78.69004199999999,43.341769000000006],[-78.689785,43.341845],[-78.689557,43.341865999999996],[-78.68935599999999,43.341900999999986],[-78.688996,43.341946],[-78.688788,43.34196],[-78.688276,43.34201499999999],[-78.688012,43.34207399999999],[-78.687839,43.34205],[-78.687753,43.34200499999999],[-78.687579,43.341954],[-78.687527,43.341939],[-78.687067,43.341849999999994],[-78.686949,43.34183699999999],[-78.686495,43.341755],[-78.686183,43.34171799999999],[-78.686095,43.34171799999999],[-78.68575799999999,43.341685],[-78.685665,43.341675999999985],[-78.685042,43.34148899999999],[-78.685001,43.341462],[-78.68485799999999,43.34126299999999],[-78.684585,43.340785],[-78.684454,43.34050800000001],[-78.684416,43.340345],[-78.684404,43.340219999999995],[-78.68440799999999,43.340025],[-78.684427,43.339892],[-78.684457,43.339824],[-78.68481,43.33925399999999],[-78.684874,43.33921499999998],[-78.684932,43.33920099999999],[-78.685081,43.339166],[-78.68540999999999,43.33898399999998],[-78.685965,43.338635999999994],[-78.68659099999999,43.338191],[-78.686679,43.338162],[-78.687072,43.33798499999999],[-78.68851599999999,43.337283],[-78.689771,43.336308999999986],[-78.689903,43.336230999999984],[-78.690665,43.33584299999998],[-78.690787,43.335809],[-78.69127399999999,43.335735],[-78.69136999999999,43.335707],[-78.691454,43.33564799999999],[-78.69174799999999,43.33529],[-78.691788,43.335221],[-78.69183699999999,43.335049],[-78.691896,43.334984999999996],[-78.69194999999999,43.334970999999996],[-78.69264199999999,43.33500499999998],[-78.693242,43.33498999999999],[-78.69332,43.33496599999999],[-78.693725,43.334765000000004],[-78.693895,43.334680999999996],[-78.694315,43.33440399999999],[-78.69447199999999,43.334267],[-78.694693,43.333957000000005],[-78.694737,43.333912999999995],[-78.69477599999999,43.333898000000005],[-78.69678700000001,43.333929999999995],[-78.69678499999999,43.33269999999999],[-78.69678499999999,43.33153099999999],[-78.696793,43.329012999999996],[-78.696798,43.32778399999999],[-78.696792,43.32711399999998],[-78.696792,43.326865],[-78.696801,43.324110000000005],[-78.696805,43.323192000000006],[-78.696804,43.32250399999999],[-78.696801,43.32044],[-78.696801,43.320438999999986],[-78.696811,43.319840000000006],[-78.696811,43.319753],[-78.700173,43.319213],[-78.710261,43.317597],[-78.713624,43.31705899999999],[-78.71420599999999,43.31695399999999],[-78.715955,43.316641],[-78.716539,43.31653699999999],[-78.71676699999999,43.316517999999995],[-78.717452,43.31646200000001],[-78.717681,43.316444],[-78.720165,43.31602799999999],[-78.723337,43.31549699999999],[-78.72761899999999,43.31478099999998],[-78.730104,43.31436600000001],[-78.730098,43.314411],[-78.730098,43.314538],[-78.730126,43.314642],[-78.73022999999999,43.31473899999999],[-78.730355,43.31482299999999],[-78.73057,43.31489199999999],[-78.73070899999999,43.31494699999998],[-78.73082699999999,43.31501],[-78.730903,43.31507899999999],[-78.730975,43.315186000000004],[-78.731049,43.31524599999998],[-78.73116,43.315294],[-78.73125,43.31530799999999],[-78.731354,43.315294],[-78.73152,43.31520400000001],[-78.73160399999999,43.315189999999994],[-78.73168,43.315189999999994],[-78.73178399999999,43.315231999999995],[-78.731909,43.315308],[-78.73201999999999,43.31539099999999],[-78.732059,43.315446],[-78.732069,43.315641],[-78.732034,43.315875999999996],[-78.732034,43.315987],[-78.732075,43.316119],[-78.732124,43.316160999999994],[-78.7322,43.31620199999999],[-78.732325,43.31623],[-78.73270699999999,43.316223],[-78.732839,43.31618799999999],[-78.732998,43.31613300000001],[-78.73312299999999,43.316077],[-78.733283,43.31602199999999],[-78.73338,43.316008],[-78.73347,43.31602199999999],[-78.733553,43.316059999999986],[-78.733623,43.31612599999999],[-78.733685,43.316209],[-78.733768,43.31636199999999],[-78.733914,43.316500000000005],[-78.73400400000001,43.31656299999999],[-78.73415,43.316618],[-78.734295,43.316652999999995],[-78.734358,43.316688],[-78.734393,43.31672199999999],[-78.734448,43.316804999999995],[-78.734476,43.31689599999999],[-78.73448300000001,43.31701299999999],[-78.734504,43.317130999999996],[-78.73454699999999,43.31722],[-78.73461000000002,43.317308],[-78.73467,43.31733899999998],[-78.73485099999999,43.317373999999994],[-78.73505899999999,43.317388],[-78.73545399999999,43.317395],[-78.735614,43.317422],[-78.735725,43.317471],[-78.735856,43.31758200000001],[-78.735961,43.317720999999985],[-78.73607899999999,43.317901000000006],[-78.73614599999999,43.31813999999999],[-78.736141,43.31821999999999],[-78.73603,43.318566],[-78.73580799999999,43.31889899999998],[-78.735749,43.31901399999999],[-78.73572999999999,43.319120000000005],[-78.735725,43.31923199999999],[-78.735773,43.319480999999996],[-78.735884,43.31985600000001],[-78.736069,43.320195999999996],[-78.736356,43.32049399999999],[-78.736463,43.320570999999994],[-78.736599,43.320644],[-78.73676499999999,43.32071499999999],[-78.73699100000002,43.320789999999995],[-78.73714,43.320806],[-78.73747999999999,43.32080599999999],[-78.737681,43.32082599999999],[-78.73800299999999,43.32088199999999],[-78.73807699999999,43.320902999999994],[-78.738157,43.32095199999999],[-78.73821199999999,43.321011],[-78.73822299999999,43.321169],[-78.738181,43.321249],[-78.73803500000001,43.32141599999999],[-78.73789599999999,43.321554],[-78.73774399999999,43.32173399999999],[-78.737591,43.321942],[-78.737404,43.322163999999994],[-78.736786,43.32264999999998],[-78.736728,43.32271599999999],[-78.736689,43.322795],[-78.73664699999999,43.32295499999999],[-78.73662,43.323009999999975],[-78.73655,43.32309299999999],[-78.736294,43.323252999999994],[-78.736257,43.32329299999999],[-78.736252,43.32335],[-78.736261,43.32338899999999],[-78.73632099999999,43.323453999999984],[-78.736432,43.323468],[-78.73661299999999,43.323468],[-78.73684899999999,43.323488999999995],[-78.73702899999999,43.323564999999995],[-78.737195,43.323668999999995],[-78.737355,43.32380099999998],[-78.73744599999999,43.323937],[-78.737591,43.324473000000005],[-78.737653,43.324653],[-78.737709,43.324763999999995],[-78.737813,43.32490299999999],[-78.738097,43.32518699999999],[-78.73822899999999,43.32533300000001],[-78.738382,43.325436999999994],[-78.738548,43.32549899999999],[-78.73872899999999,43.32553399999998],[-78.739381,43.32552699999998],[-78.73952,43.32551299999999],[-78.739825,43.325458],[-78.740129,43.325424999999996],[-78.74053099999999,43.325390999999996],[-78.740954,43.32546],[-78.741128,43.32551600000001],[-78.741711,43.32580699999999],[-78.741849,43.325889999999994],[-78.742134,43.326007999999995],[-78.742515,43.326105],[-78.742876,43.32622299999999],[-78.74319299999999,43.326358000000006],[-78.74342399999999,43.326486],[-78.74359799999999,43.326639],[-78.743702,43.326805],[-78.743723,43.32695099999999],[-78.743695,43.327144999999994],[-78.743584,43.327499],[-78.743563,43.327658],[-78.743563,43.327811],[-78.743584,43.327955999999986],[-78.743618,43.32807399999999],[-78.743695,43.32820600000001],[-78.743802,43.32831],[-78.743972,43.328441],[-78.74443699999999,43.328857],[-78.74452699999999,43.32897499999999],[-78.744548,43.329065],[-78.74453,43.329193999999994],[-78.74448199999999,43.329341],[-78.744333,43.329584999999994],[-78.744204,43.329770999999994],[-78.744194,43.329786999999996],[-78.744035,43.32994599999999],[-78.743584,43.330341],[-78.743459,43.330479999999994],[-78.743397,43.330597999999995],[-78.743376,43.33072899999999],[-78.74338999999999,43.33085399999999],[-78.743432,43.330968],[-78.743568,43.331168000000005],[-78.743792,43.331319],[-78.74401399999999,43.33140899999999],[-78.744278,43.33145699999999],[-78.745407,43.331468],[-78.74580399999999,43.331511],[-78.746021,43.331562],[-78.74615899999999,43.33164199999999],[-78.746374,43.331822],[-78.746533,43.33198799999999],[-78.74665800000001,43.33221],[-78.746749,43.33258899999999],[-78.74676199999999,43.33264],[-78.746797,43.332923999999984],[-78.74681799999999,43.33349899999999],[-78.746819,43.33365699999999]]]},"properties":{"geoid":"360630242022","name":"Block Group 2","pop":1201.0,"obs_Mesothelioma":0.0,"exp_Mesothelioma":0.1,"sir_Mesothelioma":0.0,"obs_Lung":7.0,"exp_Lung":6.27,"sir_Lung":1.117,"obs_Bladder":3.0,"exp_Bladder":2.55,"sir_Bladder":1.176,"obs_Esophagus":1.0,"exp_Esophagus":0.49,"sir_Esophagus":2.049,"obs_Oral":2.0,"exp_Oral":0.99,"sir_Oral":2.019,"obs_Brain":0.0,"exp_Brain":0.53,"sir_Brain":0.0,"hlarea_Lung":0,"hlarea_Bladder":0,"hlarea_Esophagus":1,"hlarea_Oral":0,"hlarea_Brain":0,"hlarea_Mesothelioma":0,"merged_area":false,"doh_region":"360630242022"}},{"type":"Feature","geometry":{"type":"Polygon","coordinates":[[[-78.696863,43.15355900000001],[-78.69686999999999,43.154014],[-78.69687499999999,43.154246999999984],[-78.696873,43.15439299999999],[-78.69686999999999,43.15483299999999],[-78.69686899999999,43.154979999999995],[-78.69686999999999,43.15542000000001],[-78.696873,43.156741],[-78.69687499999999,43.15718199999999],[-78.696874,43.15729899999999],[-78.696873,43.157650999999994],[-78.696873,43.157769],[-78.696873,43.15789099999999],[-78.69687499999999,43.15825699999999],[-78.696876,43.15837899999998],[-78.696874,43.158578999999996],[-78.696872,43.159178999999995],[-78.696871,43.159379999999985],[-78.696868,43.15959699999999],[-78.696863,43.16024900000001],[-78.696862,43.160467],[-78.696263,43.160462999999986],[-78.696201,43.160461],[-78.694221,43.160424],[-78.694073,43.16042199999999],[-78.693561,43.160409],[-78.69176900000001,43.160378],[-78.690632,43.16035199999999],[-78.690364,43.16034599999999],[-78.68956299999999,43.16033099999999],[-78.68929600000001,43.160326],[-78.687316,43.16027599999998],[-78.68580999999999,43.160258999999996],[-78.68315299999999,43.16021099999999],[-78.682181,43.16017699999999],[-78.68043899999999,43.160152999999994],[-78.68041,43.159521],[-78.68037799999999,43.15883099999999],[-78.680371,43.158691999999995],[-78.68034999999999,43.158276],[-78.680343,43.15813800000001],[-78.680337,43.157997999999985],[-78.68032,43.157581],[-78.680315,43.15744199999999],[-78.680307,43.15727599999999],[-78.68028600000001,43.156780999999995],[-78.68028,43.156616],[-78.680266,43.156223],[-78.680257,43.15605],[-78.68021,43.155103],[-78.680176,43.154354999999995],[-78.680151,43.15379],[-78.68014,43.15355699999999],[-78.68011000000001,43.15286],[-78.68010000000002,43.15262800000001],[-78.680097,43.15258099999999],[-78.68009099999999,43.15243999999999],[-78.680089,43.15239399999999],[-78.680081,43.15222899999999],[-78.680059,43.15173499999999],[-78.680052,43.15157099999999],[-78.680039,43.151283],[-78.680033,43.15116799999999],[-78.67998999999999,43.15016899999999],[-78.67998,43.149961999999995],[-78.679968,43.14970499999999],[-78.67996,43.149561],[-78.68141299999999,43.149606],[-78.68314400000001,43.14966],[-78.683289,43.150859],[-78.684711,43.15085899999999],[-78.686165,43.150859],[-78.686166,43.15079399999999],[-78.68616899999999,43.150599],[-78.68616999999999,43.150534],[-78.688307,43.150574999999996],[-78.69471899999999,43.150698000000006],[-78.696857,43.150739],[-78.69685799999999,43.150828999999995],[-78.69686399999999,43.151101],[-78.696866,43.15119199999999],[-78.69686399999999,43.15156999999999],[-78.696862,43.15270699999999],[-78.696862,43.15308599999999],[-78.696862,43.153318],[-78.696863,43.15355900000001]]]},"properties":{"geoid":"360630239011","name":"Block Group 1","pop":1479.0,"obs_Mesothelioma":0.0,"exp_Mesothelioma":0.11,"sir_Mesothelioma":0.0,"obs_Lung":2.0,"exp_Lung":7.69,"sir_Lung":0.26,"obs_Bladder":6.0,"exp_Bladder":2.95,"sir_Bladder":2.037,"obs_Esophagus":1.0,"exp_Esophagus":0.56,"sir_Esophagus":1.775,"obs_Oral":2.0,"exp_Oral":1.18,"sir_Oral":1.693,"obs_Brain":0.0,"exp_Brain":0.65,"sir_Brain":0.0,"hlarea_Lung":1,"hlarea_Bladder":1,"hlarea_Esophagus":1,"hlarea_Oral":0,"hlarea_Brain":0,"hlarea_Mesothelioma":0,"merged_area":false,"doh_region":"360630239011"}},{"type":"Feature","geometry":{"type":"Polygon","coordinates":[[[-79.049216,43.132099],[-79.048965,43.132099],[-79.048743,43.132098],[-79.04732400000002,43.132095],[-79.04700799999999,43.13209499999999],[-79.046864,43.132028999999996],[-79.046916,43.13193899999999],[-79.04692,43.131931],[-79.047444,43.130908999999996],[-79.047698,43.13050599999998],[-79.048199,43.12972199999999],[-79.048294,43.129573],[-79.04858,43.12912699999999],[-79.048676,43.128979],[-79.04875799999999,43.128848999999995],[-79.049008,43.128459],[-79.049092,43.12833],[-79.049129,43.12827099999999],[-79.04924,43.128098],[-79.049278,43.128039999999984],[-79.04957,43.12759499999999],[-79.049757,43.12730799999999],[-79.04976099999999,43.12730000000001],[-79.04983399999999,43.127188],[-79.049855,43.127154],[-79.04999099999999,43.12693900000001],[-79.050089,43.12682699999999],[-79.050198,43.126736999999984],[-79.050461,43.12656599999999],[-79.05143199999999,43.12594199999999],[-79.051675,43.125774],[-79.052855,43.12500399999999],[-79.05319899999999,43.12476799999999],[-79.053203,43.12465999999999],[-79.053331,43.124663],[-79.05404899999999,43.12409199999998],[-79.054228,43.123924999999986],[-79.05462899999999,43.123521],[-79.05481,43.12350399999999],[-79.054812,43.12346499999999],[-79.054819,43.123349999999995],[-79.054822,43.123311999999984],[-79.055002,43.123135999999995],[-79.05528699999999,43.122861],[-79.05551799999999,43.12258399999999],[-79.055534,43.122567000000004],[-79.05568,43.122391],[-79.05592899999999,43.12208599999998],[-79.05611700000001,43.121857],[-79.056388,43.12154100000001],[-79.05658199999999,43.121280999999996],[-79.05662,43.12119399999999],[-79.056631,43.121144999999984],[-79.05664999999999,43.121063],[-79.05664399999999,43.12075399999999],[-79.05659600000001,43.120314],[-79.056586,43.12023299999999],[-79.056394,43.118672999999994],[-79.05633,43.118154],[-79.05631,43.11795899999999],[-79.056286,43.11772399999999],[-79.05627,43.117568],[-79.05624399999999,43.11737599999999],[-79.056218,43.11718299999999],[-79.056191,43.116974],[-79.05614,43.116575],[-79.056112,43.116349],[-79.05608699999999,43.116141],[-79.056082,43.116097999999994],[-79.056067,43.11597099999998],[-79.056062,43.115929],[-79.056046,43.115793999999994],[-79.055998,43.11539],[-79.055982,43.11525599999999],[-79.055965,43.115117999999995],[-79.055921,43.11476199999999],[-79.05590600000001,43.11470699999999],[-79.05587,43.11457399999999],[-79.055848,43.11450099999999],[-79.055782,43.11428199999999],[-79.05576099999999,43.11420899999999],[-79.055737,43.11413199999999],[-79.055668,43.113903],[-79.055645,43.11382700000001],[-79.055521,43.11341999999999],[-79.05552,43.11341699999999],[-79.055331,43.11272599999998],[-79.055161,43.112182],[-79.055033,43.11177399999999],[-79.054977,43.111587],[-79.054811,43.11102699999999],[-79.054785,43.11093799999999],[-79.054755,43.11084099999999],[-79.05472999999999,43.110763],[-79.054658,43.11053199999999],[-79.054634,43.11045499999999],[-79.054553,43.110188],[-79.054422,43.109744],[-79.055796,43.109564],[-79.055872,43.109554999999986],[-79.05605899999999,43.109535999999984],[-79.056103,43.10953099999999],[-79.056122,43.109529],[-79.05618,43.10952299999999],[-79.056479,43.109485],[-79.05695399999999,43.10942699999999],[-79.057379,43.109376999999995],[-79.05767999999999,43.10934199999999],[-79.057796,43.109328999999995],[-79.057971,43.10931],[-79.058145,43.109290999999985],[-79.058262,43.10927900000001],[-79.05926699999999,43.112155],[-79.06020000000001,43.11360399999999],[-79.06195699999999,43.115362],[-79.062223,43.11553299999999],[-79.06955599999999,43.120255],[-79.05966,43.126248],[-79.057285,43.12674599999998],[-79.056767,43.12685499999999],[-79.053772,43.129729999999995],[-79.052055,43.132055],[-79.05185,43.132055],[-79.051238,43.132055],[-79.051034,43.132055],[-79.05067,43.13206299999999],[-79.049579,43.132089],[-79.049216,43.132099]]]},"properties":{"geoid":"360630201004","name":"Block Group 4","pop":745.0,"obs_Mesothelioma":0.0,"exp_Mesothelioma":0.06,"sir_Mesothelioma":0.0,"obs_Lung":1.0,"exp_Lung":3.62,"sir_Lung":0.276,"obs_Bladder":3.0,"exp_Bladder":1.45,"sir_Bladder":2.065,"obs_Esophagus":0.0,"exp_Esophagus":0.27,"sir_Esophagus":0.0,"obs_Oral":1.0,"exp_Oral":0.55,"sir_Oral":1.832,"obs_Brain":1.0,"exp_Brain":0.31,"sir_Brain":3.223,"hlarea_Lung":0,"hlarea_Bladder":0,"hlarea_Esophagus":1,"hlarea_Oral":0,"hlarea_Brain":0,"hlarea_Mesothelioma":0,"merged_area":false,"doh_region":"360630201004"}},{"type":"Feature","geometry":{"type":"Polygon","coordinates":[[[-78.652048,43.218873],[-78.651134,43.218866999999975],[-78.648236,43.218871],[-78.639545,43.21888399999999],[-78.636648,43.218889],[-78.634599,43.21875499999999],[-78.63333399999999,43.218672999999995],[-78.628455,43.21835099999999],[-78.626407,43.21821599999999],[-78.62547599999999,43.218143999999995],[-78.622683,43.217928],[-78.621752,43.217856999999995],[-78.621591,43.215627],[-78.62110899999999,43.208937999999996],[-78.620949,43.20670899999999],[-78.62105199999999,43.19684999999999],[-78.621039,43.196338],[-78.621003,43.19480499999999],[-78.620992,43.194294],[-78.620989,43.194262],[-78.620981,43.194168],[-78.620979,43.194137000000005],[-78.62341599999999,43.19403199999999],[-78.62612899999999,43.19391600000001],[-78.629075,43.193864999999995],[-78.630104,43.193827999999996],[-78.630729,43.19376899999998],[-78.632908,43.19356499999999],[-78.63315999999999,43.193559],[-78.636539,43.193115000000006],[-78.638297,43.192885],[-78.645116,43.19228999999999],[-78.64668,43.19191299999999],[-78.64999499999999,43.191117],[-78.653354,43.190303],[-78.654726,43.189971],[-78.658711,43.18902099999998],[-78.661508,43.18834999999999],[-78.663438,43.18788699999999],[-78.663783,43.18780499999999],[-78.663865,43.18774899999998],[-78.665025,43.18697299999999],[-78.666158,43.186265999999996],[-78.666389,43.186122],[-78.666367,43.18611500000001],[-78.66630099999999,43.18609499999999],[-78.666279,43.186089],[-78.666758,43.18595],[-78.667045,43.185868],[-78.66819699999999,43.18553699999999],[-78.66819799999999,43.18553599999999],[-78.66869,43.185452],[-78.668768,43.185444999999994],[-78.669005,43.185427000000004],[-78.669084,43.18542099999999],[-78.669089,43.18566899999998],[-78.66910399999999,43.186414],[-78.66910899999999,43.186662999999996],[-78.669159,43.186671],[-78.669167,43.186672],[-78.669343,43.18670199999999],[-78.66940199999999,43.186712],[-78.669542,43.18673499999999],[-78.66996499999999,43.18680599999998],[-78.67010599999999,43.18682999999998],[-78.671369,43.187046999999986],[-78.67195099999999,43.18714799999999],[-78.672579,43.18727099999999],[-78.672932,43.18735099999999],[-78.673808,43.187608999999995],[-78.67508,43.188036999999994],[-78.67508699999999,43.188039999999994],[-78.676295,43.18845099999999],[-78.677022,43.18869799999999],[-78.678608,43.189239],[-78.679207,43.189440999999995],[-78.679569,43.189564],[-78.67993600000001,43.189687],[-78.680163,43.18976299999999],[-78.681341,43.19016599999999],[-78.68160999999999,43.19025799999999],[-78.682285,43.190477999999985],[-78.6847,43.191292999999995],[-78.685166,43.19143099999998],[-78.685339,43.19148],[-78.68557799999999,43.191531],[-78.68604599999999,43.19163300000001],[-78.6866,43.191711999999995],[-78.687045,43.191749],[-78.687434,43.19177399999999],[-78.68763,43.191776000000004],[-78.689388,43.191794],[-78.68997399999999,43.191801],[-78.69162899999999,43.19181100000001],[-78.692646,43.191825999999985],[-78.693165,43.191825999999985],[-78.69324499999999,43.191826999999996],[-78.69634099999999,43.191849],[-78.696856,43.191865],[-78.69702,43.191871],[-78.697687,43.191938],[-78.697904,43.19198],[-78.698728,43.192582],[-78.698968,43.192758],[-78.699827,43.19338699999999],[-78.701521,43.193529000000005],[-78.702539,43.193615],[-78.702925,43.19367699999999],[-78.703335,43.193717],[-78.703701,43.19373399999999],[-78.70424299999999,43.19376099999998],[-78.70649499999999,43.19383099999999],[-78.70721,43.193859999999994],[-78.70837999999999,43.19390799999999],[-78.709085,43.195327999999996],[-78.70971899999999,43.196588],[-78.71059699999999,43.198330000000006],[-78.712492,43.202064],[-78.712813,43.202743999999996],[-78.712898,43.20300399999999],[-78.712927,43.203109999999995],[-78.71296699999999,43.20350799999999],[-78.71300699999999,43.204823999999995],[-78.713098,43.20781999999999],[-78.713123,43.208771999999996],[-78.713177,43.210121],[-78.71324899999999,43.211878999999996],[-78.713317,43.213592999999996],[-78.713419,43.21572799999999],[-78.713464,43.217022],[-78.713529,43.218852],[-78.713529,43.219324],[-78.713163,43.219322],[-78.712065,43.21931599999999],[-78.71170000000001,43.21931499999999],[-78.710235,43.219308999999996],[-78.70584199999999,43.219293999999984],[-78.704378,43.21928899999999],[-78.702587,43.21928099999999],[-78.701443,43.219276999999984],[-78.697217,43.21923599999999],[-78.696733,43.219232],[-78.695427,43.219221999999995],[-78.695211,43.219218999999995],[-78.694563,43.21921299999999],[-78.694347,43.219211],[-78.690859,43.21916399999999],[-78.690211,43.219156],[-78.682608,43.219069],[-78.681736,43.21905399999999],[-78.68039499999999,43.21904],[-78.676907,43.219006],[-78.67235,43.219013999999994],[-78.67210399999999,43.219014],[-78.65423299999999,43.218888],[-78.653868,43.21888599999999],[-78.652048,43.218873]]]},"properties":{"geoid":"360630234012","name":"Block Group 2","pop":1139.0,"obs_Mesothelioma":0.0,"exp_Mesothelioma":0.08,"sir_Mesothelioma":0.0,"obs_Lung":8.0,"exp_Lung":4.75,"sir_Lung":1.686,"obs_Bladder":3.0,"exp_Bladder":1.97,"sir_Bladder":1.526,"obs_Esophagus":2.0,"exp_Esophagus":0.38,"sir_Esophagus":5.212,"obs_Oral":0.0,"exp_Oral":0.81,"sir_Oral":0.0,"obs_Brain":3.0,"exp_Brain":0.45,"sir_Brain":6.704,"hlarea_Lung":1,"hlarea_Bladder":1,"hlarea_Esophagus":1,"hlarea_Oral":0,"hlarea_Brain":0,"hlarea_Mesothelioma":0,"merged_area":false,"doh_region":"360630234012"}},{"type":"Feature","geometry":{"type":"Polygon","coordinates":[[[-78.861763,43.03347199999999],[-78.86172200000001,43.033594999999984],[-78.861691,43.033474],[-78.861651,43.03332799999998],[-78.861532,43.03289],[-78.861493,43.032743999999994],[-78.861452,43.03258100000001],[-78.861329,43.032093999999994],[-78.861289,43.031932],[-78.861254,43.03179099999999],[-78.861149,43.031368],[-78.861114,43.031226999999994],[-78.861092,43.031133],[-78.861029,43.030853],[-78.861008,43.03076],[-78.860992,43.03066699999999],[-78.860963,43.030266000000005],[-78.860947,43.029215],[-78.860947,43.029145],[-78.86093199999999,43.027967999999994],[-78.860931,43.027904],[-78.860919,43.027350999999996],[-78.860928,43.02708699999999],[-78.861024,43.02653999999999],[-78.861169,43.025866],[-78.861192,43.02576],[-78.861257,43.025484],[-78.861268,43.02540099999999],[-78.861305,43.025129],[-78.861311,43.024676],[-78.861283,43.02397899999999],[-78.861271,43.023678],[-78.86126399999999,43.02350499999999],[-78.86126399999999,43.023435000000006],[-78.861268,43.023227999999996],[-78.861269,43.023203999999986],[-78.86126999999999,43.02315899999999],[-78.861269,43.02311399999999],[-78.861268,43.023101999999994],[-78.861266,43.02303399999999],[-78.86125899999999,43.022931],[-78.861257,43.02288899999999],[-78.861257,43.022875],[-78.86875599999999,43.023261999999995],[-78.870859,43.02271899999999],[-78.87087100000001,43.022815],[-78.870907,43.023104],[-78.87092,43.02320099999999],[-78.871012,43.02340199999999],[-78.87008399999999,43.023651],[-78.86921799999999,43.023821],[-78.868937,43.023866999999996],[-78.86849,43.023872999999995],[-78.867297,43.02383999999999],[-78.867357,43.02402899999999],[-78.86738,43.02409099999999],[-78.867665,43.024834],[-78.867761,43.02508199999999],[-78.867857,43.02533300000001],[-78.868147,43.02608599999999],[-78.86824399999999,43.026338],[-78.86833899999999,43.026589],[-78.86862599999999,43.027344],[-78.86872199999999,43.02759599999999],[-78.868912,43.02808699999999],[-78.86940299999999,43.02935699999999],[-78.86948199999999,43.029561],[-78.86967299999999,43.03005299999999],[-78.869813,43.030399999999986],[-78.870233,43.031442],[-78.870373,43.031789999999994],[-78.87022,43.03182099999999],[-78.869761,43.031913999999986],[-78.869609,43.03194599999999],[-78.86948699999999,43.03197],[-78.86912099999999,43.032043999999985],[-78.86900000000001,43.032069],[-78.86875,43.032121],[-78.86800199999999,43.032277],[-78.867753,43.032329999999995],[-78.867504,43.032379999999996],[-78.866758,43.032531999999996],[-78.86650999999999,43.032584],[-78.86527,43.032844999999995],[-78.863751,43.033148],[-78.86278399999999,43.03334999999999],[-78.862346,43.033428],[-78.86198499999999,43.033469999999994],[-78.861763,43.03347199999999]]]},"properties":{"geoid":"360630232001","name":"Block Group 1","pop":1367.0,"obs_Mesothelioma":1.0,"exp_Mesothelioma":0.08,"sir_Mesothelioma":11.909,"obs_Lung":2.0,"exp_Lung":5.67,"sir_Lung":0.353,"obs_Bladder":3.0,"exp_Bladder":2.19,"sir_Bladder":1.37,"obs_Esophagus":3.0,"exp_Esophagus":0.43,"sir_Esophagus":6.922,"obs_Oral":0.0,"exp_Oral":0.93,"sir_Oral":0.0,"obs_Brain":1.0,"exp_Brain":0.53,"sir_Brain":1.888,"hlarea_Lung":1,"hlarea_Bladder":1,"hlarea_Esophagus":1,"hlarea_Oral":0,"hlarea_Brain":0,"hlarea_Mesothelioma":1,"merged_area":false,"doh_region":"360630232001"}},{"type":"Feature","geometry":{"type":"Polygon","coordinates":[[[-78.679739,43.307021999999996],[-78.680792,43.307022999999994],[-78.682525,43.307051],[-78.683149,43.307055999999996],[-78.68547199999999,43.30707899999999],[-78.68884299999999,43.307122],[-78.691262,43.307151999999995],[-78.692065,43.307151999999995],[-78.692762,43.307168000000004],[-78.693379,43.30716700000001],[-78.693462,43.30716699999999],[-78.69679,43.30720799999998],[-78.69679,43.30748],[-78.69679,43.308296],[-78.69679099999999,43.308567999999994],[-78.696777,43.309473],[-78.696795,43.31080399999999],[-78.696797,43.310893],[-78.69680000000001,43.315314],[-78.696805,43.31751499999999],[-78.696811,43.319753],[-78.696811,43.319840000000006],[-78.696801,43.320438999999986],[-78.696801,43.32044],[-78.696804,43.32250399999999],[-78.696805,43.323192000000006],[-78.696801,43.324110000000005],[-78.696792,43.326865],[-78.696792,43.32711399999998],[-78.696798,43.32778399999999],[-78.696793,43.329012999999996],[-78.69678499999999,43.33153099999999],[-78.69678499999999,43.33269999999999],[-78.69678700000001,43.333929999999995],[-78.69477599999999,43.333898000000005],[-78.694737,43.333912999999995],[-78.694693,43.333957000000005],[-78.69447199999999,43.334267],[-78.694315,43.33440399999999],[-78.693895,43.334680999999996],[-78.693725,43.334765000000004],[-78.69332,43.33496599999999],[-78.693242,43.33498999999999],[-78.69264199999999,43.33500499999998],[-78.69194999999999,43.334970999999996],[-78.691896,43.334984999999996],[-78.69183699999999,43.335049],[-78.691788,43.335221],[-78.69174799999999,43.33529],[-78.691454,43.33564799999999],[-78.69136999999999,43.335707],[-78.69127399999999,43.335735],[-78.690787,43.335809],[-78.690665,43.33584299999998],[-78.689903,43.336230999999984],[-78.689771,43.336308999999986],[-78.68851599999999,43.337283],[-78.687072,43.33798499999999],[-78.686679,43.338162],[-78.68659099999999,43.338191],[-78.685965,43.338635999999994],[-78.68540999999999,43.33898399999998],[-78.685081,43.339166],[-78.684932,43.33920099999999],[-78.684874,43.33921499999998],[-78.68481,43.33925399999999],[-78.684457,43.339824],[-78.684427,43.339892],[-78.68440799999999,43.340025],[-78.684404,43.340219999999995],[-78.684416,43.340345],[-78.684454,43.34050800000001],[-78.684585,43.340785],[-78.68485799999999,43.34126299999999],[-78.685001,43.341462],[-78.685042,43.34148899999999],[-78.685665,43.341675999999985],[-78.68575799999999,43.341685],[-78.686095,43.34171799999999],[-78.686183,43.34171799999999],[-78.686495,43.341755],[-78.686949,43.34183699999999],[-78.687067,43.341849999999994],[-78.687527,43.341939],[-78.687579,43.341954],[-78.687753,43.34200499999999],[-78.687839,43.34205],[-78.688012,43.34207399999999],[-78.688276,43.34201499999999],[-78.688788,43.34196],[-78.688996,43.341946],[-78.68935599999999,43.341900999999986],[-78.689557,43.341865999999996],[-78.689785,43.341845],[-78.69004199999999,43.341769000000006],[-78.69020100000002,43.341693],[-78.690395,43.34161699999999],[-78.69058199999999,43.34157599999999],[-78.690845,43.34149899999999],[-78.691101,43.34147900000001],[-78.69128099999999,43.341485999999996],[-78.691558,43.341527],[-78.691634,43.34154799999999],[-78.69189800000001,43.34151],[-78.69205699999999,43.34146799999999],[-78.692202,43.341398999999996],[-78.692424,43.34134399999999],[-78.692618,43.34133699999999],[-78.692742,43.341343999999985],[-78.692888,43.341377999999985],[-78.69296899999999,43.34140899999999],[-78.693068,43.34144699999999],[-78.69337999999999,43.34153699999999],[-78.693539,43.341558],[-78.69367,43.341558],[-78.694176,43.34151],[-78.694786,43.34157899999999],[-78.695379,43.34163899999999],[-78.69574899999999,43.341794],[-78.69615499999999,43.341999],[-78.696198,43.342027999999985],[-78.69658199999999,43.342293999999995],[-78.696938,43.34260999999999],[-78.697439,43.343170999999984],[-78.69792100000001,43.34408299999999],[-78.698376,43.34463099999998],[-78.698827,43.34521399999999],[-78.698981,43.345513999999994],[-78.69903,43.34560899999998],[-78.69930599999999,43.34641599999999],[-78.699478,43.34693300000001],[-78.690823,43.348488999999994],[-78.664857,43.353159],[-78.65620299999999,43.35471599999998],[-78.651933,43.355484],[-78.639123,43.357786999999995],[-78.63485399999999,43.358556],[-78.634813,43.358381],[-78.634693,43.357858],[-78.634653,43.357684],[-78.634712,43.35581199999999],[-78.634891,43.350198],[-78.634951,43.348327000000005],[-78.634951,43.347891],[-78.634953,43.346582999999995],[-78.63495499999999,43.34614800000001],[-78.63495499999999,43.345515],[-78.63495499999999,43.34361499999999],[-78.634956,43.34298299999999],[-78.634954,43.34034899999999],[-78.63494899999999,43.33244799999999],[-78.634948,43.329814999999996],[-78.634953,43.329392999999996],[-78.634968,43.32812699999999],[-78.634973,43.32770499999999],[-78.634981,43.32698],[-78.63500599999999,43.32480399999999],[-78.635015,43.32407999999999],[-78.635002,43.32362],[-78.63496599999999,43.32224300000001],[-78.634954,43.321783999999994],[-78.634953,43.320887000000006],[-78.634953,43.31819699999999],[-78.634953,43.317301],[-78.635092,43.31511099999999],[-78.635511,43.308544],[-78.635651,43.306354999999996],[-78.636754,43.30638],[-78.638314,43.306400999999994],[-78.640823,43.306435],[-78.641834,43.306438],[-78.64350100000001,43.306467999999995],[-78.64517699999999,43.30650599999999],[-78.646303,43.306521999999994],[-78.648967,43.306562],[-78.65277999999999,43.306605],[-78.655121,43.306641],[-78.662145,43.306748999999996],[-78.6644,43.306794999999994],[-78.666409,43.306821],[-78.672251,43.306909],[-78.67358399999999,43.306937],[-78.673917,43.30694499999999],[-78.67562699999999,43.306954],[-78.677345,43.306993000000006],[-78.679063,43.307021],[-78.679739,43.307021999999996]]]},"properties":{"geoid":"360630242021","name":"Block Group 1","pop":680.0,"obs_Mesothelioma":0.0,"exp_Mesothelioma":0.03,"sir_Mesothelioma":0.0,"obs_Lung":2.0,"exp_Lung":2.08,"sir_Lung":0.963,"obs_Bladder":3.0,"exp_Bladder":0.78,"sir_Bladder":3.836,"obs_Esophagus":0.0,"exp_Esophagus":0.18,"sir_Esophagus":0.0,"obs_Oral":0.0,"exp_Oral":0.41,"sir_Oral":0.0,"obs_Brain":0.0,"exp_Brain":0.24,"sir_Brain":0.0,"hlarea_Lung":0,"hlarea_Bladder":1,"hlarea_Esophagus":0,"hlarea_Oral":0,"hlarea_Brain":0,"hlarea_Mesothelioma":0,"merged_area":false,"doh_region":"360630242021"}},{"type":"Feature","geometry":{"type":"Polygon","coordinates":[[[-78.987358,43.09276],[-78.979154,43.092806],[-78.979168,43.096021],[-78.97377999999999,43.09602999999999],[-78.973063,43.095305],[-78.972444,43.09467699999999],[-78.972278,43.09450799999998],[-78.97187799999999,43.09411999999999],[-78.971687,43.09393399999999],[-78.971238,43.09351399999999],[-78.97014399999999,43.092467],[-78.970395,43.092444],[-78.971245,43.09245399999998],[-78.97273799999999,43.092459999999996],[-78.972729,43.091784999999994],[-78.972719,43.090999999999994],[-78.972702,43.089762999999984],[-78.97269399999999,43.089089],[-78.972932,43.089040999999995],[-78.973647,43.08889800000001],[-78.973886,43.08885099999999],[-78.974119,43.088801],[-78.974819,43.088652999999994],[-78.975053,43.088604],[-78.975275,43.088559999999994],[-78.975943,43.088429],[-78.97616599999999,43.08838599999999],[-78.976202,43.088376000000004],[-78.97631299999999,43.08834799999999],[-78.976351,43.088339],[-78.976578,43.08829],[-78.977262,43.08814699999999],[-78.97749,43.08810000000001],[-78.977764,43.088048],[-78.977981,43.088007],[-78.97837299999999,43.087938999999984],[-78.97859,43.08791999999998],[-78.978793,43.087903000000004],[-78.978869,43.08790099999999],[-78.97899,43.087896999999984],[-78.979355,43.08788799999999],[-78.979477,43.08788499999999],[-78.97952,43.087883999999995],[-78.97965200000002,43.08788200000001],[-78.97969599999999,43.08788199999999],[-78.979761,43.087881],[-78.979902,43.087883999999995],[-78.980025,43.08788699999998],[-78.98051699999999,43.087934000000004],[-78.980723,43.087954],[-78.980723,43.087861000000004],[-78.98071999999999,43.08745899999999],[-78.980711,43.085976999999986],[-78.98070799999999,43.085482999999996],[-78.98070299999999,43.08502099999999],[-78.9807,43.084711],[-78.9807,43.083636999999996],[-78.980701,43.08317599999999],[-78.980698,43.082674999999995],[-78.980689,43.081174999999995],[-78.98068599999999,43.08067499999999],[-78.980672,43.08054699999999],[-78.98065299999999,43.080369999999995],[-78.98057299999999,43.080180000000006],[-78.980524,43.08006299999999],[-78.980768,43.080079999999995],[-78.980777,43.08008099999999],[-78.9815,43.08012699999999],[-78.981579,43.080131999999985],[-78.98174499999999,43.080142],[-78.98186700000001,43.08014699999999],[-78.981912,43.080149000000006],[-78.981983,43.080152999999996],[-78.982106,43.080161999999994],[-78.982698,43.080202],[-78.98270000000001,43.08020299999999],[-78.982851,43.080207],[-78.98293699999999,43.08021199999999],[-78.983171,43.08022599999999],[-78.983873,43.08027099999999],[-78.98410799999999,43.080285999999994],[-78.984167,43.08037999999999],[-78.98421499999999,43.080456],[-78.984346,43.08066499999999],[-78.98440599999999,43.08076],[-78.98440599999999,43.080807],[-78.98440699999999,43.08094899999999],[-78.984408,43.080996999999996],[-78.98440699999999,43.08129799999998],[-78.98440699999999,43.082204000000004],[-78.98440699999999,43.08250599999998],[-78.98440699999999,43.082564],[-78.98441,43.08273799999999],[-78.984411,43.082795999999995],[-78.98440699999999,43.08313],[-78.984411,43.08392899999999],[-78.984411,43.084237999999985],[-78.984414,43.08516499999999],[-78.984415,43.08547499999999],[-78.984416,43.085730999999996],[-78.984419,43.086501999999996],[-78.98442,43.08675899999999],[-78.98441799999999,43.08713299999999],[-78.98441199999999,43.088256],[-78.984411,43.08858199999998],[-78.98441799999999,43.088631],[-78.98478399999999,43.0887],[-78.98588199999999,43.088909000000015],[-78.986249,43.088978999999995],[-78.98662700000001,43.08904599999999],[-78.987761,43.08925000000001],[-78.98813899999999,43.08931799999999],[-78.98861,43.089409999999994],[-78.989755,43.08957499999999],[-78.99024299999999,43.08962299999998],[-78.990203,43.089711],[-78.99009500000001,43.089955],[-78.99004699999999,43.090064999999996],[-78.989809,43.09051199999999],[-78.98968599999999,43.090706999999995],[-78.989511,43.090972],[-78.989222,43.09136499999999],[-78.98890399999999,43.091739],[-78.988126,43.092569999999995],[-78.988038,43.09266299999998],[-78.987921,43.09266199999999],[-78.98756999999999,43.092659],[-78.987453,43.09265800000001],[-78.987444,43.092667],[-78.98742,43.092693],[-78.98741199999999,43.09270299999999],[-78.98740099999999,43.092713999999994],[-78.98736799999999,43.092747999999986],[-78.987358,43.09276]]]},"properties":{"geoid":"360630221002","name":"Block Group 2","pop":954.0,"obs_Mesothelioma":0.0,"exp_Mesothelioma":0.07,"sir_Mesothelioma":0.0,"obs_Lung":7.0,"exp_Lung":4.37,"sir_Lung":1.603,"obs_Bladder":5.0,"exp_Bladder":1.73,"sir_Bladder":2.888,"obs_Esophagus":0.0,"exp_Esophagus":0.33,"sir_Esophagus":0.0,"obs_Oral":1.0,"exp_Oral":0.69,"sir_Oral":1.459,"obs_Brain":0.0,"exp_Brain":0.39,"sir_Brain":0.0,"hlarea_Lung":1,"hlarea_Bladder":1,"hlarea_Esophagus":1,"hlarea_Oral":0,"hlarea_Brain":0,"hlarea_Mesothelioma":0,"merged_area":false,"doh_region":"360630221002"}},{"type":"Feature","geometry":{"type":"Polygon","coordinates":[[[-79.001954,43.10720699999999],[-79.002025,43.10720699999998],[-79.002173,43.10720699999999],[-79.006528,43.107155],[-79.007629,43.107144999999996],[-79.00783,43.10714399999999],[-79.00806899999999,43.107142],[-79.008213,43.107141],[-79.008319,43.107139],[-79.00928499999999,43.107122],[-79.009789,43.10711999999999],[-79.010279,43.107119000000004],[-79.01034899999999,43.107119],[-79.010432,43.10711699999998],[-79.010876,43.10710900000001],[-79.010892,43.10710799999999],[-79.011046,43.10710599999999],[-79.011369,43.107099000000005],[-79.01153,43.107096999999996],[-79.01167099999999,43.107096000000006],[-79.012005,43.10709500000001],[-79.012548,43.107092],[-79.01354599999999,43.10707999999999],[-79.014172,43.107074000000004],[-79.01557199999999,43.10705099999999],[-79.015957,43.10704499999999],[-79.01715999999999,43.10703999999999],[-79.019641,43.107039999999984],[-79.019775,43.10704200000001],[-79.021176,43.107065999999996],[-79.021323,43.107068],[-79.021767,43.10707399999999],[-79.02191499999999,43.107076],[-79.02199399999999,43.10707699999999],[-79.02223099999999,43.10707999999999],[-79.02230999999999,43.107081],[-79.022719,43.107085],[-79.02279399999999,43.107085999999995],[-79.02394699999999,43.107097],[-79.024357,43.107102],[-79.024912,43.107109],[-79.026579,43.10713199999999],[-79.027135,43.107139999999994],[-79.027632,43.10714199999998],[-79.027869,43.10714399999999],[-79.02912599999999,43.10716499999998],[-79.02915999999999,43.107166],[-79.029389,43.10716299999999],[-79.029552,43.10713799999999],[-79.02962099999999,43.107127000000006],[-79.029651,43.10719199999999],[-79.029669,43.107231999999996],[-79.02981299999999,43.107547999999994],[-79.029862,43.107654],[-79.029881,43.107701000000006],[-79.029941,43.107842],[-79.029962,43.10789],[-79.030025,43.108031999999994],[-79.030076,43.108147],[-79.030214,43.108460999999984],[-79.030278,43.10860399999999],[-79.03035,43.10876299999999],[-79.03056699999999,43.10923999999999],[-79.03063999999999,43.109398999999996],[-79.03071899999999,43.109559999999995],[-79.030956,43.110043000000005],[-79.031035,43.110205],[-79.031115,43.110372],[-79.031357,43.110877],[-79.031438,43.111045],[-79.03159699999999,43.111408],[-79.031841,43.111962999999996],[-79.031959,43.11222999999999],[-79.032049,43.11244699999999],[-79.032073,43.11250099999999],[-79.032077,43.112508999999996],[-79.032157,43.11270100000001],[-79.032189,43.112776999999994],[-79.032214,43.112837000000006],[-79.03223,43.112866999999994],[-79.032259,43.11292199999998],[-79.032287,43.112975],[-79.032316,43.11302999999998],[-79.03234,43.113093],[-79.032364,43.113151999999985],[-79.032387,43.113209],[-79.032409,43.113259],[-79.03254799999999,43.113580000000006],[-79.032595,43.113688],[-79.032629,43.11376500000001],[-79.032659,43.113832999999985],[-79.032701,43.11393599999998],[-79.03287499999999,43.114377],[-79.032885,43.11439399999999],[-79.033025,43.11468],[-79.032969,43.11469299999999],[-79.0326,43.11475799999997],[-79.031603,43.114925],[-79.03132,43.11496399999999],[-79.03048799999999,43.115094],[-79.030255,43.115131],[-79.029555,43.115242],[-79.02932299999999,43.11527999999999],[-79.029276,43.115286999999995],[-79.029136,43.11530999999999],[-79.02909,43.11531799999999],[-79.02893499999999,43.11534299999999],[-79.02847,43.115417],[-79.02831599999999,43.11544299999999],[-79.02816399999999,43.11546699999999],[-79.027709,43.115538999999984],[-79.027558,43.115563999999985],[-79.027509,43.115570999999996],[-79.027361,43.11559499999999],[-79.02731299999999,43.11560299999999],[-79.02711099999999,43.115635],[-79.026504,43.115731],[-79.026303,43.115764],[-79.02529799999999,43.11592399999999],[-79.024385,43.116068999999996],[-79.024283,43.116085],[-79.02416,43.116103999999986],[-79.023488,43.116208999999984],[-79.023265,43.116245],[-79.023062,43.11627599999999],[-79.022455,43.116369],[-79.02225299999999,43.11640099999998],[-79.022041,43.11643399999999],[-79.021408,43.11653499999999],[-79.021198,43.116569999999996],[-79.01915,43.116898],[-79.01911299999999,43.116903],[-79.018762,43.11695099999999],[-79.012856,43.11788899999999],[-79.012655,43.117920999999996],[-79.010772,43.11822599999999],[-79.009998,43.118352],[-79.00829300000001,43.118629999999996],[-79.007678,43.11873099999999],[-79.006905,43.118860000000005],[-79.006109,43.118987999999995],[-79.003958,43.119336000000004],[-79.003723,43.11937],[-79.003301,43.119431999999996],[-79.003147,43.119457999999995],[-79.002928,43.11949500000001],[-79.002156,43.11962],[-78.99984200000002,43.119996999999984],[-78.999285,43.120087999999996],[-78.999071,43.120122999999985],[-78.998891,43.11975799999999],[-78.998352,43.11866599999999],[-78.998217,43.118392],[-78.998209,43.118373999999996],[-78.998173,43.11830199999999],[-78.998364,43.11783600000001],[-78.998937,43.11644099999999],[-78.999129,43.115975999999996],[-78.999181,43.115541],[-78.999457,43.113268],[-78.999545,43.112870999999984],[-78.99952499999999,43.11276999999998],[-78.999523,43.11241099999999],[-78.999533,43.11149299999998],[-78.99955899999999,43.110777000000006],[-78.99959199999999,43.11071599999999],[-78.99947,43.11002200000001],[-78.999104,43.10794],[-78.998982,43.10724599999999],[-78.999417,43.10724],[-78.99957599999999,43.107237],[-79.001359,43.10721199999999],[-79.001713,43.10720699999999],[-79.00186099999999,43.10720299999999],[-79.001954,43.10720699999999]]]},"properties":{"geoid":"360630203003","name":"Block Group 3","pop":1206.0,"obs_Mesothelioma":0.0,"exp_Mesothelioma":0.12,"sir_Mesothelioma":0.0,"obs_Lung":12.0,"exp_Lung":7.04,"sir_Lung":1.705,"obs_Bladder":2.0,"exp_Bladder":2.94,"sir_Bladder":0.681,"obs_Esophagus":1.0,"exp_Esophagus":0.51,"sir_Esophagus":1.969,"obs_Oral":1.0,"exp_Oral":1.0,"sir_Oral":1.004,"obs_Brain":0.0,"exp_Brain":0.55,"sir_Brain":0.0,"hlarea_Lung":1,"hlarea_Bladder":0,"hlarea_Esophagus":1,"hlarea_Oral":0,"hlarea_Brain":0,"hlarea_Mesothelioma":0,"merged_area":false,"doh_region":"360630203003"}},{"type":"Feature","geometry":{"type":"Polygon","coordinates":[[[-78.981719,43.122246999999994],[-78.980598,43.12242899999999],[-78.977464,43.122938999999995],[-78.97723599999999,43.12297699999999],[-78.977177,43.12298699999998],[-78.976114,43.123146999999996],[-78.975955,43.12316500000001],[-78.97565399999999,43.12317300000001],[-78.975459,43.12316999999999],[-78.97537299999999,43.12317],[-78.975151,43.123154],[-78.974655,43.123083],[-78.974362,43.12301699999999],[-78.97408,43.122935],[-78.973663,43.122785000000015],[-78.973554,43.122733],[-78.973035,43.122488],[-78.972961,43.12245399999999],[-78.972543,43.12225799999998],[-78.972186,43.122093],[-78.970444,43.12129099999999],[-78.97025,43.12121],[-78.970033,43.121133],[-78.969839,43.12107399999999],[-78.96981199999999,43.121066000000006],[-78.96962099999999,43.121023],[-78.969302,43.120968999999995],[-78.968998,43.12093199999998],[-78.96885999999999,43.120922],[-78.968818,43.12092],[-78.968445,43.12091699999999],[-78.968307,43.120916],[-78.968304,43.120229],[-78.96829799999999,43.11817099999999],[-78.96829699999999,43.11766],[-78.96831499999999,43.117486],[-78.968826,43.11718099999999],[-78.97036299999999,43.11626899999999],[-78.97087499999999,43.115964999999996],[-78.97154499999999,43.115565999999994],[-78.973559,43.114371999999996],[-78.97422999999999,43.11397399999999],[-78.97467300000001,43.113713999999995],[-78.97523699999999,43.113383999999996],[-78.975951,43.113008],[-78.97602599999999,43.11297299999999],[-78.976495,43.11276099999999],[-78.976775,43.112635],[-78.977616,43.112258],[-78.977897,43.11213300000001],[-78.978697,43.111775],[-78.98109699999999,43.110705],[-78.981898,43.110347999999995],[-78.98238599999999,43.11013500000001],[-78.98310000000001,43.109826000000005],[-78.98384399999999,43.109483999999995],[-78.98432799999999,43.109263000000006],[-78.984645,43.10911399999999],[-78.985596,43.108670999999994],[-78.985913,43.10852299999999],[-78.986227,43.108381],[-78.987173,43.107957999999996],[-78.987488,43.10781699999999],[-78.987549,43.10789399999999],[-78.987587,43.10793799999999],[-78.98780099999999,43.108183],[-78.987867,43.10824299999999],[-78.987971,43.10832299999999],[-78.987985,43.10832899999999],[-78.98809,43.10837899999999],[-78.98825099999999,43.10842099999999],[-78.98835299999999,43.108430999999996],[-78.98846499999999,43.108427999999996],[-78.988732,43.10840899999999],[-78.99010899999999,43.10822299999999],[-78.990821,43.108126999999996],[-78.99100600000001,43.10810399999999],[-78.99156099999999,43.10803599999999],[-78.991747,43.10801399999999],[-78.992154,43.10819899999999],[-78.992284,43.108257],[-78.992404,43.108318],[-78.99283299999999,43.10853799999999],[-78.993161,43.108725],[-78.993652,43.109032000000006],[-78.993775,43.10911199999999],[-78.994249,43.10946],[-78.994334,43.109523],[-78.994806,43.10992399999999],[-78.99508999999999,43.11019099999999],[-78.995261,43.11036699999999],[-78.99534799999999,43.110457000000004],[-78.995769,43.11094399999998],[-78.996038,43.111298],[-78.99642399999999,43.11187399999999],[-78.99677899999999,43.11240299999999],[-78.996938,43.11264399999999],[-78.99741499999999,43.113369],[-78.997574,43.11361099999999],[-78.99762900000002,43.113696],[-78.997795,43.11395099999999],[-78.997851,43.11403699999999],[-78.99792,43.11414399999999],[-78.99812899999999,43.114467999999995],[-78.998199,43.114576],[-78.998341,43.11479599999999],[-78.99838199999999,43.114857],[-78.998942,43.11569599999999],[-78.999129,43.115975999999996],[-78.998937,43.11644099999999],[-78.998364,43.11783600000001],[-78.998173,43.11830199999999],[-78.998209,43.118373999999996],[-78.998217,43.118392],[-78.998352,43.11866599999999],[-78.998891,43.11975799999999],[-78.999071,43.120122999999985],[-78.998763,43.12017399999999],[-78.99846000000001,43.120225999999995],[-78.997937,43.120298],[-78.99783599999999,43.120308],[-78.997526,43.12033999999999],[-78.997114,43.12037399999999],[-78.99697599999999,43.12038499999999],[-78.996911,43.12039000000001],[-78.996788,43.1204],[-78.99659,43.12040499999999],[-78.996483,43.120408],[-78.99643999999999,43.12040899999999],[-78.99562499999999,43.12042199999999],[-78.99305199999999,43.120465999999986],[-78.992938,43.12046799999999],[-78.992353,43.120522],[-78.992199,43.12054199999999],[-78.990822,43.120774],[-78.99010299999999,43.120888],[-78.98554800000001,43.121617999999984],[-78.98451899999999,43.12179899999999],[-78.98381499999999,43.12191099999999],[-78.981719,43.122246999999994]]]},"properties":{"geoid":"360630226021","name":"Block Group 1","pop":2263.0,"obs_Mesothelioma":1.0,"exp_Mesothelioma":0.16,"sir_Mesothelioma":6.202,"obs_Lung":19.0,"exp_Lung":10.37,"sir_Lung":1.832,"obs_Bladder":5.0,"exp_Bladder":4.13,"sir_Bladder":1.21,"obs_Esophagus":2.0,"exp_Esophagus":0.82,"sir_Esophagus":2.436,"obs_Oral":1.0,"exp_Oral":1.71,"sir_Oral":0.585,"obs_Brain":0.0,"exp_Brain":0.93,"sir_Brain":0.0,"hlarea_Lung":1,"hlarea_Bladder":1,"hlarea_Esophagus":1,"hlarea_Oral":0,"hlarea_Brain":0,"hlarea_Mesothelioma":0,"merged_area":false,"doh_region":"360630226021"}},{"type":"Feature","geometry":{"type":"Polygon","coordinates":[[[-79.00012799999999,43.077448],[-79.00082599999999,43.07758099999999],[-79.002208,43.077844999999996],[-79.002408,43.077883],[-79.002911,43.07797399999999],[-79.002924,43.077975999999985],[-79.003625,43.078103000000006],[-79.004288,43.07823199999999],[-79.00455,43.07828399999999],[-79.005512,43.078465],[-79.00588499999999,43.07855699999999],[-79.00626799999999,43.078663999999996],[-79.00692,43.07884699999999],[-79.006503,43.07912199999999],[-79.00638699999999,43.079214],[-79.00620700000002,43.079359000000004],[-79.006068,43.079505999999995],[-79.00594199999999,43.079661],[-79.00570499999999,43.08001499999999],[-79.00562,43.080231000000005],[-79.00542999999999,43.080855],[-79.005363,43.08108000000001],[-79.00524,43.081475],[-79.005201,43.081575],[-79.00518,43.081646000000006],[-79.005085,43.08199299999999],[-79.00501799999999,43.082211],[-79.004768,43.083031999999996],[-79.004358,43.08442199999998],[-79.00414099999999,43.08515999999999],[-79.003897,43.08598999999999],[-79.00387599999999,43.086056000000006],[-79.003343,43.08781099999999],[-79.003073,43.088742999999994],[-79.003056,43.08880499999999],[-79.002943,43.089163],[-79.002794,43.089636000000006],[-79.002736,43.089811999999995],[-79.00262099999999,43.090168],[-79.002563,43.09034200000001],[-79.002506,43.090519],[-79.00244699999999,43.090706999999995],[-79.00227000000001,43.09127],[-79.002212,43.091459],[-79.002134,43.091435],[-79.001987,43.091390999999994],[-79.00174299999999,43.091319999999996],[-79.00033599999999,43.09091199999998],[-78.999867,43.09077599999999],[-78.99980599999999,43.091051],[-78.999624,43.09187899999999],[-78.99956399999999,43.092155],[-78.997537,43.092254999999994],[-78.991456,43.092555],[-78.989429,43.092655],[-78.98915,43.09265599999999],[-78.988513,43.09266],[-78.988416,43.09266099999999],[-78.988316,43.09266100000001],[-78.988038,43.09266299999998],[-78.988126,43.092569999999995],[-78.98890399999999,43.091739],[-78.989222,43.09136499999999],[-78.989511,43.090972],[-78.98968599999999,43.090706999999995],[-78.989809,43.09051199999999],[-78.99004699999999,43.090064999999996],[-78.99009500000001,43.089955],[-78.990203,43.089711],[-78.99024299999999,43.08962299999998],[-78.990307,43.089453],[-78.99036,43.08930299999999],[-78.99044099999999,43.089018999999986],[-78.990526,43.08872199999999],[-78.990579,43.08844399999998],[-78.990623,43.088173],[-78.99067099999999,43.087664999999994],[-78.990673,43.08713899999999],[-78.990676,43.08650499999998],[-78.990675,43.086479],[-78.990675,43.08640399999999],[-78.990675,43.086379],[-78.990673,43.08625299999999],[-78.99067099999999,43.086017],[-78.990669,43.085878],[-78.990668,43.08575299999999],[-78.99066499999999,43.085503999999986],[-78.99066499999999,43.085479],[-78.990663,43.08475699999998],[-78.990663,43.08450899999999],[-78.990662,43.08448],[-78.990662,43.084393000000006],[-78.990662,43.084365000000005],[-78.990662,43.084346999999994],[-78.990662,43.08429599999999],[-78.990662,43.084278999999995],[-78.990662,43.084261999999995],[-78.990662,43.084212],[-78.990662,43.084196],[-78.990653,43.083512000000006],[-78.99065,43.083214],[-78.99064299999999,43.08220099999999],[-78.990642,43.081674],[-78.990641,43.081461999999995],[-78.990641,43.08128],[-78.99063799999999,43.080938999999994],[-78.990634,43.080779],[-78.990635,43.08072999999999],[-78.990635,43.08070699999998],[-78.990635,43.080667999999996],[-78.990634,43.080628],[-78.990633,43.08052699999999],[-78.990631,43.08036],[-78.99063,43.08033899999999],[-78.99086899999999,43.080285999999994],[-78.99094699999999,43.080251000000004],[-78.991584,43.08007299999999],[-78.991823,43.08000699999999],[-78.99182900000001,43.08002599999999],[-78.99186999999999,43.080062],[-78.991941,43.08008099999999],[-78.99283799999999,43.080138000000005],[-78.99330300000001,43.08015999999999],[-78.993849,43.080199],[-78.994108,43.080217],[-78.994885,43.080272],[-78.995145,43.080291],[-78.995412,43.08030800000001],[-78.996213,43.08036200000001],[-78.99647999999999,43.08037999999999],[-78.99672699999999,43.080396999999984],[-78.997468,43.080448],[-78.997716,43.080465999999994],[-78.997954,43.080482999999994],[-78.99867100000002,43.08053399999999],[-78.99891,43.08055099999999],[-78.999141,43.080572999999994],[-78.99983399999999,43.080639],[-79.00006599999999,43.080662000000004],[-79.00007099999999,43.080019],[-79.000074,43.079694999999994],[-79.000112,43.07808999999999],[-79.000117,43.077916],[-79.00012799999999,43.077448]]]},"properties":{"geoid":"360630220003","name":"Block Group 3","pop":925.0,"obs_Mesothelioma":0.0,"exp_Mesothelioma":0.04,"sir_Mesothelioma":0.0,"obs_Lung":3.0,"exp_Lung":2.98,"sir_Lung":1.006,"obs_Bladder":4.0,"exp_Bladder":1.1,"sir_Bladder":3.626,"obs_Esophagus":2.0,"exp_Esophagus":0.23,"sir_Esophagus":8.725,"obs_Oral":0.0,"exp_Oral":0.52,"sir_Oral":0.0,"obs_Brain":1.0,"exp_Brain":0.32,"sir_Brain":3.138,"hlarea_Lung":1,"hlarea_Bladder":1,"hlarea_Esophagus":1,"hlarea_Oral":0,"hlarea_Brain":0,"hlarea_Mesothelioma":0,"merged_area":false,"doh_region":"360630220003"}},{"type":"Feature","geometry":{"type":"Polygon","coordinates":[[[-78.982106,43.080161999999994],[-78.981983,43.080152999999996],[-78.981912,43.080149000000006],[-78.98186700000001,43.08014699999999],[-78.98174499999999,43.080142],[-78.98174499999999,43.08005099999998],[-78.98174499999999,43.07998],[-78.98174499999999,43.079968],[-78.981743,43.07949500000001],[-78.981743,43.07933399999999],[-78.981743,43.07895899999999],[-78.981743,43.07783599999999],[-78.981743,43.077462000000004],[-78.981743,43.07710099999999],[-78.981746,43.076021],[-78.981747,43.07566199999999],[-78.981746,43.075295999999994],[-78.981746,43.074197999999996],[-78.981746,43.07383299999999],[-78.981948,43.073871],[-78.98243599999999,43.07396399999999],[-78.982553,43.073992000000004],[-78.982753,43.074041],[-78.98295,43.07409299999999],[-78.983447,43.074224],[-78.98353999999999,43.074256000000005],[-78.983734,43.074322],[-78.983809,43.07435299999999],[-78.984035,43.074447],[-78.984111,43.074479000000004],[-78.984239,43.07453499999999],[-78.984625,43.07470299999999],[-78.984754,43.07475899999999],[-78.984819,43.074788],[-78.98496,43.07483499999999],[-78.985006,43.074850999999995],[-78.985242,43.074912999999995],[-78.98546499999999,43.07496299999998],[-78.985602,43.07498499999999],[-78.98581999999999,43.07502199999998],[-78.98582999999999,43.074873],[-78.98586399999999,43.074427],[-78.98587599999999,43.074279],[-78.985877,43.074132999999996],[-78.985883,43.073697],[-78.985885,43.073551999999985],[-78.98586,43.072551999999995],[-78.985788,43.069554999999994],[-78.985764,43.068555999999994],[-78.990464,43.068754999999996],[-78.99060899999999,43.068765],[-78.99060999999999,43.068804],[-78.990603,43.06901200000001],[-78.99060899999999,43.06918099999999],[-78.990613,43.069821000000005],[-78.99061499999999,43.069959999999995],[-78.99061499999999,43.071242],[-78.990616,43.072992],[-78.990617,43.073672],[-78.990616,43.073859999999996],[-78.990616,43.07404899999999],[-78.99061499999999,43.07408299999999],[-78.99061499999999,43.074114],[-78.99061499999999,43.074188],[-78.990616,43.074223999999994],[-78.990616,43.074321999999995],[-78.990617,43.074576],[-78.990617,43.07504499999999],[-78.990619,43.07543],[-78.990619,43.075523],[-78.990616,43.07560599999999],[-78.990619,43.075696],[-78.990619,43.075843],[-78.990619,43.075897],[-78.990616,43.076286999999994],[-78.99061499999999,43.076435],[-78.99061999999999,43.076995],[-78.990623,43.078071],[-78.99063,43.07955899999998],[-78.990629,43.080078],[-78.990627,43.080237],[-78.99063,43.08033899999999],[-78.990631,43.08036],[-78.990633,43.08052699999999],[-78.990634,43.080628],[-78.990635,43.080667999999996],[-78.990635,43.08070699999998],[-78.990635,43.08072999999999],[-78.990634,43.080779],[-78.99051899999999,43.08077],[-78.99017700000002,43.08074599999999],[-78.99006299999999,43.080738000000004],[-78.98861,43.080634999999994],[-78.988208,43.08060599999999],[-78.98755,43.080557999999996],[-78.98734999999999,43.080541000000004],[-78.987105,43.08052199999998],[-78.986374,43.08046199999999],[-78.986266,43.080453],[-78.986014,43.080433],[-78.984389,43.080304],[-78.98410799999999,43.080285999999994],[-78.983873,43.08027099999999],[-78.983171,43.08022599999999],[-78.98293699999999,43.08021199999999],[-78.982851,43.080207],[-78.98270000000001,43.08020299999999],[-78.982698,43.080202],[-78.982106,43.080161999999994]]]},"properties":{"geoid":"360630220004","name":"Block Group 4","pop":1082.0,"obs_Mesothelioma":0.0,"exp_Mesothelioma":0.06,"sir_Mesothelioma":0.0,"obs_Lung":3.0,"exp_Lung":4.09,"sir_Lung":0.734,"obs_Bladder":4.0,"exp_Bladder":1.6,"sir_Bladder":2.506,"obs_Esophagus":0.0,"exp_Esophagus":0.31,"sir_Esophagus":0.0,"obs_Oral":1.0,"exp_Oral":0.67,"sir_Oral":1.501,"obs_Brain":0.0,"exp_Brain":0.4,"sir_Brain":0.0,"hlarea_Lung":1,"hlarea_Bladder":1,"hlarea_Esophagus":1,"hlarea_Oral":0,"hlarea_Brain":0,"hlarea_Mesothelioma":0,"merged_area":false,"doh_region":"360630220004"}},{"type":"Feature","geometry":{"type":"Polygon","coordinates":[[[-79.042599,43.09829799999999],[-79.042588,43.097746],[-79.042586,43.097643],[-79.042548,43.095678],[-79.04254399999999,43.095448],[-79.042536,43.09502299999998],[-79.04279199999999,43.095014],[-79.043004,43.09500399999999],[-79.043641,43.094978],[-79.043854,43.094969999999996],[-79.04390000000001,43.094967],[-79.04404099999999,43.09496199999999],[-79.044089,43.094961000000005],[-79.04435,43.09494999999999],[-79.04476,43.094933],[-79.045136,43.09491699999999],[-79.045399,43.094907],[-79.04563700000001,43.09489599999999],[-79.046041,43.094879999999996],[-79.046352,43.09486599999999],[-79.04659099999999,43.09485699999999],[-79.04660899999999,43.09485599999999],[-79.046667,43.094853],[-79.046686,43.09485299999999],[-79.04706399999999,43.094838],[-79.04820000000001,43.09479399999999],[-79.04857899999999,43.09477999999999],[-79.04896699999999,43.09476300000001],[-79.050133,43.09471399999999],[-79.050522,43.094697999999994],[-79.051819,43.094639999999984],[-79.052489,43.09461299999999],[-79.052503,43.09507],[-79.052605,43.096606],[-79.05251299999999,43.09661],[-79.05224,43.09662499999999],[-79.052149,43.096630999999995],[-79.052104,43.096632],[-79.051969,43.096636999999994],[-79.051925,43.096639999999994],[-79.051667,43.096648999999985],[-79.050896,43.09667700000001],[-79.05063899999999,43.09668699999999],[-79.050387,43.096695],[-79.050277,43.096706000000005],[-79.050111,43.09675899999999],[-79.05018,43.096885999999984],[-79.050322,43.09725799999999],[-79.050697,43.098368],[-79.04907,43.098352000000006],[-79.04817,43.09835499999999],[-79.047238,43.098344],[-79.04688999999999,43.09832699999999],[-79.04624700000001,43.098315],[-79.04461599999999,43.09832099999999],[-79.043922,43.09831599999998],[-79.042599,43.09829799999999]]]},"properties":{"geoid":"360630209002","name":"Block Group 2","pop":835.0,"obs_Mesothelioma":1.0,"exp_Mesothelioma":0.09,"sir_Mesothelioma":11.288,"obs_Lung":9.0,"exp_Lung":5.79,"sir_Lung":1.556,"obs_Bladder":1.0,"exp_Bladder":2.29,"sir_Bladder":0.436,"obs_Esophagus":0.0,"exp_Esophagus":0.42,"sir_Esophagus":0.0,"obs_Oral":1.0,"exp_Oral":0.85,"sir_Oral":1.183,"obs_Brain":0.0,"exp_Brain":0.43,"sir_Brain":0.0,"hlarea_Lung":1,"hlarea_Bladder":0,"hlarea_Esophagus":1,"hlarea_Oral":0,"hlarea_Brain":0,"hlarea_Mesothelioma":0,"merged_area":false,"doh_region":"360630209002"}},{"type":"Feature","geometry":{"type":"Polygon","coordinates":[[[-79.04684,43.103631],[-79.04540399999999,43.103635],[-79.04375399999999,43.103629999999995],[-79.04374299999999,43.103631],[-79.043734,43.10432700000001],[-79.04373100000001,43.104615],[-79.04373,43.104715],[-79.04372699999999,43.105018],[-79.04372699999999,43.10511900000001],[-79.04372599999999,43.10521499999999],[-79.043724,43.105501999999994],[-79.043724,43.10559899999999],[-79.043723,43.105663],[-79.043722,43.10585799999999],[-79.043722,43.10592299999999],[-79.04372099999999,43.106085999999976],[-79.043719,43.106577],[-79.043719,43.106740999999985],[-79.043494,43.10673999999999],[-79.042819,43.10673799999999],[-79.042594,43.106738],[-79.04258999999999,43.106927999999996],[-79.04258,43.10750099999999],[-79.04257799999999,43.10769199999999],[-79.04200399999999,43.10769099999999],[-79.040703,43.10769099999998],[-79.04028199999999,43.107686999999984],[-79.039709,43.10768199999998],[-79.039728,43.106728],[-79.03972999999999,43.105911],[-79.03973599999999,43.10511199999999],[-79.039749,43.10431699999998],[-79.039748,43.10351999999999],[-79.039747,43.103334999999994],[-79.039747,43.103127],[-79.03974500000001,43.10277999999998],[-79.03974500000001,43.102596],[-79.039747,43.10241699999999],[-79.039752,43.10214899999998],[-79.039756,43.10188],[-79.03975899999999,43.10170099999999],[-79.040099,43.10170399999999],[-79.041119,43.101713],[-79.04146,43.10171699999999],[-79.04199799999999,43.10171899999999],[-79.04361399999999,43.101726],[-79.044153,43.101729],[-79.044692,43.10173099999999],[-79.045023,43.10173299999999],[-79.046166,43.101749999999996],[-79.046311,43.10174999999999],[-79.04685099999999,43.10174999999999],[-79.046848,43.10192699999998],[-79.046844,43.10219299999999],[-79.04684,43.102458],[-79.046838,43.102636],[-79.046838,43.102834],[-79.04683899999999,43.103116],[-79.04683899999999,43.10343099999999],[-79.04684,43.103631]]]},"properties":{"geoid":"360630206002","name":"Block Group 2","pop":836.0,"obs_Mesothelioma":0.0,"exp_Mesothelioma":0.04,"sir_Mesothelioma":0.0,"obs_Lung":5.0,"exp_Lung":2.47,"sir_Lung":2.022,"obs_Bladder":1.0,"exp_Bladder":0.93,"sir_Bladder":1.073,"obs_Esophagus":0.0,"exp_Esophagus":0.2,"sir_Esophagus":0.0,"obs_Oral":0.0,"exp_Oral":0.45,"sir_Oral":0.0,"obs_Brain":0.0,"exp_Brain":0.28,"sir_Brain":0.0,"hlarea_Lung":1,"hlarea_Bladder":0,"hlarea_Esophagus":1,"hlarea_Oral":0,"hlarea_Brain":0,"hlarea_Mesothelioma":0,"merged_area":false,"doh_region":"360630206002"}},{"type":"Feature","geometry":{"type":"Polygon","coordinates":[[[-79.057011,43.09443599999999],[-79.057268,43.094424],[-79.05757799999999,43.09440899999999],[-79.057645,43.094407],[-79.058042,43.09438999999999],[-79.0583,43.09437899999999],[-79.058557,43.09436999999999],[-79.05896,43.094355],[-79.059332,43.094342999999995],[-79.05959,43.094335],[-79.05961099999999,43.09473199999999],[-79.05967500000001,43.09592500000001],[-79.05968899999999,43.096174],[-79.059686,43.096323],[-79.05973999999999,43.096320999999996],[-79.059902,43.096317],[-79.059957,43.096315999999995],[-79.059945,43.096344999999985],[-79.05987499999999,43.09650399999999],[-79.05971199999999,43.09688],[-79.059629,43.09706599999999],[-79.059546,43.09725399999999],[-79.059516,43.097317],[-79.059445,43.09747199999999],[-79.059249,43.097896999999996],[-79.0592,43.098002],[-79.059135,43.09812399999999],[-79.059023,43.09833699999999],[-79.058921,43.098521000000005],[-79.058858,43.098638],[-79.05859199999999,43.09905999999999],[-79.058582,43.099078],[-79.05847299999999,43.099233999999996],[-79.058356,43.09939299999999],[-79.05800599999999,43.099869000000005],[-79.05789,43.100029000000006],[-79.057751,43.09999899999999],[-79.057543,43.09999099999999],[-79.05694299999999,43.099985999999994],[-79.054885,43.09997099999999],[-79.054092,43.09995899999999],[-79.053493,43.09995],[-79.053142,43.09994099999999],[-79.052517,43.099926999999994],[-79.05153899999999,43.09992],[-79.051216,43.099925000000006],[-79.05098199999999,43.099208],[-79.050697,43.098368],[-79.050322,43.09725799999999],[-79.05018,43.096885999999984],[-79.050111,43.09675899999999],[-79.050277,43.096706000000005],[-79.050387,43.096695],[-79.05063899999999,43.09668699999999],[-79.050896,43.09667700000001],[-79.051667,43.096648999999985],[-79.051925,43.096639999999994],[-79.051969,43.096636999999994],[-79.052104,43.096632],[-79.052149,43.096630999999995],[-79.05224,43.09662499999999],[-79.05251299999999,43.09661],[-79.052605,43.096606],[-79.052503,43.09507],[-79.052489,43.09461299999999],[-79.052615,43.094607],[-79.052994,43.09459199999999],[-79.05312099999999,43.094587],[-79.053378,43.094577],[-79.054149,43.094549],[-79.054407,43.094539999999995],[-79.054667,43.094528],[-79.05506799999999,43.09451099999999],[-79.05545,43.094493],[-79.055711,43.094482],[-79.055855,43.094475999999986],[-79.05628999999999,43.094460000000005],[-79.056435,43.09445499999999],[-79.05655,43.09444999999999],[-79.056895,43.09443900000001],[-79.057011,43.09443599999999]]]},"properties":{"geoid":"360630205002","name":"Block Group 2","pop":1098.0,"obs_Mesothelioma":0.0,"exp_Mesothelioma":0.08,"sir_Mesothelioma":0.0,"obs_Lung":15.0,"exp_Lung":5.38,"sir_Lung":2.789,"obs_Bladder":1.0,"exp_Bladder":2.09,"sir_Bladder":0.48,"obs_Esophagus":0.0,"exp_Esophagus":0.4,"sir_Esophagus":0.0,"obs_Oral":1.0,"exp_Oral":0.84,"sir_Oral":1.196,"obs_Brain":1.0,"exp_Brain":0.46,"sir_Brain":2.154,"hlarea_Lung":1,"hlarea_Bladder":0,"hlarea_Esophagus":1,"hlarea_Oral":0,"hlarea_Brain":0,"hlarea_Mesothelioma":0,"merged_area":false,"doh_region":"360630205002"}},{"type":"Feature","geometry":{"type":"Polygon","coordinates":[[[-79.034323,43.091475999999986],[-79.03459000000001,43.091475999999986],[-79.034596,43.091474],[-79.034913,43.09147599999999],[-79.035135,43.091476],[-79.03534599999999,43.091474999999996],[-79.035536,43.091475],[-79.035574,43.09147499999999],[-79.035691,43.09147499999999],[-79.03573,43.091475],[-79.035873,43.091475],[-79.03630199999999,43.09147499999999],[-79.036446,43.091475],[-79.036514,43.09147399999999],[-79.03671899999999,43.09147299999999],[-79.036788,43.09147299999999],[-79.036964,43.091471999999996],[-79.037094,43.09147199999999],[-79.037495,43.09147],[-79.037672,43.091469999999994],[-79.037926,43.091466999999994],[-79.038287,43.09146499999999],[-79.038688,43.091460999999995],[-79.038943,43.09146],[-79.039177,43.09145399999999],[-79.039548,43.09144599999999],[-79.039879,43.091436999999985],[-79.040114,43.091432],[-79.040373,43.091422],[-79.040734,43.091408999999985],[-79.041152,43.091392],[-79.041412,43.091383],[-79.041421,43.09176300000001],[-79.041421,43.091794],[-79.04145,43.09302699999999],[-79.04145199999999,43.093081000000005],[-79.041461,43.09343799999999],[-79.04146899999999,43.09376400000001],[-79.041471,43.093833999999994],[-79.04149199999999,43.094631],[-79.041494,43.094695999999985],[-79.041495,43.09474299999999],[-79.04149799999999,43.09506699999999],[-79.04150299999999,43.09507],[-79.041389,43.095071999999995],[-79.040595,43.095085999999995],[-79.040174,43.09508699999999],[-79.04006,43.09508699999999],[-79.03972,43.095086999999985],[-79.03960699999999,43.09508799999999],[-79.039479,43.09508799999998],[-79.039096,43.095089],[-79.03896900000001,43.09508999999999],[-79.038715,43.09509099999999],[-79.03832899999999,43.095095],[-79.037954,43.095096999999996],[-79.037701,43.095099],[-79.037457,43.09509799999999],[-79.03711,43.095098],[-79.03672499999999,43.09509699999999],[-79.036481,43.09509699999999],[-79.03642099999999,43.095096999999996],[-79.036242,43.095098],[-79.036183,43.095099],[-79.03607199999999,43.095099000000005],[-79.035741,43.095101],[-79.035631,43.095102999999995],[-79.035383,43.095102999999995],[-79.035012,43.09510499999999],[-79.034643,43.095106],[-79.034396,43.09510699999999],[-79.034235,43.09510699999999],[-79.03380899999999,43.095108999999994],[-79.03375299999999,43.095108999999994],[-79.03359300000001,43.095109999999984],[-79.033513,43.095109999999984],[-79.033273,43.095110999999996],[-79.033194,43.095112],[-79.033183,43.094784999999995],[-79.033153,43.09380600000001],[-79.033144,43.093479999999985],[-79.033137,43.09308],[-79.03311699999999,43.091881],[-79.03311099999999,43.091482],[-79.033351,43.091480999999995],[-79.03362,43.09148],[-79.033735,43.09147899999999],[-79.034064,43.09147699999999],[-79.034071,43.091475999999986],[-79.034323,43.091475999999986]]]},"properties":{"geoid":"360630213002","name":"Block Group 2","pop":2048.0,"obs_Mesothelioma":0.0,"exp_Mesothelioma":0.1134382858,"sir_Mesothelioma":0.0,"obs_Lung":11.0,"exp_Lung":7.1313166143,"sir_Lung":1.542,"obs_Bladder":6.0,"exp_Bladder":2.8871494876,"sir_Bladder":2.078,"obs_Esophagus":1.0,"exp_Esophagus":0.5548691395,"sir_Esophagus":1.802,"obs_Oral":0.0,"exp_Oral":1.1955762021,"sir_Oral":0.0,"obs_Brain":1.0,"exp_Brain":0.7303983262,"sir_Brain":1.369,"hlarea_Lung":1,"hlarea_Bladder":1,"hlarea_Esophagus":1,"hlarea_Oral":0,"hlarea_Brain":0,"hlarea_Mesothelioma":0,"doh_region":"36063DOH0006","merged_area":true,"merged_bg_count":2}},{"type":"Feature","geometry":{"type":"Polygon","coordinates":[[[-78.679739,43.307021999999996],[-78.67974,43.30557799999999],[-78.679743,43.302273],[-78.67975,43.29645399999999],[-78.67972,43.28975],[-78.679724,43.28878899999999],[-78.679715,43.288028000000004],[-78.67971299999999,43.28782799999998],[-78.67975,43.285914000000005],[-78.679782,43.28499799999999],[-78.679817,43.28402499999999],[-78.679825,43.283281999999986],[-78.683223,43.283348],[-78.688265,43.283446999999995],[-78.68946,43.283477],[-78.69086999999999,43.28350400000001],[-78.693417,43.28356],[-78.695684,43.28360999999999],[-78.696816,43.28362600000001],[-78.69792799999999,43.283652],[-78.700012,43.283702999999996],[-78.70126599999999,43.283730000000006],[-78.702379,43.28375399999999],[-78.702569,43.28375899999999],[-78.703139,43.283774],[-78.703329,43.283778999999996],[-78.704075,43.283789],[-78.704122,43.283789999999996],[-78.706504,43.283849999999994],[-78.706874,43.28386],[-78.707298,43.283863999999994],[-78.707566,43.283865999999996],[-78.70760299999999,43.28386100000001],[-78.70765899999999,43.283855999999986],[-78.70788300000001,43.283816],[-78.70849,43.283636],[-78.708784,43.283549999999984],[-78.70907199999999,43.284031],[-78.709938,43.28547400000001],[-78.710227,43.28595500000001],[-78.710295,43.28606800000001],[-78.71050199999999,43.286407999999994],[-78.710571,43.28652199999999],[-78.710781,43.286502000000006],[-78.711505,43.286491999999996],[-78.71304599999999,43.28647199999999],[-78.71431299999999,43.286474],[-78.715249,43.286476],[-78.71529799999999,43.286517999999994],[-78.715824,43.28675299999999],[-78.71652,43.286989999999996],[-78.71662700000002,43.28704399999999],[-78.71672699999999,43.287136],[-78.71678,43.287213999999985],[-78.7168,43.28728599999999],[-78.716807,43.287377],[-78.716757,43.287607],[-78.716714,43.287675],[-78.716323,43.28796500000001],[-78.715761,43.288304],[-78.715132,43.28857399999998],[-78.714494,43.28886399999998],[-78.713696,43.289279],[-78.713623,43.289332],[-78.713303,43.28956999999998],[-78.71301199999999,43.28984699999999],[-78.71274799999999,43.29015799999999],[-78.712599,43.29037799999999],[-78.712445,43.29073299999999],[-78.712336,43.29111899999999],[-78.71226999999999,43.291465999999986],[-78.712246,43.29171499999999],[-78.71225799999999,43.292013],[-78.71229199999999,43.292182999999994],[-78.71238500000001,43.29246399999998],[-78.71258499999999,43.293855],[-78.71267,43.295215],[-78.71264599999999,43.29666799999999],[-78.71273,43.29765],[-78.71279,43.29786499999999],[-78.712899,43.29805299999999],[-78.712994,43.298155],[-78.71313599999999,43.29824199999999],[-78.714659,43.299566999999996],[-78.714951,43.299842999999996],[-78.715054,43.299977],[-78.71522,43.300253999999995],[-78.71543299999999,43.300790000000006],[-78.715633,43.30160699999999],[-78.715688,43.30205699999999],[-78.715704,43.302348999999985],[-78.715688,43.30264],[-78.715625,43.303011],[-78.715499,43.303453],[-78.71522999999999,43.30421799999999],[-78.714969,43.304731999999994],[-78.714416,43.305827],[-78.71437700000001,43.30592199999999],[-78.71437700000001,43.306064],[-78.71440799999999,43.30615099999999],[-78.71446399999999,43.306245999999994],[-78.71456599999999,43.30635599999999],[-78.716082,43.306978999999984],[-78.716208,43.307066000000006],[-78.716279,43.307128999999996],[-78.716319,43.30723899999999],[-78.71632699999999,43.30734999999999],[-78.716248,43.307720999999994],[-78.716184,43.307838999999994],[-78.715987,43.30809099999998],[-78.71566399999999,43.308390999999986],[-78.715319,43.30876999999999],[-78.71503799999999,43.30874099999999],[-78.71419499999999,43.30865499999999],[-78.713914,43.308627],[-78.713599,43.308594],[-78.712901,43.308543],[-78.71146499999999,43.308524],[-78.710492,43.30852699999999],[-78.704516,43.308551],[-78.700216,43.30855700000001],[-78.699576,43.308558999999995],[-78.697451,43.30857299999999],[-78.69679099999999,43.308567999999994],[-78.69679,43.308296],[-78.69679,43.30748],[-78.69679,43.30720799999998],[-78.693462,43.30716699999999],[-78.693379,43.30716700000001],[-78.692762,43.307168000000004],[-78.692065,43.307151999999995],[-78.691262,43.307151999999995],[-78.68884299999999,43.307122],[-78.68547199999999,43.30707899999999],[-78.683149,43.307055999999996],[-78.682525,43.307051],[-78.680792,43.307022999999994],[-78.679739,43.307021999999996]]]},"properties":{"geoid":"360630242011","name":"Block Group 1","pop":1604.0,"obs_Mesothelioma":0.0,"exp_Mesothelioma":0.09,"sir_Mesothelioma":0.0,"obs_Lung":14.0,"exp_Lung":6.28,"sir_Lung":2.229,"obs_Bladder":3.0,"exp_Bladder":2.39,"sir_Bladder":1.253,"obs_Esophagus":3.0,"exp_Esophagus":0.48,"sir_Esophagus":6.282,"obs_Oral":5.0,"exp_Oral":1.03,"sir_Oral":4.848,"obs_Brain":0.0,"exp_Brain":0.61,"sir_Brain":0.0,"hlarea_Lung":0,"hlarea_Bladder":1,"hlarea_Esophagus":1,"hlarea_Oral":0,"hlarea_Brain":0,"hlarea_Mesothelioma":0,"merged_area":false,"doh_region":"360630242011"}},{"type":"Feature","geometry":{"type":"Polygon","coordinates":[[[-78.912262,43.095138999999996],[-78.912261,43.09477999999999],[-78.912261,43.094767999999995],[-78.9132,43.095138000000006],[-78.91440800000001,43.09557999999999],[-78.917228,43.096566],[-78.92062399999999,43.097718999999984],[-78.920778,43.097759999999994],[-78.92097199999999,43.09781999999999],[-78.92100099999999,43.09782699999999],[-78.921679,43.09800499999999],[-78.92190599999999,43.09806499999999],[-78.92248099999999,43.09821199999999],[-78.92277899999999,43.098282000000005],[-78.92345999999999,43.098417999999995],[-78.925101,43.09871499999999],[-78.925519,43.098798999999985],[-78.92677599999999,43.09905199999999],[-78.927195,43.09913699999999],[-78.927126,43.099174999999995],[-78.927005,43.09922300000001],[-78.92688400000002,43.09927099999999],[-78.926523,43.099406999999985],[-78.92616699999999,43.099527],[-78.925872,43.099627999999996],[-78.923851,43.100181000000006],[-78.92322399999999,43.100351999999994],[-78.922989,43.10041400000001],[-78.921927,43.1007],[-78.92085399999999,43.10099],[-78.917636,43.101859999999995],[-78.916564,43.102151],[-78.916568,43.102480999999976],[-78.91658,43.10347099999999],[-78.916584,43.10380199999999],[-78.916585,43.103966],[-78.91659,43.104458],[-78.916591,43.104499999999994],[-78.91657699999999,43.104622],[-78.91653099999999,43.104681],[-78.916465,43.104713],[-78.916088,43.104805999999996],[-78.91606,43.104814],[-78.915309,43.105018],[-78.914538,43.105236],[-78.914276,43.10531100000001],[-78.914057,43.10535399999999],[-78.91401700000002,43.10535899999999],[-78.91377399999999,43.10537499999999],[-78.91335099999999,43.10538499999999],[-78.91179799999999,43.105425],[-78.91135299999999,43.10542799999999],[-78.910687,43.10543399999999],[-78.909903,43.105444999999996],[-78.908001,43.10547299999999],[-78.907553,43.10548399999999],[-78.906903,43.10550099999998],[-78.906819,43.105497],[-78.90677199999999,43.10548599999999],[-78.906733,43.105470999999994],[-78.906697,43.10542799999999],[-78.90668699999999,43.105349999999994],[-78.90668199999999,43.10530099999999],[-78.90666999999999,43.104820999999994],[-78.906666,43.104644999999984],[-78.906661,43.10448999999999],[-78.90664699999999,43.10402899999999],[-78.906643,43.10387499999999],[-78.90587300000001,43.103883999999994],[-78.90569700000002,43.103886999999986],[-78.903565,43.103930999999996],[-78.903089,43.103941],[-78.902941,43.103927999999996],[-78.902917,43.10391299999999],[-78.90289299999999,43.10386599999999],[-78.902889,43.103803000000006],[-78.902891,43.10365499999999],[-78.902898,43.103213999999994],[-78.902901,43.10306699999999],[-78.903643,43.10306],[-78.903989,43.103056999999986],[-78.905686,43.10304000000001],[-78.90587099999999,43.10303599999999],[-78.906614,43.10302099999999],[-78.906607,43.102711],[-78.906588,43.101780999999995],[-78.906582,43.101471],[-78.90657999999999,43.10141499999998],[-78.906576,43.101247],[-78.90657499999999,43.101191],[-78.907112,43.101196999999985],[-78.910541,43.10113899999999],[-78.910476,43.09946699999999],[-78.910476,43.099463],[-78.91044699999999,43.098633],[-78.91044699999999,43.098617],[-78.910359,43.09670899999999],[-78.911523,43.096699],[-78.91226499999999,43.096713],[-78.91226,43.09538999999999],[-78.91225899999999,43.095253],[-78.912262,43.095225],[-78.912262,43.095138999999996]]]},"properties":{"geoid":"360630227111","name":"Block Group 1","pop":702.0,"obs_Mesothelioma":0.0,"exp_Mesothelioma":0.06,"sir_Mesothelioma":0.0,"obs_Lung":5.0,"exp_Lung":3.54,"sir_Lung":1.414,"obs_Bladder":4.0,"exp_Bladder":1.44,"sir_Bladder":2.779,"obs_Esophagus":1.0,"exp_Esophagus":0.28,"sir_Esophagus":3.596,"obs_Oral":1.0,"exp_Oral":0.57,"sir_Oral":1.745,"obs_Brain":0.0,"exp_Brain":0.31,"sir_Brain":0.0,"hlarea_Lung":1,"hlarea_Bladder":1,"hlarea_Esophagus":1,"hlarea_Oral":0,"hlarea_Brain":0,"hlarea_Mesothelioma":0,"merged_area":false,"doh_region":"360630227111"}},{"type":"Feature","geometry":{"type":"Polygon","coordinates":[[[-79.02876599999999,43.09149699999999],[-79.02838,43.091494999999995],[-79.02813499999999,43.09149399999999],[-79.02788699999999,43.091494],[-79.027507,43.091494],[-79.02714499999999,43.091494],[-79.026898,43.091494],[-79.026654,43.091494],[-79.02628,43.09149599999999],[-79.025925,43.09149599999999],[-79.025682,43.091497000000004],[-79.024748,43.091499],[-79.02389199999999,43.091508000000005],[-79.023662,43.091507],[-79.022672,43.091504],[-79.02261399999999,43.09135999999999],[-79.022465,43.090984999999996],[-79.02243899999999,43.09093099999998],[-79.022373,43.090792],[-79.022308,43.09065299999998],[-79.022115,43.09023699999999],[-79.02205099999999,43.09009899999999],[-79.02199,43.08996200000001],[-79.021808,43.08955100000001],[-79.021748,43.08941499999999],[-79.021688,43.089275],[-79.02151,43.088857999999995],[-79.021451,43.08871899999999],[-79.02140299999999,43.08861],[-79.021261,43.088283],[-79.021214,43.08817399999999],[-79.021292,43.088176],[-79.021526,43.08818199999999],[-79.021604,43.08818499999999],[-79.02167600000001,43.088187],[-79.021895,43.088193],[-79.021968,43.08819599999998],[-79.022696,43.088212999999996],[-79.023606,43.08823599999998],[-79.024883,43.08825999999999],[-79.025612,43.08827499999998],[-79.026254,43.088289],[-79.028179,43.088332],[-79.02882199999999,43.08834699999999],[-79.028933,43.08835],[-79.02926599999999,43.08835899999998],[-79.029378,43.08836199999998],[-79.029376,43.08851900000001],[-79.029375,43.088756],[-79.029375,43.088803999999996],[-79.029372,43.088992999999995],[-79.029371,43.089150999999994],[-79.02937,43.08930399999999],[-79.029367,43.089766000000004],[-79.029367,43.08992],[-79.029364,43.090077],[-79.02935599999999,43.09054999999999],[-79.029354,43.090708],[-79.029355,43.09086600000001],[-79.029358,43.091101],[-79.02936,43.09134099999999],[-79.02936199999999,43.0915],[-79.029116,43.091499000000006],[-79.02886800000002,43.091498],[-79.02876599999999,43.09149699999999]]]},"properties":{"geoid":"360630214002","name":"Block Group 2","pop":1193.0,"obs_Mesothelioma":1.0,"exp_Mesothelioma":0.0753888204,"sir_Mesothelioma":13.265,"obs_Lung":5.0,"exp_Lung":4.6272529554,"sir_Lung":1.081,"obs_Bladder":2.0,"exp_Bladder":1.8840048251,"sir_Bladder":1.062,"obs_Esophagus":1.0,"exp_Esophagus":0.3519543319,"sir_Esophagus":2.841,"obs_Oral":1.0,"exp_Oral":0.7445259776,"sir_Oral":1.343,"obs_Brain":1.0,"exp_Brain":0.44210273,"sir_Brain":2.262,"hlarea_Lung":1,"hlarea_Bladder":1,"hlarea_Esophagus":1,"hlarea_Oral":0,"hlarea_Brain":0,"hlarea_Mesothelioma":0,"doh_region":"36063DOH0300","merged_area":true,"merged_bg_count":2}},{"type":"Feature","geometry":{"type":"Polygon","coordinates":[[[-79.037668,43.09945299999999],[-79.037663,43.09968199999999],[-79.03766,43.099881999999994],[-79.037929,43.099883999999996],[-79.038736,43.09988999999999],[-79.03900600000001,43.099892999999994],[-79.039007,43.10006399999999],[-79.039011,43.100325999999995],[-79.039013,43.10058],[-79.03901499999999,43.10075299999999],[-79.03916699999999,43.100753],[-79.039626,43.100755],[-79.039779,43.10075599999999],[-79.039774,43.100944],[-79.03976899999999,43.101209999999995],[-79.039765,43.101397999999996],[-79.039762,43.101510999999995],[-79.03975899999999,43.10170099999999],[-79.039029,43.10169499999999],[-79.036841,43.10167699999999],[-79.036112,43.10167199999999],[-79.035596,43.101669],[-79.03405099999999,43.101663],[-79.033536,43.101661],[-79.033537,43.101473],[-79.03353899999999,43.10117199999999],[-79.03354,43.100909],[-79.033542,43.10072199999999],[-79.03354399999999,43.100548],[-79.03354800000001,43.100299],[-79.033551,43.100026],[-79.033554,43.099852999999996],[-79.03355499999999,43.09966],[-79.033557,43.099419999999995],[-79.033559,43.099084],[-79.03356099999999,43.098893],[-79.034076,43.098893],[-79.035624,43.098894],[-79.035708,43.09889499999999],[-79.03614,43.098884999999996],[-79.036447,43.098876999999995],[-79.03675,43.098871],[-79.03737,43.098879],[-79.037678,43.098883],[-79.037674,43.09908199999999],[-79.037668,43.09945299999999]]]},"properties":{"geoid":"360630210004","name":"Block Group 4","pop":1209.0,"obs_Mesothelioma":0.0,"exp_Mesothelioma":0.0642776036,"sir_Mesothelioma":0.0,"obs_Lung":4.0,"exp_Lung":4.1154754178,"sir_Lung":0.972,"obs_Bladder":5.0,"exp_Bladder":1.6243830617,"sir_Bladder":3.078,"obs_Esophagus":0.0,"exp_Esophagus":0.3064955083,"sir_Esophagus":0.0,"obs_Oral":1.0,"exp_Oral":0.6700302856,"sir_Oral":1.492,"obs_Brain":1.0,"exp_Brain":0.4204942747,"sir_Brain":2.378,"hlarea_Lung":1,"hlarea_Bladder":1,"hlarea_Esophagus":1,"hlarea_Oral":0,"hlarea_Brain":0,"hlarea_Mesothelioma":0,"doh_region":"36063DOH0004","merged_area":true,"merged_bg_count":2}},{"type":"Feature","geometry":{"type":"Polygon","coordinates":[[[-79.04140199999999,43.090965],[-79.041412,43.091383],[-79.041152,43.091392],[-79.040734,43.091408999999985],[-79.040373,43.091422],[-79.040114,43.091432],[-79.039879,43.091436999999985],[-79.039548,43.09144599999999],[-79.039177,43.09145399999999],[-79.038943,43.09146],[-79.038688,43.091460999999995],[-79.038287,43.09146499999999],[-79.037926,43.091466999999994],[-79.037672,43.091469999999994],[-79.037495,43.09147],[-79.037094,43.09147199999999],[-79.036964,43.091471999999996],[-79.036788,43.09147299999999],[-79.03671899999999,43.09147299999999],[-79.036514,43.09147399999999],[-79.036446,43.091475],[-79.03630199999999,43.09147499999999],[-79.035873,43.091475],[-79.03573,43.091475],[-79.035691,43.09147499999999],[-79.035574,43.09147499999999],[-79.035536,43.091475],[-79.03534599999999,43.091474999999996],[-79.035135,43.091476],[-79.034913,43.09147599999999],[-79.034596,43.091474],[-79.03459000000001,43.091475999999986],[-79.034323,43.091475999999986],[-79.034071,43.091475999999986],[-79.034064,43.09147699999999],[-79.033735,43.09147899999999],[-79.03362,43.09148],[-79.033351,43.091480999999995],[-79.03311099999999,43.091482],[-79.033108,43.09117699999998],[-79.03309899999999,43.090262999999986],[-79.033096,43.08995899999999],[-79.033093,43.089817999999994],[-79.03308899999999,43.08958899999999],[-79.033093,43.089398],[-79.033097,43.08925800000001],[-79.033097,43.08909599999998],[-79.03309899999999,43.08861],[-79.0331,43.088449000000004],[-79.03339799999999,43.088455999999994],[-79.034292,43.08847699999999],[-79.03459000000001,43.088484],[-79.034813,43.08848899999999],[-79.03510299999999,43.088496],[-79.035485,43.088504],[-79.03571,43.08851000000001],[-79.03573999999999,43.08851000000001],[-79.035831,43.088513],[-79.035862,43.088513999999996],[-79.036039,43.08851799999999],[-79.03657,43.08853],[-79.036748,43.088533999999996],[-79.03693000000001,43.088538],[-79.03747899999999,43.08854999999999],[-79.037662,43.08855399999999],[-79.037914,43.088558],[-79.038258,43.08856499999999],[-79.03867199999999,43.088571999999985],[-79.03892499999999,43.08857700000001],[-79.039147,43.08858000000001],[-79.039491,43.088584999999995],[-79.03981499999999,43.08858899999999],[-79.040038,43.088592],[-79.040301,43.08859399999999],[-79.040685,43.088597],[-79.041092,43.0886],[-79.041356,43.08860299999999],[-79.041367,43.089158],[-79.04140000000001,43.090827],[-79.04140199999999,43.090965]]]},"properties":{"geoid":"360630213001","name":"Block Group 1","pop":2048.0,"obs_Mesothelioma":0.0,"exp_Mesothelioma":0.1134382858,"sir_Mesothelioma":0.0,"obs_Lung":11.0,"exp_Lung":7.1313166143,"sir_Lung":1.542,"obs_Bladder":6.0,"exp_Bladder":2.8871494876,"sir_Bladder":2.078,"obs_Esophagus":1.0,"exp_Esophagus":0.5548691395,"sir_Esophagus":1.802,"obs_Oral":0.0,"exp_Oral":1.1955762021,"sir_Oral":0.0,"obs_Brain":1.0,"exp_Brain":0.7303983262,"sir_Brain":1.369,"hlarea_Lung":1,"hlarea_Bladder":1,"hlarea_Esophagus":1,"hlarea_Oral":0,"hlarea_Brain":0,"hlarea_Mesothelioma":0,"doh_region":"36063DOH0006","merged_area":true,"merged_bg_count":2}},{"type":"Feature","geometry":{"type":"Polygon","coordinates":[[[-78.830163,43.30624999999999],[-78.830153,43.306031],[-78.82813,43.304601000000005],[-78.828119,43.30441599999999],[-78.82795999999999,43.296955000000004],[-78.83196099999999,43.294055],[-78.83076,43.29405699999999],[-78.82715999999999,43.29406499999999],[-78.82596,43.29406799999998],[-78.82596199999999,43.29444499999999],[-78.825969,43.29557599999999],[-78.82597,43.295677],[-78.825975,43.295953],[-78.82513399999999,43.29600200000001],[-78.82427,43.29605399999999],[-78.824197,43.29771299999999],[-78.82415999999999,43.298555],[-78.82415999999999,43.299268],[-78.82415999999999,43.303014999999995],[-78.82416099999999,43.304520999999994],[-78.822261,43.304512],[-78.82224099999999,43.30489399999998],[-78.822161,43.30640199999999],[-78.821361,43.306498999999995],[-78.821362,43.30529099999999],[-78.81826199999999,43.305178],[-78.81826199999999,43.308144000000006],[-78.81826199999999,43.30826],[-78.819563,43.308254999999996],[-78.819363,43.30865299999999],[-78.81756299999999,43.308744999999995],[-78.81756299999999,43.30954099999999],[-78.81756299999999,43.312096999999994],[-78.81756299999999,43.31333499999998],[-78.820084,43.313331999999996],[-78.82046299999999,43.313331999999996],[-78.820404,43.31686499999999],[-78.820362,43.31942199999999],[-78.820242,43.319454],[-78.819788,43.319573000000005],[-78.817459,43.320184999999995],[-78.816671,43.32038399999999],[-78.81635399999999,43.320465999999996],[-78.81414199999999,43.32103999999999],[-78.81011099999999,43.32206299999999],[-78.80821700000001,43.32250299999998],[-78.806131,43.322953],[-78.80560899999999,43.32304399999999],[-78.80538,43.323071000000006],[-78.805261,43.32307799999999],[-78.804862,43.323088999999996],[-78.804239,43.32307099999999],[-78.80399299999999,43.32306500000001],[-78.800103,43.322865],[-78.800135,43.320949999999996],[-78.80015499999999,43.3202],[-78.800175,43.31947599999999],[-78.800285,43.31360599999999],[-78.800291,43.31286899999999],[-78.800311,43.31250300000001],[-78.80031699999999,43.312207],[-78.800372,43.30954299999999],[-78.800369,43.30821799999999],[-78.800366,43.30683500000001],[-78.800354,43.306135],[-78.800383,43.30515299999999],[-78.800365,43.304243],[-78.80036,43.30398999999999],[-78.800353,43.302918999999996],[-78.80035099999999,43.299822999999996],[-78.80035099999999,43.29896699999999],[-78.80030099999999,43.29682999999999],[-78.800082,43.290541999999995],[-78.800046,43.289485],[-78.799999,43.287449],[-78.80001899999999,43.28432499999998],[-78.800032,43.282424],[-78.800046,43.28125299999999],[-78.800078,43.27605599999999],[-78.8001,43.274956],[-78.800107,43.274654],[-78.800113,43.273243],[-78.800133,43.271834],[-78.800153,43.269734],[-78.800164,43.26909599999999],[-78.800179,43.268328999999994],[-78.80018799999999,43.26618099999999],[-78.80020499999999,43.264087999999994],[-78.80024499999999,43.26197399999999],[-78.80028999999999,43.26088399999999],[-78.800332,43.259873],[-78.800382,43.258148],[-78.80038499999999,43.258047999999995],[-78.800395,43.257751],[-78.800399,43.257653],[-78.800416,43.25694199999999],[-78.800513,43.25464900000001],[-78.80051999999999,43.25445899999998],[-78.800614,43.252114],[-78.80071699999999,43.24968999999999],[-78.80084599999999,43.24732699999999],[-78.800962,43.244882],[-78.801037,43.243315],[-78.80111500000001,43.24169],[-78.798949,43.24164999999999],[-78.79557799999999,43.24158899999999],[-78.79245300000001,43.24152199999999],[-78.79028799999999,43.24147699999999],[-78.790295,43.240686000000004],[-78.790353,43.239298],[-78.790357,43.239087999999995],[-78.790385,43.23788799999999],[-78.790454,43.23646],[-78.79048499999999,43.235338999999996],[-78.79053499999999,43.23502],[-78.79063,43.234787],[-78.790734,43.23464499999999],[-78.791049,43.23432599999999],[-78.79251,43.23293299999999],[-78.792654,43.232791999999996],[-78.79419299999999,43.23129099999999],[-78.794372,43.23113],[-78.794612,43.230816999999995],[-78.795791,43.229026999999995],[-78.795817,43.228986],[-78.79648,43.227968999999995],[-78.79654699999999,43.227879999999985],[-78.79707599999999,43.227018],[-78.79718299999999,43.226750999999986],[-78.797197,43.22666699999999],[-78.79719399999999,43.226504999999996],[-78.797156,43.22633],[-78.797112,43.226204999999986],[-78.796911,43.225812999999995],[-78.79575,43.223684999999996],[-78.795351,43.22297399999999],[-78.794921,43.22218799999999],[-78.794859,43.22207299999999],[-78.794693,43.221775],[-78.793737,43.220006999999995],[-78.79370600000001,43.219908],[-78.800106,43.220031000000006],[-78.81420100000001,43.220304],[-78.819306,43.22040399999999],[-78.825706,43.22052799999999],[-78.826031,43.22052799999999],[-78.827007,43.220530999999994],[-78.827333,43.220532],[-78.82999699999999,43.22053299999999],[-78.83799,43.220538],[-78.840655,43.22053999999999],[-78.840809,43.221078000000006],[-78.840864,43.22133999999999],[-78.84089,43.221602999999995],[-78.840909,43.222204000000005],[-78.84091,43.22222899999999],[-78.840896,43.223879000000004],[-78.84088,43.224586999999985],[-78.840848,43.22728299999999],[-78.840828,43.228977],[-78.840831,43.229268999999995],[-78.840847,43.229495],[-78.840876,43.22964499999999],[-78.84096199999999,43.229901999999996],[-78.841413,43.230917000000005],[-78.841734,43.23166599999998],[-78.842306,43.23299899999999],[-78.842878,43.234389],[-78.843304,43.235397000000006],[-78.844831,43.23896],[-78.84510499999999,43.239582],[-78.84548,43.240430999999994],[-78.846238,43.24221699999999],[-78.84628599999999,43.242404999999984],[-78.846374,43.24295699999999],[-78.846479,43.243608],[-78.846571,43.24425],[-78.846716,43.245155],[-78.84693399999999,43.24659299999999],[-78.84719799999999,43.248324],[-78.84788499999999,43.253080999999995],[-78.847922,43.25353099999999],[-78.847944,43.25541099999999],[-78.84796899999999,43.258396],[-78.84798900000001,43.259772999999996],[-78.847988,43.259818],[-78.84798599999999,43.261697999999996],[-78.848011,43.26424999999999],[-78.84856599999999,43.26424499999999],[-78.85011800000001,43.26423399999999],[-78.850231,43.26423],[-78.850786,43.264215],[-78.850686,43.265927999999995],[-78.85061,43.267252],[-78.85059199999999,43.267779999999995],[-78.850394,43.27106999999999],[-78.850292,43.272783999999994],[-78.85025999999999,43.273295999999995],[-78.850231,43.27377299999999],[-78.850162,43.27483199999999],[-78.850129,43.27534499999999],[-78.85006299999999,43.276354999999995],[-78.849961,43.277924000000006],[-78.849885,43.27907999999999],[-78.849857,43.27938599999999],[-78.84979899999999,43.280029],[-78.849791,43.280114999999995],[-78.84977099999999,43.280395],[-78.849733,43.28124999999999],[-78.84974,43.281569999999995],[-78.84984,43.28241899999999],[-78.84997299999999,43.28314099999999],[-78.850022,43.28340299999999],[-78.85042899999999,43.285190999999976],[-78.850841,43.287239],[-78.851067,43.28867799999999],[-78.85132999999999,43.290138999999996],[-78.851399,43.29064999999999],[-78.851456,43.29129899999999],[-78.851479,43.291555],[-78.85159399999999,43.294061],[-78.85172399999999,43.295784],[-78.85179099999999,43.29615899999998],[-78.85162900000002,43.296243000000004],[-78.85104199999999,43.296513],[-78.847737,43.29787299999998],[-78.847332,43.29804099999999],[-78.84658499999999,43.298359999999995],[-78.84512,43.298953],[-78.84460899999999,43.29914000000001],[-78.843915,43.299366000000006],[-78.839953,43.30047599999998],[-78.839682,43.300556],[-78.839387,43.30064999999999],[-78.839094,43.300757999999995],[-78.838785,43.300886999999996],[-78.83837799999999,43.301106],[-78.83802500000002,43.30133399999998],[-78.837755,43.301533],[-78.837003,43.302193],[-78.835866,43.30321699999998],[-78.835279,43.303747],[-78.833019,43.30574099999999],[-78.832576,43.30614099999998],[-78.832514,43.30619699999998],[-78.83232799999999,43.306365],[-78.83226599999999,43.306421],[-78.83232199999999,43.306456999999995],[-78.83240599999999,43.30648799999999],[-78.832495,43.306521],[-78.832681,43.306551],[-78.832866,43.30656099999999],[-78.833023,43.306571],[-78.83326199999999,43.306584999999984],[-78.833766,43.306589999999986],[-78.83397,43.306592999999985],[-78.834773,43.30662399999999],[-78.835737,43.306643],[-78.83599699999999,43.306653999999995],[-78.83629599999999,43.30666799999999],[-78.83644,43.306688],[-78.83654,43.30672399999999],[-78.836585,43.306763000000004],[-78.83664300000001,43.30688399999999],[-78.836315,43.30697099999999],[-78.835932,43.307095000000004],[-78.835579,43.307210999999995],[-78.835047,43.30739299999999],[-78.83472499999999,43.30753],[-78.834372,43.307717],[-78.83411699999999,43.30788199999999],[-78.83392599999999,43.308026],[-78.83391,43.308039],[-78.833489,43.30843999999999],[-78.833392,43.308541],[-78.83366,43.30862899999999],[-78.834049,43.30869799999999],[-78.834361,43.308684],[-78.834611,43.308704999999996],[-78.834982,43.308780999999996],[-78.8351,43.308843999999986],[-78.835544,43.309189999999994],[-78.835662,43.309231999999994],[-78.835773,43.309253],[-78.83582799999999,43.309245999999995],[-78.835925,43.30918299999999],[-78.83598099999999,43.309045],[-78.83614,43.308766999999996],[-78.836314,43.30862199999999],[-78.836529,43.308511],[-78.836753,43.308453],[-78.836917,43.30842099999999],[-78.83702799999999,43.308414],[-78.83711199999999,43.308428],[-78.837257,43.308511],[-78.838017,43.309232],[-78.83814199999999,43.309377000000005],[-78.83825999999999,43.309453999999995],[-78.83837799999999,43.30948099999999],[-78.838537,43.309481],[-78.838863,43.309453999999995],[-78.838974,43.309474],[-78.839072,43.30953699999999],[-78.839176,43.309661999999996],[-78.839266,43.309897],[-78.839266,43.31009799999999],[-78.839162,43.310424],[-78.838985,43.310694],[-78.83886,43.31080499999999],[-78.838763,43.31090899999999],[-78.8387,43.31104800000001],[-78.838714,43.311145],[-78.838763,43.311249],[-78.83884599999999,43.311346],[-78.838978,43.31140899999999],[-78.839137,43.311422],[-78.840074,43.311367],[-78.840178,43.311387999999994],[-78.840254,43.311443],[-78.840282,43.311505999999994],[-78.84027499999999,43.31157499999999],[-78.84021299999999,43.31171399999999],[-78.840125,43.311823999999994],[-78.839872,43.31214],[-78.839264,43.31199000000001],[-78.83919499999999,43.31198200000001],[-78.839094,43.311989999999994],[-78.839045,43.312011],[-78.839005,43.31207599999999],[-78.83896,43.31210399999999],[-78.83879499999999,43.31209599999998],[-78.839508,43.31236099999999],[-78.839851,43.312977],[-78.83998799999999,43.31300999999999],[-78.840075,43.313006999999985],[-78.84031399999999,43.312940999999995],[-78.840526,43.312861000000005],[-78.842496,43.312066],[-78.842929,43.31187699999999],[-78.84304,43.311867],[-78.843141,43.311881],[-78.84329,43.311935999999996],[-78.843419,43.312025999999996],[-78.843464,43.31211599999999],[-78.843516,43.31237999999999],[-78.843526,43.31255499999998],[-78.843355,43.31305599999998],[-78.843295,43.31400899999999],[-78.84290399999999,43.314144999999996],[-78.840273,43.31507],[-78.838006,43.315354000000006],[-78.83746699999999,43.315658000000006],[-78.836911,43.315973],[-78.83654,43.316354999999994],[-78.836387,43.31646999999999],[-78.83616099999999,43.31695499999999],[-78.83565399999999,43.31690299999999],[-78.83421700000001,43.316755999999984],[-78.834188,43.316677],[-78.834015,43.316199],[-78.834018,43.31612299999999],[-78.834029,43.31589599999999],[-78.83403299999999,43.31582099999999],[-78.83403299999999,43.315646],[-78.834035,43.315124],[-78.834036,43.314949999999996],[-78.83404,43.314392999999995],[-78.83404100000001,43.314289999999986],[-78.834052,43.312722],[-78.83405599999999,43.312165],[-78.833972,43.311444999999985],[-78.833848,43.310373],[-78.832844,43.310316],[-78.83281099999999,43.310233999999994],[-78.83254,43.309563000000004],[-78.832323,43.30908699999999],[-78.83167499999999,43.307658999999994],[-78.831459,43.307182999999995],[-78.830163,43.30624999999999]]]},"properties":{"geoid":"360630243022","name":"Block Group 2","pop":1117.0,"obs_Mesothelioma":2.0,"exp_Mesothelioma":0.08,"sir_Mesothelioma":25.607,"obs_Lung":9.0,"exp_Lung":5.0,"sir_Lung":1.8,"obs_Bladder":7.0,"exp_Bladder":2.02,"sir_Bladder":3.462,"obs_Esophagus":0.0,"exp_Esophagus":0.41,"sir_Esophagus":0.0,"obs_Oral":1.0,"exp_Oral":0.87,"sir_Oral":1.147,"obs_Brain":0.0,"exp_Brain":0.47,"sir_Brain":0.0,"hlarea_Lung":0,"hlarea_Bladder":0,"hlarea_Esophagus":1,"hlarea_Oral":0,"hlarea_Brain":0,"hlarea_Mesothelioma":0,"merged_area":false,"doh_region":"360630243022"}},{"type":"Feature","geometry":{"type":"Polygon","coordinates":[[[-79.033484,43.106826999999996],[-79.03348199999999,43.10699499999999],[-79.033481,43.10723499999999],[-79.033479,43.107500999999985],[-79.033478,43.10766999999999],[-79.032754,43.10766999999999],[-79.03125299999999,43.10767],[-79.030585,43.107662],[-79.029935,43.107654999999994],[-79.029862,43.107654],[-79.02981299999999,43.107547999999994],[-79.029669,43.107231999999996],[-79.029651,43.10719199999999],[-79.02962099999999,43.107127000000006],[-79.02959299999999,43.107057999999995],[-79.02950899999999,43.10685299999999],[-79.02948099999999,43.106784999999995],[-79.029451,43.106719],[-79.029361,43.106520999999994],[-79.029331,43.10645499999999],[-79.029288,43.106364],[-79.029161,43.10609199999999],[-79.029119,43.106002],[-79.029097,43.105951],[-79.029031,43.1058],[-79.02901,43.10574999999999],[-79.028965,43.10564999999999],[-79.02883,43.10535100000002],[-79.028785,43.105251999999986],[-79.028768,43.105214999999994],[-79.02871999999999,43.105104000000004],[-79.028705,43.105067999999996],[-79.028644,43.104932],[-79.028598,43.10482799999998],[-79.028463,43.10452399999999],[-79.028403,43.10438799999999],[-79.028334,43.10423600000001],[-79.027993,43.103463999999995],[-79.02827599999999,43.103463999999995],[-79.029392,43.103460999999996],[-79.030329,43.10346099999999],[-79.03148,43.10347499999999],[-79.033518,43.103491],[-79.033515,43.103676],[-79.033513,43.10395199999999],[-79.03350900000001,43.10423099999999],[-79.033507,43.104416],[-79.033506,43.104589999999995],[-79.03350499999999,43.104896],[-79.033504,43.105114],[-79.033504,43.105288999999985],[-79.0335,43.106058000000004],[-79.033484,43.106826999999996]]]},"properties":{"geoid":"360630207001","name":"Block Group 1","pop":776.0,"obs_Mesothelioma":0.0,"exp_Mesothelioma":0.03,"sir_Mesothelioma":0.0,"obs_Lung":3.0,"exp_Lung":2.48,"sir_Lung":1.208,"obs_Bladder":1.0,"exp_Bladder":0.91,"sir_Bladder":1.1,"obs_Esophagus":0.0,"exp_Esophagus":0.19,"sir_Esophagus":0.0,"obs_Oral":0.0,"exp_Oral":0.44,"sir_Oral":0.0,"obs_Brain":1.0,"exp_Brain":0.27,"sir_Brain":3.742,"hlarea_Lung":1,"hlarea_Bladder":0,"hlarea_Esophagus":1,"hlarea_Oral":0,"hlarea_Brain":0,"hlarea_Mesothelioma":0,"merged_area":false,"doh_region":"360630207001"}},{"type":"Feature","geometry":{"type":"Polygon","coordinates":[[[-78.676987,43.273978],[-78.67729299999999,43.273958],[-78.67742,43.27391499999998],[-78.678147,43.27345499999999],[-78.678587,43.273135999999994],[-78.678879,43.27300699999999],[-78.67911500000001,43.272934],[-78.679648,43.27286499999999],[-78.67975799999999,43.27283799999999],[-78.679766,43.27283699999999],[-78.680216,43.272661],[-78.680308,43.272601],[-78.68032699999999,43.27254300000001],[-78.680306,43.271134999999994],[-78.68030999999999,43.27029700000001],[-78.680357,43.270124],[-78.683675,43.270158999999985],[-78.686033,43.27018499999999],[-78.68780199999999,43.270185999999995],[-78.68807799999999,43.270198],[-78.689488,43.270199999999996],[-78.690934,43.270219999999995],[-78.69241600000001,43.27022899999999],[-78.693148,43.27024],[-78.69363200000001,43.270241],[-78.696951,43.270254],[-78.696981,43.27025400000001],[-78.69707199999999,43.270254],[-78.697103,43.270255000000006],[-78.697259,43.270255],[-78.697401,43.270256],[-78.697728,43.270258999999996],[-78.697885,43.270261],[-78.698284,43.27026299999999],[-78.698776,43.27026699999999],[-78.699484,43.27025199999999],[-78.699884,43.270244000000005],[-78.699759,43.269524],[-78.699697,43.269223],[-78.69957099999999,43.268609],[-78.69945799999999,43.26815],[-78.69900799999999,43.26649599999999],[-78.698971,43.266290999999995],[-78.698967,43.266200000000005],[-78.698961,43.26600599999998],[-78.698973,43.265813],[-78.699046,43.26533999999997],[-78.69908099999999,43.265172],[-78.699733,43.265195999999996],[-78.699688,43.265231],[-78.69951499999999,43.265425],[-78.69943200000002,43.265556000000004],[-78.69939099999999,43.265685999999995],[-78.699356,43.26596500000001],[-78.699356,43.266193],[-78.69937399999999,43.266393],[-78.699508,43.266778],[-78.69972299999999,43.26722799999999],[-78.699896,43.267449000000006],[-78.70005499999999,43.26762199999999],[-78.700087,43.26764800000001],[-78.700401,43.26791300000001],[-78.700512,43.26805100000001],[-78.700602,43.26820300000001],[-78.70062999999999,43.268394],[-78.700609,43.268559999999994],[-78.700609,43.26875299999998],[-78.700667,43.26892199999999],[-78.700755,43.269057999999994],[-78.70096199999999,43.269237999999994],[-78.701184,43.26940099999999],[-78.70134999999999,43.269577],[-78.701433,43.26975999999999],[-78.701481,43.26993299999998],[-78.701506,43.270255],[-78.70146799999999,43.270458999999995],[-78.701331,43.27061],[-78.701165,43.27076900000001],[-78.700862,43.27113600000001],[-78.70079299999999,43.27132499999998],[-78.70079299999999,43.27156699999999],[-78.700834,43.271809],[-78.700983,43.272189],[-78.701156,43.27258399999999],[-78.70130499999999,43.27282699999999],[-78.70161999999999,43.273266],[-78.701807,43.27349399999999],[-78.702327,43.27399599999999],[-78.702666,43.274376],[-78.70277300000001,43.27453899999999],[-78.70288099999999,43.274702000000005],[-78.702888,43.274888],[-78.702874,43.27507500000001],[-78.702804,43.27522799999999],[-78.70261099999999,43.27548999999999],[-78.702527,43.27564299999999],[-78.70250700000001,43.275895],[-78.70250700000001,43.276067999999995],[-78.702527,43.276311],[-78.702569,43.276531999999996],[-78.702687,43.27684299999999],[-78.70285299999999,43.276961],[-78.70295399999999,43.277016],[-78.703324,43.27720999999999],[-78.70358999999999,43.277300999999994],[-78.70492399999999,43.277760000000015],[-78.70554899999999,43.27805099999999],[-78.706184,43.278347],[-78.70644,43.27846599999999],[-78.706627,43.27851599999999],[-78.70689,43.27855599999999],[-78.70707,43.278549],[-78.707185,43.278535999999995],[-78.707195,43.27853499999999],[-78.707313,43.278494],[-78.707444,43.27846599999998],[-78.707583,43.278452],[-78.707957,43.27845599999999],[-78.708539,43.278532],[-78.708624,43.27856199999999],[-78.70865599999999,43.278574000000006],[-78.708975,43.27865],[-78.709127,43.27864999999999],[-78.709294,43.278636],[-78.70946699999999,43.27860799999999],[-78.709626,43.278553],[-78.709771,43.278469999999984],[-78.71009,43.278241],[-78.710149,43.278202],[-78.71024899999999,43.278138],[-78.710374,43.27808199999999],[-78.710748,43.27801600000001],[-78.71114899999999,43.277983],[-78.711731,43.277933],[-78.71225799999999,43.27794000000001],[-78.712535,43.277968],[-78.712666,43.27800299999999],[-78.712818,43.27806499999999],[-78.712957,43.278154999999984],[-78.713121,43.278306999999984],[-78.71321999999999,43.27841799999999],[-78.713345,43.27858399999999],[-78.713448,43.278657],[-78.713719,43.27885],[-78.713982,43.27905099999999],[-78.714079,43.27916899999998],[-78.714134,43.27931400000001],[-78.714141,43.279486999999996],[-78.714107,43.279688],[-78.714058,43.279839999999986],[-78.71394,43.28010999999999],[-78.71379499999999,43.28035899999999],[-78.713335,43.28094],[-78.712992,43.28118599999999],[-78.71273500000001,43.281345],[-78.71261799999999,43.28148399999999],[-78.712535,43.28160799999999],[-78.712445,43.281794999999995],[-78.712375,43.281974999999996],[-78.712334,43.28218299999999],[-78.71231999999999,43.282683999999996],[-78.712479,43.28381900000001],[-78.712507,43.284200000000006],[-78.712535,43.28433099999999],[-78.71260400000001,43.28447699999999],[-78.712715,43.28462899999999],[-78.713194,43.28510299999999],[-78.713809,43.28571199999999],[-78.71386199999999,43.28578100000001],[-78.713899,43.28583],[-78.71419,43.286037],[-78.714314,43.286086],[-78.71448699999999,43.28611999999999],[-78.714716,43.28612699999999],[-78.714834,43.28614099999999],[-78.714972,43.286238],[-78.715249,43.286476],[-78.71431299999999,43.286474],[-78.71304599999999,43.28647199999999],[-78.711505,43.286491999999996],[-78.710781,43.286502000000006],[-78.710571,43.28652199999999],[-78.71050199999999,43.286407999999994],[-78.710295,43.28606800000001],[-78.710227,43.28595500000001],[-78.709938,43.28547400000001],[-78.70907199999999,43.284031],[-78.708784,43.283549999999984],[-78.70849,43.283636],[-78.70788300000001,43.283816],[-78.70765899999999,43.283855999999986],[-78.70760299999999,43.28386100000001],[-78.707566,43.283865999999996],[-78.707298,43.283863999999994],[-78.706874,43.28386],[-78.706504,43.283849999999994],[-78.704122,43.283789999999996],[-78.704075,43.283789],[-78.703329,43.283778999999996],[-78.703139,43.283774],[-78.702569,43.28375899999999],[-78.702379,43.28375399999999],[-78.70126599999999,43.283730000000006],[-78.700012,43.283702999999996],[-78.69792799999999,43.283652],[-78.696816,43.28362600000001],[-78.695684,43.28360999999999],[-78.693417,43.28356],[-78.69086999999999,43.28350400000001],[-78.68946,43.283477],[-78.688265,43.283446999999995],[-78.683223,43.283348],[-78.679825,43.283281999999986],[-78.67835,43.28326299999999],[-78.677652,43.283249000000005],[-78.67113599999999,43.283120000000004],[-78.668964,43.28307799999999],[-78.66896,43.282739],[-78.668948,43.281725],[-78.668944,43.281386999999995],[-78.66904699999999,43.281349999999996],[-78.66950899999999,43.28133199999999],[-78.669679,43.28133499999999],[-78.669738,43.281321999999996],[-78.66977899999999,43.281296999999974],[-78.669793,43.281268999999995],[-78.669803,43.281138],[-78.669809,43.281073],[-78.66982399999999,43.281045000000006],[-78.669932,43.281016999999984],[-78.670645,43.281009999999995],[-78.67084899999999,43.281020999999996],[-78.670918,43.280995999999995],[-78.670951,43.279641],[-78.67096900000001,43.27962799999999],[-78.671429,43.27963899999999],[-78.67244199999999,43.27966399999999],[-78.672456,43.278726],[-78.67250899999999,43.277752],[-78.672519,43.27657699999999],[-78.67253,43.275377000000006],[-78.672534,43.27512999999999],[-78.672572,43.275026000000004],[-78.672617,43.274959999999986],[-78.67276199999999,43.274893999999996],[-78.67285199999999,43.27488399999999],[-78.67298199999999,43.274888999999995],[-78.67345,43.274961999999995],[-78.67372,43.274964999999995],[-78.674052,43.274937],[-78.674601,43.27477999999999],[-78.674674,43.274738],[-78.67478100000001,43.27465899999999],[-78.67502999999999,43.274558],[-78.67574599999999,43.274328],[-78.676344,43.27412399999999],[-78.67663499999999,43.27401299999999],[-78.676777,43.27399299999999],[-78.676987,43.273978]]]},"properties":{"geoid":"360630242012","name":"Block Group 2","pop":1425.0,"obs_Mesothelioma":0.0,"exp_Mesothelioma":0.09,"sir_Mesothelioma":0.0,"obs_Lung":8.0,"exp_Lung":6.39,"sir_Lung":1.252,"obs_Bladder":5.0,"exp_Bladder":2.47,"sir_Bladder":2.024,"obs_Esophagus":1.0,"exp_Esophagus":0.47,"sir_Esophagus":2.131,"obs_Oral":4.0,"exp_Oral":0.96,"sir_Oral":4.149,"obs_Brain":1.0,"exp_Brain":0.57,"sir_Brain":1.768,"hlarea_Lung":0,"hlarea_Bladder":1,"hlarea_Esophagus":1,"hlarea_Oral":0,"hlarea_Brain":0,"hlarea_Mesothelioma":0,"merged_area":false,"doh_region":"360630242012"}},{"type":"Feature","geometry":{"type":"Polygon","coordinates":[[[-78.66465199999999,43.171382999999985],[-78.66464100000002,43.17150799999998],[-78.66459499999999,43.17211299999999],[-78.664574,43.17240399999999],[-78.66529899999999,43.172425000000004],[-78.66747699999999,43.17248999999999],[-78.66751599999999,43.17249200000001],[-78.66820299999999,43.17252399999999],[-78.668633,43.17254199999999],[-78.669923,43.172599],[-78.670354,43.172619000000005],[-78.670749,43.172639],[-78.671011,43.172653000000004],[-78.67181099999999,43.17267499999999],[-78.671934,43.172679999999986],[-78.67233,43.172698],[-78.672332,43.17340499999999],[-78.672333,43.17409699999999],[-78.672333,43.17422899999999],[-78.672339,43.174775999999994],[-78.672338,43.17528199999999],[-78.672336,43.175506999999996],[-78.672336,43.17552899999999],[-78.672336,43.175598],[-78.672336,43.175621],[-78.672336,43.175885],[-78.671072,43.176373],[-78.670025,43.176787999999995],[-78.669923,43.176829],[-78.66984099999999,43.17686099999999],[-78.669598,43.17695799999999],[-78.669517,43.176990999999994],[-78.66938499999999,43.17704299999998],[-78.66899,43.17719999999999],[-78.668859,43.17725300000001],[-78.668712,43.17731099999998],[-78.66827099999999,43.17748499999998],[-78.66812399999999,43.177543],[-78.66802,43.177583],[-78.66771,43.177704999999996],[-78.66760699999999,43.177746],[-78.66689699999999,43.178025999999996],[-78.665773,43.178470999999995],[-78.66476999999999,43.178870999999994],[-78.664062,43.17915399999999],[-78.66374499999999,43.179277000000006],[-78.663359,43.179427999999994],[-78.662796,43.179646999999996],[-78.662644,43.179707],[-78.662481,43.179773000000004],[-78.662459,43.179519],[-78.66239399999999,43.178757],[-78.662373,43.17850299999999],[-78.66238799999999,43.178107],[-78.66241099999999,43.17747299999999],[-78.662447,43.176548000000004],[-78.66252899999999,43.174385],[-78.662569,43.17335599999999],[-78.662555,43.17237599999999],[-78.66259199999999,43.171788],[-78.662865,43.16747499999999],[-78.66287299999999,43.167089999999995],[-78.66291,43.165521999999996],[-78.66290900000001,43.165502999999994],[-78.66290599999999,43.165445999999996],[-78.66290599999999,43.16542799999999],[-78.662915,43.165045],[-78.66294099999999,43.163896],[-78.66295099999999,43.16351399999999],[-78.663049,43.163518999999994],[-78.66313000000001,43.16352299999999],[-78.66367,43.16355],[-78.66385,43.16355999999999],[-78.663938,43.16356399999999],[-78.664205,43.16357699999999],[-78.664294,43.163582],[-78.664432,43.163588],[-78.66484899999999,43.163608999999994],[-78.664861,43.16360999999999],[-78.664988,43.16361599999998],[-78.665033,43.163618],[-78.665169,43.163625],[-78.665215,43.163627999999996],[-78.665191,43.16395999999999],[-78.66512,43.164958000000006],[-78.665097,43.165290999999996],[-78.665092,43.165344],[-78.665081,43.165504999999996],[-78.665078,43.16555899999999],[-78.66507500000002,43.165588],[-78.66507,43.165675],[-78.66506799999999,43.165704999999996],[-78.665059,43.165836],[-78.665031,43.16620599999999],[-78.66498899999999,43.16679399999999],[-78.664926,43.167711],[-78.664892,43.16821299999999],[-78.664868,43.168548],[-78.664867,43.168563999999996],[-78.66479199999999,43.169553],[-78.664767,43.169888],[-78.66475,43.170100000000005],[-78.664703,43.17073699999999],[-78.664687,43.17095],[-78.66466299999999,43.17124],[-78.66465199999999,43.171382999999985]]]},"properties":{"geoid":"360630239021","name":"Block Group 1","pop":776.0,"obs_Mesothelioma":0.0,"exp_Mesothelioma":0.05,"sir_Mesothelioma":0.0,"obs_Lung":3.0,"exp_Lung":3.27,"sir_Lung":0.917,"obs_Bladder":5.0,"exp_Bladder":1.24,"sir_Bladder":4.04,"obs_Esophagus":0.0,"exp_Esophagus":0.24,"sir_Esophagus":0.0,"obs_Oral":0.0,"exp_Oral":0.53,"sir_Oral":0.0,"obs_Brain":0.0,"exp_Brain":0.3,"sir_Brain":0.0,"hlarea_Lung":1,"hlarea_Bladder":1,"hlarea_Esophagus":0,"hlarea_Oral":0,"hlarea_Brain":0,"hlarea_Mesothelioma":0,"merged_area":false,"doh_region":"360630239021"}},{"type":"Feature","geometry":{"type":"Polygon","coordinates":[[[-79.038887,43.08557],[-79.038882,43.085318],[-79.03887999999999,43.085135],[-79.036779,43.085083],[-79.035885,43.085063999999996],[-79.035868,43.08506299999999],[-79.03581899999999,43.08506199999999],[-79.035803,43.08506200000001],[-79.03580199999999,43.08491699999999],[-79.035799,43.084485],[-79.035798,43.084340999999995],[-79.035258,43.084322],[-79.034787,43.084306],[-79.03364499999999,43.084286000000006],[-79.033641,43.084284999999994],[-79.033102,43.084277],[-79.033101,43.084056],[-79.03309899999999,43.08339600000001],[-79.03309899999999,43.083315],[-79.033091,43.083175999999995],[-79.032344,43.083194],[-79.03223299999999,43.08319200000001],[-79.031582,43.083185],[-79.030016,43.08307699999999],[-79.02966599999999,43.083051],[-79.028812,43.08298999999999],[-79.028252,43.082943],[-79.02752699999999,43.082884],[-79.02657099999999,43.08281699999999],[-79.026011,43.08277899999998],[-79.025899,43.08277],[-79.02556299999999,43.08274499999999],[-79.025451,43.082736999999995],[-79.02543299999999,43.082895],[-79.025385,43.082996],[-79.025246,43.08312699999998],[-79.02488400000001,43.08334699999998],[-79.024746,43.08348199999998],[-79.023737,43.08473599999999],[-79.02327799999999,43.08517099999998],[-79.02316499999999,43.08529799999999],[-79.023078,43.085437],[-79.0229,43.08576599999999],[-79.02282799999999,43.08587],[-79.022765,43.08592099999999],[-79.022611,43.086019999999984],[-79.022476,43.08614100000001],[-79.02237699999999,43.086268999999994],[-79.022347,43.086327999999995],[-79.022307,43.086403999999995],[-79.022245,43.08659299999999],[-79.022199,43.08683999999999],[-79.022156,43.08696699999999],[-79.022095,43.087139000000015],[-79.02201099999999,43.087272999999996],[-79.021861,43.087433999999995],[-79.021819,43.087483000000006],[-79.021754,43.08756800000001],[-79.021644,43.08784699999999],[-79.021632,43.08791099999999],[-79.021619,43.08799],[-79.021604,43.08818499999999],[-79.021526,43.08818199999999],[-79.021292,43.088176],[-79.021214,43.08817399999999],[-79.021064,43.08783799999999],[-79.020776,43.087201],[-79.02069,43.08701399999998],[-79.02064899999999,43.086925],[-79.02030599999999,43.086926],[-79.019886,43.086928],[-79.019278,43.086929999999995],[-79.018936,43.08693199999999],[-79.01871299999999,43.086934],[-79.018376,43.08693799999998],[-79.018044,43.086939999999984],[-79.017822,43.08694299999999],[-79.017715,43.086942],[-79.01739599999999,43.08694199999999],[-79.01729,43.08694199999999],[-79.015594,43.08694599999999],[-79.013088,43.086954],[-79.01249299999999,43.086954],[-79.01050699999999,43.086964999999985],[-79.00881199999999,43.08697499999999],[-79.00880900000001,43.088253],[-79.00880900000001,43.088806000000005],[-79.008788,43.092086999999985],[-79.008781,43.09336599999999],[-79.007468,43.09297999999999],[-79.005603,43.09243300000001],[-79.00352500000001,43.09183999999998],[-79.00281,43.09163699999999],[-79.002212,43.091459],[-79.00227000000001,43.09127],[-79.00244699999999,43.090706999999995],[-79.002506,43.090519],[-79.002563,43.09034200000001],[-79.00262099999999,43.090168],[-79.002736,43.089811999999995],[-79.002794,43.089636000000006],[-79.002943,43.089163],[-79.003056,43.08880499999999],[-79.003073,43.088742999999994],[-79.003343,43.08781099999999],[-79.00387599999999,43.086056000000006],[-79.003897,43.08598999999999],[-79.00414099999999,43.08515999999999],[-79.004358,43.08442199999998],[-79.004768,43.083031999999996],[-79.00501799999999,43.082211],[-79.005085,43.08199299999999],[-79.00518,43.081646000000006],[-79.005201,43.081575],[-79.00524,43.081475],[-79.005363,43.08108000000001],[-79.00542999999999,43.080855],[-79.00562,43.080231000000005],[-79.00570499999999,43.08001499999999],[-79.00594199999999,43.079661],[-79.006068,43.079505999999995],[-79.00620700000002,43.079359000000004],[-79.00638699999999,43.079214],[-79.006503,43.07912199999999],[-79.00692,43.07884699999999],[-79.00626799999999,43.078663999999996],[-79.00588499999999,43.07855699999999],[-79.005512,43.078465],[-79.00455,43.07828399999999],[-79.004288,43.07823199999999],[-79.003625,43.078103000000006],[-79.002924,43.077975999999985],[-79.002911,43.07797399999999],[-79.002408,43.077883],[-79.002208,43.077844999999996],[-79.00082599999999,43.07758099999999],[-79.00012799999999,43.077448],[-79.00000299999999,43.07743500000001],[-78.999894,43.07741499999999],[-78.999199,43.077291],[-78.99896799999999,43.07725],[-78.998736,43.077205],[-78.99804,43.077072],[-78.99780899999999,43.077028000000006],[-78.997557,43.076986000000005],[-78.997085,43.076907],[-78.996803,43.076860999999994],[-78.996769,43.07685600000001],[-78.99655299999999,43.076814000000006],[-78.996286,43.076764],[-78.995486,43.076614000000006],[-78.99522,43.076564],[-78.994942,43.07650999999999],[-78.99411099999999,43.076351],[-78.99383399999999,43.076298],[-78.99371,43.076273],[-78.99333899999999,43.076198999999995],[-78.99321599999999,43.07617499999999],[-78.993164,43.076164],[-78.993009,43.076132],[-78.992958,43.076122],[-78.992823,43.076098999999985],[-78.99273199999999,43.076083],[-78.992171,43.075983999999984],[-78.992057,43.07596199999999],[-78.991833,43.075920999999994],[-78.991734,43.075903],[-78.99143699999999,43.07584999999999],[-78.991338,43.07583299999999],[-78.991194,43.075804],[-78.990923,43.07575],[-78.990779,43.075720999999994],[-78.990763,43.07571799999999],[-78.990619,43.075696],[-78.990616,43.07560599999999],[-78.990619,43.075523],[-78.990619,43.07543],[-78.990617,43.07504499999999],[-78.990617,43.074576],[-78.990616,43.074321999999995],[-78.990616,43.074223999999994],[-78.99061499999999,43.074188],[-78.99061499999999,43.074114],[-78.99061499999999,43.07408299999999],[-78.990616,43.07404899999999],[-78.990616,43.073859999999996],[-78.990617,43.073672],[-78.990616,43.072992],[-78.99061499999999,43.071242],[-78.99061499999999,43.069959999999995],[-78.990613,43.069821000000005],[-78.99060899999999,43.06918099999999],[-78.990603,43.06901200000001],[-78.99060999999999,43.068804],[-78.99060899999999,43.068765],[-78.990915,43.06878499999999],[-78.998538,43.069282],[-78.999664,43.069355],[-78.999768,43.069355999999985],[-78.999873,43.06935599999999],[-79.00173699999999,43.069401],[-79.003602,43.06943899999999],[-79.005516,43.06947599999997],[-79.007431,43.069513],[-79.009664,43.06955799999999],[-79.01632599999999,43.06844499999998],[-79.019228,43.067958],[-79.020755,43.068198999999986],[-79.025336,43.068921999999986],[-79.02686299999999,43.069163999999994],[-79.028654,43.06948299999999],[-79.032771,43.070215999999995],[-79.039765,43.07146199999999],[-79.04004499999999,43.077903],[-79.04002299999999,43.078202999999995],[-79.040033,43.07833999999999],[-79.04003399999999,43.07834599999999],[-79.04004800000001,43.07853499999999],[-79.040123,43.07953500000001],[-79.040149,43.079868],[-79.040196,43.080472999999984],[-79.04025,43.081158999999985],[-79.040319,43.082291999999995],[-79.04034999999999,43.082792000000005],[-79.040367,43.082830999999985],[-79.040379,43.082893999999996],[-79.04042799999999,43.08302899999999],[-79.04043399999999,43.08310099999999],[-79.040403,43.083382999999984],[-79.040402,43.08339],[-79.040343,43.083835],[-79.040331,43.08393499999999],[-79.0403,43.084227999999996],[-79.04030399999999,43.084292999999995],[-79.040323,43.084358],[-79.040651,43.08479199999999],[-79.040891,43.08511],[-79.04096799999999,43.08518699999999],[-79.04116499999999,43.085324],[-79.041195,43.085345],[-79.04130300000001,43.085433],[-79.04146999999999,43.08561999999999],[-79.04164899999999,43.08585600000001],[-79.041795,43.08604799999999],[-79.041927,43.08621899999999],[-79.042326,43.08673399999999],[-79.042459,43.086906],[-79.04258,43.08706199999999],[-79.04294399999999,43.08752999999999],[-79.043066,43.08768699999998],[-79.04308499999999,43.087711999999996],[-79.043144,43.08778699999999],[-79.04316399999999,43.08781299999999],[-79.043286,43.087969999999984],[-79.043652,43.088440000000006],[-79.04377400000001,43.088598000000005],[-79.043551,43.088599],[-79.042885,43.088601999999995],[-79.04266299999999,43.088604],[-79.042401,43.088603],[-79.041617,43.088602999999985],[-79.041356,43.08860299999999],[-79.041092,43.0886],[-79.040685,43.088597],[-79.040301,43.08859399999999],[-79.040038,43.088592],[-79.03981499999999,43.08858899999999],[-79.039491,43.088584999999995],[-79.039147,43.08858000000001],[-79.03892499999999,43.08857700000001],[-79.038923,43.088423999999996],[-79.038918,43.087968],[-79.038917,43.087816000000004],[-79.03891399999999,43.087630999999995],[-79.03891,43.08736399999999],[-79.038905,43.087077],[-79.03890299999999,43.08689299999999],[-79.038901,43.08672499999999],[-79.038898,43.086473000000005],[-79.038895,43.08622199999999],[-79.038893,43.086054999999995],[-79.03889,43.085871],[-79.038887,43.08557]]]},"properties":{"geoid":"360630217005","name":"Block Group 5","pop":917.0,"obs_Mesothelioma":0.0,"exp_Mesothelioma":0.04,"sir_Mesothelioma":0.0,"obs_Lung":5.0,"exp_Lung":2.84,"sir_Lung":1.759,"obs_Bladder":0.0,"exp_Bladder":1.13,"sir_Bladder":0.0,"obs_Esophagus":0.0,"exp_Esophagus":0.21,"sir_Esophagus":0.0,"obs_Oral":0.0,"exp_Oral":0.47,"sir_Oral":0.0,"obs_Brain":0.0,"exp_Brain":0.31,"sir_Brain":0.0,"hlarea_Lung":1,"hlarea_Bladder":1,"hlarea_Esophagus":1,"hlarea_Oral":0,"hlarea_Brain":0,"hlarea_Mesothelioma":0,"merged_area":false,"doh_region":"360630217005"}},{"type":"Feature","geometry":{"type":"Polygon","coordinates":[[[-78.972358,43.07949500000001],[-78.973045,43.07954000000001],[-78.973354,43.079560999999984],[-78.974509,43.07964799999998],[-78.97525499999999,43.07969699999999],[-78.975586,43.079719999999995],[-78.97599199999999,43.07975099999998],[-78.97599199999999,43.07984599999999],[-78.975994,43.079986],[-78.975994,43.080133999999994],[-78.975994,43.080231],[-78.976208,43.08027399999999],[-78.976404,43.080313999999994],[-78.976857,43.080381],[-78.977074,43.080414000000005],[-78.977083,43.080888],[-78.97711,43.082313000000006],[-78.97712,43.08278800000001],[-78.977127,43.08308299999998],[-78.977149,43.08397099999999],[-78.97715699999999,43.084267],[-78.97716,43.084485],[-78.977172,43.085139],[-78.977176,43.08535799999999],[-78.97717999999999,43.085708],[-78.977194,43.08676],[-78.977199,43.08711100000001],[-78.977215,43.087317999999996],[-78.977218,43.08735299999999],[-78.97727300000001,43.087555],[-78.977418,43.087905],[-78.977481,43.08805599999999],[-78.97749,43.08810000000001],[-78.977262,43.08814699999999],[-78.976578,43.08829],[-78.976351,43.088339],[-78.97631299999999,43.08834799999999],[-78.976202,43.088376000000004],[-78.97616599999999,43.08838599999999],[-78.975943,43.088429],[-78.975275,43.088559999999994],[-78.975053,43.088604],[-78.974819,43.088652999999994],[-78.974119,43.088801],[-78.973886,43.08885099999999],[-78.973647,43.08889800000001],[-78.972932,43.089040999999995],[-78.97269399999999,43.089089],[-78.97267900000001,43.088373],[-78.97263699999999,43.08622499999999],[-78.972623,43.085510000000006],[-78.972613,43.08517399999999],[-78.972608,43.08496999999999],[-78.972571,43.083352999999995],[-78.972567,43.083171],[-78.97255899999999,43.082814],[-78.972544,43.082259999999984],[-78.97250199999999,43.080597999999995],[-78.972488,43.08004499999999],[-78.972486,43.07997099999999],[-78.972483,43.07983899999999],[-78.972492,43.079758000000005],[-78.97249599999999,43.07975299999999],[-78.972526,43.079725999999994],[-78.97255799999999,43.079719999999995],[-78.97250799999999,43.079674],[-78.972358,43.07953599999999],[-78.972309,43.07949099999998],[-78.972358,43.07949500000001]]]},"properties":{"geoid":"360630221003","name":"Block Group 3","pop":851.0,"obs_Mesothelioma":0.0,"exp_Mesothelioma":0.07,"sir_Mesothelioma":0.0,"obs_Lung":9.0,"exp_Lung":4.43,"sir_Lung":2.032,"obs_Bladder":2.0,"exp_Bladder":1.74,"sir_Bladder":1.149,"obs_Esophagus":0.0,"exp_Esophagus":0.32,"sir_Esophagus":0.0,"obs_Oral":0.0,"exp_Oral":0.66,"sir_Oral":0.0,"obs_Brain":0.0,"exp_Brain":0.37,"sir_Brain":0.0,"hlarea_Lung":1,"hlarea_Bladder":1,"hlarea_Esophagus":1,"hlarea_Oral":0,"hlarea_Brain":0,"hlarea_Mesothelioma":0,"merged_area":false,"doh_region":"360630221003"}},{"type":"Feature","geometry":{"type":"Polygon","coordinates":[[[-78.906171,43.05933799999998],[-78.906165,43.05941299999999],[-78.90616,43.059468999999986],[-78.906162,43.059718999999994],[-78.906171,43.060469999999995],[-78.90617499999999,43.060720999999994],[-78.906077,43.06340999999999],[-78.90578300000001,43.071479000000004],[-78.905698,43.073825],[-78.905361,43.07375599999999],[-78.90443499999999,43.07345599999999],[-78.901657,43.072556000000006],[-78.90073199999999,43.072255999999996],[-78.89846800000001,43.07138599999998],[-78.891679,43.068776],[-78.890716,43.068405999999996],[-78.88932700000001,43.068311999999985],[-78.88932700000001,43.06827399999999],[-78.88932799999999,43.06813699999999],[-78.889333,43.067827],[-78.889335,43.067648999999996],[-78.889332,43.06761300000001],[-78.88932,43.067439],[-78.88929,43.06348899999998],[-78.889285,43.062579],[-78.889286,43.06246],[-78.889276,43.060658999999994],[-78.88926599999999,43.05814600000001],[-78.88926599999999,43.05800500000001],[-78.88926599999999,43.05758300000001],[-78.88926599999999,43.057443],[-78.88926599999999,43.05734599999998],[-78.88926599999999,43.057055],[-78.88926699999999,43.05695899999999],[-78.88926599999999,43.05678699999999],[-78.889265,43.05627099999999],[-78.889265,43.05609899999999],[-78.889264,43.055941999999995],[-78.889263,43.05547100000001],[-78.889263,43.05531399999999],[-78.889263,43.055198999999995],[-78.889263,43.054856],[-78.889263,43.054849],[-78.889248,43.05474299999999],[-78.889814,43.05442099999999],[-78.890141,43.054243],[-78.891961,43.05325599999999],[-78.892337,43.053034],[-78.89255,43.052870999999996],[-78.89278700000001,43.052693999999995],[-78.892791,43.052692],[-78.89359,43.052057999999995],[-78.893622,43.052032000000004],[-78.893635,43.05201899999999],[-78.893767,43.05190000000001],[-78.893811,43.051860999999995],[-78.894076,43.052057],[-78.894708,43.05252],[-78.895091,43.052794999999996],[-78.89524,43.052903],[-78.896154,43.05358499999999],[-78.896742,43.05399399999999],[-78.89711,43.05423],[-78.897789,43.054618999999995],[-78.8991,43.055337],[-78.89980700000001,43.055724000000005],[-78.900182,43.055934],[-78.900491,43.056098999999996],[-78.901389,43.05658999999999],[-78.901855,43.05684600000001],[-78.903981,43.05799399999999],[-78.90409,43.05805300000001],[-78.904438,43.05824499999999],[-78.90485799999999,43.058446999999994],[-78.90500700000001,43.058508],[-78.90512,43.05855499999999],[-78.905242,43.05859299999999],[-78.90532,43.058617999999996],[-78.905692,43.058713],[-78.905788,43.05873599999999],[-78.905971,43.05877299999999],[-78.906055,43.058791],[-78.906219,43.05881499999998],[-78.906207,43.058944999999994],[-78.906171,43.05933799999998]]]},"properties":{"geoid":"360630229022","name":"Block Group 2","pop":1734.0,"obs_Mesothelioma":0.0,"exp_Mesothelioma":0.12,"sir_Mesothelioma":0.0,"obs_Lung":5.0,"exp_Lung":7.73,"sir_Lung":0.646,"obs_Bladder":0.0,"exp_Bladder":3.03,"sir_Bladder":0.0,"obs_Esophagus":0.0,"exp_Esophagus":0.59,"sir_Esophagus":0.0,"obs_Oral":2.0,"exp_Oral":1.25,"sir_Oral":1.606,"obs_Brain":3.0,"exp_Brain":0.69,"sir_Brain":4.317,"hlarea_Lung":1,"hlarea_Bladder":1,"hlarea_Esophagus":1,"hlarea_Oral":0,"hlarea_Brain":0,"hlarea_Mesothelioma":0,"merged_area":false,"doh_region":"360630229022"}},{"type":"Feature","geometry":{"type":"Polygon","coordinates":[[[-78.893811,43.051860999999995],[-78.893767,43.05190000000001],[-78.893635,43.05201899999999],[-78.893622,43.052032000000004],[-78.89359,43.052057999999995],[-78.892791,43.052692],[-78.89278700000001,43.052693999999995],[-78.89255,43.052870999999996],[-78.892337,43.053034],[-78.891961,43.05325599999999],[-78.890141,43.054243],[-78.889814,43.05442099999999],[-78.889248,43.05474299999999],[-78.889107,43.054508999999996],[-78.888809,43.05401399999999],[-78.888679,43.05381199999999],[-78.888532,43.05358299999999],[-78.888167,43.052991999999996],[-78.88795999999999,43.052654],[-78.88774599999999,43.052303999999985],[-78.887666,43.05217499999999],[-78.887429,43.051788],[-78.88735,43.051659999999984],[-78.88730000000001,43.051576],[-78.887152,43.051324],[-78.887103,43.05124],[-78.887053,43.051157999999994],[-78.886904,43.05091300000001],[-78.886855,43.050831999999986],[-78.88680900000001,43.05075799999998],[-78.88667099999999,43.050535999999994],[-78.88662599999999,43.050461999999996],[-78.886494,43.05024799999999],[-78.886168,43.049719],[-78.886151,43.049693999999995],[-78.886138,43.04967299999999],[-78.885633,43.048857],[-78.885334,43.048379],[-78.88532,43.048356999999996],[-78.88528099999999,43.048294],[-78.885268,43.04827399999999],[-78.885182,43.04813499999999],[-78.884924,43.047717999999996],[-78.884839,43.04758],[-78.88475,43.047436],[-78.884486,43.047007],[-78.88439799999999,43.04686399999999],[-78.88431,43.04672199999999],[-78.884046,43.04629799999999],[-78.88395799999999,43.046157],[-78.88386299999999,43.046006000000006],[-78.883579,43.045555],[-78.883485,43.045405],[-78.883408,43.045454],[-78.883319,43.045494999999995],[-78.883004,43.04560000000001],[-78.88152300000002,43.046098999999984],[-78.88103,43.04626599999998],[-78.88058,43.046411],[-78.879412,43.046791],[-78.87923099999999,43.04685200000001],[-78.878784,43.047005000000006],[-78.878328,43.04716099999998],[-78.87696,43.047632],[-78.876505,43.04778899999999],[-78.876458,43.047686999999996],[-78.87634,43.047428000000004],[-78.876322,43.047382],[-78.876282,43.047277999999984],[-78.876266,43.04723699999999],[-78.876221,43.047114999999984],[-78.876206,43.04707500000001],[-78.87616,43.04695099999999],[-78.876143,43.046905],[-78.876027,43.04657699999999],[-78.875984,43.046452999999985],[-78.87592099999999,43.046290000000006],[-78.875734,43.04580199999999],[-78.875672,43.04563999999999],[-78.87557,43.045367],[-78.875264,43.044551000000006],[-78.875163,43.044278999999996],[-78.876254,43.04405399999999],[-78.87686599999999,43.04391199999999],[-78.877186,43.043848],[-78.879001,43.043478999999984],[-78.87923599999999,43.043409000000004],[-78.879738,43.043234999999996],[-78.881742,43.04259],[-78.881301,43.041881],[-78.883563,43.04112399999999],[-78.884579,43.040772],[-78.884683,43.040679999999995],[-78.884995,43.04040599999999],[-78.88510000000001,43.040314999999985],[-78.885117,43.04034199999999],[-78.885171,43.04042299999999],[-78.885189,43.04045099999998],[-78.885241,43.040426],[-78.885375,43.04036199999999],[-78.885397,43.040350999999994],[-78.88544999999999,43.04032599999999],[-78.885502,43.040290000000006],[-78.88565799999999,43.040186],[-78.885711,43.040152],[-78.885994,43.04006099999999],[-78.886844,43.03979199999999],[-78.88712799999999,43.039701999999984],[-78.887512,43.03957299999999],[-78.888665,43.03918799999999],[-78.88905,43.03906],[-78.88984099999999,43.038802],[-78.891666,43.03820799999999],[-78.892217,43.038031999999994],[-78.893011,43.037779],[-78.89326,43.038756],[-78.89626,43.044155999999994],[-78.90585999999999,43.05155599999999],[-78.905941,43.05283499999999],[-78.906184,43.056672],[-78.906266,43.05795199999999],[-78.906256,43.058123999999985],[-78.906228,43.058642],[-78.906219,43.05881499999998],[-78.906055,43.058791],[-78.905971,43.05877299999999],[-78.905788,43.05873599999999],[-78.905692,43.058713],[-78.90532,43.058617999999996],[-78.905242,43.05859299999999],[-78.90512,43.05855499999999],[-78.90500700000001,43.058508],[-78.90485799999999,43.058446999999994],[-78.904438,43.05824499999999],[-78.90409,43.05805300000001],[-78.903981,43.05799399999999],[-78.901855,43.05684600000001],[-78.901389,43.05658999999999],[-78.900491,43.056098999999996],[-78.900182,43.055934],[-78.89980700000001,43.055724000000005],[-78.8991,43.055337],[-78.897789,43.054618999999995],[-78.89711,43.05423],[-78.896742,43.05399399999999],[-78.896154,43.05358499999999],[-78.89524,43.052903],[-78.895091,43.052794999999996],[-78.894708,43.05252],[-78.894076,43.052057],[-78.893811,43.051860999999995]]]},"properties":{"geoid":"360630229012","name":"Block Group 2","pop":1199.0,"obs_Mesothelioma":1.0,"exp_Mesothelioma":0.06,"sir_Mesothelioma":15.808,"obs_Lung":7.0,"exp_Lung":4.06,"sir_Lung":1.723,"obs_Bladder":9.0,"exp_Bladder":1.62,"sir_Bladder":5.563,"obs_Esophagus":0.0,"exp_Esophagus":0.32,"sir_Esophagus":0.0,"obs_Oral":2.0,"exp_Oral":0.7,"sir_Oral":2.865,"obs_Brain":3.0,"exp_Brain":0.42,"sir_Brain":7.077,"hlarea_Lung":1,"hlarea_Bladder":1,"hlarea_Esophagus":1,"hlarea_Oral":0,"hlarea_Brain":0,"hlarea_Mesothelioma":1,"merged_area":false,"doh_region":"360630229012"}},{"type":"Feature","geometry":{"type":"Polygon","coordinates":[[[-78.96222999999999,43.08994799999999],[-78.96212799999999,43.090056],[-78.961987,43.090213999999996],[-78.961899,43.09039999999999],[-78.961755,43.089856],[-78.96201599999999,43.089779],[-78.96145,43.08934],[-78.960983,43.08906399999999],[-78.96025399999999,43.08873],[-78.95967999999999,43.088531999999994],[-78.959389,43.088446999999995],[-78.95891499999999,43.08829099999999],[-78.95834,43.088011999999985],[-78.95806499999999,43.087821],[-78.958064,43.087807],[-78.958064,43.08776599999999],[-78.958064,43.087753],[-78.958061,43.08757699999998],[-78.958052,43.08705099999999],[-78.95805,43.086876000000004],[-78.958043,43.08651400000001],[-78.958024,43.08542999999998],[-78.958018,43.085069000000004],[-78.958015,43.084845],[-78.958006,43.08417199999998],[-78.958004,43.08394899999999],[-78.958,43.083710999999994],[-78.95799099999999,43.082998999999994],[-78.957989,43.082761999999995],[-78.957984,43.08246599999999],[-78.95796899999999,43.08157899999999],[-78.95796399999999,43.081284],[-78.95795799999999,43.080801],[-78.957943,43.07935099999999],[-78.957938,43.07886899999998],[-78.95786199999999,43.07881],[-78.957769,43.078737],[-78.957663,43.07861599999999],[-78.95765899999999,43.07861],[-78.957612,43.078528],[-78.957595,43.07847699999999],[-78.95756999999999,43.078403],[-78.957579,43.07832299999999],[-78.95758599999999,43.078270999999994],[-78.957779,43.07831099999999],[-78.957888,43.078334],[-78.95830000000001,43.07841],[-78.958364,43.07842],[-78.95855999999999,43.078452],[-78.958938,43.07851199999999],[-78.958996,43.07852199999999],[-78.95944899999999,43.07858099999999],[-78.96007999999999,43.07862799999999],[-78.96046199999999,43.07865699999999],[-78.960223,43.07890799999999],[-78.960149,43.078987],[-78.96007000000002,43.079135],[-78.959914,43.079638],[-78.95985999999999,43.07986599999998],[-78.95984299999999,43.07993899999998],[-78.95980399999999,43.080175],[-78.959808,43.080206999999994],[-78.95984299999999,43.08048699999999],[-78.95994300000001,43.080876999999994],[-78.96001299999999,43.081011999999994],[-78.96025399999999,43.081473999999986],[-78.960537,43.081925000000005],[-78.96121699999999,43.08278800000001],[-78.961433,43.08307599999999],[-78.96193500000001,43.083747],[-78.96231399999999,43.084253999999994],[-78.96247799999999,43.084472999999996],[-78.96262,43.084785000000004],[-78.962668,43.085059999999984],[-78.962648,43.085451000000006],[-78.962484,43.086043],[-78.962443,43.086194],[-78.962386,43.086668],[-78.962379,43.086809999999986],[-78.96239899999999,43.087075],[-78.96247799999999,43.088097999999995],[-78.962499,43.088295],[-78.96254300000001,43.08870099999999],[-78.96258000000002,43.08901499999998],[-78.962634,43.089472],[-78.962606,43.089642],[-78.962507,43.08974099999999],[-78.962364,43.08984699999999],[-78.96222999999999,43.08994799999999]]]},"properties":{"geoid":"360630224012","name":"Block Group 2","pop":632.0,"obs_Mesothelioma":0.0,"exp_Mesothelioma":0.04,"sir_Mesothelioma":0.0,"obs_Lung":6.0,"exp_Lung":2.78,"sir_Lung":2.161,"obs_Bladder":2.0,"exp_Bladder":1.12,"sir_Bladder":1.79,"obs_Esophagus":0.0,"exp_Esophagus":0.22,"sir_Esophagus":0.0,"obs_Oral":1.0,"exp_Oral":0.46,"sir_Oral":2.182,"obs_Brain":0.0,"exp_Brain":0.25,"sir_Brain":0.0,"hlarea_Lung":1,"hlarea_Bladder":1,"hlarea_Esophagus":1,"hlarea_Oral":0,"hlarea_Brain":0,"hlarea_Mesothelioma":0,"merged_area":false,"doh_region":"360630224012"}},{"type":"Feature","geometry":{"type":"Polygon","coordinates":[[[-78.87798,43.028352],[-78.877966,43.02832799999999],[-78.87803,43.02834299999999],[-78.878265,43.028293999999995],[-78.878972,43.02814999999999],[-78.87920799999999,43.02810199999998],[-78.879356,43.02807],[-78.879803,43.027978],[-78.879952,43.027948],[-78.880055,43.02792499999998],[-78.88007,43.02792199999998],[-78.88023199999999,43.027905999999994],[-78.88037299999999,43.027902],[-78.88047999999999,43.027899],[-78.88064899999999,43.02789599999999],[-78.881157,43.027891],[-78.881327,43.02789],[-78.881581,43.02942899999999],[-78.88167899999999,43.029584],[-78.883271,43.03209399999999],[-78.885239,43.033200999999984],[-78.886759,43.034055999999985],[-78.886605,43.034068999999995],[-78.886144,43.034110000000005],[-78.88599099999999,43.03412500000001],[-78.88560100000001,43.034214],[-78.88443099999999,43.034482999999994],[-78.884042,43.034572999999995],[-78.88386700000001,43.034618],[-78.883477,43.03472199999998],[-78.883344,43.03475199999999],[-78.883169,43.034794],[-78.883146,43.034799],[-78.883076,43.03481499999999],[-78.883054,43.034821],[-78.882871,43.03485700000001],[-78.882323,43.034965],[-78.88214099999999,43.03500199999999],[-78.88208499999999,43.035011999999995],[-78.882058,43.035018],[-78.88192,43.03505099999999],[-78.881866,43.03506499999998],[-78.881715,43.03510199999999],[-78.881331,43.035199],[-78.88126199999999,43.03521199999999],[-78.88110999999999,43.035242],[-78.880938,43.035275],[-78.880421,43.035374999999995],[-78.88024999999999,43.035408999999994],[-78.879729,43.035515],[-78.878209,43.035826],[-78.878166,43.03583499999999],[-78.877647,43.035946],[-78.877546,43.03596700000001],[-78.877242,43.036030999999994],[-78.87714199999999,43.036052999999995],[-78.876971,43.03608800000001],[-78.876458,43.036192],[-78.876288,43.036227999999994],[-78.875,43.03648599999999],[-78.874254,43.03664599999999],[-78.87247099999999,43.037003],[-78.872198,43.03705999999999],[-78.871782,43.037147],[-78.87137799999999,43.037225],[-78.871105,43.03727800000001],[-78.87103499999999,43.037108],[-78.870825,43.036597999999984],[-78.870756,43.036429000000005],[-78.87071399999999,43.036324],[-78.870588,43.03600899999999],[-78.870573,43.03597099999998],[-78.870547,43.03590500000001],[-78.870438,43.035633999999995],[-78.870111,43.03482299999999],[-78.870002,43.034553],[-78.86994399999999,43.034409999999994],[-78.86977,43.033981000000004],[-78.86971299999999,43.033837999999996],[-78.869659,43.03365499999999],[-78.86965699999999,43.033652],[-78.869455,43.03319799999999],[-78.869429,43.033119],[-78.869417,43.03308],[-78.869359,43.032939999999996],[-78.869287,43.032765000000005],[-78.86907099999999,43.032243],[-78.86900000000001,43.032069],[-78.86912099999999,43.032043999999985],[-78.86948699999999,43.03197],[-78.869609,43.03194599999999],[-78.869761,43.031913999999986],[-78.87022,43.03182099999999],[-78.870373,43.031789999999994],[-78.87041099999999,43.031780999999995],[-78.870528,43.031757999999996],[-78.870567,43.03174999999998],[-78.870764,43.031709],[-78.87092,43.031676999999995],[-78.871357,43.031589],[-78.871555,43.031549999999996],[-78.872827,43.03129200000001],[-78.873142,43.031222],[-78.874326,43.03098400000001],[-78.874618,43.030923999999985],[-78.875069,43.03083099999999],[-78.875813,43.030676],[-78.87512799999999,43.028935],[-78.875783,43.028802999999996],[-78.87590999999999,43.02877699999999],[-78.87610099999999,43.028738],[-78.87630399999999,43.02869599999998],[-78.87748599999999,43.028453999999996],[-78.877879,43.028372999999995],[-78.877968,43.02835499999999],[-78.87798,43.028352]]]},"properties":{"geoid":"360630231002","name":"Block Group 2","pop":1692.0,"obs_Mesothelioma":2.0,"exp_Mesothelioma":0.07,"sir_Mesothelioma":27.344,"obs_Lung":8.0,"exp_Lung":5.04,"sir_Lung":1.588,"obs_Bladder":1.0,"exp_Bladder":1.96,"sir_Bladder":0.511,"obs_Esophagus":0.0,"exp_Esophagus":0.42,"sir_Esophagus":0.0,"obs_Oral":1.0,"exp_Oral":0.96,"sir_Oral":1.044,"obs_Brain":0.0,"exp_Brain":0.57,"sir_Brain":0.0,"hlarea_Lung":1,"hlarea_Bladder":1,"hlarea_Esophagus":1,"hlarea_Oral":0,"hlarea_Brain":0,"hlarea_Mesothelioma":1,"merged_area":false,"doh_region":"360630231002"}},{"type":"Feature","geometry":{"type":"Polygon","coordinates":[[[-78.69685299999999,43.168127999999996],[-78.69685199999999,43.168155],[-78.696849,43.168684999999996],[-78.696849,43.168862],[-78.69685,43.169503],[-78.696855,43.17000899999999],[-78.696855,43.170127],[-78.696856,43.170480999999995],[-78.696857,43.17059899999999],[-78.696856,43.170715999999985],[-78.69685199999999,43.17106999999999],[-78.69685199999999,43.171188],[-78.696851,43.1713],[-78.696851,43.171637999999994],[-78.696851,43.171751],[-78.69685,43.17187299999999],[-78.696848,43.172238],[-78.696848,43.172361],[-78.69685299999999,43.173059999999985],[-78.696264,43.173231],[-78.695714,43.173353],[-78.695117,43.173441],[-78.694914,43.173469999999995],[-78.694642,43.173494],[-78.693998,43.17350599999999],[-78.69310600000001,43.173505],[-78.69221999999999,43.173503000000004],[-78.69024600000002,43.17349399999999],[-78.690181,43.17349299999999],[-78.690029,43.173491999999996],[-78.68998800000001,43.17349099999999],[-78.68992399999999,43.17349099999999],[-78.68991,43.17349],[-78.68986799999999,43.17348999999998],[-78.689854,43.173489999999994],[-78.689655,43.17348899999999],[-78.689061,43.173487999999985],[-78.688863,43.17348799999999],[-78.688335,43.17349999999999],[-78.688222,43.17350299999999],[-78.68790299999999,43.17352399999999],[-78.687294,43.17358799999999],[-78.686998,43.173627999999994],[-78.686764,43.173671999999996],[-78.686694,43.173686000000004],[-78.68642,43.173749],[-78.686252,43.173797],[-78.686244,43.17347699999999],[-78.686212,43.17270099999999],[-78.686206,43.172609],[-78.686191,43.17233299999999],[-78.68618599999999,43.17224199999999],[-78.686178,43.172094],[-78.686154,43.171651],[-78.68614699999999,43.171504],[-78.68614199999999,43.17137700000001],[-78.686129,43.17099599999998],[-78.68612499999999,43.170868999999996],[-78.686118,43.170732],[-78.68609699999999,43.170323],[-78.68609000000001,43.170187],[-78.68608499999999,43.170097999999996],[-78.686073,43.169831],[-78.686069,43.169743],[-78.68606199999999,43.16959399999999],[-78.686042,43.169149],[-78.686036,43.169000999999994],[-78.686031,43.168918999999995],[-78.686016,43.168673],[-78.686011,43.168591000000006],[-78.686005,43.168487],[-78.68598899999999,43.168176999999986],[-78.68598399999999,43.16807399999998],[-78.685979,43.16796699999999],[-78.685964,43.167647999999986],[-78.68595900000001,43.167542],[-78.685954,43.16746599999999],[-78.685942,43.16723899999999],[-78.685938,43.167163999999985],[-78.685935,43.16712199999999],[-78.685929,43.166999],[-78.68592699999999,43.16695799999999],[-78.685921,43.16682499999999],[-78.685904,43.166429],[-78.68589899999999,43.166297],[-78.685892,43.166123],[-78.68587099999999,43.165603],[-78.685864,43.165429999999986],[-78.68585499999999,43.165244],[-78.685831,43.16468799999999],[-78.685823,43.164502999999996],[-78.686014,43.164508],[-78.68659,43.164522999999996],[-78.686782,43.164528000000004],[-78.68696,43.16453299999999],[-78.687495,43.164548999999994],[-78.687674,43.164554999999986],[-78.68777899999999,43.164771],[-78.687842,43.16491299999999],[-78.688328,43.165999000000006],[-78.68849,43.166360999999995],[-78.68852299999999,43.16643399999999],[-78.68862299999999,43.16665599999999],[-78.68865699999999,43.166729999999994],[-78.688679,43.16677999999998],[-78.68874799999999,43.16693],[-78.688771,43.166979999999995],[-78.688824,43.16709799999999],[-78.688986,43.167452],[-78.68904,43.16757099999998],[-78.689336,43.167574],[-78.690227,43.16758399999999],[-78.690524,43.167587999999995],[-78.690752,43.16759099999998],[-78.691436,43.167603],[-78.691664,43.167607],[-78.692038,43.16761100000001],[-78.69315999999999,43.167626],[-78.693535,43.16763099999999],[-78.695545,43.167652000000004],[-78.69644799999999,43.16766299999998],[-78.696854,43.167654999999996],[-78.697153,43.16765499999999],[-78.696855,43.16787399999999],[-78.696854,43.16797899999999],[-78.69685299999999,43.168127999999996]]]},"properties":{"geoid":"360630237002","name":"Block Group 2","pop":2043.0,"obs_Mesothelioma":0.0,"exp_Mesothelioma":0.0832282241,"sir_Mesothelioma":0.0,"obs_Lung":13.0,"exp_Lung":5.6310497862,"sir_Lung":2.309,"obs_Bladder":3.0,"exp_Bladder":2.2021308153,"sir_Bladder":1.362,"obs_Esophagus":2.0,"exp_Esophagus":0.4695326765,"sir_Esophagus":4.26,"obs_Oral":4.0,"exp_Oral":1.0759197967,"sir_Oral":3.718,"obs_Brain":0.0,"exp_Brain":0.6646985424,"sir_Brain":0.0,"hlarea_Lung":1,"hlarea_Bladder":1,"hlarea_Esophagus":1,"hlarea_Oral":0,"hlarea_Brain":0,"hlarea_Mesothelioma":0,"doh_region":"36063DOH0007","merged_area":true,"merged_bg_count":2}},{"type":"Feature","geometry":{"type":"Polygon","coordinates":[[[-78.70078699999999,43.16475899999999],[-78.700732,43.164803000000006],[-78.700715,43.16479299999998],[-78.700665,43.164766],[-78.700649,43.16475700000001],[-78.70044,43.164758],[-78.69981299999999,43.164761999999996],[-78.69960499999999,43.164764],[-78.69932299999999,43.164759],[-78.69848,43.16474399999999],[-78.698199,43.16473899999999],[-78.69685299999999,43.16473899999998],[-78.696855,43.162611],[-78.696855,43.16260499999999],[-78.696856,43.162456999999996],[-78.696856,43.16244599999999],[-78.69686,43.161711999999994],[-78.696862,43.160467],[-78.696863,43.16024900000001],[-78.696868,43.15959699999999],[-78.696871,43.159379999999985],[-78.696872,43.159178999999995],[-78.696874,43.158578999999996],[-78.696876,43.15837899999998],[-78.69687499999999,43.15825699999999],[-78.696873,43.15789099999999],[-78.696873,43.157769],[-78.696873,43.157650999999994],[-78.696874,43.15729899999999],[-78.69687499999999,43.15718199999999],[-78.696873,43.156741],[-78.69686999999999,43.15542000000001],[-78.69686899999999,43.154979999999995],[-78.69686999999999,43.15483299999999],[-78.696873,43.15439299999999],[-78.69687499999999,43.154246999999984],[-78.69686999999999,43.154014],[-78.696863,43.15355900000001],[-78.696862,43.153318],[-78.696862,43.15308599999999],[-78.696862,43.15270699999999],[-78.69686399999999,43.15156999999999],[-78.696866,43.15119199999999],[-78.698268,43.151171999999995],[-78.700842,43.15113699999999],[-78.701888,43.151121],[-78.70247599999999,43.15111100000001],[-78.702844,43.151106000000006],[-78.70349,43.15109399999999],[-78.703491,43.15118899999999],[-78.70335,43.15118899999999],[-78.70336999999999,43.15179199999999],[-78.703841,43.151812],[-78.70516099999999,43.151771999999994],[-78.70944399999999,43.151792999999984],[-78.709445,43.151139999999984],[-78.709936,43.151143999999995],[-78.711451,43.151159],[-78.711547,43.151156],[-78.711835,43.15114699999999],[-78.71193199999999,43.15114500000001],[-78.71226999999999,43.151146999999995],[-78.713285,43.15115599999999],[-78.713624,43.151159],[-78.713664,43.151159],[-78.713785,43.15115900000001],[-78.713826,43.151159],[-78.713315,43.15173499999998],[-78.711781,43.15346499999999],[-78.711271,43.15404199999999],[-78.71110999999999,43.15422299999999],[-78.71105299999999,43.154289],[-78.710629,43.15477],[-78.710469,43.15495299999999],[-78.708726,43.156883],[-78.70638799999999,43.15947399999998],[-78.705546,43.16040599999999],[-78.704745,43.161296],[-78.703357,43.162533999999994],[-78.70141699999999,43.16426599999999],[-78.70128,43.164373],[-78.701216,43.164421999999995],[-78.700868,43.16469499999999],[-78.70078699999999,43.16475899999999]]]},"properties":{"geoid":"360630239012","name":"Block Group 2","pop":666.0,"obs_Mesothelioma":0.0,"exp_Mesothelioma":0.03,"sir_Mesothelioma":0.0,"obs_Lung":7.0,"exp_Lung":2.33,"sir_Lung":3.005,"obs_Bladder":0.0,"exp_Bladder":0.84,"sir_Bladder":0.0,"obs_Esophagus":0.0,"exp_Esophagus":0.17,"sir_Esophagus":0.0,"obs_Oral":0.0,"exp_Oral":0.37,"sir_Oral":0.0,"obs_Brain":0.0,"exp_Brain":0.23,"sir_Brain":0.0,"hlarea_Lung":1,"hlarea_Bladder":1,"hlarea_Esophagus":1,"hlarea_Oral":0,"hlarea_Brain":0,"hlarea_Mesothelioma":0,"merged_area":false,"doh_region":"360630239012"}},{"type":"Feature","geometry":{"type":"Polygon","coordinates":[[[-79.05368299999999,43.114491999999984],[-79.05392499999999,43.11392699999999],[-79.053985,43.113788],[-79.054174,43.11334899999999],[-79.05445399999999,43.112655000000004],[-79.054644,43.11213199999999],[-79.05469099999999,43.11192299999998],[-79.05469699999999,43.11178799999999],[-79.054664,43.11162699999999],[-79.054655,43.111579000000006],[-79.054503,43.11101099999998],[-79.05445499999999,43.110892],[-79.054413,43.11078799999999],[-79.054405,43.110767],[-79.054358,43.110696000000004],[-79.05426899999999,43.110595999999994],[-79.05420099999999,43.110534],[-79.054119,43.11045899999999],[-79.05398699999999,43.11035199999999],[-79.053829,43.11024799999999],[-79.053671,43.110186000000006],[-79.053496,43.11011699999998],[-79.05333399999999,43.11007599999999],[-79.053236,43.11005999999999],[-79.053117,43.110054],[-79.05210799999999,43.11010099999999],[-79.05210199999999,43.11010199999998],[-79.051581,43.110130999999996],[-79.052122,43.11005499999999],[-79.052171,43.110049],[-79.052402,43.110024999999986],[-79.053731,43.109749],[-79.053916,43.109711],[-79.05426299999999,43.10962500000001],[-79.054377,43.109592],[-79.054378,43.10959699999999],[-79.054422,43.109744],[-79.054553,43.110188],[-79.054634,43.11045499999999],[-79.054658,43.11053199999999],[-79.05472999999999,43.110763],[-79.054755,43.11084099999999],[-79.054785,43.11093799999999],[-79.054811,43.11102699999999],[-79.054977,43.111587],[-79.055033,43.11177399999999],[-79.055161,43.112182],[-79.055331,43.11272599999998],[-79.05552,43.11341699999999],[-79.055521,43.11341999999999],[-79.055645,43.11382700000001],[-79.055668,43.113903],[-79.055737,43.11413199999999],[-79.05576099999999,43.11420899999999],[-79.055782,43.11428199999999],[-79.055848,43.11450099999999],[-79.05587,43.11457399999999],[-79.05590600000001,43.11470699999999],[-79.055921,43.11476199999999],[-79.055965,43.115117999999995],[-79.055982,43.11525599999999],[-79.055998,43.11539],[-79.056046,43.115793999999994],[-79.056062,43.115929],[-79.056067,43.11597099999998],[-79.056082,43.116097999999994],[-79.05608699999999,43.116141],[-79.056112,43.116349],[-79.05614,43.116575],[-79.056191,43.116974],[-79.056218,43.11718299999999],[-79.05624399999999,43.11737599999999],[-79.05627,43.117568],[-79.056286,43.11772399999999],[-79.05631,43.11795899999999],[-79.05633,43.118154],[-79.056394,43.118672999999994],[-79.056586,43.12023299999999],[-79.05659600000001,43.120314],[-79.05664399999999,43.12075399999999],[-79.05664999999999,43.121063],[-79.056631,43.121144999999984],[-79.05662,43.12119399999999],[-79.05658199999999,43.121280999999996],[-79.056388,43.12154100000001],[-79.05611700000001,43.121857],[-79.05592899999999,43.12208599999998],[-79.05568,43.122391],[-79.055503,43.12238800000001],[-79.05497299999999,43.12238000000001],[-79.054797,43.122378000000005],[-79.054486,43.122374],[-79.053553,43.12236499999999],[-79.053243,43.12236199999999],[-79.053114,43.12236099999999],[-79.052728,43.122358999999996],[-79.0526,43.12235899999999],[-79.05237199999999,43.12235799999999],[-79.051689,43.122357],[-79.051462,43.122357],[-79.05123499999999,43.122353999999994],[-79.050555,43.12234700000001],[-79.05032899999999,43.122345],[-79.050105,43.12234300000001],[-79.04943399999999,43.122337],[-79.049211,43.12233599999998],[-79.04896699999999,43.12233299999999],[-79.048236,43.122325],[-79.04799299999999,43.122323],[-79.047803,43.122316000000005],[-79.047494,43.122307],[-79.047401,43.12228799999999],[-79.047244,43.12223399999999],[-79.047225,43.122228],[-79.047073,43.12215399999998],[-79.047378,43.121841],[-79.048067,43.121136],[-79.04829699999999,43.120908],[-79.048608,43.120600999999986],[-79.048793,43.120418],[-79.049381,43.119816],[-79.05018400000002,43.118997],[-79.050883,43.118303000000004],[-79.051703,43.11746599999999],[-79.051948,43.11721599999999],[-79.052059,43.117079999999994],[-79.05241699999999,43.116628999999996],[-79.05258099999999,43.116420999999995],[-79.052622,43.116370999999994],[-79.052908,43.115956],[-79.053022,43.115763],[-79.053158,43.11553599999999],[-79.053275,43.11533299999999],[-79.05331699999999,43.11526199999999],[-79.053581,43.11472899999999],[-79.05359,43.11470599999999],[-79.05368299999999,43.114491999999984]]]},"properties":{"geoid":"360630201003","name":"Block Group 3","pop":1132.0,"obs_Mesothelioma":0.0,"exp_Mesothelioma":0.06,"sir_Mesothelioma":0.0,"obs_Lung":7.0,"exp_Lung":3.97,"sir_Lung":1.765,"obs_Bladder":0.0,"exp_Bladder":1.63,"sir_Bladder":0.0,"obs_Esophagus":1.0,"exp_Esophagus":0.31,"sir_Esophagus":3.201,"obs_Oral":0.0,"exp_Oral":0.68,"sir_Oral":0.0,"obs_Brain":1.0,"exp_Brain":0.4,"sir_Brain":2.481,"hlarea_Lung":1,"hlarea_Bladder":0,"hlarea_Esophagus":1,"hlarea_Oral":0,"hlarea_Brain":0,"hlarea_Mesothelioma":0,"merged_area":false,"doh_region":"360630201003"}},{"type":"Feature","geometry":{"type":"Polygon","coordinates":[[[-79.05462899999999,43.123521],[-79.054228,43.123924999999986],[-79.05404899999999,43.12409199999998],[-79.053331,43.124663],[-79.053203,43.12465999999999],[-79.052668,43.124649999999995],[-79.052621,43.124649999999995],[-79.05158999999999,43.124655],[-79.05087499999999,43.12464899999999],[-79.050293,43.124645],[-79.05028899999999,43.124835999999995],[-79.050279,43.12541100000001],[-79.050277,43.12560299999999],[-79.050052,43.1256],[-79.04972,43.125598000000004],[-79.049379,43.12559400000001],[-79.049155,43.125592999999995],[-79.04891099999999,43.12558999999999],[-79.04817899999999,43.125581],[-79.047935,43.125579],[-79.046584,43.125556],[-79.045548,43.125555999999996],[-79.045487,43.125544999999995],[-79.045469,43.125533999999995],[-79.045458,43.12550099999999],[-79.045504,43.125003],[-79.04561,43.124605],[-79.045664,43.124431],[-79.045752,43.12420499999999],[-79.04599499999999,43.12372299999999],[-79.046162,43.12345899999999],[-79.046323,43.123463],[-79.046523,43.123464],[-79.047606,43.123472],[-79.047968,43.123475],[-79.047972,43.123243999999985],[-79.04798799999999,43.122553],[-79.04799299999999,43.122323],[-79.048236,43.122325],[-79.04896699999999,43.12233299999999],[-79.049211,43.12233599999998],[-79.04943399999999,43.122337],[-79.050105,43.12234300000001],[-79.05032899999999,43.122345],[-79.050555,43.12234700000001],[-79.05123499999999,43.122353999999994],[-79.051462,43.122357],[-79.051689,43.122357],[-79.05237199999999,43.12235799999999],[-79.0526,43.12235899999999],[-79.052728,43.122358999999996],[-79.053114,43.12236099999999],[-79.053243,43.12236199999999],[-79.053553,43.12236499999999],[-79.054486,43.122374],[-79.054797,43.122378000000005],[-79.05497299999999,43.12238000000001],[-79.055503,43.12238800000001],[-79.05568,43.122391],[-79.055534,43.122567000000004],[-79.05551799999999,43.12258399999999],[-79.05528699999999,43.122861],[-79.055002,43.123135999999995],[-79.054822,43.123311999999984],[-79.054819,43.123349999999995],[-79.054812,43.12346499999999],[-79.05481,43.12350399999999],[-79.05462899999999,43.123521]]]},"properties":{"geoid":"360630201002","name":"Block Group 2","pop":611.0,"obs_Mesothelioma":0.0,"exp_Mesothelioma":0.03,"sir_Mesothelioma":0.0,"obs_Lung":3.0,"exp_Lung":2.17,"sir_Lung":1.38,"obs_Bladder":2.0,"exp_Bladder":0.83,"sir_Bladder":2.42,"obs_Esophagus":1.0,"exp_Esophagus":0.17,"sir_Esophagus":5.871,"obs_Oral":2.0,"exp_Oral":0.37,"sir_Oral":5.386,"obs_Brain":0.0,"exp_Brain":0.22,"sir_Brain":0.0,"hlarea_Lung":0,"hlarea_Bladder":0,"hlarea_Esophagus":1,"hlarea_Oral":0,"hlarea_Brain":0,"hlarea_Mesothelioma":0,"merged_area":false,"doh_region":"360630201002"}},{"type":"Feature","geometry":{"type":"Polygon","coordinates":[[[-78.676349,43.16415099999999],[-78.675388,43.16410599999999],[-78.675192,43.164095999999994],[-78.674982,43.164086],[-78.67477699999999,43.16407699999999],[-78.673372,43.16401399999999],[-78.671151,43.16391099999999],[-78.67088199999999,43.163899],[-78.669516,43.163838999999996],[-78.668655,43.16379699999999],[-78.667037,43.16372],[-78.66607499999999,43.163671],[-78.665215,43.163627999999996],[-78.665169,43.163625],[-78.665033,43.163618],[-78.664988,43.16361599999998],[-78.664861,43.16360999999999],[-78.66484899999999,43.163608999999994],[-78.664432,43.163588],[-78.664294,43.163582],[-78.664205,43.16357699999999],[-78.663938,43.16356399999999],[-78.66385,43.16355999999999],[-78.66367,43.16355],[-78.66313000000001,43.16352299999999],[-78.663049,43.163518999999994],[-78.66295099999999,43.16351399999999],[-78.66295699999999,43.16271599999999],[-78.66297399999999,43.160322],[-78.662981,43.159524999999995],[-78.663032,43.15944899999999],[-78.663056,43.15938299999999],[-78.663072,43.15902],[-78.663071,43.158978999999995],[-78.663071,43.15863799999999],[-78.663071,43.158302],[-78.663078,43.157807999999996],[-78.66305899999999,43.157633],[-78.66305299999999,43.157281999999995],[-78.663045,43.15671699999999],[-78.663045,43.15670300000001],[-78.663045,43.156662999999995],[-78.663045,43.156650000000006],[-78.663045,43.156638],[-78.663045,43.15660299999998],[-78.663045,43.156591999999996],[-78.663051,43.155874999999995],[-78.663068,43.15372599999999],[-78.66307499999999,43.15300999999999],[-78.664287,43.153065000000005],[-78.66496099999999,43.15308099999999],[-78.665539,43.15311899999999],[-78.66587,43.153140999999984],[-78.66757799999999,43.153217999999995],[-78.667631,43.15322],[-78.66779199999999,43.153226999999994],[-78.667846,43.15322999999999],[-78.66919299999999,43.153296],[-78.669225,43.153298],[-78.669978,43.15332899999999],[-78.672178,43.153427],[-78.673211,43.153469],[-78.673237,43.15347],[-78.674585,43.15353799999999],[-78.674627,43.153538999999995],[-78.674754,43.153544999999994],[-78.674797,43.153546999999996],[-78.67533499999999,43.15356699999998],[-78.675465,43.15357399999999],[-78.6764,43.153625000000005],[-78.677472,43.153673999999995],[-78.678141,43.15370499999999],[-78.678179,43.15370699999999],[-78.678293,43.153712999999996],[-78.678332,43.153715],[-78.67869499999999,43.15372899999999],[-78.67978699999999,43.153773999999984],[-78.680151,43.15379],[-78.680176,43.154354999999995],[-78.68021,43.155103],[-78.680257,43.15605],[-78.680266,43.156223],[-78.68028,43.156616],[-78.68028600000001,43.156780999999995],[-78.680307,43.15727599999999],[-78.680315,43.15744199999999],[-78.68032,43.157581],[-78.680337,43.157997999999985],[-78.680343,43.15813800000001],[-78.68034999999999,43.158276],[-78.680371,43.158691999999995],[-78.68037799999999,43.15883099999999],[-78.68041,43.159521],[-78.68043899999999,43.160152999999994],[-78.68043899999999,43.160157],[-78.68043899999999,43.16019299999999],[-78.680442,43.160223999999985],[-78.68047299999999,43.160873],[-78.680498,43.161386],[-78.680508,43.161603],[-78.680515,43.161772000000006],[-78.680539,43.16228199999998],[-78.68054699999999,43.162451999999995],[-78.680555,43.162629],[-78.680579,43.16316],[-78.680587,43.163337],[-78.680593,43.163536],[-78.68061399999999,43.16413399999999],[-78.680622,43.164334],[-78.680373,43.164322999999996],[-78.679628,43.164292999999994],[-78.67938,43.164283],[-78.679084,43.16427099999999],[-78.67819899999999,43.16423499999999],[-78.677904,43.16422399999999],[-78.67759199999999,43.16420899999999],[-78.676971,43.164181],[-78.676659,43.16416499999999],[-78.676349,43.16415099999999]]]},"properties":{"geoid":"360630239023","name":"Block Group 3","pop":2342.0,"obs_Mesothelioma":0.0,"exp_Mesothelioma":0.19,"sir_Mesothelioma":0.0,"obs_Lung":13.0,"exp_Lung":12.79,"sir_Lung":1.017,"obs_Bladder":8.0,"exp_Bladder":5.09,"sir_Bladder":1.571,"obs_Esophagus":1.0,"exp_Esophagus":0.95,"sir_Esophagus":1.05,"obs_Oral":2.0,"exp_Oral":1.94,"sir_Oral":1.033,"obs_Brain":6.0,"exp_Brain":1.05,"sir_Brain":5.7,"hlarea_Lung":1,"hlarea_Bladder":1,"hlarea_Esophagus":1,"hlarea_Oral":0,"hlarea_Brain":0,"hlarea_Mesothelioma":0,"merged_area":false,"doh_region":"360630239023"}},{"type":"Feature","geometry":{"type":"Polygon","coordinates":[[[-78.818891,43.177735999999996],[-78.818911,43.17539699999998],[-78.818899,43.175009],[-78.818895,43.17486099999999],[-78.818921,43.173320999999994],[-78.81891,43.172742],[-78.818907,43.17190799999999],[-78.818882,43.171202],[-78.818872,43.16964099999999],[-78.81885,43.16843300000001],[-78.818846,43.167391999999985],[-78.818844,43.16682999999998],[-78.818843,43.16631099999999],[-78.81888,43.164103999999995],[-78.81947,43.164175],[-78.820021,43.164208],[-78.822803,43.16426999999998],[-78.82328299999999,43.16427899999999],[-78.82963699999999,43.16440299999999],[-78.830111,43.16439599999999],[-78.830736,43.16438099999999],[-78.831082,43.16438099999999],[-78.83302599999999,43.164345999999995],[-78.83358299999999,43.164348999999994],[-78.834716,43.164304],[-78.83650399999999,43.16417699999999],[-78.83717,43.164131],[-78.838888,43.163998],[-78.839905,43.163931999999996],[-78.840192,43.16392199999999],[-78.84090499999999,43.163919],[-78.841216,43.163942],[-78.84214899999999,43.16401099999998],[-78.842218,43.164016999999994],[-78.84246,43.16403799999999],[-78.842578,43.16403599999999],[-78.843414,43.164083],[-78.844534,43.164156000000006],[-78.845108,43.164208],[-78.84560499999999,43.164252999999995],[-78.846667,43.164421],[-78.84725499999999,43.16453699999999],[-78.849009,43.164916999999996],[-78.849741,43.165033],[-78.85046000000001,43.165109],[-78.851193,43.165167],[-78.852927,43.165354],[-78.85298,43.165358],[-78.853629,43.165416],[-78.855068,43.165503000000015],[-78.85562999999999,43.165515000000006],[-78.85581599999999,43.165518999999996],[-78.855961,43.16551799999999],[-78.856955,43.165512],[-78.857287,43.16550999999999],[-78.85927199999999,43.165502999999994],[-78.860008,43.165497],[-78.863081,43.165471999999994],[-78.86345600000001,43.16546899999999],[-78.86373499999999,43.16546700000001],[-78.864854,43.165459999999996],[-78.865214,43.16547299999999],[-78.865541,43.165485],[-78.865991,43.16553299999999],[-78.866387,43.16559499999999],[-78.86692099999999,43.165721999999995],[-78.86745599999999,43.165887000000005],[-78.86798399999999,43.16608399999999],[-78.868079,43.16613099999999],[-78.868505,43.16634099999998],[-78.868933,43.166594999999994],[-78.86901399999999,43.16664600000001],[-78.86947599999999,43.167007999999996],[-78.87015199999999,43.167616],[-78.87027499999999,43.167714999999994],[-78.87044399999999,43.16785600000001],[-78.87075,43.16807599999999],[-78.870768,43.168087],[-78.871025,43.168243],[-78.871133,43.16829899999999],[-78.87162599999999,43.16851599999999],[-78.871898,43.168617],[-78.872481,43.168782],[-78.872556,43.168804],[-78.873081,43.16893599999999],[-78.874369,43.169244],[-78.874693,43.169303000000006],[-78.87495799999999,43.169341],[-78.87501499999999,43.16934399999999],[-78.875309,43.169363],[-78.876037,43.16938],[-78.876849,43.16937899999999],[-78.878252,43.16938899999999],[-78.87932099999999,43.169377],[-78.88095,43.16935599999999],[-78.881054,43.169355],[-78.8816,43.169335999999994],[-78.881759,43.169311],[-78.882358,43.169152],[-78.882885,43.169002],[-78.883338,43.16886999999999],[-78.884698,43.16847699999998],[-78.88497799999999,43.168397],[-78.88515199999999,43.168347],[-78.885156,43.16854999999999],[-78.885169,43.169160999999995],[-78.88517399999999,43.16936499999999],[-78.88519699999999,43.170721],[-78.88524900000002,43.173634],[-78.885272,43.17478899999999],[-78.885299,43.176146],[-78.885344,43.178312],[-78.885344,43.178398],[-78.885387,43.182458000000004],[-78.885402,43.18292],[-78.885429,43.185157000000004],[-78.885458,43.18740999999999],[-78.885465,43.188112999999994],[-78.885486,43.190221999999984],[-78.885493,43.19092500000001],[-78.88551799999999,43.19308399999999],[-78.885594,43.19956399999999],[-78.88560000000001,43.20003799999999],[-78.885612,43.20172499999999],[-78.885588,43.20396699999999],[-78.88552,43.21069499999999],[-78.885497,43.212938],[-78.88548899999999,43.214421],[-78.885469,43.21887100000001],[-78.88546199999999,43.22035499999999],[-78.884439,43.22035799999998],[-78.881372,43.220367],[-78.88034999999999,43.220370999999986],[-78.876569,43.220372000000005],[-78.86522699999999,43.220375999999995],[-78.861447,43.22037799999999],[-78.859948,43.220389000000004],[-78.855451,43.220423],[-78.85395299999999,43.220434999999995],[-78.851293,43.220456000000006],[-78.84331399999999,43.220518000000006],[-78.840655,43.22053999999999],[-78.83799,43.220538],[-78.82999699999999,43.22053299999999],[-78.827333,43.220532],[-78.827007,43.220530999999994],[-78.826031,43.22052799999999],[-78.825706,43.22052799999999],[-78.825711,43.21893600000001],[-78.825726,43.21415999999999],[-78.825732,43.21256899999999],[-78.825729,43.211348],[-78.825738,43.210525],[-78.82574199999999,43.210241999999994],[-78.825739,43.20920900000001],[-78.825752,43.20850299999999],[-78.82574799999999,43.208059],[-78.825752,43.204395],[-78.825754,43.20321099999999],[-78.825644,43.202358999999994],[-78.825521,43.20150699999999],[-78.82547799999999,43.20120799999999],[-78.825096,43.198985],[-78.825092,43.19896099999999],[-78.824951,43.19811299999999],[-78.824822,43.19736799999999],[-78.82473,43.196837],[-78.824596,43.196122999999986],[-78.82441399999999,43.195243],[-78.82438499999999,43.195145999999994],[-78.824255,43.194701],[-78.82416300000001,43.194424999999995],[-78.823082,43.19111899999999],[-78.82263499999999,43.189748999999985],[-78.82191399999999,43.187502999999985],[-78.82100000000001,43.18387100000001],[-78.820573,43.182033999999994],[-78.82032699999999,43.181062000000004],[-78.81987699999999,43.179279],[-78.819503,43.17768399999999],[-78.81938,43.17769499999999],[-78.819243,43.177709],[-78.819013,43.17772599999999],[-78.818891,43.177735999999996]]]},"properties":{"geoid":"360630243031","name":"Block Group 1","pop":1438.0,"obs_Mesothelioma":0.0,"exp_Mesothelioma":0.09,"sir_Mesothelioma":0.0,"obs_Lung":6.0,"exp_Lung":5.81,"sir_Lung":1.032,"obs_Bladder":1.0,"exp_Bladder":2.27,"sir_Bladder":0.441,"obs_Esophagus":0.0,"exp_Esophagus":0.48,"sir_Esophagus":0.0,"obs_Oral":4.0,"exp_Oral":1.05,"sir_Oral":3.812,"obs_Brain":0.0,"exp_Brain":0.57,"sir_Brain":0.0,"hlarea_Lung":0,"hlarea_Bladder":0,"hlarea_Esophagus":1,"hlarea_Oral":0,"hlarea_Brain":0,"hlarea_Mesothelioma":0,"merged_area":false,"doh_region":"360630243031"}},{"type":"Feature","geometry":{"type":"Polygon","coordinates":[[[-78.846571,43.24425],[-78.846479,43.243608],[-78.846374,43.24295699999999],[-78.84628599999999,43.242404999999984],[-78.846238,43.24221699999999],[-78.84548,43.240430999999994],[-78.84510499999999,43.239582],[-78.844831,43.23896],[-78.843304,43.235397000000006],[-78.842878,43.234389],[-78.842306,43.23299899999999],[-78.841734,43.23166599999998],[-78.841413,43.230917000000005],[-78.84096199999999,43.229901999999996],[-78.840876,43.22964499999999],[-78.840847,43.229495],[-78.840831,43.229268999999995],[-78.840828,43.228977],[-78.840848,43.22728299999999],[-78.84088,43.224586999999985],[-78.840896,43.223879000000004],[-78.84091,43.22222899999999],[-78.840909,43.222204000000005],[-78.84089,43.221602999999995],[-78.840864,43.22133999999999],[-78.840809,43.221078000000006],[-78.840655,43.22053999999999],[-78.84331399999999,43.220518000000006],[-78.851293,43.220456000000006],[-78.85395299999999,43.220434999999995],[-78.855451,43.220423],[-78.859948,43.220389000000004],[-78.861447,43.22037799999999],[-78.86522699999999,43.220375999999995],[-78.876569,43.220372000000005],[-78.88034999999999,43.220370999999986],[-78.881372,43.220367],[-78.884439,43.22035799999998],[-78.88546199999999,43.22035499999999],[-78.888622,43.220335],[-78.898102,43.220275],[-78.901262,43.22025499999999],[-78.90118900000002,43.223354],[-78.900998,43.231582999999986],[-78.900992,43.232655],[-78.90097600000001,43.23575599999999],[-78.900993,43.23675499999998],[-78.901045,43.239754999999995],[-78.901063,43.240755],[-78.901068,43.24102099999999],[-78.901083,43.241819],[-78.901088,43.24208599999999],[-78.90105,43.246069000000006],[-78.900958,43.25592599999999],[-78.900938,43.25801800000001],[-78.90090099999999,43.26200199999999],[-78.900922,43.262189],[-78.90098499999999,43.26275],[-78.90100699999999,43.262938],[-78.901014,43.26301799999998],[-78.901035,43.26325899999999],[-78.90104199999999,43.26333999999999],[-78.901026,43.26368399999999],[-78.900981,43.264714999999995],[-78.900966,43.26506],[-78.900942,43.268674000000004],[-78.90087199999999,43.27951699999999],[-78.90084999999999,43.28313199999999],[-78.900843,43.286287],[-78.900821,43.29575199999999],[-78.900815,43.29890699999999],[-78.90081599999999,43.29915200000001],[-78.90082199999999,43.299887],[-78.900825,43.300132999999995],[-78.900812,43.300857],[-78.900775,43.30303000000001],[-78.900763,43.303754999999995],[-78.890887,43.30642599999999],[-78.88006299999999,43.30935499999999],[-78.871662,43.31165499999998],[-78.86123599999999,43.31434799999999],[-78.851331,43.316907],[-78.848197,43.31771599999998],[-78.838794,43.32014499999999],[-78.835661,43.32095499999999],[-78.83573000000001,43.32038399999999],[-78.835939,43.318672],[-78.835998,43.318194000000005],[-78.83601,43.31810199999999],[-78.83604,43.317872],[-78.83613,43.31718399999999],[-78.83616099999999,43.31695499999999],[-78.836387,43.31646999999999],[-78.83654,43.316354999999994],[-78.836911,43.315973],[-78.83746699999999,43.315658000000006],[-78.838006,43.315354000000006],[-78.840273,43.31507],[-78.84290399999999,43.314144999999996],[-78.843295,43.31400899999999],[-78.843355,43.31305599999998],[-78.843526,43.31255499999998],[-78.843516,43.31237999999999],[-78.843464,43.31211599999999],[-78.843419,43.312025999999996],[-78.84329,43.311935999999996],[-78.843141,43.311881],[-78.84304,43.311867],[-78.842929,43.31187699999999],[-78.842496,43.312066],[-78.840526,43.312861000000005],[-78.84031399999999,43.312940999999995],[-78.840075,43.313006999999985],[-78.83998799999999,43.31300999999999],[-78.839851,43.312977],[-78.839508,43.31236099999999],[-78.83879499999999,43.31209599999998],[-78.83896,43.31210399999999],[-78.839005,43.31207599999999],[-78.839045,43.312011],[-78.839094,43.311989999999994],[-78.83919499999999,43.31198200000001],[-78.839264,43.31199000000001],[-78.839872,43.31214],[-78.840125,43.311823999999994],[-78.84021299999999,43.31171399999999],[-78.84027499999999,43.31157499999999],[-78.840282,43.311505999999994],[-78.840254,43.311443],[-78.840178,43.311387999999994],[-78.840074,43.311367],[-78.839137,43.311422],[-78.838978,43.31140899999999],[-78.83884599999999,43.311346],[-78.838763,43.311249],[-78.838714,43.311145],[-78.8387,43.31104800000001],[-78.838763,43.31090899999999],[-78.83886,43.31080499999999],[-78.838985,43.310694],[-78.839162,43.310424],[-78.839266,43.31009799999999],[-78.839266,43.309897],[-78.839176,43.309661999999996],[-78.839072,43.30953699999999],[-78.838974,43.309474],[-78.838863,43.309453999999995],[-78.838537,43.309481],[-78.83837799999999,43.30948099999999],[-78.83825999999999,43.309453999999995],[-78.83814199999999,43.309377000000005],[-78.838017,43.309232],[-78.837257,43.308511],[-78.83711199999999,43.308428],[-78.83702799999999,43.308414],[-78.836917,43.30842099999999],[-78.836753,43.308453],[-78.836529,43.308511],[-78.836314,43.30862199999999],[-78.83614,43.308766999999996],[-78.83598099999999,43.309045],[-78.835925,43.30918299999999],[-78.83582799999999,43.309245999999995],[-78.835773,43.309253],[-78.835662,43.309231999999994],[-78.835544,43.309189999999994],[-78.8351,43.308843999999986],[-78.834982,43.308780999999996],[-78.834611,43.308704999999996],[-78.834361,43.308684],[-78.834049,43.30869799999999],[-78.83366,43.30862899999999],[-78.833392,43.308541],[-78.833489,43.30843999999999],[-78.83391,43.308039],[-78.83392599999999,43.308026],[-78.83411699999999,43.30788199999999],[-78.834372,43.307717],[-78.83472499999999,43.30753],[-78.835047,43.30739299999999],[-78.835579,43.307210999999995],[-78.835932,43.307095000000004],[-78.836315,43.30697099999999],[-78.83664300000001,43.30688399999999],[-78.836585,43.306763000000004],[-78.83654,43.30672399999999],[-78.83644,43.306688],[-78.83629599999999,43.30666799999999],[-78.83599699999999,43.306653999999995],[-78.835737,43.306643],[-78.834773,43.30662399999999],[-78.83397,43.306592999999985],[-78.833766,43.306589999999986],[-78.83326199999999,43.306584999999984],[-78.833023,43.306571],[-78.832866,43.30656099999999],[-78.832681,43.306551],[-78.832495,43.306521],[-78.83240599999999,43.30648799999999],[-78.83232199999999,43.306456999999995],[-78.83226599999999,43.306421],[-78.83232799999999,43.306365],[-78.832514,43.30619699999998],[-78.832576,43.30614099999998],[-78.833019,43.30574099999999],[-78.835279,43.303747],[-78.835866,43.30321699999998],[-78.837003,43.302193],[-78.837755,43.301533],[-78.83802500000002,43.30133399999998],[-78.83837799999999,43.301106],[-78.838785,43.300886999999996],[-78.839094,43.300757999999995],[-78.839387,43.30064999999999],[-78.839682,43.300556],[-78.839953,43.30047599999998],[-78.843915,43.299366000000006],[-78.84460899999999,43.29914000000001],[-78.84512,43.298953],[-78.84658499999999,43.298359999999995],[-78.847332,43.29804099999999],[-78.847737,43.29787299999998],[-78.85104199999999,43.296513],[-78.85162900000002,43.296243000000004],[-78.85179099999999,43.29615899999998],[-78.85172399999999,43.295784],[-78.85159399999999,43.294061],[-78.851479,43.291555],[-78.851456,43.29129899999999],[-78.851399,43.29064999999999],[-78.85132999999999,43.290138999999996],[-78.851067,43.28867799999999],[-78.850841,43.287239],[-78.85042899999999,43.285190999999976],[-78.850022,43.28340299999999],[-78.84997299999999,43.28314099999999],[-78.84984,43.28241899999999],[-78.84974,43.281569999999995],[-78.849733,43.28124999999999],[-78.84977099999999,43.280395],[-78.849791,43.280114999999995],[-78.84979899999999,43.280029],[-78.849857,43.27938599999999],[-78.849885,43.27907999999999],[-78.849961,43.277924000000006],[-78.85006299999999,43.276354999999995],[-78.850129,43.27534499999999],[-78.850162,43.27483199999999],[-78.850231,43.27377299999999],[-78.85025999999999,43.273295999999995],[-78.850292,43.272783999999994],[-78.850394,43.27106999999999],[-78.85059199999999,43.267779999999995],[-78.85061,43.267252],[-78.850686,43.265927999999995],[-78.850786,43.264215],[-78.850231,43.26423],[-78.85011800000001,43.26423399999999],[-78.84856599999999,43.26424499999999],[-78.848011,43.26424999999999],[-78.84798599999999,43.261697999999996],[-78.847988,43.259818],[-78.84798900000001,43.259772999999996],[-78.84796899999999,43.258396],[-78.847944,43.25541099999999],[-78.847922,43.25353099999999],[-78.84788499999999,43.253080999999995],[-78.84719799999999,43.248324],[-78.84693399999999,43.24659299999999],[-78.846716,43.245155],[-78.846571,43.24425]]]},"properties":{"geoid":"360630243023","name":"Block Group 3","pop":2245.0,"obs_Mesothelioma":0.0,"exp_Mesothelioma":0.14,"sir_Mesothelioma":0.0,"obs_Lung":12.0,"exp_Lung":8.61,"sir_Lung":1.394,"obs_Bladder":5.0,"exp_Bladder":3.49,"sir_Bladder":1.435,"obs_Esophagus":2.0,"exp_Esophagus":0.7,"sir_Esophagus":2.858,"obs_Oral":1.0,"exp_Oral":1.51,"sir_Oral":0.661,"obs_Brain":0.0,"exp_Brain":0.85,"sir_Brain":0.0,"hlarea_Lung":0,"hlarea_Bladder":0,"hlarea_Esophagus":1,"hlarea_Oral":0,"hlarea_Brain":0,"hlarea_Mesothelioma":0,"merged_area":false,"doh_region":"360630243023"}},{"type":"Feature","geometry":{"type":"Polygon","coordinates":[[[-78.673411,43.18062300000001],[-78.672809,43.18084799999999],[-78.672223,43.181048],[-78.671105,43.18139199999999],[-78.669207,43.18189699999999],[-78.66807,43.182188999999994],[-78.666352,43.18264599999999],[-78.665627,43.182834],[-78.66344,43.183403],[-78.662653,43.183608],[-78.66255900000002,43.18363300000001],[-78.662543,43.18286],[-78.66249599999999,43.180544999999995],[-78.662481,43.179773000000004],[-78.662644,43.179707],[-78.662796,43.179646999999996],[-78.663359,43.179427999999994],[-78.66374499999999,43.179277000000006],[-78.664062,43.17915399999999],[-78.66476999999999,43.178870999999994],[-78.665773,43.178470999999995],[-78.66689699999999,43.178025999999996],[-78.66760699999999,43.177746],[-78.66771,43.177704999999996],[-78.66802,43.177583],[-78.66812399999999,43.177543],[-78.66827099999999,43.17748499999998],[-78.668712,43.17731099999998],[-78.668859,43.17725300000001],[-78.66899,43.17719999999999],[-78.66938499999999,43.17704299999998],[-78.669517,43.176990999999994],[-78.669598,43.17695799999999],[-78.66984099999999,43.17686099999999],[-78.669923,43.176829],[-78.670025,43.176787999999995],[-78.671072,43.176373],[-78.672336,43.175885],[-78.673478,43.175443999999985],[-78.67373099999999,43.17534399999999],[-78.674229,43.17514899999998],[-78.674494,43.17504799999999],[-78.67474899999999,43.174952],[-78.67485599999999,43.174913],[-78.674897,43.174899999999994],[-78.675347,43.174763],[-78.67549799999999,43.174718],[-78.675787,43.174629999999986],[-78.676656,43.174369],[-78.676946,43.174282000000005],[-78.677256,43.17418799999999],[-78.678187,43.173907],[-78.67849799999999,43.173814],[-78.67858,43.173788],[-78.678829,43.17371399999998],[-78.678912,43.173688999999996],[-78.67916799999999,43.173611999999984],[-78.679937,43.173384],[-78.68019400000001,43.17330799999999],[-78.68048999999999,43.173216999999994],[-78.681378,43.17294599999999],[-78.681675,43.172855999999996],[-78.68185299999999,43.17280199999999],[-78.68238699999999,43.17264099999999],[-78.682566,43.17258799999998],[-78.682687,43.172551],[-78.68328199999999,43.17236999999999],[-78.68543,43.17172],[-78.68614699999999,43.171504],[-78.686154,43.171651],[-78.686178,43.172094],[-78.68618599999999,43.17224199999999],[-78.686191,43.17233299999999],[-78.686206,43.172609],[-78.686212,43.17270099999999],[-78.686244,43.17347699999999],[-78.686252,43.173797],[-78.68617499999999,43.173818999999995],[-78.685679,43.17401299999999],[-78.685631,43.174033],[-78.684406,43.174541999999995],[-78.68399099999999,43.17473999999999],[-78.68343899999999,43.175004999999985],[-78.68315799999999,43.175148999999976],[-78.682333,43.17557399999998],[-78.682318,43.175581999999984],[-78.682043,43.17573499999999],[-78.68202099999999,43.175747],[-78.681747,43.175923],[-78.681743,43.175925],[-78.680848,43.176502],[-78.68055,43.17669499999998],[-78.680495,43.17673],[-78.680417,43.176779999999994],[-78.68033,43.176835000000004],[-78.68027599999999,43.17687],[-78.680206,43.176915],[-78.680002,43.177046999999995],[-78.67918,43.17757799999999],[-78.678907,43.17775599999999],[-78.67863299999999,43.177931],[-78.677812,43.178459],[-78.67766999999999,43.178549999999994],[-78.677598,43.178597999999994],[-78.677538,43.178633],[-78.677471,43.178670999999994],[-78.67688799999999,43.179010999999996],[-78.67634699999999,43.17930299999998],[-78.675308,43.17982500000001],[-78.67472099999999,43.18008499999999],[-78.674542,43.18016599999999],[-78.673698,43.18051699999999],[-78.673411,43.18062300000001]]]},"properties":{"geoid":"360630238003","name":"Block Group 3","pop":1554.0,"obs_Mesothelioma":0.0,"exp_Mesothelioma":0.07,"sir_Mesothelioma":0.0,"obs_Lung":5.0,"exp_Lung":4.55,"sir_Lung":1.099,"obs_Bladder":4.0,"exp_Bladder":1.83,"sir_Bladder":2.184,"obs_Esophagus":2.0,"exp_Esophagus":0.37,"sir_Esophagus":5.452,"obs_Oral":1.0,"exp_Oral":0.81,"sir_Oral":1.234,"obs_Brain":0.0,"exp_Brain":0.51,"sir_Brain":0.0,"hlarea_Lung":1,"hlarea_Bladder":1,"hlarea_Esophagus":1,"hlarea_Oral":0,"hlarea_Brain":0,"hlarea_Mesothelioma":0,"merged_area":false,"doh_region":"360630238003"}},{"type":"Feature","geometry":{"type":"Polygon","coordinates":[[[-78.95794099999999,43.223502999999994],[-78.957912,43.224739],[-78.95791,43.224987999999996],[-78.95790000000001,43.226668],[-78.95787299999999,43.22813299999999],[-78.957855,43.22944599999999],[-78.957835,43.230931999999996],[-78.957798,43.233497],[-78.957793,43.23388099999998],[-78.95772800000002,43.23681499999999],[-78.95770499999999,43.239238],[-78.957692,43.239717],[-78.957668,43.24119299999999],[-78.957629,43.243759000000004],[-78.957621,43.24426799999999],[-78.95759900000002,43.24579699999999],[-78.95759199999999,43.24630699999999],[-78.95759199999999,43.24693899999998],[-78.95759199999999,43.247440999999995],[-78.95757499999999,43.248836],[-78.957568,43.24946899999999],[-78.957564,43.249612],[-78.957452,43.25004999999999],[-78.957124,43.25096],[-78.956818,43.251915999999994],[-78.955784,43.255151999999995],[-78.95528999999999,43.256571],[-78.955052,43.25728199999999],[-78.954785,43.257996],[-78.954358,43.259210999999986],[-78.95429399999999,43.25939499999999],[-78.95402399999999,43.260129000000006],[-78.953771,43.26086899999999],[-78.953482,43.26162399999998],[-78.953396,43.26192499999999],[-78.953284,43.26232599999999],[-78.953232,43.26270099999999],[-78.953216,43.262845999999996],[-78.953184,43.263158],[-78.953182,43.263278],[-78.95317899999999,43.26363899999998],[-78.953178,43.26376],[-78.953167,43.264188999999995],[-78.953104,43.265496000000006],[-78.953086,43.265890999999996],[-78.953009,43.268042],[-78.95292599999999,43.27070599999998],[-78.95289799999999,43.27163799999998],[-78.952861,43.272442999999996],[-78.952044,43.272612999999986],[-78.951353,43.27275799999999],[-78.949592,43.27311299999999],[-78.948775,43.27327899999998],[-78.947636,43.273519],[-78.94664499999999,43.273714999999996],[-78.94635799999999,43.273771999999994],[-78.943748,43.274311000000004],[-78.942387,43.274615999999995],[-78.941025,43.274893999999996],[-78.940263,43.275056],[-78.939678,43.275180999999996],[-78.938133,43.27548499999998],[-78.934319,43.27628899999999],[-78.932918,43.27656999999999],[-78.932469,43.276664000000004],[-78.93165400000001,43.27683700000001],[-78.930771,43.277012],[-78.93041099999999,43.277083999999995],[-78.92504699999999,43.278188],[-78.923947,43.278406],[-78.91845599999999,43.279528],[-78.917245,43.27979799999999],[-78.91546799999999,43.280159999999995],[-78.90979899999999,43.28131599999999],[-78.909806,43.279410000000006],[-78.90979,43.27808699999999],[-78.90978299999999,43.277082],[-78.909781,43.276920000000004],[-78.90976700000002,43.27471499999999],[-78.909696,43.271854],[-78.90965299999999,43.268493],[-78.90961,43.26707699999999],[-78.90960100000001,43.265662],[-78.909576,43.26377199999999],[-78.909576,43.263734],[-78.90958599999999,43.26329399999999],[-78.909581,43.262812],[-78.90955699999999,43.262327],[-78.90951199999999,43.25934],[-78.90951299999999,43.259234],[-78.90951799999999,43.25891699999999],[-78.90952,43.258811999999985],[-78.907795,43.259447],[-78.906031,43.26009699999999],[-78.903362,43.261087],[-78.902907,43.26126199999998],[-78.902625,43.261365],[-78.90090099999999,43.26200199999999],[-78.900938,43.25801800000001],[-78.900958,43.25592599999999],[-78.90105,43.246069000000006],[-78.901088,43.24208599999999],[-78.901083,43.241819],[-78.901068,43.24102099999999],[-78.901063,43.240755],[-78.901045,43.239754999999995],[-78.900993,43.23675499999998],[-78.90097600000001,43.23575599999999],[-78.900992,43.232655],[-78.900998,43.231582999999986],[-78.90118900000002,43.223354],[-78.901262,43.22025499999999],[-78.903083,43.22023199999998],[-78.90854999999999,43.220164999999994],[-78.910372,43.22014299999999],[-78.91044,43.220139999999994],[-78.91064399999999,43.220133999999995],[-78.910713,43.220132],[-78.912921,43.22012399999999],[-78.919545,43.220104000000006],[-78.92175399999999,43.22009799999999],[-78.923498,43.220102],[-78.92873,43.22011399999999],[-78.93047399999999,43.22011899999998],[-78.931743,43.219984999999994],[-78.93555099999999,43.219586000000014],[-78.936821,43.219452999999994],[-78.937829,43.21943299999998],[-78.940855,43.21937399999999],[-78.941864,43.219355],[-78.94508400000001,43.21937299999999],[-78.95474399999999,43.219427999999986],[-78.95796399999999,43.219446999999995],[-78.957967,43.22006299999999],[-78.957967,43.22025800000001],[-78.95797,43.220894999999985],[-78.95795,43.22269099999998],[-78.95794099999999,43.223502999999994]]]},"properties":{"geoid":"360630245022","name":"Block Group 2","pop":1466.0,"obs_Mesothelioma":0.0,"exp_Mesothelioma":0.09,"sir_Mesothelioma":0.0,"obs_Lung":10.0,"exp_Lung":6.21,"sir_Lung":1.609,"obs_Bladder":4.0,"exp_Bladder":2.44,"sir_Bladder":1.639,"obs_Esophagus":1.0,"exp_Esophagus":0.49,"sir_Esophagus":2.037,"obs_Oral":1.0,"exp_Oral":1.05,"sir_Oral":0.953,"obs_Brain":0.0,"exp_Brain":0.58,"sir_Brain":0.0,"hlarea_Lung":0,"hlarea_Bladder":0,"hlarea_Esophagus":1,"hlarea_Oral":0,"hlarea_Brain":0,"hlarea_Mesothelioma":0,"merged_area":false,"doh_region":"360630245022"}},{"type":"Feature","geometry":{"type":"Polygon","coordinates":[[[-79.05757799999999,43.09440899999999],[-79.057268,43.094424],[-79.057011,43.09443599999999],[-79.056895,43.09443900000001],[-79.05655,43.09444999999999],[-79.056435,43.09445499999999],[-79.05628999999999,43.094460000000005],[-79.055855,43.094475999999986],[-79.055711,43.094482],[-79.05545,43.094493],[-79.05506799999999,43.09451099999999],[-79.054667,43.094528],[-79.054407,43.094539999999995],[-79.054149,43.094549],[-79.053378,43.094577],[-79.05312099999999,43.094587],[-79.052994,43.09459199999999],[-79.052615,43.094607],[-79.052489,43.09461299999999],[-79.052466,43.094295],[-79.052398,43.09334399999999],[-79.052376,43.093027],[-79.052602,43.09301800000001],[-79.05294099999999,43.093004999999984],[-79.053282,43.092988999999996],[-79.05350899999999,43.09298],[-79.05348000000001,43.092565],[-79.053393,43.091319999999996],[-79.053365,43.09090599999999],[-79.053333,43.090453999999994],[-79.053238,43.08909799999999],[-79.053207,43.088646],[-79.05336899999999,43.088637999999996],[-79.053855,43.08861699999999],[-79.054018,43.08861],[-79.054277,43.088599],[-79.054675,43.088583],[-79.055056,43.088566],[-79.05531599999999,43.088556],[-79.055576,43.088545],[-79.056358,43.088514999999994],[-79.056619,43.088504999999984],[-79.056765,43.0885],[-79.056878,43.088486999999986],[-79.057203,43.08845199999999],[-79.05765699999999,43.08842599999999],[-79.057918,43.08841199999999],[-79.058177,43.08840099999999],[-79.058954,43.088367999999996],[-79.059213,43.08835699999999],[-79.05936299999999,43.090678000000004],[-79.05942,43.09141799999999],[-79.059433,43.09179599999999],[-79.05944699999999,43.092236],[-79.05950899999999,43.093121999999994],[-79.059525,43.093364],[-79.059573,43.094092],[-79.05959,43.094335],[-79.059332,43.094342999999995],[-79.05896,43.094355],[-79.058557,43.09436999999999],[-79.0583,43.09437899999999],[-79.058042,43.09438999999999],[-79.057645,43.094407],[-79.05757799999999,43.09440899999999]]]},"properties":{"geoid":"360630211002","name":"Block Group 2","pop":1100.0,"obs_Mesothelioma":0.0,"exp_Mesothelioma":0.04,"sir_Mesothelioma":0.0,"obs_Lung":9.0,"exp_Lung":3.06,"sir_Lung":2.943,"obs_Bladder":1.0,"exp_Bladder":1.13,"sir_Bladder":0.883,"obs_Esophagus":0.0,"exp_Esophagus":0.24,"sir_Esophagus":0.0,"obs_Oral":1.0,"exp_Oral":0.58,"sir_Oral":1.734,"obs_Brain":1.0,"exp_Brain":0.36,"sir_Brain":2.784,"hlarea_Lung":1,"hlarea_Bladder":0,"hlarea_Esophagus":1,"hlarea_Oral":0,"hlarea_Brain":0,"hlarea_Mesothelioma":0,"merged_area":false,"doh_region":"360630211002"}},{"type":"Feature","geometry":{"type":"Polygon","coordinates":[[[-78.864796,43.039131],[-78.864775,43.03900699999999],[-78.864775,43.038875999999995],[-78.864796,43.03883],[-78.86483,43.03875799999999],[-78.864882,43.038697],[-78.86492799999999,43.038651],[-78.865071,43.038559],[-78.86529399999999,43.038469],[-78.865573,43.03841299999999],[-78.86587399999999,43.03835399999999],[-78.866432,43.03823599999999],[-78.86675699999999,43.038168000000006],[-78.86810799999999,43.037893999999994],[-78.868668,43.037780999999995],[-78.86915499999999,43.037683],[-78.87039899999999,43.037434],[-78.87061899999999,43.037385],[-78.871105,43.03727800000001],[-78.87137799999999,43.037225],[-78.871782,43.037147],[-78.872198,43.03705999999999],[-78.87247099999999,43.037003],[-78.872745,43.037735999999995],[-78.872745,43.03773799999999],[-78.872766,43.03778799999999],[-78.872777,43.03782],[-78.872995,43.038405999999995],[-78.87307299999999,43.038619],[-78.87310599999999,43.03870900000001],[-78.87320500000001,43.03897899999999],[-78.873238,43.039069],[-78.87326399999999,43.03913899999999],[-78.873344,43.039348999999994],[-78.87337099999999,43.03941999999999],[-78.873393,43.03947899999999],[-78.873459,43.039657999999996],[-78.873482,43.039718],[-78.873557,43.03992099999999],[-78.873784,43.04053],[-78.87386000000001,43.04073399999999],[-78.873892,43.040824],[-78.873991,43.041096],[-78.87402399999999,43.041186999999994],[-78.87407999999999,43.041342],[-78.874248,43.041807],[-78.87430499999999,43.041961999999984],[-78.87432299999999,43.04201],[-78.87437899999999,43.042154],[-78.874398,43.04220299999999],[-78.874437,43.042307],[-78.874554,43.04262199999999],[-78.874594,43.042727],[-78.87465,43.04288],[-78.874821,43.04334],[-78.874878,43.04349399999999],[-78.874935,43.04365099999999],[-78.875106,43.04412199999999],[-78.875163,43.044278999999996],[-78.875264,43.044551000000006],[-78.87557,43.045367],[-78.875672,43.04563999999999],[-78.875734,43.04580199999999],[-78.87592099999999,43.046290000000006],[-78.875984,43.046452999999985],[-78.876027,43.04657699999999],[-78.876143,43.046905],[-78.87616,43.04695099999999],[-78.876206,43.04707500000001],[-78.876221,43.047114999999984],[-78.876266,43.04723699999999],[-78.876282,43.047277999999984],[-78.876322,43.047382],[-78.87634,43.047428000000004],[-78.876458,43.047686999999996],[-78.876505,43.04778899999999],[-78.876578,43.04794199999999],[-78.87679899999999,43.048401999999996],[-78.876873,43.048556000000005],[-78.876942,43.048697],[-78.877151,43.049124000000006],[-78.87722099999999,43.049265999999996],[-78.877292,43.049411],[-78.877505,43.04984899999998],[-78.87757599999999,43.04999499999999],[-78.877646,43.050140999999996],[-78.877856,43.05058],[-78.877927,43.050726999999995],[-78.87829099999999,43.051469],[-78.87864499999999,43.052209],[-78.878705,43.05233],[-78.877532,43.05234299999999],[-78.876177,43.052330999999995],[-78.87571299999999,43.05231999999998],[-78.874377,43.05227999999999],[-78.872743,43.052216],[-78.872284,43.052206999999996],[-78.871709,43.052185],[-78.87091199999999,43.052156],[-78.869985,43.05214999999999],[-78.869411,43.05214699999998],[-78.868752,43.052147],[-78.868646,43.05214599999998],[-78.867677,43.05214199999999],[-78.86635299999999,43.05214099999999],[-78.865589,43.05214099999999],[-78.86558,43.05188499999999],[-78.865556,43.05111699999999],[-78.86554799999999,43.05086199999999],[-78.865543,43.05071999999999],[-78.865528,43.050295000000006],[-78.865524,43.05015399999999],[-78.86551899999999,43.049994],[-78.865504,43.049513],[-78.8655,43.049354],[-78.86549500000001,43.0492],[-78.86547999999999,43.04874],[-78.86547499999999,43.048587],[-78.86547,43.048431],[-78.865455,43.047962999999996],[-78.86545,43.04780799999998],[-78.86543499999999,43.047338],[-78.865391,43.045929],[-78.865377,43.04546],[-78.865375,43.045318],[-78.865369,43.04489299999999],[-78.86536400000001,43.04473899999999],[-78.865357,43.044571],[-78.86535599999999,43.044551999999996],[-78.86533899999999,43.044015],[-78.865308,43.04317199999999],[-78.865302,43.04298699999999],[-78.865284,43.042434],[-78.86527799999999,43.04224999999999],[-78.865273,43.042061],[-78.865258,43.04149699999999],[-78.865253,43.04130899999999],[-78.86525,43.04117300000001],[-78.865247,43.040985],[-78.86525499999999,43.040768],[-78.86525999999999,43.040634],[-78.865262,43.04054599999999],[-78.865304,43.040499999999994],[-78.86531,43.04031399999999],[-78.86531099999999,43.040299],[-78.865312,43.040083],[-78.86529,43.039843999999995],[-78.865268,43.03976900000001],[-78.865196,43.039636999999985],[-78.865004,43.039393999999994],[-78.864796,43.039131]]]},"properties":{"geoid":"360630246003","name":"Block Group 3","pop":1484.0,"obs_Mesothelioma":1.0,"exp_Mesothelioma":0.11,"sir_Mesothelioma":8.994,"obs_Lung":9.0,"exp_Lung":6.98,"sir_Lung":1.289,"obs_Bladder":3.0,"exp_Bladder":2.83,"sir_Bladder":1.061,"obs_Esophagus":1.0,"exp_Esophagus":0.53,"sir_Esophagus":1.87,"obs_Oral":3.0,"exp_Oral":1.11,"sir_Oral":2.693,"obs_Brain":0.0,"exp_Brain":0.62,"sir_Brain":0.0,"hlarea_Lung":1,"hlarea_Bladder":1,"hlarea_Esophagus":1,"hlarea_Oral":0,"hlarea_Brain":0,"hlarea_Mesothelioma":1,"merged_area":false,"doh_region":"360630246003"}},{"type":"Feature","geometry":{"type":"Polygon","coordinates":[[[-78.886759,43.034055999999985],[-78.887711,43.034662000000004],[-78.887749,43.034685999999994],[-78.88785899999999,43.03475600000001],[-78.888759,43.03495599999999],[-78.89096900000001,43.03435299999999],[-78.892059,43.034056],[-78.893011,43.037779],[-78.892217,43.038031999999994],[-78.891666,43.03820799999999],[-78.88984099999999,43.038802],[-78.88905,43.03906],[-78.888665,43.03918799999999],[-78.887512,43.03957299999999],[-78.88712799999999,43.039701999999984],[-78.886844,43.03979199999999],[-78.885994,43.04006099999999],[-78.885711,43.040152],[-78.88565799999999,43.040186],[-78.885502,43.040290000000006],[-78.88544999999999,43.04032599999999],[-78.885397,43.040350999999994],[-78.885375,43.04036199999999],[-78.885241,43.040426],[-78.885189,43.04045099999998],[-78.885171,43.04042299999999],[-78.885117,43.04034199999999],[-78.88510000000001,43.040314999999985],[-78.884995,43.04040599999999],[-78.884683,43.040679999999995],[-78.884579,43.040772],[-78.883563,43.04112399999999],[-78.881301,43.041881],[-78.881742,43.04259],[-78.879738,43.043234999999996],[-78.87923599999999,43.043409000000004],[-78.879001,43.043478999999984],[-78.877186,43.043848],[-78.87686599999999,43.04391199999999],[-78.876254,43.04405399999999],[-78.875163,43.044278999999996],[-78.875106,43.04412199999999],[-78.874935,43.04365099999999],[-78.874878,43.04349399999999],[-78.874821,43.04334],[-78.87465,43.04288],[-78.874594,43.042727],[-78.874554,43.04262199999999],[-78.874437,43.042307],[-78.874398,43.04220299999999],[-78.87437899999999,43.042154],[-78.87432299999999,43.04201],[-78.87430499999999,43.041961999999984],[-78.874248,43.041807],[-78.87407999999999,43.041342],[-78.87402399999999,43.041186999999994],[-78.873991,43.041096],[-78.873892,43.040824],[-78.87386000000001,43.04073399999999],[-78.873784,43.04053],[-78.873557,43.03992099999999],[-78.873482,43.039718],[-78.873459,43.039657999999996],[-78.873393,43.03947899999999],[-78.87337099999999,43.03941999999999],[-78.873344,43.039348999999994],[-78.87326399999999,43.03913899999999],[-78.873238,43.039069],[-78.87320500000001,43.03897899999999],[-78.87310599999999,43.03870900000001],[-78.87307299999999,43.038619],[-78.872995,43.038405999999995],[-78.872777,43.03782],[-78.872766,43.03778799999999],[-78.872745,43.03773799999999],[-78.872745,43.037735999999995],[-78.87247099999999,43.037003],[-78.874254,43.03664599999999],[-78.875,43.03648599999999],[-78.876288,43.036227999999994],[-78.876458,43.036192],[-78.876971,43.03608800000001],[-78.87714199999999,43.036052999999995],[-78.877242,43.036030999999994],[-78.877546,43.03596700000001],[-78.877647,43.035946],[-78.878166,43.03583499999999],[-78.878209,43.035826],[-78.879729,43.035515],[-78.88024999999999,43.035408999999994],[-78.880421,43.035374999999995],[-78.880938,43.035275],[-78.88110999999999,43.035242],[-78.88126199999999,43.03521199999999],[-78.881331,43.035199],[-78.881715,43.03510199999999],[-78.881866,43.03506499999998],[-78.88192,43.03505099999999],[-78.882058,43.035018],[-78.88208499999999,43.035011999999995],[-78.88214099999999,43.03500199999999],[-78.882323,43.034965],[-78.882871,43.03485700000001],[-78.883054,43.034821],[-78.883076,43.03481499999999],[-78.883146,43.034799],[-78.883169,43.034794],[-78.883344,43.03475199999999],[-78.883477,43.03472199999998],[-78.88386700000001,43.034618],[-78.884042,43.034572999999995],[-78.88443099999999,43.034482999999994],[-78.88560100000001,43.034214],[-78.88599099999999,43.03412500000001],[-78.886144,43.034110000000005],[-78.886605,43.034068999999995],[-78.886759,43.034055999999985]]]},"properties":{"geoid":"360630230011","name":"Block Group 1","pop":2193.0,"obs_Mesothelioma":0.0,"exp_Mesothelioma":0.11,"sir_Mesothelioma":0.0,"obs_Lung":9.0,"exp_Lung":7.2,"sir_Lung":1.249,"obs_Bladder":5.0,"exp_Bladder":2.84,"sir_Bladder":1.764,"obs_Esophagus":2.0,"exp_Esophagus":0.56,"sir_Esophagus":3.57,"obs_Oral":0.0,"exp_Oral":1.23,"sir_Oral":0.0,"obs_Brain":1.0,"exp_Brain":0.76,"sir_Brain":1.315,"hlarea_Lung":1,"hlarea_Bladder":1,"hlarea_Esophagus":1,"hlarea_Oral":0,"hlarea_Brain":0,"hlarea_Mesothelioma":1,"merged_area":false,"doh_region":"360630230011"}},{"type":"Feature","geometry":{"type":"Polygon","coordinates":[[[-78.70078699999999,43.16475899999999],[-78.700868,43.16469499999999],[-78.701216,43.164421999999995],[-78.70128,43.164373],[-78.70141699999999,43.16426599999999],[-78.703357,43.162533999999994],[-78.704745,43.161296],[-78.705546,43.16040599999999],[-78.70638799999999,43.15947399999998],[-78.708726,43.156883],[-78.710469,43.15495299999999],[-78.710629,43.15477],[-78.71105299999999,43.154289],[-78.71110999999999,43.15422299999999],[-78.711271,43.15404199999999],[-78.711286,43.154062],[-78.71132,43.154107],[-78.711334,43.154125],[-78.71135,43.154146000000004],[-78.71137999999999,43.154184999999984],[-78.711423,43.154241999999996],[-78.711527,43.15437999999999],[-78.711657,43.15451799999999],[-78.71174,43.15460699999999],[-78.71171,43.15467799999999],[-78.711694,43.15471799999999],[-78.711663,43.15479200000001],[-78.71163899999999,43.154895999999994],[-78.71162199999999,43.154972],[-78.71160900000001,43.155027000000004],[-78.711648,43.15623],[-78.711637,43.15632199999999],[-78.711598,43.15647800000001],[-78.711568,43.15654999999999],[-78.71153199999999,43.15662100000001],[-78.711395,43.156811],[-78.70970799999999,43.15843499999998],[-78.70957000000001,43.15859599999999],[-78.709507,43.158729],[-78.709476,43.15891099999999],[-78.70950599999999,43.15998899999998],[-78.70951099999999,43.160171],[-78.709559,43.161684],[-78.709563,43.161818],[-78.709574,43.162212999999994],[-78.709587,43.16265799999999],[-78.709626,43.1638],[-78.709645,43.164328999999995],[-78.709648,43.164452],[-78.709659,43.164821999999994],[-78.70966299999999,43.164946],[-78.70973,43.166897999999996],[-78.711162,43.16672499999999],[-78.711315,43.16670699999999],[-78.71177500000002,43.16665199999999],[-78.711929,43.16663499999999],[-78.71193,43.166744999999985],[-78.711934,43.16707499999999],[-78.711936,43.16718600000001],[-78.71193699999999,43.16730799999999],[-78.711941,43.16767499999999],[-78.71194299999999,43.167798],[-78.711946,43.167943],[-78.711956,43.16838099999999],[-78.71195999999999,43.168527000000005],[-78.711961,43.16855],[-78.711962,43.168591],[-78.71196599999999,43.16871699999999],[-78.711974,43.168956999999985],[-78.711985,43.169289],[-78.711992,43.16948],[-78.71199800000001,43.16977099999999],[-78.712018,43.170645],[-78.712025,43.170936999999995],[-78.712032,43.17116499999999],[-78.712053,43.17184899999998],[-78.71206,43.172078],[-78.712064,43.17220199999999],[-78.71207199999999,43.172401],[-78.71206699999999,43.172574999999995],[-78.712065,43.17269999999999],[-78.711434,43.172430000000006],[-78.709544,43.17162299999999],[-78.70905400000001,43.171414],[-78.708914,43.171354],[-78.708755,43.171285999999974],[-78.70827899999999,43.171082],[-78.70812099999999,43.17101499999998],[-78.70804,43.171120999999985],[-78.707985,43.171157999999984],[-78.707966,43.171164999999995],[-78.707875,43.171200999999996],[-78.707702,43.171217],[-78.707317,43.171217],[-78.707098,43.171217],[-78.706302,43.171215],[-78.703914,43.171211],[-78.703118,43.17121],[-78.703057,43.17121],[-78.70287499999999,43.17121000000001],[-78.702815,43.171209999999995],[-78.70262,43.171209],[-78.702035,43.17120899999998],[-78.701841,43.17120899999999],[-78.701345,43.17121099999999],[-78.700412,43.171217],[-78.69986,43.171208],[-78.699365,43.1712],[-78.69886199999999,43.17119699999999],[-78.69735399999999,43.17118999999998],[-78.69685199999999,43.171188],[-78.69685199999999,43.17106999999999],[-78.696856,43.170715999999985],[-78.696857,43.17059899999999],[-78.696856,43.170480999999995],[-78.696855,43.170127],[-78.696855,43.17000899999999],[-78.69685,43.169503],[-78.696849,43.168862],[-78.696849,43.168684999999996],[-78.69685199999999,43.168155],[-78.69685299999999,43.168127999999996],[-78.696854,43.16797899999999],[-78.696855,43.16787399999999],[-78.697153,43.16765499999999],[-78.697868,43.167083999999996],[-78.70001599999999,43.165372999999995],[-78.700732,43.164803000000006],[-78.70078699999999,43.16475899999999]]]},"properties":{"geoid":"360630236003","name":"Block Group 3","pop":1443.0,"obs_Mesothelioma":0.0,"exp_Mesothelioma":0.05,"sir_Mesothelioma":0.0,"obs_Lung":9.0,"exp_Lung":3.71,"sir_Lung":2.423,"obs_Bladder":2.0,"exp_Bladder":1.37,"sir_Bladder":1.46,"obs_Esophagus":0.0,"exp_Esophagus":0.29,"sir_Esophagus":0.0,"obs_Oral":1.0,"exp_Oral":0.69,"sir_Oral":1.442,"obs_Brain":0.0,"exp_Brain":0.45,"sir_Brain":0.0,"hlarea_Lung":1,"hlarea_Bladder":1,"hlarea_Esophagus":1,"hlarea_Oral":0,"hlarea_Brain":0,"hlarea_Mesothelioma":0,"merged_area":false,"doh_region":"360630236003"}}]}