{"type":"FeatureCollection","features":[{"type":"Feature","geometry":{"type":"Polygon","coordinates":[[[-78.6969,43.086619000000006],[-78.69689,43.08709199999999],[-78.696895,43.087467],[-78.696899,43.08774999999999],[-78.696895,43.08825],[-78.696891,43.088809000000005],[-78.696889,43.089753],[-78.696889,43.090253999999995],[-78.696889,43.09031999999999],[-78.696889,43.090517999999996],[-78.696889,43.090584],[-78.696887,43.091775000000005],[-78.696883,43.095348],[-78.696882,43.09654],[-78.69688,43.09724599999999],[-78.696874,43.09936799999999],[-78.696873,43.100075],[-78.696874,43.100605],[-78.696877,43.102198],[-78.69687900000001,43.10272899999999],[-78.69687900000001,43.103750000000005],[-78.69687900000001,43.104438999999985],[-78.69687900000001,43.10957],[-78.69688,43.111280999999984],[-78.69688,43.11132800000001],[-78.69688,43.111471],[-78.69688,43.11151899999999],[-78.69688,43.11167999999999],[-78.696878,43.11187399999999],[-78.696873,43.11294],[-78.696872,43.113296],[-78.69687,43.11344799999999],[-78.696868,43.113906],[-78.696868,43.114059],[-78.696613,43.11401499999999],[-78.696441,43.11397099999999],[-78.695172,43.11365],[-78.69475,43.113544],[-78.694655,43.113519999999994],[-78.694442,43.113465000000005],[-78.693521,43.113226999999995],[-78.693215,43.113148],[-78.693131,43.113125999999994],[-78.692805,43.113041999999986],[-78.691575,43.112728000000004],[-78.691166,43.11262399999998],[-78.690963,43.11257199999999],[-78.690354,43.112417],[-78.690151,43.112366],[-78.689696,43.11225],[-78.688332,43.11190200000001],[-78.68814,43.111852999999996],[-78.687876,43.111793999999996],[-78.687464,43.11171799999999],[-78.687333,43.11170599999999],[-78.687031,43.11167999999999],[-78.685687,43.11161],[-78.68513800000001,43.111582],[-78.683741,43.111507999999986],[-78.683354,43.11148699999999],[-78.682281,43.111431],[-78.680941,43.111356],[-78.680486,43.111339],[-78.680446,43.111994],[-78.68035,43.113912000000006],[-78.680244,43.115781999999996],[-78.680227,43.11607199999999],[-78.680161,43.117277],[-78.680138,43.11782199999999],[-78.68011000000001,43.118462],[-78.680105,43.11859],[-78.680043,43.119782],[-78.680011,43.120151],[-78.680001,43.12038299999999],[-78.679989,43.120632],[-78.679971,43.121024],[-78.679947,43.121483],[-78.679879,43.12286000000001],[-78.679856,43.12332],[-78.679815,43.124185999999995],[-78.679777,43.125001999999995],[-78.679673,43.126785999999996],[-78.679641,43.127356999999996],[-78.679625,43.127455],[-78.679583,43.127647],[-78.679393,43.12850199999999],[-78.67937100000002,43.12860599999999],[-78.679271,43.128905999999986],[-78.67848,43.13096500000001],[-78.678445,43.131057999999996],[-78.678177,43.131788],[-78.678188,43.131882],[-78.678288,43.13205899999999],[-78.678483,43.132318000000005],[-78.678698,43.13262199999999],[-78.678921,43.133038],[-78.678848,43.13306399999999],[-78.678754,43.13311499999999],[-78.678695,43.13317299999999],[-78.67863,43.133326],[-78.678571,43.13354499999999],[-78.678511,43.13366499999999],[-78.678453,43.133715999999986],[-78.678347,43.13376400000001],[-78.678142,43.133822],[-78.677887,43.13386899999999],[-78.677713,43.133886999999994],[-78.677315,43.133906],[-78.676907,43.133906],[-78.67646800000001,43.13388799999999],[-78.676253,43.133878],[-78.675964,43.13386499999999],[-78.675486,43.13384499999999],[-78.674138,43.133824],[-78.674053,43.13385300000001],[-78.674009,43.134002],[-78.674016,43.13476699999999],[-78.674068,43.13659199999999],[-78.674154,43.137539],[-78.67416900000002,43.13881799999999],[-78.674129,43.13888399999998],[-78.674056,43.138942],[-78.673892,43.138982],[-78.673458,43.138982000000006],[-78.672433,43.138924],[-78.669204,43.138819999999996],[-78.669089,43.13881500000001],[-78.666405,43.13871900000001],[-78.664726,43.138726999999996],[-78.663424,43.138733999999985],[-78.663405,43.13898400000001],[-78.663378,43.139366],[-78.663328,43.140049999999995],[-78.663244,43.14123],[-78.666877,43.141344000000004],[-78.674048,43.14159200000001],[-78.674125,43.141594],[-78.678843,43.14175300000001],[-78.67849,43.141978],[-78.67845,43.14203599999999],[-78.678421,43.142137999999996],[-78.67841300000002,43.142228999999986],[-78.678541,43.142898],[-78.678603,43.14298199999999],[-78.678891,43.14320099999999],[-78.678947,43.14327000000001],[-78.678963,43.14330300000001],[-78.679009,43.143405],[-78.679046,43.143572],[-78.679093,43.143882000000005],[-78.679093,43.143973],[-78.67905,43.144053],[-78.678816,43.14425699999998],[-78.678774,43.14432299999999],[-78.678705,43.144366999999995],[-78.678614,43.14439600000001],[-78.678567,43.144428999999995],[-78.678526,43.14447599999999],[-78.678479,43.144691],[-78.678337,43.14489499999999],[-78.678198,43.145026],[-78.678027,43.145296],[-78.67781500000001,43.145514],[-78.677761,43.14560900000001],[-78.677688,43.14580599999999],[-78.677594,43.14602699999999],[-78.677464,43.146331],[-78.677079,43.147042000000006],[-78.676768,43.147517],[-78.676684,43.147646],[-78.676629,43.147724999999994],[-78.676594,43.147878999999996],[-78.67656000000001,43.14792],[-78.676332,43.148049999999984],[-78.676218,43.14809999999999],[-78.676172,43.148137000000006],[-78.675995,43.14859499999999],[-78.675778,43.14911599999999],[-78.675618,43.149454],[-78.67531,43.150295],[-78.675036,43.15051899999999],[-78.674665,43.15074],[-78.674539,43.15085200000001],[-78.674516,43.150906000000006],[-78.674493,43.15119399999998],[-78.674491,43.151247],[-78.674459,43.151937000000004],[-78.674412,43.15222],[-78.674373,43.15271],[-78.674217,43.153361999999994],[-78.674585,43.15353799999999],[-78.673237,43.15347],[-78.673211,43.153469],[-78.672178,43.153427],[-78.669978,43.15332899999999],[-78.669225,43.153298],[-78.669193,43.153296],[-78.667846,43.15322999999999],[-78.667792,43.153226999999994],[-78.667631,43.15322],[-78.667578,43.153218],[-78.66587,43.153140999999984],[-78.665539,43.15311899999999],[-78.664961,43.15308099999999],[-78.664287,43.153065000000005],[-78.663075,43.153009999999995],[-78.663068,43.15372599999999],[-78.663051,43.155874999999995],[-78.663045,43.156591999999996],[-78.663045,43.15660299999998],[-78.663045,43.156638],[-78.663045,43.156650000000006],[-78.663045,43.15666300000001],[-78.663045,43.15670300000001],[-78.663045,43.15671699999999],[-78.663053,43.15728199999998],[-78.663059,43.157633],[-78.663078,43.157807999999996],[-78.663071,43.158302],[-78.663071,43.158638],[-78.663071,43.158979],[-78.663072,43.15902],[-78.663056,43.15938299999999],[-78.663032,43.159448999999995],[-78.662981,43.159524999999995],[-78.662687,43.159301],[-78.661153,43.158121],[-78.659593,43.156922],[-78.65922,43.156579000000015],[-78.65892300000002,43.15625299999999],[-78.657026,43.154075999999996],[-78.656162,43.15308399999999],[-78.65576000000001,43.152614],[-78.655642,43.15247699999999],[-78.65529,43.152066],[-78.655173,43.15193],[-78.654669,43.151361999999985],[-78.654556,43.151233999999995],[-78.654218,43.150882],[-78.65385200000001,43.150542999999985],[-78.65358,43.150321999999996],[-78.653093,43.150002],[-78.652932,43.14990699999999],[-78.652602,43.149711999999994],[-78.65226,43.149559],[-78.65176,43.149349],[-78.650657,43.14895599999999],[-78.649914,43.148703],[-78.648409,43.14819099999998],[-78.647347,43.14780799999998],[-78.645168,43.14706199999999],[-78.644105,43.14668799999999],[-78.642831,43.146259],[-78.641993,43.145976999999995],[-78.640463,43.145466],[-78.640225,43.14538799999998],[-78.639514,43.14515399999999],[-78.639277,43.145077],[-78.63925100000002,43.14415599999999],[-78.639175,43.141393],[-78.639164,43.140992999999995],[-78.639141,43.140473],[-78.639111,43.139773999999996],[-78.63903800000001,43.13852599999999],[-78.638772,43.133973],[-78.638687,43.132687],[-78.63855900000001,43.130742000000005],[-78.638555,43.130687999999985],[-78.638546,43.130528999999996],[-78.638543,43.130475999999994],[-78.639215,43.130497999999996],[-78.640461,43.130540999999994],[-78.641234,43.130561],[-78.641907,43.130579],[-78.642526,43.130594999999985],[-78.643511,43.13062699999999],[-78.644294,43.13065399999999],[-78.648325,43.130783],[-78.64993,43.130835000000005],[-78.650621,43.13085899999999],[-78.652694,43.130931999999994],[-78.653385,43.130957],[-78.653682,43.13096600000001],[-78.654573,43.130993000000004],[-78.65487,43.131001999999995],[-78.655128,43.130067999999994],[-78.655904,43.127266],[-78.656163,43.126333],[-78.65633,43.125728],[-78.656831,43.12391499999999],[-78.656959,43.12345599999999],[-78.65701,43.12331399999999],[-78.657034,43.12324499999998],[-78.657115,43.12310599999999],[-78.65926500000002,43.120181],[-78.660122,43.118993999999994],[-78.66032,43.118690999999984],[-78.660529,43.118281],[-78.660601,43.11809000000001],[-78.660673,43.117802999999995],[-78.660712,43.117485],[-78.66073,43.116843],[-78.660728,43.11589],[-78.660758,43.112572],[-78.660748,43.110838],[-78.658559,43.110817000000004],[-78.656039,43.110800999999995],[-78.653124,43.11076799999999],[-78.652919,43.110747999999994],[-78.652788,43.11071399999999],[-78.652677,43.11067299999999],[-78.652609,43.110647],[-78.652402,43.110562],[-78.648774,43.108937],[-78.647901,43.108555999999986],[-78.647772,43.108528],[-78.647361,43.108521999999994],[-78.646668,43.10854199999999],[-78.645156,43.108619],[-78.64279,43.10870899999999],[-78.640519,43.108819],[-78.639019,43.108872],[-78.637218,43.108953],[-78.636158,43.10911499999999],[-78.6361,43.108731],[-78.635915,43.107705],[-78.6359,43.107596],[-78.635879,43.10737100000001],[-78.635896,43.10706299999999],[-78.636047,43.105927],[-78.636091,43.105495],[-78.636095,43.105461999999996],[-78.636186,43.104811],[-78.636239,43.104654],[-78.63633,43.10449299999999],[-78.63791,43.10217099999999],[-78.638585,43.10124],[-78.639384,43.100162000000005],[-78.640644,43.09846399999999],[-78.640175,43.09801199999999],[-78.638768,43.096657],[-78.63829900000002,43.09620599999999],[-78.63784,43.095755999999994],[-78.637425,43.09534899999999],[-78.63645,43.09442099999999],[-78.63621,43.09419299999999],[-78.6361,43.09405799999999],[-78.636057,43.093929],[-78.63604,43.093798],[-78.636036,43.09376499999999],[-78.636032,43.09358],[-78.636054,43.09340300000001],[-78.636071,43.093273],[-78.636459,43.09333399999999],[-78.636681,43.093425999999994],[-78.636955,43.09368899999999],[-78.637215,43.094025],[-78.63755,43.09460099999999],[-78.637886,43.09508099999999],[-78.638245,43.095570000000016],[-78.638344,43.095679999999994],[-78.639526,43.096531],[-78.640043,43.096833000000004],[-78.640732,43.09727500000001],[-78.6409,43.09735899999999],[-78.641104,43.09741599999999],[-78.641365,43.097443],[-78.641632,43.097397],[-78.641802,43.09736199999999],[-78.642022,43.097187999999996],[-78.642113,43.097030999999994],[-78.64212,43.096878000000004],[-78.642067,43.096152999999994],[-78.642067,43.096004],[-78.642181,43.09507399999999],[-78.642181,43.094897999999986],[-78.642159,43.094798999999995],[-78.64212,43.09458499999999],[-78.642044,43.094395],[-78.641655,43.093723],[-78.641632,43.09363199999999],[-78.641533,43.092705],[-78.641487,43.092434],[-78.64106,43.091373],[-78.640762,43.09066800000001],[-78.640717,43.090405],[-78.640709,43.09017600000001],[-78.640762,43.089780999999995],[-78.640823,43.089535],[-78.640961,43.089271999999994],[-78.64109,43.089076999999996],[-78.641273,43.088894],[-78.641536,43.08871],[-78.641753,43.08858299999999],[-78.64222,43.08839],[-78.64267,43.08828],[-78.643089,43.088218999999995],[-78.643311,43.088207000000004],[-78.643616,43.08826799999999],[-78.644394,43.088482],[-78.644948,43.088703],[-78.646721,43.089771],[-78.64700800000001,43.089817],[-78.647214,43.089746],[-78.647392,43.089622],[-78.648788,43.08764300000001],[-78.648995,43.087286999999996],[-78.649014,43.087078],[-78.648964,43.086791999999996],[-78.648827,43.086617],[-78.648582,43.08647499999999],[-78.647423,43.08608199999999],[-78.646927,43.085902999999995],[-78.646759,43.08575099999999],[-78.646608,43.085601999999994],[-78.646545,43.085365],[-78.646561,43.085049],[-78.646706,43.084263],[-78.646683,43.08397699999999],[-78.646214,43.082589999999996],[-78.646057,43.082161],[-78.645981,43.081561999999984],[-78.646042,43.08119200000001],[-78.646225,43.08094],[-78.646561,43.08079099999999],[-78.647514,43.080638999999984],[-78.648018,43.080588999999996],[-78.648392,43.080588999999996],[-78.648849,43.08070800000001],[-78.649208,43.080898],[-78.650002,43.08182899999999],[-78.650185,43.08196999999999],[-78.650574,43.082111],[-78.652214,43.082442999999984],[-78.653198,43.082573000000004],[-78.653938,43.082684],[-78.654869,43.08286699999999],[-78.655525,43.083138000000005],[-78.656075,43.083431],[-78.656227,43.083552999999995],[-78.656872,43.08418699999999],[-78.657143,43.084399999999995],[-78.658272,43.085078999999986],[-78.658485,43.085175],[-78.659912,43.08540299999999],[-78.660187,43.08544899999999],[-78.66044600000001,43.085526],[-78.662285,43.086124000000005],[-78.663353,43.086356999999985],[-78.664169,43.08643],[-78.664711,43.08639900000001],[-78.665161,43.08624999999999],[-78.6661,43.08567800000001],[-78.666149,43.08564299999999],[-78.666397,43.085498],[-78.666663,43.08538399999999],[-78.666733,43.08536399999999],[-78.667062,43.08523799999999],[-78.667318,43.085168],[-78.667647,43.085111999999995],[-78.669617,43.084839],[-78.670029,43.084782],[-78.671028,43.084595],[-78.671844,43.08442299999999],[-78.673248,43.084121999999994],[-78.673973,43.08399599999999],[-78.674518,43.08394099999999],[-78.675244,43.083921999999994],[-78.675514,43.083941999999986],[-78.676071,43.083995999999985],[-78.676239,43.084003],[-78.676346,43.08404199999999],[-78.676654,43.084133],[-78.676888,43.08421299999999],[-78.677206,43.08434499999999],[-78.67794,43.084765999999995],[-78.678154,43.08482699999999],[-78.67841300000002,43.08485799999999],[-78.678764,43.084872999999995],[-78.679001,43.084865999999984],[-78.679253,43.084838999999995],[-78.679512,43.084759],[-78.679749,43.084625],[-78.679855,43.08453799999999],[-78.679955,43.08440799999999],[-78.680031,43.084213],[-78.680092,43.08399599999999],[-78.680115,43.08375899999999],[-78.680115,43.083217999999995],[-78.680107,43.083],[-78.680069,43.082401],[-78.680069,43.082218000000005],[-78.68013,43.081844000000004],[-78.680176,43.081707],[-78.68026,43.081448],[-78.680473,43.081089],[-78.680557,43.080959],[-78.680641,43.080879],[-78.680977,43.080616000000006],[-78.681267,43.080452],[-78.681419,43.080383],[-78.681808,43.080269],[-78.682144,43.08022299999999],[-78.682579,43.080231000000005],[-78.682793,43.080268999999994],[-78.683138,43.0804],[-78.683655,43.080634999999994],[-78.683853,43.080757],[-78.684212,43.08104699999999],[-78.68486,43.081806],[-78.685158,43.08225999999998],[-78.68531,43.08247],[-78.686882,43.083870000000005],[-78.687073,43.08404899999999],[-78.68719,43.08423499999999],[-78.687309,43.084488],[-78.68734,43.08477399999999],[-78.687309,43.08525800000001],[-78.687195,43.085739],[-78.687172,43.085964000000004],[-78.687248,43.086242999999996],[-78.687408,43.086464],[-78.68853,43.087433],[-78.688866,43.08770799999999],[-78.689377,43.08800099999999],[-78.689972,43.08831399999999],[-78.690369,43.088467],[-78.690872,43.088642],[-78.691177,43.08867999999998],[-78.691338,43.08866899999999],[-78.691673,43.08861499999999],[-78.691826,43.088573],[-78.692123,43.088463],[-78.692772,43.088177],[-78.694763,43.08709],[-78.695297,43.086825999999995],[-78.695625,43.08668099999999],[-78.696196,43.086487],[-78.696583,43.086391],[-78.696906,43.08633699999999],[-78.6969,43.086619000000006]]]},"properties":{"geoid":"36063023404","name":"234.04","namelsad":"Census Tract 234.04","aland_acres":5934.402657272707,"site_count":0,"cont_acres":0,"coverage_pct":0,"sites_per_sqmi":0}},{"type":"Feature","geometry":{"type":"Polygon","coordinates":[[[-78.696884,43.125909],[-78.696884,43.128763000000006],[-78.696884,43.128818],[-78.696884,43.12959399999999],[-78.696884,43.12997099999999],[-78.696882,43.130464],[-78.69688,43.130831],[-78.69652,43.130897999999995],[-78.695599,43.131119999999996],[-78.694792,43.13140899999999],[-78.694608,43.13149900000001],[-78.69454,43.13158899999999],[-78.694509,43.131741999999996],[-78.694504,43.13208],[-78.694542,43.132312999999996],[-78.694549,43.132334],[-78.694533,43.132403],[-78.694481,43.13244900000001],[-78.694362,43.13250499999999],[-78.693629,43.132778],[-78.693372,43.132868],[-78.693075,43.133004],[-78.69286,43.13311199999999],[-78.692198,43.13344699999999],[-78.692129,43.13348599999999],[-78.678921,43.133038],[-78.678698,43.13262199999999],[-78.678483,43.132318000000005],[-78.678288,43.13205899999999],[-78.678188,43.131882],[-78.678177,43.131788],[-78.678445,43.131057999999996],[-78.67848,43.13096500000001],[-78.679271,43.128905999999986],[-78.67937100000002,43.12860599999999],[-78.679393,43.12850199999999],[-78.679583,43.127647],[-78.679625,43.127455],[-78.679641,43.127356999999996],[-78.679673,43.126785999999996],[-78.679777,43.125001999999995],[-78.679815,43.124185999999995],[-78.679856,43.12332],[-78.679879,43.12286000000001],[-78.679947,43.121483],[-78.679971,43.121024],[-78.679989,43.120632],[-78.680001,43.12038299999999],[-78.680011,43.120151],[-78.680043,43.119782],[-78.680105,43.11859],[-78.68011000000001,43.118462],[-78.680138,43.11782199999999],[-78.680161,43.117277],[-78.680227,43.11607199999999],[-78.680244,43.115781999999996],[-78.68035,43.113912000000006],[-78.680446,43.111994],[-78.680486,43.111339],[-78.680941,43.111356],[-78.682281,43.111431],[-78.683354,43.11148699999999],[-78.683741,43.111507999999986],[-78.68513800000001,43.111582],[-78.685687,43.11161],[-78.687031,43.11167999999999],[-78.687333,43.11170599999999],[-78.687464,43.11171799999999],[-78.687876,43.111793999999996],[-78.68814,43.111852999999996],[-78.688332,43.11190200000001],[-78.689696,43.11225],[-78.690151,43.112366],[-78.690354,43.112417],[-78.690963,43.11257199999999],[-78.691166,43.11262399999998],[-78.691575,43.112728000000004],[-78.692805,43.113041999999986],[-78.693131,43.113125999999994],[-78.693215,43.113148],[-78.693521,43.113226999999995],[-78.694442,43.113465000000005],[-78.694655,43.113519999999994],[-78.69475,43.113544],[-78.695172,43.11365],[-78.696441,43.11397099999999],[-78.696613,43.11401499999999],[-78.696868,43.114059],[-78.696867,43.114393],[-78.696865,43.11539599999998],[-78.696865,43.115731],[-78.696864,43.115847],[-78.696864,43.116198999999995],[-78.696864,43.116316],[-78.696863,43.11672500000001],[-78.696863,43.117309999999996],[-78.696864,43.12029199999999],[-78.696865,43.121171999999994],[-78.696872,43.121287],[-78.696874,43.121871],[-78.69688,43.123036],[-78.69688,43.123622999999995],[-78.69688,43.123994],[-78.69688,43.124208],[-78.696883,43.12536],[-78.696884,43.125619],[-78.696884,43.125909]]]},"properties":{"geoid":"36063023405","name":"234.05","namelsad":"Census Tract 234.05","aland_acres":790.6144918425563,"site_count":1,"cont_acres":27.27,"coverage_pct":3.45,"sites_per_sqmi":0.81}},{"type":"Feature","geometry":{"type":"Polygon","coordinates":[[[-78.715979,43.190771000000005],[-78.709829,43.19098],[-78.709552,43.19075300000001],[-78.707755,43.189285],[-78.705572,43.18908899999999],[-78.70544,43.189080999999995],[-78.705045,43.18905699999999],[-78.704914,43.18904899999998],[-78.704321,43.18904199999999],[-78.70436,43.189828],[-78.70444,43.189996],[-78.704758,43.190718999999994],[-78.70481,43.190809999999985],[-78.704911,43.190912999999995],[-78.705049,43.19103899999999],[-78.705546,43.191492],[-78.70578,43.191700999999995],[-78.705969,43.19182399999999],[-78.706101,43.19187699999999],[-78.706203,43.19200899999999],[-78.706382,43.192208],[-78.706514,43.192331],[-78.706856,43.19265099999999],[-78.707108,43.19285699999999],[-78.707522,43.193152000000005],[-78.70793,43.193420999999994],[-78.707975,43.193454999999986],[-78.708161,43.19359399999999],[-78.708249,43.193696],[-78.70838,43.19390799999999],[-78.70721,43.193859999999994],[-78.706495,43.193830999999996],[-78.704243,43.193761],[-78.703701,43.19373399999999],[-78.703335,43.193717],[-78.702925,43.19367699999999],[-78.702539,43.193615],[-78.701521,43.193529000000005],[-78.699827,43.19338699999999],[-78.698968,43.192758],[-78.698728,43.192582],[-78.697904,43.19198],[-78.697687,43.191938],[-78.69702,43.191871],[-78.696856,43.191865],[-78.696341,43.191849],[-78.693245,43.191826999999996],[-78.693165,43.191825999999985],[-78.692646,43.191825999999985],[-78.691629,43.19181100000001],[-78.689974,43.191801],[-78.689388,43.191794],[-78.68763,43.191776000000004],[-78.687434,43.191773999999995],[-78.687045,43.191749],[-78.6866,43.191711999999995],[-78.686046,43.19163300000001],[-78.685578,43.191531],[-78.685339,43.19148],[-78.685166,43.19143099999998],[-78.6847,43.191292999999995],[-78.682285,43.190477999999985],[-78.68161,43.19025799999999],[-78.681341,43.19016599999999],[-78.680163,43.18976299999999],[-78.67993600000001,43.189687],[-78.679569,43.189564],[-78.679207,43.189440999999995],[-78.678608,43.189239],[-78.677022,43.18869800000001],[-78.676295,43.18845099999999],[-78.675087,43.188039999999994],[-78.673808,43.18760900000001],[-78.672932,43.18735099999999],[-78.672579,43.187270999999996],[-78.671951,43.18714799999999],[-78.671369,43.187046999999986],[-78.670106,43.18682999999998],[-78.669965,43.18680599999998],[-78.669542,43.18673499999999],[-78.669402,43.186712],[-78.669343,43.18670199999999],[-78.669167,43.186672],[-78.669109,43.186663],[-78.669104,43.186414],[-78.669089,43.18566899999998],[-78.669084,43.18542099999999],[-78.669005,43.185427000000004],[-78.668768,43.185444999999994],[-78.66869,43.185452],[-78.668623,43.185449000000006],[-78.668432,43.18547300000001],[-78.668368,43.185478999999994],[-78.667899,43.185503],[-78.666491,43.185576999999995],[-78.666023,43.185602],[-78.665863,43.18561499999999],[-78.665385,43.18565600000001],[-78.665226,43.185669999999995],[-78.665172,43.185644999999994],[-78.664679,43.185371],[-78.664606,43.185331],[-78.663916,43.18491399999999],[-78.663442,43.184625],[-78.663079,43.184403999999994],[-78.662547,43.184081],[-78.662549,43.183990999999985],[-78.662556,43.183722],[-78.66255900000002,43.18363300000001],[-78.662653,43.183608],[-78.66344,43.183403],[-78.665627,43.182834],[-78.666352,43.18264599999999],[-78.66807,43.182188999999994],[-78.669207,43.18189699999999],[-78.671105,43.181391999999995],[-78.672223,43.181048],[-78.672809,43.18084799999999],[-78.673411,43.18062300000001],[-78.673698,43.180517],[-78.674542,43.18016599999999],[-78.674721,43.18008499999999],[-78.675308,43.17982500000001],[-78.676347,43.17930299999998],[-78.676888,43.17901100000001],[-78.677471,43.178670999999994],[-78.677538,43.178633],[-78.677598,43.178597999999994],[-78.67767,43.178549999999994],[-78.677812,43.178459],[-78.678633,43.177931],[-78.678907,43.177756],[-78.67918,43.17757799999999],[-78.680002,43.177047],[-78.680206,43.176915],[-78.68027600000002,43.17687],[-78.68033,43.176835000000004],[-78.680417,43.176779999999994],[-78.680495,43.17673],[-78.68055,43.17669500000001],[-78.680848,43.176502],[-78.681747,43.175923],[-78.682021,43.175747],[-78.682043,43.175734999999996],[-78.682318,43.175581999999984],[-78.682333,43.17557399999998],[-78.683158,43.175148999999976],[-78.68343900000002,43.175004999999985],[-78.683991,43.17473999999999],[-78.684406,43.174542],[-78.685631,43.174033],[-78.685679,43.17401299999999],[-78.686175,43.173819],[-78.686252,43.173797],[-78.68642,43.173749],[-78.686694,43.173686000000004],[-78.686764,43.173672],[-78.686998,43.173627999999994],[-78.687294,43.17358799999999],[-78.687903,43.17352399999999],[-78.688222,43.17350299999999],[-78.688335,43.17349999999998],[-78.688863,43.17348799999999],[-78.689061,43.173487999999985],[-78.689655,43.17348899999999],[-78.689854,43.173489999999994],[-78.689868,43.17348999999998],[-78.68991,43.17349],[-78.689924,43.17349099999999],[-78.68998800000001,43.17349099999999],[-78.690029,43.173491999999996],[-78.690181,43.17349299999999],[-78.69024600000002,43.17349399999999],[-78.69222,43.173503000000004],[-78.69310600000001,43.173505],[-78.693998,43.17350599999999],[-78.694642,43.173494],[-78.694914,43.17347],[-78.695117,43.173441],[-78.695714,43.173353],[-78.696264,43.173231],[-78.696853,43.173059999999985],[-78.696853,43.17347],[-78.69685,43.174339999999994],[-78.696851,43.17451599999999],[-78.696854,43.17504799999999],[-78.696856,43.17522499999999],[-78.696857,43.175397999999994],[-78.69686,43.17591899999999],[-78.696862,43.176092999999995],[-78.696863,43.176277999999996],[-78.696865,43.176832],[-78.696867,43.17701799999999],[-78.696867,43.177095999999985],[-78.696867,43.177331],[-78.696867,43.17741],[-78.696865,43.177499999999995],[-78.696861,43.177771],[-78.69686,43.177862],[-78.696859,43.177986],[-78.696855,43.178358],[-78.696855,43.17848299999999],[-78.696854,43.178692000000005],[-78.696851,43.17931899999999],[-78.696851,43.179529],[-78.69685,43.17957199999999],[-78.696848,43.179700000000004],[-78.696848,43.17974399999999],[-78.696853,43.180205999999984],[-78.696855,43.18028799999999],[-78.696893,43.180391],[-78.69696,43.180474999999994],[-78.697027,43.180519],[-78.697708,43.18086699999999],[-78.697811,43.180967],[-78.697834,43.181013],[-78.697836,43.181059999999995],[-78.69784,43.181154],[-78.697811,43.181521999999994],[-78.698106,43.181637],[-78.698251,43.181693999999986],[-78.698457,43.18175699999999],[-78.698863,43.181832],[-78.69903,43.18185799999999],[-78.699344,43.18190899999999],[-78.699202,43.182816],[-78.699565,43.182828],[-78.699818,43.182843],[-78.700234,43.182871],[-78.70049,43.182917999999994],[-78.700772,43.182984],[-78.701337,43.183139],[-78.701673,43.183269],[-78.70194,43.183403],[-78.702145,43.183552999999996],[-78.702393,43.18377199999998],[-78.702868,43.184051999999994],[-78.702985,43.184117],[-78.703412,43.184286],[-78.703512,43.18432999999999],[-78.703649,43.184391],[-78.703787,43.18447],[-78.70388900000002,43.18439599999999],[-78.703972,43.184358999999986],[-78.704163,43.184322999999985],[-78.704374,43.18432899999999],[-78.704875,43.184374],[-78.70512,43.184410999999976],[-78.705914,43.184533],[-78.707438,43.18478499999999],[-78.707656,43.184806],[-78.707804,43.18480099999999],[-78.708319,43.184753999999984],[-78.709206,43.18467900000001],[-78.709837,43.184625999999994],[-78.710295,43.184529000000005],[-78.710559,43.18445800000001],[-78.71088,43.18436],[-78.711735,43.18404999999999],[-78.711833,43.18402299999999],[-78.711958,43.183989999999994],[-78.71216200000002,43.18395099999999],[-78.712285,43.186056],[-78.714505,43.185556999999996],[-78.714517,43.185685],[-78.714618,43.186760000000014],[-78.71633200000001,43.18656299999999],[-78.715979,43.190771000000005]]]},"properties":{"geoid":"36063023500","name":"235","namelsad":"Census Tract 235","aland_acres":1196.7099891866674,"site_count":7,"cont_acres":56.77,"coverage_pct":4.74,"sites_per_sqmi":3.74}},{"type":"Feature","geometry":{"type":"Polygon","coordinates":[[[-78.754856,43.135847999999996],[-78.75480200000001,43.135994],[-78.754737,43.13630700000001],[-78.75472,43.136392],[-78.754689,43.13676499999999],[-78.75468,43.13773199999999],[-78.754677,43.138209],[-78.75467,43.13947099999999],[-78.754656,43.142307],[-78.754664,43.143259999999984],[-78.754675,43.14452299999999],[-78.754663,43.145632],[-78.754662,43.14566799999999],[-78.754647,43.14910699999999],[-78.754644,43.149877],[-78.754638,43.15025299999999],[-78.754635,43.15050399999999],[-78.75462,43.151325],[-78.754616,43.151741],[-78.754608,43.15286300000001],[-78.754615,43.155897],[-78.754608,43.15620899999999],[-78.754599,43.156678],[-78.754599,43.157194],[-78.754611,43.157697999999996],[-78.754606,43.158297999999995],[-78.754602,43.158975999999996],[-78.7546,43.159666],[-78.754594,43.16303],[-78.754591,43.16557199999999],[-78.754591,43.165850999999996],[-78.754584,43.16754099999999],[-78.75458300000001,43.168334],[-78.754582,43.16966300000001],[-78.754574,43.17187],[-78.754576,43.172385],[-78.754574,43.172648],[-78.754574,43.17273899999999],[-78.75457,43.17344],[-78.754569,43.173705000000005],[-78.754623,43.174443999999994],[-78.754785,43.176664],[-78.75483900000002,43.17740499999999],[-78.754756,43.179028],[-78.754511,43.183898],[-78.75443,43.18552199999999],[-78.754414,43.18596399999999],[-78.75436800000001,43.18729],[-78.754353,43.187733],[-78.754482,43.188309000000004],[-78.754524,43.18861199999999],[-78.754547,43.189107],[-78.754548,43.18968499999999],[-78.754555,43.192578999999995],[-78.754547,43.19495100000001],[-78.754553,43.195429],[-78.754552,43.195595000000004],[-78.754542,43.19756599999999],[-78.754543,43.19831400000001],[-78.754546,43.200559],[-78.754547,43.20130799999998],[-78.754547,43.201342999999994],[-78.754547,43.20317799999999],[-78.754548,43.208788],[-78.754549,43.210658999999985],[-78.754553,43.210957],[-78.75454,43.21143699999999],[-78.754542,43.211738],[-78.754547,43.21239099999998],[-78.754599,43.214977],[-78.754621,43.216057000000006],[-78.754623,43.216123],[-78.754629,43.21632099999999],[-78.754631,43.216388],[-78.754641,43.216982],[-78.754642,43.217006],[-78.754639,43.21876399999999],[-78.754639,43.219097999999995],[-78.754646,43.219164],[-78.754681,43.219225],[-78.754781,43.21929899999999],[-78.753116,43.219294],[-78.74812400000002,43.219279],[-78.74646,43.219274],[-78.746385,43.21928299999999],[-78.745954,43.219317999999994],[-78.745413,43.21934199999999],[-78.74451,43.219346],[-78.744078,43.219348],[-78.738653,43.21935],[-78.736701,43.219351],[-78.73529,43.219345],[-78.73106000000001,43.219326999999986],[-78.729651,43.219321],[-78.72698200000002,43.21932400000001],[-78.72384,43.219328],[-78.719936,43.21932799999999],[-78.718975,43.21932399999999],[-78.717764,43.219320999999994],[-78.716307,43.219322],[-78.715751,43.219322],[-78.714084,43.219322999999996],[-78.713529,43.219324],[-78.713163,43.219322],[-78.712065,43.21931599999999],[-78.7117,43.21931500000001],[-78.710235,43.219308999999996],[-78.70584200000002,43.219293999999984],[-78.704378,43.219288999999996],[-78.702587,43.219281],[-78.701443,43.219276999999984],[-78.697217,43.219235999999995],[-78.696733,43.219232],[-78.695427,43.219222],[-78.695211,43.219218999999995],[-78.694563,43.219212999999996],[-78.694347,43.219211],[-78.690859,43.21916399999999],[-78.690211,43.219156],[-78.682608,43.219069],[-78.681736,43.21905399999999],[-78.680395,43.21904],[-78.676907,43.219006],[-78.67235,43.219013999999994],[-78.672104,43.219014],[-78.654233,43.218888],[-78.653868,43.21888599999999],[-78.652048,43.218873],[-78.651134,43.21886699999998],[-78.648236,43.218871],[-78.639545,43.21888399999999],[-78.636648,43.218889],[-78.634599,43.21875499999999],[-78.633334,43.218673],[-78.628455,43.21835099999999],[-78.626407,43.21821599999999],[-78.625476,43.218143999999995],[-78.622683,43.217928],[-78.621752,43.217856999999995],[-78.621591,43.215627],[-78.621109,43.208937999999996],[-78.620949,43.20670899999999],[-78.621052,43.19684999999999],[-78.621039,43.196338],[-78.621003,43.194804999999995],[-78.620992,43.194294],[-78.620989,43.194262],[-78.620981,43.194168],[-78.620979,43.194137000000005],[-78.623416,43.19403199999999],[-78.626129,43.19391600000001],[-78.629075,43.193864999999995],[-78.630104,43.19382800000001],[-78.630729,43.193769],[-78.632908,43.19356499999999],[-78.63316,43.193559],[-78.636539,43.193115000000006],[-78.638297,43.192885],[-78.645116,43.19228999999999],[-78.64668,43.19191299999999],[-78.64999500000002,43.191117],[-78.653354,43.190303],[-78.654726,43.189971],[-78.658711,43.18902099999998],[-78.661508,43.18834999999999],[-78.663438,43.187886999999996],[-78.663783,43.18780499999999],[-78.663865,43.18774899999998],[-78.665025,43.186972999999995],[-78.666158,43.186266],[-78.666389,43.186122],[-78.666367,43.18611500000001],[-78.666301,43.18609500000001],[-78.666279,43.186089],[-78.666758,43.18595],[-78.667045,43.185868],[-78.668197,43.18553699999999],[-78.66869,43.185452],[-78.668768,43.185444999999994],[-78.669005,43.185427000000004],[-78.669084,43.18542099999999],[-78.669089,43.18566899999998],[-78.669104,43.186414],[-78.669109,43.186663],[-78.669167,43.186672],[-78.669343,43.18670199999999],[-78.669402,43.186712],[-78.669542,43.18673499999999],[-78.669965,43.18680599999998],[-78.670106,43.18682999999998],[-78.671369,43.187046999999986],[-78.671951,43.18714799999999],[-78.672579,43.187270999999996],[-78.672932,43.18735099999999],[-78.673808,43.18760900000001],[-78.675087,43.188039999999994],[-78.676295,43.18845099999999],[-78.677022,43.18869800000001],[-78.678608,43.189239],[-78.679207,43.189440999999995],[-78.679569,43.189564],[-78.67993600000001,43.189687],[-78.680163,43.18976299999999],[-78.681341,43.19016599999999],[-78.68161,43.19025799999999],[-78.682285,43.190477999999985],[-78.6847,43.191292999999995],[-78.685166,43.19143099999998],[-78.685339,43.19148],[-78.685578,43.191531],[-78.686046,43.19163300000001],[-78.6866,43.191711999999995],[-78.687045,43.191749],[-78.687434,43.191773999999995],[-78.68763,43.191776000000004],[-78.689388,43.191794],[-78.689974,43.191801],[-78.691629,43.19181100000001],[-78.692646,43.191825999999985],[-78.693165,43.191825999999985],[-78.693245,43.191826999999996],[-78.696341,43.191849],[-78.696856,43.191865],[-78.69702,43.191871],[-78.697687,43.191938],[-78.697904,43.19198],[-78.698728,43.192582],[-78.698968,43.192758],[-78.699827,43.19338699999999],[-78.701521,43.193529000000005],[-78.702539,43.193615],[-78.702925,43.19367699999999],[-78.703335,43.193717],[-78.703701,43.19373399999999],[-78.704243,43.193761],[-78.706495,43.193830999999996],[-78.70721,43.193859999999994],[-78.70838,43.19390799999999],[-78.708249,43.193696],[-78.708161,43.19359399999999],[-78.707975,43.193454999999986],[-78.70793,43.193420999999994],[-78.707522,43.193152000000005],[-78.707108,43.19285699999999],[-78.706856,43.19265099999999],[-78.706514,43.192331],[-78.706382,43.192208],[-78.706203,43.19200899999999],[-78.706101,43.19187699999999],[-78.705969,43.19182399999999],[-78.70578,43.191700999999995],[-78.705546,43.191492],[-78.705049,43.19103899999999],[-78.704911,43.190912999999995],[-78.70481,43.190809999999985],[-78.704758,43.190718999999994],[-78.70444,43.189996],[-78.70436,43.189828],[-78.704321,43.18904199999999],[-78.704914,43.18904899999998],[-78.705045,43.18905699999999],[-78.70544,43.189080999999995],[-78.705572,43.18908899999999],[-78.707755,43.189285],[-78.709552,43.19075300000001],[-78.709829,43.19098],[-78.715979,43.190771000000005],[-78.71633200000001,43.18656299999999],[-78.714618,43.186760000000014],[-78.714517,43.185685],[-78.714505,43.185556999999996],[-78.712285,43.186056],[-78.71216200000002,43.18395099999999],[-78.712506,43.183886],[-78.712699,43.18385],[-78.713145,43.18378],[-78.71342700000001,43.183739],[-78.714187,43.18360500000001],[-78.714399,43.18357000000001],[-78.714637,43.18353199999999],[-78.717818,43.182987],[-78.718668,43.18284399999999],[-78.720167,43.182582],[-78.721112,43.18242299999999],[-78.722735,43.182151],[-78.72335000000001,43.182041999999996],[-78.72356500000001,43.18200399999999],[-78.723507,43.17781999999999],[-78.723478,43.175684999999994],[-78.72345,43.175489000000006],[-78.723342,43.17419300000001],[-78.723159,43.171278],[-78.723093,43.169816000000004],[-78.72308400000001,43.16950999999999],[-78.72308200000002,43.169456999999994],[-78.723114,43.16920099999999],[-78.72313,43.169076999999994],[-78.723135,43.16893899999999],[-78.723132,43.16854399999999],[-78.723116,43.16843099999999],[-78.723088,43.16822099999999],[-78.723077,43.16817699999999],[-78.722979,43.16737699999999],[-78.722928,43.166949],[-78.72292,43.165461],[-78.723406,43.165354],[-78.724015,43.16522200000001],[-78.724194,43.165182],[-78.724361,43.165152],[-78.72486300000001,43.165063],[-78.725031,43.16503399999999],[-78.725301,43.16497300000001],[-78.726114,43.16479399999999],[-78.726385,43.164734],[-78.72667900000002,43.165256],[-78.726731,43.165347999999994],[-78.727423,43.16661299999999],[-78.72754,43.166833999999994],[-78.727564,43.166879],[-78.72772100000002,43.167109],[-78.72786,43.16734099999999],[-78.728045,43.16762499999999],[-78.728231,43.16791],[-78.728625,43.168337],[-78.728697,43.168402],[-78.72895,43.16862999999999],[-78.729142,43.16878700000001],[-78.729576,43.169141],[-78.729721,43.16925799999999],[-78.729915,43.169413999999996],[-78.730428,43.169397000000004],[-78.731341,43.169367],[-78.731301,43.169993000000005],[-78.73127,43.170505999999996],[-78.73136,43.170577999999985],[-78.731456,43.170656],[-78.731632,43.17079699999999],[-78.731723,43.170869999999994],[-78.731953,43.171044],[-78.73218,43.171216],[-78.732496,43.171422],[-78.732675,43.17152599999999],[-78.732819,43.17161],[-78.732927,43.171669],[-78.732792,43.170785],[-78.732737,43.170419],[-78.733442,43.170388],[-78.733362,43.17086199999999],[-78.734296,43.171488],[-78.734357,43.171527999999995],[-78.734109,43.17220699999999],[-78.734246,43.172261999999996],[-78.734334,43.17229600000001],[-78.734446,43.172340999999996],[-78.734599,43.172397999999994],[-78.734688,43.17243199999999],[-78.734926,43.17180099999999],[-78.735045,43.17186300000001],[-78.735419,43.172012999999986],[-78.735331,43.172673999999994],[-78.735415,43.17270599999999],[-78.735597,43.172775],[-78.735621,43.172784],[-78.735694,43.172811],[-78.735719,43.172821],[-78.735874,43.172878999999995],[-78.735956,43.17232599999999],[-78.736576,43.172507],[-78.73655,43.172704],[-78.736496,43.173112],[-78.736601,43.173151000000004],[-78.736922,43.17327099999999],[-78.737025,43.173309],[-78.737108,43.17276999999999],[-78.738823,43.17281299999999],[-78.738826,43.172173],[-78.73888,43.16347100000001],[-78.738898,43.160571],[-78.738593,43.16065699999999],[-78.73811700000002,43.160800999999985],[-78.738086,43.16080199999998],[-78.737105,43.16110299999999],[-78.736149,43.161409],[-78.735675,43.16154900000001],[-78.73486800000002,43.16179000000001],[-78.734684,43.162014000000006],[-78.734281,43.162508],[-78.734195,43.162291],[-78.73409,43.162021],[-78.734076,43.161984],[-78.734035,43.16187299999999],[-78.734022,43.161836],[-78.733774,43.161909],[-78.733031,43.16213],[-78.732784,43.162204],[-78.732799,43.16223899999999],[-78.732844,43.16234699999998],[-78.73286,43.162383],[-78.731521,43.162771000000006],[-78.729264,43.163427],[-78.727517,43.163971999999994],[-78.726965,43.164145],[-78.726184,43.164377],[-78.725539,43.164567999999996],[-78.72543,43.164601],[-78.723596,43.165142],[-78.722961,43.165327],[-78.722951,43.16520899999999],[-78.722921,43.164855],[-78.722912,43.164737],[-78.722903,43.16472399999999],[-78.722879,43.164686],[-78.722872,43.16467399999999],[-78.722876,43.16464299999999],[-78.722891,43.16455],[-78.722897,43.164519999999996],[-78.72294,43.164021999999996],[-78.723073,43.162530000000004],[-78.723117,43.162033],[-78.723202,43.160752],[-78.723459,43.156912],[-78.723545,43.155633],[-78.723693,43.153805999999996],[-78.724141,43.14832799999999],[-78.72429,43.14650199999999],[-78.724307,43.145948999999995],[-78.724362,43.14429299999999],[-78.724381,43.143741999999996],[-78.723362,43.143820999999996],[-78.720307,43.144059999999996],[-78.719289,43.14414],[-78.719193,43.144122],[-78.718907,43.14407099999998],[-78.718812,43.144054],[-78.718665,43.144024999999985],[-78.717782,43.145365],[-78.715027,43.149548999999986],[-78.714875,43.14975199999999],[-78.713826,43.151159],[-78.713785,43.15115900000001],[-78.713664,43.151159],[-78.713624,43.151159],[-78.713285,43.15115599999999],[-78.71227,43.151146999999995],[-78.711932,43.151144999999985],[-78.711835,43.15114699999999],[-78.711547,43.151156],[-78.711451,43.151159],[-78.709936,43.151143999999995],[-78.709445,43.151139999999984],[-78.709444,43.151792999999984],[-78.705161,43.151771999999994],[-78.703841,43.151812],[-78.70337,43.15179199999999],[-78.70335,43.151188999999995],[-78.703491,43.15118899999999],[-78.70349,43.15109399999999],[-78.702844,43.151106000000006],[-78.702476,43.15111100000001],[-78.701888,43.151121],[-78.700842,43.15113699999999],[-78.698268,43.151171999999995],[-78.696866,43.151192],[-78.696864,43.151101],[-78.696858,43.150829],[-78.696857,43.150739],[-78.694719,43.150698000000006],[-78.688307,43.150574999999996],[-78.68617000000002,43.150534],[-78.686169,43.150599],[-78.686166,43.15079399999999],[-78.686165,43.150859],[-78.684711,43.15085899999999],[-78.683289,43.150859],[-78.68314400000001,43.14966],[-78.681413,43.149606],[-78.67996,43.149561],[-78.679968,43.14970499999999],[-78.67998,43.149961999999995],[-78.67999,43.15016899999999],[-78.680033,43.15116799999999],[-78.680039,43.151283],[-78.680052,43.15157099999999],[-78.680059,43.15173499999999],[-78.680081,43.15222899999999],[-78.680089,43.15239399999999],[-78.680091,43.15243999999999],[-78.680097,43.15258099999999],[-78.6801,43.15262800000001],[-78.68011000000001,43.15286],[-78.68014,43.15355699999999],[-78.680151,43.15379],[-78.679787,43.153773999999984],[-78.678695,43.15372899999999],[-78.678332,43.153715],[-78.678293,43.153713],[-78.678179,43.15370699999999],[-78.678141,43.153704999999995],[-78.677472,43.153674],[-78.6764,43.153625000000005],[-78.675465,43.15357399999999],[-78.675335,43.153566999999995],[-78.674797,43.153546999999996],[-78.674754,43.153544999999994],[-78.674627,43.153539],[-78.674585,43.15353799999999],[-78.674217,43.153361999999994],[-78.674373,43.15271],[-78.674412,43.15222],[-78.674459,43.151937000000004],[-78.674491,43.151247],[-78.674493,43.15119399999998],[-78.674516,43.150906000000006],[-78.674539,43.15085200000001],[-78.674665,43.15074],[-78.675036,43.15051899999999],[-78.67531,43.150295],[-78.675618,43.149454],[-78.675778,43.14911599999999],[-78.675995,43.14859499999999],[-78.676172,43.148137000000006],[-78.676218,43.14809999999999],[-78.676332,43.148049999999984],[-78.67656000000001,43.14792],[-78.676594,43.147878999999996],[-78.676629,43.147724999999994],[-78.676684,43.147646],[-78.676768,43.147517],[-78.677079,43.147042000000006],[-78.677464,43.146331],[-78.677594,43.14602699999999],[-78.677688,43.14580599999999],[-78.677761,43.14560900000001],[-78.67781500000001,43.145514],[-78.678027,43.145296],[-78.678198,43.145026],[-78.678337,43.14489499999999],[-78.678479,43.144691],[-78.678526,43.14447599999999],[-78.678567,43.144428999999995],[-78.678614,43.14439600000001],[-78.678705,43.144366999999995],[-78.678774,43.14432299999999],[-78.678816,43.14425699999998],[-78.67905,43.144053],[-78.679093,43.143973],[-78.679093,43.143882000000005],[-78.679046,43.143572],[-78.679009,43.143405],[-78.678963,43.14330300000001],[-78.678947,43.14327000000001],[-78.678891,43.14320099999999],[-78.678603,43.14298199999999],[-78.678541,43.142898],[-78.67841300000002,43.142228999999986],[-78.678421,43.142137999999996],[-78.67845,43.14203599999999],[-78.67849,43.141978],[-78.678843,43.14175300000001],[-78.674125,43.141594],[-78.674048,43.14159200000001],[-78.666877,43.141344000000004],[-78.663244,43.14123],[-78.663328,43.140049999999995],[-78.663378,43.139366],[-78.663405,43.13898400000001],[-78.663424,43.138733999999985],[-78.664726,43.138726999999996],[-78.666405,43.13871900000001],[-78.669089,43.13881500000001],[-78.669204,43.138819999999996],[-78.672433,43.138924],[-78.673458,43.138982000000006],[-78.673892,43.138982],[-78.674056,43.138942],[-78.674129,43.13888399999998],[-78.67416900000002,43.13881799999999],[-78.674154,43.137539],[-78.674068,43.13659199999999],[-78.674016,43.13476699999999],[-78.674009,43.134002],[-78.674053,43.13385300000001],[-78.674138,43.133824],[-78.675486,43.13384499999999],[-78.675964,43.13386499999999],[-78.676253,43.133878],[-78.67646800000001,43.13388799999999],[-78.676907,43.133906],[-78.677315,43.133906],[-78.677713,43.133886999999994],[-78.677887,43.13386899999999],[-78.678142,43.133822],[-78.678347,43.13376400000001],[-78.678453,43.133715999999986],[-78.678511,43.13366499999999],[-78.678571,43.13354499999999],[-78.67863,43.133326],[-78.678695,43.13317299999999],[-78.678754,43.13311499999999],[-78.678848,43.13306399999999],[-78.678921,43.133038],[-78.692129,43.13348599999999],[-78.692198,43.13344699999999],[-78.69286,43.13311199999999],[-78.693075,43.133004],[-78.693372,43.132868],[-78.693629,43.132778],[-78.694362,43.13250499999999],[-78.694481,43.13244900000001],[-78.694533,43.132403],[-78.694549,43.132334],[-78.694542,43.132312999999996],[-78.694504,43.13208],[-78.694509,43.131741999999996],[-78.69454,43.13158899999999],[-78.694608,43.13149900000001],[-78.694792,43.13140899999999],[-78.695599,43.131119999999996],[-78.69652,43.130897999999995],[-78.69688,43.130831],[-78.696881,43.131336999999995],[-78.696883,43.131556],[-78.696889,43.132216],[-78.696891,43.132436],[-78.697325,43.132446],[-78.698628,43.132476000000004],[-78.699063,43.132487000000005],[-78.701374,43.132540000000006],[-78.706909,43.132668999999986],[-78.707842,43.132713],[-78.708309,43.132729000000005],[-78.710621,43.132809],[-78.711222,43.13281999999999],[-78.711402,43.13282399999999],[-78.712061,43.13282900000001],[-78.713028,43.132854],[-78.713276,43.132860999999984],[-78.71363,43.13286599999999],[-78.714009,43.13287100000001],[-78.714939,43.132884],[-78.715149,43.132886],[-78.715529,43.13289099999999],[-78.715704,43.13289299999999],[-78.716232,43.132899],[-78.716408,43.13290099999999],[-78.716518,43.132901999999994],[-78.717914,43.132918000000004],[-78.718346,43.132923999999996],[-78.721979,43.132946000000004],[-78.72243500000002,43.132950999999984],[-78.723942,43.132968],[-78.724281,43.132973],[-78.725298,43.13299099999999],[-78.725638,43.13299699999999],[-78.725693,43.132998],[-78.725798,43.13300000000002],[-78.72586000000001,43.13300099999999],[-78.725916,43.133003],[-78.726011,43.133004],[-78.726297,43.13300999999999],[-78.726393,43.133012],[-78.728154,43.133022999999994],[-78.728767,43.133029],[-78.735889,43.13310299999999],[-78.738263,43.133128],[-78.738376,43.13312899999999],[-78.740596,43.133157999999995],[-78.741572,43.133165],[-78.745279,43.133194],[-78.748402,43.133213000000005],[-78.751503,43.133241],[-78.754813,43.13327099999999],[-78.754821,43.133786],[-78.754847,43.13533199999999],[-78.754856,43.135847999999996]]]},"properties":{"geoid":"36063023401","name":"234.01","namelsad":"Census Tract 234.01","aland_acres":14191.408342673916,"site_count":5,"cont_acres":269.93,"coverage_pct":1.9,"sites_per_sqmi":0.23}},{"type":"Feature","geometry":{"type":"Polygon","coordinates":[[[-78.73888,43.16347100000001],[-78.738826,43.172173],[-78.738823,43.17281299999999],[-78.737108,43.17276999999999],[-78.737025,43.173309],[-78.736922,43.17327099999999],[-78.736601,43.173151000000004],[-78.736496,43.173112],[-78.73655,43.172704],[-78.736576,43.172507],[-78.735956,43.17232599999999],[-78.735874,43.172878999999995],[-78.735719,43.172821],[-78.735694,43.172811],[-78.735621,43.172784],[-78.735597,43.172775],[-78.735415,43.17270599999999],[-78.735331,43.172673999999994],[-78.735419,43.172012999999986],[-78.735045,43.17186300000001],[-78.734926,43.17180099999999],[-78.734688,43.17243199999999],[-78.734599,43.172397999999994],[-78.734446,43.172340999999996],[-78.734334,43.17229600000001],[-78.734246,43.172261999999996],[-78.734109,43.17220699999999],[-78.734357,43.171527999999995],[-78.734296,43.171488],[-78.733362,43.17086199999999],[-78.733442,43.170388],[-78.732737,43.170419],[-78.732792,43.170785],[-78.732927,43.171669],[-78.732819,43.17161],[-78.732675,43.17152599999999],[-78.732496,43.171422],[-78.73218,43.171216],[-78.731953,43.171044],[-78.731723,43.170869999999994],[-78.731632,43.17079699999999],[-78.731456,43.170656],[-78.73136,43.170577999999985],[-78.73127,43.170505999999996],[-78.731301,43.169993000000005],[-78.731341,43.169367],[-78.730428,43.169397000000004],[-78.729915,43.169413999999996],[-78.729721,43.16925799999999],[-78.729576,43.169141],[-78.729142,43.16878700000001],[-78.72895,43.16862999999999],[-78.728697,43.168402],[-78.728625,43.168337],[-78.728231,43.16791],[-78.728045,43.16762499999999],[-78.72786,43.16734099999999],[-78.72772100000002,43.167109],[-78.727564,43.166879],[-78.72754,43.166833999999994],[-78.727423,43.16661299999999],[-78.726731,43.165347999999994],[-78.72667900000002,43.165256],[-78.726385,43.164734],[-78.726114,43.16479399999999],[-78.725301,43.16497300000001],[-78.725031,43.16503399999999],[-78.72486300000001,43.165063],[-78.724361,43.165152],[-78.724194,43.165182],[-78.724015,43.16522200000001],[-78.723406,43.165354],[-78.72292,43.165461],[-78.722928,43.166949],[-78.722979,43.16737699999999],[-78.723077,43.16817699999999],[-78.723088,43.16822099999999],[-78.723116,43.16843099999999],[-78.723132,43.16854399999999],[-78.723135,43.16893899999999],[-78.72313,43.169076999999994],[-78.723114,43.16920099999999],[-78.72308200000002,43.169456999999994],[-78.72308400000001,43.16950999999999],[-78.723093,43.169816000000004],[-78.723159,43.171278],[-78.723342,43.17419300000001],[-78.72345,43.175489000000006],[-78.723478,43.175684999999994],[-78.723507,43.17781999999999],[-78.72356500000001,43.18200399999999],[-78.72335000000001,43.182041999999996],[-78.722735,43.182151],[-78.721112,43.18242299999999],[-78.720167,43.182582],[-78.718668,43.18284399999999],[-78.717818,43.182987],[-78.714637,43.18353199999999],[-78.714399,43.18357000000001],[-78.714187,43.18360500000001],[-78.71342700000001,43.183739],[-78.713145,43.18378],[-78.712699,43.18385],[-78.712506,43.183886],[-78.71216200000002,43.18395099999999],[-78.711958,43.183989999999994],[-78.711833,43.18402299999999],[-78.711735,43.18404999999999],[-78.71088,43.18436],[-78.710559,43.18445800000001],[-78.710295,43.184529000000005],[-78.709837,43.184625999999994],[-78.709206,43.18467900000001],[-78.708319,43.184753999999984],[-78.707804,43.18480099999999],[-78.707656,43.184806],[-78.707438,43.18478499999999],[-78.705914,43.184533],[-78.70512,43.184410999999976],[-78.704875,43.184374],[-78.704374,43.18432899999999],[-78.704163,43.184322999999985],[-78.703972,43.184358999999986],[-78.70388900000002,43.18439599999999],[-78.703787,43.18447],[-78.703649,43.184391],[-78.703512,43.18432999999999],[-78.703412,43.184286],[-78.702985,43.184117],[-78.702868,43.184051999999994],[-78.702393,43.18377199999998],[-78.702145,43.183552999999996],[-78.70194,43.183403],[-78.701673,43.183269],[-78.701337,43.183139],[-78.700772,43.182984],[-78.70049,43.182917999999994],[-78.700234,43.182871],[-78.699818,43.182843],[-78.699565,43.182828],[-78.699202,43.182816],[-78.699344,43.18190899999999],[-78.69903,43.18185799999999],[-78.698863,43.181832],[-78.698457,43.18175699999999],[-78.698251,43.181693999999986],[-78.698106,43.181637],[-78.697811,43.181521999999994],[-78.69784,43.181154],[-78.697836,43.181059999999995],[-78.697834,43.181013],[-78.697811,43.180967],[-78.697708,43.18086699999999],[-78.697027,43.180519],[-78.69696,43.180474999999994],[-78.696893,43.180391],[-78.696855,43.18028799999999],[-78.696853,43.180205999999984],[-78.696848,43.17974399999999],[-78.696848,43.179700000000004],[-78.69685,43.17957199999999],[-78.696851,43.179529],[-78.696851,43.17931899999999],[-78.696854,43.178692000000005],[-78.696855,43.17848299999999],[-78.696855,43.178358],[-78.696859,43.177986],[-78.69686,43.177862],[-78.696861,43.177771],[-78.696865,43.177499999999995],[-78.696867,43.17741],[-78.696867,43.177331],[-78.696867,43.177095999999985],[-78.696867,43.17701799999999],[-78.696865,43.176832],[-78.696863,43.176277999999996],[-78.696862,43.176092999999995],[-78.69686,43.17591899999999],[-78.696857,43.175397999999994],[-78.696856,43.17522499999999],[-78.696854,43.17504799999999],[-78.696851,43.17451599999999],[-78.69685,43.174339999999994],[-78.696853,43.17347],[-78.696853,43.173059999999985],[-78.696848,43.172361],[-78.696848,43.172238],[-78.69685,43.17187299999999],[-78.696851,43.171751],[-78.696851,43.171637999999994],[-78.696851,43.1713],[-78.696852,43.171188],[-78.696852,43.17107],[-78.696856,43.170715999999985],[-78.696857,43.170599],[-78.696856,43.17048100000001],[-78.696855,43.170127],[-78.696855,43.17000899999999],[-78.69685,43.169503],[-78.696849,43.168862],[-78.696849,43.16868500000001],[-78.696852,43.168155],[-78.696853,43.168127999999996],[-78.696854,43.167978999999995],[-78.696855,43.16787399999999],[-78.696854,43.167654999999996],[-78.697153,43.16765499999999],[-78.697868,43.167083999999996],[-78.700016,43.165372999999995],[-78.700732,43.164803000000006],[-78.700787,43.16475899999999],[-78.700868,43.16469499999999],[-78.701216,43.164422],[-78.70128,43.164373],[-78.701417,43.16426599999999],[-78.703357,43.162533999999994],[-78.704745,43.161296],[-78.705546,43.16040600000001],[-78.706388,43.159474],[-78.708726,43.156883],[-78.710469,43.15495299999999],[-78.710629,43.15477],[-78.711053,43.154289],[-78.71111,43.154223],[-78.711271,43.15404199999999],[-78.711781,43.15346499999999],[-78.713315,43.151734999999995],[-78.713826,43.151159],[-78.714875,43.14975199999999],[-78.715027,43.149548999999986],[-78.717782,43.145365],[-78.718665,43.144024999999985],[-78.718812,43.144054],[-78.718907,43.14407099999998],[-78.719193,43.144122],[-78.719289,43.14414],[-78.720307,43.144059999999996],[-78.723362,43.143820999999996],[-78.724381,43.143741999999996],[-78.724362,43.14429299999999],[-78.724307,43.145948999999995],[-78.72429,43.14650199999999],[-78.724141,43.14832799999999],[-78.723693,43.153805999999996],[-78.723545,43.155633],[-78.723459,43.156912],[-78.723202,43.160752],[-78.723117,43.162033],[-78.723073,43.162530000000004],[-78.72294,43.164021999999996],[-78.722897,43.164519999999996],[-78.722891,43.16455],[-78.722876,43.16464299999999],[-78.722872,43.16467399999999],[-78.722879,43.164686],[-78.722903,43.16472399999999],[-78.722912,43.164737],[-78.722921,43.164855],[-78.722951,43.16520899999999],[-78.722961,43.165327],[-78.723596,43.165142],[-78.72543,43.164601],[-78.725539,43.164567999999996],[-78.726184,43.164377],[-78.726965,43.164145],[-78.727517,43.163971999999994],[-78.729264,43.163427],[-78.731521,43.162771000000006],[-78.73286,43.162383],[-78.732844,43.16234699999998],[-78.732799,43.16223899999999],[-78.732784,43.162204],[-78.733031,43.16213],[-78.733774,43.161909],[-78.734022,43.161836],[-78.734035,43.16187299999999],[-78.734076,43.161984],[-78.73409,43.162021],[-78.734195,43.162291],[-78.734281,43.162508],[-78.734684,43.162014000000006],[-78.73486800000002,43.16179000000001],[-78.735675,43.16154900000001],[-78.736149,43.161409],[-78.737105,43.16110299999999],[-78.738086,43.16080199999998],[-78.73811700000002,43.160800999999985],[-78.738593,43.16065699999999],[-78.738898,43.160571],[-78.73888,43.16347100000001]]]},"properties":{"geoid":"36063023600","name":"236","namelsad":"Census Tract 236","aland_acres":1904.370948706848,"site_count":13,"cont_acres":189.16,"coverage_pct":9.93,"sites_per_sqmi":4.37}},{"type":"Feature","geometry":{"type":"Polygon","coordinates":[[[-79.041498,43.095057],[-79.041389,43.095071999999995],[-79.040595,43.095086],[-79.040174,43.09508699999999],[-79.04006,43.09508699999999],[-79.03972,43.095086999999985],[-79.039607,43.09508799999999],[-79.039479,43.09508799999998],[-79.039096,43.095089],[-79.03896900000001,43.09508999999999],[-79.038715,43.09509099999999],[-79.038329,43.09509500000001],[-79.037954,43.095096999999996],[-79.037701,43.095099],[-79.037457,43.09509799999999],[-79.03711,43.095098],[-79.036725,43.095097],[-79.036481,43.095097],[-79.036421,43.095096999999996],[-79.036242,43.095098],[-79.036183,43.095099],[-79.036072,43.095099000000005],[-79.035741,43.095101],[-79.035631,43.095102999999995],[-79.035383,43.095102999999995],[-79.035012,43.09510499999999],[-79.034643,43.095106],[-79.034396,43.09510699999999],[-79.034235,43.09510699999999],[-79.033809,43.095108999999994],[-79.033753,43.095108999999994],[-79.03359300000001,43.095109999999984],[-79.033513,43.095109999999984],[-79.033273,43.095111],[-79.033194,43.095112],[-79.033183,43.094784999999995],[-79.033153,43.09380600000001],[-79.033144,43.093479999999985],[-79.033137,43.09308],[-79.033117,43.091881],[-79.033111,43.09148199999999],[-79.033108,43.09117699999998],[-79.033099,43.090262999999986],[-79.033096,43.08995899999999],[-79.033093,43.089817999999994],[-79.033089,43.08958899999999],[-79.033093,43.089398],[-79.033097,43.08925800000001],[-79.033097,43.08909599999998],[-79.033099,43.08861],[-79.0331,43.088449000000004],[-79.033398,43.088455999999994],[-79.034292,43.08847699999999],[-79.03459000000001,43.088484],[-79.034813,43.08848899999999],[-79.035103,43.088496],[-79.035485,43.088504],[-79.03571,43.08851000000001],[-79.03574,43.08851000000001],[-79.035831,43.088513],[-79.035862,43.088514],[-79.036039,43.08851799999999],[-79.03657,43.08853],[-79.036748,43.088534],[-79.03693000000001,43.088538],[-79.037479,43.08854999999999],[-79.037662,43.088554],[-79.037914,43.088558],[-79.038258,43.08856500000001],[-79.038672,43.088571999999985],[-79.038925,43.08857700000001],[-79.039147,43.08858000000001],[-79.039491,43.088584999999995],[-79.039815,43.08858899999999],[-79.040038,43.088592],[-79.040301,43.08859399999999],[-79.040685,43.088597],[-79.041092,43.0886],[-79.041356,43.08860299999999],[-79.041367,43.089158],[-79.0414,43.090827],[-79.041402,43.090965],[-79.041412,43.091383],[-79.041421,43.09176300000001],[-79.041421,43.091794],[-79.04145,43.09302699999999],[-79.041452,43.093081000000005],[-79.041461,43.09343799999999],[-79.04146900000002,43.09376400000001],[-79.041471,43.093833999999994],[-79.041492,43.094631],[-79.041494,43.094695999999985],[-79.041495,43.09474299999999],[-79.041498,43.095057]]]},"properties":{"geoid":"36063021300","name":"213","namelsad":"Census Tract 213","aland_acres":121.65172173163562,"site_count":0,"cont_acres":0,"coverage_pct":0,"sites_per_sqmi":0}},{"type":"Feature","geometry":{"type":"Polygon","coordinates":[[[-78.825049,43.133096],[-78.824218,43.13311900000001],[-78.82398900000001,43.13312100000001],[-78.82329500000002,43.13313],[-78.820548,43.133165999999996],[-78.81951,43.133181],[-78.81393,43.13326200000001],[-78.811256,43.13328099999999],[-78.80571,43.133343999999994],[-78.80289400000001,43.133362999999996],[-78.802044,43.133368999999995],[-78.797356,43.13338499999999],[-78.797024,43.13338499999999],[-78.796031,43.13338499999998],[-78.79570000000001,43.133386],[-78.795337,43.13338699999999],[-78.794247,43.133393],[-78.793885,43.133395],[-78.791905,43.13340000000001],[-78.788826,43.13340800000001],[-78.78796,43.133417],[-78.785965,43.133413999999995],[-78.784525,43.133411999999986],[-78.784321,43.133412],[-78.783986,43.133411],[-78.782244,43.13341799999999],[-78.780833,43.13340799999999],[-78.778799,43.133408],[-78.77849700000002,43.133407],[-78.770565,43.133398],[-78.769859,43.133394],[-78.762213,43.133335],[-78.76203300000002,43.133333],[-78.758321,43.133292999999995],[-78.756545,43.13328299999999],[-78.756198,43.133283],[-78.756174,43.133284],[-78.755159,43.13327399999999],[-78.754813,43.13327099999999],[-78.751503,43.133241],[-78.748402,43.133213000000005],[-78.745279,43.133194],[-78.741572,43.133165],[-78.740596,43.133157999999995],[-78.738376,43.13312899999999],[-78.738263,43.133128],[-78.735889,43.13310299999999],[-78.728767,43.133029],[-78.728154,43.133022999999994],[-78.726393,43.133012],[-78.726297,43.13300999999999],[-78.726011,43.133004],[-78.725916,43.133003],[-78.72586000000001,43.13300099999999],[-78.725798,43.13300000000002],[-78.725693,43.132998],[-78.725638,43.13299699999999],[-78.725298,43.13299099999999],[-78.724281,43.132973],[-78.723942,43.132968],[-78.72243500000002,43.132950999999984],[-78.721979,43.132946000000004],[-78.718346,43.132923999999996],[-78.717914,43.132918000000004],[-78.716518,43.132901999999994],[-78.716408,43.13290099999999],[-78.716232,43.132899],[-78.715704,43.13289299999999],[-78.715529,43.13289099999999],[-78.715149,43.132886],[-78.714939,43.132884],[-78.714009,43.13287100000001],[-78.71363,43.13286599999999],[-78.713276,43.132860999999984],[-78.713028,43.132854],[-78.712061,43.13282900000001],[-78.711402,43.13282399999999],[-78.711222,43.13281999999999],[-78.710621,43.132809],[-78.708309,43.132729000000005],[-78.707842,43.132713],[-78.706909,43.132668999999986],[-78.701374,43.132540000000006],[-78.699063,43.132487000000005],[-78.698628,43.132476000000004],[-78.697325,43.132446],[-78.696891,43.132436],[-78.696889,43.132216],[-78.696883,43.131556],[-78.696881,43.131336999999995],[-78.69688,43.130831],[-78.696882,43.130464],[-78.696884,43.12997099999999],[-78.696884,43.12959399999999],[-78.696884,43.128818],[-78.696884,43.128763000000006],[-78.696884,43.125909],[-78.696884,43.125619],[-78.696883,43.12536],[-78.69688,43.124208],[-78.69688,43.123994],[-78.69688,43.123622999999995],[-78.69688,43.123036],[-78.696874,43.121871],[-78.696872,43.121287],[-78.696865,43.121171999999994],[-78.696864,43.12029199999999],[-78.696863,43.117309999999996],[-78.696863,43.11672500000001],[-78.696864,43.116316],[-78.696864,43.116198999999995],[-78.696864,43.115847],[-78.696865,43.115731],[-78.696865,43.11539599999998],[-78.696867,43.114393],[-78.696868,43.114059],[-78.696868,43.113906],[-78.69687,43.11344799999999],[-78.696872,43.113296],[-78.696873,43.11294],[-78.696878,43.11187399999999],[-78.69688,43.11167999999999],[-78.69688,43.11151899999999],[-78.69688,43.111471],[-78.69688,43.11132800000001],[-78.69688,43.111280999999984],[-78.69687900000001,43.10957],[-78.69687900000001,43.104438999999985],[-78.69687900000001,43.103750000000005],[-78.69687900000001,43.10272899999999],[-78.696877,43.102198],[-78.696874,43.100605],[-78.696873,43.100075],[-78.696874,43.09936799999999],[-78.69688,43.09724599999999],[-78.696882,43.09654],[-78.696883,43.095348],[-78.696887,43.091775000000005],[-78.696889,43.090584],[-78.696889,43.090517999999996],[-78.696889,43.09031999999999],[-78.696889,43.090253999999995],[-78.696889,43.089753],[-78.696891,43.088809000000005],[-78.696895,43.08825],[-78.696899,43.08774999999999],[-78.696895,43.087467],[-78.69689,43.08709199999999],[-78.6969,43.086619000000006],[-78.696906,43.08633699999999],[-78.697296,43.08632999999999],[-78.697426,43.086344],[-78.69817900000001,43.086565],[-78.69902,43.086823],[-78.699089,43.08684199999999],[-78.699478,43.08688399999999],[-78.699699,43.08686099999999],[-78.701141,43.08666600000001],[-78.702057,43.086605000000006],[-78.702393,43.086594000000005],[-78.702682,43.08660100000001],[-78.703079,43.08664300000001],[-78.703346,43.08669700000001],[-78.70406300000002,43.086876],[-78.704405,43.086921],[-78.705513,43.087009],[-78.705805,43.087031999999994],[-78.707024,43.086983],[-78.707321,43.08694799999999],[-78.707511,43.086890999999994],[-78.707766,43.08671400000001],[-78.707893,43.086555000000004],[-78.707962,43.08640299999998],[-78.707999,43.086251999999995],[-78.708,43.086044],[-78.708015,43.08561099999999],[-78.70802,43.085062],[-78.708031,43.084877],[-78.708054,43.084720999999995],[-78.708193,43.084208],[-78.708351,43.083892999999996],[-78.708629,43.083423],[-78.708834,43.08317999999999],[-78.709048,43.08293399999999],[-78.70948800000001,43.082581],[-78.709625,43.08251999999999],[-78.711058,43.082263999999995],[-78.711205,43.08224899999999],[-78.711357,43.082259999999984],[-78.711548,43.08229800000001],[-78.711746,43.082352],[-78.713516,43.083014999999996],[-78.713776,43.083102999999994],[-78.71418,43.08319899999999],[-78.714479,43.083236],[-78.714767,43.08323699999998],[-78.715218,43.083183],[-78.7155,43.083092],[-78.715735,43.082995999999994],[-78.715942,43.08289],[-78.716095,43.082787],[-78.716438,43.082516000000005],[-78.716499,43.082454999999996],[-78.716728,43.08222299999999],[-78.717071,43.081860000000006],[-78.717133,43.08180200000001],[-78.717377,43.081646000000006],[-78.717766,43.081448],[-78.718033,43.08132899999999],[-78.718315,43.081226],[-78.718903,43.081078000000005],[-78.719048,43.081055000000006],[-78.71921,43.081068],[-78.719368,43.081089],[-78.719879,43.081199999999995],[-78.720337,43.081364],[-78.720449,43.081437999999984],[-78.720566,43.08150899999999],[-78.720665,43.081608],[-78.720802,43.08182500000001],[-78.721458,43.083179],[-78.721748,43.08364099999999],[-78.722008,43.083942],[-78.72213000000002,43.08408],[-78.722298,43.084229],[-78.722382,43.084286000000006],[-78.72245,43.084327999999985],[-78.72282400000002,43.084484],[-78.722997,43.084597],[-78.723625,43.085194],[-78.723816,43.08534600000001],[-78.724014,43.08546099999999],[-78.724251,43.085544999999996],[-78.72451,43.085621],[-78.726707,43.08608999999999],[-78.726921,43.08614],[-78.72724200000002,43.086200999999996],[-78.727456,43.08622299999999],[-78.727647,43.08622],[-78.727982,43.08617399999999],[-78.72828600000001,43.086079],[-78.729477,43.08549899999999],[-78.73008,43.08526199999999],[-78.730774,43.085007],[-78.731178,43.084903999999995],[-78.732498,43.084599],[-78.732971,43.084453999999994],[-78.733606,43.08421899999999],[-78.734955,43.08318999999999],[-78.735168,43.08303099999999],[-78.735748,43.08247],[-78.736157,43.08179700000001],[-78.736377,43.081232000000014],[-78.7367,43.080285],[-78.737663,43.07825599999999],[-78.739949,43.076105999999996],[-78.741249,43.074854],[-78.741176,43.07433799999999],[-78.741517,43.07369099999999],[-78.742279,43.072207999999996],[-78.742508,43.071769999999994],[-78.743185,43.07095000000001],[-78.744015,43.070375999999996],[-78.744931,43.069921],[-78.745354,43.06978599999999],[-78.746197,43.069613999999994],[-78.747118,43.06943499999998],[-78.747656,43.06965499999999],[-78.751257,43.06925599999998],[-78.75374,43.069458999999995],[-78.755487,43.070077000000005],[-78.757653,43.070859999999996],[-78.759141,43.07092800000001],[-78.76,43.07087299999999],[-78.76104000000001,43.07071499999999],[-78.761922,43.07049399999999],[-78.763582,43.070337999999985],[-78.76532,43.070266999999994],[-78.765886,43.070226000000005],[-78.766995,43.07020399999999],[-78.768094,43.070103],[-78.768292,43.070139],[-78.769027,43.070026999999996],[-78.770784,43.069539],[-78.771057,43.069422],[-78.77237,43.068545],[-78.772811,43.06818299999998],[-78.773074,43.06781199999999],[-78.77389,43.06709799999999],[-78.774272,43.06681799999999],[-78.777644,43.065496],[-78.77858,43.06541500000001],[-78.782387,43.065870999999994],[-78.783669,43.066184],[-78.786085,43.06650799999999],[-78.78647,43.066559999999996],[-78.786851,43.066556999999996],[-78.789348,43.066442],[-78.790303,43.066343999999994],[-78.79671,43.066111],[-78.797482,43.06616],[-78.797505,43.066160999999994],[-78.798525,43.066176],[-78.799571,43.06643499999999],[-78.800759,43.066272],[-78.802051,43.065780999999994],[-78.804515,43.064426],[-78.806143,43.06318099999999],[-78.806817,43.06229700000001],[-78.807122,43.06113899999999],[-78.807076,43.060243],[-78.806912,43.059457],[-78.80648300000001,43.058572000000005],[-78.80505,43.057246],[-78.804403,43.055795999999994],[-78.804624,43.05518699999998],[-78.806821,43.053625999999994],[-78.80735,43.05355500000001],[-78.809565,43.05291],[-78.810304,43.052595999999994],[-78.810891,43.052446],[-78.813845,43.05166500000001],[-78.819542,43.05158999999999],[-78.821999,43.051561],[-78.822357,43.051557],[-78.82233700000002,43.051587],[-78.82228,43.05167899999999],[-78.822261,43.05171],[-78.822285,43.05185699999999],[-78.82236,43.052299999999995],[-78.822385,43.052448],[-78.822401,43.052481],[-78.822418,43.05258],[-78.822428,43.053474],[-78.822463,43.056568],[-78.822475,43.0576],[-78.822495,43.058989],[-78.822501,43.05923599999999],[-78.822579,43.06228999999999],[-78.822622,43.064144999999996],[-78.82266,43.06578199999999],[-78.822663,43.06602199999999],[-78.822671,43.066568],[-78.822679,43.067069],[-78.822746,43.06892599999999],[-78.822768,43.069534000000004],[-78.822776,43.06971299999999],[-78.82277900000001,43.06978199999999],[-78.822783,43.069871],[-78.822841,43.071386],[-78.823007,43.076673],[-78.823023,43.077156],[-78.82307400000002,43.078606],[-78.823079,43.078734],[-78.8231,43.079089],[-78.823107,43.079281],[-78.823128,43.07985699999999],[-78.823135,43.080050000000014],[-78.823163,43.080709],[-78.82325000000002,43.082686],[-78.82328,43.083346],[-78.823285,43.083459999999995],[-78.8233,43.08380199999999],[-78.823305,43.083917],[-78.82331,43.08403499999999],[-78.823311,43.084121999999994],[-78.823313,43.084195999999984],[-78.823314,43.084279999999985],[-78.82332,43.08450599999999],[-78.823329,43.084738],[-78.823337,43.084944],[-78.823376,43.086129],[-78.82338,43.086254],[-78.823506,43.090184999999984],[-78.823541,43.09149600000001],[-78.823755,43.09889400000001],[-78.823809,43.100455],[-78.823833,43.10151499999999],[-78.823995,43.106417],[-78.824001,43.106663],[-78.824063,43.108269],[-78.824279,43.11382499999999],[-78.824352,43.115677000000005],[-78.824353,43.115708],[-78.824356,43.11580200000001],[-78.824358,43.11583399999999],[-78.824361,43.115913],[-78.82437,43.116151],[-78.824373,43.11623099999999],[-78.82437400000002,43.116262],[-78.82438,43.11655],[-78.824412,43.11745500000001],[-78.824469,43.11905800000001],[-78.824555,43.12112700000001],[-78.824578,43.121694999999995],[-78.824606,43.122350999999995],[-78.824658,43.123492],[-78.824696,43.124320999999995],[-78.824703,43.12449900000001],[-78.824965,43.130945999999994],[-78.825006,43.131939],[-78.825012,43.132076],[-78.82502900000001,43.13256700000001],[-78.825049,43.133096]]]},"properties":{"geoid":"36063022702","name":"227.02","namelsad":"Census Tract 227.02","aland_acres":17335.31956659688,"site_count":1,"cont_acres":10.48,"coverage_pct":0.06,"sites_per_sqmi":0.04}},{"type":"Feature","geometry":{"type":"Polygon","coordinates":[[[-78.66869,43.185452],[-78.668197,43.18553699999999],[-78.667045,43.185868],[-78.666758,43.18595],[-78.666279,43.186089],[-78.666301,43.18609500000001],[-78.666367,43.18611500000001],[-78.666389,43.186122],[-78.666158,43.186266],[-78.665025,43.186972999999995],[-78.663865,43.18774899999998],[-78.663783,43.18780499999999],[-78.663438,43.187886999999996],[-78.661508,43.18834999999999],[-78.658711,43.18902099999998],[-78.654726,43.189971],[-78.653354,43.190303],[-78.64999500000002,43.191117],[-78.64668,43.19191299999999],[-78.645116,43.19228999999999],[-78.638297,43.192885],[-78.636539,43.193115000000006],[-78.63316,43.193559],[-78.632908,43.19356499999999],[-78.630729,43.193769],[-78.630104,43.19382800000001],[-78.629075,43.193864999999995],[-78.626129,43.19391600000001],[-78.623416,43.19403199999999],[-78.620979,43.194137000000005],[-78.620978,43.19411499999999],[-78.620976,43.194052],[-78.620976,43.194031],[-78.620929,43.19371999999999],[-78.620788,43.19278700000001],[-78.620741,43.192477],[-78.620703,43.19230899999999],[-78.620589,43.191807],[-78.620552,43.19164],[-78.620377,43.190673999999994],[-78.619852,43.187778],[-78.619677,43.186813],[-78.619659,43.186653],[-78.619605,43.186176],[-78.61958700000001,43.186017],[-78.619462,43.184076],[-78.619088,43.178255],[-78.618964,43.176314999999995],[-78.61889500000001,43.174905],[-78.618688,43.17067699999998],[-78.61862,43.169268],[-78.618625,43.167839],[-78.618644,43.163555],[-78.618651,43.16212699999999],[-78.618645,43.161555],[-78.618629,43.15983899999999],[-78.618624,43.15926799999999],[-78.618614,43.158202999999986],[-78.618584,43.15500899999999],[-78.618574,43.15394499999999],[-78.618818,43.151422],[-78.618871,43.15111100000001],[-78.61941300000001,43.14332199999999],[-78.619347,43.142627],[-78.61915,43.140547],[-78.619085,43.139854],[-78.61902200000002,43.139157999999995],[-78.618833,43.137072],[-78.618771,43.136376999999996],[-78.618702,43.136154999999995],[-78.618497,43.135489000000014],[-78.618429,43.13526799999999],[-78.618399,43.13480099999999],[-78.618312,43.13340199999999],[-78.61828300000002,43.132935999999994],[-78.618255,43.13238],[-78.618172,43.13071200000001],[-78.618145,43.13015699999999],[-78.618085,43.12758600000001],[-78.617908,43.11987299999999],[-78.617849,43.117302999999986],[-78.61785,43.116536],[-78.61785300000001,43.114238999999976],[-78.617855,43.113473],[-78.617855,43.112062999999985],[-78.617855,43.107836],[-78.617856,43.10642699999999],[-78.617856,43.105637],[-78.617856,43.10326899999999],[-78.617857,43.10247999999999],[-78.617848,43.10162299999999],[-78.617823,43.099051999999986],[-78.617815,43.098195999999994],[-78.617791,43.096062999999994],[-78.617719,43.08966399999999],[-78.617695,43.087532],[-78.61767,43.08733599999999],[-78.617596,43.086748],[-78.617572,43.08655300000001],[-78.617981,43.086895],[-78.618439,43.087231],[-78.618698,43.087375999999985],[-78.618881,43.087444],[-78.619072,43.087481999999994],[-78.619324,43.087501999999986],[-78.61956,43.087493999999985],[-78.61982,43.087429],[-78.620077,43.087359],[-78.620247,43.087284],[-78.620323,43.08721899999999],[-78.620461,43.08709000000001],[-78.620522,43.086997999999994],[-78.620621,43.086735],[-78.62075800000001,43.086207999999985],[-78.620865,43.085999],[-78.620979,43.085854000000005],[-78.62117,43.085705],[-78.621364,43.08558499999999],[-78.621536,43.085514],[-78.622292,43.085247],[-78.622887,43.085087],[-78.623329,43.084988],[-78.62442,43.084872999999995],[-78.625351,43.08485],[-78.625885,43.084880999999996],[-78.626106,43.084915],[-78.626266,43.084953],[-78.626465,43.08501799999999],[-78.626671,43.08511],[-78.62738,43.08562499999999],[-78.627625,43.08584199999999],[-78.627945,43.08604799999999],[-78.628992,43.086668999999986],[-78.629116,43.08676700000001],[-78.62925,43.08692599999999],[-78.629311,43.087139],[-78.629311,43.088016999999994],[-78.62941,43.088387000000004],[-78.629556,43.088561999999996],[-78.629646,43.088646],[-78.630749,43.089674],[-78.63102,43.089915999999995],[-78.631355,43.090163999999994],[-78.632164,43.09055700000001],[-78.6325,43.090767],[-78.632607,43.09087],[-78.632683,43.09096099999999],[-78.632683,43.09108399999999],[-78.632576,43.091163999999985],[-78.632378,43.091217],[-78.631409,43.091474999999996],[-78.631187,43.09146899999999],[-78.63089,43.091591],[-78.630646,43.091781999999995],[-78.63047,43.09200299999999],[-78.630417,43.092113000000005],[-78.630264,43.09250999999999],[-78.630058,43.09298299999999],[-78.630043,43.093185],[-78.630077,43.09354599999999],[-78.630173,43.09378399999999],[-78.630301,43.09389399999999],[-78.630463,43.093998],[-78.630791,43.09408599999999],[-78.631027,43.09412799999999],[-78.63134,43.094128],[-78.631561,43.09413099999999],[-78.631798,43.094111999999996],[-78.632195,43.094092999999994],[-78.632462,43.094108999999996],[-78.633713,43.094189],[-78.634018,43.09416199999998],[-78.634155,43.094128],[-78.635529,43.093360999999994],[-78.635643,43.09331099999999],[-78.635796,43.093281],[-78.636071,43.093273],[-78.636054,43.09340300000001],[-78.636032,43.09358],[-78.636036,43.09376499999999],[-78.63604,43.093798],[-78.636057,43.093929],[-78.6361,43.09405799999999],[-78.63621,43.09419299999999],[-78.63645,43.09442099999999],[-78.637425,43.09534899999999],[-78.63784,43.095755999999994],[-78.63829900000002,43.09620599999999],[-78.638768,43.096657],[-78.640175,43.09801199999999],[-78.640644,43.09846399999999],[-78.639384,43.100162000000005],[-78.638585,43.10124],[-78.63791,43.10217099999999],[-78.63633,43.10449299999999],[-78.636239,43.104654],[-78.636186,43.104811],[-78.636095,43.105461999999996],[-78.636091,43.105495],[-78.636047,43.105927],[-78.635896,43.10706299999999],[-78.635879,43.10737100000001],[-78.6359,43.107596],[-78.635915,43.107705],[-78.6361,43.108731],[-78.636158,43.10911499999999],[-78.637218,43.108953],[-78.639019,43.108872],[-78.640519,43.108819],[-78.64279,43.10870899999999],[-78.645156,43.108619],[-78.646668,43.10854199999999],[-78.647361,43.108521999999994],[-78.647772,43.108528],[-78.647901,43.108555999999986],[-78.648774,43.108937],[-78.652402,43.110562],[-78.652609,43.110647],[-78.652677,43.11067299999999],[-78.652788,43.11071399999999],[-78.652919,43.110747999999994],[-78.653124,43.11076799999999],[-78.656039,43.110800999999995],[-78.658559,43.110817000000004],[-78.660748,43.110838],[-78.660758,43.112572],[-78.660728,43.11589],[-78.66073,43.116843],[-78.660712,43.117485],[-78.660673,43.117802999999995],[-78.660601,43.11809000000001],[-78.660529,43.118281],[-78.66032,43.118690999999984],[-78.660122,43.118993999999994],[-78.65926500000002,43.120181],[-78.657115,43.12310599999999],[-78.657034,43.12324499999998],[-78.65701,43.12331399999999],[-78.656959,43.12345599999999],[-78.656831,43.12391499999999],[-78.65633,43.125728],[-78.656163,43.126333],[-78.655904,43.127266],[-78.655128,43.130067999999994],[-78.65487,43.131001999999995],[-78.654573,43.130993000000004],[-78.653682,43.13096600000001],[-78.653385,43.130957],[-78.652694,43.130931999999994],[-78.650621,43.13085899999999],[-78.64993,43.130835000000005],[-78.648325,43.130783],[-78.644294,43.13065399999999],[-78.643511,43.13062699999999],[-78.642526,43.130594999999985],[-78.641907,43.130579],[-78.641234,43.130561],[-78.640461,43.130540999999994],[-78.639215,43.130497999999996],[-78.638543,43.130475999999994],[-78.638546,43.130528999999996],[-78.638555,43.130687999999985],[-78.63855900000001,43.130742000000005],[-78.638687,43.132687],[-78.638772,43.133973],[-78.63903800000001,43.13852599999999],[-78.639111,43.139773999999996],[-78.639141,43.140473],[-78.639164,43.140992999999995],[-78.639175,43.141393],[-78.63925100000002,43.14415599999999],[-78.639277,43.145077],[-78.639514,43.14515399999999],[-78.640225,43.14538799999998],[-78.640463,43.145466],[-78.641993,43.145976999999995],[-78.642831,43.146259],[-78.644105,43.14668799999999],[-78.645168,43.14706199999999],[-78.647347,43.14780799999998],[-78.648409,43.14819099999998],[-78.649914,43.148703],[-78.650657,43.14895599999999],[-78.65176,43.149349],[-78.65226,43.149559],[-78.652602,43.149711999999994],[-78.652932,43.14990699999999],[-78.653093,43.150002],[-78.65358,43.150321999999996],[-78.65385200000001,43.150542999999985],[-78.654218,43.150882],[-78.654556,43.151233999999995],[-78.654669,43.151361999999985],[-78.655173,43.15193],[-78.65529,43.152066],[-78.655642,43.15247699999999],[-78.65576000000001,43.152614],[-78.656162,43.15308399999999],[-78.657026,43.154075999999996],[-78.65892300000002,43.15625299999999],[-78.65922,43.156579000000015],[-78.659593,43.156922],[-78.661153,43.158121],[-78.662687,43.159301],[-78.662981,43.159524999999995],[-78.662974,43.160322],[-78.662957,43.16271599999999],[-78.662951,43.16351399999999],[-78.662941,43.163896],[-78.662915,43.165045],[-78.662906,43.16542799999999],[-78.662906,43.165446],[-78.66290900000001,43.165502999999994],[-78.66291,43.165522],[-78.662873,43.167089999999995],[-78.662865,43.167475],[-78.662592,43.171788],[-78.662555,43.17237599999999],[-78.662569,43.173356],[-78.662529,43.174385],[-78.662447,43.176548000000004],[-78.662411,43.17747299999999],[-78.662388,43.178107],[-78.662373,43.17850299999999],[-78.662394,43.178757],[-78.662459,43.179519],[-78.662481,43.179773000000004],[-78.662496,43.180544999999995],[-78.662543,43.18286],[-78.66255900000002,43.18363300000001],[-78.662556,43.183722],[-78.662549,43.183990999999985],[-78.662547,43.184081],[-78.663079,43.184403999999994],[-78.663442,43.184625],[-78.663916,43.18491399999999],[-78.664606,43.185331],[-78.664679,43.185371],[-78.665172,43.185644999999994],[-78.665226,43.185669999999995],[-78.665385,43.18565600000001],[-78.665863,43.18561499999999],[-78.666023,43.185602],[-78.666491,43.185576999999995],[-78.667899,43.185503],[-78.668368,43.185478999999994],[-78.668432,43.18547300000001],[-78.668623,43.185449000000006],[-78.66869,43.185452]]]},"properties":{"geoid":"36063023402","name":"234.02","namelsad":"Census Tract 234.02","aland_acres":7783.163522497464,"site_count":1,"cont_acres":0,"coverage_pct":0,"sites_per_sqmi":0.08}},{"type":"Feature","geometry":{"type":"Polygon","coordinates":[[[-78.755064,43.28718699999999],[-78.755022,43.291598],[-78.754897,43.304832999999995],[-78.754856,43.309245],[-78.754876,43.30948699999999],[-78.754937,43.31021299999999],[-78.754958,43.310455],[-78.754658,43.312556],[-78.754625,43.313680000000005],[-78.754348,43.323416],[-78.754256,43.326662000000006],[-78.754275,43.32782],[-78.754331,43.33105],[-78.754335,43.33129399999999],[-78.75435,43.33218099999999],[-78.754355,43.332451999999996],[-78.754355,43.33337199999999],[-78.754357,43.336133999999994],[-78.754358,43.33705499999999],[-78.753104,43.337282],[-78.74934400000001,43.337963],[-78.748574,43.338103],[-78.748091,43.33819],[-78.742222,43.339245000000005],[-78.724617,43.34241100000001],[-78.718749,43.34346699999999],[-78.714894,43.34415999999999],[-78.703332,43.346239],[-78.699478,43.34693300000001],[-78.690823,43.348488999999994],[-78.664857,43.353159],[-78.656203,43.35471599999999],[-78.651933,43.355484],[-78.639123,43.357786999999995],[-78.634854,43.358556],[-78.634813,43.358381],[-78.634693,43.357858],[-78.634653,43.357684],[-78.634712,43.35581199999999],[-78.634891,43.350198],[-78.634951,43.348327000000005],[-78.634951,43.347891],[-78.634953,43.346582999999995],[-78.634955,43.34614800000001],[-78.634955,43.345515],[-78.634955,43.34361499999999],[-78.634956,43.34298299999999],[-78.634954,43.340349],[-78.634949,43.33244799999999],[-78.634948,43.32981500000001],[-78.634953,43.329393],[-78.634968,43.32812699999999],[-78.634973,43.327705],[-78.634981,43.32698],[-78.635006,43.32480399999999],[-78.635015,43.32407999999999],[-78.635002,43.32362],[-78.634966,43.32224300000001],[-78.634954,43.321783999999994],[-78.634953,43.320887000000006],[-78.634953,43.31819699999999],[-78.634953,43.317301],[-78.635092,43.31511099999999],[-78.635511,43.308544],[-78.635651,43.306354999999996],[-78.636754,43.30638],[-78.638314,43.306400999999994],[-78.640823,43.306435],[-78.641834,43.306438],[-78.64350100000001,43.306467999999995],[-78.645177,43.30650599999999],[-78.646303,43.306521999999994],[-78.648967,43.306562],[-78.65278,43.306605],[-78.655121,43.306641],[-78.662145,43.306748999999996],[-78.6644,43.306794999999994],[-78.666409,43.306821],[-78.672251,43.306909],[-78.673584,43.306937],[-78.673917,43.30694499999999],[-78.675627,43.306954],[-78.677345,43.306993000000006],[-78.67781,43.307],[-78.679063,43.307021],[-78.679739,43.307021999999996],[-78.680792,43.307022999999994],[-78.682525,43.307051],[-78.683149,43.307055999999996],[-78.685472,43.30707900000001],[-78.688843,43.307122],[-78.691262,43.307152],[-78.692065,43.307151999999995],[-78.692762,43.307168000000004],[-78.693379,43.30716700000001],[-78.693462,43.30716699999999],[-78.69679,43.307208],[-78.69679,43.30748],[-78.69679,43.308296],[-78.696791,43.308567999999994],[-78.697451,43.308573],[-78.699576,43.308559],[-78.700216,43.30855700000001],[-78.704516,43.308551],[-78.710492,43.30852699999999],[-78.711465,43.308524],[-78.712901,43.308543],[-78.713599,43.308594],[-78.713914,43.308627],[-78.714195,43.308654999999995],[-78.715038,43.30874099999999],[-78.715319,43.30877000000001],[-78.715664,43.308390999999986],[-78.715987,43.30809099999998],[-78.716184,43.307838999999994],[-78.716248,43.307720999999994],[-78.716327,43.30735],[-78.716319,43.307239],[-78.716279,43.307128999999996],[-78.716208,43.307066000000006],[-78.716082,43.306978999999984],[-78.714566,43.30635599999999],[-78.714464,43.306245999999994],[-78.714408,43.30615099999999],[-78.71437700000001,43.306064],[-78.71437700000001,43.305922],[-78.714416,43.305827],[-78.714969,43.304731999999994],[-78.71523,43.30421799999999],[-78.715499,43.303453],[-78.715625,43.303011],[-78.715688,43.30264],[-78.715704,43.302348999999985],[-78.715688,43.30205699999999],[-78.715633,43.30160699999999],[-78.715433,43.300790000000006],[-78.71522,43.300253999999995],[-78.715054,43.299977],[-78.714951,43.299843],[-78.714659,43.299566999999996],[-78.713136,43.298242],[-78.712994,43.298155],[-78.712899,43.29805299999999],[-78.71279,43.29786500000001],[-78.71273,43.29765],[-78.712646,43.29666799999999],[-78.71267,43.295215],[-78.712585,43.293855],[-78.71238500000001,43.29246399999999],[-78.712292,43.292182999999994],[-78.712258,43.292013],[-78.712246,43.29171499999999],[-78.71227,43.291465999999986],[-78.712336,43.291118999999995],[-78.712445,43.290732999999996],[-78.712599,43.29037799999999],[-78.712748,43.29015799999999],[-78.713012,43.28984699999999],[-78.713303,43.28956999999998],[-78.713623,43.289332],[-78.713696,43.289279],[-78.714494,43.28886399999998],[-78.715132,43.28857399999998],[-78.715761,43.288304],[-78.716323,43.28796500000001],[-78.716714,43.287675],[-78.716757,43.287607],[-78.716807,43.287377],[-78.7168,43.287286],[-78.71678,43.287213999999985],[-78.716727,43.287136],[-78.71662700000002,43.287043999999995],[-78.71652,43.28699],[-78.715824,43.28675299999999],[-78.715298,43.286517999999994],[-78.715249,43.286476],[-78.714972,43.286238],[-78.714834,43.28614099999999],[-78.714716,43.28612699999999],[-78.714487,43.28611999999999],[-78.714314,43.286086],[-78.71419,43.286037],[-78.713899,43.28583],[-78.713862,43.285781],[-78.713809,43.28571199999999],[-78.713194,43.28510299999999],[-78.712715,43.284628999999995],[-78.71260400000001,43.284477],[-78.712535,43.284330999999995],[-78.712507,43.284199999999984],[-78.712479,43.28381900000001],[-78.71232,43.282683999999996],[-78.712334,43.282182999999996],[-78.712375,43.281974999999996],[-78.712445,43.281794999999995],[-78.712535,43.28160799999999],[-78.712618,43.28148399999999],[-78.71273500000001,43.281345],[-78.712992,43.28118599999999],[-78.713335,43.28094],[-78.713795,43.28035899999999],[-78.71394,43.28010999999999],[-78.714058,43.279839999999986],[-78.714107,43.279688],[-78.714141,43.279486999999996],[-78.714134,43.27931400000001],[-78.714079,43.27916899999999],[-78.713982,43.279051],[-78.713719,43.27885],[-78.713448,43.278657],[-78.713345,43.278584],[-78.71322,43.27841799999999],[-78.713121,43.278306999999984],[-78.712957,43.278154999999984],[-78.712818,43.27806499999999],[-78.712666,43.27800299999999],[-78.712535,43.277968],[-78.712258,43.277939999999994],[-78.711731,43.277933],[-78.711149,43.277983],[-78.710748,43.27801600000001],[-78.710374,43.27808199999999],[-78.710249,43.278138],[-78.710149,43.278202],[-78.71009,43.278241],[-78.709771,43.278469999999984],[-78.709626,43.278553],[-78.709467,43.27860799999999],[-78.709294,43.278636],[-78.709127,43.27864999999999],[-78.708975,43.27865],[-78.708656,43.278574000000006],[-78.708624,43.27856199999999],[-78.708539,43.278532],[-78.707957,43.27845599999999],[-78.707583,43.278452],[-78.707444,43.278466],[-78.707313,43.278494],[-78.707185,43.278535999999995],[-78.70707,43.278549],[-78.70689,43.278555999999995],[-78.706627,43.278516],[-78.70644,43.278465999999995],[-78.706184,43.278347],[-78.705549,43.27805099999999],[-78.704924,43.277760000000015],[-78.70359,43.277300999999994],[-78.703324,43.27720999999999],[-78.702954,43.277016],[-78.702853,43.276961],[-78.702687,43.27684299999999],[-78.702569,43.276531999999996],[-78.702527,43.276311],[-78.70250700000001,43.276068000000016],[-78.70250700000001,43.275895],[-78.702527,43.275642999999995],[-78.702611,43.27548999999999],[-78.702804,43.27522799999999],[-78.702874,43.27507500000001],[-78.702888,43.274888],[-78.702881,43.274702000000005],[-78.70277300000001,43.27453899999999],[-78.702666,43.274376],[-78.702327,43.27399599999999],[-78.701807,43.27349399999999],[-78.70162,43.273266],[-78.701305,43.27282699999999],[-78.701156,43.272583999999995],[-78.700983,43.272189],[-78.700834,43.271809],[-78.700793,43.27156699999999],[-78.700793,43.27132499999998],[-78.700862,43.27113600000001],[-78.701165,43.27076900000001],[-78.701331,43.27061],[-78.701468,43.270458999999995],[-78.701506,43.270255],[-78.701481,43.269933],[-78.701433,43.26975999999999],[-78.70135,43.269577],[-78.701184,43.26940099999999],[-78.700962,43.269237999999994],[-78.700755,43.269057999999994],[-78.700667,43.268922],[-78.700609,43.26875299999998],[-78.700609,43.268559999999994],[-78.70063,43.268394],[-78.700602,43.26820300000001],[-78.700512,43.26805100000001],[-78.700401,43.26791300000001],[-78.700087,43.26764800000001],[-78.700055,43.267621999999996],[-78.699896,43.267449000000006],[-78.699723,43.267227999999996],[-78.699508,43.266778],[-78.699374,43.266393],[-78.699356,43.266193],[-78.699356,43.26596500000001],[-78.699391,43.26568600000001],[-78.69943200000002,43.265556000000004],[-78.699515,43.265425],[-78.699688,43.265231],[-78.699733,43.265195999999996],[-78.700116,43.26525199999999],[-78.700368,43.265305999999995],[-78.700727,43.265376],[-78.700995,43.265413],[-78.701146,43.26542399999999],[-78.701293,43.26542800000001],[-78.701454,43.265421],[-78.701702,43.265378999999996],[-78.701909,43.265331],[-78.702131,43.26525800000001],[-78.702283,43.265188],[-78.702399,43.26511099999999],[-78.702575,43.264922],[-78.702626,43.264853999999985],[-78.702662,43.264779],[-78.702697,43.264687],[-78.702717,43.26454999999999],[-78.702711,43.262975],[-78.702716,43.262876],[-78.702736,43.262792],[-78.702782,43.262725999999994],[-78.702807,43.262698999999984],[-78.702858,43.26267099999998],[-78.702941,43.262634],[-78.702996,43.262620999999996],[-78.705296,43.262533],[-78.711944,43.262258999999986],[-78.7119,43.253268000000006],[-78.712652,43.253272],[-78.717607,43.2533],[-78.718957,43.25330799999999],[-78.71972,43.253302],[-78.721589,43.25330899999999],[-78.72275,43.253294],[-78.724949,43.253286999999986],[-78.725012,43.25328699999999],[-78.726254,43.25326299999999],[-78.726513,43.25325599999999],[-78.728698,43.253235999999994],[-78.732987,43.253167999999995],[-78.733716,43.253146],[-78.73473,43.25313200000001],[-78.740438,43.253054000000006],[-78.74046,43.25567],[-78.740464,43.256085],[-78.740475,43.257389],[-78.740504,43.258801999999996],[-78.740514,43.260224999999984],[-78.7405,43.26351900000001],[-78.74049,43.266136],[-78.742203,43.266148],[-78.742942,43.26614500000001],[-78.744419,43.266141],[-78.747353,43.266157],[-78.74787,43.26616099999999],[-78.748807,43.26616899999998],[-78.750002,43.266159],[-78.7503,43.26616099999999],[-78.751726,43.26617400000001],[-78.752682,43.26617199999999],[-78.752753,43.266172999999995],[-78.753194,43.26617599999999],[-78.753914,43.266183000000005],[-78.754516,43.26617699999999],[-78.754912,43.266174],[-78.754958,43.266173999999985],[-78.754957,43.26636599999999],[-78.754957,43.26694100000001],[-78.754957,43.26713399999999],[-78.754957,43.26723599999998],[-78.75496,43.267543999999994],[-78.754961,43.26764699999999],[-78.754981,43.271555000000006],[-78.755043,43.28327899999999],[-78.755064,43.28718699999999]]]},"properties":{"geoid":"36063024202","name":"242.02","namelsad":"Census Tract 242.02","aland_acres":14730.632372389824,"site_count":2,"cont_acres":75.48,"coverage_pct":0.51,"sites_per_sqmi":0.09}},{"type":"Feature","geometry":{"type":"Polygon","coordinates":[[[-79.04679,43.16455599999999],[-79.045072,43.164566],[-79.044367,43.164571],[-79.042913,43.16458],[-79.03992,43.164621],[-79.038203,43.164646],[-79.03785,43.164638],[-79.037769,43.16463699999999],[-79.036794,43.164617],[-79.036442,43.16461000000001],[-79.035179,43.16463099999999],[-79.03139,43.16469299999999],[-79.030128,43.164714999999994],[-79.029605,43.164738999999976],[-79.028037,43.164812],[-79.027515,43.164837000000006],[-79.026906,43.164841],[-79.02628,43.16484500000001],[-79.026757,43.166206],[-79.027266,43.167654999999996],[-79.027345,43.167894],[-79.027584,43.16861299999999],[-79.027664,43.16885299999999],[-79.027811,43.169332999999995],[-79.027971,43.169802999999995],[-79.028419,43.171112999999984],[-79.02844,43.171209],[-79.028424,43.17127200000001],[-79.028362,43.17132499999999],[-79.028936,43.171423999999995],[-79.029011,43.171496999999995],[-79.029162,43.171644],[-79.02928,43.17175699999999],[-79.029366,43.171839],[-79.029508,43.172109999999996],[-79.02990200000002,43.172744],[-79.02994700000002,43.17293599999999],[-79.030082,43.173515],[-79.030127,43.173708000000005],[-79.029974,43.173995999999995],[-79.029816,43.17429799999999],[-79.029518,43.174862999999995],[-79.029366,43.17515199999999],[-79.029335,43.175194],[-79.029242,43.17532099999998],[-79.02921200000002,43.175363999999995],[-79.029038,43.17567700000001],[-79.028726,43.176243],[-79.028698,43.176294],[-79.028414,43.176528999999995],[-79.028392,43.17654800000001],[-79.028139,43.17675800000001],[-79.028107,43.176981],[-79.028117,43.177216],[-79.02812,43.177284],[-79.028063,43.17824999999999],[-79.028065,43.178598999999984],[-79.028068,43.178991],[-79.028066,43.179061],[-79.028055,43.17957299999998],[-79.02804,43.179787999999995],[-79.028366,43.179787999999995],[-79.028366,43.179866999999994],[-79.028336,43.181534],[-79.028259,43.18249099999999],[-79.02816,43.183434000000005],[-79.028091,43.18390999999999],[-79.027982,43.184543999999995],[-79.027557,43.186852],[-79.027519,43.18712599999999],[-79.02696200000001,43.19016299999999],[-79.026193,43.19462000000001],[-79.02616,43.19489899999999],[-79.025996,43.196467],[-79.02592,43.19731399999999],[-79.025942,43.19784899999999],[-79.025981,43.198763],[-79.026007,43.19939399999998],[-79.026085,43.200218],[-79.0262,43.20091099999999],[-79.026383,43.20169899999999],[-79.026535,43.202412],[-79.026727,43.20299599999999],[-79.027068,43.20395999999999],[-79.027529,43.205259999999996],[-79.027938,43.206129],[-79.028273,43.206987000000005],[-79.028693,43.207995000000004],[-79.028865,43.208423999999994],[-79.028564,43.208529],[-79.027639,43.20886800000001],[-79.027588,43.20888699999999],[-79.027217,43.208992],[-79.027069,43.20902600000001],[-79.026764,43.209092999999996],[-79.026512,43.209125],[-79.026234,43.209151999999996],[-79.025512,43.209174999999995],[-79.025051,43.209175],[-79.023758,43.209165],[-79.02249500000002,43.209175],[-79.021177,43.209165],[-79.01794,43.20916199999999],[-79.017894,43.20916299999998],[-79.017758,43.209165],[-79.017713,43.209167],[-79.017713,43.20910200000001],[-79.017713,43.208909000000006],[-79.017713,43.208845],[-79.017714,43.207453999999984],[-79.017716,43.206634999999984],[-79.0177,43.205898],[-79.017702,43.204374999999985],[-79.017695,43.203284],[-79.01768800000002,43.201894],[-79.017702,43.19818599999999],[-79.017705,43.197810999999994],[-79.017719,43.194044],[-79.017719,43.193751],[-79.017719,43.192873999999996],[-79.017719,43.192581999999994],[-79.017723,43.192142],[-79.017725,43.19204599999999],[-79.017718,43.191320999999995],[-79.017723,43.19082299999999],[-79.017729,43.190383999999995],[-79.017728,43.189024],[-79.017728,43.189],[-79.017738,43.187526999999996],[-79.017726,43.18639900000001],[-79.017729,43.185064999999994],[-79.017726,43.184850999999995],[-79.017707,43.183468],[-79.017698,43.18231699999999],[-79.017675,43.17936],[-79.017677,43.17886699999999],[-79.017684,43.177716999999994],[-79.017684,43.177665],[-79.017684,43.177510999999996],[-79.017685,43.177459999999996],[-79.017683,43.17666199999999],[-79.017678,43.175064999999975],[-79.017678,43.174978],[-79.017677,43.17427],[-79.017675,43.173472999999994],[-79.01695100000002,43.173514000000004],[-79.016073,43.17356500000002],[-79.015173,43.17361899999999],[-79.013942,43.173686],[-79.013441,43.173716],[-79.012564,43.173770999999995],[-79.012065,43.173801],[-79.010568,43.17389099999999],[-79.010069,43.173920999999986],[-79.00828,43.17402899999998],[-79.007559,43.17407200000001],[-79.004021,43.17428799999998],[-79.003194,43.174338],[-79.00291500000002,43.17436],[-79.002561,43.174389],[-79.001543,43.17452399999999],[-79.00114,43.17459199999999],[-79.00059,43.174685000000004],[-78.99894,43.17496299999999],[-78.998535,43.175031999999995],[-78.998084,43.172845],[-78.998008,43.172292999999996],[-78.997974,43.172241],[-78.997945,43.172169000000004],[-78.997912,43.172035],[-78.99771300000002,43.171229000000004],[-78.997647,43.170961],[-78.997575,43.17067699999999],[-78.997361,43.169827000000005],[-78.997352,43.169788],[-78.997321,43.16958399999999],[-78.997329,43.169539999999984],[-78.997018,43.168125999999994],[-78.995517,43.16128899999998],[-78.995481,43.16092399999999],[-78.995033,43.160954],[-78.995013,43.16078099999999],[-78.994864,43.160236],[-78.996097,43.160083],[-78.99759200000001,43.159884000000005],[-79.000005,43.159601999999985],[-79.001608,43.15939999999999],[-79.001831,43.159372],[-79.003643,43.15920499999999],[-79.004025,43.159091],[-79.006051,43.15801499999999],[-79.011741,43.154928],[-79.018422,43.151346000000004],[-79.01864200000001,43.15114799999999],[-79.018798,43.15095],[-79.020243,43.147536999999986],[-79.021114,43.145711000000006],[-79.021171,43.14548400000001],[-79.021107,43.143969],[-79.02115,43.14386999999999],[-79.021221,43.14384199999999],[-79.021306,43.143842],[-79.021405,43.14387],[-79.02149,43.14388399999999],[-79.021611,43.143904],[-79.021783,43.143934],[-79.02188700000002,43.14393399999999],[-79.02197900000002,43.143935],[-79.022103,43.143936999999994],[-79.022129,43.143937],[-79.022208,43.14393599999999],[-79.022234,43.143937],[-79.022256,43.144429],[-79.022269,43.144707],[-79.022371,43.14519799999999],[-79.022457,43.145457],[-79.022506,43.145608],[-79.022668,43.145996],[-79.022786,43.146165999999994],[-79.023038,43.14654699999999],[-79.023275,43.146846000000004],[-79.023697,43.147287999999996],[-79.02422,43.14776699999999],[-79.024696,43.148180999999994],[-79.02536500000001,43.14865],[-79.025742,43.148894],[-79.026123,43.149137],[-79.026653,43.14947399999999],[-79.027592,43.150006000000005],[-79.028385,43.150392],[-79.029092,43.15073199999999],[-79.029599,43.15094799999999],[-79.030139,43.15117399999999],[-79.030969,43.151448],[-79.031096,43.151476],[-79.031383,43.151543],[-79.032764,43.151819999999994],[-79.034162,43.152149],[-79.034651,43.152263999999995],[-79.034992,43.15232700000001],[-79.035031,43.152334999999994],[-79.035313,43.152376],[-79.035725,43.152404],[-79.036233,43.152405999999985],[-79.037273,43.15232199999999],[-79.037535,43.152317],[-79.037721,43.15231399999999],[-79.03791,43.15232300000001],[-79.038382,43.152376],[-79.041881,43.15276],[-79.042024,43.15277699999999],[-79.04384,43.152969000000006],[-79.044429,43.153067],[-79.044948,43.155924],[-79.04663,43.162373999999986],[-79.048469,43.164545999999994],[-79.04679,43.16455599999999]]]},"properties":{"geoid":"36063024404","name":"244.04","namelsad":"Census Tract 244.04","aland_acres":2631.776865794088,"site_count":4,"cont_acres":29.4,"coverage_pct":1.12,"sites_per_sqmi":0.97}},{"type":"Feature","geometry":{"type":"Polygon","coordinates":[[[-78.621752,43.217856999999995],[-78.621202,43.217839],[-78.619555,43.217788],[-78.619006,43.21777099999999],[-78.61036200000001,43.217637],[-78.5963,43.217417999999995],[-78.592281,43.21737199999999],[-78.580227,43.21723699999999],[-78.576209,43.217192],[-78.575669,43.21718500000001],[-78.574051,43.21716599999998],[-78.573512,43.21715999999999],[-78.572836,43.217152999999996],[-78.570811,43.21713299999998],[-78.570136,43.217127],[-78.569436,43.21712],[-78.56733700000001,43.217099],[-78.566638,43.21709299999999],[-78.565611,43.217076999999996],[-78.565045,43.21706499999999],[-78.560266,43.216965],[-78.558674,43.21693200000001],[-78.556548,43.216932],[-78.550171,43.21693200000001],[-78.548046,43.216933000000004],[-78.547414,43.21692399999999],[-78.545521,43.21689800000001],[-78.54489,43.21689],[-78.544149,43.216860999999994],[-78.542884,43.216827999999985],[-78.54034,43.216762],[-78.537928,43.216713],[-78.536866,43.21668699999999],[-78.534861,43.216638999999994],[-78.53362,43.21662],[-78.53035,43.216545],[-78.529007,43.216515],[-78.528291,43.216505999999995],[-78.526086,43.216452],[-78.52242,43.21640099999998],[-78.520427,43.21635599999999],[-78.517919,43.216321],[-78.516818,43.216317000000004],[-78.51577500000002,43.21631399999999],[-78.51230700000002,43.216287999999984],[-78.512183,43.216287],[-78.511812,43.21628599999999],[-78.511689,43.216286],[-78.510386,43.216283],[-78.509739,43.21628199999999],[-78.507873,43.21625599999999],[-78.507101,43.21625999999999],[-78.506478,43.216255],[-78.506175,43.216253],[-78.505176,43.21625999999999],[-78.50506,43.216260999999996],[-78.504713,43.21626500000001],[-78.504598,43.216267],[-78.503624,43.216249000000005],[-78.501771,43.216233],[-78.501699,43.216233],[-78.499655,43.216235],[-78.498844,43.21624099999999],[-78.496536,43.216243999999996],[-78.495707,43.216234],[-78.49351,43.216236],[-78.493005,43.216233],[-78.491303,43.216223],[-78.490107,43.21622599999999],[-78.488855,43.21621099999999],[-78.487222,43.216193000000004],[-78.485102,43.216159],[-78.483898,43.21614000000001],[-78.48385200000001,43.21613899999999],[-78.48389100000001,43.21543399999999],[-78.484009,43.21332300000001],[-78.484049,43.21261899999999],[-78.484054,43.21254999999999],[-78.484073,43.212346],[-78.484079,43.212278],[-78.484098,43.212053],[-78.484159,43.211378],[-78.48418,43.211154],[-78.484186,43.211064],[-78.484208,43.210796],[-78.484216,43.210707000000006],[-78.484221,43.21064500000001],[-78.484237,43.210463],[-78.484243,43.210402],[-78.484244,43.210384],[-78.484248,43.21033],[-78.48425,43.21031299999999],[-78.484277,43.20996399999999],[-78.48436,43.208920000000006],[-78.484388,43.20857199999999],[-78.4844,43.20840799999999],[-78.48444,43.20791899999999],[-78.484453,43.207755999999996],[-78.484491,43.207259],[-78.484609,43.20577000000001],[-78.484646,43.20530899999999],[-78.484374,43.205307999999995],[-78.484234,43.20530099999999],[-78.483997,43.205293999999995],[-78.484008,43.20445699999999],[-78.483022,43.204442],[-78.482786,43.20443899999999],[-78.482876,43.2038],[-78.478399,43.203740999999994],[-78.476614,43.20371799999999],[-78.47609500000002,43.203707],[-78.474538,43.203674],[-78.474019,43.203664],[-78.474037,43.203462],[-78.474082,43.202991],[-78.473951,43.20295599999999],[-78.473756,43.202904999999994],[-78.473049,43.20269700000001],[-78.472437,43.20251799999999],[-78.472414,43.202583],[-78.471496,43.20256],[-78.471461,43.203142],[-78.471459,43.203183],[-78.47141900000001,43.203877000000006],[-78.471403,43.204086999999994],[-78.471358,43.20471899999999],[-78.471343,43.20493],[-78.471638,43.204934],[-78.471728,43.20493599999998],[-78.472525,43.204951],[-78.472702,43.204955],[-78.472821,43.20495799999999],[-78.472788,43.20591000000001],[-78.472765,43.20660399999999],[-78.472747,43.206957],[-78.470934,43.206977],[-78.469981,43.20698799999999],[-78.469697,43.206987999999996],[-78.468845,43.206988999999986],[-78.468562,43.20699],[-78.467993,43.20698999999999],[-78.466289,43.20699299999999],[-78.466089,43.206993999999995],[-78.466079,43.207362],[-78.466051,43.207856],[-78.465969,43.20933999999998],[-78.465943,43.209835],[-78.465913,43.21036500000001],[-78.465825,43.211958],[-78.465806,43.21231099999999],[-78.465797,43.212488999999984],[-78.465795,43.21257299999999],[-78.465791,43.212828],[-78.46579,43.21291300000001],[-78.465747,43.21327399999999],[-78.465618,43.21435799999999],[-78.465576,43.21471999999999],[-78.46557200000001,43.21475000000001],[-78.46556200000002,43.214842],[-78.46556,43.21487299999999],[-78.465539,43.215135000000004],[-78.465475,43.215924],[-78.465455,43.216187],[-78.464447,43.216194],[-78.461423,43.216213999999994],[-78.460416,43.216221999999995],[-78.460424,43.216117],[-78.46045,43.215802999999994],[-78.46046,43.215699],[-78.460462,43.21565700000001],[-78.46047,43.215530999999984],[-78.460474,43.215489999999996],[-78.46049900000001,43.21518199999999],[-78.460574,43.214257999999994],[-78.460593,43.214026],[-78.460599,43.21394999999998],[-78.460658,43.21319999999999],[-78.460835,43.210952],[-78.460895,43.210203],[-78.461314,43.20492999999999],[-78.461315,43.20491299999999],[-78.462147,43.19368300000001],[-78.462164,43.193352999999995],[-78.462262,43.192508],[-78.462348,43.19156199999999],[-78.462441,43.190556999999984],[-78.462631,43.187689999999996],[-78.46274,43.186372],[-78.462826,43.185189],[-78.462981,43.183065],[-78.463093,43.18186899999999],[-78.463161,43.18086100000001],[-78.46317,43.18073799999999],[-78.463226,43.17970700000001],[-78.46334,43.178081999999996],[-78.463434,43.177012999999995],[-78.463525,43.17571499999999],[-78.463623,43.174446],[-78.463636,43.17424399999999],[-78.463749,43.172545],[-78.463801,43.172039],[-78.463888,43.17096],[-78.464153,43.16772399999999],[-78.464236,43.166721],[-78.464241,43.166646],[-78.46430700000002,43.165675],[-78.464507,43.162765],[-78.464574,43.161794999999984],[-78.464562,43.16170699999999],[-78.464563,43.161673],[-78.464582,43.161307],[-78.464589,43.161185],[-78.464668,43.15986199999999],[-78.464712,43.15914900000001],[-78.46491900000001,43.155894],[-78.465004,43.15457199999999],[-78.465054,43.153627],[-78.465095,43.15285899999999],[-78.46513000000002,43.152369],[-78.465212,43.150792],[-78.465262,43.14984799999999],[-78.465269,43.14972],[-78.465289,43.14935499999999],[-78.46534,43.148474],[-78.465367,43.147876],[-78.46539,43.14738299999999],[-78.46543300000002,43.146624],[-78.465494,43.14555899999999],[-78.465557,43.144577999999996],[-78.465568,43.144347999999994],[-78.4656,43.14372799999999],[-78.465566,43.143594],[-78.465632,43.142129999999995],[-78.465808,43.13826000000001],[-78.4658,43.137740999999984],[-78.46578,43.136276999999986],[-78.465779,43.136074999999984],[-78.465741,43.135059],[-78.46573800000002,43.13474399999999],[-78.465731,43.133838999999995],[-78.465721,43.13260199999999],[-78.465678,43.13097499999999],[-78.465617,43.130148],[-78.465505,43.128619],[-78.465415,43.125966],[-78.465414,43.125952],[-78.465334,43.12505799999999],[-78.465186,43.12317600000001],[-78.465185,43.123105],[-78.46496200000001,43.117401999999984],[-78.46496200000001,43.117341],[-78.46496200000001,43.11732],[-78.46496200000001,43.11725899999998],[-78.46496200000001,43.117239],[-78.46496200000001,43.11720999999999],[-78.464889,43.115076],[-78.464667,43.10858799999999],[-78.464594,43.10642599999999],[-78.46458,43.106125],[-78.464578,43.10608999999999],[-78.46445,43.10005799999999],[-78.464444,43.099866999999996],[-78.464338,43.09647399999999],[-78.464306,43.09151399999998],[-78.467394,43.09153],[-78.467407,43.09533900000001],[-78.46741,43.096138],[-78.476018,43.09612199999999],[-78.47605000000001,43.09157799999999],[-78.48279,43.091571],[-78.489688,43.09156399999999],[-78.491405,43.091543],[-78.491409,43.09139799999999],[-78.491586,43.08581499999999],[-78.49164600000002,43.083954999999996],[-78.491791,43.084011],[-78.491943,43.084060999999984],[-78.49221,43.084133],[-78.492485,43.084182999999996],[-78.492607,43.084174999999995],[-78.492683,43.084140999999995],[-78.492722,43.084087],[-78.492736,43.08399699999999],[-78.492554,43.083237],[-78.492523,43.082638],[-78.492439,43.08196600000001],[-78.492447,43.081882],[-78.4925,43.08182499999999],[-78.492591,43.08179200000001],[-78.492728,43.081794],[-78.492935,43.08183699999999],[-78.493011,43.08189399999999],[-78.493095,43.081965999999994],[-78.493401,43.082375],[-78.493515,43.08248499999999],[-78.493591,43.082545999999994],[-78.493668,43.08258399999999],[-78.493752,43.08259199999999],[-78.49395,43.082573000000004],[-78.494194,43.08252699999999],[-78.49455300000001,43.08241999999999],[-78.494759,43.08233299999999],[-78.495514,43.081936],[-78.495628,43.081889999999994],[-78.495964,43.08180999999999],[-78.496292,43.08175299999999],[-78.49649800000002,43.08175099999999],[-78.49732,43.081918],[-78.497849,43.08203299999999],[-78.497917,43.082077],[-78.497932,43.082133999999996],[-78.497932,43.08240899999999],[-78.497864,43.082516],[-78.497681,43.082714],[-78.497661,43.082822],[-78.497681,43.082905],[-78.497749,43.082977],[-78.497879,43.08302299999999],[-78.498024,43.083012],[-78.498169,43.082962],[-78.498383,43.082854999999995],[-78.498642,43.082801999999994],[-78.498787,43.082817000000006],[-78.498856,43.082836],[-78.49938,43.083133999999994],[-78.499489,43.08323299999999],[-78.499565,43.08334699999999],[-78.499603,43.083477],[-78.499589,43.08362199999999],[-78.49955,43.083809],[-78.499474,43.083949999999994],[-78.49932100000001,43.084053000000004],[-78.499031,43.084152],[-78.498878,43.08419399999998],[-78.498428,43.08429699999999],[-78.498306,43.084347],[-78.498238,43.08440399999999],[-78.498093,43.08461],[-78.497948,43.084880999999996],[-78.497742,43.085197],[-78.497688,43.085323],[-78.49762,43.08542599999999],[-78.497543,43.08546099999999],[-78.497179,43.08559],[-78.497017,43.085678],[-78.49691,43.085784999999994],[-78.496857,43.085857000000004],[-78.496819,43.085953],[-78.496819,43.08611699999999],[-78.496857,43.08627299999999],[-78.496887,43.08644499999999],[-78.496971,43.08655900000001],[-78.497101,43.086665999999994],[-78.497269,43.086765],[-78.497429,43.08683799999999],[-78.49764,43.086921],[-78.49791,43.087002000000005],[-78.498053,43.087029],[-78.498215,43.08705499999999],[-78.498314,43.087048],[-78.498421,43.087017],[-78.499023,43.08678599999999],[-78.499191,43.086704],[-78.499893,43.08643300000001],[-78.500359,43.086155],[-78.50053100000001,43.08607899999999],[-78.500599,43.08605699999999],[-78.500725,43.08602099999999],[-78.50091600000002,43.08600199999999],[-78.501175,43.085998999999994],[-78.501297,43.08602099999999],[-78.501465,43.08608199999999],[-78.501862,43.086198],[-78.502259,43.086283],[-78.502529,43.08641099999999],[-78.5028,43.08657499999999],[-78.502878,43.086647],[-78.502945,43.08674599999999],[-78.502945,43.086898999999995],[-78.50293,43.087031999999994],[-78.502884,43.087124],[-78.502831,43.087199999999996],[-78.502762,43.087253999999994],[-78.502696,43.08727999999999],[-78.502037,43.08742099999999],[-78.501802,43.08749999999999],[-78.501328,43.087763999999986],[-78.501126,43.087919],[-78.500977,43.088089],[-78.500877,43.08830600000001],[-78.500778,43.088596],[-78.50071,43.088969999999996],[-78.500724,43.089062],[-78.500809,43.08911500000001],[-78.50091600000002,43.08912699999999],[-78.501061,43.089122999999994],[-78.50132,43.089107999999996],[-78.501511,43.089085],[-78.501663,43.08905399999998],[-78.502281,43.088783],[-78.502609,43.08873],[-78.502831,43.08871500000001],[-78.503128,43.088715],[-78.503411,43.088772999999996],[-78.503538,43.08883199999999],[-78.503777,43.088965999999985],[-78.504112,43.08923699999999],[-78.504343,43.089401],[-78.504478,43.08955],[-78.504604,43.08985400000001],[-78.504669,43.089981],[-78.504776,43.09005],[-78.50489,43.09008],[-78.505043,43.090084000000004],[-78.505188,43.090060999999984],[-78.505386,43.090012],[-78.505744,43.08982499999999],[-78.505882,43.089732999999995],[-78.505997,43.089690999999995],[-78.506088,43.08968699999999],[-78.506138,43.089727999999994],[-78.506172,43.089802],[-78.50618,43.089928],[-78.506203,43.090095999999996],[-78.506089,43.090586],[-78.506027,43.090728999999996],[-78.505852,43.090946],[-78.505516,43.09127],[-78.505173,43.091601999999995],[-78.505127,43.09169399999999],[-78.505104,43.091824],[-78.50515,43.09196099999998],[-78.505211,43.09207499999999],[-78.505348,43.09226199999999],[-78.505455,43.09234199999999],[-78.505608,43.09243],[-78.505852,43.092547999999994],[-78.505978,43.09268399999999],[-78.506119,43.092888],[-78.506131,43.092967999999985],[-78.506119,43.093070999999995],[-78.50602,43.093154999999996],[-78.50592,43.093189],[-78.50576,43.09320100000001],[-78.505592,43.093182],[-78.505358,43.093126999999996],[-78.504745,43.092903],[-78.504562,43.092803999999994],[-78.504372,43.092673999999995],[-78.504211,43.092513999999994],[-78.504109,43.09237099999999],[-78.503944,43.09189599999999],[-78.50386,43.091713],[-78.503708,43.091515],[-78.503589,43.091434],[-78.503479,43.091415],[-78.50338,43.091441999999994],[-78.503345,43.09146199999999],[-78.503273,43.09154899999999],[-78.50325,43.09161399999999],[-78.503288,43.09185800000001],[-78.503304,43.092006999999995],[-78.503296,43.092152],[-78.503433,43.092552000000005],[-78.503661,43.09311099999999],[-78.503726,43.09323799999999],[-78.503967,43.093520999999996],[-78.504051,43.093594],[-78.504189,43.093678000000004],[-78.504395,43.09376499999999],[-78.504562,43.093822],[-78.504692,43.09383],[-78.504875,43.093819],[-78.505325,43.09374199999999],[-78.505447,43.09373899999999],[-78.505798,43.093776999999996],[-78.50602,43.09383],[-78.506203,43.09390299999998],[-78.506723,43.094215],[-78.506838,43.09426299999999],[-78.506981,43.09428999999999],[-78.507126,43.094288],[-78.50725,43.094255],[-78.507469,43.094185],[-78.507574,43.094125000000005],[-78.507683,43.094024999999995],[-78.507888,43.093768],[-78.508376,43.09338499999999],[-78.50859100000001,43.093287999999994],[-78.508728,43.093268999999985],[-78.50889600000001,43.09325400000001],[-78.509003,43.093262],[-78.50910900000001,43.093299999999985],[-78.509178,43.093379999999996],[-78.509293,43.093605],[-78.509331,43.093738999999985],[-78.509331,43.093830000000004],[-78.509315,43.09394499999999],[-78.509285,43.09400899999999],[-78.508949,43.094494],[-78.508842,43.09473],[-78.508823,43.09515699999999],[-78.508751,43.095352000000005],[-78.508713,43.09543599999999],[-78.50869,43.095486],[-78.508385,43.09586699999999],[-78.50832,43.095964],[-78.508324,43.096053999999995],[-78.508347,43.09616100000001],[-78.508392,43.096217999999986],[-78.508461,43.09627900000001],[-78.50856,43.096317],[-78.50863600000001,43.096367],[-78.508736,43.09638600000001],[-78.509193,43.096352],[-78.509308,43.096366999999994],[-78.509438,43.09641299999999],[-78.509663,43.09653599999999],[-78.509857,43.09668400000001],[-78.509964,43.096820999999984],[-78.509987,43.09686299999999],[-78.509979,43.09690899999998],[-78.509939,43.09695599999999],[-78.509735,43.09732400000001],[-78.509705,43.09743499999999],[-78.509719,43.09755299999999],[-78.509735,43.09769099999998],[-78.509743,43.09792699999999],[-78.509804,43.09803399999999],[-78.509926,43.098063999999994],[-78.510056,43.098071999999995],[-78.510223,43.09803399999999],[-78.510384,43.097958],[-78.510559,43.097815999999995],[-78.510651,43.097656],[-78.510744,43.097446999999995],[-78.511116,43.096962],[-78.511208,43.096798],[-78.511463,43.095886],[-78.511483,43.095730999999994],[-78.511536,43.095657],[-78.511612,43.095591999999996],[-78.512039,43.095366999999996],[-78.512123,43.095337],[-78.51226,43.095329],[-78.512505,43.095337],[-78.512627,43.095336999999994],[-78.512733,43.09531],[-78.51281,43.095268000000004],[-78.51287800000001,43.095203000000005],[-78.513031,43.094799],[-78.5131,43.094742],[-78.513153,43.09469999999999],[-78.513245,43.094654000000006],[-78.513382,43.094642999999984],[-78.513637,43.09464299999999],[-78.513917,43.09468],[-78.514078,43.094715],[-78.514373,43.094779],[-78.514839,43.09487500000001],[-78.514969,43.094875],[-78.515091,43.09483000000001],[-78.51519,43.094688],[-78.515287,43.09416599999999],[-78.515289,43.094045],[-78.515291,43.093955],[-78.515245,43.093789999999984],[-78.515191,43.093621000000006],[-78.515007,43.093292],[-78.514977,43.093184999999984],[-78.514969,43.093037],[-78.515015,43.092940999999996],[-78.515099,43.09284999999999],[-78.515602,43.09244499999999],[-78.515968,43.092209],[-78.51606,43.09212899999999],[-78.51609,43.092044999999985],[-78.516113,43.09194599999999],[-78.516083,43.091824],[-78.516052,43.091739999999994],[-78.515984,43.09164],[-78.515877,43.091553000000005],[-78.51578500000001,43.09150700000001],[-78.515053,43.09133099999999],[-78.514641,43.091248],[-78.514557,43.091244],[-78.514412,43.091269999999994],[-78.514201,43.091355],[-78.514107,43.091373],[-78.51403,43.09136999999999],[-78.513985,43.091324],[-78.513947,43.09123600000001],[-78.513931,43.09114799999999],[-78.513939,43.091019],[-78.51401,43.090754],[-78.514084,43.090427000000005],[-78.514099,43.090363],[-78.514145,43.090289999999996],[-78.514236,43.09023699999999],[-78.514465,43.090172],[-78.51458,43.090163999999994],[-78.514656,43.090171999999995],[-78.514946,43.09021799999999],[-78.515671,43.090508],[-78.515823,43.090542],[-78.516102,43.090516],[-78.516414,43.090467],[-78.516471,43.090447],[-78.516572,43.090412],[-78.51664,43.090378],[-78.516745,43.090284],[-78.517029,43.08996599999999],[-78.517113,43.089897],[-78.517281,43.08984],[-78.517548,43.08979399999999],[-78.517899,43.089802000000006],[-78.518021,43.08977900000001],[-78.518289,43.089723],[-78.51855100000002,43.089641],[-78.519031,43.08933600000001],[-78.519569,43.08903899999999],[-78.520042,43.08880499999999],[-78.520233,43.08875999999999],[-78.520439,43.088733999999995],[-78.520645,43.08876],[-78.52079,43.088799],[-78.520882,43.088874999999994],[-78.521072,43.08922199999999],[-78.521309,43.08978999999999],[-78.52137,43.089878],[-78.521444,43.089942],[-78.521568,43.09001499999999],[-78.521713,43.090030999999996],[-78.52182,43.090018999999984],[-78.521942,43.089981],[-78.522041,43.089943],[-78.522141,43.08987],[-78.522278,43.089722],[-78.522354,43.08961099999999],[-78.522377,43.089561],[-78.522293,43.088593],[-78.52224,43.088412999999996],[-78.522217,43.08831399999999],[-78.522224,43.088210999999994],[-78.522263,43.088149999999985],[-78.522392,43.08805799999999],[-78.522469,43.088017],[-78.522815,43.08792999999999],[-78.522888,43.08791],[-78.522995,43.087897999999996],[-78.523207,43.087891],[-78.523766,43.08791],[-78.524719,43.088078],[-78.524981,43.088088000000006],[-78.525337,43.088032000000005],[-78.525497,43.087974999999986],[-78.525665,43.087883],[-78.526222,43.08761199999999],[-78.526436,43.087562999999996],[-78.526726,43.08754],[-78.527061,43.087562999999996],[-78.527267,43.087631],[-78.527542,43.08772999999999],[-78.527679,43.087790999999996],[-78.527968,43.087976],[-78.528061,43.088061999999994],[-78.528122,43.08814199999998],[-78.528107,43.088244999999986],[-78.528069,43.088299],[-78.527969,43.088352],[-78.527611,43.08846299999999],[-78.527306,43.088593],[-78.526825,43.088874999999994],[-78.526672,43.08896599999999],[-78.526642,43.08902700000001],[-78.526604,43.08917599999999],[-78.52661100000002,43.08926],[-78.52697,43.090363],[-78.527016,43.090431],[-78.5271,43.09051100000001],[-78.527183,43.090577],[-78.527296,43.090619999999994],[-78.527405,43.090649],[-78.527573,43.09064899999999],[-78.527901,43.09058799999999],[-78.528,43.090571999999995],[-78.528601,43.090416999999995],[-78.52873200000002,43.090347],[-78.528831,43.090278999999995],[-78.528893,43.090221],[-78.528976,43.090115],[-78.528991,43.089998],[-78.528969,43.089805999999996],[-78.528877,43.089626],[-78.528458,43.08922199999999],[-78.528259,43.088905],[-78.528214,43.08877199999999],[-78.528206,43.08869599999999],[-78.528229,43.088608],[-78.528244,43.08857],[-78.528328,43.088542999999994],[-78.528488,43.088455],[-78.528679,43.088367000000005],[-78.528931,43.088203],[-78.529282,43.08806199999999],[-78.529747,43.087749],[-78.5299,43.087688],[-78.530045,43.087688],[-78.53022,43.08772999999999],[-78.530304,43.087776],[-78.53038,43.087790999999996],[-78.530491,43.087797],[-78.530602,43.08774899999999],[-78.530731,43.087680999999996],[-78.531136,43.087376000000006],[-78.53124200000002,43.087341],[-78.531395,43.087348999999996],[-78.53154,43.08740199999999],[-78.531715,43.087531999999996],[-78.531799,43.08765399999999],[-78.531853,43.08778399999999],[-78.531853,43.08793599999999],[-78.531952,43.088592999999996],[-78.532005,43.088665000000006],[-78.532089,43.088695999999985],[-78.532234,43.08869200000001],[-78.53241,43.088660999999995],[-78.532555,43.088584999999995],[-78.532661,43.088512],[-78.532761,43.08843999999999],[-78.532885,43.08828499999999],[-78.532997,43.088165000000004],[-78.533035,43.088103999999994],[-78.533148,43.087925],[-78.533783,43.086879999999994],[-78.534035,43.08656299999999],[-78.534431,43.086182],[-78.534737,43.08599099999999],[-78.534981,43.08593799999999],[-78.535225,43.08591100000001],[-78.535721,43.08563199999999],[-78.53598,43.08554099999999],[-78.536133,43.085491],[-78.53627000000002,43.08549099999999],[-78.53643,43.085564000000005],[-78.53656,43.08567800000001],[-78.536674,43.085895999999984],[-78.536804,43.08627299999999],[-78.536817,43.086427],[-78.536827,43.086749999999995],[-78.536858,43.086819],[-78.537682,43.08733000000001],[-78.538048,43.087433],[-78.538292,43.087421000000006],[-78.538469,43.08737399999999],[-78.538673,43.08727599999999],[-78.538811,43.08709],[-78.539085,43.08691],[-78.539131,43.086864000000006],[-78.539131,43.086757999999996],[-78.539078,43.086571],[-78.539047,43.086539999999985],[-78.538864,43.08643],[-78.538681,43.08636899999999],[-78.538216,43.0863],[-78.53808600000002,43.086239],[-78.538033,43.086181999999994],[-78.537987,43.086075],[-78.53800200000002,43.086014],[-78.53808600000002,43.085911],[-78.5383,43.08580400000001],[-78.53846,43.085739000000004],[-78.538628,43.08570499999999],[-78.538887,43.08570499999999],[-78.539047,43.085708999999994],[-78.539757,43.085678],[-78.539917,43.085693],[-78.54,43.08566999999999],[-78.540115,43.08575099999999],[-78.54025400000002,43.085891999999994],[-78.540306,43.086002],[-78.540394,43.08620299999998],[-78.540352,43.086437],[-78.540335,43.08655599999999],[-78.540161,43.08708999999999],[-78.540146,43.087166],[-78.540161,43.087222999999994],[-78.540215,43.08735299999999],[-78.540312,43.087478000000004],[-78.540436,43.087601],[-78.540596,43.087696],[-78.540741,43.087748999999995],[-78.540901,43.087787999999996],[-78.541092,43.087795],[-78.541443,43.08777200000001],[-78.541756,43.08771099999999],[-78.541854,43.087706000000004],[-78.541977,43.087734000000005],[-78.542061,43.087803],[-78.542114,43.087872],[-78.542125,43.08791999999999],[-78.542137,43.087974999999986],[-78.542114,43.088089],[-78.542008,43.088199],[-78.541733,43.08829899999999],[-78.541473,43.088345],[-78.541351,43.088352],[-78.540916,43.08832199999999],[-78.540482,43.088299],[-78.540283,43.088352],[-78.540237,43.08840199999999],[-78.540199,43.08852400000001],[-78.540359,43.088927999999996],[-78.540421,43.08995099999999],[-78.540443,43.09009199999999],[-78.54052,43.09026299999999],[-78.540627,43.090427],[-78.54081,43.09059499999999],[-78.541496,43.091052999999995],[-78.541687,43.091136999999996],[-78.541959,43.091206],[-78.542184,43.091145999999995],[-78.542282,43.091098999999986],[-78.542625,43.090694],[-78.542923,43.090152999999994],[-78.543007,43.089760000000005],[-78.542992,43.089664],[-78.542976,43.089588],[-78.542877,43.089431999999995],[-78.542824,43.089386],[-78.542419,43.089316999999994],[-78.542389,43.08928699999999],[-78.542389,43.08913799999999],[-78.542442,43.08902700000001],[-78.542625,43.088801999999994],[-78.54276,43.088741000000006],[-78.542885,43.088741],[-78.543343,43.088844],[-78.543633,43.088921],[-78.543854,43.08901199999998],[-78.544289,43.089237],[-78.544601,43.089447],[-78.544662,43.0895],[-78.545044,43.090183],[-78.545195,43.09033999999999],[-78.545403,43.09044999999999],[-78.545547,43.09047699999999],[-78.54573,43.09048399999999],[-78.545944,43.09044600000001],[-78.546486,43.09006099999999],[-78.546623,43.090008],[-78.546677,43.090008000000005],[-78.546822,43.090064999999996],[-78.54689,43.090256],[-78.546921,43.09087799999998],[-78.546959,43.091021999999995],[-78.547043,43.09118999999999],[-78.54718800000002,43.091350999999996],[-78.547379,43.091499000000006],[-78.547379,43.091556999999995],[-78.547462,43.091751],[-78.547455,43.091969000000006],[-78.547356,43.09232299999999],[-78.547258,43.09252499999999],[-78.54717,43.092672],[-78.547005,43.092864999999996],[-78.546623,43.09314],[-78.546486,43.093231],[-78.546394,43.09328499999999],[-78.54631,43.09331499999999],[-78.546157,43.093338999999986],[-78.546074,43.093329999999995],[-78.545692,43.09324599999999],[-78.545532,43.093246],[-78.545227,43.093284999999995],[-78.54458800000002,43.09326799999999],[-78.544385,43.09328],[-78.544266,43.093277],[-78.544182,43.09326599999999],[-78.544067,43.093227],[-78.544022,43.093196999999996],[-78.543587,43.092788999999996],[-78.54356,43.092776999999984],[-78.543488,43.092762],[-78.543434,43.09278100000001],[-78.543137,43.092941],[-78.542778,43.093081999999995],[-78.542404,43.093196999999996],[-78.542229,43.093242999999994],[-78.542061,43.093281],[-78.541893,43.093292000000005],[-78.541396,43.093303],[-78.541313,43.09331499999998],[-78.541267,43.093348999999996],[-78.541191,43.093464],[-78.541107,43.093653],[-78.541084,43.093838000000005],[-78.541095,43.09391399999999],[-78.541138,43.094006],[-78.541344,43.094169999999984],[-78.541443,43.094257],[-78.541702,43.09455099999999],[-78.541862,43.09474199999999],[-78.542007,43.094967000000004],[-78.542091,43.095157999999984],[-78.542107,43.095234000000005],[-78.542114,43.095424999999985],[-78.542091,43.095711],[-78.542046,43.095848000000004],[-78.541885,43.09609999999999],[-78.541855,43.096194999999994],[-78.541856,43.09632599999999],[-78.541908,43.096478000000005],[-78.542107,43.096638],[-78.542274,43.096709999999995],[-78.542358,43.09673699999999],[-78.542564,43.096741],[-78.543259,43.096687],[-78.543861,43.09662099999999],[-78.544067,43.096615],[-78.544373,43.09664500000001],[-78.544594,43.09672499999999],[-78.544777,43.096848],[-78.544868,43.09694699999999],[-78.545029,43.09720599999999],[-78.545219,43.097569],[-78.545273,43.097748],[-78.54528000000002,43.09792699999999],[-78.545265,43.098083],[-78.545219,43.098431],[-78.545258,43.098549000000006],[-78.545296,43.098591],[-78.54545600000002,43.098656],[-78.545616,43.09868600000001],[-78.545822,43.098694],[-78.54586,43.098704999999995],[-78.545998,43.09869400000001],[-78.546097,43.098667],[-78.546234,43.098602],[-78.546303,43.098556999999985],[-78.546654,43.098185999999984],[-78.54757700000002,43.09744599999999],[-78.547737,43.097362999999994],[-78.548645,43.097042],[-78.549255,43.096905],[-78.549868,43.096754999999995],[-78.550079,43.096668],[-78.550171,43.09658799999999],[-78.55022400000001,43.096478],[-78.550262,43.09637099999999],[-78.550247,43.09629799999998],[-78.550247,43.09621799999999],[-78.550215,43.09616699999999],[-78.55017900000001,43.09608800000001],[-78.55009500000001,43.096004],[-78.549995,43.095928],[-78.549255,43.09535600000001],[-78.549187,43.09525699999999],[-78.549155,43.095149],[-78.549156,43.095055],[-78.549271,43.09489099999999],[-78.549347,43.094528],[-78.5494,43.09435700000001],[-78.549484,43.094153999999996],[-78.549568,43.09397100000001],[-78.54966,43.093815],[-78.549767,43.09368099999998],[-78.550064,43.09340300000001],[-78.550336,43.093182999999996],[-78.550721,43.092907],[-78.551097,43.09275199999999],[-78.551666,43.092544999999994],[-78.552487,43.092333999999994],[-78.553024,43.09225099999999],[-78.553192,43.092231999999996],[-78.553458,43.092224],[-78.553792,43.09226799999998],[-78.55481,43.09248],[-78.555001,43.09247399999999],[-78.555145,43.09241900000001],[-78.555237,43.09218399999998],[-78.555176,43.09173200000001],[-78.55526,43.091553],[-78.555428,43.091446],[-78.557951,43.090683999999996],[-78.56015,43.089935],[-78.560448,43.08990099999999],[-78.560661,43.089951],[-78.560743,43.09000999999999],[-78.560898,43.09020999999999],[-78.560875,43.090405],[-78.560664,43.090757],[-78.560364,43.09114799999999],[-78.560127,43.091289999999994],[-78.559464,43.091575999999996],[-78.559204,43.09170499999998],[-78.559013,43.091843],[-78.558838,43.092026000000004],[-78.558277,43.09293600000001],[-78.558044,43.09322],[-78.557836,43.09343699999999],[-78.557388,43.093844999999995],[-78.557071,43.094019],[-78.55584,43.094497999999994],[-78.555016,43.09485999999998],[-78.554893,43.094913000000005],[-78.55481,43.09506999999999],[-78.554851,43.09521099999999],[-78.55497,43.09534499999999],[-78.555203,43.095375],[-78.556587,43.095036],[-78.55703,43.094981999999995],[-78.557213,43.094975],[-78.557343,43.09498599999999],[-78.557632,43.09508099999999],[-78.55806,43.095558],[-78.558296,43.096011999999995],[-78.55835,43.09614899999998],[-78.55835,43.09623299999999],[-78.558296,43.09631],[-78.558173,43.096397],[-78.558125,43.096467999999994],[-78.558113,43.096546],[-78.558136,43.096699],[-78.558159,43.096771],[-78.558186,43.09682300000001],[-78.558258,43.096943],[-78.558334,43.097007999999995],[-78.558434,43.097075999999994],[-78.558563,43.09714099999999],[-78.558731,43.097214],[-78.559114,43.09729200000001],[-78.559448,43.09735500000001],[-78.559624,43.097365999999994],[-78.559784,43.09735899999999],[-78.559998,43.09733600000002],[-78.560265,43.097278999999986],[-78.560616,43.097168],[-78.560787,43.097091999999996],[-78.561011,43.096971999999994],[-78.562523,43.09589799999999],[-78.563225,43.09547400000001],[-78.563789,43.09503599999999],[-78.563937,43.09490199999999],[-78.564034,43.094806999999996],[-78.564072,43.09472999999999],[-78.564072,43.094702],[-78.564064,43.094635],[-78.564003,43.09455499999999],[-78.563537,43.09414399999999],[-78.563362,43.094024999999995],[-78.563095,43.09389899999999],[-78.563011,43.093819],[-78.562981,43.093738999999985],[-78.563011,43.09364299999999],[-78.563496,43.092766],[-78.563606,43.09254099999999],[-78.563667,43.09238800000001],[-78.563907,43.09152699999999],[-78.56424,43.090514999999996],[-78.564484,43.088894],[-78.564701,43.088554],[-78.564964,43.088367],[-78.565323,43.088219],[-78.567131,43.088013],[-78.567902,43.087963],[-78.568413,43.08801299999998],[-78.56881,43.088165],[-78.569168,43.08846700000001],[-78.569542,43.088607999999994],[-78.570343,43.088668999999996],[-78.571154,43.088445],[-78.57141100000001,43.088379],[-78.572954,43.08845900000001],[-78.574135,43.08847399999999],[-78.574356,43.088486],[-78.575455,43.088607999999994],[-78.576248,43.088791],[-78.57637,43.08866899999999],[-78.576302,43.088425],[-78.576141,43.08828],[-78.574776,43.087502],[-78.574333,43.08711999999999],[-78.574234,43.08688],[-78.57428,43.086605],[-78.574493,43.086235],[-78.575104,43.085899000000005],[-78.57531,43.085739000000004],[-78.575363,43.08551800000001],[-78.575294,43.08493399999998],[-78.574738,43.08314899999999],[-78.574165,43.082409],[-78.573776,43.08225300000001],[-78.573273,43.08220699999998],[-78.572647,43.08227500000001],[-78.57251,43.08223],[-78.572372,43.08205],[-78.572334,43.081786999999984],[-78.572372,43.081695999999994],[-78.572487,43.081500999999996],[-78.573269,43.08087899999999],[-78.57431,43.080208],[-78.574989,43.079905999999994],[-78.575165,43.079845000000006],[-78.57543200000002,43.07978099999999],[-78.575577,43.079758000000005],[-78.575745,43.079742],[-78.575905,43.079741999999996],[-78.576065,43.079758000000005],[-78.57625,43.079750999999995],[-78.576485,43.079913],[-78.576604,43.080038],[-78.576691,43.08018299999999],[-78.576715,43.08031299999999],[-78.576591,43.081374999999994],[-78.576637,43.081707],[-78.576736,43.081889999999994],[-78.576965,43.08209599999999],[-78.577651,43.08247099999999],[-78.578178,43.082664],[-78.57825500000001,43.082741],[-78.578239,43.082916],[-78.578186,43.082985],[-78.577217,43.08358],[-78.577118,43.083778],[-78.57713,43.083882],[-78.577271,43.084141],[-78.578232,43.084515],[-78.578423,43.08460199999999],[-78.579208,43.085228],[-78.579308,43.08537699999998],[-78.579315,43.085579],[-78.57914,43.08604],[-78.57846800000002,43.087051],[-78.578201,43.08749799999999],[-78.578156,43.087749],[-78.578239,43.08792099999999],[-78.578293,43.087971],[-78.578583,43.087993999999995],[-78.578888,43.08786400000001],[-78.579491,43.087517000000005],[-78.579857,43.087429],[-78.580231,43.08754700000001],[-78.581253,43.088786999999996],[-78.58152,43.08891700000001],[-78.581757,43.08892799999999],[-78.582031,43.08888600000001],[-78.58249700000002,43.088653999999984],[-78.584557,43.086655],[-78.584808,43.086315],[-78.585075,43.08563199999999],[-78.58513600000002,43.08518999999998],[-78.585089,43.084573999999996],[-78.584826,43.084143999999995],[-78.58448,43.08372899999999],[-78.58432,43.08361000000001],[-78.58371700000001,43.08321800000001],[-78.583435,43.083075999999984],[-78.58235,43.08259],[-78.582123,43.0825],[-78.581947,43.082367],[-78.581635,43.082111],[-78.580772,43.081291],[-78.58050500000002,43.08098199999999],[-78.580332,43.080737],[-78.580231,43.080443999999986],[-78.580193,43.08017000000001],[-78.580246,43.07996399999999],[-78.580444,43.079582],[-78.581299,43.078514],[-78.581773,43.07792599999999],[-78.58213,43.077498999999996],[-78.58252,43.077255],[-78.582977,43.077091],[-78.583366,43.076977],[-78.584114,43.076859],[-78.584244,43.076713999999996],[-78.584396,43.076393],[-78.584373,43.076210999999994],[-78.584282,43.07606500000001],[-78.584099,43.07595800000001],[-78.583878,43.07592799999999],[-78.583176,43.075893],[-78.582954,43.07583599999999],[-78.582736,43.075692999999994],[-78.582603,43.075511999999996],[-78.582577,43.07535899999999],[-78.582656,43.07514999999999],[-78.582817,43.07497],[-78.583101,43.07478499999999],[-78.584297,43.074272],[-78.58461,43.07412299999999],[-78.584801,43.074017],[-78.585636,43.07342800000001],[-78.586136,43.073108999999995],[-78.586273,43.073048],[-78.586372,43.073009],[-78.586533,43.072970999999995],[-78.586708,43.072975],[-78.5868,43.073002],[-78.586914,43.073040000000006],[-78.587062,43.07316100000001],[-78.587105,43.073219],[-78.587189,43.073318],[-78.587865,43.07441199999999],[-78.588005,43.074589],[-78.588272,43.07478299999999],[-78.588589,43.07501799999999],[-78.589279,43.07544299999999],[-78.590065,43.075866999999995],[-78.590769,43.076122],[-78.590904,43.076157],[-78.591064,43.076122],[-78.591207,43.07603999999999],[-78.591339,43.07589299999999],[-78.591354,43.075806],[-78.591354,43.075725],[-78.591089,43.07489599999999],[-78.591057,43.074677],[-78.591095,43.07448599999999],[-78.591164,43.07432599999999],[-78.5915,43.073916],[-78.591606,43.073710999999996],[-78.591721,43.073505],[-78.591759,43.073338],[-78.591774,43.07317],[-78.591789,43.072186],[-78.591866,43.071709],[-78.591949,43.071364999999986],[-78.592102,43.07101399999999],[-78.592255,43.070747000000004],[-78.592346,43.07061399999998],[-78.592522,43.07039300000001],[-78.592651,43.070266999999994],[-78.592995,43.069984],[-78.593575,43.06966400000001],[-78.593788,43.06958399999999],[-78.59404,43.069500000000005],[-78.594315,43.06945],[-78.594503,43.069425],[-78.594696,43.069424],[-78.594879,43.069438999999996],[-78.595047,43.06947699999999],[-78.595161,43.069523],[-78.59523,43.069560999999986],[-78.595306,43.06964099999999],[-78.595406,43.069885],[-78.595421,43.069992000000006],[-78.59541300000001,43.070141],[-78.595306,43.070438],[-78.594818,43.071217],[-78.594666,43.071522],[-78.594658,43.071663],[-78.59471900000001,43.071979999999996],[-78.594849,43.07227299999999],[-78.594948,43.07235],[-78.595261,43.072452999999996],[-78.595474,43.07246800000001],[-78.595627,43.07246799999999],[-78.59722900000001,43.072227],[-78.59816,43.072121],[-78.598625,43.07207499999999],[-78.599274,43.072048],[-78.599937,43.072089999999996],[-78.600388,43.072143999999994],[-78.600662,43.072262],[-78.600929,43.072497999999996],[-78.601089,43.07275],[-78.601212,43.073073999999984],[-78.601234,43.07366999999999],[-78.601265,43.073882999999995],[-78.601318,43.07393599999999],[-78.601532,43.073952],[-78.601707,43.07383299999999],[-78.60178400000001,43.073696],[-78.602119,43.072773],[-78.602211,43.072593999999995],[-78.602303,43.072453],[-78.602562,43.07224999999999],[-78.602814,43.072124],[-78.603355,43.07199899999999],[-78.60398900000001,43.07202499999999],[-78.605438,43.072410999999995],[-78.60654400000001,43.072674000000006],[-78.606762,43.07283600000001],[-78.606876,43.073113],[-78.60685,43.073356999999994],[-78.606689,43.07346699999999],[-78.606247,43.073586000000006],[-78.606003,43.073631000000006],[-78.605225,43.07375299999999],[-78.604485,43.07391],[-78.604222,43.073983],[-78.603996,43.074081],[-78.603737,43.074211000000005],[-78.603317,43.07444799999999],[-78.603096,43.07459299999999],[-78.602203,43.075374999999994],[-78.601479,43.075863000000005],[-78.601349,43.076057],[-78.601355,43.076213],[-78.601479,43.07643499999999],[-78.601638,43.076544],[-78.601831,43.076635999999986],[-78.602493,43.076693999999996],[-78.603165,43.076614000000006],[-78.603432,43.07656899999999],[-78.603745,43.07648100000001],[-78.60508,43.07584799999999],[-78.605362,43.075751999999994],[-78.605904,43.07558399999999],[-78.606392,43.07553099999999],[-78.607018,43.07559199999999],[-78.607918,43.07578999999999],[-78.608269,43.075905],[-78.608879,43.076157],[-78.609669,43.076505],[-78.61168,43.077733],[-78.611916,43.077881],[-78.61208800000001,43.077912999999995],[-78.612267,43.077892],[-78.61245,43.077782],[-78.612578,43.077554],[-78.612605,43.077315],[-78.612564,43.077128999999985],[-78.612473,43.07697300000001],[-78.612152,43.076595],[-78.612057,43.076422],[-78.612053,43.076248],[-78.612129,43.07607300000001],[-78.612198,43.07597399999999],[-78.612358,43.075863],[-78.612769,43.07576799999999],[-78.613121,43.07560000000001],[-78.613579,43.075165],[-78.614075,43.074409],[-78.614174,43.074291],[-78.614456,43.074135],[-78.614639,43.074096999999995],[-78.615411,43.074055],[-78.615842,43.074104999999996],[-78.616074,43.0742],[-78.61629500000001,43.07448599999999],[-78.616348,43.074638],[-78.61629500000001,43.07496999999999],[-78.615723,43.075691000000006],[-78.615448,43.07621799999999],[-78.615418,43.076581000000004],[-78.615486,43.07669800000001],[-78.616325,43.077194],[-78.616714,43.077408],[-78.617119,43.077736],[-78.61721,43.077892],[-78.617212,43.078119],[-78.617149,43.078342],[-78.616844,43.078959999999995],[-78.616158,43.08017699999999],[-78.616028,43.080299],[-78.615868,43.080406],[-78.615433,43.08054699999999],[-78.614567,43.08072599999999],[-78.614365,43.08082600000001],[-78.613121,43.081917],[-78.61277,43.08226799999999],[-78.612518,43.082752],[-78.612434,43.083397000000005],[-78.612457,43.08355700000001],[-78.612511,43.083645000000004],[-78.612717,43.083809],[-78.61290700000002,43.083923],[-78.613251,43.08406099999999],[-78.613968,43.084224999999996],[-78.615242,43.08452200000001],[-78.615578,43.084583],[-78.615822,43.084656],[-78.616241,43.08480099999999],[-78.616447,43.08488499999999],[-78.616615,43.084991],[-78.61676,43.08511699999999],[-78.616875,43.085239],[-78.616946,43.08534199999999],[-78.617037,43.085483999999994],[-78.617378,43.08628499999999],[-78.617487,43.08645899999999],[-78.617572,43.08655300000001],[-78.617596,43.086748],[-78.61767,43.08733599999999],[-78.617695,43.087532],[-78.617719,43.08966399999999],[-78.617791,43.096062999999994],[-78.617815,43.098195999999994],[-78.617823,43.099051999999986],[-78.617848,43.10162299999999],[-78.617857,43.10247999999999],[-78.617856,43.10326899999999],[-78.617856,43.105637],[-78.617856,43.10642699999999],[-78.617855,43.107836],[-78.617855,43.112062999999985],[-78.617855,43.113473],[-78.61785300000001,43.114238999999976],[-78.61785,43.116536],[-78.617849,43.117302999999986],[-78.617908,43.11987299999999],[-78.618085,43.12758600000001],[-78.618145,43.13015699999999],[-78.618172,43.13071200000001],[-78.618255,43.13238],[-78.61828300000002,43.132935999999994],[-78.618312,43.13340199999999],[-78.618399,43.13480099999999],[-78.618429,43.13526799999999],[-78.618497,43.135489000000014],[-78.618702,43.136154999999995],[-78.618771,43.136376999999996],[-78.618833,43.137072],[-78.61902200000002,43.139157999999995],[-78.619085,43.139854],[-78.61915,43.140547],[-78.619347,43.142627],[-78.61941300000001,43.14332199999999],[-78.618871,43.15111100000001],[-78.618818,43.151422],[-78.618574,43.15394499999999],[-78.618584,43.15500899999999],[-78.618614,43.158202999999986],[-78.618624,43.15926799999999],[-78.618629,43.15983899999999],[-78.618645,43.161555],[-78.618651,43.16212699999999],[-78.618644,43.163555],[-78.618625,43.167839],[-78.61862,43.169268],[-78.618688,43.17067699999998],[-78.61889500000001,43.174905],[-78.618964,43.176314999999995],[-78.619088,43.178255],[-78.619462,43.184076],[-78.61958700000001,43.186017],[-78.619605,43.186176],[-78.619659,43.186653],[-78.619677,43.186813],[-78.619852,43.187778],[-78.620377,43.190673999999994],[-78.620552,43.19164],[-78.620589,43.191807],[-78.620703,43.19230899999999],[-78.620741,43.192477],[-78.620788,43.19278700000001],[-78.620929,43.19371999999999],[-78.620976,43.194031],[-78.620976,43.194052],[-78.620978,43.19411499999999],[-78.620979,43.194137000000005],[-78.620981,43.194168],[-78.620989,43.194262],[-78.620992,43.194294],[-78.621003,43.194804999999995],[-78.621039,43.196338],[-78.621052,43.19684999999999],[-78.620949,43.20670899999999],[-78.621109,43.208937999999996],[-78.621591,43.215627],[-78.621752,43.217856999999995]]]},"properties":{"geoid":"36063024001","name":"240.01","namelsad":"Census Tract 240.01","aland_acres":44310.363650201536,"site_count":1,"cont_acres":5.0,"coverage_pct":0.01,"sites_per_sqmi":0.01}},{"type":"Feature","geometry":{"type":"Polygon","coordinates":[[[-78.484609,43.20577000000001],[-78.484491,43.207259],[-78.484453,43.207755999999996],[-78.48444,43.20791899999999],[-78.4844,43.20840799999999],[-78.484388,43.20857199999999],[-78.48436,43.208920000000006],[-78.484277,43.20996399999999],[-78.48425,43.21031299999999],[-78.484248,43.21033],[-78.484244,43.210384],[-78.484243,43.210402],[-78.484237,43.210463],[-78.484221,43.21064500000001],[-78.484216,43.210707000000006],[-78.484208,43.210796],[-78.484186,43.211064],[-78.48418,43.211154],[-78.484159,43.211378],[-78.484098,43.212053],[-78.484079,43.212278],[-78.484073,43.212346],[-78.484054,43.21254999999999],[-78.484049,43.21261899999999],[-78.484009,43.21332300000001],[-78.48389100000001,43.21543399999999],[-78.48385200000001,43.21613899999999],[-78.483774,43.216677999999995],[-78.483528,43.21668199999999],[-78.481156,43.21672],[-78.480366,43.216734],[-78.480091,43.21674900000001],[-78.480049,43.21707999999999],[-78.479825,43.21890099999999],[-78.479807,43.219502],[-78.479769,43.220099999999995],[-78.479659,43.221855999999995],[-78.47962,43.221855],[-78.479021,43.221854999999984],[-78.478201,43.221854999999984],[-78.475742,43.22185799999999],[-78.474923,43.221859],[-78.473379,43.22185599999999],[-78.472929,43.221856],[-78.473096,43.217679],[-78.473159,43.216136999999996],[-78.471745,43.216146],[-78.467503,43.21617299999998],[-78.46609000000001,43.216183],[-78.465962,43.216182999999994],[-78.465581,43.216185],[-78.465455,43.216187],[-78.465475,43.215924],[-78.465539,43.215135000000004],[-78.46556,43.21487299999999],[-78.46556200000002,43.214842],[-78.46557200000001,43.21475000000001],[-78.465576,43.21471999999999],[-78.465618,43.21435799999999],[-78.465747,43.21327399999999],[-78.46579,43.21291300000001],[-78.465791,43.212828],[-78.465795,43.21257299999999],[-78.465797,43.212488999999984],[-78.465806,43.21231099999999],[-78.465825,43.211958],[-78.465913,43.21036500000001],[-78.465943,43.209835],[-78.465969,43.20933999999998],[-78.466051,43.207856],[-78.466079,43.207362],[-78.466089,43.206993999999995],[-78.466289,43.20699299999999],[-78.467993,43.20698999999999],[-78.468562,43.20699],[-78.468845,43.206988999999986],[-78.469697,43.206987999999996],[-78.469981,43.20698799999999],[-78.470934,43.206977],[-78.472747,43.206957],[-78.472765,43.20660399999999],[-78.472788,43.20591000000001],[-78.472821,43.20495799999999],[-78.472702,43.204955],[-78.472525,43.204951],[-78.471728,43.20493599999998],[-78.471638,43.204934],[-78.471343,43.20493],[-78.471358,43.20471899999999],[-78.471403,43.204086999999994],[-78.47141900000001,43.203877000000006],[-78.471459,43.203183],[-78.471461,43.203142],[-78.471496,43.20256],[-78.472414,43.202583],[-78.472437,43.20251799999999],[-78.473049,43.20269700000001],[-78.473756,43.202904999999994],[-78.473951,43.20295599999999],[-78.474082,43.202991],[-78.474037,43.203462],[-78.474019,43.203664],[-78.474538,43.203674],[-78.47609500000002,43.203707],[-78.476614,43.20371799999999],[-78.478399,43.203740999999994],[-78.482876,43.2038],[-78.482786,43.20443899999999],[-78.483022,43.204442],[-78.484008,43.20445699999999],[-78.483997,43.205293999999995],[-78.484234,43.20530099999999],[-78.484374,43.205307999999995],[-78.484646,43.20530899999999],[-78.484609,43.20577000000001]]]},"properties":{"geoid":"36063024002","name":"240.02","namelsad":"Census Tract 240.02","aland_acres":557.9780945998573,"site_count":2,"cont_acres":112.91,"coverage_pct":20.24,"sites_per_sqmi":2.29}},{"type":"Feature","geometry":{"type":"Polygon","coordinates":[[[-79.173811,43.460402],[-79.172346,43.460929],[-79.157905,43.46625099999999],[-79.12477,43.478464],[-79.063719,43.50001999999999],[-78.998166,43.522499999999994],[-78.87424700000001,43.565946],[-78.775043,43.60045699999999],[-78.754516,43.60759699999999],[-78.749761,43.60925799999998],[-78.711567,43.625413],[-78.70643,43.627527],[-78.704909,43.628157],[-78.70173100000001,43.629440999999986],[-78.69929,43.630403999999984],[-78.695928,43.63172399999999],[-78.694544,43.63226499999998],[-78.694213,43.63240100000001],[-78.69365,43.632632],[-78.688295,43.634742],[-78.685264,43.63473799999999],[-78.685215,43.634738],[-78.648357,43.634775000000005],[-78.624745,43.63479900000001],[-78.508467,43.633604],[-78.499752,43.63351899999998],[-78.468711,43.633427999999995],[-78.467832,43.60675299999998],[-78.465198,43.526728999999996],[-78.46432,43.50005499999999],[-78.464486,43.474715999999994],[-78.464565,43.462756000000006],[-78.464994,43.421069],[-78.46522200000001,43.398704],[-78.465302,43.390967],[-78.465598,43.375056],[-78.465541,43.373369999999994],[-78.470534,43.37298700000001],[-78.475207,43.373626],[-78.480749,43.37597699999999],[-78.485644,43.377284999999986],[-78.503973,43.375479999999996],[-78.536422,43.372609],[-78.537813,43.372485999999995],[-78.570197,43.368401],[-78.604235,43.362798],[-78.624751,43.360708],[-78.625211,43.36057],[-78.625544,43.36047],[-78.627752,43.360011],[-78.631753,43.359185999999994],[-78.63244,43.35904599999999],[-78.634854,43.358556],[-78.639123,43.357786999999995],[-78.651933,43.355484],[-78.656203,43.35471599999999],[-78.664857,43.353159],[-78.690823,43.348488999999994],[-78.699478,43.34693300000001],[-78.703332,43.346239],[-78.714894,43.34415999999999],[-78.718749,43.34346699999999],[-78.724617,43.34241100000001],[-78.742222,43.339245000000005],[-78.748091,43.33819],[-78.748574,43.338103],[-78.74934400000001,43.337963],[-78.753104,43.337282],[-78.754358,43.33705499999999],[-78.767578,43.334194],[-78.807239,43.32561499999999],[-78.82046,43.32275500000001],[-78.826021,43.322097],[-78.835661,43.32095499999999],[-78.838794,43.32014499999999],[-78.848197,43.31771599999998],[-78.851331,43.316907],[-78.861236,43.314348],[-78.871662,43.311655],[-78.880063,43.30935499999999],[-78.890887,43.306425999999995],[-78.900763,43.303754999999995],[-78.911124,43.30137299999999],[-78.942208,43.29422799999999],[-78.95257,43.29184699999999],[-78.953783,43.291568000000005],[-78.957424,43.290731],[-78.958006,43.290597999999996],[-78.958648,43.290508999999986],[-78.967485,43.289282],[-78.993999,43.28560299999999],[-78.999751,43.284805999999996],[-79.002811,43.284216999999984],[-79.005668,43.283667],[-79.01424,43.282019],[-79.017098,43.281470000000006],[-79.028849,43.279209],[-79.064103,43.272428],[-79.075855,43.270168000000005],[-79.08562200000001,43.284226999999994],[-79.105302,43.312555],[-79.114442,43.32564899999999],[-79.114956,43.326385],[-79.124757,43.340422],[-79.148772,43.375055],[-79.200936,43.450421999999996],[-79.173811,43.460402]]]},"properties":{"geoid":"36063990000","name":"9900","namelsad":"Census Tract 9900","aland_acres":0.0,"site_count":0,"cont_acres":0,"coverage_pct":0,"sites_per_sqmi":0}},{"type":"Feature","geometry":{"type":"Polygon","coordinates":[[[-79.05218,43.13206199999999],[-79.04949,43.135149],[-79.043673,43.138405999999996],[-79.042299,43.143663],[-79.042824,43.14927599999999],[-79.044217,43.15187900000001],[-79.044414,43.15297],[-79.044429,43.153067],[-79.04384,43.152969000000006],[-79.042024,43.15277699999999],[-79.041881,43.15276],[-79.038382,43.152376],[-79.03791,43.15232300000001],[-79.037721,43.15231399999999],[-79.037535,43.152317],[-79.037273,43.15232199999999],[-79.036233,43.152405999999985],[-79.035725,43.152404],[-79.035313,43.152376],[-79.035031,43.152334999999994],[-79.034992,43.15232700000001],[-79.034651,43.152263999999995],[-79.034162,43.152149],[-79.032764,43.151819999999994],[-79.031383,43.151543],[-79.031096,43.151476],[-79.030969,43.151448],[-79.030139,43.15117399999999],[-79.029599,43.15094799999999],[-79.029092,43.15073199999999],[-79.028385,43.150392],[-79.027592,43.150006000000005],[-79.026653,43.14947399999999],[-79.026123,43.149137],[-79.025742,43.148894],[-79.02536500000001,43.14865],[-79.024696,43.148180999999994],[-79.02422,43.14776699999999],[-79.023697,43.147287999999996],[-79.023275,43.146846000000004],[-79.023038,43.14654699999999],[-79.022786,43.146165999999994],[-79.022668,43.145996],[-79.022506,43.145608],[-79.022457,43.145457],[-79.022371,43.14519799999999],[-79.022269,43.144707],[-79.022256,43.144429],[-79.022234,43.143937],[-79.022208,43.14393599999999],[-79.022129,43.143937],[-79.022103,43.143936999999994],[-79.02197900000002,43.143935],[-79.02188700000002,43.14393399999999],[-79.021783,43.143934],[-79.021611,43.143904],[-79.02149,43.14388399999999],[-79.021405,43.14387],[-79.021306,43.143842],[-79.021221,43.14384199999999],[-79.02115,43.14386999999999],[-79.021107,43.143969],[-79.021171,43.14548400000001],[-79.021114,43.145711000000006],[-79.020243,43.147536999999986],[-79.018798,43.15095],[-79.01864200000001,43.15114799999999],[-79.018422,43.151346000000004],[-79.011741,43.154928],[-79.006051,43.15801499999999],[-79.004025,43.159091],[-79.003643,43.15920499999999],[-79.001831,43.159372],[-79.001608,43.15939999999999],[-79.000005,43.159601999999985],[-78.99759200000001,43.159884000000005],[-78.996097,43.160083],[-78.994864,43.160236],[-78.995013,43.16078099999999],[-78.995033,43.160954],[-78.993801,43.161097],[-78.990105,43.161525],[-78.988874,43.161669],[-78.987554,43.16179799999999],[-78.983596,43.162188],[-78.982277,43.162319],[-78.982136,43.162085000000005],[-78.981957,43.161789],[-78.981712,43.161386],[-78.981614,43.161224000000004],[-78.981571,43.161153],[-78.981476,43.160996000000004],[-78.98122,43.160571],[-78.981192,43.16052499999999],[-78.981098,43.16036899999999],[-78.980811,43.15989399999999],[-78.980179,43.15884799999999],[-78.979944,43.158473],[-78.979692,43.15807199999998],[-78.979653,43.158002],[-78.979223,43.157179],[-78.979078,43.156886000000014],[-78.978873,43.156468],[-78.977582,43.153789],[-78.97743900000002,43.153498],[-78.97688600000001,43.152372],[-78.976091,43.15093199999999],[-78.973709,43.146612999999995],[-78.973537,43.146300999999994],[-78.97325,43.14580099999999],[-78.973058,43.145526000000004],[-78.972846,43.14526300000001],[-78.972822,43.145235],[-78.972511,43.14487999999999],[-78.971581,43.14381499999999],[-78.971271,43.143461],[-78.965285,43.14345899999999],[-78.965186,43.143458],[-78.96444,43.143458],[-78.947328,43.143454999999996],[-78.942341,43.143454999999996],[-78.942268,43.142834999999984],[-78.933696,43.142968],[-78.933355,43.142967000000006],[-78.933079,43.142965],[-78.933013,43.142963999999985],[-78.930968,43.14295299999999],[-78.930286,43.14295],[-78.92969700000002,43.14305],[-78.92952,43.14306799999999],[-78.929163,43.14310499999999],[-78.928426,43.14313299999999],[-78.927199,43.143149],[-78.926425,43.14316],[-78.924913,43.143186],[-78.924231,43.14319799999999],[-78.92312,43.14322299999999],[-78.92038,43.14327399999999],[-78.919841,43.143285],[-78.91886900000002,43.143302000000006],[-78.918039,43.143322],[-78.91623,43.143368],[-78.91555,43.143367],[-78.914721,43.14337],[-78.912691,43.14336500000001],[-78.91076200000002,43.14334499999998],[-78.909203,43.14333],[-78.904943,43.14329599999999],[-78.901417,43.14326299999998],[-78.899301,43.143256],[-78.898887,43.143252999999994],[-78.897253,43.14324499999999],[-78.894929,43.143234],[-78.894232,43.14323699999999],[-78.892141,43.143248],[-78.891445,43.143253],[-78.891116,43.143254],[-78.890129,43.14325699999999],[-78.889801,43.14325899999999],[-78.889094,43.143260999999995],[-78.888402,43.14326299999999],[-78.887663,43.143274],[-78.886973,43.143273],[-78.886267,43.143272],[-78.885969,43.14327000000001],[-78.88507700000001,43.14326700000001],[-78.88478,43.14326600000001],[-78.884781,43.14271299999999],[-78.884785,43.141422999999996],[-78.884793,43.141054999999994],[-78.884796,43.140962],[-78.884793,43.140502999999995],[-78.884791,43.14012700000001],[-78.884785,43.138999],[-78.884783,43.13862299999999],[-78.884782,43.13844100000001],[-78.884779,43.137895999999984],[-78.884779,43.13771499999999],[-78.884777,43.137616],[-78.884771,43.137319],[-78.88477000000002,43.13721999999999],[-78.884768,43.13713600000001],[-78.884764,43.13688599999999],[-78.884763,43.13680299999999],[-78.884762,43.136338],[-78.88478,43.13587499999999],[-78.884893,43.133093],[-78.884931,43.132166],[-78.885798,43.13217199999999],[-78.8884,43.13219199999999],[-78.889268,43.13219899999999],[-78.892338,43.13217999999999],[-78.893342,43.132172999999995],[-78.901551,43.13212399999998],[-78.904622,43.132106],[-78.905076,43.132102999999994],[-78.905529,43.1321],[-78.906497,43.13209299999999],[-78.912122,43.132055],[-78.913998,43.13204299999999],[-78.917388,43.132068],[-78.927561,43.13214599999999],[-78.93095200000002,43.13217199999999],[-78.931941,43.132186999999995],[-78.935626,43.1323],[-78.936056,43.132314],[-78.94222400000001,43.132504],[-78.944766,43.132521000000004],[-78.945279,43.132518],[-78.946833,43.132512],[-78.950747,43.132431999999994],[-78.950826,43.132390999999984],[-78.951002,43.13239199999999],[-78.95109700000002,43.132395],[-78.951493,43.132411000000005],[-78.965955,43.132331],[-78.966364,43.132318],[-78.967571,43.132299],[-78.967976,43.13229299999999],[-78.968838,43.132265999999994],[-78.97142600000001,43.132186],[-78.972289,43.13216],[-78.972767,43.132156],[-78.973462,43.132152],[-78.974204,43.132141999999995],[-78.974683,43.13213700000001],[-78.976356,43.132053],[-78.977059,43.13203999999999],[-78.979045,43.132007],[-78.993796,43.131755999999996],[-78.993942,43.131774],[-78.994104,43.131772],[-78.995034,43.13176700000001],[-78.995345,43.131765999999985],[-78.995645,43.131763],[-78.996549,43.131756],[-78.99685,43.131754],[-78.997097,43.131752],[-78.997838,43.131749],[-78.998086,43.131747999999995],[-78.998682,43.13174500000001],[-79.000002,43.131739999999986],[-79.00047,43.131740999999984],[-79.000941,43.13174399999999],[-79.001063,43.131775999999995],[-79.001657,43.13175],[-79.003443,43.131673000000006],[-79.004038,43.13164799999999],[-79.004447,43.131633999999984],[-79.005674,43.13159599999999],[-79.006084,43.13158399999999],[-79.006582,43.131596],[-79.008076,43.131632999999994],[-79.008574,43.13164599999999],[-79.009611,43.131646999999994],[-79.01062500000002,43.131648],[-79.016778,43.13165599999999],[-79.01883,43.131659000000006],[-79.018864,43.131655999999985],[-79.01897,43.131646999999994],[-79.019005,43.131645],[-79.019136,43.131678000000015],[-79.019325,43.13172700000001],[-79.019532,43.131779],[-79.019664,43.131812999999994],[-79.024038,43.131810999999985],[-79.026262,43.131973],[-79.026604,43.131982999999984],[-79.026894,43.131989999999995],[-79.027637,43.13203699999999],[-79.029718,43.132105],[-79.030756,43.132139],[-79.034713,43.132267999999996],[-79.037384,43.132356],[-79.037776,43.132374],[-79.037968,43.132374],[-79.039723,43.13238299999998],[-79.04030800000001,43.13238599999998],[-79.040421,43.13238599999999],[-79.040622,43.132388],[-79.040763,43.132388999999996],[-79.040877,43.13239],[-79.041085,43.132393999999984],[-79.041712,43.13240899999999],[-79.041921,43.132414],[-79.044412,43.13200599999998],[-79.045806,43.13193499999999],[-79.046864,43.132028999999996],[-79.047008,43.132095],[-79.04732400000002,43.132095],[-79.048743,43.132098],[-79.048965,43.132099],[-79.049216,43.132099],[-79.049377,43.13209499999999],[-79.049579,43.132089],[-79.05067,43.132063],[-79.051034,43.132055],[-79.051238,43.132055],[-79.05185,43.132055],[-79.05218,43.13206199999999]]]},"properties":{"geoid":"36063024406","name":"244.06","namelsad":"Census Tract 244.06","aland_acres":3847.1388653315066,"site_count":3,"cont_acres":74.71,"coverage_pct":1.94,"sites_per_sqmi":0.5}},{"type":"Feature","geometry":{"type":"Polygon","coordinates":[[[-79.032969,43.114693],[-79.0326,43.114758],[-79.031603,43.114925],[-79.03132,43.11496399999999],[-79.030488,43.115094],[-79.030255,43.115131],[-79.029555,43.11524200000001],[-79.029323,43.11527999999999],[-79.029276,43.115287],[-79.029136,43.11530999999999],[-79.02909,43.115318],[-79.028935,43.11534300000001],[-79.02847,43.115417],[-79.028316,43.11544299999999],[-79.028164,43.115466999999995],[-79.027709,43.115538999999984],[-79.027558,43.115563999999985],[-79.027509,43.115570999999996],[-79.027361,43.11559499999999],[-79.027313,43.11560299999999],[-79.027111,43.115635],[-79.026504,43.115731],[-79.026303,43.115764],[-79.025298,43.115923999999985],[-79.024385,43.116068999999996],[-79.024283,43.116085],[-79.02416,43.116103999999986],[-79.023488,43.116208999999984],[-79.023265,43.116245],[-79.023062,43.11627599999999],[-79.022455,43.116369],[-79.022253,43.116401],[-79.022041,43.11643399999999],[-79.021408,43.11653499999999],[-79.021198,43.116569999999996],[-79.01915,43.116898],[-79.019113,43.116903],[-79.018762,43.11695099999999],[-79.012856,43.11788899999999],[-79.012655,43.117921],[-79.010772,43.11822599999999],[-79.009998,43.118352],[-79.00829300000001,43.11863],[-79.007678,43.11873099999999],[-79.006905,43.118860000000005],[-79.006109,43.118988],[-79.003958,43.119336000000004],[-79.003723,43.11937],[-79.003301,43.11943200000001],[-79.003147,43.119457999999995],[-79.002928,43.11949500000001],[-79.002156,43.11962],[-78.99984200000002,43.119996999999984],[-78.999285,43.120088],[-78.999071,43.120122999999985],[-78.998891,43.11975799999999],[-78.998352,43.11866599999999],[-78.998217,43.118392],[-78.998209,43.118373999999996],[-78.998173,43.11830199999999],[-78.998364,43.11783600000001],[-78.998937,43.116441],[-78.999129,43.11597600000001],[-78.999181,43.115541],[-78.999457,43.113268],[-78.999545,43.112870999999984],[-78.999525,43.11276999999998],[-78.999523,43.11241099999999],[-78.999533,43.111493],[-78.999559,43.110777000000006],[-78.999592,43.11071599999999],[-78.99947,43.11002200000001],[-78.999104,43.10794],[-78.998982,43.107246],[-78.998997,43.10690499999998],[-78.999033,43.10607399999999],[-78.999037,43.10596],[-78.999205,43.102105],[-78.999262,43.100821],[-78.999322,43.09908699999998],[-78.999503,43.09388799999999],[-78.999564,43.092155],[-78.999624,43.09187899999999],[-78.999806,43.091051],[-78.999867,43.09077599999999],[-79.000336,43.09091199999999],[-79.001743,43.091319999999996],[-79.001987,43.091390999999994],[-79.002134,43.091435],[-79.002212,43.091459],[-79.00281,43.09163699999999],[-79.00352500000001,43.09183999999998],[-79.005603,43.09243300000001],[-79.007468,43.09297999999999],[-79.008781,43.093365999999996],[-79.008922,43.09340300000001],[-79.009023,43.093394999999994],[-79.009193,43.093436000000004],[-79.009338,43.093471],[-79.009485,43.093506],[-79.010428,43.09372399999999],[-79.01084,43.09382],[-79.010959,43.093844999999995],[-79.011084,43.09386799999999],[-79.011354,43.093897],[-79.011423,43.093904],[-79.012011,43.093928],[-79.012312,43.09392299999999],[-79.012599,43.093895],[-79.012957,43.093843],[-79.013769,43.093697999999996],[-79.013939,43.09368],[-79.014085,43.09367700000001],[-79.014227,43.09368400000002],[-79.014597,43.093752],[-79.014776,43.093801],[-79.014912,43.09386200000001],[-79.015,43.09390299999999],[-79.015096,43.093958],[-79.015156,43.09399299999999],[-79.01554,43.094264],[-79.015605,43.094323],[-79.015633,43.094348999999994],[-79.015654,43.09441399999999],[-79.015738,43.09447399999999],[-79.015806,43.094519999999996],[-79.015851,43.094553999999995],[-79.015938,43.09462],[-79.016037,43.094683999999994],[-79.0162,43.09477699999999],[-79.016225,43.09479100000001],[-79.016324,43.094840999999995],[-79.016363,43.09485999999999],[-79.016475,43.09490699999999],[-79.016502,43.094919000000004],[-79.016633,43.09496299999999],[-79.016736,43.094998],[-79.01695100000002,43.095053],[-79.016974,43.095059],[-79.017114,43.09508899999999],[-79.0173,43.095117],[-79.017486,43.095144999999995],[-79.01775,43.09515899999999],[-79.01786400000002,43.09516],[-79.018053,43.09516299999999],[-79.018238,43.09516299999999],[-79.018713,43.09516300000001],[-79.018793,43.09516299999999],[-79.018979,43.095163],[-79.01916600000001,43.095162],[-79.01973100000001,43.095158999999995],[-79.019919,43.095159],[-79.020946,43.095157],[-79.021496,43.095154],[-79.021967,43.095156],[-79.022977,43.09515],[-79.023601,43.095148000000016],[-79.024052,43.09514599999999],[-79.024248,43.095145],[-79.024671,43.096121],[-79.024687,43.09615699999999],[-79.024703,43.09619200000001],[-79.024752,43.096301999999994],[-79.024995,43.096847],[-79.025077,43.09702899999999],[-79.025095,43.09707099999999],[-79.025114,43.09711299999999],[-79.025164,43.097227],[-79.025425,43.097824],[-79.025513,43.09802299999999],[-79.025934,43.098938999999994],[-79.02601200000001,43.099115],[-79.026115,43.099346999999995],[-79.026247,43.09964300000001],[-79.026326,43.09982000000001],[-79.026408,43.100004],[-79.026517,43.100248],[-79.02665500000002,43.100558],[-79.026738,43.100742999999994],[-79.02682,43.100933],[-79.026917,43.101156999999986],[-79.027066,43.101503],[-79.027148,43.10169399999999],[-79.02722800000001,43.101871],[-79.027318,43.10206699999999],[-79.027471,43.102403],[-79.027553,43.102581],[-79.02763,43.10273399999999],[-79.027752,43.102975],[-79.027835,43.103143],[-79.027888,43.103253],[-79.027939,43.103348],[-79.027993,43.103463999999995],[-79.028334,43.10423600000001],[-79.028403,43.10438799999999],[-79.028463,43.10452399999999],[-79.028598,43.10482799999998],[-79.028644,43.104932],[-79.028705,43.105067999999996],[-79.02872,43.105104000000004],[-79.028768,43.105214999999994],[-79.028785,43.105251999999986],[-79.02883,43.10535100000002],[-79.028965,43.10564999999999],[-79.02901,43.10574999999999],[-79.029031,43.1058],[-79.029097,43.105951],[-79.029119,43.106002],[-79.029161,43.10609199999999],[-79.029288,43.106364],[-79.029331,43.10645499999999],[-79.029361,43.106520999999994],[-79.029451,43.106719],[-79.029481,43.106784999999995],[-79.029509,43.10685299999999],[-79.029593,43.107058],[-79.029621,43.107127000000006],[-79.029651,43.10719199999999],[-79.029669,43.10723200000001],[-79.029813,43.107547999999994],[-79.029862,43.107654],[-79.029881,43.107701000000006],[-79.029941,43.107842],[-79.029962,43.10789],[-79.030025,43.108031999999994],[-79.030076,43.108147],[-79.030214,43.108460999999984],[-79.030278,43.10860399999999],[-79.03035,43.108762999999996],[-79.030567,43.10923999999999],[-79.03064,43.109399],[-79.030719,43.10956000000001],[-79.030956,43.110043000000005],[-79.031035,43.110205],[-79.031115,43.110372],[-79.031357,43.110877],[-79.031438,43.111045],[-79.031597,43.111408],[-79.031841,43.111962999999996],[-79.031959,43.11222999999999],[-79.032049,43.11244700000002],[-79.032073,43.112501],[-79.032157,43.11270100000001],[-79.032189,43.112776999999994],[-79.032214,43.112837000000006],[-79.03223,43.112866999999994],[-79.032259,43.11292199999998],[-79.032287,43.112975],[-79.032316,43.11303],[-79.032595,43.113688],[-79.032629,43.11376500000001],[-79.032659,43.113832999999985],[-79.033025,43.11468],[-79.032969,43.114693]]]},"properties":{"geoid":"36063020300","name":"203","namelsad":"Census Tract 203","aland_acres":1548.5018493368677,"site_count":6,"cont_acres":122.42,"coverage_pct":7.91,"sites_per_sqmi":2.48}},{"type":"Feature","geometry":{"type":"Polygon","coordinates":[[[-79.049009,43.11049699999999],[-79.04849,43.110566],[-79.046935,43.110773],[-79.046417,43.11084299999999],[-79.046183,43.11087399999999],[-79.045851,43.110919],[-79.045481,43.110964],[-79.045247,43.110994],[-79.04477,43.111053],[-79.044248,43.111122999999985],[-79.04383,43.11117999999999],[-79.04372700000002,43.111195],[-79.043205,43.111259],[-79.042689,43.111323999999996],[-79.04181,43.11144199999999],[-79.039582,43.111742],[-79.038167,43.111933],[-79.038111,43.11193999999998],[-79.03807,43.11194600000001],[-79.037945,43.111964],[-79.03789,43.111973],[-79.037746,43.111994],[-79.037315,43.11206],[-79.037172,43.11208299999999],[-79.036501,43.11219499999999],[-79.036427,43.112206],[-79.034395,43.112515],[-79.034188,43.11254799999999],[-79.033444,43.11267],[-79.033201,43.11270900000001],[-79.032472,43.112827],[-79.032298,43.112856],[-79.03223,43.112866999999994],[-79.032214,43.112837000000006],[-79.032189,43.112776999999994],[-79.032157,43.11270100000001],[-79.032073,43.112501],[-79.032049,43.11244700000002],[-79.031959,43.11222999999999],[-79.031841,43.111962999999996],[-79.031597,43.111408],[-79.031438,43.111045],[-79.031357,43.110877],[-79.031115,43.110372],[-79.031035,43.110205],[-79.030956,43.110043000000005],[-79.030719,43.10956000000001],[-79.03064,43.109399],[-79.030567,43.10923999999999],[-79.03035,43.108762999999996],[-79.030278,43.10860399999999],[-79.030214,43.108460999999984],[-79.030076,43.108147],[-79.030025,43.108031999999994],[-79.029962,43.10789],[-79.029941,43.107842],[-79.029881,43.107701000000006],[-79.029862,43.107654],[-79.029935,43.107654999999994],[-79.030585,43.107662],[-79.031253,43.10767],[-79.032754,43.10766999999999],[-79.033478,43.10766999999999],[-79.034728,43.10767800000001],[-79.036057,43.10767499999999],[-79.039709,43.10768199999998],[-79.040282,43.107686999999984],[-79.040703,43.107690999999996],[-79.042004,43.107691],[-79.042578,43.10769199999999],[-79.042875,43.10769299999999],[-79.043768,43.10769599999999],[-79.044066,43.107698],[-79.044523,43.107694999999985],[-79.045335,43.107690999999996],[-79.045896,43.10769799999999],[-79.046354,43.10770500000001],[-79.046878,43.107701999999996],[-79.047779,43.107697],[-79.04845000000002,43.107701000000006],[-79.048974,43.107705],[-79.048977,43.107892],[-79.048986,43.108453],[-79.048989,43.10864],[-79.04899,43.108827999999995],[-79.048996,43.109395000000006],[-79.048998,43.109584],[-79.048998,43.109765999999986],[-79.049001,43.110179],[-79.049002,43.110313999999995],[-79.049003,43.110336000000004],[-79.049008,43.11046699999999],[-79.049009,43.11049699999999]]]},"properties":{"geoid":"36063020400","name":"204","namelsad":"Census Tract 204","aland_acres":161.41048754885273,"site_count":2,"cont_acres":0.03,"coverage_pct":0.02,"sites_per_sqmi":7.93}},{"type":"Feature","geometry":{"type":"Polygon","coordinates":[[[-79.063559,43.095855000000014],[-79.062287,43.098375999999995],[-79.058473,43.10594],[-79.057961,43.10695699999999],[-79.058037,43.10820099999999],[-79.058067,43.108455000000006],[-79.058088,43.108544],[-79.05811,43.10863299999998],[-79.05814,43.108762],[-79.058184,43.108943999999994],[-79.058232,43.109149],[-79.058257,43.10925599999999],[-79.058262,43.10927900000001],[-79.058145,43.109290999999985],[-79.057971,43.10931],[-79.057796,43.10932900000001],[-79.05768,43.10934199999999],[-79.057379,43.109376999999995],[-79.056954,43.109427],[-79.056479,43.109485],[-79.05618,43.109523],[-79.056122,43.10952900000001],[-79.056103,43.10953099999999],[-79.056059,43.109535999999984],[-79.056009,43.109541],[-79.055872,43.109554999999986],[-79.055796,43.109564],[-79.054422,43.109744],[-79.052402,43.110024999999986],[-79.052171,43.110049],[-79.052122,43.11005500000001],[-79.051581,43.110131],[-79.05114,43.11018699999999],[-79.051067,43.110206999999996],[-79.050877,43.110261],[-79.049525,43.110431],[-79.049009,43.11049699999999],[-79.049008,43.11046699999999],[-79.049003,43.110336000000004],[-79.049002,43.110313999999995],[-79.049001,43.110179],[-79.048998,43.109765999999986],[-79.048998,43.109584],[-79.048996,43.109395000000006],[-79.04899,43.108827999999995],[-79.048989,43.10864],[-79.048986,43.108453],[-79.048977,43.107892],[-79.048974,43.107705],[-79.048972,43.107516],[-79.048969,43.10695099999999],[-79.04896800000002,43.106763],[-79.048967,43.106536],[-79.048965,43.10585599999999],[-79.048965,43.10562999999999],[-79.048964,43.10546899999999],[-79.048961,43.10499],[-79.048959,43.104806999999994],[-79.048959,43.104620999999995],[-79.048958,43.104418],[-79.048958,43.104131999999986],[-79.048957,43.103812999999995],[-79.048957,43.103610999999994],[-79.048957,43.103414],[-79.048958,43.103222],[-79.048966,43.103123999999994],[-79.049039,43.10283199999999],[-79.049088,43.102641999999996],[-79.049135,43.102466],[-79.049203,43.102214],[-79.049277,43.101938],[-79.049325,43.10176299999999],[-79.049376,43.10157499999999],[-79.049457,43.10127800000001],[-79.04952900000002,43.101012],[-79.049581,43.10082499999999],[-79.049626,43.100654999999996],[-79.049702,43.100373],[-79.049751,43.100187],[-79.049768,43.100145999999995],[-79.049837,43.09998499999999],[-79.049871,43.099923999999994],[-79.04997300000001,43.099796000000005],[-79.050109,43.099659],[-79.05038,43.09946099999998],[-79.050487,43.099405],[-79.050982,43.099208],[-79.050697,43.098368],[-79.050322,43.09725799999999],[-79.05018,43.096885999999984],[-79.050111,43.09675899999999],[-79.050277,43.096706000000005],[-79.050387,43.096695],[-79.050639,43.096687],[-79.050896,43.09667700000001],[-79.051667,43.096648999999985],[-79.051925,43.096639999999994],[-79.051969,43.096636999999994],[-79.052104,43.096632],[-79.052149,43.096630999999995],[-79.05224,43.096625],[-79.052513,43.09661],[-79.052605,43.096606],[-79.052503,43.09507],[-79.052489,43.09461299999999],[-79.052615,43.094607],[-79.052994,43.09459199999999],[-79.053121,43.094587],[-79.053378,43.094577],[-79.054149,43.094549],[-79.054407,43.09454],[-79.054667,43.094528],[-79.055068,43.09451099999999],[-79.05545,43.094493],[-79.055711,43.094482],[-79.055855,43.094475999999986],[-79.05629,43.094460000000005],[-79.056435,43.094455],[-79.05655,43.09444999999999],[-79.056895,43.09443900000001],[-79.057011,43.094436],[-79.057268,43.094424],[-79.057578,43.09440899999999],[-79.057645,43.094407],[-79.058042,43.09438999999999],[-79.0583,43.09437899999999],[-79.058557,43.09436999999999],[-79.05896,43.094355],[-79.059332,43.094342999999995],[-79.05959,43.094335],[-79.059611,43.09473199999999],[-79.05967500000001,43.09592500000001],[-79.059689,43.096174],[-79.059686,43.096323],[-79.05974,43.096320999999996],[-79.059902,43.096317],[-79.059957,43.096316],[-79.060131,43.096243],[-79.060463,43.09610500000001],[-79.060653,43.09602600000001],[-79.060831,43.095952],[-79.061107,43.09595],[-79.061936,43.095947],[-79.062213,43.095946000000005],[-79.062482,43.09592700000001],[-79.063289,43.095873000000005],[-79.063559,43.095855000000014]]]},"properties":{"geoid":"36063020500","name":"205","namelsad":"Census Tract 205","aland_acres":309.86425017346795,"site_count":7,"cont_acres":3.14,"coverage_pct":1.01,"sites_per_sqmi":14.46}},{"type":"Feature","geometry":{"type":"Polygon","coordinates":[[[-79.049277,43.101938],[-79.049203,43.102214],[-79.049135,43.102466],[-79.049088,43.102641999999996],[-79.049039,43.10283199999999],[-79.048966,43.103123999999994],[-79.048958,43.103222],[-79.048957,43.103414],[-79.048957,43.103610999999994],[-79.048957,43.103812999999995],[-79.048958,43.104131999999986],[-79.048958,43.104418],[-79.048959,43.104620999999995],[-79.048959,43.104806999999994],[-79.048961,43.10499],[-79.048964,43.10546899999999],[-79.048965,43.10562999999999],[-79.048965,43.10585599999999],[-79.048967,43.106536],[-79.04896800000002,43.106763],[-79.048969,43.10695099999999],[-79.048972,43.107516],[-79.048974,43.107705],[-79.04845000000002,43.107701000000006],[-79.047779,43.107697],[-79.046878,43.107701999999996],[-79.046354,43.10770500000001],[-79.045896,43.10769799999999],[-79.045335,43.107690999999996],[-79.044523,43.107694999999985],[-79.044066,43.107698],[-79.043768,43.10769599999999],[-79.042875,43.10769299999999],[-79.042578,43.10769199999999],[-79.042004,43.107691],[-79.040703,43.107690999999996],[-79.040282,43.107686999999984],[-79.039709,43.10768199999998],[-79.039728,43.106728],[-79.03973,43.105911],[-79.039736,43.10511199999999],[-79.039749,43.104316999999995],[-79.039748,43.10351999999999],[-79.039747,43.103334999999994],[-79.039747,43.103127],[-79.03974500000001,43.10278],[-79.03974500000001,43.102596],[-79.039747,43.102417],[-79.039752,43.10214899999998],[-79.039756,43.10188],[-79.039759,43.10170099999999],[-79.040099,43.10170399999999],[-79.041119,43.101713],[-79.04146,43.10171699999999],[-79.041998,43.101719],[-79.043614,43.101726],[-79.044153,43.101729],[-79.044692,43.10173099999999],[-79.045023,43.101732999999996],[-79.046166,43.101749999999996],[-79.046311,43.10175],[-79.046851,43.10175],[-79.047345,43.10175199999999],[-79.04883,43.10176],[-79.049325,43.10176299999999],[-79.049277,43.101938]]]},"properties":{"geoid":"36063020600","name":"206","namelsad":"Census Tract 206","aland_acres":123.46349857766127,"site_count":0,"cont_acres":0,"coverage_pct":0,"sites_per_sqmi":0}},{"type":"Feature","geometry":{"type":"Polygon","coordinates":[[[-79.039756,43.10188],[-79.039752,43.10214899999998],[-79.039747,43.102417],[-79.03974500000001,43.102596],[-79.03974500000001,43.10278],[-79.039747,43.103127],[-79.039747,43.103334999999994],[-79.039748,43.10351999999999],[-79.039749,43.104316999999995],[-79.039736,43.10511199999999],[-79.03973,43.105911],[-79.039728,43.106728],[-79.039709,43.10768199999998],[-79.036057,43.10767499999999],[-79.034728,43.10767800000001],[-79.033478,43.10766999999999],[-79.032754,43.10766999999999],[-79.031253,43.10767],[-79.030585,43.107662],[-79.029935,43.107654999999994],[-79.029862,43.107654],[-79.029813,43.107547999999994],[-79.029669,43.10723200000001],[-79.029651,43.10719199999999],[-79.029621,43.107127000000006],[-79.029593,43.107058],[-79.029509,43.10685299999999],[-79.029481,43.106784999999995],[-79.029451,43.106719],[-79.029361,43.106520999999994],[-79.029331,43.10645499999999],[-79.029288,43.106364],[-79.029161,43.10609199999999],[-79.029119,43.106002],[-79.029097,43.105951],[-79.029031,43.1058],[-79.02901,43.10574999999999],[-79.028965,43.10564999999999],[-79.02883,43.10535100000002],[-79.028785,43.105251999999986],[-79.028768,43.105214999999994],[-79.02872,43.105104000000004],[-79.028705,43.105067999999996],[-79.028644,43.104932],[-79.028598,43.10482799999998],[-79.028463,43.10452399999999],[-79.028403,43.10438799999999],[-79.028334,43.10423600000001],[-79.027993,43.103463999999995],[-79.027939,43.103348],[-79.027888,43.103253],[-79.027835,43.103143],[-79.027752,43.102975],[-79.02763,43.10273399999999],[-79.027553,43.102581],[-79.027471,43.102403],[-79.027318,43.10206699999999],[-79.02722800000001,43.101871],[-79.027148,43.10169399999999],[-79.02731200000001,43.101632],[-79.027408,43.10161599999999],[-79.027583,43.101618],[-79.028425,43.101632],[-79.028927,43.101633],[-79.029376,43.10163399999999],[-79.030208,43.101639],[-79.032704,43.101654999999994],[-79.033536,43.101661],[-79.034051,43.101663],[-79.035596,43.101669],[-79.036112,43.10167199999999],[-79.036841,43.10167700000001],[-79.039029,43.10169499999999],[-79.039759,43.10170099999999],[-79.039756,43.10188]]]},"properties":{"geoid":"36063020700","name":"207","namelsad":"Census Tract 207","aland_acres":150.81213663149862,"site_count":0,"cont_acres":0,"coverage_pct":0,"sites_per_sqmi":0}},{"type":"Feature","geometry":{"type":"Polygon","coordinates":[[[-79.052513,43.09661],[-79.05224,43.096625],[-79.052149,43.096630999999995],[-79.052104,43.096632],[-79.051969,43.096636999999994],[-79.051925,43.096639999999994],[-79.051667,43.096648999999985],[-79.050896,43.09667700000001],[-79.050639,43.096687],[-79.050387,43.096695],[-79.050277,43.096706000000005],[-79.050111,43.09675899999999],[-79.05018,43.096885999999984],[-79.050322,43.09725799999999],[-79.050697,43.098368],[-79.050982,43.099208],[-79.050487,43.099405],[-79.05038,43.09946099999998],[-79.050109,43.099659],[-79.04997300000001,43.099796000000005],[-79.049871,43.099923999999994],[-79.049837,43.09998499999999],[-79.049768,43.100145999999995],[-79.049751,43.100187],[-79.049702,43.100373],[-79.049626,43.100654999999996],[-79.049581,43.10082499999999],[-79.04952900000002,43.101012],[-79.049457,43.10127800000001],[-79.049376,43.10157499999999],[-79.049325,43.10176299999999],[-79.04883,43.10176],[-79.047345,43.10175199999999],[-79.046851,43.10175],[-79.046311,43.10175],[-79.046166,43.101749999999996],[-79.045023,43.101732999999996],[-79.044692,43.10173099999999],[-79.044153,43.101729],[-79.043614,43.101726],[-79.041998,43.101719],[-79.04146,43.10171699999999],[-79.041119,43.101713],[-79.040099,43.10170399999999],[-79.039759,43.10170099999999],[-79.039762,43.101511],[-79.039765,43.101398],[-79.039769,43.101209999999995],[-79.039774,43.100944],[-79.039779,43.10075599999999],[-79.039626,43.100755],[-79.039167,43.100753],[-79.039015,43.10075299999999],[-79.039013,43.10058],[-79.039011,43.100325999999995],[-79.039007,43.100063999999996],[-79.03900600000001,43.099892999999994],[-79.039002,43.09972599999999],[-79.038997,43.099486999999996],[-79.038991,43.099225],[-79.038988,43.099059],[-79.038987,43.09890099999999],[-79.038985,43.09843000000001],[-79.038985,43.098273],[-79.038984,43.09821],[-79.038982,43.098023],[-79.038982,43.09796099999999],[-79.038979,43.097386],[-79.038977,43.096884999999986],[-79.038971,43.095664],[-79.03896900000001,43.09508999999999],[-79.039096,43.095089],[-79.039479,43.09508799999998],[-79.039607,43.09508799999999],[-79.03972,43.095086999999985],[-79.04006,43.09508699999999],[-79.040174,43.09508699999999],[-79.040595,43.095086],[-79.041389,43.095071999999995],[-79.041498,43.095057],[-79.042536,43.09502299999998],[-79.042792,43.095014],[-79.043004,43.09500400000001],[-79.043641,43.094978],[-79.043854,43.094969999999996],[-79.0439,43.094967],[-79.044041,43.09496199999999],[-79.044089,43.094961000000005],[-79.04435,43.09494999999999],[-79.04476,43.094933],[-79.045136,43.09491700000001],[-79.045399,43.094907],[-79.04563700000001,43.09489599999999],[-79.046041,43.09488],[-79.046352,43.094866],[-79.046591,43.09485699999999],[-79.046609,43.09485599999999],[-79.046667,43.094853],[-79.046686,43.09485299999999],[-79.047064,43.094838],[-79.0482,43.09479399999999],[-79.04857900000002,43.09477999999999],[-79.048967,43.09476300000001],[-79.050133,43.094713999999996],[-79.050522,43.094697999999994],[-79.051819,43.094639999999984],[-79.052489,43.09461299999999],[-79.052503,43.09507],[-79.052605,43.096606],[-79.052513,43.09661]]]},"properties":{"geoid":"36063020900","name":"209","namelsad":"Census Tract 209","aland_acres":178.86700193928323,"site_count":0,"cont_acres":0,"coverage_pct":0,"sites_per_sqmi":0}},{"type":"Feature","geometry":{"type":"Polygon","coordinates":[[[-79.075367,43.08135499999999],[-79.074003,43.083012],[-79.069151,43.08803],[-79.067852,43.0894],[-79.067333,43.089946999999995],[-79.067222,43.09003599999999],[-79.066676,43.090476],[-79.066222,43.09084099999999],[-79.065961,43.09105199999999],[-79.064196,43.094578999999996],[-79.063559,43.095855000000014],[-79.063289,43.095873000000005],[-79.062482,43.09592700000001],[-79.062213,43.095946000000005],[-79.061936,43.095947],[-79.061107,43.09595],[-79.060831,43.095952],[-79.060653,43.09602600000001],[-79.060463,43.09610500000001],[-79.060131,43.096243],[-79.059957,43.096316],[-79.059902,43.096317],[-79.05974,43.096320999999996],[-79.059686,43.096323],[-79.059689,43.096174],[-79.05967500000001,43.09592500000001],[-79.059611,43.09473199999999],[-79.05959,43.094335],[-79.059332,43.094342999999995],[-79.05896,43.094355],[-79.058557,43.09436999999999],[-79.0583,43.09437899999999],[-79.058042,43.09438999999999],[-79.057645,43.094407],[-79.057578,43.09440899999999],[-79.057268,43.094424],[-79.057011,43.094436],[-79.056895,43.09443900000001],[-79.05655,43.09444999999999],[-79.056435,43.094455],[-79.05629,43.094460000000005],[-79.055855,43.094475999999986],[-79.055711,43.094482],[-79.05545,43.094493],[-79.055068,43.09451099999999],[-79.054667,43.094528],[-79.054407,43.09454],[-79.054149,43.094549],[-79.053378,43.094577],[-79.053121,43.094587],[-79.052994,43.09459199999999],[-79.052615,43.094607],[-79.052489,43.09461299999999],[-79.052466,43.094295],[-79.052398,43.09334399999999],[-79.052376,43.093027],[-79.053509,43.09298],[-79.05348000000001,43.092565],[-79.053393,43.091319999999996],[-79.053365,43.09090599999999],[-79.053333,43.090453999999994],[-79.053238,43.08909799999999],[-79.053225,43.088645],[-79.052763,43.088665],[-79.052632,43.08866799999999],[-79.052634,43.08860999999999],[-79.052735,43.088367999999996],[-79.052737,43.08833899999999],[-79.052773,43.086508],[-79.052812,43.08488299999999],[-79.052768,43.0846],[-79.052729,43.084485],[-79.052616,43.084214],[-79.05248,43.08393],[-79.05241,43.083785],[-79.052378,43.08372099999999],[-79.052344,43.08365099999999],[-79.051761,43.08250099999999],[-79.05165,43.08223000000001],[-79.051447,43.081633999999994],[-79.051224,43.081247999999995],[-79.051118,43.081064999999995],[-79.051062,43.080968],[-79.051004,43.080882],[-79.050948,43.0808],[-79.050903,43.080732999999995],[-79.05089,43.080713],[-79.050864,43.080674],[-79.050668,43.08044199999999],[-79.05051,43.080323],[-79.05031500000001,43.08021999999999],[-79.050219,43.08011199999999],[-79.049932,43.079790999999986],[-79.049837,43.07968399999999],[-79.049652,43.079414],[-79.045784,43.072921],[-79.045567,43.072562],[-79.074459,43.077863],[-79.075367,43.08135499999999]]]},"properties":{"geoid":"36063021100","name":"211","namelsad":"Census Tract 211","aland_acres":515.5837025088117,"site_count":8,"cont_acres":34.4,"coverage_pct":6.67,"sites_per_sqmi":9.93}},{"type":"Feature","geometry":{"type":"Polygon","coordinates":[[[-79.039774,43.100944],[-79.039769,43.101209999999995],[-79.039765,43.101398],[-79.039762,43.101511],[-79.039759,43.10170099999999],[-79.039029,43.10169499999999],[-79.036841,43.10167700000001],[-79.036112,43.10167199999999],[-79.035596,43.101669],[-79.034051,43.101663],[-79.033536,43.101661],[-79.032704,43.101654999999994],[-79.030208,43.101639],[-79.029376,43.10163399999999],[-79.028927,43.101633],[-79.028425,43.101632],[-79.027583,43.101618],[-79.027408,43.10161599999999],[-79.02731200000001,43.101632],[-79.027148,43.10169399999999],[-79.027066,43.101503],[-79.026917,43.101156999999986],[-79.02682,43.100933],[-79.026738,43.100742999999994],[-79.02665500000002,43.100558],[-79.026517,43.100248],[-79.026408,43.100004],[-79.026326,43.09982000000001],[-79.026247,43.09964300000001],[-79.026115,43.099346999999995],[-79.02601200000001,43.099115],[-79.025934,43.098938999999994],[-79.025513,43.09802299999999],[-79.025425,43.097824],[-79.025164,43.097227],[-79.025114,43.09711299999999],[-79.025095,43.09707099999999],[-79.025077,43.09702899999999],[-79.024995,43.096847],[-79.024752,43.096301999999994],[-79.024703,43.09619200000001],[-79.024687,43.09615699999999],[-79.024671,43.096121],[-79.024248,43.095145],[-79.02447,43.095143],[-79.024826,43.095141000000005],[-79.025742,43.095141000000005],[-79.025987,43.095139],[-79.026354,43.09513700000001],[-79.026724,43.09513400000001],[-79.02697,43.09513299999998],[-79.027219,43.095131999999985],[-79.02761500000001,43.095131],[-79.027969,43.095130000000005],[-79.02822,43.095130000000005],[-79.028462,43.09512899999999],[-79.028849,43.095129],[-79.029191,43.095127999999995],[-79.029434,43.09512799999999],[-79.029702,43.09512699999999],[-79.030084,43.09512599999999],[-79.030507,43.09512399999999],[-79.030776,43.09512299999999],[-79.031014,43.09512300000001],[-79.031369,43.09512299999999],[-79.03173000000001,43.095123],[-79.031969,43.09512300000001],[-79.032214,43.09511999999999],[-79.032563,43.09511799999999],[-79.032949,43.09511399999999],[-79.033194,43.095112],[-79.033273,43.095111],[-79.033513,43.095109999999984],[-79.03359300000001,43.095109999999984],[-79.033753,43.095108999999994],[-79.033809,43.095108999999994],[-79.034235,43.09510699999999],[-79.034396,43.09510699999999],[-79.034643,43.095106],[-79.035012,43.09510499999999],[-79.035383,43.095102999999995],[-79.035631,43.095102999999995],[-79.035741,43.095101],[-79.036072,43.095099000000005],[-79.036183,43.095099],[-79.036242,43.095098],[-79.036421,43.095096999999996],[-79.036481,43.095097],[-79.036725,43.095097],[-79.03711,43.095098],[-79.037457,43.09509799999999],[-79.037701,43.095099],[-79.037954,43.095096999999996],[-79.038329,43.09509500000001],[-79.038715,43.09509099999999],[-79.03896900000001,43.09508999999999],[-79.038971,43.095664],[-79.038977,43.096884999999986],[-79.038979,43.097386],[-79.038982,43.09796099999999],[-79.038982,43.098023],[-79.038984,43.09821],[-79.038985,43.098273],[-79.038985,43.09843000000001],[-79.038987,43.09890099999999],[-79.038988,43.099059],[-79.038991,43.099225],[-79.038997,43.099486999999996],[-79.039002,43.09972599999999],[-79.03900600000001,43.099892999999994],[-79.039007,43.100063999999996],[-79.039011,43.100325999999995],[-79.039013,43.10058],[-79.039015,43.10075299999999],[-79.039167,43.100753],[-79.039626,43.100755],[-79.039779,43.10075599999999],[-79.039774,43.100944]]]},"properties":{"geoid":"36063021000","name":"210","namelsad":"Census Tract 210","aland_acres":196.0282253680388,"site_count":0,"cont_acres":0,"coverage_pct":0,"sites_per_sqmi":0}},{"type":"Feature","geometry":{"type":"Polygon","coordinates":[[[-79.033194,43.095112],[-79.032949,43.09511399999999],[-79.032563,43.09511799999999],[-79.032214,43.09511999999999],[-79.031969,43.09512300000001],[-79.03173000000001,43.095123],[-79.031369,43.09512299999999],[-79.031014,43.09512300000001],[-79.030776,43.09512299999999],[-79.030507,43.09512399999999],[-79.030084,43.09512599999999],[-79.029702,43.09512699999999],[-79.029434,43.09512799999999],[-79.029191,43.095127999999995],[-79.028849,43.095129],[-79.028462,43.09512899999999],[-79.02822,43.095130000000005],[-79.027969,43.095130000000005],[-79.02761500000001,43.095131],[-79.027219,43.095131999999985],[-79.02697,43.09513299999998],[-79.026724,43.09513400000001],[-79.026354,43.09513700000001],[-79.025987,43.095139],[-79.025742,43.095141000000005],[-79.024826,43.095141000000005],[-79.02447,43.095143],[-79.024248,43.095145],[-79.024222,43.095096000000005],[-79.023432,43.093551999999995],[-79.02315200000001,43.09287499999999],[-79.023099,43.09274],[-79.02307,43.092666],[-79.022957,43.09233],[-79.022911,43.092194000000006],[-79.022863,43.092056],[-79.022719,43.09164200000001],[-79.022672,43.091504],[-79.022614,43.09135999999999],[-79.022465,43.090985],[-79.022439,43.09093099999998],[-79.022373,43.090792],[-79.022308,43.090653],[-79.022115,43.09023699999999],[-79.022051,43.090099],[-79.02199,43.08996200000001],[-79.021808,43.08955100000001],[-79.021748,43.089414999999995],[-79.021688,43.089275],[-79.02151,43.088857999999995],[-79.021451,43.08871899999999],[-79.021403,43.08861],[-79.021261,43.088283],[-79.021214,43.088173999999995],[-79.021292,43.088176],[-79.021526,43.08818199999999],[-79.021604,43.08818499999999],[-79.02167600000001,43.088187],[-79.021895,43.088193],[-79.021968,43.088196],[-79.022696,43.088212999999996],[-79.023606,43.088236],[-79.024883,43.08825999999999],[-79.025612,43.088275],[-79.026254,43.08828900000002],[-79.028179,43.088332],[-79.028822,43.08834699999999],[-79.028933,43.08835],[-79.029266,43.08835899999998],[-79.029378,43.08836199999998],[-79.029587,43.088367000000005],[-79.03021700000001,43.08838399999999],[-79.030427,43.08838999999998],[-79.030658,43.088393999999994],[-79.031353,43.08840899999999],[-79.031585,43.08841399999999],[-79.031888,43.08842099999999],[-79.032797,43.088441999999986],[-79.0331,43.088449000000004],[-79.033099,43.08861],[-79.033097,43.08909599999998],[-79.033097,43.08925800000001],[-79.033093,43.089398],[-79.033089,43.08958899999999],[-79.033093,43.089817999999994],[-79.033096,43.08995899999999],[-79.033099,43.090262999999986],[-79.033108,43.09117699999998],[-79.033111,43.09148199999999],[-79.033117,43.091881],[-79.033137,43.09308],[-79.033144,43.093479999999985],[-79.033153,43.09380600000001],[-79.033183,43.094784999999995],[-79.033194,43.095112]]]},"properties":{"geoid":"36063021400","name":"214","namelsad":"Census Tract 214","aland_acres":158.47709925927683,"site_count":0,"cont_acres":0,"coverage_pct":0,"sites_per_sqmi":0}},{"type":"Feature","geometry":{"type":"Polygon","coordinates":[[[-78.754958,43.266173999999985],[-78.754912,43.266174],[-78.754516,43.26617699999999],[-78.753914,43.266183000000005],[-78.753194,43.26617599999999],[-78.752753,43.266172999999995],[-78.752682,43.26617199999999],[-78.751726,43.26617400000001],[-78.7503,43.26616099999999],[-78.750002,43.266159],[-78.748807,43.26616899999998],[-78.74787,43.26616099999999],[-78.747353,43.266157],[-78.744419,43.266141],[-78.742942,43.26614500000001],[-78.742203,43.266148],[-78.74049,43.266136],[-78.7405,43.26351900000001],[-78.740514,43.260224999999984],[-78.740504,43.258801999999996],[-78.740475,43.257389],[-78.740464,43.256085],[-78.74046,43.25567],[-78.740438,43.253054000000006],[-78.73473,43.25313200000001],[-78.733716,43.253146],[-78.732987,43.253167999999995],[-78.728698,43.253235999999994],[-78.726513,43.25325599999999],[-78.726254,43.25326299999999],[-78.725012,43.25328699999999],[-78.724949,43.253286999999986],[-78.72275,43.253294],[-78.721589,43.25330899999999],[-78.71972,43.253302],[-78.718957,43.25330799999999],[-78.717607,43.2533],[-78.712652,43.253272],[-78.7119,43.253268000000006],[-78.711944,43.262258999999986],[-78.705296,43.262533],[-78.702996,43.262620999999996],[-78.702941,43.262634],[-78.702858,43.26267099999998],[-78.702807,43.262698999999984],[-78.702782,43.262725999999994],[-78.702736,43.262792],[-78.702716,43.262876],[-78.702711,43.262975],[-78.702717,43.26454999999999],[-78.702697,43.264687],[-78.702662,43.264779],[-78.702626,43.264853999999985],[-78.702575,43.264922],[-78.702399,43.26511099999999],[-78.702283,43.265188],[-78.702131,43.26525800000001],[-78.701909,43.265331],[-78.701702,43.265378999999996],[-78.701454,43.265421],[-78.701293,43.26542800000001],[-78.701146,43.26542399999999],[-78.700995,43.265413],[-78.700727,43.265376],[-78.700368,43.265305999999995],[-78.700116,43.26525199999999],[-78.699733,43.265195999999996],[-78.699688,43.265231],[-78.699515,43.265425],[-78.69943200000002,43.265556000000004],[-78.699391,43.26568600000001],[-78.699356,43.26596500000001],[-78.699356,43.266193],[-78.699374,43.266393],[-78.699508,43.266778],[-78.699723,43.267227999999996],[-78.699896,43.267449000000006],[-78.700055,43.267621999999996],[-78.700087,43.26764800000001],[-78.700401,43.26791300000001],[-78.700512,43.26805100000001],[-78.700602,43.26820300000001],[-78.70063,43.268394],[-78.700609,43.268559999999994],[-78.700609,43.26875299999998],[-78.700667,43.268922],[-78.700755,43.269057999999994],[-78.700962,43.269237999999994],[-78.701184,43.26940099999999],[-78.70135,43.269577],[-78.701433,43.26975999999999],[-78.701481,43.269933],[-78.701506,43.270255],[-78.701468,43.270458999999995],[-78.701331,43.27061],[-78.701165,43.27076900000001],[-78.700862,43.27113600000001],[-78.700793,43.27132499999998],[-78.700793,43.27156699999999],[-78.700834,43.271809],[-78.700983,43.272189],[-78.701156,43.272583999999995],[-78.701305,43.27282699999999],[-78.70162,43.273266],[-78.701807,43.27349399999999],[-78.702327,43.27399599999999],[-78.702666,43.274376],[-78.70277300000001,43.27453899999999],[-78.702881,43.274702000000005],[-78.702888,43.274888],[-78.702874,43.27507500000001],[-78.702804,43.27522799999999],[-78.702611,43.27548999999999],[-78.702527,43.275642999999995],[-78.70250700000001,43.275895],[-78.70250700000001,43.276068000000016],[-78.702527,43.276311],[-78.702569,43.276531999999996],[-78.702687,43.27684299999999],[-78.702853,43.276961],[-78.702954,43.277016],[-78.703324,43.27720999999999],[-78.70359,43.277300999999994],[-78.704924,43.277760000000015],[-78.705549,43.27805099999999],[-78.706184,43.278347],[-78.70644,43.278465999999995],[-78.706627,43.278516],[-78.70689,43.278555999999995],[-78.70707,43.278549],[-78.707185,43.278535999999995],[-78.707313,43.278494],[-78.707444,43.278466],[-78.707583,43.278452],[-78.707957,43.27845599999999],[-78.708539,43.278532],[-78.708624,43.27856199999999],[-78.708656,43.278574000000006],[-78.708975,43.27865],[-78.709127,43.27864999999999],[-78.709294,43.278636],[-78.709467,43.27860799999999],[-78.709626,43.278553],[-78.709771,43.278469999999984],[-78.71009,43.278241],[-78.710149,43.278202],[-78.710249,43.278138],[-78.710374,43.27808199999999],[-78.710748,43.27801600000001],[-78.711149,43.277983],[-78.711731,43.277933],[-78.712258,43.277939999999994],[-78.712535,43.277968],[-78.712666,43.27800299999999],[-78.712818,43.27806499999999],[-78.712957,43.278154999999984],[-78.713121,43.278306999999984],[-78.71322,43.27841799999999],[-78.713345,43.278584],[-78.713448,43.278657],[-78.713719,43.27885],[-78.713982,43.279051],[-78.714079,43.27916899999999],[-78.714134,43.27931400000001],[-78.714141,43.279486999999996],[-78.714107,43.279688],[-78.714058,43.279839999999986],[-78.71394,43.28010999999999],[-78.713795,43.28035899999999],[-78.713335,43.28094],[-78.712992,43.28118599999999],[-78.71273500000001,43.281345],[-78.712618,43.28148399999999],[-78.712535,43.28160799999999],[-78.712445,43.281794999999995],[-78.712375,43.281974999999996],[-78.712334,43.282182999999996],[-78.71232,43.282683999999996],[-78.712479,43.28381900000001],[-78.712507,43.284199999999984],[-78.712535,43.284330999999995],[-78.71260400000001,43.284477],[-78.712715,43.284628999999995],[-78.713194,43.28510299999999],[-78.713809,43.28571199999999],[-78.713862,43.285781],[-78.713899,43.28583],[-78.71419,43.286037],[-78.714314,43.286086],[-78.714487,43.28611999999999],[-78.714716,43.28612699999999],[-78.714834,43.28614099999999],[-78.714972,43.286238],[-78.715249,43.286476],[-78.715298,43.286517999999994],[-78.715824,43.28675299999999],[-78.71652,43.28699],[-78.71662700000002,43.287043999999995],[-78.716727,43.287136],[-78.71678,43.287213999999985],[-78.7168,43.287286],[-78.716807,43.287377],[-78.716757,43.287607],[-78.716714,43.287675],[-78.716323,43.28796500000001],[-78.715761,43.288304],[-78.715132,43.28857399999998],[-78.714494,43.28886399999998],[-78.713696,43.289279],[-78.713623,43.289332],[-78.713303,43.28956999999998],[-78.713012,43.28984699999999],[-78.712748,43.29015799999999],[-78.712599,43.29037799999999],[-78.712445,43.290732999999996],[-78.712336,43.291118999999995],[-78.71227,43.291465999999986],[-78.712246,43.29171499999999],[-78.712258,43.292013],[-78.712292,43.292182999999994],[-78.71238500000001,43.29246399999999],[-78.712585,43.293855],[-78.71267,43.295215],[-78.712646,43.29666799999999],[-78.71273,43.29765],[-78.71279,43.29786500000001],[-78.712899,43.29805299999999],[-78.712994,43.298155],[-78.713136,43.298242],[-78.714659,43.299566999999996],[-78.714951,43.299843],[-78.715054,43.299977],[-78.71522,43.300253999999995],[-78.715433,43.300790000000006],[-78.715633,43.30160699999999],[-78.715688,43.30205699999999],[-78.715704,43.302348999999985],[-78.715688,43.30264],[-78.715625,43.303011],[-78.715499,43.303453],[-78.71523,43.30421799999999],[-78.714969,43.304731999999994],[-78.714416,43.305827],[-78.71437700000001,43.305922],[-78.71437700000001,43.306064],[-78.714408,43.30615099999999],[-78.714464,43.306245999999994],[-78.714566,43.30635599999999],[-78.716082,43.306978999999984],[-78.716208,43.307066000000006],[-78.716279,43.307128999999996],[-78.716319,43.307239],[-78.716327,43.30735],[-78.716248,43.307720999999994],[-78.716184,43.307838999999994],[-78.715987,43.30809099999998],[-78.715664,43.308390999999986],[-78.715319,43.30877000000001],[-78.715038,43.30874099999999],[-78.714195,43.308654999999995],[-78.713914,43.308627],[-78.713599,43.308594],[-78.712901,43.308543],[-78.711465,43.308524],[-78.710492,43.30852699999999],[-78.704516,43.308551],[-78.700216,43.30855700000001],[-78.699576,43.308559],[-78.697451,43.308573],[-78.696791,43.308567999999994],[-78.69679,43.308296],[-78.69679,43.30748],[-78.69679,43.307208],[-78.693462,43.30716699999999],[-78.693379,43.30716700000001],[-78.692762,43.307168000000004],[-78.692065,43.307151999999995],[-78.691262,43.307152],[-78.688843,43.307122],[-78.685472,43.30707900000001],[-78.683149,43.307055999999996],[-78.682525,43.307051],[-78.680792,43.307022999999994],[-78.679739,43.307021999999996],[-78.679063,43.307021],[-78.67781,43.307],[-78.677345,43.306993000000006],[-78.675627,43.306954],[-78.673917,43.30694499999999],[-78.673584,43.306937],[-78.672251,43.306909],[-78.666409,43.306821],[-78.6644,43.306794999999994],[-78.662145,43.306748999999996],[-78.655121,43.306641],[-78.65278,43.306605],[-78.648967,43.306562],[-78.646303,43.306521999999994],[-78.645177,43.30650599999999],[-78.64350100000001,43.306467999999995],[-78.641834,43.306438],[-78.640823,43.306435],[-78.638314,43.306400999999994],[-78.636754,43.30638],[-78.635651,43.306354999999996],[-78.635531,43.306352],[-78.635279,43.306346],[-78.635174,43.306343000000005],[-78.635055,43.30634100000001],[-78.634958,43.30280599999999],[-78.634669,43.292202],[-78.63457300000002,43.288668],[-78.634572,43.288284],[-78.634569,43.287132],[-78.634569,43.286747999999996],[-78.63459,43.284243999999994],[-78.634654,43.276734],[-78.634676,43.27423099999999],[-78.634681,43.27347399999999],[-78.634696,43.271204000000004],[-78.63470200000002,43.270447999999995],[-78.634692,43.269436999999996],[-78.634663,43.266407],[-78.634654,43.265397],[-78.634949,43.262856000000006],[-78.635017,43.262273],[-78.635611,43.257163999999996],[-78.636108,43.252903999999994],[-78.636315,43.25112599999999],[-78.636472,43.249781000000006],[-78.636478,43.24863299999999],[-78.636486,43.247322],[-78.63649,43.246643999999996],[-78.636494,43.24596499999999],[-78.636498,43.245191999999996],[-78.636505,43.244045],[-78.636517,43.24330299999998],[-78.636552,43.24107899999999],[-78.63656500000002,43.240338],[-78.636564,43.237340999999994],[-78.636561,43.22835100000001],[-78.63656,43.225354999999986],[-78.636561,43.22490699999999],[-78.636563,43.22356599999999],[-78.63656500000002,43.223119],[-78.636581,43.222272],[-78.636631,43.219733999999995],[-78.636639,43.21932999999999],[-78.636648,43.218889],[-78.639545,43.21888399999999],[-78.648236,43.218871],[-78.651134,43.21886699999998],[-78.652048,43.218873],[-78.653868,43.21888599999999],[-78.654233,43.218888],[-78.672104,43.219014],[-78.67235,43.219013999999994],[-78.676907,43.219006],[-78.680395,43.21904],[-78.681736,43.21905399999999],[-78.682608,43.219069],[-78.690211,43.219156],[-78.690859,43.21916399999999],[-78.694347,43.219211],[-78.694563,43.219212999999996],[-78.695211,43.219218999999995],[-78.695427,43.219222],[-78.696733,43.219232],[-78.697217,43.219235999999995],[-78.701443,43.219276999999984],[-78.702587,43.219281],[-78.704378,43.219288999999996],[-78.70584200000002,43.219293999999984],[-78.710235,43.219308999999996],[-78.7117,43.21931500000001],[-78.712065,43.21931599999999],[-78.713163,43.219322],[-78.713529,43.219324],[-78.714084,43.219322999999996],[-78.715751,43.219322],[-78.716307,43.219322],[-78.717764,43.219320999999994],[-78.718975,43.21932399999999],[-78.719936,43.21932799999999],[-78.72384,43.219328],[-78.72698200000002,43.21932400000001],[-78.729651,43.219321],[-78.73106000000001,43.219326999999986],[-78.73529,43.219345],[-78.736701,43.219351],[-78.738653,43.21935],[-78.744078,43.219348],[-78.74451,43.219346],[-78.745413,43.21934199999999],[-78.745954,43.219317999999994],[-78.746385,43.21928299999999],[-78.74646,43.219274],[-78.74812400000002,43.219279],[-78.753116,43.219294],[-78.754781,43.21929899999999],[-78.754748,43.221529999999994],[-78.754651,43.228222],[-78.754619,43.23045400000001],[-78.754659,43.232378],[-78.754779,43.238151],[-78.754819,43.24007599999998],[-78.75482,43.24021399999999],[-78.754824,43.240629],[-78.754826,43.240768],[-78.754832,43.243764999999996],[-78.754845,43.249761],[-78.754868,43.25275799999999],[-78.754893,43.25575599999999],[-78.754896,43.256315],[-78.754906,43.257993],[-78.75491,43.258552999999985],[-78.754913,43.25920300000001],[-78.754925,43.26115299999999],[-78.75493,43.26180399999999],[-78.754935,43.262677],[-78.754949,43.264759],[-78.754952,43.26529899999999],[-78.754958,43.266173999999985]]]},"properties":{"geoid":"36063024201","name":"242.01","namelsad":"Census Tract 242.01","aland_acres":18436.328843922292,"site_count":0,"cont_acres":0,"coverage_pct":0,"sites_per_sqmi":0}},{"type":"Feature","geometry":{"type":"Polygon","coordinates":[[[-79.05438,43.218468],[-79.049301,43.218450000000004],[-79.049118,43.21846099999999],[-79.048569,43.218497],[-79.048387,43.21850999999999],[-79.044761,43.218563],[-79.033883,43.218723999999995],[-79.030258,43.218779],[-79.029745,43.218782999999995],[-79.029603,43.218785],[-79.028658,43.218793999999995],[-79.028652,43.219242],[-79.028646,43.219754],[-79.028658,43.220085000000005],[-79.028547,43.220085],[-79.027224,43.22009],[-79.026783,43.220093],[-79.026325,43.220064999999984],[-79.024955,43.219982],[-79.024498,43.219955000000006],[-79.023191,43.219975000000005],[-79.019271,43.22003400000001],[-79.017965,43.220054999999995],[-79.017917,43.22005299999999],[-79.017773,43.220047],[-79.017726,43.220046],[-79.016536,43.22002699999999],[-79.012966,43.219970999999994],[-79.011776,43.219953000000004],[-79.007313,43.219914],[-79.002559,43.219873],[-79.00118100000002,43.21986],[-78.999803,43.219847],[-78.998635,43.219835],[-78.993928,43.219792999999996],[-78.989466,43.21975499999999],[-78.987948,43.21973599999999],[-78.985478,43.21970399999999],[-78.984745,43.21969399999999],[-78.970585,43.219514],[-78.965865,43.219454999999996],[-78.96564,43.219452],[-78.964967,43.21944299999999],[-78.964743,43.219440999999996],[-78.963387,43.219441999999994],[-78.959319,43.21944499999999],[-78.957964,43.219446999999995],[-78.954744,43.219427999999986],[-78.94508400000001,43.21937299999999],[-78.941864,43.219355],[-78.940855,43.21937399999999],[-78.937829,43.21943300000001],[-78.936821,43.219452999999994],[-78.935551,43.219586000000014],[-78.931743,43.219984999999994],[-78.930474,43.22011899999998],[-78.92873,43.220113999999995],[-78.923498,43.220102],[-78.921754,43.22009799999999],[-78.919545,43.220104000000006],[-78.912921,43.22012399999999],[-78.910713,43.220132],[-78.910644,43.220133999999995],[-78.91044,43.220139999999994],[-78.910372,43.22014299999999],[-78.90855,43.220164999999994],[-78.903083,43.220232],[-78.901262,43.220255],[-78.898102,43.220275],[-78.89029,43.220324],[-78.888622,43.220335],[-78.88546200000002,43.22035499999999],[-78.885469,43.21887100000001],[-78.885489,43.214421],[-78.885497,43.212938],[-78.88552,43.21069499999999],[-78.885588,43.20396699999999],[-78.885612,43.201725],[-78.8856,43.20003799999999],[-78.885594,43.19956399999999],[-78.885518,43.19308399999999],[-78.885493,43.19092500000001],[-78.885486,43.190221999999984],[-78.885465,43.188112999999994],[-78.885458,43.18740999999999],[-78.885429,43.185157000000004],[-78.885402,43.18292],[-78.885387,43.182458000000004],[-78.885344,43.178398],[-78.885344,43.178312],[-78.885299,43.17614600000002],[-78.88529600000001,43.17603799999999],[-78.885272,43.17478899999999],[-78.88524900000002,43.173634],[-78.885197,43.170721],[-78.885174,43.16936499999999],[-78.885169,43.169160999999995],[-78.885156,43.16854999999999],[-78.885152,43.168347],[-78.885146,43.168],[-78.88513,43.167050999999994],[-78.885126,43.166959999999996],[-78.885113,43.166614],[-78.88511,43.16650299999999],[-78.885102,43.166169999999994],[-78.8851,43.16606],[-78.885071,43.16473299999999],[-78.88504,43.16383199999999],[-78.884977,43.16192499999999],[-78.884954,43.16098800000001],[-78.884869,43.158153],[-78.88485400000002,43.15714899999999],[-78.88483,43.15556199999999],[-78.884821,43.154921],[-78.884818,43.15474999999999],[-78.88481700000001,43.154554999999995],[-78.88481700000001,43.154344],[-78.884807,43.153576],[-78.884806,43.153456999999996],[-78.884806,43.15309099999999],[-78.884802,43.151124999999986],[-78.884802,43.150802000000006],[-78.884767,43.14793799999998],[-78.884776,43.14716800000001],[-78.884786,43.145230999999995],[-78.884789,43.14469100000001],[-78.88478,43.14326600000001],[-78.88507700000001,43.14326700000001],[-78.885969,43.14327000000001],[-78.886267,43.143272],[-78.886973,43.143273],[-78.887663,43.143274],[-78.888402,43.14326299999999],[-78.889094,43.143260999999995],[-78.889801,43.14325899999999],[-78.890129,43.14325699999999],[-78.891116,43.143254],[-78.891445,43.143253],[-78.892141,43.143248],[-78.894232,43.14323699999999],[-78.894929,43.143234],[-78.897253,43.14324499999999],[-78.898887,43.143252999999994],[-78.899301,43.143256],[-78.901417,43.14326299999998],[-78.904943,43.14329599999999],[-78.909203,43.14333],[-78.91076200000002,43.14334499999998],[-78.912691,43.14336500000001],[-78.914721,43.14337],[-78.914715,43.145590000000006],[-78.914696,43.152252],[-78.914691,43.154472999999996],[-78.914706,43.15753699999999],[-78.914754,43.166732],[-78.91477,43.16979700000001],[-78.914828,43.17110799999998],[-78.915003,43.175042999999995],[-78.915062,43.176354999999994],[-78.919239,43.176373],[-78.929859,43.17642200000001],[-78.930196,43.176417],[-78.93015,43.17969699999998],[-78.930203,43.181765999999996],[-78.9302,43.182503999999994],[-78.930199,43.18296399999999],[-78.930216,43.183797],[-78.930221,43.183987999999985],[-78.930219,43.184073000000005],[-78.93021,43.18450199999999],[-78.930186,43.184822],[-78.930163,43.18699999999999],[-78.930244,43.186979],[-78.93047300000002,43.186953999999986],[-78.934998,43.18516300000001],[-78.94044500000001,43.182531000000004],[-78.945673,43.182073],[-78.947707,43.181895000000004],[-78.96214,43.18008],[-78.968574,43.179469],[-78.973337,43.17881599999999],[-78.97427600000002,43.178632999999984],[-78.97610000000002,43.178394],[-78.981573,43.177676000000005],[-78.983398,43.177438],[-78.98343,43.177434000000005],[-78.983525,43.17742199999999],[-78.983558,43.17741900000001],[-78.985966,43.17703999999999],[-78.990731,43.176466],[-78.99716000000001,43.17569199999999],[-78.998609,43.17551799999999],[-78.998575,43.17529699999999],[-78.998535,43.175031999999995],[-78.99894,43.17496299999999],[-79.00059,43.174685000000004],[-79.00114,43.17459199999999],[-79.001543,43.17452399999999],[-79.002561,43.174389],[-79.00291500000002,43.17436],[-79.003194,43.174338],[-79.004021,43.17428799999998],[-79.007559,43.17407200000001],[-79.00828,43.17402899999998],[-79.010069,43.173920999999986],[-79.010568,43.17389099999999],[-79.012065,43.173801],[-79.012564,43.173770999999995],[-79.013441,43.173716],[-79.013942,43.173686],[-79.015173,43.17361899999999],[-79.016073,43.17356500000002],[-79.01695100000002,43.173514000000004],[-79.017675,43.173472999999994],[-79.017677,43.17427],[-79.017678,43.174978],[-79.017678,43.175064999999975],[-79.017683,43.17666199999999],[-79.017685,43.177459999999996],[-79.017684,43.177510999999996],[-79.017684,43.177665],[-79.017684,43.177716999999994],[-79.017677,43.17886699999999],[-79.017675,43.17936],[-79.017698,43.18231699999999],[-79.017707,43.183468],[-79.017726,43.184850999999995],[-79.017729,43.185064999999994],[-79.017726,43.18639900000001],[-79.017738,43.187526999999996],[-79.017728,43.189],[-79.017728,43.189024],[-79.017729,43.190383999999995],[-79.017723,43.19082299999999],[-79.017718,43.191320999999995],[-79.017725,43.19204599999999],[-79.017723,43.192142],[-79.017719,43.192581999999994],[-79.017719,43.192873999999996],[-79.017719,43.193751],[-79.017719,43.194044],[-79.017705,43.197810999999994],[-79.017702,43.19818599999999],[-79.01768800000002,43.201894],[-79.017695,43.203284],[-79.017702,43.204374999999985],[-79.0177,43.205898],[-79.017716,43.206634999999984],[-79.017714,43.207453999999984],[-79.017713,43.208845],[-79.017713,43.208909000000006],[-79.017713,43.20910200000001],[-79.017713,43.209167],[-79.017758,43.209165],[-79.017894,43.20916299999998],[-79.01794,43.20916199999999],[-79.021177,43.209165],[-79.02249500000002,43.209175],[-79.023758,43.209165],[-79.025051,43.209175],[-79.025512,43.209174999999995],[-79.026234,43.209151999999996],[-79.026512,43.209125],[-79.026764,43.209092999999996],[-79.027069,43.20902600000001],[-79.027217,43.208992],[-79.027588,43.20888699999999],[-79.027639,43.20886800000001],[-79.028564,43.208529],[-79.028865,43.208423999999994],[-79.028693,43.207995000000004],[-79.028273,43.206987000000005],[-79.027938,43.206129],[-79.027529,43.205259999999996],[-79.027068,43.20395999999999],[-79.026727,43.20299599999999],[-79.026535,43.202412],[-79.026383,43.20169899999999],[-79.0262,43.20091099999999],[-79.026085,43.200218],[-79.026007,43.19939399999998],[-79.025981,43.198763],[-79.025942,43.19784899999999],[-79.02592,43.19731399999999],[-79.025996,43.196467],[-79.02616,43.19489899999999],[-79.026193,43.19462000000001],[-79.02696200000001,43.19016299999999],[-79.027519,43.18712599999999],[-79.027557,43.186852],[-79.027982,43.184543999999995],[-79.028091,43.18390999999999],[-79.02816,43.183434000000005],[-79.028259,43.18249099999999],[-79.028336,43.181534],[-79.028366,43.179866999999994],[-79.028366,43.179787999999995],[-79.028809,43.179788],[-79.03077800000001,43.17978199999999],[-79.03497,43.179770000000005],[-79.034962,43.179883999999994],[-79.035125,43.17988899999999],[-79.035616,43.179904],[-79.03578,43.179908999999995],[-79.036113,43.17990799999999],[-79.037112,43.17990799999998],[-79.037181,43.17990799999998],[-79.03744600000002,43.179902999999996],[-79.037771,43.17989600000001],[-79.038462,43.179885999999996],[-79.03875000000001,43.179894999999995],[-79.040332,43.179973999999994],[-79.040375,43.179976999999994],[-79.040396,43.17978500000001],[-79.041752,43.17976699999999],[-79.043533,43.179769],[-79.044103,43.17978899999999],[-79.044661,43.179807999999994],[-79.045454,43.179807],[-79.04639,43.179782],[-79.049011,43.179787999999995],[-79.052958,43.179849],[-79.052713,43.18405899999999],[-79.050514,43.192867],[-79.048694,43.200158],[-79.05655900000001,43.210316999999996],[-79.05438,43.218468]]]},"properties":{"geoid":"36063024405","name":"244.05","namelsad":"Census Tract 244.05","aland_acres":16576.971357518032,"site_count":3,"cont_acres":589.17,"coverage_pct":3.55,"sites_per_sqmi":0.12}},{"type":"Feature","geometry":{"type":"Polygon","coordinates":[[[-79.069649,43.120321999999994],[-79.05940900000002,43.126476],[-79.057087,43.127036999999994],[-79.05412300000002,43.12936899999999],[-79.052548,43.13163900000001],[-79.05218,43.13206199999999],[-79.05185,43.132055],[-79.051238,43.132055],[-79.051034,43.132055],[-79.05067,43.132063],[-79.049579,43.132089],[-79.049377,43.13209499999999],[-79.049216,43.132099],[-79.048965,43.132099],[-79.048743,43.132098],[-79.04732400000002,43.132095],[-79.047008,43.132095],[-79.046864,43.132028999999996],[-79.045806,43.13193499999999],[-79.044412,43.13200599999998],[-79.041921,43.132414],[-79.041712,43.13240899999999],[-79.041085,43.132393999999984],[-79.040877,43.13239],[-79.040956,43.132255],[-79.041083,43.131991000000006],[-79.041214,43.131723],[-79.04155900000002,43.13104299999999],[-79.04169000000002,43.130788],[-79.041894,43.130388],[-79.042229,43.129707],[-79.042536,43.129086],[-79.043141,43.12788499999999],[-79.043249,43.12767300000001],[-79.043591,43.126997],[-79.043619,43.126941],[-79.043649,43.12687999999999],[-79.043826,43.12653299999999],[-79.043886,43.126418],[-79.044057,43.126085999999994],[-79.044272,43.125642],[-79.044328,43.125527],[-79.044528,43.125115],[-79.044649,43.12489599999999],[-79.044837,43.124593000000004],[-79.04519,43.123988999999995],[-79.04537900000001,43.123729],[-79.045563,43.123531],[-79.046004,43.12308500000001],[-79.046241,43.12284699999999],[-79.046599,43.122555999999996],[-79.046755,43.122435],[-79.046822,43.122381999999995],[-79.046921,43.122306],[-79.047012,43.12221400000001],[-79.047073,43.122153999999995],[-79.047378,43.12184100000001],[-79.048067,43.121136],[-79.048297,43.120908],[-79.048608,43.120600999999986],[-79.048793,43.120418],[-79.049381,43.119816],[-79.05018400000002,43.118997],[-79.050883,43.118303000000004],[-79.051703,43.11746599999999],[-79.051948,43.11721599999999],[-79.052059,43.117079999999994],[-79.052417,43.116629],[-79.052581,43.116421],[-79.052622,43.116370999999994],[-79.052908,43.115956],[-79.053022,43.115763],[-79.053158,43.11553599999999],[-79.053275,43.11533299999999],[-79.053317,43.11526199999999],[-79.053581,43.11472899999999],[-79.05359,43.11470599999999],[-79.053683,43.114491999999984],[-79.053925,43.113926999999975],[-79.054823,43.11383399999999],[-79.054987,43.113828],[-79.055279,43.11381999999999],[-79.05548,43.11382299999999],[-79.055645,43.11382700000001],[-79.055033,43.11177399999999],[-79.054977,43.111587],[-79.054811,43.11102699999999],[-79.054785,43.11093799999999],[-79.054755,43.11084099999999],[-79.05473,43.110763],[-79.054658,43.11053199999999],[-79.054634,43.11045499999999],[-79.054553,43.110188],[-79.054422,43.109744],[-79.055796,43.109564],[-79.055872,43.109554999999986],[-79.056009,43.109541],[-79.056059,43.109535999999984],[-79.056103,43.10953099999999],[-79.056122,43.10952900000001],[-79.05618,43.109523],[-79.056479,43.109485],[-79.056954,43.109427],[-79.057379,43.109376999999995],[-79.05768,43.10934199999999],[-79.057796,43.10932900000001],[-79.057971,43.10931],[-79.058145,43.109290999999985],[-79.058262,43.10927900000001],[-79.058647,43.110919999999986],[-79.060105,43.113866],[-79.062563,43.11609199999999],[-79.069649,43.120321999999994]]]},"properties":{"geoid":"36063020100","name":"201","namelsad":"Census Tract 201","aland_acres":581.9483075256446,"site_count":1,"cont_acres":0,"coverage_pct":0,"sites_per_sqmi":1.1}},{"type":"Feature","geometry":{"type":"Polygon","coordinates":[[[-79.05548,43.11382299999999],[-79.055279,43.11381999999999],[-79.054987,43.113828],[-79.054823,43.11383399999999],[-79.053925,43.113926999999975],[-79.053683,43.114491999999984],[-79.05359,43.11470599999999],[-79.053581,43.11472899999999],[-79.053317,43.11526199999999],[-79.053275,43.11533299999999],[-79.053158,43.11553599999999],[-79.053022,43.115763],[-79.052908,43.115956],[-79.052622,43.116370999999994],[-79.052581,43.116421],[-79.052417,43.116629],[-79.052059,43.117079999999994],[-79.051948,43.11721599999999],[-79.051703,43.11746599999999],[-79.050883,43.118303000000004],[-79.05018400000002,43.118997],[-79.049381,43.119816],[-79.048793,43.120418],[-79.048608,43.120600999999986],[-79.048297,43.120908],[-79.048067,43.121136],[-79.047378,43.12184100000001],[-79.047073,43.122153999999995],[-79.047012,43.12221400000001],[-79.046921,43.122306],[-79.046822,43.122381999999995],[-79.046755,43.122435],[-79.046599,43.122555999999996],[-79.046241,43.12284699999999],[-79.046004,43.12308500000001],[-79.045563,43.123531],[-79.04537900000001,43.123729],[-79.04519,43.123988999999995],[-79.044837,43.124593000000004],[-79.044649,43.12489599999999],[-79.044528,43.125115],[-79.044328,43.125527],[-79.044272,43.125642],[-79.044057,43.126085999999994],[-79.043886,43.126418],[-79.043826,43.12653299999999],[-79.043649,43.12687999999999],[-79.043619,43.126941],[-79.043591,43.126997],[-79.043249,43.12767300000001],[-79.043141,43.12788499999999],[-79.042536,43.129086],[-79.042229,43.129707],[-79.041894,43.130388],[-79.04169000000002,43.130788],[-79.04155900000002,43.13104299999999],[-79.041214,43.131723],[-79.041083,43.131991000000006],[-79.040956,43.132255],[-79.040877,43.13239],[-79.040763,43.132388999999996],[-79.040622,43.132388],[-79.040421,43.13238599999999],[-79.04030800000001,43.13238599999998],[-79.040197,43.132147999999994],[-79.039962,43.131767],[-79.039799,43.131308],[-79.039632,43.13077599999999],[-79.039601,43.13067499999999],[-79.03948700000001,43.13036],[-79.039451,43.13025599999999],[-79.039419,43.130172],[-79.039208,43.12960999999999],[-79.039192,43.129566000000004],[-79.039151,43.12941899999999],[-79.03902,43.129087],[-79.038967,43.128952999999996],[-79.038615,43.128096],[-79.03848000000002,43.127767],[-79.038406,43.12760099999999],[-79.038231,43.127205999999994],[-79.03818,43.12710899999999],[-79.038097,43.12695],[-79.037933,43.126637],[-79.037781,43.126220999999994],[-79.037716,43.12608099999999],[-79.037602,43.125806],[-79.037456,43.125498],[-79.037339,43.125209],[-79.037266,43.125037999999996],[-79.03705,43.12452499999999],[-79.036978,43.12435399999999],[-79.036622,43.12349799999999],[-79.035926,43.121817],[-79.035784,43.121477],[-79.035366,43.12047499999999],[-79.035359,43.120459999999994],[-79.035221,43.12012],[-79.035152,43.11994199999999],[-79.034945,43.119409],[-79.034877,43.119232],[-79.034805,43.119054999999996],[-79.034591,43.11852600000001],[-79.03452,43.11835],[-79.034447,43.118185],[-79.034228,43.11769199999999],[-79.034155,43.11752799999999],[-79.033826,43.11671299999999],[-79.033541,43.115935],[-79.033264,43.11520999999999],[-79.033088,43.114794999999994],[-79.033025,43.11468],[-79.032659,43.113832999999985],[-79.032629,43.11376500000001],[-79.032595,43.113688],[-79.032316,43.11303],[-79.032287,43.112975],[-79.032259,43.11292199999998],[-79.03223,43.112866999999994],[-79.032298,43.112856],[-79.032472,43.112827],[-79.033201,43.11270900000001],[-79.033444,43.11267],[-79.034188,43.11254799999999],[-79.034395,43.112515],[-79.036427,43.112206],[-79.036501,43.11219499999999],[-79.037172,43.11208299999999],[-79.037315,43.11206],[-79.037746,43.111994],[-79.03789,43.111973],[-79.037945,43.111964],[-79.03807,43.11194600000001],[-79.038111,43.11193999999998],[-79.038167,43.111933],[-79.039582,43.111742],[-79.04181,43.11144199999999],[-79.042689,43.111323999999996],[-79.043205,43.111259],[-79.04372700000002,43.111195],[-79.04383,43.11117999999999],[-79.044248,43.111122999999985],[-79.04477,43.111053],[-79.045247,43.110994],[-79.045481,43.110964],[-79.045851,43.110919],[-79.046183,43.11087399999999],[-79.046417,43.11084299999999],[-79.046935,43.110773],[-79.04849,43.110566],[-79.049009,43.11049699999999],[-79.049525,43.110431],[-79.050877,43.110261],[-79.051067,43.110206999999996],[-79.05114,43.11018699999999],[-79.051581,43.110131],[-79.052122,43.11005500000001],[-79.052171,43.110049],[-79.052402,43.110024999999986],[-79.054422,43.109744],[-79.054553,43.110188],[-79.054634,43.11045499999999],[-79.054658,43.11053199999999],[-79.05473,43.110763],[-79.054755,43.11084099999999],[-79.054785,43.11093799999999],[-79.054811,43.11102699999999],[-79.054977,43.111587],[-79.055033,43.11177399999999],[-79.055645,43.11382700000001],[-79.05548,43.11382299999999]]]},"properties":{"geoid":"36063020200","name":"202","namelsad":"Census Tract 202","aland_acres":563.3425058860507,"site_count":12,"cont_acres":144.42,"coverage_pct":25.64,"sites_per_sqmi":13.63}},{"type":"Feature","geometry":{"type":"Polygon","coordinates":[[[-78.635651,43.306354999999996],[-78.635511,43.308544],[-78.635092,43.31511099999999],[-78.634953,43.317301],[-78.634953,43.31819699999999],[-78.634953,43.320887000000006],[-78.634954,43.321783999999994],[-78.634966,43.32224300000001],[-78.635002,43.32362],[-78.635015,43.32407999999999],[-78.635006,43.32480399999999],[-78.634981,43.32698],[-78.634973,43.327705],[-78.634968,43.32812699999999],[-78.634953,43.329393],[-78.634948,43.32981500000001],[-78.634949,43.33244799999999],[-78.634954,43.340349],[-78.634956,43.34298299999999],[-78.634955,43.34361499999999],[-78.634955,43.345515],[-78.634955,43.34614800000001],[-78.634953,43.346582999999995],[-78.634951,43.347891],[-78.634951,43.348327000000005],[-78.634891,43.350198],[-78.634712,43.35581199999999],[-78.634653,43.357684],[-78.634693,43.357858],[-78.634813,43.358381],[-78.634854,43.358556],[-78.63244,43.35904599999999],[-78.631753,43.359185999999994],[-78.627752,43.360011],[-78.625544,43.36047],[-78.625211,43.36057],[-78.624751,43.360708],[-78.604235,43.362798],[-78.570197,43.368401],[-78.537813,43.372485999999995],[-78.536422,43.372609],[-78.503973,43.375479999999996],[-78.485644,43.377284999999986],[-78.480749,43.37597699999999],[-78.475207,43.373626],[-78.470534,43.37298700000001],[-78.465541,43.373369999999994],[-78.46552700000001,43.37298],[-78.465488,43.371811],[-78.465475,43.371421999999995],[-78.465491,43.37131],[-78.465539,43.370975],[-78.465556,43.37086399999999],[-78.465565,43.370827999999996],[-78.465569,43.370816],[-78.465569,43.37072],[-78.46557,43.370684],[-78.465573,43.369815],[-78.465586,43.367208],[-78.46559,43.36634],[-78.465594,43.36541199999999],[-78.465597,43.365038999999996],[-78.465618,43.362731999999994],[-78.46562,43.361135999999995],[-78.465622,43.359836],[-78.465622,43.359802999999985],[-78.465622,43.359706],[-78.465622,43.359674],[-78.465622,43.359637],[-78.465622,43.359528999999995],[-78.465623,43.359493],[-78.465636,43.357166],[-78.46565600000001,43.353899],[-78.465706,43.350188],[-78.46573600000002,43.34799099999999],[-78.465739,43.347862],[-78.465744,43.347568999999986],[-78.465762,43.34668999999999],[-78.465768,43.34639800000001],[-78.465795,43.345374],[-78.465809,43.344868999999996],[-78.465817,43.344582999999986],[-78.465869,43.342305],[-78.46589,43.341398999999996],[-78.465891,43.34128199999999],[-78.465895,43.34094599999999],[-78.465895,43.34091099999999],[-78.465904,43.33979799999999],[-78.465908,43.339427999999984],[-78.465911,43.339055],[-78.46591400000001,43.33886099999999],[-78.465933,43.337162],[-78.46594,43.336596],[-78.465953,43.33587299999999],[-78.465995,43.333705],[-78.46601,43.332983],[-78.466011,43.332866],[-78.466018,43.33251799999999],[-78.466021,43.33240200000001],[-78.466039,43.331516],[-78.466096,43.328858999999994],[-78.466115,43.327974],[-78.466114,43.327794],[-78.466112,43.32725399999999],[-78.466112,43.327074],[-78.466113,43.326947999999994],[-78.46612,43.326570999999994],[-78.466122,43.326446],[-78.466123,43.326247],[-78.466128,43.325653999999986],[-78.46613,43.325456],[-78.466144,43.32439900000001],[-78.46619,43.321228999999995],[-78.466206,43.32017299999999],[-78.46621500000002,43.31962399999999],[-78.466246,43.31797999999999],[-78.466256,43.317432999999994],[-78.466296,43.31450099999999],[-78.466316,43.31306300000001],[-78.466396,43.305706],[-78.466429,43.30277499999999],[-78.46811,43.302798],[-78.468873,43.302812],[-78.47237100000001,43.30287899999999],[-78.476208,43.30292899999999],[-78.478654,43.30296100000001],[-78.479045,43.302963],[-78.479785,43.30298500000001],[-78.480762,43.30299600000001],[-78.484603,43.303043],[-78.486479,43.303056999999995],[-78.487089,43.303067],[-78.489198,43.30310399999999],[-78.48952300000002,43.303105999999985],[-78.490498,43.303114],[-78.490824,43.30311700000001],[-78.491395,43.30311799999999],[-78.493109,43.303121],[-78.493681,43.30312299999999],[-78.495295,43.303129999999996],[-78.495893,43.303126],[-78.496405,43.303122999999985],[-78.502532,43.303141999999994],[-78.504745,43.30314899999999],[-78.507741,43.303157999999996],[-78.511568,43.303171],[-78.513024,43.30319399999999],[-78.51409,43.303191],[-78.515844,43.303204999999984],[-78.516732,43.303200999999994],[-78.517234,43.303199],[-78.519729,43.303219],[-78.520654,43.30322499999999],[-78.522321,43.303260999999985],[-78.523968,43.30329799999999],[-78.527419,43.303369],[-78.529971,43.303417],[-78.530097,43.30341999999999],[-78.531253,43.303454999999985],[-78.532689,43.303508999999984],[-78.533548,43.303541],[-78.536979,43.303618],[-78.537376,43.303627999999996],[-78.539079,43.303673],[-78.546517,43.303919],[-78.549088,43.30402599999999],[-78.549847,43.304052999999996],[-78.554136,43.304209],[-78.555087,43.304241],[-78.557013,43.304308000000006],[-78.55794,43.304345999999995],[-78.558891,43.304384999999996],[-78.559819,43.304418000000005],[-78.56064,43.304448],[-78.564845,43.304601999999996],[-78.565887,43.304632999999995],[-78.567637,43.304686],[-78.56781400000001,43.304690999999984],[-78.568913,43.30472300000001],[-78.569076,43.304729],[-78.570385,43.304781],[-78.573394,43.30487],[-78.573464,43.304873],[-78.574835,43.304888],[-78.575764,43.30491500000001],[-78.576461,43.304936999999995],[-78.580749,43.30506599999999],[-78.584321,43.305174],[-78.585857,43.305206999999996],[-78.5894,43.30530699999999],[-78.592133,43.305364999999995],[-78.593272,43.30538299999999],[-78.598495,43.30551300000001],[-78.599153,43.30553],[-78.600818,43.30559],[-78.60252,43.305638],[-78.603571,43.305676],[-78.604182,43.305687000000006],[-78.60441,43.305682],[-78.604843,43.30569899999999],[-78.604911,43.305702],[-78.60588,43.305702],[-78.606146,43.30570899999999],[-78.606581,43.30572099999999],[-78.608001,43.30577400000001],[-78.609479,43.30582999999999],[-78.61226400000001,43.305898],[-78.612669,43.305909],[-78.613685,43.30594499999999],[-78.614712,43.305974],[-78.617795,43.306064],[-78.618823,43.306094],[-78.620547,43.306121999999995],[-78.624671,43.306188999999996],[-78.625722,43.306195],[-78.627447,43.306205],[-78.628968,43.306222999999996],[-78.629223,43.306227],[-78.63353300000001,43.306304999999995],[-78.633789,43.30631000000001],[-78.634576,43.306329999999996],[-78.635055,43.30634100000001],[-78.635174,43.306343000000005],[-78.635279,43.306346],[-78.635531,43.306352],[-78.635651,43.306354999999996]]]},"properties":{"geoid":"36063024102","name":"241.02","namelsad":"Census Tract 241.02","aland_acres":23749.280923264872,"site_count":1,"cont_acres":10.55,"coverage_pct":0.04,"sites_per_sqmi":0.03}},{"type":"Feature","geometry":{"type":"Polygon","coordinates":[[[-78.865865,43.064034],[-78.86562000000002,43.06407800000001],[-78.8654,43.064125999999995],[-78.864474,43.06433299999999],[-78.864013,43.06443999999999],[-78.863552,43.064548],[-78.863073,43.06465099999999],[-78.862094,43.064862999999995],[-78.861882,43.064890999999996],[-78.861686,43.064898],[-78.861627,43.06489800000001],[-78.861138,43.06489799999999],[-78.860178,43.0649],[-78.857301,43.064906999999984],[-78.857017,43.064907999999996],[-78.856342,43.064901],[-78.855696,43.064904999999996],[-78.854006,43.064918],[-78.853758,43.064916],[-78.853113,43.064912],[-78.853113,43.064733999999994],[-78.853115,43.064204],[-78.853116,43.064026999999996],[-78.853116,43.06387599999999],[-78.853117,43.06342599999999],[-78.853118,43.063275999999995],[-78.853115,43.063143999999994],[-78.853099,43.06302],[-78.853089,43.062941999999985],[-78.852979,43.062463],[-78.852976,43.06226199999999],[-78.852973,43.06200599999999],[-78.852972,43.061828999999996],[-78.85297,43.06130100000001],[-78.85297,43.061125],[-78.852748,43.061178999999996],[-78.852471,43.061246999999995],[-78.852081,43.061325999999994],[-78.851856,43.06136099999999],[-78.851856,43.06120699999998],[-78.851857,43.060745999999995],[-78.851858,43.060593],[-78.851633,43.06059499999999],[-78.850961,43.0606],[-78.850738,43.06060300000001],[-78.850743,43.05989899999999],[-78.85075,43.05917099999999],[-78.850728,43.058686999999985],[-78.850669,43.05850899999999],[-78.850534,43.058302],[-78.850364,43.058127999999996],[-78.850199,43.05800800000001],[-78.850184,43.058],[-78.849554,43.057689],[-78.849366,43.057598999999996],[-78.848804,43.057329999999986],[-78.848617,43.05724099999999],[-78.848721,43.05712499999999],[-78.849033,43.056778],[-78.849138,43.056663],[-78.849017,43.056605999999995],[-78.848916,43.056559],[-78.848667,43.056417999999994],[-78.848554,43.056347],[-78.848994,43.055817999999995],[-78.849137,43.055647],[-78.850087,43.054598],[-78.850381,43.054289],[-78.850857,43.053792],[-78.852011,43.052583999999996],[-78.852409,43.05214899999999],[-78.853193,43.051295],[-78.85416,43.050212],[-78.854768,43.04954399999999],[-78.855342,43.04889],[-78.85635200000002,43.04778099999999],[-78.856544,43.04758799999999],[-78.856964,43.047169999999994],[-78.856986,43.047145],[-78.857597,43.046488000000004],[-78.858497,43.045463999999996],[-78.858693,43.045463999999996],[-78.858832,43.045463999999996],[-78.859839,43.045468],[-78.860175,43.04547],[-78.860922,43.045482],[-78.861215,43.045481999999986],[-78.86167,43.04548199999999],[-78.862425,43.045469],[-78.864336,43.045463],[-78.865377,43.04546],[-78.865391,43.045929],[-78.865435,43.04733800000001],[-78.86545,43.047807999999996],[-78.865455,43.047962999999996],[-78.86547,43.048431],[-78.865475,43.048587000000005],[-78.86548,43.04874],[-78.86549500000001,43.0492],[-78.8655,43.049354],[-78.865504,43.049513],[-78.865519,43.049994],[-78.865524,43.05015399999999],[-78.865528,43.050295000000006],[-78.865543,43.05071999999999],[-78.865548,43.05086200000001],[-78.865556,43.05111699999999],[-78.86558,43.05188499999999],[-78.865589,43.05214099999999],[-78.865593,43.052281999999984],[-78.865607,43.05270599999999],[-78.865612,43.052848000000004],[-78.865617,43.052997],[-78.865632,43.053444],[-78.865637,43.053594],[-78.865643,43.05383299999999],[-78.865647,43.05396799999998],[-78.865662,43.054553],[-78.86566900000001,43.054793999999994],[-78.865677,43.055046],[-78.865701,43.055805],[-78.86571,43.05605800000001],[-78.865715,43.056242999999995],[-78.865732,43.056798],[-78.865738,43.056983],[-78.86575,43.057658],[-78.865786,43.059683],[-78.865799,43.060358],[-78.865802,43.060563],[-78.865813,43.06117999999999],[-78.865817,43.061386],[-78.865826,43.061915],[-78.865855,43.063504],[-78.865865,43.064034]]]},"properties":{"geoid":"36063022803","name":"228.03","namelsad":"Census Tract 228.03","aland_acres":562.9342877532583,"site_count":1,"cont_acres":66.94,"coverage_pct":11.89,"sites_per_sqmi":1.14}},{"type":"Feature","geometry":{"type":"Polygon","coordinates":[[[-78.886605,43.034068999999995],[-78.886144,43.034110000000005],[-78.885991,43.03412500000001],[-78.88560100000001,43.034214],[-78.884431,43.034482999999994],[-78.884042,43.03457300000001],[-78.883169,43.034794],[-78.883054,43.034821],[-78.882141,43.03500199999999],[-78.882058,43.035018],[-78.881866,43.03506500000001],[-78.88111,43.035242000000004],[-78.880938,43.035275],[-78.880421,43.035374999999995],[-78.88025,43.035409],[-78.879729,43.035515],[-78.878209,43.035826],[-78.878166,43.03583499999999],[-78.877647,43.035946],[-78.877546,43.03596700000001],[-78.877242,43.036030999999994],[-78.87714200000002,43.036052999999995],[-78.876971,43.03608800000001],[-78.876458,43.036192],[-78.876288,43.036227999999994],[-78.875,43.03648599999999],[-78.874254,43.03664599999999],[-78.872471,43.037003],[-78.872198,43.03705999999999],[-78.871782,43.037147],[-78.871378,43.037225],[-78.871105,43.03727800000001],[-78.870619,43.037385],[-78.870399,43.037434],[-78.869155,43.037683],[-78.868668,43.037780999999995],[-78.868108,43.037893999999994],[-78.866757,43.038168000000006],[-78.866432,43.03823599999999],[-78.865874,43.03835399999999],[-78.865573,43.03841299999999],[-78.865294,43.038469],[-78.865071,43.038559],[-78.864928,43.038651],[-78.864882,43.038697],[-78.86483,43.03875799999999],[-78.864796,43.03883],[-78.864775,43.03887600000001],[-78.864775,43.03900699999999],[-78.864796,43.039131],[-78.86474,43.03906],[-78.864575,43.038848],[-78.864546,43.03881],[-78.864521,43.038777],[-78.864505,43.03875600000001],[-78.864457,43.038695999999995],[-78.86442,43.03865],[-78.864368,43.038586],[-78.864313,43.038518999999994],[-78.864286,43.038484],[-78.864269,43.03846099999999],[-78.864095,43.038233000000005],[-78.86389000000001,43.03796299999999],[-78.86367,43.037622999999996],[-78.863242,43.03692499999998],[-78.862596,43.035805],[-78.86238,43.03538199999999],[-78.862107,43.03483],[-78.861998,43.03458500000001],[-78.861929,43.034375],[-78.8619,43.034278],[-78.86187,43.034175999999995],[-78.86172200000001,43.033594999999984],[-78.861763,43.033472],[-78.861985,43.033469999999994],[-78.862346,43.033428],[-78.862784,43.03334999999999],[-78.863751,43.033148],[-78.86527,43.032844999999995],[-78.86651,43.032584],[-78.866758,43.032532],[-78.867504,43.032379999999996],[-78.867753,43.032329999999995],[-78.868002,43.032277],[-78.86875,43.032121],[-78.86900000000001,43.032069],[-78.869121,43.032043999999985],[-78.869487,43.03197],[-78.869609,43.03194599999999],[-78.869761,43.031913999999986],[-78.87022,43.03182099999999],[-78.870373,43.031789999999994],[-78.870411,43.031781],[-78.870528,43.031757999999996],[-78.870567,43.03175000000001],[-78.870764,43.031709],[-78.87092,43.031676999999995],[-78.871357,43.031589],[-78.871555,43.031549999999996],[-78.872827,43.03129200000001],[-78.873142,43.031222],[-78.874326,43.03098400000001],[-78.874618,43.030923999999985],[-78.875069,43.03083099999999],[-78.875813,43.030676],[-78.875128,43.028935],[-78.875783,43.028802999999996],[-78.87591,43.02877699999999],[-78.876101,43.028738],[-78.876304,43.02869599999998],[-78.877486,43.028453999999996],[-78.877879,43.028372999999995],[-78.877968,43.02835499999999],[-78.87798,43.028352],[-78.877966,43.028328],[-78.87803,43.02834299999999],[-78.878265,43.028293999999995],[-78.878972,43.02814999999999],[-78.879208,43.02810199999998],[-78.879356,43.02807],[-78.879803,43.027978],[-78.879952,43.027948],[-78.880055,43.027924999999996],[-78.88007,43.02792199999998],[-78.880232,43.027905999999994],[-78.880373,43.027902],[-78.88048,43.027899],[-78.880649,43.02789599999999],[-78.881157,43.027891],[-78.881327,43.02789],[-78.881581,43.02942899999999],[-78.881679,43.029584],[-78.883271,43.03209399999999],[-78.885239,43.033200999999984],[-78.886759,43.034055999999985],[-78.886605,43.034068999999995]]]},"properties":{"geoid":"36063023100","name":"231","namelsad":"Census Tract 231","aland_acres":274.456763472681,"site_count":2,"cont_acres":8.38,"coverage_pct":3.05,"sites_per_sqmi":4.66}},{"type":"Feature","geometry":{"type":"Polygon","coordinates":[[[-78.89096900000001,43.034353],[-78.888759,43.03495599999999],[-78.887859,43.03475600000001],[-78.887749,43.034685999999994],[-78.887711,43.034662000000004],[-78.886759,43.034055999999985],[-78.885239,43.033200999999984],[-78.883271,43.03209399999999],[-78.881679,43.029584],[-78.881581,43.02942899999999],[-78.881327,43.02789],[-78.881157,43.027891],[-78.880649,43.02789599999999],[-78.88048,43.027899],[-78.880373,43.027902],[-78.880232,43.027905999999994],[-78.88007,43.02792199999998],[-78.880055,43.027924999999996],[-78.879952,43.027948],[-78.879803,43.027978],[-78.879356,43.02807],[-78.879208,43.02810199999998],[-78.878972,43.02814999999999],[-78.878265,43.028293999999995],[-78.87803,43.02834299999999],[-78.877966,43.028328],[-78.87798,43.028352],[-78.877968,43.02835499999999],[-78.877879,43.028372999999995],[-78.877486,43.028453999999996],[-78.876304,43.02869599999998],[-78.876101,43.028738],[-78.87591,43.02877699999999],[-78.875783,43.028802999999996],[-78.875128,43.028935],[-78.875813,43.030676],[-78.875069,43.03083099999999],[-78.874618,43.030923999999985],[-78.874326,43.03098400000001],[-78.873142,43.031222],[-78.872827,43.03129200000001],[-78.871555,43.031549999999996],[-78.871357,43.031589],[-78.87092,43.031676999999995],[-78.870764,43.031709],[-78.870567,43.03175000000001],[-78.870528,43.031757999999996],[-78.870411,43.031781],[-78.870373,43.031789999999994],[-78.87022,43.03182099999999],[-78.869761,43.031913999999986],[-78.869609,43.03194599999999],[-78.869487,43.03197],[-78.869121,43.032043999999985],[-78.86900000000001,43.032069],[-78.86875,43.032121],[-78.868002,43.032277],[-78.867753,43.032329999999995],[-78.867504,43.032379999999996],[-78.866758,43.032532],[-78.86651,43.032584],[-78.86527,43.032844999999995],[-78.863751,43.033148],[-78.862784,43.03334999999999],[-78.862346,43.033428],[-78.861985,43.033469999999994],[-78.861763,43.033472],[-78.86172200000001,43.033594999999984],[-78.861691,43.033474],[-78.861651,43.03332799999998],[-78.861532,43.03289],[-78.861493,43.032743999999994],[-78.861452,43.03258100000001],[-78.861329,43.032093999999994],[-78.861289,43.031932],[-78.861254,43.03179099999999],[-78.861149,43.031368],[-78.861114,43.031226999999994],[-78.861092,43.031133],[-78.861029,43.030853],[-78.861008,43.03076],[-78.860992,43.03066699999999],[-78.860963,43.030266000000005],[-78.860947,43.029215],[-78.860947,43.029145],[-78.860932,43.027967999999994],[-78.860954,43.027054],[-78.861024,43.02653999999999],[-78.861169,43.025866],[-78.861192,43.02576],[-78.861257,43.025484],[-78.861268,43.02540099999999],[-78.861305,43.025129],[-78.861311,43.024676],[-78.861283,43.02397899999999],[-78.861271,43.023678],[-78.861264,43.02350499999999],[-78.861264,43.023435000000006],[-78.861268,43.023228],[-78.861269,43.023203999999986],[-78.86127,43.023159],[-78.861269,43.02311399999999],[-78.861268,43.023101999999994],[-78.861266,43.023034],[-78.861259,43.022931],[-78.861257,43.02288899999999],[-78.861257,43.022875],[-78.868756,43.023262],[-78.870859,43.02271899999999],[-78.872101,43.022403999999995],[-78.872168,43.022389],[-78.875553,43.02165599999999],[-78.87625,43.02155799999999],[-78.877453,43.021653999999984],[-78.878022,43.021703],[-78.879859,43.021855999999985],[-78.879957,43.02192],[-78.87997,43.021927999999996],[-78.880997,43.02250299999999],[-78.881378,43.022819999999996],[-78.88149,43.023230999999996],[-78.881673,43.023684999999986],[-78.881851,43.023962],[-78.881903,43.024044],[-78.88195,43.024117000000004],[-78.881974,43.024155],[-78.88503800000001,43.022456],[-78.885364,43.022418],[-78.886467,43.022311],[-78.887762,43.022187],[-78.890159,43.021956],[-78.889959,43.02455599999999],[-78.89010100000002,43.02519999999999],[-78.892059,43.034056],[-78.89096900000001,43.034353]]]},"properties":{"geoid":"36063023200","name":"232","namelsad":"Census Tract 232","aland_acres":467.17402348885156,"site_count":5,"cont_acres":9.41,"coverage_pct":2.01,"sites_per_sqmi":6.85}},{"type":"Feature","geometry":{"type":"Polygon","coordinates":[[[-78.700732,43.164803000000006],[-78.700016,43.165372999999995],[-78.697868,43.167083999999996],[-78.697153,43.16765499999999],[-78.696854,43.167654999999996],[-78.696855,43.16787399999999],[-78.696854,43.167978999999995],[-78.696853,43.168127999999996],[-78.696852,43.168155],[-78.696849,43.16868500000001],[-78.696849,43.168862],[-78.69685,43.169503],[-78.696855,43.17000899999999],[-78.696855,43.170127],[-78.696856,43.17048100000001],[-78.696857,43.170599],[-78.696856,43.170715999999985],[-78.696852,43.17107],[-78.696852,43.171188],[-78.696851,43.1713],[-78.696851,43.171637999999994],[-78.696851,43.171751],[-78.69685,43.17187299999999],[-78.696848,43.172238],[-78.696848,43.172361],[-78.696853,43.173059999999985],[-78.696264,43.173231],[-78.695714,43.173353],[-78.695117,43.173441],[-78.694914,43.17347],[-78.694642,43.173494],[-78.693998,43.17350599999999],[-78.69310600000001,43.173505],[-78.69222,43.173503000000004],[-78.69024600000002,43.17349399999999],[-78.690181,43.17349299999999],[-78.690029,43.173491999999996],[-78.68998800000001,43.17349099999999],[-78.689924,43.17349099999999],[-78.68991,43.17349],[-78.689868,43.17348999999998],[-78.689854,43.173489999999994],[-78.689655,43.17348899999999],[-78.689061,43.173487999999985],[-78.688863,43.17348799999999],[-78.688335,43.17349999999998],[-78.688222,43.17350299999999],[-78.687903,43.17352399999999],[-78.687294,43.17358799999999],[-78.686998,43.173627999999994],[-78.686764,43.173672],[-78.686694,43.173686000000004],[-78.68642,43.173749],[-78.686252,43.173797],[-78.686244,43.17347699999999],[-78.686212,43.172700999999996],[-78.686206,43.172609],[-78.686191,43.17233300000001],[-78.686186,43.17224199999999],[-78.686178,43.172094],[-78.686154,43.171651],[-78.686147,43.171504],[-78.686142,43.171377000000014],[-78.686129,43.17099600000001],[-78.686125,43.170869],[-78.686118,43.170732],[-78.686097,43.170323],[-78.68609000000001,43.170187],[-78.686085,43.170098],[-78.686073,43.16983100000001],[-78.686069,43.169743],[-78.686062,43.16959399999999],[-78.686042,43.169149],[-78.686036,43.169000999999994],[-78.686031,43.168919],[-78.686016,43.168673],[-78.686011,43.168591000000006],[-78.686005,43.168487],[-78.685989,43.168176999999986],[-78.685984,43.16807399999998],[-78.685979,43.16796699999999],[-78.685964,43.167647999999986],[-78.68595900000001,43.167542],[-78.685954,43.16746599999999],[-78.685942,43.167239],[-78.685938,43.167163999999985],[-78.685935,43.16712199999999],[-78.685929,43.166999],[-78.685927,43.16695799999999],[-78.685921,43.166824999999996],[-78.685904,43.166429],[-78.685899,43.166297],[-78.685892,43.166123],[-78.685871,43.165603],[-78.685864,43.165429999999986],[-78.685855,43.165244],[-78.685831,43.16468799999999],[-78.685823,43.164503],[-78.686014,43.164508],[-78.68659,43.164522999999996],[-78.686782,43.164528000000004],[-78.68696,43.16453299999999],[-78.687495,43.164548999999994],[-78.687674,43.164554999999986],[-78.687977,43.16456099999999],[-78.688889,43.164581999999996],[-78.689193,43.16458999999999],[-78.689228,43.16459],[-78.689336,43.164592],[-78.689372,43.164592999999996],[-78.689612,43.16459799999999],[-78.690332,43.16461299999999],[-78.690573,43.164619],[-78.691716,43.164643999999996],[-78.692578,43.164657],[-78.69353,43.164673],[-78.694362,43.16468900000001],[-78.694447,43.16468999999999],[-78.695541,43.16471099999998],[-78.696853,43.16473899999999],[-78.698199,43.16473899999999],[-78.69848,43.16474399999999],[-78.699323,43.164759],[-78.699605,43.164764],[-78.699813,43.164761999999996],[-78.70044,43.164758],[-78.700649,43.16475700000001],[-78.700787,43.16475899999999],[-78.700732,43.164803000000006]]]},"properties":{"geoid":"36063023700","name":"237","namelsad":"Census Tract 237","aland_acres":222.2703254081687,"site_count":8,"cont_acres":18.45,"coverage_pct":8.3,"sites_per_sqmi":23.04}},{"type":"Feature","geometry":{"type":"Polygon","coordinates":[[[-79.053305,43.173905],[-79.052958,43.179849],[-79.049011,43.179787999999995],[-79.04639,43.179782],[-79.045454,43.179807],[-79.044661,43.179807999999994],[-79.044103,43.17978899999999],[-79.043533,43.179769],[-79.041752,43.17976699999999],[-79.040396,43.17978500000001],[-79.040375,43.179976999999994],[-79.040332,43.179973999999994],[-79.03875000000001,43.179894999999995],[-79.038462,43.179885999999996],[-79.037771,43.17989600000001],[-79.03744600000002,43.179902999999996],[-79.037181,43.17990799999998],[-79.037112,43.17990799999998],[-79.036113,43.17990799999999],[-79.03578,43.179908999999995],[-79.035616,43.179904],[-79.035125,43.17988899999999],[-79.034962,43.179883999999994],[-79.03497,43.179770000000005],[-79.03077800000001,43.17978199999999],[-79.028809,43.179788],[-79.028366,43.179787999999995],[-79.02804,43.179787999999995],[-79.028055,43.17957299999998],[-79.028066,43.179061],[-79.028068,43.178991],[-79.028065,43.178598999999984],[-79.028063,43.17824999999999],[-79.02812,43.177284],[-79.028117,43.177216],[-79.028107,43.176981],[-79.028139,43.17675800000001],[-79.028392,43.17654800000001],[-79.028414,43.176528999999995],[-79.028698,43.176294],[-79.028726,43.176243],[-79.029038,43.17567700000001],[-79.02921200000002,43.175363999999995],[-79.029242,43.17532099999998],[-79.029335,43.175194],[-79.029366,43.17515199999999],[-79.029518,43.174862999999995],[-79.029816,43.17429799999999],[-79.029974,43.173995999999995],[-79.030127,43.173708000000005],[-79.030082,43.173515],[-79.02994700000002,43.17293599999999],[-79.02990200000002,43.172744],[-79.029508,43.172109999999996],[-79.029366,43.171839],[-79.02928,43.17175699999999],[-79.029162,43.171644],[-79.029011,43.171496999999995],[-79.028936,43.171423999999995],[-79.028362,43.17132499999999],[-79.028424,43.17127200000001],[-79.02844,43.171209],[-79.028419,43.171112999999984],[-79.027971,43.169802999999995],[-79.027811,43.169332999999995],[-79.027664,43.16885299999999],[-79.027584,43.16861299999999],[-79.027345,43.167894],[-79.027266,43.167654999999996],[-79.026757,43.166206],[-79.02628,43.16484500000001],[-79.026906,43.164841],[-79.027515,43.164837000000006],[-79.028037,43.164812],[-79.029605,43.164738999999976],[-79.030128,43.164714999999994],[-79.03139,43.16469299999999],[-79.035179,43.16463099999999],[-79.036442,43.16461000000001],[-79.036794,43.164617],[-79.037769,43.16463699999999],[-79.03785,43.164638],[-79.038203,43.164646],[-79.03992,43.164621],[-79.042913,43.16458],[-79.044367,43.164571],[-79.045072,43.164566],[-79.04679,43.16455599999999],[-79.048469,43.164545999999994],[-79.051069,43.16761699999999],[-79.053185,43.173567000000006],[-79.053305,43.173905]]]},"properties":{"geoid":"36063024401","name":"244.01","namelsad":"Census Tract 244.01","aland_acres":701.8371792818918,"site_count":2,"cont_acres":4.14,"coverage_pct":0.59,"sites_per_sqmi":1.82}},{"type":"Feature","geometry":{"type":"Polygon","coordinates":[[[-78.686252,43.173797],[-78.686175,43.173819],[-78.685679,43.17401299999999],[-78.685631,43.174033],[-78.684406,43.174542],[-78.683991,43.17473999999999],[-78.68343900000002,43.175004999999985],[-78.683158,43.175148999999976],[-78.682333,43.17557399999998],[-78.682318,43.175581999999984],[-78.682043,43.175734999999996],[-78.682021,43.175747],[-78.681747,43.175923],[-78.680848,43.176502],[-78.68055,43.17669500000001],[-78.680495,43.17673],[-78.680417,43.176779999999994],[-78.68033,43.176835000000004],[-78.68027600000002,43.17687],[-78.680206,43.176915],[-78.680002,43.177047],[-78.67918,43.17757799999999],[-78.678907,43.177756],[-78.678633,43.177931],[-78.677812,43.178459],[-78.67767,43.178549999999994],[-78.677598,43.178597999999994],[-78.677538,43.178633],[-78.677471,43.178670999999994],[-78.676888,43.17901100000001],[-78.676347,43.17930299999998],[-78.675308,43.17982500000001],[-78.674721,43.18008499999999],[-78.674542,43.18016599999999],[-78.673698,43.180517],[-78.673411,43.18062300000001],[-78.672809,43.18084799999999],[-78.672223,43.181048],[-78.671105,43.181391999999995],[-78.669207,43.18189699999999],[-78.66807,43.182188999999994],[-78.666352,43.18264599999999],[-78.665627,43.182834],[-78.66344,43.183403],[-78.662653,43.183608],[-78.66255900000002,43.18363300000001],[-78.662543,43.18286],[-78.662496,43.180544999999995],[-78.662481,43.179773000000004],[-78.662644,43.179707],[-78.662796,43.179646999999996],[-78.663359,43.179427999999994],[-78.663745,43.179277000000006],[-78.664062,43.17915399999999],[-78.66477000000002,43.178870999999994],[-78.665773,43.178470999999995],[-78.666897,43.178025999999996],[-78.667607,43.177746],[-78.66771,43.177704999999996],[-78.66802,43.177583],[-78.668124,43.177543],[-78.668271,43.17748499999998],[-78.668712,43.17731099999999],[-78.668859,43.17725300000001],[-78.66899,43.17719999999999],[-78.669385,43.17704299999998],[-78.669517,43.176990999999994],[-78.669598,43.17695799999999],[-78.669841,43.176861],[-78.669923,43.176829],[-78.670025,43.176787999999995],[-78.671072,43.176373],[-78.672336,43.175885],[-78.673478,43.175443999999985],[-78.673731,43.17534399999999],[-78.674229,43.17514899999998],[-78.674494,43.17504799999999],[-78.674749,43.174952],[-78.674856,43.174913],[-78.674897,43.174899999999994],[-78.675347,43.174763],[-78.675498,43.174718],[-78.675787,43.174629999999986],[-78.676656,43.174369],[-78.676946,43.174282000000005],[-78.677256,43.17418799999999],[-78.678187,43.173907],[-78.678498,43.173814],[-78.678477,43.173623],[-78.67847,43.17354999999999],[-78.678464,43.17304799999999],[-78.678463,43.172856999999986],[-78.678461,43.17267499999999],[-78.67845800000002,43.172132],[-78.678457,43.17195099999999],[-78.678452,43.171502],[-78.678437,43.170157],[-78.678433,43.16970899999999],[-78.678428,43.169441],[-78.678414,43.168641],[-78.67841,43.168373999999986],[-78.678319,43.168369999999996],[-78.678046,43.168361],[-78.677955,43.168358000000005],[-78.67794200000002,43.167531],[-78.677932,43.16689499999999],[-78.677921,43.165049999999994],[-78.67792,43.164764],[-78.677904,43.16422399999999],[-78.678199,43.16423499999999],[-78.679084,43.16427099999999],[-78.67938,43.164283],[-78.679628,43.164292999999994],[-78.680373,43.16432300000001],[-78.680622,43.164334],[-78.680824,43.16434199999999],[-78.681429,43.164367],[-78.681632,43.16437599999999],[-78.68247,43.16440099999999],[-78.684984,43.164477],[-78.685823,43.164503],[-78.685831,43.16468799999999],[-78.685855,43.165244],[-78.685864,43.165429999999986],[-78.685871,43.165603],[-78.685892,43.166123],[-78.685899,43.166297],[-78.685904,43.166429],[-78.685921,43.166824999999996],[-78.685927,43.16695799999999],[-78.685929,43.166999],[-78.685935,43.16712199999999],[-78.685938,43.167163999999985],[-78.685942,43.167239],[-78.685954,43.16746599999999],[-78.68595900000001,43.167542],[-78.685964,43.167647999999986],[-78.685979,43.16796699999999],[-78.685984,43.16807399999998],[-78.685989,43.168176999999986],[-78.686005,43.168487],[-78.686011,43.168591000000006],[-78.686016,43.168673],[-78.686031,43.168919],[-78.686036,43.169000999999994],[-78.686042,43.169149],[-78.686062,43.16959399999999],[-78.686069,43.169743],[-78.686073,43.16983100000001],[-78.686085,43.170098],[-78.68609000000001,43.170187],[-78.686097,43.170323],[-78.686118,43.170732],[-78.686125,43.170869],[-78.686129,43.17099600000001],[-78.686142,43.171377000000014],[-78.686147,43.171504],[-78.686154,43.171651],[-78.686178,43.172094],[-78.686186,43.17224199999999],[-78.686191,43.17233300000001],[-78.686206,43.172609],[-78.686212,43.172700999999996],[-78.686244,43.17347699999999],[-78.686252,43.173797]]]},"properties":{"geoid":"36063023800","name":"238","namelsad":"Census Tract 238","aland_acres":363.8926119436916,"site_count":0,"cont_acres":0,"coverage_pct":0,"sites_per_sqmi":0}},{"type":"Feature","geometry":{"type":"Polygon","coordinates":[[[-78.998609,43.17551799999999],[-78.99716000000001,43.17569199999999],[-78.990731,43.176466],[-78.985966,43.17703999999999],[-78.983558,43.17741900000001],[-78.983525,43.17742199999999],[-78.98343,43.177434000000005],[-78.983398,43.177438],[-78.981573,43.177676000000005],[-78.97610000000002,43.178394],[-78.97427600000002,43.178632999999984],[-78.973337,43.17881599999999],[-78.968574,43.179469],[-78.96214,43.18008],[-78.947707,43.181895000000004],[-78.945673,43.182073],[-78.94044500000001,43.182531000000004],[-78.934998,43.18516300000001],[-78.93047300000002,43.186953999999986],[-78.930244,43.186979],[-78.930163,43.18699999999999],[-78.930186,43.184822],[-78.93021,43.18450199999999],[-78.930219,43.184073000000005],[-78.930221,43.183987999999985],[-78.930216,43.183797],[-78.930199,43.18296399999999],[-78.9302,43.182503999999994],[-78.930203,43.181765999999996],[-78.93015,43.17969699999998],[-78.930196,43.176417],[-78.929859,43.17642200000001],[-78.919239,43.176373],[-78.915062,43.176354999999994],[-78.915003,43.175042999999995],[-78.914828,43.17110799999998],[-78.91477,43.16979700000001],[-78.914754,43.166732],[-78.914706,43.15753699999999],[-78.914691,43.154472999999996],[-78.914696,43.152252],[-78.914715,43.145590000000006],[-78.914721,43.14337],[-78.91555,43.143367],[-78.91623,43.143368],[-78.918039,43.143322],[-78.91886900000002,43.143302000000006],[-78.919841,43.143285],[-78.92038,43.14327399999999],[-78.92312,43.14322299999999],[-78.924231,43.14319799999999],[-78.924913,43.143186],[-78.926425,43.14316],[-78.927199,43.143149],[-78.928426,43.14313299999999],[-78.929163,43.14310499999999],[-78.92952,43.14306799999999],[-78.92969700000002,43.14305],[-78.930286,43.14295],[-78.930968,43.14295299999999],[-78.933013,43.142963999999985],[-78.933079,43.142965],[-78.933355,43.142967000000006],[-78.933696,43.142968],[-78.942268,43.142834999999984],[-78.942341,43.143454999999996],[-78.947328,43.143454999999996],[-78.96444,43.143458],[-78.965186,43.143458],[-78.965285,43.14345899999999],[-78.971271,43.143461],[-78.971581,43.14381499999999],[-78.972511,43.14487999999999],[-78.972822,43.145235],[-78.972846,43.14526300000001],[-78.973058,43.145526000000004],[-78.97325,43.14580099999999],[-78.973537,43.146300999999994],[-78.973709,43.146612999999995],[-78.976091,43.15093199999999],[-78.97688600000001,43.152372],[-78.97743900000002,43.153498],[-78.977582,43.153789],[-78.978873,43.156468],[-78.979078,43.156886000000014],[-78.979223,43.157179],[-78.979653,43.158002],[-78.979692,43.15807199999998],[-78.979944,43.158473],[-78.980179,43.15884799999999],[-78.980811,43.15989399999999],[-78.981098,43.16036899999999],[-78.981192,43.16052499999999],[-78.98122,43.160571],[-78.981476,43.160996000000004],[-78.981571,43.161153],[-78.981614,43.161224000000004],[-78.981712,43.161386],[-78.981957,43.161789],[-78.982136,43.162085000000005],[-78.982277,43.162319],[-78.983596,43.162188],[-78.987554,43.16179799999999],[-78.988874,43.161669],[-78.990105,43.161525],[-78.993801,43.161097],[-78.995033,43.160954],[-78.995481,43.16092399999999],[-78.995517,43.16128899999998],[-78.997018,43.168125999999994],[-78.997329,43.169539999999984],[-78.997321,43.16958399999999],[-78.997352,43.169788],[-78.997361,43.169827000000005],[-78.997575,43.17067699999999],[-78.997647,43.170961],[-78.99771300000002,43.171229000000004],[-78.997912,43.172035],[-78.997945,43.172169000000004],[-78.997974,43.172241],[-78.998008,43.172292999999996],[-78.998084,43.172845],[-78.998535,43.175031999999995],[-78.998575,43.17529699999999],[-78.998609,43.17551799999999]]]},"properties":{"geoid":"36063940001","name":"9400.01","namelsad":"Census Tract 9400.01","aland_acres":5813.086010473316,"site_count":3,"cont_acres":0,"coverage_pct":0,"sites_per_sqmi":0.33}},{"type":"Feature","geometry":{"type":"Polygon","coordinates":[[[-79.05579,43.23909400000001],[-79.054679,43.24875899999999],[-79.055668,43.253427000000016],[-79.051493,43.25415799999998],[-79.051256,43.254223],[-79.050548,43.254422000000005],[-79.050312,43.254488],[-79.04988,43.254583000000004],[-79.049669,43.254616999999996],[-79.048356,43.254833000000005],[-79.047905,43.254923],[-79.047737,43.254971999999995],[-79.047549,43.255043],[-79.047379,43.255141],[-79.047174,43.25530199999999],[-79.047121,43.25535899999999],[-79.0471,43.255383],[-79.046986,43.25554899999999],[-79.046968,43.255576999999995],[-79.046951,43.255618],[-79.046926,43.25567600000001],[-79.046879,43.25588299999999],[-79.046873,43.255932],[-79.046862,43.25605],[-79.046855,43.25690899999999],[-79.046854,43.25707899999998],[-79.046854,43.257235],[-79.046855,43.258582],[-79.046861,43.26262499999999],[-79.046862,43.263012],[-79.046846,43.26322399999999],[-79.046816,43.263426],[-79.046799,43.263507999999995],[-79.046731,43.26374700000001],[-79.046644,43.263941],[-79.046613,43.26400099999999],[-79.046586,43.264055000000006],[-79.046502,43.264174000000004],[-79.046463,43.26423],[-79.046429,43.264279],[-79.046397,43.264318],[-79.04623,43.26452999999999],[-79.046187,43.264574999999994],[-79.046113,43.26465699999999],[-79.046076,43.26469699999999],[-79.046029,43.264749],[-79.04596,43.264812],[-79.045921,43.264849],[-79.044624,43.26473499999998],[-79.042428,43.264544],[-79.04115,43.264423],[-79.040733,43.26440099999999],[-79.039433,43.264334999999996],[-79.039408,43.264333999999984],[-79.039336,43.264331000000006],[-79.039312,43.264330000000015],[-79.038348,43.264274],[-79.03804,43.26424699999999],[-79.037631,43.264213],[-79.037074,43.264134999999996],[-79.036626,43.26405599999999],[-79.036053,43.26391100000001],[-79.035494,43.26374099999999],[-79.035113,43.26359899999999],[-79.034369,43.26326799999999],[-79.034024,43.26307599999999],[-79.033733,43.262895],[-79.033295,43.262585],[-79.033215,43.262527999999996],[-79.032715,43.262113],[-79.03267800000002,43.262074000000005],[-79.032355,43.26173],[-79.032048,43.261340999999994],[-79.03190400000001,43.26112299999999],[-79.031626,43.260652],[-79.031496,43.26036599999999],[-79.031388,43.26007400000001],[-79.031372,43.260031],[-79.031154,43.259309],[-79.031106,43.259002],[-79.030963,43.258082],[-79.030916,43.257776],[-79.03079,43.256973],[-79.03062,43.255889],[-79.030499,43.25489699999999],[-79.03047300000001,43.254559999999984],[-79.030449,43.254248],[-79.03042,43.253750000000004],[-79.0304,43.25349500000001],[-79.030399,43.25347999999999],[-79.03039,43.253122],[-79.03038300000001,43.252776999999995],[-79.03038300000001,43.25272999999999],[-79.03038300000001,43.252475],[-79.030384,43.252100999999996],[-79.030396,43.25171199999999],[-79.030414,43.251138999999995],[-79.030506,43.250011],[-79.030566,43.24951899999999],[-79.030577,43.249432],[-79.030681,43.24867700000001],[-79.031056,43.245809],[-79.031164,43.245233000000006],[-79.031272,43.244226],[-79.03138000000001,43.24286],[-79.031391,43.241705],[-79.031388,43.24122599999999],[-79.031383,43.24094199999998],[-79.031345,43.23972799999999],[-79.031277,43.238805],[-79.031176,43.237865],[-79.0309,43.23601099999999],[-79.030055,43.231266],[-79.029676,43.229188],[-79.029558,43.228407],[-79.029494,43.22790700000001],[-79.029438,43.227470000000004],[-79.029353,43.22653699999999],[-79.029301,43.225593999999994],[-79.029282,43.223779],[-79.029318,43.222829],[-79.029583,43.219049],[-79.029603,43.218785],[-79.029745,43.218782999999995],[-79.030258,43.218779],[-79.033883,43.218723999999995],[-79.044761,43.218563],[-79.048387,43.21850999999999],[-79.048569,43.218497],[-79.049118,43.21846099999999],[-79.049301,43.218450000000004],[-79.05438,43.218468],[-79.05304600000001,43.22346],[-79.054418,43.23127699999999],[-79.05538800000001,43.236754],[-79.055528,43.237601],[-79.05579,43.23909400000001]]]},"properties":{"geoid":"36063024501","name":"245.01","namelsad":"Census Tract 245.01","aland_acres":1979.8384227163012,"site_count":1,"cont_acres":2.61,"coverage_pct":0.13,"sites_per_sqmi":0.32}},{"type":"Feature","geometry":{"type":"Polygon","coordinates":[[[-79.075855,43.270168000000005],[-79.064103,43.272428],[-79.028849,43.279209],[-79.017098,43.281470000000006],[-79.01424,43.282019],[-79.005668,43.283667],[-79.002811,43.284216999999984],[-78.999751,43.284805999999996],[-78.993999,43.28560299999999],[-78.967485,43.289282],[-78.958648,43.290508999999986],[-78.958006,43.290597999999996],[-78.957424,43.290731],[-78.953783,43.291568000000005],[-78.95257,43.29184699999999],[-78.942208,43.29422799999999],[-78.911124,43.30137299999999],[-78.900763,43.303754999999995],[-78.900775,43.30303000000001],[-78.900812,43.300857],[-78.900825,43.300133],[-78.900822,43.299887],[-78.900816,43.29915200000001],[-78.900815,43.29890699999999],[-78.900821,43.29575199999999],[-78.900843,43.286287],[-78.90085,43.283132],[-78.900872,43.27951699999999],[-78.900942,43.268674000000004],[-78.900966,43.26506],[-78.900981,43.264715],[-78.901026,43.26368399999999],[-78.901042,43.26333999999999],[-78.901035,43.26325899999999],[-78.901014,43.263018],[-78.901007,43.262938],[-78.900985,43.26275],[-78.900922,43.262189],[-78.900901,43.262001999999995],[-78.900938,43.25801800000001],[-78.900958,43.255925999999995],[-78.90105,43.246069000000006],[-78.901088,43.24208599999999],[-78.901083,43.241819],[-78.901068,43.241020999999996],[-78.901063,43.240755],[-78.901045,43.239755],[-78.900993,43.23675500000001],[-78.90097600000001,43.235756],[-78.900992,43.232655],[-78.900998,43.231582999999986],[-78.90118900000002,43.223354],[-78.901262,43.220255],[-78.903083,43.220232],[-78.90855,43.220164999999994],[-78.910372,43.22014299999999],[-78.91044,43.220139999999994],[-78.910644,43.220133999999995],[-78.910713,43.220132],[-78.912921,43.22012399999999],[-78.919545,43.220104000000006],[-78.921754,43.22009799999999],[-78.923498,43.220102],[-78.92873,43.220113999999995],[-78.930474,43.22011899999998],[-78.931743,43.219984999999994],[-78.935551,43.219586000000014],[-78.936821,43.219452999999994],[-78.937829,43.21943300000001],[-78.940855,43.21937399999999],[-78.941864,43.219355],[-78.94508400000001,43.21937299999999],[-78.954744,43.219427999999986],[-78.957964,43.219446999999995],[-78.959319,43.21944499999999],[-78.963387,43.219441999999994],[-78.964743,43.219440999999996],[-78.964967,43.21944299999999],[-78.96564,43.219452],[-78.965865,43.219454999999996],[-78.970585,43.219514],[-78.984745,43.21969399999999],[-78.985478,43.21970399999999],[-78.987948,43.21973599999999],[-78.989466,43.21975499999999],[-78.993928,43.219792999999996],[-78.998635,43.219835],[-78.999803,43.219847],[-79.00118100000002,43.21986],[-79.002559,43.219873],[-79.007313,43.219914],[-79.011776,43.219953000000004],[-79.012966,43.219970999999994],[-79.016536,43.22002699999999],[-79.017726,43.220046],[-79.017773,43.220047],[-79.017917,43.22005299999999],[-79.017965,43.220054999999995],[-79.019271,43.22003400000001],[-79.023191,43.219975000000005],[-79.024498,43.219955000000006],[-79.024955,43.219982],[-79.026325,43.220064999999984],[-79.026783,43.220093],[-79.027224,43.22009],[-79.028547,43.220085],[-79.028658,43.220085000000005],[-79.028646,43.219754],[-79.028652,43.219242],[-79.028658,43.218793999999995],[-79.029603,43.218785],[-79.029583,43.219049],[-79.029318,43.222829],[-79.029282,43.223779],[-79.029301,43.225593999999994],[-79.029353,43.22653699999999],[-79.029438,43.227470000000004],[-79.029494,43.22790700000001],[-79.029558,43.228407],[-79.029676,43.229188],[-79.030055,43.231266],[-79.0309,43.23601099999999],[-79.031176,43.237865],[-79.031277,43.238805],[-79.031345,43.23972799999999],[-79.031383,43.24094199999998],[-79.031388,43.24122599999999],[-79.031391,43.241705],[-79.03138000000001,43.24286],[-79.031272,43.244226],[-79.031164,43.245233000000006],[-79.031056,43.245809],[-79.030681,43.24867700000001],[-79.030577,43.249432],[-79.030566,43.24951899999999],[-79.030506,43.250011],[-79.030414,43.251138999999995],[-79.030396,43.25171199999999],[-79.030384,43.252100999999996],[-79.03038300000001,43.252475],[-79.03038300000001,43.25272999999999],[-79.03038300000001,43.252776999999995],[-79.03039,43.253122],[-79.030399,43.25347999999999],[-79.0304,43.25349500000001],[-79.03042,43.253750000000004],[-79.030449,43.254248],[-79.03047300000001,43.254559999999984],[-79.030499,43.25489699999999],[-79.03062,43.255889],[-79.03079,43.256973],[-79.030916,43.257776],[-79.030963,43.258082],[-79.031106,43.259002],[-79.031154,43.259309],[-79.031372,43.260031],[-79.031388,43.26007400000001],[-79.031496,43.26036599999999],[-79.031626,43.260652],[-79.03190400000001,43.26112299999999],[-79.032048,43.261340999999994],[-79.032355,43.26173],[-79.03267800000002,43.262074000000005],[-79.032715,43.262113],[-79.033215,43.262527999999996],[-79.033295,43.262585],[-79.033733,43.262895],[-79.034024,43.26307599999999],[-79.034369,43.26326799999999],[-79.035113,43.26359899999999],[-79.035494,43.26374099999999],[-79.036053,43.26391100000001],[-79.036626,43.26405599999999],[-79.037074,43.264134999999996],[-79.037631,43.264213],[-79.03804,43.26424699999999],[-79.038348,43.264274],[-79.039312,43.264330000000015],[-79.039336,43.264331000000006],[-79.039408,43.264333999999984],[-79.039433,43.264334999999996],[-79.040733,43.26440099999999],[-79.04115,43.264423],[-79.042428,43.264544],[-79.044624,43.26473499999998],[-79.045921,43.264849],[-79.04596,43.264812],[-79.046029,43.264749],[-79.046076,43.26469699999999],[-79.046113,43.26465699999999],[-79.046187,43.264574999999994],[-79.04623,43.26452999999999],[-79.046397,43.264318],[-79.046429,43.264279],[-79.046463,43.26423],[-79.046502,43.264174000000004],[-79.046586,43.264055000000006],[-79.046613,43.26400099999999],[-79.046644,43.263941],[-79.046731,43.26374700000001],[-79.046799,43.263507999999995],[-79.046816,43.263426],[-79.046846,43.26322399999999],[-79.046862,43.263012],[-79.046861,43.26262499999999],[-79.046855,43.258582],[-79.046854,43.257235],[-79.046854,43.25707899999998],[-79.046855,43.25690899999999],[-79.046862,43.25605],[-79.046873,43.255932],[-79.046879,43.25588299999999],[-79.046926,43.25567600000001],[-79.046951,43.255618],[-79.046968,43.255576999999995],[-79.046986,43.25554899999999],[-79.0471,43.255383],[-79.047121,43.25535899999999],[-79.047174,43.25530199999999],[-79.047379,43.255141],[-79.047549,43.255043],[-79.047737,43.254971999999995],[-79.047905,43.254923],[-79.048356,43.254833000000005],[-79.049669,43.254616999999996],[-79.04988,43.254583000000004],[-79.050312,43.254488],[-79.050548,43.254422000000005],[-79.051256,43.254223],[-79.051493,43.25415799999998],[-79.055668,43.253427000000016],[-79.055834,43.25419999999998],[-79.055932,43.254674],[-79.070452,43.262455],[-79.071532,43.263997],[-79.074774,43.26862499999999],[-79.075855,43.270168000000005]]]},"properties":{"geoid":"36063024502","name":"245.02","namelsad":"Census Tract 245.02","aland_acres":19175.47078522191,"site_count":14,"cont_acres":9903.6,"coverage_pct":51.65,"sites_per_sqmi":0.47}},{"type":"Feature","geometry":{"type":"Polygon","coordinates":[[[-78.865942,43.06815499999999],[-78.86225,43.068136],[-78.851174,43.068082],[-78.847482,43.068064],[-78.847388,43.068058],[-78.847107,43.068039999999996],[-78.847014,43.06803399999999],[-78.846869,43.067948],[-78.846742,43.06786399999999],[-78.84647600000001,43.067688],[-78.846091,43.067433],[-78.845884,43.067281],[-78.845654,43.067077],[-78.845408,43.066749],[-78.845209,43.066458000000004],[-78.845143,43.066345999999996],[-78.844987,43.06608],[-78.84486,43.065774999999995],[-78.844761,43.06558199999999],[-78.844554,43.06517399999999],[-78.844451,43.065012999999986],[-78.844335,43.064830999999984],[-78.844312,43.06479499999999],[-78.84429,43.06476800000001],[-78.844145,43.064591],[-78.844097,43.06453199999999],[-78.843718,43.064121],[-78.843127,43.063527],[-78.843074,43.063474],[-78.842895,43.063309999999994],[-78.84252,43.062901999999994],[-78.841975,43.06234299999999],[-78.841507,43.061909],[-78.841491,43.061893],[-78.840753,43.06127299999999],[-78.84040400000002,43.06091399999999],[-78.839819,43.06034600000001],[-78.839744,43.060263],[-78.83958300000002,43.060127],[-78.839118,43.05982600000001],[-78.838609,43.05951600000001],[-78.838454,43.05945899999999],[-78.838368,43.059445],[-78.838149,43.059474],[-78.837564,43.05946699999999],[-78.837394,43.05946099999999],[-78.837265,43.05944100000001],[-78.837153,43.059402],[-78.836953,43.059276999999994],[-78.83680900000002,43.05916299999999],[-78.836625,43.058947999999994],[-78.836204,43.05876299999999],[-78.835652,43.058567999999994],[-78.835353,43.058485999999995],[-78.83509,43.058480999999986],[-78.834737,43.058476],[-78.834476,43.058440000000004],[-78.834303,43.05843],[-78.834195,43.058424],[-78.83404300000001,43.058399],[-78.834019,43.05837199999999],[-78.833957,43.058189],[-78.833925,43.058154],[-78.833539,43.05798099999999],[-78.833401,43.05792000000001],[-78.833008,43.057702],[-78.832137,43.057193999999996],[-78.831801,43.05708299999999],[-78.831673,43.05704599999999],[-78.831594,43.057024000000006],[-78.831471,43.05696100000001],[-78.831381,43.056877],[-78.83126700000001,43.056737],[-78.831226,43.05665599999999],[-78.831197,43.056577999999995],[-78.831029,43.05618400000001],[-78.830904,43.055822],[-78.830784,43.055529],[-78.830743,43.055332],[-78.830731,43.05503899999999],[-78.830739,43.05465999999999],[-78.8308,43.054442],[-78.83087800000001,43.054062999999985],[-78.830972,43.053442],[-78.831025,43.053103],[-78.831029,43.052869999999984],[-78.83105400000001,43.05272599999999],[-78.831071,43.05264],[-78.831133,43.05233199999999],[-78.831187,43.05206899999999],[-78.831232,43.051775],[-78.831225,43.051400999999984],[-78.831225,43.05135900000001],[-78.831195,43.05108999999999],[-78.831189,43.051041999999995],[-78.83117300000002,43.05089999999999],[-78.831168,43.05085299999999],[-78.831186,43.050731000000006],[-78.831241,43.050366999999994],[-78.83126,43.050245999999994],[-78.831612,43.049795],[-78.831965,43.04928999999999],[-78.832237,43.048700000000004],[-78.832332,43.048007],[-78.832119,43.046946999999996],[-78.831833,43.046161],[-78.831385,43.04535800000001],[-78.831474,43.045355999999984],[-78.831742,43.04535400000001],[-78.831832,43.045353999999996],[-78.831879,43.045359999999995],[-78.832022,43.045379000000004],[-78.83207,43.04538599999999],[-78.832181,43.045359999999995],[-78.836618,43.045346],[-78.840549,43.04533499999999],[-78.844706,43.045317999999995],[-78.846676,43.045319],[-78.847022,43.04534699999999],[-78.847636,43.045491],[-78.847766,43.045504],[-78.850253,43.045496],[-78.854805,43.04548299999999],[-78.854867,43.04548199999999],[-78.85492300000001,43.04548199999999],[-78.855056,43.04548],[-78.855119,43.04547999999998],[-78.855273,43.045478],[-78.855736,43.04547600000001],[-78.855891,43.045476],[-78.856412,43.045473000000015],[-78.857975,43.04546499999999],[-78.858273,43.045463999999996],[-78.858497,43.045463999999996],[-78.857597,43.046488000000004],[-78.856986,43.047145],[-78.856964,43.047169999999994],[-78.856544,43.04758799999999],[-78.85635200000002,43.04778099999999],[-78.855342,43.04889],[-78.854768,43.04954399999999],[-78.85416,43.050212],[-78.853193,43.051295],[-78.852409,43.05214899999999],[-78.852011,43.052583999999996],[-78.850857,43.053792],[-78.850381,43.054289],[-78.850087,43.054598],[-78.849137,43.055647],[-78.848994,43.055817999999995],[-78.848554,43.056347],[-78.848667,43.056417999999994],[-78.848916,43.056559],[-78.849017,43.056605999999995],[-78.849138,43.056663],[-78.849033,43.056778],[-78.848721,43.05712499999999],[-78.848617,43.05724099999999],[-78.848804,43.057329999999986],[-78.849366,43.057598999999996],[-78.849554,43.057689],[-78.850184,43.058],[-78.850199,43.05800800000001],[-78.850364,43.058127999999996],[-78.850534,43.058302],[-78.850669,43.05850899999999],[-78.850728,43.058686999999985],[-78.85075,43.05917099999999],[-78.850743,43.05989899999999],[-78.850738,43.06060300000001],[-78.850961,43.0606],[-78.851633,43.06059499999999],[-78.851858,43.060593],[-78.851857,43.060745999999995],[-78.851856,43.06120699999998],[-78.851856,43.06136099999999],[-78.852081,43.061325999999994],[-78.852471,43.061246999999995],[-78.852748,43.061178999999996],[-78.85297,43.061125],[-78.85297,43.06130100000001],[-78.852972,43.061828999999996],[-78.852973,43.06200599999999],[-78.852976,43.06226199999999],[-78.852979,43.062463],[-78.853089,43.062941999999985],[-78.853099,43.06302],[-78.853115,43.063143999999994],[-78.853118,43.063275999999995],[-78.853117,43.06342599999999],[-78.853116,43.06387599999999],[-78.853116,43.064026999999996],[-78.853115,43.064204],[-78.853113,43.064733999999994],[-78.853113,43.064912],[-78.853758,43.064916],[-78.854006,43.064918],[-78.855696,43.064904999999996],[-78.856342,43.064901],[-78.857017,43.064907999999996],[-78.857301,43.064906999999984],[-78.860178,43.0649],[-78.861138,43.06489799999999],[-78.861627,43.06489800000001],[-78.861686,43.064898],[-78.861882,43.064890999999996],[-78.862094,43.064862999999995],[-78.863073,43.06465099999999],[-78.863552,43.064548],[-78.864013,43.06443999999999],[-78.864474,43.06433299999999],[-78.8654,43.064125999999995],[-78.86562000000002,43.06407800000001],[-78.865865,43.064034],[-78.865876,43.064617],[-78.865912,43.066369],[-78.865924,43.06695299999999],[-78.86592700000001,43.067192999999996],[-78.865938,43.067914],[-78.865939,43.067969000000005],[-78.865942,43.06813300000002],[-78.865942,43.06815499999999]]]},"properties":{"geoid":"36063022804","name":"228.04","namelsad":"Census Tract 228.04","aland_acres":928.7533334519438,"site_count":2,"cont_acres":30.63,"coverage_pct":3.3,"sites_per_sqmi":1.38}},{"type":"Feature","geometry":{"type":"Polygon","coordinates":[[[-78.713826,43.151159],[-78.713315,43.151734999999995],[-78.711781,43.15346499999999],[-78.711271,43.15404199999999],[-78.71111,43.154223],[-78.711053,43.154289],[-78.710629,43.15477],[-78.710469,43.15495299999999],[-78.708726,43.156883],[-78.706388,43.159474],[-78.705546,43.16040600000001],[-78.704745,43.161296],[-78.703357,43.162533999999994],[-78.701417,43.16426599999999],[-78.70128,43.164373],[-78.701216,43.164422],[-78.700868,43.16469499999999],[-78.700787,43.16475899999999],[-78.700649,43.16475700000001],[-78.70044,43.164758],[-78.699813,43.164761999999996],[-78.699605,43.164764],[-78.699323,43.164759],[-78.69848,43.16474399999999],[-78.698199,43.16473899999999],[-78.696853,43.16473899999999],[-78.695541,43.16471099999998],[-78.694447,43.16468999999999],[-78.694362,43.16468900000001],[-78.69353,43.164673],[-78.692578,43.164657],[-78.691716,43.164643999999996],[-78.690573,43.164619],[-78.690332,43.16461299999999],[-78.689612,43.16459799999999],[-78.689372,43.164592999999996],[-78.689336,43.164592],[-78.689228,43.16459],[-78.689193,43.16458999999999],[-78.688889,43.164581999999996],[-78.687977,43.16456099999999],[-78.687674,43.164554999999986],[-78.687495,43.164548999999994],[-78.68696,43.16453299999999],[-78.686782,43.164528000000004],[-78.68659,43.164522999999996],[-78.686014,43.164508],[-78.685823,43.164503],[-78.684984,43.164477],[-78.68247,43.16440099999999],[-78.681632,43.16437599999999],[-78.681429,43.164367],[-78.680824,43.16434199999999],[-78.680622,43.164334],[-78.680614,43.16413399999999],[-78.680593,43.163536],[-78.680587,43.163337],[-78.680579,43.16316],[-78.680555,43.16262900000001],[-78.680547,43.162451999999995],[-78.680539,43.16228199999998],[-78.680515,43.161772000000006],[-78.680508,43.161603],[-78.680498,43.161386],[-78.680473,43.160873],[-78.680442,43.160223999999985],[-78.680439,43.16019299999999],[-78.680439,43.160152999999994],[-78.68041,43.159521],[-78.680378,43.15883099999999],[-78.680371,43.15869200000001],[-78.68035,43.158276],[-78.680343,43.15813800000001],[-78.680337,43.157997999999985],[-78.68032,43.157581],[-78.680315,43.157442],[-78.680307,43.15727599999999],[-78.68028600000001,43.156780999999995],[-78.68028,43.156616],[-78.680266,43.156223],[-78.680257,43.15605],[-78.68021,43.155103],[-78.680176,43.154354999999995],[-78.680151,43.15379],[-78.68014,43.15355699999999],[-78.68011000000001,43.15286],[-78.6801,43.15262800000001],[-78.680097,43.15258099999999],[-78.680091,43.15243999999999],[-78.680089,43.15239399999999],[-78.680081,43.15222899999999],[-78.680059,43.15173499999999],[-78.680052,43.15157099999999],[-78.680039,43.151283],[-78.680033,43.15116799999999],[-78.67999,43.15016899999999],[-78.67998,43.149961999999995],[-78.679968,43.14970499999999],[-78.67996,43.149561],[-78.681413,43.149606],[-78.68314400000001,43.14966],[-78.683289,43.150859],[-78.684711,43.15085899999999],[-78.686165,43.150859],[-78.686166,43.15079399999999],[-78.686169,43.150599],[-78.68617000000002,43.150534],[-78.688307,43.150574999999996],[-78.694719,43.150698000000006],[-78.696857,43.150739],[-78.696858,43.150829],[-78.696864,43.151101],[-78.696866,43.151192],[-78.698268,43.151171999999995],[-78.700842,43.15113699999999],[-78.701888,43.151121],[-78.702476,43.15111100000001],[-78.702844,43.151106000000006],[-78.70349,43.15109399999999],[-78.703491,43.15118899999999],[-78.70335,43.151188999999995],[-78.70337,43.15179199999999],[-78.703841,43.151812],[-78.705161,43.151771999999994],[-78.709444,43.151792999999984],[-78.709445,43.151139999999984],[-78.709936,43.151143999999995],[-78.711451,43.151159],[-78.711547,43.151156],[-78.711835,43.15114699999999],[-78.711932,43.151144999999985],[-78.71227,43.151146999999995],[-78.713285,43.15115599999999],[-78.713624,43.151159],[-78.713664,43.151159],[-78.713785,43.15115900000001],[-78.713826,43.151159]]]},"properties":{"geoid":"36063023901","name":"239.01","namelsad":"Census Tract 239.01","aland_acres":835.5908883340549,"site_count":0,"cont_acres":0,"coverage_pct":0,"sites_per_sqmi":0}},{"type":"Feature","geometry":{"type":"Polygon","coordinates":[[[-78.680622,43.164334],[-78.680373,43.16432300000001],[-78.679628,43.164292999999994],[-78.67938,43.164283],[-78.679084,43.16427099999999],[-78.678199,43.16423499999999],[-78.677904,43.16422399999999],[-78.67792,43.164764],[-78.677921,43.165049999999994],[-78.677932,43.16689499999999],[-78.67794200000002,43.167531],[-78.677955,43.168358000000005],[-78.678046,43.168361],[-78.678319,43.168369999999996],[-78.67841,43.168373999999986],[-78.678414,43.168641],[-78.678428,43.169441],[-78.678433,43.16970899999999],[-78.678437,43.170157],[-78.678452,43.171502],[-78.678457,43.17195099999999],[-78.67845800000002,43.172132],[-78.678461,43.17267499999999],[-78.678463,43.172856999999986],[-78.678464,43.17304799999999],[-78.67847,43.17354999999999],[-78.678477,43.173623],[-78.678498,43.173814],[-78.678187,43.173907],[-78.677256,43.17418799999999],[-78.676946,43.174282000000005],[-78.676656,43.174369],[-78.675787,43.174629999999986],[-78.675498,43.174718],[-78.675347,43.174763],[-78.674897,43.174899999999994],[-78.674856,43.174913],[-78.674749,43.174952],[-78.674494,43.17504799999999],[-78.674229,43.17514899999998],[-78.673731,43.17534399999999],[-78.673478,43.175443999999985],[-78.672336,43.175885],[-78.671072,43.176373],[-78.670025,43.176787999999995],[-78.669923,43.176829],[-78.669841,43.176861],[-78.669598,43.17695799999999],[-78.669517,43.176990999999994],[-78.669385,43.17704299999998],[-78.66899,43.17719999999999],[-78.668859,43.17725300000001],[-78.668712,43.17731099999999],[-78.668271,43.17748499999998],[-78.668124,43.177543],[-78.66802,43.177583],[-78.66771,43.177704999999996],[-78.667607,43.177746],[-78.666897,43.178025999999996],[-78.665773,43.178470999999995],[-78.66477000000002,43.178870999999994],[-78.664062,43.17915399999999],[-78.663745,43.179277000000006],[-78.663359,43.179427999999994],[-78.662796,43.179646999999996],[-78.662644,43.179707],[-78.662481,43.179773000000004],[-78.662459,43.179519],[-78.662394,43.178757],[-78.662373,43.17850299999999],[-78.662388,43.178107],[-78.662411,43.17747299999999],[-78.662447,43.176548000000004],[-78.662529,43.174385],[-78.662569,43.173356],[-78.662555,43.17237599999999],[-78.662592,43.171788],[-78.662865,43.167475],[-78.662873,43.167089999999995],[-78.66291,43.165522],[-78.66290900000001,43.165502999999994],[-78.662906,43.165446],[-78.662906,43.16542799999999],[-78.662915,43.165045],[-78.662941,43.163896],[-78.662951,43.16351399999999],[-78.662957,43.16271599999999],[-78.662974,43.160322],[-78.662981,43.159524999999995],[-78.663032,43.159448999999995],[-78.663056,43.15938299999999],[-78.663072,43.15902],[-78.663071,43.158979],[-78.663071,43.158638],[-78.663071,43.158302],[-78.663078,43.157807999999996],[-78.663059,43.157633],[-78.663053,43.15728199999998],[-78.663045,43.15671699999999],[-78.663045,43.15670300000001],[-78.663045,43.15666300000001],[-78.663045,43.156650000000006],[-78.663045,43.156638],[-78.663045,43.15660299999998],[-78.663045,43.156591999999996],[-78.663051,43.155874999999995],[-78.663068,43.15372599999999],[-78.663075,43.153009999999995],[-78.664287,43.153065000000005],[-78.664961,43.15308099999999],[-78.665539,43.15311899999999],[-78.66587,43.153140999999984],[-78.667578,43.153218],[-78.667631,43.15322],[-78.667792,43.153226999999994],[-78.667846,43.15322999999999],[-78.669193,43.153296],[-78.669225,43.153298],[-78.669978,43.15332899999999],[-78.672178,43.153427],[-78.673211,43.153469],[-78.673237,43.15347],[-78.674585,43.15353799999999],[-78.674627,43.153539],[-78.674754,43.153544999999994],[-78.674797,43.153546999999996],[-78.675335,43.153566999999995],[-78.675465,43.15357399999999],[-78.6764,43.153625000000005],[-78.677472,43.153674],[-78.678141,43.153704999999995],[-78.678179,43.15370699999999],[-78.678293,43.153713],[-78.678332,43.153715],[-78.678695,43.15372899999999],[-78.679787,43.153773999999984],[-78.680151,43.15379],[-78.680176,43.154354999999995],[-78.68021,43.155103],[-78.680257,43.15605],[-78.680266,43.156223],[-78.68028,43.156616],[-78.68028600000001,43.156780999999995],[-78.680307,43.15727599999999],[-78.680315,43.157442],[-78.68032,43.157581],[-78.680337,43.157997999999985],[-78.680343,43.15813800000001],[-78.68035,43.158276],[-78.680371,43.15869200000001],[-78.680378,43.15883099999999],[-78.68041,43.159521],[-78.680439,43.160152999999994],[-78.680439,43.16019299999999],[-78.680442,43.160223999999985],[-78.680473,43.160873],[-78.680498,43.161386],[-78.680508,43.161603],[-78.680515,43.161772000000006],[-78.680539,43.16228199999998],[-78.680547,43.162451999999995],[-78.680555,43.16262900000001],[-78.680579,43.16316],[-78.680587,43.163337],[-78.680593,43.163536],[-78.680614,43.16413399999999],[-78.680622,43.164334]]]},"properties":{"geoid":"36063023902","name":"239.02","namelsad":"Census Tract 239.02","aland_acres":853.0231863945739,"site_count":0,"cont_acres":0,"coverage_pct":0,"sites_per_sqmi":0}},{"type":"Feature","geometry":{"type":"Polygon","coordinates":[[[-78.636639,43.21932999999999],[-78.636631,43.219733999999995],[-78.636581,43.222272],[-78.63656500000002,43.223119],[-78.636563,43.22356599999999],[-78.636561,43.22490699999999],[-78.63656,43.225354999999986],[-78.636561,43.22835100000001],[-78.636564,43.237340999999994],[-78.63656500000002,43.240338],[-78.636552,43.24107899999999],[-78.636517,43.24330299999998],[-78.636505,43.244045],[-78.636498,43.245191999999996],[-78.636494,43.24596499999999],[-78.63649,43.246643999999996],[-78.636486,43.247322],[-78.636478,43.24863299999999],[-78.636472,43.249781000000006],[-78.636315,43.25112599999999],[-78.636108,43.252903999999994],[-78.635611,43.257163999999996],[-78.635017,43.262273],[-78.634949,43.262856000000006],[-78.634654,43.265397],[-78.634663,43.266407],[-78.634692,43.269436999999996],[-78.63470200000002,43.270447999999995],[-78.634696,43.271204000000004],[-78.634681,43.27347399999999],[-78.634676,43.27423099999999],[-78.634654,43.276734],[-78.63459,43.284243999999994],[-78.634569,43.286747999999996],[-78.634569,43.287132],[-78.634572,43.288284],[-78.63457300000002,43.288668],[-78.634669,43.292202],[-78.634958,43.30280599999999],[-78.635055,43.30634100000001],[-78.634576,43.306329999999996],[-78.633789,43.30631000000001],[-78.63353300000001,43.306304999999995],[-78.629223,43.306227],[-78.628968,43.306222999999996],[-78.627447,43.306205],[-78.625722,43.306195],[-78.624671,43.306188999999996],[-78.620547,43.306121999999995],[-78.618823,43.306094],[-78.617795,43.306064],[-78.614712,43.305974],[-78.613685,43.30594499999999],[-78.612669,43.305909],[-78.61226400000001,43.305898],[-78.609479,43.30582999999999],[-78.608001,43.30577400000001],[-78.606581,43.30572099999999],[-78.606146,43.30570899999999],[-78.60588,43.305702],[-78.604911,43.305702],[-78.604843,43.30569899999999],[-78.60441,43.305682],[-78.604182,43.305687000000006],[-78.603571,43.305676],[-78.60252,43.305638],[-78.600818,43.30559],[-78.599153,43.30553],[-78.598495,43.30551300000001],[-78.593272,43.30538299999999],[-78.592133,43.305364999999995],[-78.5894,43.30530699999999],[-78.585857,43.305206999999996],[-78.584321,43.305174],[-78.580749,43.30506599999999],[-78.576461,43.304936999999995],[-78.575764,43.30491500000001],[-78.574835,43.304888],[-78.573464,43.304873],[-78.573394,43.30487],[-78.570385,43.304781],[-78.569076,43.304729],[-78.568913,43.30472300000001],[-78.56781400000001,43.304690999999984],[-78.567637,43.304686],[-78.565887,43.304632999999995],[-78.564845,43.304601999999996],[-78.56064,43.304448],[-78.559819,43.304418000000005],[-78.558891,43.304384999999996],[-78.55794,43.304345999999995],[-78.557013,43.304308000000006],[-78.555087,43.304241],[-78.554136,43.304209],[-78.549847,43.304052999999996],[-78.549088,43.30402599999999],[-78.546517,43.303919],[-78.539079,43.303673],[-78.537376,43.303627999999996],[-78.536979,43.303618],[-78.533548,43.303541],[-78.532689,43.303508999999984],[-78.531253,43.303454999999985],[-78.530097,43.30341999999999],[-78.529971,43.303417],[-78.527419,43.303369],[-78.523968,43.30329799999999],[-78.522321,43.303260999999985],[-78.520654,43.30322499999999],[-78.519729,43.303219],[-78.517234,43.303199],[-78.516732,43.303200999999994],[-78.515844,43.303204999999984],[-78.51409,43.303191],[-78.513024,43.30319399999999],[-78.511568,43.303171],[-78.507741,43.303157999999996],[-78.504745,43.30314899999999],[-78.502532,43.303141999999994],[-78.496405,43.303122999999985],[-78.495893,43.303126],[-78.495295,43.303129999999996],[-78.493681,43.30312299999999],[-78.493109,43.303121],[-78.491395,43.30311799999999],[-78.490824,43.30311700000001],[-78.490498,43.303114],[-78.48952300000002,43.303105999999985],[-78.489198,43.30310399999999],[-78.487089,43.303067],[-78.486479,43.303056999999995],[-78.484603,43.303043],[-78.480762,43.30299600000001],[-78.479785,43.30298500000001],[-78.479045,43.302963],[-78.478654,43.30296100000001],[-78.476208,43.30292899999999],[-78.47237100000001,43.30287899999999],[-78.468873,43.302812],[-78.46811,43.302798],[-78.466429,43.30277499999999],[-78.466369,43.301703999999994],[-78.466357,43.30147899999999],[-78.466316,43.300753],[-78.466211,43.299191],[-78.466153,43.29849499999999],[-78.466066,43.29742699999999],[-78.46598,43.296233],[-78.465975,43.29617399999999],[-78.465799,43.29404699999999],[-78.465683,43.292417],[-78.465595,43.29116499999999],[-78.465588,43.29107300000001],[-78.465569,43.290842],[-78.465475,43.28995499999999],[-78.46547800000002,43.28978],[-78.464868,43.281562],[-78.464855,43.28139],[-78.464816,43.28087699999999],[-78.464804,43.28070599999999],[-78.464655,43.278823999999986],[-78.46421,43.27318],[-78.464142,43.27230800000001],[-78.464062,43.271299],[-78.464047,43.271126],[-78.464006,43.270607],[-78.463992,43.270434],[-78.463731,43.267228],[-78.463674,43.266527],[-78.463318,43.262005999999985],[-78.46326500000002,43.26116],[-78.463174,43.260113999999994],[-78.46299,43.257608999999995],[-78.462949,43.257048999999995],[-78.46279400000002,43.254844],[-78.462763,43.254402],[-78.462684,43.25343099999999],[-78.462627,43.25250099999999],[-78.462566,43.251498999999995],[-78.462522,43.251031999999995],[-78.462391,43.249013000000005],[-78.462218,43.24679999999999],[-78.462156,43.245991],[-78.462085,43.244899999999994],[-78.462034,43.244311999999994],[-78.462009,43.24400899999999],[-78.4619,43.242548],[-78.461859,43.241982],[-78.461858,43.24196100000001],[-78.461843,43.241704],[-78.46179900000001,43.24093299999999],[-78.461785,43.240676],[-78.461781,43.240611999999985],[-78.46177,43.240421000000005],[-78.461767,43.24035799999999],[-78.461765,43.240315],[-78.461658,43.238665999999995],[-78.461572,43.237339],[-78.461439,43.235097999999994],[-78.46139,43.233967],[-78.461363,43.233591],[-78.461245,43.231901],[-78.461243,43.231877],[-78.46124,43.231806000000006],[-78.461239,43.23178300000001],[-78.46119100000001,43.230779],[-78.461114,43.229147999999995],[-78.461016,43.227769],[-78.461013,43.22772299999999],[-78.460968,43.227299],[-78.460942,43.22676799999999],[-78.460836,43.224658000000005],[-78.460521,43.21833099999999],[-78.460416,43.216221999999995],[-78.461423,43.216213999999994],[-78.464447,43.216194],[-78.465455,43.216187],[-78.465581,43.216185],[-78.465962,43.216182999999994],[-78.46609000000001,43.216183],[-78.467503,43.21617299999998],[-78.471745,43.216146],[-78.473159,43.216136999999996],[-78.473096,43.217679],[-78.472929,43.221856],[-78.473379,43.22185599999999],[-78.474923,43.221859],[-78.475742,43.22185799999999],[-78.478201,43.221854999999984],[-78.479021,43.221854999999984],[-78.47962,43.221855],[-78.479659,43.221855999999995],[-78.479769,43.220099999999995],[-78.479807,43.219502],[-78.479825,43.21890099999999],[-78.480049,43.21707999999999],[-78.480091,43.21674900000001],[-78.480366,43.216734],[-78.481156,43.21672],[-78.483528,43.21668199999999],[-78.483774,43.216677999999995],[-78.48385200000001,43.21613899999999],[-78.483898,43.21614000000001],[-78.485102,43.216159],[-78.487222,43.216193000000004],[-78.488855,43.21621099999999],[-78.490107,43.21622599999999],[-78.491303,43.216223],[-78.493005,43.216233],[-78.49351,43.216236],[-78.495707,43.216234],[-78.496536,43.216243999999996],[-78.498844,43.21624099999999],[-78.499655,43.216235],[-78.501699,43.216233],[-78.501771,43.216233],[-78.503624,43.216249000000005],[-78.504598,43.216267],[-78.504713,43.21626500000001],[-78.50506,43.216260999999996],[-78.505176,43.21625999999999],[-78.506175,43.216253],[-78.506478,43.216255],[-78.507101,43.21625999999999],[-78.507873,43.21625599999999],[-78.509739,43.21628199999999],[-78.510386,43.216283],[-78.511689,43.216286],[-78.511812,43.21628599999999],[-78.512183,43.216287],[-78.51230700000002,43.216287999999984],[-78.51577500000002,43.21631399999999],[-78.516818,43.216317000000004],[-78.517919,43.216321],[-78.520427,43.21635599999999],[-78.52242,43.21640099999998],[-78.526086,43.216452],[-78.528291,43.216505999999995],[-78.529007,43.216515],[-78.53035,43.216545],[-78.53362,43.21662],[-78.534861,43.216638999999994],[-78.536866,43.21668699999999],[-78.537928,43.216713],[-78.54034,43.216762],[-78.542884,43.216827999999985],[-78.544149,43.216860999999994],[-78.54489,43.21689],[-78.545521,43.21689800000001],[-78.547414,43.21692399999999],[-78.548046,43.216933000000004],[-78.550171,43.21693200000001],[-78.556548,43.216932],[-78.558674,43.21693200000001],[-78.560266,43.216965],[-78.565045,43.21706499999999],[-78.565611,43.217076999999996],[-78.566638,43.21709299999999],[-78.56733700000001,43.217099],[-78.569436,43.21712],[-78.570136,43.217127],[-78.570811,43.21713299999998],[-78.572836,43.217152999999996],[-78.573512,43.21715999999999],[-78.574051,43.21716599999998],[-78.575669,43.21718500000001],[-78.576209,43.217192],[-78.580227,43.21723699999999],[-78.592281,43.21737199999999],[-78.5963,43.217417999999995],[-78.61036200000001,43.217637],[-78.619006,43.21777099999999],[-78.619555,43.217788],[-78.621202,43.217839],[-78.621752,43.217856999999995],[-78.622683,43.217928],[-78.625476,43.218143999999995],[-78.626407,43.21821599999999],[-78.628455,43.21835099999999],[-78.633334,43.218673],[-78.634599,43.21875499999999],[-78.636648,43.218889],[-78.636639,43.21932999999999]]]},"properties":{"geoid":"36063024101","name":"241.01","namelsad":"Census Tract 241.01","aland_acres":33431.448017918105,"site_count":1,"cont_acres":0,"coverage_pct":0,"sites_per_sqmi":0.02}},{"type":"Feature","geometry":{"type":"Polygon","coordinates":[[[-78.83613,43.31718399999999],[-78.83604,43.317872],[-78.83601,43.318102],[-78.835998,43.318194000000005],[-78.835939,43.318672],[-78.83573000000001,43.32038399999999],[-78.835661,43.32095499999999],[-78.826021,43.322097],[-78.82046,43.32275500000001],[-78.820359,43.31961],[-78.820362,43.319422],[-78.820404,43.31686499999999],[-78.820463,43.313332],[-78.820084,43.313332],[-78.817563,43.313334999999995],[-78.817563,43.312096999999994],[-78.817563,43.309541],[-78.817563,43.308745],[-78.819363,43.30865299999999],[-78.819563,43.308255],[-78.818262,43.30826],[-78.818262,43.308144000000006],[-78.818262,43.305178],[-78.821362,43.30529099999999],[-78.821361,43.306498999999995],[-78.822161,43.30640199999999],[-78.822241,43.30489399999999],[-78.822261,43.304512],[-78.82416100000002,43.304520999999994],[-78.82416,43.303015],[-78.82416,43.299268],[-78.82416,43.298555],[-78.824197,43.297712999999995],[-78.82427,43.29605399999999],[-78.825134,43.29600200000001],[-78.825975,43.295953],[-78.82597,43.295677],[-78.825969,43.29557599999999],[-78.825962,43.29444500000001],[-78.82596,43.29406799999998],[-78.82716,43.29406500000001],[-78.83076,43.294056999999995],[-78.831961,43.294055],[-78.82796,43.296955000000004],[-78.828119,43.304416],[-78.82813,43.304601000000005],[-78.830153,43.306031],[-78.830163,43.30624999999999],[-78.831459,43.307182999999995],[-78.831675,43.307658999999994],[-78.832323,43.30908699999999],[-78.83254,43.309563000000004],[-78.832811,43.310233999999994],[-78.832844,43.310316],[-78.833848,43.310373],[-78.833972,43.311444999999985],[-78.834056,43.312165],[-78.834052,43.312722],[-78.83404100000001,43.314289999999986],[-78.83404,43.314392999999995],[-78.834036,43.314949999999996],[-78.834035,43.315124],[-78.834033,43.315646],[-78.834033,43.31582099999999],[-78.834029,43.315896],[-78.834018,43.31612299999999],[-78.834015,43.316199],[-78.834188,43.316677],[-78.83421700000001,43.316755999999984],[-78.835654,43.316902999999996],[-78.836161,43.31695499999999],[-78.83613,43.31718399999999]]]},"properties":{"geoid":"36063024301","name":"243.01","namelsad":"Census Tract 243.01","aland_acres":520.3817482015668,"site_count":0,"cont_acres":0,"coverage_pct":0,"sites_per_sqmi":0}},{"type":"Feature","geometry":{"type":"Polygon","coordinates":[[[-78.491586,43.08581499999999],[-78.491409,43.09139799999999],[-78.491405,43.091543],[-78.489688,43.09156399999999],[-78.48279,43.091571],[-78.47605000000001,43.09157799999999],[-78.476018,43.09612199999999],[-78.46741,43.096138],[-78.467407,43.09533900000001],[-78.467394,43.09153],[-78.464306,43.09151399999998],[-78.464447,43.088748],[-78.464449,43.088703],[-78.464584,43.088649999999994],[-78.464775,43.088530999999996],[-78.465004,43.08832599999999],[-78.465172,43.08815399999999],[-78.465347,43.088038999999995],[-78.465462,43.088008999999985],[-78.465637,43.087985999999994],[-78.466049,43.08797800000001],[-78.466504,43.08805499999998],[-78.46688,43.088108],[-78.467288,43.08809200000001],[-78.46764800000001,43.087996],[-78.467819,43.087921],[-78.467918,43.08784099999999],[-78.46801,43.087723],[-78.468018,43.08765],[-78.46801,43.087528000000006],[-78.467964,43.087383],[-78.467812,43.087139],[-78.46772,43.087028999999994],[-78.467575,43.08694800000001],[-78.467369,43.086857],[-78.46630100000002,43.086417999999995],[-78.465408,43.086231],[-78.465271,43.086200999999996],[-78.46521,43.086166],[-78.465157,43.086127999999995],[-78.465126,43.086086],[-78.465133,43.086041],[-78.465157,43.085968],[-78.465218,43.08590299999999],[-78.465355,43.08578899999999],[-78.465492,43.085681999999984],[-78.465631,43.085590999999994],[-78.466014,43.085491000000005],[-78.466225,43.085413],[-78.466658,43.08516100000001],[-78.467492,43.08461899999999],[-78.468258,43.08409699999999],[-78.46846900000001,43.08394],[-78.468674,43.083706],[-78.468872,43.083405],[-78.469017,43.083273],[-78.469299,43.08306],[-78.46962,43.082855],[-78.469736,43.08279699999999],[-78.470589,43.082438999999994],[-78.470688,43.08238599999999],[-78.471504,43.081837],[-78.471886,43.081596],[-78.472038,43.08151999999999],[-78.472145,43.081497000000006],[-78.472282,43.081497],[-78.472382,43.08152799999999],[-78.472473,43.081589],[-78.472537,43.08165],[-78.472603,43.081740999999994],[-78.472633,43.081829],[-78.472633,43.081915],[-78.472628,43.08200800000001],[-78.4726,43.082159999999995],[-78.47229,43.082577],[-78.472256,43.08265900000001],[-78.472126,43.08311099999999],[-78.47197,43.083469],[-78.471794,43.08371699999999],[-78.471733,43.08379699999999],[-78.471712,43.08389599999999],[-78.471725,43.084025999999994],[-78.471809,43.084126000000005],[-78.471916,43.08420199999999],[-78.472038,43.08423199999999],[-78.472252,43.084251],[-78.472328,43.08423199999999],[-78.47249600000002,43.084151999999996],[-78.472572,43.08408],[-78.472651,43.083801],[-78.472717,43.083679],[-78.472839,43.083607],[-78.47303,43.083546],[-78.473409,43.083467999999996],[-78.473518,43.083426999999986],[-78.473679,43.083335999999996],[-78.473763,43.08323299999999],[-78.473858,43.08307299999999],[-78.473972,43.08287700000001],[-78.474068,43.08279],[-78.474167,43.08275999999999],[-78.474417,43.082734],[-78.474541,43.082752],[-78.47464,43.08278800000001],[-78.474686,43.08284399999999],[-78.474716,43.082935],[-78.474709,43.083057],[-78.474571,43.083366000000005],[-78.474457,43.083893],[-78.474342,43.08406099999999],[-78.474129,43.08427399999999],[-78.474083,43.084396],[-78.474091,43.084526000000004],[-78.474152,43.084648],[-78.47422,43.084702],[-78.474274,43.084727999999984],[-78.474373,43.084755],[-78.475105,43.084762999999995],[-78.47526600000002,43.084797],[-78.475357,43.08483900000001],[-78.47541,43.08489999999999],[-78.475471,43.085045],[-78.475456,43.085139999999996],[-78.475395,43.085257999999996],[-78.475235,43.08568199999999],[-78.475212,43.08579599999999],[-78.475196,43.08594099999999],[-78.47522700000002,43.08604799999999],[-78.475288,43.086124],[-78.47541,43.08623500000001],[-78.475525,43.086285],[-78.475647,43.08633],[-78.475838,43.086338000000005],[-78.476379,43.086285],[-78.476677,43.08624600000001],[-78.476799,43.08618899999999],[-78.476936,43.08606399999999],[-78.47702,43.085884],[-78.477043,43.08567000000001],[-78.47702,43.085601999999994],[-78.476959,43.085551999999986],[-78.476715,43.085410999999986],[-78.476639,43.085388],[-78.476601,43.085342],[-78.47654,43.085300000000004],[-78.476501,43.085205000000016],[-78.476532,43.08498],[-78.476562,43.08493399999999],[-78.476608,43.084888],[-78.476692,43.084835],[-78.47693,43.084728999999996],[-78.477119,43.084723999999994],[-78.477745,43.084808],[-78.477888,43.084822],[-78.478027,43.084816],[-78.478165,43.084785000000004],[-78.47847,43.084689999999995],[-78.479019,43.084465],[-78.479309,43.084373],[-78.481117,43.08389999999999],[-78.481621,43.083778],[-78.481689,43.083777999999995],[-78.481735,43.08379699999999],[-78.481781,43.08383200000001],[-78.481842,43.083915999999995],[-78.481865,43.08404199999998],[-78.481853,43.084163999999994],[-78.481659,43.085159],[-78.48168600000001,43.08527999999999],[-78.481766,43.085345999999994],[-78.482597,43.08568999999999],[-78.482758,43.08576199999998],[-78.482819,43.085773],[-78.482887,43.085784999999994],[-78.483025,43.085772999999996],[-78.483231,43.085743],[-78.483352,43.085727000000006],[-78.483505,43.085753999999994],[-78.483627,43.08577699999999],[-78.483696,43.085795999999995],[-78.48458100000002,43.086129],[-78.484668,43.086163],[-78.484779,43.086174],[-78.484871,43.08615499999999],[-78.485247,43.08598499999999],[-78.4854,43.08590900000001],[-78.486259,43.085392],[-78.486351,43.085304],[-78.486557,43.08513599999999],[-78.486664,43.085013999999994],[-78.486755,43.08486200000001],[-78.486873,43.084658],[-78.48714400000001,43.08428999999999],[-78.487747,43.08359499999999],[-78.48838,43.08305699999999],[-78.488823,43.08276],[-78.488945,43.08271],[-78.489143,43.08268000000001],[-78.489311,43.082684],[-78.489588,43.082742999999994],[-78.489816,43.082826],[-78.489925,43.082875],[-78.490639,43.08338499999999],[-78.49109,43.08364199999999],[-78.49164600000002,43.083954999999996],[-78.491586,43.08581499999999]]]},"properties":{"geoid":"36063940100","name":"9401","namelsad":"Census Tract 9401","aland_acres":511.994002257555,"site_count":0,"cont_acres":0,"coverage_pct":0,"sites_per_sqmi":0}},{"type":"Feature","geometry":{"type":"Polygon","coordinates":[[[-78.892217,43.038031999999994],[-78.891666,43.03820799999999],[-78.889841,43.038802],[-78.88905,43.03906],[-78.888665,43.03918799999999],[-78.887512,43.03957299999999],[-78.887128,43.039701999999984],[-78.886844,43.03979199999999],[-78.885994,43.04006099999999],[-78.885711,43.040152],[-78.885658,43.040186],[-78.885502,43.040290000000006],[-78.88545,43.04032599999999],[-78.885397,43.040350999999994],[-78.885375,43.040361999999995],[-78.885241,43.040426],[-78.885189,43.04045099999998],[-78.885171,43.04042299999999],[-78.88512000000001,43.04034099999999],[-78.8851,43.040314999999985],[-78.884995,43.04040599999999],[-78.884683,43.04068],[-78.884579,43.040772],[-78.883563,43.041124],[-78.881301,43.041881],[-78.881742,43.04259],[-78.879738,43.043235],[-78.879236,43.043409000000004],[-78.879001,43.043478999999984],[-78.877186,43.043848],[-78.876866,43.04391199999999],[-78.876254,43.04405399999999],[-78.875163,43.044279],[-78.875106,43.04412199999999],[-78.874935,43.04365099999999],[-78.874878,43.04349400000001],[-78.874821,43.04334],[-78.87465,43.04288],[-78.874594,43.042727],[-78.874554,43.04262199999999],[-78.874437,43.042307],[-78.874398,43.04220299999999],[-78.874379,43.042154],[-78.874323,43.04201],[-78.874305,43.041961999999984],[-78.874248,43.041807],[-78.87408,43.041342],[-78.87402400000002,43.041186999999994],[-78.873991,43.041096],[-78.873892,43.040824],[-78.87386000000001,43.04073399999999],[-78.873784,43.04053],[-78.873557,43.039920999999985],[-78.873482,43.039718],[-78.873459,43.03965800000001],[-78.873393,43.03947899999999],[-78.873371,43.03941999999999],[-78.873344,43.039348999999994],[-78.873264,43.03913899999999],[-78.873238,43.039069],[-78.87320500000001,43.03897899999999],[-78.873106,43.03870900000001],[-78.873073,43.038619],[-78.872995,43.038406],[-78.872777,43.03782],[-78.872766,43.03778799999999],[-78.872745,43.037736],[-78.872471,43.037003],[-78.874254,43.03664599999999],[-78.875,43.03648599999999],[-78.876288,43.036227999999994],[-78.876458,43.036192],[-78.876971,43.03608800000001],[-78.87714200000002,43.036052999999995],[-78.877242,43.036030999999994],[-78.877546,43.03596700000001],[-78.877647,43.035946],[-78.878166,43.03583499999999],[-78.878209,43.035826],[-78.879729,43.035515],[-78.88025,43.035409],[-78.880421,43.035374999999995],[-78.880938,43.035275],[-78.88111,43.035242000000004],[-78.881866,43.03506500000001],[-78.882058,43.035018],[-78.882141,43.03500199999999],[-78.883054,43.034821],[-78.883169,43.034794],[-78.884042,43.03457300000001],[-78.884431,43.034482999999994],[-78.88560100000001,43.034214],[-78.885991,43.03412500000001],[-78.886144,43.034110000000005],[-78.886605,43.034068999999995],[-78.886759,43.034055999999985],[-78.887711,43.034662000000004],[-78.887749,43.034685999999994],[-78.887859,43.03475600000001],[-78.888759,43.03495599999999],[-78.89096900000001,43.034353],[-78.892059,43.034056],[-78.893011,43.037779],[-78.892217,43.038031999999994]]]},"properties":{"geoid":"36063023001","name":"230.01","namelsad":"Census Tract 230.01","aland_acres":224.45572562997052,"site_count":2,"cont_acres":10.94,"coverage_pct":4.87,"sites_per_sqmi":5.7}},{"type":"Feature","geometry":{"type":"Polygon","coordinates":[[[-78.885612,43.201725],[-78.885588,43.20396699999999],[-78.88552,43.21069499999999],[-78.885497,43.212938],[-78.885489,43.214421],[-78.885469,43.21887100000001],[-78.88546200000002,43.22035499999999],[-78.884439,43.22035799999998],[-78.881372,43.220367],[-78.88035000000002,43.220370999999986],[-78.876569,43.220372000000005],[-78.865227,43.220375999999995],[-78.861447,43.22037799999999],[-78.859948,43.220389000000004],[-78.855451,43.220423],[-78.853953,43.22043500000001],[-78.851293,43.220456000000006],[-78.843314,43.220518000000006],[-78.840655,43.22053999999999],[-78.83799,43.220538],[-78.829997,43.220533],[-78.827333,43.220532],[-78.827007,43.220530999999994],[-78.826031,43.220528],[-78.825706,43.220528],[-78.819306,43.22040399999999],[-78.815421,43.22032699999999],[-78.81420100000001,43.220304],[-78.800106,43.220031000000006],[-78.79370600000001,43.219908],[-78.790834,43.21983],[-78.782221,43.219599],[-78.780454,43.21955200000001],[-78.77935,43.219550999999996],[-78.779071,43.219548999999994],[-78.778234,43.219545999999994],[-78.777956,43.21954499999999],[-78.774124,43.219504],[-78.762628,43.219381],[-78.758796,43.219341],[-78.758088,43.21932799999998],[-78.757992,43.21932699999999],[-78.755581,43.21932100000001],[-78.754858,43.21932],[-78.754781,43.21929899999999],[-78.754681,43.219225],[-78.754646,43.219164],[-78.754639,43.219097999999995],[-78.754639,43.21876399999999],[-78.754642,43.217006],[-78.754641,43.216982],[-78.754631,43.216388],[-78.754629,43.21632099999999],[-78.754623,43.216123],[-78.754621,43.216057000000006],[-78.754599,43.214977],[-78.754547,43.21239099999998],[-78.754542,43.211738],[-78.75454,43.21143699999999],[-78.754553,43.210957],[-78.754549,43.210658999999985],[-78.754548,43.208788],[-78.754547,43.20317799999999],[-78.754547,43.201342999999994],[-78.754547,43.20130799999998],[-78.754546,43.200559],[-78.754543,43.19831400000001],[-78.754542,43.19756599999999],[-78.754552,43.195595000000004],[-78.754553,43.195429],[-78.754547,43.19495100000001],[-78.754555,43.192578999999995],[-78.754548,43.18968499999999],[-78.754547,43.189107],[-78.754524,43.18861199999999],[-78.754482,43.188309000000004],[-78.754353,43.187733],[-78.75436800000001,43.18729],[-78.754414,43.18596399999999],[-78.75443,43.18552199999999],[-78.754511,43.183898],[-78.754756,43.179028],[-78.75483900000002,43.17740499999999],[-78.754785,43.176664],[-78.754623,43.174443999999994],[-78.754569,43.173705000000005],[-78.75457,43.17344],[-78.754574,43.17273899999999],[-78.754574,43.172648],[-78.754576,43.172385],[-78.754574,43.17187],[-78.754582,43.16966300000001],[-78.75458300000001,43.168334],[-78.754584,43.16754099999999],[-78.754591,43.165850999999996],[-78.754591,43.16557199999999],[-78.754594,43.16303],[-78.7546,43.159666],[-78.754602,43.158975999999996],[-78.754606,43.158297999999995],[-78.754611,43.157697999999996],[-78.754599,43.157194],[-78.754599,43.156678],[-78.754608,43.15620899999999],[-78.754615,43.155897],[-78.754608,43.15286300000001],[-78.754616,43.151741],[-78.75462,43.151325],[-78.754635,43.15050399999999],[-78.754638,43.15025299999999],[-78.754644,43.149877],[-78.754647,43.14910699999999],[-78.754662,43.14566799999999],[-78.754663,43.145632],[-78.754675,43.14452299999999],[-78.754664,43.143259999999984],[-78.754656,43.142307],[-78.75467,43.13947099999999],[-78.754677,43.138209],[-78.75468,43.13773199999999],[-78.754689,43.13676499999999],[-78.75472,43.136392],[-78.754737,43.13630700000001],[-78.75480200000001,43.135994],[-78.754856,43.135847999999996],[-78.754847,43.13533199999999],[-78.754821,43.133786],[-78.754813,43.13327099999999],[-78.755159,43.13327399999999],[-78.756174,43.133284],[-78.756198,43.133283],[-78.756545,43.13328299999999],[-78.758321,43.133292999999995],[-78.76203300000002,43.133333],[-78.762213,43.133335],[-78.769859,43.133394],[-78.770565,43.133398],[-78.77849700000002,43.133407],[-78.778799,43.133408],[-78.780833,43.13340799999999],[-78.782244,43.13341799999999],[-78.783986,43.133411],[-78.784321,43.133412],[-78.784525,43.133411999999986],[-78.785965,43.133413999999995],[-78.78796,43.133417],[-78.788826,43.13340800000001],[-78.791905,43.13340000000001],[-78.793885,43.133395],[-78.794247,43.133393],[-78.795337,43.13338699999999],[-78.79570000000001,43.133386],[-78.796031,43.13338499999998],[-78.797024,43.13338499999999],[-78.797356,43.13338499999999],[-78.802044,43.133368999999995],[-78.80289400000001,43.133362999999996],[-78.80571,43.133343999999994],[-78.811256,43.13328099999999],[-78.81393,43.13326200000001],[-78.81951,43.133181],[-78.820548,43.133165999999996],[-78.82329500000002,43.13313],[-78.82398900000001,43.13312100000001],[-78.824218,43.13311900000001],[-78.825049,43.133096],[-78.825352,43.133079999999985],[-78.825528,43.133065],[-78.825955,43.13302899999999],[-78.826151,43.133001],[-78.82655,43.132946999999994],[-78.826956,43.13286599999999],[-78.827037,43.132850999999995],[-78.827424,43.132756],[-78.829511,43.13276199999999],[-78.838281,43.132789],[-78.841601,43.13271099999999],[-78.851563,43.132480999999984],[-78.854884,43.13240499999999],[-78.855807,43.13239399999999],[-78.858579,43.132364999999986],[-78.859184,43.13235900000001],[-78.859503,43.13235499999999],[-78.860978,43.13233799999999],[-78.861249,43.132335999999995],[-78.862464,43.13232399999999],[-78.865404,43.132274],[-78.865561,43.132272],[-78.86688,43.13225899999999],[-78.867692,43.132247],[-78.869025,43.13222999999999],[-78.869953,43.13221899999999],[-78.872104,43.132218],[-78.87546,43.132206999999994],[-78.877606,43.13219999999999],[-78.879071,43.132196],[-78.881196,43.132191999999996],[-78.88272,43.13217499999999],[-78.883465,43.13217100000001],[-78.884931,43.132166],[-78.884893,43.133093],[-78.88478,43.13587499999999],[-78.884762,43.136338],[-78.884763,43.13680299999999],[-78.884764,43.13688599999999],[-78.884768,43.13713600000001],[-78.88477000000002,43.13721999999999],[-78.884771,43.137319],[-78.884777,43.137616],[-78.884779,43.13771499999999],[-78.884779,43.137895999999984],[-78.884782,43.13844100000001],[-78.884783,43.13862299999999],[-78.884785,43.138999],[-78.884791,43.14012700000001],[-78.884793,43.140502999999995],[-78.884796,43.140962],[-78.884793,43.141054999999994],[-78.884785,43.141422999999996],[-78.884781,43.14271299999999],[-78.88478,43.14326600000001],[-78.884789,43.14469100000001],[-78.884786,43.145230999999995],[-78.884776,43.14716800000001],[-78.884767,43.14793799999998],[-78.884802,43.150802000000006],[-78.884802,43.151124999999986],[-78.884806,43.15309099999999],[-78.884806,43.153456999999996],[-78.884807,43.153576],[-78.88481700000001,43.154344],[-78.88481700000001,43.154554999999995],[-78.884818,43.15474999999999],[-78.884821,43.154921],[-78.88483,43.15556199999999],[-78.88485400000002,43.15714899999999],[-78.884869,43.158153],[-78.884954,43.16098800000001],[-78.884977,43.16192499999999],[-78.88504,43.16383199999999],[-78.885071,43.16473299999999],[-78.8851,43.16606],[-78.885102,43.166169999999994],[-78.88511,43.16650299999999],[-78.885113,43.166614],[-78.885126,43.166959999999996],[-78.88513,43.167050999999994],[-78.885146,43.168],[-78.885152,43.168347],[-78.885156,43.16854999999999],[-78.885169,43.169160999999995],[-78.885174,43.16936499999999],[-78.885197,43.170721],[-78.88524900000002,43.173634],[-78.885272,43.17478899999999],[-78.88529600000001,43.17603799999999],[-78.885299,43.17614600000002],[-78.885344,43.178312],[-78.885344,43.178398],[-78.885387,43.182458000000004],[-78.885402,43.18292],[-78.885429,43.185157000000004],[-78.885458,43.18740999999999],[-78.885465,43.188112999999994],[-78.885486,43.190221999999984],[-78.885493,43.19092500000001],[-78.885518,43.19308399999999],[-78.885594,43.19956399999999],[-78.8856,43.20003799999999],[-78.885612,43.201725]]]},"properties":{"geoid":"36063024303","name":"243.03","namelsad":"Census Tract 243.03","aland_acres":25414.263813686473,"site_count":2,"cont_acres":61.34,"coverage_pct":0.24,"sites_per_sqmi":0.05}},{"type":"Feature","geometry":{"type":"Polygon","coordinates":[[[-78.90118900000002,43.223354],[-78.900998,43.231582999999986],[-78.900992,43.232655],[-78.90097600000001,43.235756],[-78.900993,43.23675500000001],[-78.901045,43.239755],[-78.901063,43.240755],[-78.901068,43.241020999999996],[-78.901083,43.241819],[-78.901088,43.24208599999999],[-78.90105,43.246069000000006],[-78.900958,43.255925999999995],[-78.900938,43.25801800000001],[-78.900901,43.262001999999995],[-78.900922,43.262189],[-78.900985,43.26275],[-78.901007,43.262938],[-78.901014,43.263018],[-78.901035,43.26325899999999],[-78.901042,43.26333999999999],[-78.901026,43.26368399999999],[-78.900981,43.264715],[-78.900966,43.26506],[-78.900942,43.268674000000004],[-78.900872,43.27951699999999],[-78.90085,43.283132],[-78.900843,43.286287],[-78.900821,43.29575199999999],[-78.900815,43.29890699999999],[-78.900816,43.29915200000001],[-78.900822,43.299887],[-78.900825,43.300133],[-78.900812,43.300857],[-78.900775,43.30303000000001],[-78.900763,43.303754999999995],[-78.890887,43.306425999999995],[-78.880063,43.30935499999999],[-78.871662,43.311655],[-78.861236,43.314348],[-78.851331,43.316907],[-78.848197,43.31771599999998],[-78.838794,43.32014499999999],[-78.835661,43.32095499999999],[-78.83573000000001,43.32038399999999],[-78.835939,43.318672],[-78.835998,43.318194000000005],[-78.83601,43.318102],[-78.83604,43.317872],[-78.83613,43.31718399999999],[-78.836161,43.31695499999999],[-78.835654,43.316902999999996],[-78.83421700000001,43.316755999999984],[-78.834188,43.316677],[-78.834015,43.316199],[-78.834018,43.31612299999999],[-78.834029,43.315896],[-78.834033,43.31582099999999],[-78.834033,43.315646],[-78.834035,43.315124],[-78.834036,43.314949999999996],[-78.83404,43.314392999999995],[-78.83404100000001,43.314289999999986],[-78.834052,43.312722],[-78.834056,43.312165],[-78.833972,43.311444999999985],[-78.833848,43.310373],[-78.832844,43.310316],[-78.832811,43.310233999999994],[-78.83254,43.309563000000004],[-78.832323,43.30908699999999],[-78.831675,43.307658999999994],[-78.831459,43.307182999999995],[-78.830163,43.30624999999999],[-78.830153,43.306031],[-78.82813,43.304601000000005],[-78.828119,43.304416],[-78.82796,43.296955000000004],[-78.831961,43.294055],[-78.83076,43.294056999999995],[-78.82716,43.29406500000001],[-78.82596,43.29406799999998],[-78.825962,43.29444500000001],[-78.825969,43.29557599999999],[-78.82597,43.295677],[-78.825975,43.295953],[-78.825134,43.29600200000001],[-78.82427,43.29605399999999],[-78.824197,43.297712999999995],[-78.82416,43.298555],[-78.82416,43.299268],[-78.82416,43.303015],[-78.82416100000002,43.304520999999994],[-78.822261,43.304512],[-78.822241,43.30489399999999],[-78.822161,43.30640199999999],[-78.821361,43.306498999999995],[-78.821362,43.30529099999999],[-78.818262,43.305178],[-78.818262,43.308144000000006],[-78.818262,43.30826],[-78.819563,43.308255],[-78.819363,43.30865299999999],[-78.817563,43.308745],[-78.817563,43.309541],[-78.817563,43.312096999999994],[-78.817563,43.313334999999995],[-78.820084,43.313332],[-78.820463,43.313332],[-78.820404,43.31686499999999],[-78.820362,43.319422],[-78.820359,43.31961],[-78.82046,43.32275500000001],[-78.807239,43.32561499999999],[-78.767578,43.334194],[-78.754358,43.33705499999999],[-78.754357,43.336133999999994],[-78.754355,43.33337199999999],[-78.754355,43.332451999999996],[-78.75435,43.33218099999999],[-78.754335,43.33129399999999],[-78.754331,43.33105],[-78.754275,43.32782],[-78.754256,43.326662000000006],[-78.754348,43.323416],[-78.754625,43.313680000000005],[-78.754658,43.312556],[-78.754958,43.310455],[-78.754937,43.31021299999999],[-78.754876,43.30948699999999],[-78.754856,43.309245],[-78.754897,43.304832999999995],[-78.755022,43.291598],[-78.755064,43.28718699999999],[-78.755043,43.28327899999999],[-78.754981,43.271555000000006],[-78.754961,43.26764699999999],[-78.75496,43.267543999999994],[-78.754957,43.26723599999998],[-78.754957,43.26713399999999],[-78.754957,43.26694100000001],[-78.754957,43.26636599999999],[-78.754958,43.266173999999985],[-78.754952,43.26529899999999],[-78.754949,43.264759],[-78.754935,43.262677],[-78.75493,43.26180399999999],[-78.754925,43.26115299999999],[-78.754913,43.25920300000001],[-78.75491,43.258552999999985],[-78.754906,43.257993],[-78.754896,43.256315],[-78.754893,43.25575599999999],[-78.754868,43.25275799999999],[-78.754845,43.249761],[-78.754832,43.243764999999996],[-78.754826,43.240768],[-78.754824,43.240629],[-78.75482,43.24021399999999],[-78.754819,43.24007599999998],[-78.754779,43.238151],[-78.754659,43.232378],[-78.754619,43.23045400000001],[-78.754651,43.228222],[-78.754748,43.221529999999994],[-78.754781,43.21929899999999],[-78.754858,43.21932],[-78.755581,43.21932100000001],[-78.757992,43.21932699999999],[-78.758088,43.21932799999998],[-78.758796,43.219341],[-78.762628,43.219381],[-78.774124,43.219504],[-78.777956,43.21954499999999],[-78.778234,43.219545999999994],[-78.779071,43.219548999999994],[-78.77935,43.219550999999996],[-78.780454,43.21955200000001],[-78.782221,43.219599],[-78.790834,43.21983],[-78.79370600000001,43.219908],[-78.800106,43.220031000000006],[-78.81420100000001,43.220304],[-78.815421,43.22032699999999],[-78.819306,43.22040399999999],[-78.825706,43.220528],[-78.826031,43.220528],[-78.827007,43.220530999999994],[-78.827333,43.220532],[-78.829997,43.220533],[-78.83799,43.220538],[-78.840655,43.22053999999999],[-78.843314,43.220518000000006],[-78.851293,43.220456000000006],[-78.853953,43.22043500000001],[-78.855451,43.220423],[-78.859948,43.220389000000004],[-78.861447,43.22037799999999],[-78.865227,43.220375999999995],[-78.876569,43.220372000000005],[-78.88035000000002,43.220370999999986],[-78.881372,43.220367],[-78.884439,43.22035799999998],[-78.88546200000002,43.22035499999999],[-78.888622,43.220335],[-78.89029,43.220324],[-78.898102,43.220275],[-78.901262,43.220255],[-78.90118900000002,43.223354]]]},"properties":{"geoid":"36063024302","name":"243.02","namelsad":"Census Tract 243.02","aland_acres":31098.51277139587,"site_count":2,"cont_acres":63.2,"coverage_pct":0.2,"sites_per_sqmi":0.04}},{"type":"Feature","geometry":{"type":"Polygon","coordinates":[[[-79.053509,43.09298],[-79.052376,43.093027],[-79.052398,43.09334399999999],[-79.052466,43.094295],[-79.052489,43.09461299999999],[-79.051819,43.094639999999984],[-79.050522,43.094697999999994],[-79.050133,43.094713999999996],[-79.048967,43.09476300000001],[-79.04857900000002,43.09477999999999],[-79.0482,43.09479399999999],[-79.047064,43.094838],[-79.046686,43.09485299999999],[-79.046667,43.094853],[-79.046609,43.09485599999999],[-79.046591,43.09485699999999],[-79.046352,43.094866],[-79.046041,43.09488],[-79.04563700000001,43.09489599999999],[-79.045399,43.094907],[-79.045136,43.09491700000001],[-79.04476,43.094933],[-79.04435,43.09494999999999],[-79.044089,43.094961000000005],[-79.044041,43.09496199999999],[-79.0439,43.094967],[-79.043854,43.094969999999996],[-79.043641,43.094978],[-79.043004,43.09500400000001],[-79.042792,43.095014],[-79.042536,43.09502299999998],[-79.041498,43.095057],[-79.041495,43.09474299999999],[-79.041494,43.094695999999985],[-79.041492,43.094631],[-79.041471,43.093833999999994],[-79.04146900000002,43.09376400000001],[-79.041461,43.09343799999999],[-79.041452,43.093081000000005],[-79.04145,43.09302699999999],[-79.041421,43.091794],[-79.041421,43.09176300000001],[-79.041412,43.091383],[-79.041402,43.090965],[-79.0414,43.090827],[-79.041367,43.089158],[-79.041356,43.08860299999999],[-79.041617,43.088602999999985],[-79.042401,43.088603],[-79.042663,43.088604],[-79.042885,43.088601999999995],[-79.043551,43.088599],[-79.04377400000001,43.088598000000005],[-79.043652,43.088440000000006],[-79.043286,43.087969999999984],[-79.04316400000002,43.08781299999999],[-79.043144,43.08778699999999],[-79.043085,43.087712],[-79.043066,43.087687],[-79.042944,43.08752999999999],[-79.04258,43.087062],[-79.042459,43.086906],[-79.042326,43.08673399999999],[-79.041927,43.08621899999999],[-79.041795,43.08604799999999],[-79.041649,43.08585600000001],[-79.04147,43.08561999999999],[-79.04130300000001,43.085433],[-79.041195,43.085345],[-79.041165,43.085324],[-79.040968,43.08518699999999],[-79.040891,43.08511],[-79.040651,43.08479199999999],[-79.040323,43.084358],[-79.040304,43.084293],[-79.0403,43.084227999999996],[-79.040331,43.08393499999999],[-79.040343,43.083835],[-79.040403,43.083382999999984],[-79.040434,43.08310099999999],[-79.040428,43.083029],[-79.040379,43.082893999999996],[-79.040367,43.082830999999985],[-79.04035,43.082792000000005],[-79.040319,43.082291999999995],[-79.04025,43.081158999999985],[-79.040196,43.080472999999984],[-79.040149,43.079868],[-79.040123,43.07953500000001],[-79.04004800000001,43.07853499999999],[-79.040033,43.07833999999999],[-79.040023,43.078202999999995],[-79.040045,43.077903],[-79.039765,43.07146199999999],[-79.045567,43.072562],[-79.045784,43.072921],[-79.049652,43.079414],[-79.049837,43.07968399999999],[-79.049932,43.079790999999986],[-79.050219,43.08011199999999],[-79.05031500000001,43.08021999999999],[-79.05051,43.080323],[-79.050668,43.08044199999999],[-79.050864,43.080674],[-79.05089,43.080713],[-79.050903,43.080732999999995],[-79.050948,43.0808],[-79.051004,43.080882],[-79.051062,43.080968],[-79.051118,43.081064999999995],[-79.051224,43.081247999999995],[-79.051447,43.081633999999994],[-79.05165,43.08223000000001],[-79.051761,43.08250099999999],[-79.052344,43.08365099999999],[-79.052378,43.08372099999999],[-79.05241,43.083785],[-79.05248,43.08393],[-79.052616,43.084214],[-79.052729,43.084485],[-79.052768,43.0846],[-79.052812,43.08488299999999],[-79.052773,43.086508],[-79.052737,43.08833899999999],[-79.052735,43.088367999999996],[-79.052634,43.08860999999999],[-79.052632,43.08866799999999],[-79.052763,43.088665],[-79.053225,43.088645],[-79.053238,43.08909799999999],[-79.053333,43.090453999999994],[-79.053365,43.09090599999999],[-79.053393,43.091319999999996],[-79.05348000000001,43.092565],[-79.053509,43.09298]]]},"properties":{"geoid":"36063021200","name":"212","namelsad":"Census Tract 212","aland_acres":408.5737174735152,"site_count":4,"cont_acres":25.31,"coverage_pct":6.19,"sites_per_sqmi":6.27}},{"type":"Feature","geometry":{"type":"Polygon","coordinates":[[[-79.04377400000001,43.088598000000005],[-79.043551,43.088599],[-79.042885,43.088601999999995],[-79.042663,43.088604],[-79.042401,43.088603],[-79.041617,43.088602999999985],[-79.041356,43.08860299999999],[-79.041092,43.0886],[-79.040685,43.088597],[-79.040301,43.08859399999999],[-79.040038,43.088592],[-79.039815,43.08858899999999],[-79.039491,43.088584999999995],[-79.039147,43.08858000000001],[-79.038925,43.08857700000001],[-79.038672,43.088571999999985],[-79.038258,43.08856500000001],[-79.037914,43.088558],[-79.037662,43.088554],[-79.037479,43.08854999999999],[-79.03693000000001,43.088538],[-79.036748,43.088534],[-79.03657,43.08853],[-79.036039,43.08851799999999],[-79.035862,43.088514],[-79.035831,43.088513],[-79.03574,43.08851000000001],[-79.03571,43.08851000000001],[-79.035485,43.088504],[-79.035103,43.088496],[-79.034813,43.08848899999999],[-79.03459000000001,43.088484],[-79.034292,43.08847699999999],[-79.033398,43.088455999999994],[-79.0331,43.088449000000004],[-79.032797,43.088441999999986],[-79.031888,43.08842099999999],[-79.031585,43.08841399999999],[-79.031353,43.08840899999999],[-79.030658,43.088393999999994],[-79.030427,43.08838999999998],[-79.03021700000001,43.08838399999999],[-79.029587,43.088367000000005],[-79.029378,43.08836199999998],[-79.029266,43.08835899999998],[-79.028933,43.08835],[-79.028822,43.08834699999999],[-79.028179,43.088332],[-79.026254,43.08828900000002],[-79.025612,43.088275],[-79.024883,43.08825999999999],[-79.023606,43.088236],[-79.022696,43.088212999999996],[-79.021968,43.088196],[-79.021895,43.088193],[-79.02167600000001,43.088187],[-79.021604,43.08818499999999],[-79.021526,43.08818199999999],[-79.021292,43.088176],[-79.021214,43.088173999999995],[-79.021261,43.088283],[-79.021403,43.08861],[-79.021451,43.08871899999999],[-79.02151,43.088857999999995],[-79.021688,43.089275],[-79.021748,43.089414999999995],[-79.021808,43.08955100000001],[-79.02199,43.08996200000001],[-79.022051,43.090099],[-79.022115,43.09023699999999],[-79.022308,43.090653],[-79.022373,43.090792],[-79.022439,43.09093099999998],[-79.022465,43.090985],[-79.022614,43.09135999999999],[-79.022672,43.091504],[-79.022719,43.09164200000001],[-79.022863,43.092056],[-79.022911,43.092194000000006],[-79.022957,43.09233],[-79.02307,43.092666],[-79.023099,43.09274],[-79.02315200000001,43.09287499999999],[-79.023432,43.093551999999995],[-79.024222,43.095096000000005],[-79.024248,43.095145],[-79.024052,43.09514599999999],[-79.023601,43.095148000000016],[-79.022977,43.09515],[-79.021967,43.095156],[-79.021496,43.095154],[-79.020946,43.095157],[-79.019919,43.095159],[-79.01973100000001,43.095158999999995],[-79.01916600000001,43.095162],[-79.018979,43.095163],[-79.018793,43.09516299999999],[-79.018713,43.09516300000001],[-79.018238,43.09516299999999],[-79.018053,43.09516299999999],[-79.01786400000002,43.09516],[-79.01775,43.09515899999999],[-79.017486,43.095144999999995],[-79.0173,43.095117],[-79.017114,43.09508899999999],[-79.016974,43.095059],[-79.01695100000002,43.095053],[-79.016736,43.094998],[-79.016633,43.09496299999999],[-79.016502,43.094919000000004],[-79.016475,43.09490699999999],[-79.016363,43.09485999999999],[-79.016324,43.094840999999995],[-79.016225,43.09479100000001],[-79.0162,43.09477699999999],[-79.016037,43.094683999999994],[-79.015938,43.09462],[-79.015851,43.094553999999995],[-79.015806,43.094519999999996],[-79.015738,43.09447399999999],[-79.015654,43.09441399999999],[-79.015633,43.094348999999994],[-79.015605,43.094323],[-79.01554,43.094264],[-79.015156,43.09399299999999],[-79.015096,43.093958],[-79.015,43.09390299999999],[-79.014912,43.09386200000001],[-79.014776,43.093801],[-79.014597,43.093752],[-79.014227,43.09368400000002],[-79.014085,43.09367700000001],[-79.013939,43.09368],[-79.013769,43.093697999999996],[-79.012957,43.093843],[-79.012599,43.093895],[-79.012312,43.09392299999999],[-79.012011,43.093928],[-79.011423,43.093904],[-79.011354,43.093897],[-79.011084,43.09386799999999],[-79.010959,43.093844999999995],[-79.01084,43.09382],[-79.010428,43.09372399999999],[-79.009485,43.093506],[-79.009338,43.093471],[-79.009193,43.093436000000004],[-79.009023,43.093394999999994],[-79.008922,43.09340300000001],[-79.008781,43.093365999999996],[-79.007468,43.09297999999999],[-79.005603,43.09243300000001],[-79.00352500000001,43.09183999999998],[-79.00281,43.09163699999999],[-79.002212,43.091459],[-79.00227000000001,43.09127],[-79.002447,43.090706999999995],[-79.002506,43.090519],[-79.002563,43.09034200000001],[-79.002621,43.090168],[-79.002736,43.089812],[-79.002794,43.089636000000006],[-79.002943,43.089163],[-79.003056,43.08880499999999],[-79.003073,43.088742999999994],[-79.003343,43.087811],[-79.003876,43.086056000000006],[-79.003897,43.085989999999995],[-79.004141,43.08515999999999],[-79.004358,43.084421999999996],[-79.004768,43.083032],[-79.005018,43.082211],[-79.005085,43.08199299999999],[-79.00518,43.081646000000006],[-79.005201,43.081575],[-79.00524,43.081475],[-79.005363,43.08108000000001],[-79.00543,43.080855],[-79.00562,43.080231000000005],[-79.005705,43.08001500000001],[-79.005942,43.079661],[-79.006068,43.079505999999995],[-79.00620700000002,43.079359000000004],[-79.006387,43.079214],[-79.006503,43.07912199999999],[-79.00692,43.078847],[-79.006268,43.078663999999996],[-79.005885,43.078557],[-79.005512,43.078465],[-79.00455,43.07828399999999],[-79.004288,43.07823199999999],[-79.003625,43.078103000000006],[-79.002924,43.077975999999985],[-79.002911,43.07797399999999],[-79.002408,43.077883],[-79.002208,43.077845],[-79.000826,43.077581],[-79.000128,43.077448],[-79.000003,43.07743500000001],[-78.999894,43.077415],[-78.999199,43.077291],[-78.998968,43.07725],[-78.998736,43.077205],[-78.99804,43.077072],[-78.997809,43.077028000000006],[-78.997557,43.076986000000005],[-78.997085,43.076907],[-78.996803,43.076860999999994],[-78.996769,43.07685600000001],[-78.996553,43.076814000000006],[-78.996286,43.076764],[-78.995486,43.076614000000006],[-78.99522,43.076564],[-78.994942,43.07650999999999],[-78.994111,43.076351],[-78.993834,43.076298],[-78.99371,43.076273],[-78.993339,43.076198999999995],[-78.993216,43.07617499999999],[-78.993164,43.076164],[-78.993009,43.076132],[-78.992958,43.076122],[-78.992823,43.076098999999985],[-78.99273200000002,43.076083],[-78.992171,43.075983999999984],[-78.992057,43.07596199999999],[-78.991833,43.075920999999994],[-78.991734,43.075903],[-78.991437,43.07585000000002],[-78.991338,43.075833],[-78.991194,43.075804],[-78.990923,43.07575],[-78.990779,43.075720999999994],[-78.990763,43.07571800000001],[-78.990619,43.075696],[-78.990616,43.07560599999999],[-78.990619,43.075523],[-78.990619,43.07543],[-78.990617,43.075045],[-78.990617,43.074576],[-78.990616,43.074321999999995],[-78.990616,43.074223999999994],[-78.990597,43.074049],[-78.990587,43.07386799999999],[-78.990577,43.07368799999999],[-78.990521,43.06875900000001],[-78.99060900000002,43.068765],[-78.990845,43.06877999999999],[-78.990915,43.06878499999999],[-78.998538,43.069282],[-78.999664,43.069355],[-78.999768,43.069355999999985],[-78.999873,43.06935599999999],[-79.001737,43.069401],[-79.003602,43.069439],[-79.005516,43.06947599999999],[-79.007431,43.069513],[-79.009664,43.06955799999999],[-79.016326,43.06844499999998],[-79.019228,43.067958],[-79.020755,43.068198999999986],[-79.025336,43.068921999999986],[-79.026863,43.069163999999994],[-79.028654,43.06948299999999],[-79.032771,43.070215999999995],[-79.039765,43.07146199999999],[-79.040045,43.077903],[-79.040023,43.078202999999995],[-79.040033,43.07833999999999],[-79.04004800000001,43.07853499999999],[-79.040123,43.07953500000001],[-79.040149,43.079868],[-79.040196,43.080472999999984],[-79.04025,43.081158999999985],[-79.040319,43.082291999999995],[-79.04035,43.082792000000005],[-79.040367,43.082830999999985],[-79.040379,43.082893999999996],[-79.040428,43.083029],[-79.040434,43.08310099999999],[-79.040403,43.083382999999984],[-79.040343,43.083835],[-79.040331,43.08393499999999],[-79.0403,43.084227999999996],[-79.040304,43.084293],[-79.040323,43.084358],[-79.040651,43.08479199999999],[-79.040891,43.08511],[-79.040968,43.08518699999999],[-79.041165,43.085324],[-79.041195,43.085345],[-79.04130300000001,43.085433],[-79.04147,43.08561999999999],[-79.041649,43.08585600000001],[-79.041795,43.08604799999999],[-79.041927,43.08621899999999],[-79.042326,43.08673399999999],[-79.042459,43.086906],[-79.04258,43.087062],[-79.042944,43.08752999999999],[-79.043066,43.087687],[-79.043085,43.087712],[-79.043144,43.08778699999999],[-79.04316400000002,43.08781299999999],[-79.043286,43.087969999999984],[-79.043652,43.088440000000006],[-79.04377400000001,43.088598000000005]]]},"properties":{"geoid":"36063021700","name":"217","namelsad":"Census Tract 217","aland_acres":1241.124220876651,"site_count":34,"cont_acres":654.7,"coverage_pct":52.75,"sites_per_sqmi":17.53}},{"type":"Feature","geometry":{"type":"Polygon","coordinates":[[[-79.006503,43.07912199999999],[-79.006387,43.079214],[-79.00620700000002,43.079359000000004],[-79.006068,43.079505999999995],[-79.005942,43.079661],[-79.005705,43.08001500000001],[-79.00562,43.080231000000005],[-79.00543,43.080855],[-79.005363,43.08108000000001],[-79.00524,43.081475],[-79.005201,43.081575],[-79.00518,43.081646000000006],[-79.005085,43.08199299999999],[-79.005018,43.082211],[-79.004768,43.083032],[-79.004358,43.084421999999996],[-79.004141,43.08515999999999],[-79.003897,43.085989999999995],[-79.003876,43.086056000000006],[-79.003343,43.087811],[-79.003073,43.088742999999994],[-79.003056,43.08880499999999],[-79.002943,43.089163],[-79.002794,43.089636000000006],[-79.002736,43.089812],[-79.002621,43.090168],[-79.002563,43.09034200000001],[-79.002506,43.090519],[-79.002447,43.090706999999995],[-79.00227000000001,43.09127],[-79.002212,43.091459],[-79.002134,43.091435],[-79.001987,43.091390999999994],[-79.001743,43.091319999999996],[-79.000336,43.09091199999999],[-78.999867,43.09077599999999],[-78.999806,43.091051],[-78.999624,43.09187899999999],[-78.999564,43.092155],[-78.997537,43.092254999999994],[-78.991456,43.092555],[-78.989429,43.092655],[-78.98915,43.09265599999999],[-78.988513,43.09266],[-78.988416,43.09266099999999],[-78.988316,43.09266100000001],[-78.988038,43.092663],[-78.988126,43.092569999999995],[-78.988904,43.091739],[-78.989222,43.09136500000001],[-78.989511,43.090972],[-78.989686,43.090706999999995],[-78.989809,43.09051199999999],[-78.990047,43.090065],[-78.99009500000001,43.08995500000001],[-78.990203,43.089711],[-78.990243,43.089623],[-78.989755,43.089575],[-78.98861,43.089409999999994],[-78.988139,43.08931799999999],[-78.987761,43.08925000000001],[-78.98662700000001,43.089045999999996],[-78.986249,43.088978999999995],[-78.985882,43.088909000000015],[-78.984784,43.0887],[-78.984418,43.088631],[-78.984411,43.088582],[-78.98441200000002,43.088256],[-78.984418,43.087132999999994],[-78.98442,43.08675899999999],[-78.984419,43.086501999999996],[-78.984416,43.085730999999996],[-78.984415,43.08547500000001],[-78.984414,43.085165],[-78.984411,43.084237999999985],[-78.984411,43.08392899999999],[-78.984407,43.08313],[-78.984411,43.082795999999995],[-78.98441,43.08273799999999],[-78.984407,43.082564],[-78.984407,43.082505999999995],[-78.984407,43.082204000000004],[-78.984407,43.08129799999998],[-78.984408,43.080996999999996],[-78.984407,43.08094899999999],[-78.984406,43.080807],[-78.984406,43.08076],[-78.984346,43.080665],[-78.984215,43.080456],[-78.984167,43.08037999999999],[-78.984108,43.080285999999994],[-78.983873,43.080270999999996],[-78.983171,43.08022599999999],[-78.982937,43.080211999999996],[-78.982851,43.080207],[-78.9827,43.08020299999999],[-78.982106,43.080161999999994],[-78.981983,43.080152999999996],[-78.981912,43.080149000000006],[-78.98186700000001,43.08014699999999],[-78.981745,43.080142],[-78.981745,43.08005099999998],[-78.981745,43.07998],[-78.981745,43.079968],[-78.981743,43.07949500000001],[-78.981743,43.07933400000002],[-78.981743,43.07895899999999],[-78.981743,43.07783599999999],[-78.981743,43.077462000000004],[-78.981743,43.07710099999999],[-78.981746,43.076021],[-78.981747,43.07566199999999],[-78.981746,43.075295999999994],[-78.981746,43.07419800000001],[-78.981746,43.07383299999999],[-78.981948,43.073871],[-78.982436,43.07396399999999],[-78.982553,43.073992000000004],[-78.982753,43.074041],[-78.98295,43.07409299999999],[-78.983447,43.074224],[-78.98354,43.074256000000005],[-78.983734,43.074322],[-78.983809,43.07435299999999],[-78.984035,43.074447],[-78.984111,43.074479000000004],[-78.984239,43.07453499999999],[-78.984625,43.07470299999999],[-78.984754,43.07475899999999],[-78.984819,43.074788],[-78.98496,43.07483499999999],[-78.985006,43.074851],[-78.985242,43.074912999999995],[-78.985465,43.07496299999999],[-78.985602,43.07498499999999],[-78.98582,43.07502199999998],[-78.98583,43.074873],[-78.985864,43.074427],[-78.985876,43.074279],[-78.985877,43.074132999999996],[-78.985883,43.073697],[-78.985885,43.073551999999985],[-78.98586,43.072552],[-78.985788,43.069554999999994],[-78.985764,43.068555999999994],[-78.990464,43.068754999999996],[-78.990521,43.06875900000001],[-78.990577,43.07368799999999],[-78.990587,43.07386799999999],[-78.990597,43.074049],[-78.990616,43.074223999999994],[-78.990616,43.074321999999995],[-78.990617,43.074576],[-78.990617,43.075045],[-78.990619,43.07543],[-78.990619,43.075523],[-78.990616,43.07560599999999],[-78.990619,43.075696],[-78.990763,43.07571800000001],[-78.990779,43.075720999999994],[-78.990923,43.07575],[-78.991194,43.075804],[-78.991338,43.075833],[-78.991437,43.07585000000002],[-78.991734,43.075903],[-78.991833,43.075920999999994],[-78.992057,43.07596199999999],[-78.992171,43.075983999999984],[-78.99273200000002,43.076083],[-78.992823,43.076098999999985],[-78.992958,43.076122],[-78.993009,43.076132],[-78.993164,43.076164],[-78.993216,43.07617499999999],[-78.993339,43.076198999999995],[-78.99371,43.076273],[-78.993834,43.076298],[-78.994111,43.076351],[-78.994942,43.07650999999999],[-78.99522,43.076564],[-78.995486,43.076614000000006],[-78.996286,43.076764],[-78.996553,43.076814000000006],[-78.996769,43.07685600000001],[-78.996803,43.076860999999994],[-78.997085,43.076907],[-78.997557,43.076986000000005],[-78.997809,43.077028000000006],[-78.99804,43.077072],[-78.998736,43.077205],[-78.998968,43.07725],[-78.999199,43.077291],[-78.999894,43.077415],[-79.000003,43.07743500000001],[-79.000128,43.077448],[-79.000826,43.077581],[-79.002208,43.077845],[-79.002408,43.077883],[-79.002911,43.07797399999999],[-79.002924,43.077975999999985],[-79.003625,43.078103000000006],[-79.004288,43.07823199999999],[-79.00455,43.07828399999999],[-79.005512,43.078465],[-79.005885,43.078557],[-79.006268,43.078663999999996],[-79.00692,43.078847],[-79.006503,43.07912199999999]]]},"properties":{"geoid":"36063022000","name":"220","namelsad":"Census Tract 220","aland_acres":713.0928305825558,"site_count":11,"cont_acres":68.15,"coverage_pct":9.56,"sites_per_sqmi":9.87}},{"type":"Feature","geometry":{"type":"Polygon","coordinates":[[[-78.990203,43.089711],[-78.99009500000001,43.08995500000001],[-78.990047,43.090065],[-78.989809,43.09051199999999],[-78.989686,43.090706999999995],[-78.989511,43.090972],[-78.989222,43.09136500000001],[-78.988904,43.091739],[-78.988126,43.092569999999995],[-78.988038,43.092663],[-78.987921,43.09266199999999],[-78.98757,43.09265899999998],[-78.987453,43.09265800000001],[-78.987444,43.092667],[-78.98742,43.092693],[-78.987412,43.09270299999999],[-78.98740100000002,43.092713999999994],[-78.987368,43.092747999999986],[-78.987358,43.09276],[-78.979154,43.092806],[-78.979168,43.096021],[-78.97378,43.09603],[-78.973063,43.095305],[-78.972444,43.09467699999999],[-78.972278,43.09450799999998],[-78.971878,43.09411999999999],[-78.971687,43.09393399999999],[-78.971238,43.09351399999999],[-78.970144,43.092467],[-78.970395,43.092444],[-78.971245,43.09245399999998],[-78.972738,43.092459999999996],[-78.972729,43.091784999999994],[-78.972719,43.090999999999994],[-78.972702,43.089762999999984],[-78.972694,43.089089],[-78.97267900000001,43.088373],[-78.972637,43.08622499999999],[-78.972623,43.085510000000006],[-78.972613,43.085174],[-78.972608,43.08496999999999],[-78.972571,43.083353],[-78.972567,43.083171],[-78.972559,43.082814],[-78.972544,43.082259999999984],[-78.972502,43.080597999999995],[-78.972488,43.08004499999999],[-78.972486,43.07997099999999],[-78.972483,43.07983899999999],[-78.972496,43.07975299999999],[-78.972526,43.079725999999994],[-78.972558,43.079719999999995],[-78.972508,43.079674],[-78.972358,43.07953599999999],[-78.972309,43.07949099999998],[-78.972358,43.07949500000001],[-78.973045,43.07954000000001],[-78.973354,43.079560999999984],[-78.974509,43.07964799999998],[-78.975255,43.079697],[-78.975586,43.079719999999995],[-78.975992,43.079751],[-78.97636000000001,43.079772999999996],[-78.976667,43.079789999999996],[-78.977251,43.07982299999999],[-78.978693,43.079927],[-78.979368,43.07997700000001],[-78.979599,43.079994],[-78.980031,43.080028],[-78.980292,43.080045999999996],[-78.980378,43.080053],[-78.980524,43.080063],[-78.980777,43.08008099999999],[-78.9815,43.08012699999999],[-78.981579,43.080131999999985],[-78.981745,43.080142],[-78.98186700000001,43.08014699999999],[-78.981912,43.080149000000006],[-78.981983,43.080152999999996],[-78.982106,43.080161999999994],[-78.9827,43.08020299999999],[-78.982851,43.080207],[-78.982937,43.080211999999996],[-78.983171,43.08022599999999],[-78.983873,43.080270999999996],[-78.984108,43.080285999999994],[-78.984167,43.08037999999999],[-78.984215,43.080456],[-78.984346,43.080665],[-78.984406,43.08076],[-78.984406,43.080807],[-78.984407,43.08094899999999],[-78.984408,43.080996999999996],[-78.984407,43.08129799999998],[-78.984407,43.082204000000004],[-78.984407,43.082505999999995],[-78.984407,43.082564],[-78.98441,43.08273799999999],[-78.984411,43.082795999999995],[-78.984407,43.08313],[-78.984411,43.08392899999999],[-78.984411,43.084237999999985],[-78.984414,43.085165],[-78.984415,43.08547500000001],[-78.984416,43.085730999999996],[-78.984419,43.086501999999996],[-78.98442,43.08675899999999],[-78.984418,43.087132999999994],[-78.98441200000002,43.088256],[-78.984411,43.088582],[-78.984418,43.088631],[-78.984784,43.0887],[-78.985882,43.088909000000015],[-78.986249,43.088978999999995],[-78.98662700000001,43.089045999999996],[-78.987761,43.08925000000001],[-78.988139,43.08931799999999],[-78.98861,43.089409999999994],[-78.989755,43.089575],[-78.990243,43.089623],[-78.990203,43.089711]]]},"properties":{"geoid":"36063022100","name":"221","namelsad":"Census Tract 221","aland_acres":431.43813370181687,"site_count":4,"cont_acres":22.32,"coverage_pct":5.17,"sites_per_sqmi":5.93}},{"type":"Feature","geometry":{"type":"Polygon","coordinates":[[[-78.985883,43.073697],[-78.985877,43.074132999999996],[-78.985876,43.074279],[-78.985864,43.074427],[-78.98583,43.074873],[-78.98582,43.07502199999998],[-78.985602,43.07498499999999],[-78.985465,43.07496299999999],[-78.985242,43.074912999999995],[-78.985006,43.074851],[-78.98496,43.07483499999999],[-78.984819,43.074788],[-78.984754,43.07475899999999],[-78.984625,43.07470299999999],[-78.984239,43.07453499999999],[-78.984111,43.074479000000004],[-78.984035,43.074447],[-78.983809,43.07435299999999],[-78.983734,43.074322],[-78.98354,43.074256000000005],[-78.983447,43.074224],[-78.98295,43.07409299999999],[-78.982753,43.074041],[-78.982553,43.073992000000004],[-78.982436,43.07396399999999],[-78.981948,43.073871],[-78.981746,43.07383299999999],[-78.981746,43.07419800000001],[-78.981746,43.075295999999994],[-78.981747,43.07566199999999],[-78.981746,43.076021],[-78.981743,43.07710099999999],[-78.981743,43.077462000000004],[-78.981743,43.07783599999999],[-78.981743,43.07895899999999],[-78.981743,43.07933400000002],[-78.981743,43.07949500000001],[-78.981745,43.079968],[-78.981745,43.07998],[-78.981745,43.08005099999998],[-78.981745,43.080142],[-78.981579,43.080131999999985],[-78.9815,43.08012699999999],[-78.980777,43.08008099999999],[-78.980524,43.080063],[-78.980378,43.080053],[-78.980292,43.080045999999996],[-78.980031,43.080028],[-78.979599,43.079994],[-78.979368,43.07997700000001],[-78.978693,43.079927],[-78.977251,43.07982299999999],[-78.976667,43.079789999999996],[-78.97636000000001,43.079772999999996],[-78.975992,43.079751],[-78.975586,43.079719999999995],[-78.975255,43.079697],[-78.974509,43.07964799999998],[-78.973354,43.079560999999984],[-78.973045,43.07954000000001],[-78.972358,43.07949500000001],[-78.972309,43.07949099999998],[-78.972265,43.07948699999999],[-78.972136,43.079478],[-78.972093,43.079474999999995],[-78.971843,43.079457],[-78.971094,43.079404999999994],[-78.970845,43.07938899999999],[-78.970289,43.079350999999996],[-78.968769,43.07924999999999],[-78.968624,43.07923799999999],[-78.96812,43.079198999999996],[-78.96807,43.079196],[-78.967832,43.07917999999998],[-78.967359,43.079151],[-78.967119,43.079131999999994],[-78.966882,43.07911500000001],[-78.966622,43.079095],[-78.966364,43.079076],[-78.965845,43.07904099999999],[-78.965586,43.079024000000004],[-78.965242,43.07900099999999],[-78.964213,43.07893200000001],[-78.96387,43.07891],[-78.963302,43.078873],[-78.963104,43.07886100000001],[-78.962629,43.07883],[-78.961603,43.078742999999996],[-78.961582,43.07874199999999],[-78.961037,43.07869899999999],[-78.960922,43.078689999999995],[-78.960577,43.07866499999999],[-78.960462,43.07865699999999],[-78.96008,43.078628],[-78.959449,43.07858099999999],[-78.958996,43.07852199999999],[-78.958938,43.078511999999996],[-78.95856,43.078452],[-78.958364,43.07842],[-78.9583,43.07841],[-78.957888,43.078334],[-78.957779,43.07831099999999],[-78.957586,43.078270999999994],[-78.957223,43.07819400000001],[-78.957204,43.078188],[-78.956419,43.077980000000004],[-78.956075,43.077872],[-78.955703,43.077755999999994],[-78.95525,43.077615],[-78.954581,43.077403],[-78.952287,43.07667699999998],[-78.951219,43.07633799999999],[-78.950099,43.07598300000001],[-78.949139,43.07567399999999],[-78.947452,43.075132999999994],[-78.946259,43.074758],[-78.945534,43.07453099999999],[-78.945392,43.074483],[-78.9453,43.074452],[-78.945246,43.074206],[-78.945077,43.073439],[-78.945022,43.07318599999999],[-78.944939,43.07302199999999],[-78.944691,43.07253200000001],[-78.944609,43.07236899999999],[-78.94472,43.072003],[-78.945054,43.070908],[-78.94516600000001,43.070543],[-78.945184,43.069825],[-78.945242,43.067673],[-78.945262,43.06695599999999],[-78.949962,43.067856000000006],[-78.975611,43.068236],[-78.976963,43.06825599999999],[-78.985764,43.068555999999994],[-78.985788,43.069554999999994],[-78.98586,43.072552],[-78.985885,43.073551999999985],[-78.985883,43.073697]]]},"properties":{"geoid":"36063022200","name":"222","namelsad":"Census Tract 222","aland_acres":520.7620434233389,"site_count":7,"cont_acres":69.05,"coverage_pct":13.26,"sites_per_sqmi":8.6}},{"type":"Feature","geometry":{"type":"Polygon","coordinates":[[[-78.972738,43.092459999999996],[-78.971245,43.09245399999998],[-78.970395,43.092444],[-78.970144,43.092467],[-78.96963,43.09198800000001],[-78.969599,43.091959],[-78.969287,43.091668],[-78.96817100000001,43.09167699999999],[-78.964827,43.09170400000001],[-78.963712,43.091714],[-78.962892,43.09239799999999],[-78.962748,43.09219000000001],[-78.96251,43.091897],[-78.961921,43.09121],[-78.961817,43.090897999999996],[-78.961827,43.09064699999999],[-78.961869,43.090463],[-78.961899,43.09039999999999],[-78.961987,43.090213999999996],[-78.962128,43.090056],[-78.96223000000002,43.08994799999999],[-78.962364,43.08984699999999],[-78.962507,43.08974099999999],[-78.962606,43.089642],[-78.962634,43.089472],[-78.96258000000002,43.089015],[-78.96254300000001,43.08870099999999],[-78.962499,43.088295],[-78.962478,43.088097999999995],[-78.962399,43.087075],[-78.962379,43.086809999999986],[-78.962386,43.08666800000001],[-78.962443,43.086194],[-78.962484,43.086043],[-78.962648,43.085451000000006],[-78.962668,43.085059999999984],[-78.96262,43.084785000000004],[-78.962478,43.084472999999996],[-78.962314,43.084253999999994],[-78.96193500000001,43.083747],[-78.961433,43.08307599999999],[-78.961217,43.08278800000001],[-78.960537,43.081925000000005],[-78.960254,43.081473999999986],[-78.960013,43.081011999999994],[-78.95994300000001,43.080876999999994],[-78.959843,43.08048699999999],[-78.959808,43.080206999999994],[-78.95980400000002,43.080175],[-78.959843,43.079939],[-78.95986,43.079865999999996],[-78.959914,43.07963800000001],[-78.96007000000002,43.079135],[-78.960149,43.078987],[-78.960223,43.07890799999999],[-78.960462,43.07865699999999],[-78.960577,43.07866499999999],[-78.960922,43.078689999999995],[-78.961037,43.07869899999999],[-78.961582,43.07874199999999],[-78.961603,43.078742999999996],[-78.962629,43.07883],[-78.963104,43.07886100000001],[-78.963302,43.078873],[-78.96387,43.07891],[-78.964213,43.07893200000001],[-78.965242,43.07900099999999],[-78.965586,43.079024000000004],[-78.965845,43.07904099999999],[-78.966364,43.079076],[-78.966622,43.079095],[-78.966882,43.07911500000001],[-78.967119,43.079131999999994],[-78.967359,43.079151],[-78.967832,43.07917999999998],[-78.96807,43.079196],[-78.96812,43.079198999999996],[-78.968624,43.07923799999999],[-78.968769,43.07924999999999],[-78.970289,43.079350999999996],[-78.970845,43.07938899999999],[-78.971094,43.079404999999994],[-78.971843,43.079457],[-78.972093,43.079474999999995],[-78.972136,43.079478],[-78.972265,43.07948699999999],[-78.972309,43.07949099999998],[-78.972358,43.07953599999999],[-78.972508,43.079674],[-78.972558,43.079719999999995],[-78.972526,43.079725999999994],[-78.972496,43.07975299999999],[-78.972483,43.07983899999999],[-78.972486,43.07997099999999],[-78.972488,43.08004499999999],[-78.972502,43.080597999999995],[-78.972544,43.082259999999984],[-78.972559,43.082814],[-78.972567,43.083171],[-78.972571,43.083353],[-78.972608,43.08496999999999],[-78.972613,43.085174],[-78.972623,43.085510000000006],[-78.972637,43.08622499999999],[-78.97267900000001,43.088373],[-78.972694,43.089089],[-78.972702,43.089762999999984],[-78.972719,43.090999999999994],[-78.972729,43.091784999999994],[-78.972738,43.092459999999996]]]},"properties":{"geoid":"36063022300","name":"223","namelsad":"Census Tract 223","aland_acres":314.4796849702584,"site_count":0,"cont_acres":0,"coverage_pct":0,"sites_per_sqmi":0}},{"type":"Feature","geometry":{"type":"Polygon","coordinates":[[[-78.962892,43.09239799999999],[-78.958938,43.094159000000005],[-78.958824,43.09419499999999],[-78.958486,43.094305000000006],[-78.958373,43.09434199999999],[-78.955397,43.095409],[-78.95530400000001,43.095449],[-78.949992,43.0974],[-78.950004,43.09776399999999],[-78.950004,43.09778300000001],[-78.950037,43.0989],[-78.950043,43.09893300000001],[-78.950086,43.099164],[-78.950123,43.09930799999999],[-78.949153,43.099308],[-78.948942,43.09930999999999],[-78.945402,43.09935699999999],[-78.944223,43.09937299999999],[-78.944175,43.09926399999999],[-78.944034,43.098938],[-78.943987,43.09883],[-78.943869,43.09790599999999],[-78.943623,43.095971],[-78.942781,43.095922],[-78.941852,43.095869],[-78.941855,43.09573599999999],[-78.941868,43.095337],[-78.941873,43.09520499999999],[-78.941908,43.094612999999995],[-78.942015,43.092841],[-78.942051,43.09225000000001],[-78.942126,43.09113299999999],[-78.94224,43.091024000000004],[-78.942431,43.09091699999999],[-78.942652,43.090832999999996],[-78.942818,43.09079800000001],[-78.942879,43.09078499999999],[-78.943522,43.090719],[-78.943742,43.090683999999996],[-78.943983,43.090605999999994],[-78.94445,43.09040099999999],[-78.945676,43.089771],[-78.946072,43.089587],[-78.94624500000002,43.089534999999984],[-78.946455,43.089495],[-78.946609,43.08949299999999],[-78.946793,43.089509],[-78.947248,43.08957299999999],[-78.947751,43.089672],[-78.948027,43.08971400000001],[-78.948162,43.089713999999994],[-78.949446,43.089471],[-78.949574,43.08943699999999],[-78.949778,43.08938199999999],[-78.950062,43.089254999999994],[-78.950489,43.08910799999999],[-78.950852,43.08903399999999],[-78.951042,43.08895499999999],[-78.951244,43.088838],[-78.951408,43.088643],[-78.95153900000001,43.088386],[-78.951725,43.08798],[-78.951808,43.08783299999999],[-78.951934,43.08766399999999],[-78.952122,43.087512],[-78.952299,43.087463],[-78.952554,43.087463],[-78.952688,43.08747699999999],[-78.953014,43.087604],[-78.953177,43.08768199999999],[-78.953399,43.087764],[-78.953821,43.087833],[-78.954764,43.08805],[-78.955295,43.088121],[-78.955418,43.08812400000001],[-78.955589,43.088128],[-78.95560700000001,43.088128],[-78.95583,43.08811699999998],[-78.95603900000002,43.08808599999999],[-78.956101,43.088061],[-78.956986,43.08771199999999],[-78.95727,43.087633000000004],[-78.95745,43.087617],[-78.957583,43.08763400000001],[-78.957645,43.08764300000001],[-78.957787,43.087685],[-78.958065,43.087821],[-78.95834,43.088011999999985],[-78.958915,43.08829099999999],[-78.959389,43.088447],[-78.95968,43.088531999999994],[-78.960254,43.08873],[-78.960983,43.08906399999999],[-78.96145,43.08934],[-78.962016,43.089779],[-78.961755,43.089856],[-78.961899,43.09039999999999],[-78.961869,43.090463],[-78.961827,43.09064699999999],[-78.961817,43.090897999999996],[-78.961921,43.09121],[-78.96251,43.091897],[-78.962748,43.09219000000001],[-78.962892,43.09239799999999]]]},"properties":{"geoid":"36063022500","name":"225","namelsad":"Census Tract 225","aland_acres":339.2650986345943,"site_count":0,"cont_acres":0,"coverage_pct":0,"sites_per_sqmi":0}},{"type":"Feature","geometry":{"type":"Polygon","coordinates":[[[-78.962648,43.085451000000006],[-78.962484,43.086043],[-78.962443,43.086194],[-78.962386,43.08666800000001],[-78.962379,43.086809999999986],[-78.962399,43.087075],[-78.962478,43.088097999999995],[-78.962499,43.088295],[-78.96254300000001,43.08870099999999],[-78.96258000000002,43.089015],[-78.962634,43.089472],[-78.962606,43.089642],[-78.962507,43.08974099999999],[-78.962364,43.08984699999999],[-78.96223000000002,43.08994799999999],[-78.962128,43.090056],[-78.961987,43.090213999999996],[-78.961899,43.09039999999999],[-78.961755,43.089856],[-78.962016,43.089779],[-78.96145,43.08934],[-78.960983,43.08906399999999],[-78.960254,43.08873],[-78.95968,43.088531999999994],[-78.959389,43.088447],[-78.958915,43.08829099999999],[-78.95834,43.088011999999985],[-78.958065,43.087821],[-78.957787,43.087685],[-78.957645,43.08764300000001],[-78.957583,43.08763400000001],[-78.95745,43.087617],[-78.95727,43.087633000000004],[-78.956986,43.08771199999999],[-78.956101,43.088061],[-78.95603900000002,43.08808599999999],[-78.95583,43.08811699999998],[-78.95560700000001,43.088128],[-78.955589,43.088128],[-78.955418,43.08812400000001],[-78.955295,43.088121],[-78.954764,43.08805],[-78.953821,43.087833],[-78.953399,43.087764],[-78.953177,43.08768199999999],[-78.953014,43.087604],[-78.952688,43.08747699999999],[-78.952554,43.087463],[-78.952299,43.087463],[-78.952122,43.087512],[-78.951934,43.08766399999999],[-78.951808,43.08783299999999],[-78.951725,43.08798],[-78.95153900000001,43.088386],[-78.951408,43.088643],[-78.951244,43.088838],[-78.951042,43.08895499999999],[-78.950852,43.08903399999999],[-78.950489,43.08910799999999],[-78.950062,43.089254999999994],[-78.949778,43.08938199999999],[-78.949574,43.08943699999999],[-78.949446,43.089471],[-78.948162,43.089713999999994],[-78.948027,43.08971400000001],[-78.947751,43.089672],[-78.947248,43.08957299999999],[-78.946793,43.089509],[-78.946609,43.08949299999999],[-78.946455,43.089495],[-78.94624500000002,43.089534999999984],[-78.946072,43.089587],[-78.945676,43.089771],[-78.94445,43.09040099999999],[-78.943983,43.090605999999994],[-78.943742,43.090683999999996],[-78.943522,43.090719],[-78.942879,43.09078499999999],[-78.942818,43.09079800000001],[-78.942652,43.090832999999996],[-78.942431,43.09091699999999],[-78.94224,43.091024000000004],[-78.942126,43.09113299999999],[-78.942643,43.08850799999999],[-78.942752,43.088014999999984],[-78.943551,43.088267],[-78.945384,43.08884699999999],[-78.945479,43.086742],[-78.945541,43.08540099999999],[-78.945539,43.08535100000001],[-78.945533,43.085204],[-78.945532,43.085155],[-78.945527,43.083994],[-78.945524,43.082834999999996],[-78.945476,43.080510999999994],[-78.945467,43.080026999999994],[-78.945467,43.079351],[-78.945467,43.07870599999999],[-78.945467,43.078587],[-78.945447,43.076772999999996],[-78.94544,43.076129],[-78.945435,43.07585199999999],[-78.945434,43.07572],[-78.945412,43.07502399999999],[-78.945404,43.074748],[-78.945383,43.07468800000001],[-78.94532,43.074510999999994],[-78.9453,43.074452],[-78.945392,43.074483],[-78.945534,43.07453099999999],[-78.946259,43.074758],[-78.947452,43.075132999999994],[-78.949139,43.07567399999999],[-78.950099,43.07598300000001],[-78.951219,43.07633799999999],[-78.952287,43.07667699999998],[-78.954581,43.077403],[-78.95525,43.077615],[-78.955703,43.077755999999994],[-78.956075,43.077872],[-78.956419,43.077980000000004],[-78.957204,43.078188],[-78.957223,43.07819400000001],[-78.957586,43.078270999999994],[-78.957779,43.07831099999999],[-78.957888,43.078334],[-78.9583,43.07841],[-78.958364,43.07842],[-78.95856,43.078452],[-78.958938,43.078511999999996],[-78.958996,43.07852199999999],[-78.959449,43.07858099999999],[-78.96008,43.078628],[-78.960462,43.07865699999999],[-78.960223,43.07890799999999],[-78.960149,43.078987],[-78.96007000000002,43.079135],[-78.959914,43.07963800000001],[-78.95986,43.079865999999996],[-78.959843,43.079939],[-78.95980400000002,43.080175],[-78.959808,43.080206999999994],[-78.959843,43.08048699999999],[-78.95994300000001,43.080876999999994],[-78.960013,43.081011999999994],[-78.960254,43.081473999999986],[-78.960537,43.081925000000005],[-78.961217,43.08278800000001],[-78.961433,43.08307599999999],[-78.96193500000001,43.083747],[-78.962314,43.084253999999994],[-78.962478,43.084472999999996],[-78.96262,43.084785000000004],[-78.962668,43.085059999999984],[-78.962648,43.085451000000006]]]},"properties":{"geoid":"36063022401","name":"224.01","namelsad":"Census Tract 224.01","aland_acres":433.54347177166665,"site_count":7,"cont_acres":154.89,"coverage_pct":35.73,"sites_per_sqmi":10.33}},{"type":"Feature","geometry":{"type":"Polygon","coordinates":[[[-78.999559,43.110777000000006],[-78.999533,43.111493],[-78.999523,43.11241099999999],[-78.999525,43.11276999999998],[-78.999545,43.112870999999984],[-78.999457,43.113268],[-78.999181,43.115541],[-78.999129,43.11597600000001],[-78.998937,43.116441],[-78.998364,43.11783600000001],[-78.998173,43.11830199999999],[-78.998209,43.118373999999996],[-78.998217,43.118392],[-78.998352,43.11866599999999],[-78.998891,43.11975799999999],[-78.999071,43.120122999999985],[-78.998763,43.12017399999999],[-78.99846000000001,43.120226],[-78.997937,43.120298],[-78.997836,43.120308],[-78.997526,43.12033999999999],[-78.997114,43.12037399999999],[-78.996976,43.12038499999999],[-78.996911,43.12039000000001],[-78.996788,43.1204],[-78.99659,43.12040499999999],[-78.996483,43.120408],[-78.99644,43.12040899999999],[-78.995625,43.120422],[-78.993052,43.120465999999986],[-78.992938,43.12046799999999],[-78.992353,43.120522],[-78.992199,43.12054199999999],[-78.990822,43.120774],[-78.990103,43.120888],[-78.98554800000001,43.121617999999984],[-78.984519,43.12179899999999],[-78.983815,43.12191099999999],[-78.981719,43.122246999999994],[-78.980598,43.12242899999999],[-78.977464,43.122938999999995],[-78.977236,43.12297699999999],[-78.977177,43.122987],[-78.976114,43.123146999999996],[-78.975955,43.12316500000001],[-78.975654,43.12317300000001],[-78.975459,43.12317],[-78.975373,43.12317],[-78.975151,43.123154],[-78.974655,43.123083],[-78.974362,43.12301699999999],[-78.97408,43.122935],[-78.973663,43.122785000000015],[-78.973554,43.122733],[-78.973035,43.122488],[-78.972961,43.12245399999999],[-78.972075,43.12259699999999],[-78.969418,43.12302699999999],[-78.969162,43.123069],[-78.968535,43.123182],[-78.968372,43.123211000000005],[-78.965014,43.12376599999999],[-78.96498,43.12377200000001],[-78.961106,43.124397000000016],[-78.958062,43.124897999999995],[-78.954447,43.125484],[-78.954108,43.125539999999994],[-78.952662,43.12576800000001],[-78.951846,43.125897],[-78.950903,43.125997],[-78.950923,43.12607],[-78.950917,43.12636799999999],[-78.950911,43.127023],[-78.950899,43.12848499999999],[-78.950867,43.129947999999985],[-78.950866,43.13000099999999],[-78.950842,43.130923],[-78.950826,43.132390999999984],[-78.950747,43.132431999999994],[-78.946833,43.132512],[-78.945279,43.132518],[-78.944766,43.132521000000004],[-78.94222400000001,43.132504],[-78.942249,43.13134],[-78.94235300000001,43.12759499999999],[-78.942358,43.127438999999995],[-78.942371,43.12709],[-78.942389,43.125937999999984],[-78.942155,43.125749],[-78.942156,43.125448],[-78.94217900000001,43.123662],[-78.942205,43.121463],[-78.942219,43.12116],[-78.942264,43.120251],[-78.942279,43.119948999999984],[-78.942295,43.11963499999999],[-78.942292,43.11912499999999],[-78.942278,43.116653],[-78.942274,43.11582899999999],[-78.942271,43.115152],[-78.942264,43.113122],[-78.942262,43.112446],[-78.942262,43.112367],[-78.942263,43.112133],[-78.942264,43.112055],[-78.942264,43.111989],[-78.942265,43.111951999999995],[-78.942195,43.11180800000001],[-78.942167,43.11175],[-78.942049,43.109694],[-78.942045,43.10950299999999],[-78.942042,43.109362],[-78.942039,43.109216],[-78.941673,43.10454000000001],[-78.941656,43.10431599999998],[-78.941647,43.10420699999999],[-78.94157,43.10320299999999],[-78.941497,43.10220999999999],[-78.94149,43.102106],[-78.941471,43.101708],[-78.941388,43.10078600000001],[-78.941365,43.10034],[-78.941316,43.09982699999999],[-78.941312,43.09973500000001],[-78.941303,43.099460999999984],[-78.9413,43.09937],[-78.94141,43.098669],[-78.941741,43.096569],[-78.941852,43.095869],[-78.942781,43.095922],[-78.943623,43.095971],[-78.943869,43.09790599999999],[-78.943987,43.09883],[-78.944034,43.098938],[-78.944175,43.09926399999999],[-78.944223,43.09937299999999],[-78.945402,43.09935699999999],[-78.948942,43.09930999999999],[-78.949153,43.099308],[-78.950123,43.09930799999999],[-78.950086,43.099164],[-78.950043,43.09893300000001],[-78.950037,43.0989],[-78.950004,43.09778300000001],[-78.950004,43.09776399999999],[-78.949992,43.0974],[-78.95530400000001,43.095449],[-78.955397,43.095409],[-78.958373,43.09434199999999],[-78.958486,43.094305000000006],[-78.958824,43.09419499999999],[-78.958938,43.094159000000005],[-78.962892,43.09239799999999],[-78.963712,43.091714],[-78.964827,43.09170400000001],[-78.96817100000001,43.09167699999999],[-78.969287,43.091668],[-78.969599,43.091959],[-78.96963,43.09198800000001],[-78.970144,43.092467],[-78.971238,43.09351399999999],[-78.971687,43.09393399999999],[-78.971878,43.09411999999999],[-78.972278,43.09450799999998],[-78.972444,43.09467699999999],[-78.973063,43.095305],[-78.97378,43.09603],[-78.979168,43.096021],[-78.979154,43.092806],[-78.987358,43.09276],[-78.987368,43.092747999999986],[-78.98740100000002,43.092713999999994],[-78.987412,43.09270299999999],[-78.98742,43.092693],[-78.987444,43.092667],[-78.987453,43.09265800000001],[-78.98757,43.09265899999998],[-78.987921,43.09266199999999],[-78.988038,43.092663],[-78.988316,43.09266100000001],[-78.988416,43.09266099999999],[-78.988513,43.09266],[-78.98915,43.09265599999999],[-78.989429,43.092655],[-78.991456,43.092555],[-78.997537,43.092254999999994],[-78.999564,43.092155],[-78.999503,43.09388799999999],[-78.999322,43.09908699999998],[-78.999262,43.100821],[-78.999205,43.102105],[-78.999037,43.10596],[-78.999033,43.10607399999999],[-78.998997,43.10690499999998],[-78.998982,43.107246],[-78.999104,43.10794],[-78.99947,43.11002200000001],[-78.999592,43.11071599999999],[-78.999559,43.110777000000006]]]},"properties":{"geoid":"36063022602","name":"226.02","namelsad":"Census Tract 226.02","aland_acres":3836.5331012519346,"site_count":20,"cont_acres":1944.26,"coverage_pct":50.68,"sites_per_sqmi":3.34}},{"type":"Feature","geometry":{"type":"Polygon","coordinates":[[[-79.04030800000001,43.13238599999998],[-79.039723,43.13238299999998],[-79.037968,43.132374],[-79.037776,43.132374],[-79.037384,43.132356],[-79.034713,43.132267999999996],[-79.030756,43.132139],[-79.029718,43.132105],[-79.027637,43.13203699999999],[-79.026894,43.131989999999995],[-79.026604,43.131982999999984],[-79.026262,43.131973],[-79.024038,43.131810999999985],[-79.019664,43.131812999999994],[-79.019532,43.131779],[-79.019325,43.13172700000001],[-79.019136,43.131678000000015],[-79.019005,43.131645],[-79.01897,43.131646999999994],[-79.018864,43.131655999999985],[-79.01883,43.131659000000006],[-79.016778,43.13165599999999],[-79.01062500000002,43.131648],[-79.009611,43.131646999999994],[-79.008574,43.13164599999999],[-79.008076,43.131632999999994],[-79.006582,43.131596],[-79.006084,43.13158399999999],[-79.005674,43.13159599999999],[-79.004447,43.131633999999984],[-79.004038,43.13164799999999],[-79.003443,43.131673000000006],[-79.001657,43.13175],[-79.001063,43.131775999999995],[-79.000941,43.13174399999999],[-79.00047,43.131740999999984],[-79.000002,43.131739999999986],[-78.998682,43.13174500000001],[-78.998086,43.131747999999995],[-78.997838,43.131749],[-78.997097,43.131752],[-78.99685,43.131754],[-78.996549,43.131756],[-78.995645,43.131763],[-78.995345,43.131765999999985],[-78.995034,43.13176700000001],[-78.994104,43.131772],[-78.993942,43.131774],[-78.993796,43.131755999999996],[-78.979045,43.132007],[-78.977059,43.13203999999999],[-78.976356,43.132053],[-78.974683,43.13213700000001],[-78.974204,43.132141999999995],[-78.973462,43.132152],[-78.972767,43.132156],[-78.972289,43.13216],[-78.97142600000001,43.132186],[-78.968838,43.132265999999994],[-78.967976,43.13229299999999],[-78.967571,43.132299],[-78.966364,43.132318],[-78.965955,43.132331],[-78.951493,43.132411000000005],[-78.95109700000002,43.132395],[-78.951002,43.13239199999999],[-78.950826,43.132390999999984],[-78.950842,43.130923],[-78.950866,43.13000099999999],[-78.950867,43.129947999999985],[-78.950899,43.12848499999999],[-78.950911,43.127023],[-78.950917,43.12636799999999],[-78.950923,43.12607],[-78.950903,43.125997],[-78.951846,43.125897],[-78.952662,43.12576800000001],[-78.954108,43.125539999999994],[-78.954447,43.125484],[-78.958062,43.124897999999995],[-78.961106,43.124397000000016],[-78.96498,43.12377200000001],[-78.965014,43.12376599999999],[-78.968372,43.123211000000005],[-78.968535,43.123182],[-78.969162,43.123069],[-78.969418,43.12302699999999],[-78.972075,43.12259699999999],[-78.972961,43.12245399999999],[-78.973035,43.122488],[-78.973554,43.122733],[-78.973663,43.122785000000015],[-78.97408,43.122935],[-78.974362,43.12301699999999],[-78.974655,43.123083],[-78.975151,43.123154],[-78.975373,43.12317],[-78.975459,43.12317],[-78.975654,43.12317300000001],[-78.975955,43.12316500000001],[-78.976114,43.123146999999996],[-78.977177,43.122987],[-78.977236,43.12297699999999],[-78.977464,43.122938999999995],[-78.980598,43.12242899999999],[-78.981719,43.122246999999994],[-78.983815,43.12191099999999],[-78.984519,43.12179899999999],[-78.98554800000001,43.121617999999984],[-78.990103,43.120888],[-78.990822,43.120774],[-78.992199,43.12054199999999],[-78.992353,43.120522],[-78.992938,43.12046799999999],[-78.993052,43.120465999999986],[-78.995625,43.120422],[-78.99644,43.12040899999999],[-78.996483,43.120408],[-78.99659,43.12040499999999],[-78.996788,43.1204],[-78.996911,43.12039000000001],[-78.996976,43.12038499999999],[-78.997114,43.12037399999999],[-78.997526,43.12033999999999],[-78.997836,43.120308],[-78.997937,43.120298],[-78.99846000000001,43.120226],[-78.998763,43.12017399999999],[-78.999071,43.120122999999985],[-78.999285,43.120088],[-78.99984200000002,43.119996999999984],[-79.002156,43.11962],[-79.002928,43.11949500000001],[-79.003147,43.119457999999995],[-79.003301,43.11943200000001],[-79.003723,43.11937],[-79.003958,43.119336000000004],[-79.006109,43.118988],[-79.006905,43.118860000000005],[-79.007678,43.11873099999999],[-79.00829300000001,43.11863],[-79.009998,43.118352],[-79.010772,43.11822599999999],[-79.012655,43.117921],[-79.012856,43.11788899999999],[-79.018762,43.11695099999999],[-79.019113,43.116903],[-79.01915,43.116898],[-79.021198,43.116569999999996],[-79.021408,43.11653499999999],[-79.022041,43.11643399999999],[-79.022253,43.116401],[-79.022455,43.116369],[-79.023062,43.11627599999999],[-79.023265,43.116245],[-79.023488,43.116208999999984],[-79.02416,43.116103999999986],[-79.024283,43.116085],[-79.024385,43.116068999999996],[-79.025298,43.115923999999985],[-79.026303,43.115764],[-79.026504,43.115731],[-79.027111,43.115635],[-79.027313,43.11560299999999],[-79.027361,43.11559499999999],[-79.027509,43.115570999999996],[-79.027558,43.115563999999985],[-79.027709,43.115538999999984],[-79.028164,43.115466999999995],[-79.028316,43.11544299999999],[-79.02847,43.115417],[-79.028935,43.11534300000001],[-79.02909,43.115318],[-79.029136,43.11530999999999],[-79.029276,43.115287],[-79.029323,43.11527999999999],[-79.029555,43.11524200000001],[-79.030255,43.115131],[-79.030488,43.115094],[-79.03132,43.11496399999999],[-79.031603,43.114925],[-79.0326,43.114758],[-79.032969,43.114693],[-79.033025,43.11468],[-79.033088,43.114794999999994],[-79.033264,43.11520999999999],[-79.033541,43.115935],[-79.033826,43.11671299999999],[-79.034155,43.11752799999999],[-79.034228,43.11769199999999],[-79.034447,43.118185],[-79.03452,43.11835],[-79.034591,43.11852600000001],[-79.034805,43.119054999999996],[-79.034877,43.119232],[-79.034945,43.119409],[-79.035152,43.11994199999999],[-79.035221,43.12012],[-79.035359,43.120459999999994],[-79.035366,43.12047499999999],[-79.035784,43.121477],[-79.035926,43.121817],[-79.036622,43.12349799999999],[-79.036978,43.12435399999999],[-79.03705,43.12452499999999],[-79.037266,43.125037999999996],[-79.037339,43.125209],[-79.037456,43.125498],[-79.037602,43.125806],[-79.037716,43.12608099999999],[-79.037781,43.126220999999994],[-79.037933,43.126637],[-79.038097,43.12695],[-79.03818,43.12710899999999],[-79.038231,43.127205999999994],[-79.038406,43.12760099999999],[-79.03848000000002,43.127767],[-79.038615,43.128096],[-79.038967,43.128952999999996],[-79.03902,43.129087],[-79.039151,43.12941899999999],[-79.039192,43.129566000000004],[-79.039208,43.12960999999999],[-79.039419,43.130172],[-79.039451,43.13025599999999],[-79.03948700000001,43.13036],[-79.039601,43.13067499999999],[-79.039632,43.13077599999999],[-79.039799,43.131308],[-79.039962,43.131767],[-79.040197,43.132147999999994],[-79.04030800000001,43.13238599999998]]]},"properties":{"geoid":"36063022601","name":"226.01","namelsad":"Census Tract 226.01","aland_acres":2233.0463451133423,"site_count":15,"cont_acres":273.74,"coverage_pct":12.26,"sites_per_sqmi":4.3}},{"type":"Feature","geometry":{"type":"Polygon","coordinates":[[[-78.88932700000001,43.068311999999985],[-78.88465,43.068279999999994],[-78.870619,43.06818599999998],[-78.865942,43.06815499999999],[-78.865942,43.06813300000002],[-78.865939,43.067969000000005],[-78.865938,43.067914],[-78.86592700000001,43.067192999999996],[-78.865924,43.06695299999999],[-78.865912,43.066369],[-78.865876,43.064617],[-78.865865,43.064034],[-78.865855,43.063504],[-78.865826,43.061915],[-78.865817,43.061386],[-78.865813,43.06117999999999],[-78.865802,43.060563],[-78.865799,43.060358],[-78.865786,43.059683],[-78.86575,43.057658],[-78.865738,43.056983],[-78.865732,43.056798],[-78.865715,43.056242999999995],[-78.86571,43.05605800000001],[-78.865701,43.055805],[-78.865677,43.055046],[-78.86566900000001,43.054793999999994],[-78.865662,43.054553],[-78.865647,43.05396799999998],[-78.865643,43.05383299999999],[-78.865637,43.053594],[-78.865632,43.053444],[-78.865617,43.052997],[-78.865612,43.052848000000004],[-78.865607,43.05270599999999],[-78.865593,43.052281999999984],[-78.865589,43.05214099999999],[-78.86558,43.05188499999999],[-78.865556,43.05111699999999],[-78.865548,43.05086200000001],[-78.865543,43.05071999999999],[-78.865528,43.050295000000006],[-78.865524,43.05015399999999],[-78.865519,43.049994],[-78.865504,43.049513],[-78.8655,43.049354],[-78.86549500000001,43.0492],[-78.86548,43.04874],[-78.865475,43.048587000000005],[-78.86547,43.048431],[-78.865455,43.047962999999996],[-78.86545,43.047807999999996],[-78.865435,43.04733800000001],[-78.865391,43.045929],[-78.865377,43.04546],[-78.865375,43.045318],[-78.865369,43.044893],[-78.86536400000001,43.04473899999999],[-78.865357,43.044571],[-78.865356,43.044551999999996],[-78.865339,43.044015],[-78.865308,43.04317199999999],[-78.865302,43.04298699999999],[-78.865284,43.042434],[-78.865278,43.04224999999999],[-78.865273,43.042061],[-78.865258,43.04149699999999],[-78.865253,43.04130899999999],[-78.86525,43.04117300000001],[-78.865247,43.040985],[-78.865255,43.040768],[-78.86526,43.040634],[-78.865262,43.04054599999999],[-78.865304,43.040499999999994],[-78.86531,43.040313999999995],[-78.865311,43.040299],[-78.865312,43.040083],[-78.86529,43.039843999999995],[-78.865268,43.03976900000001],[-78.865196,43.039636999999985],[-78.865004,43.039393999999994],[-78.864796,43.039131],[-78.864775,43.03900699999999],[-78.864775,43.03887600000001],[-78.864796,43.03883],[-78.86483,43.03875799999999],[-78.864882,43.038697],[-78.864928,43.038651],[-78.865071,43.038559],[-78.865294,43.038469],[-78.865573,43.03841299999999],[-78.865874,43.03835399999999],[-78.866432,43.03823599999999],[-78.866757,43.038168000000006],[-78.868108,43.037893999999994],[-78.868668,43.037780999999995],[-78.869155,43.037683],[-78.870399,43.037434],[-78.870619,43.037385],[-78.871105,43.03727800000001],[-78.871378,43.037225],[-78.871782,43.037147],[-78.872198,43.03705999999999],[-78.872471,43.037003],[-78.872745,43.037736],[-78.872766,43.03778799999999],[-78.872777,43.03782],[-78.872995,43.038406],[-78.873073,43.038619],[-78.873106,43.03870900000001],[-78.87320500000001,43.03897899999999],[-78.873238,43.039069],[-78.873264,43.03913899999999],[-78.873344,43.039348999999994],[-78.873371,43.03941999999999],[-78.873393,43.03947899999999],[-78.873459,43.03965800000001],[-78.873482,43.039718],[-78.873557,43.039920999999985],[-78.873784,43.04053],[-78.87386000000001,43.04073399999999],[-78.873892,43.040824],[-78.873991,43.041096],[-78.87402400000002,43.041186999999994],[-78.87408,43.041342],[-78.874248,43.041807],[-78.874305,43.041961999999984],[-78.874323,43.04201],[-78.874379,43.042154],[-78.874398,43.04220299999999],[-78.874437,43.042307],[-78.874554,43.04262199999999],[-78.874594,43.042727],[-78.87465,43.04288],[-78.874821,43.04334],[-78.874878,43.04349400000001],[-78.874935,43.04365099999999],[-78.875106,43.04412199999999],[-78.875163,43.044279],[-78.875264,43.044551000000006],[-78.87557,43.045367],[-78.875672,43.04563999999999],[-78.875734,43.045802],[-78.875921,43.04629],[-78.875984,43.046452999999985],[-78.876027,43.04657699999999],[-78.876143,43.04690500000002],[-78.87616,43.04695099999999],[-78.876206,43.04707500000001],[-78.876221,43.047114999999984],[-78.876266,43.04723699999999],[-78.876282,43.047277999999984],[-78.876322,43.047382],[-78.87634,43.047428000000004],[-78.876458,43.047686999999996],[-78.876505,43.047788999999995],[-78.876578,43.04794199999999],[-78.876799,43.048402],[-78.876873,43.048556000000005],[-78.876942,43.048697],[-78.877151,43.049124000000006],[-78.877221,43.049265999999996],[-78.877292,43.049411],[-78.877505,43.049848999999995],[-78.87757600000002,43.049995],[-78.877646,43.050140999999996],[-78.877856,43.05058],[-78.877927,43.050726999999995],[-78.878291,43.051469],[-78.878645,43.052209],[-78.878705,43.05233],[-78.879096,43.053112000000006],[-78.879254,43.053442],[-78.879451,43.053854],[-78.87947,43.053893],[-78.879527,43.054010999999996],[-78.879547,43.054050999999994],[-78.879629,43.054223],[-78.879722,43.05441499999999],[-78.879887,43.05474],[-78.879951,43.054884],[-78.87996700000001,43.05491699999998],[-78.879985,43.054946],[-78.88037,43.055751],[-78.880557,43.056112999999996],[-78.880607,43.05617399999999],[-78.880663,43.056219],[-78.880773,43.056278],[-78.880985,43.056393],[-78.881152,43.056477],[-78.88165200000002,43.056733],[-78.881819,43.05681899999999],[-78.881899,43.056859999999986],[-78.88214,43.056983],[-78.882221,43.057025],[-78.882507,43.057173999999996],[-78.882746,43.05729899999999],[-78.883368,43.057622],[-78.883656,43.05777199999999],[-78.883762,43.057827],[-78.884583,43.058248999999996],[-78.885255,43.058595999999994],[-78.886596,43.059284999999996],[-78.887261,43.05962099999999],[-78.889276,43.060658999999994],[-78.889286,43.06246],[-78.889285,43.062579],[-78.88929,43.06348899999998],[-78.88932,43.067439],[-78.88932700000001,43.068311999999985]]]},"properties":{"geoid":"36063024600","name":"246","namelsad":"Census Tract 246","aland_acres":1041.6881648370982,"site_count":0,"cont_acres":0,"coverage_pct":0,"sites_per_sqmi":0}},{"type":"Feature","geometry":{"type":"Polygon","coordinates":[[[-78.906207,43.058944999999994],[-78.906171,43.05933799999998],[-78.906165,43.05941299999999],[-78.90616,43.059468999999986],[-78.906162,43.059718999999994],[-78.906171,43.060469999999995],[-78.906175,43.060720999999994],[-78.906077,43.06340999999999],[-78.90578300000001,43.071479000000004],[-78.905698,43.073825],[-78.905361,43.073755999999996],[-78.904435,43.07345599999999],[-78.901657,43.072556000000006],[-78.900732,43.07225600000001],[-78.89846800000001,43.07138599999998],[-78.891679,43.068776],[-78.890716,43.068405999999996],[-78.88932700000001,43.068311999999985],[-78.88932,43.067439],[-78.88929,43.06348899999998],[-78.889285,43.062579],[-78.889286,43.06246],[-78.889276,43.060658999999994],[-78.887261,43.05962099999999],[-78.886596,43.059284999999996],[-78.885255,43.058595999999994],[-78.884583,43.058248999999996],[-78.883762,43.057827],[-78.883656,43.05777199999999],[-78.883368,43.057622],[-78.882746,43.05729899999999],[-78.882507,43.057173999999996],[-78.882221,43.057025],[-78.88214,43.056983],[-78.881899,43.056859999999986],[-78.881819,43.05681899999999],[-78.88165200000002,43.056733],[-78.881152,43.056477],[-78.880985,43.056393],[-78.880773,43.056278],[-78.880663,43.056219],[-78.880607,43.05617399999999],[-78.880557,43.056112999999996],[-78.88037,43.055751],[-78.879985,43.054946],[-78.87996700000001,43.05491699999998],[-78.879951,43.054884],[-78.880283,43.05453299999999],[-78.882504,43.052171],[-78.884252,43.050326999999996],[-78.885213,43.04933],[-78.885633,43.048857],[-78.886138,43.04967299999999],[-78.886168,43.049719],[-78.886494,43.050248],[-78.886626,43.050461999999996],[-78.886671,43.050535999999994],[-78.88680900000001,43.050758],[-78.886855,43.050831999999986],[-78.886904,43.05091300000001],[-78.887053,43.051157999999994],[-78.887103,43.05124],[-78.88735,43.051659999999984],[-78.887429,43.051788],[-78.887666,43.05217499999999],[-78.887746,43.05230399999999],[-78.88796,43.052654],[-78.888167,43.052991999999996],[-78.888532,43.053583],[-78.888679,43.05381199999999],[-78.888809,43.054014],[-78.889107,43.054508999999996],[-78.889248,43.054743],[-78.889814,43.05442099999999],[-78.890141,43.054243],[-78.891961,43.05325599999999],[-78.892337,43.053034],[-78.89255,43.052870999999996],[-78.892791,43.052692],[-78.89359,43.05205800000002],[-78.893622,43.052032000000004],[-78.893635,43.05201899999999],[-78.893767,43.05190000000001],[-78.893811,43.051861],[-78.894076,43.052057],[-78.894708,43.05252],[-78.895091,43.052794999999996],[-78.89524,43.052903],[-78.896154,43.05358499999999],[-78.896742,43.053993999999996],[-78.89711,43.05423],[-78.897789,43.054618999999995],[-78.8991,43.055337],[-78.89980700000001,43.055724000000005],[-78.900182,43.055934],[-78.900491,43.056099],[-78.901389,43.05658999999999],[-78.901855,43.05684600000001],[-78.903981,43.05799399999999],[-78.90409,43.05805300000001],[-78.904289,43.058161999999996],[-78.904438,43.05824499999999],[-78.904858,43.058446999999994],[-78.90500700000001,43.058508],[-78.90512,43.05855499999999],[-78.905242,43.058592999999995],[-78.90532,43.05861800000001],[-78.905692,43.058713],[-78.905788,43.05873600000001],[-78.905971,43.05877300000001],[-78.906055,43.058791],[-78.906219,43.058814999999996],[-78.906207,43.058944999999994]]]},"properties":{"geoid":"36063022902","name":"229.02","namelsad":"Census Tract 229.02","aland_acres":728.456856384314,"site_count":0,"cont_acres":0,"coverage_pct":0,"sites_per_sqmi":0}},{"type":"Feature","geometry":{"type":"Polygon","coordinates":[[[-78.906256,43.058123999999985],[-78.906228,43.058642],[-78.906219,43.058814999999996],[-78.906055,43.058791],[-78.905971,43.05877300000001],[-78.905788,43.05873600000001],[-78.905692,43.058713],[-78.90532,43.05861800000001],[-78.905242,43.058592999999995],[-78.90512,43.05855499999999],[-78.90500700000001,43.058508],[-78.904858,43.058446999999994],[-78.904438,43.05824499999999],[-78.904289,43.058161999999996],[-78.90409,43.05805300000001],[-78.903981,43.05799399999999],[-78.901855,43.05684600000001],[-78.901389,43.05658999999999],[-78.900491,43.056099],[-78.900182,43.055934],[-78.89980700000001,43.055724000000005],[-78.8991,43.055337],[-78.897789,43.054618999999995],[-78.89711,43.05423],[-78.896742,43.053993999999996],[-78.896154,43.05358499999999],[-78.89524,43.052903],[-78.895091,43.052794999999996],[-78.894708,43.05252],[-78.894076,43.052057],[-78.893811,43.051861],[-78.893767,43.05190000000001],[-78.893635,43.05201899999999],[-78.893622,43.052032000000004],[-78.89359,43.05205800000002],[-78.892791,43.052692],[-78.89255,43.052870999999996],[-78.892337,43.053034],[-78.891961,43.05325599999999],[-78.890141,43.054243],[-78.889814,43.05442099999999],[-78.889248,43.054743],[-78.889107,43.054508999999996],[-78.888809,43.054014],[-78.888679,43.05381199999999],[-78.888532,43.053583],[-78.888167,43.052991999999996],[-78.88796,43.052654],[-78.887746,43.05230399999999],[-78.887666,43.05217499999999],[-78.887429,43.051788],[-78.88735,43.051659999999984],[-78.887103,43.05124],[-78.887053,43.051157999999994],[-78.886904,43.05091300000001],[-78.886855,43.050831999999986],[-78.88680900000001,43.050758],[-78.886671,43.050535999999994],[-78.886626,43.050461999999996],[-78.886494,43.050248],[-78.886168,43.049719],[-78.886138,43.04967299999999],[-78.885633,43.048857],[-78.885213,43.04933],[-78.884252,43.050326999999996],[-78.882504,43.052171],[-78.880283,43.05453299999999],[-78.879951,43.054884],[-78.879887,43.05474],[-78.879722,43.05441499999999],[-78.879629,43.054223],[-78.879547,43.054050999999994],[-78.879527,43.054010999999996],[-78.87947,43.053893],[-78.879451,43.053854],[-78.879254,43.053442],[-78.879096,43.053112000000006],[-78.878705,43.05233],[-78.878645,43.052209],[-78.878291,43.051469],[-78.877927,43.050726999999995],[-78.877856,43.05058],[-78.877646,43.050140999999996],[-78.87757600000002,43.049995],[-78.877505,43.049848999999995],[-78.877292,43.049411],[-78.877221,43.049265999999996],[-78.877151,43.049124000000006],[-78.876942,43.048697],[-78.876873,43.048556000000005],[-78.876799,43.048402],[-78.876578,43.04794199999999],[-78.876505,43.047788999999995],[-78.876458,43.047686999999996],[-78.87634,43.047428000000004],[-78.876322,43.047382],[-78.876282,43.047277999999984],[-78.876266,43.04723699999999],[-78.876221,43.047114999999984],[-78.876206,43.04707500000001],[-78.87616,43.04695099999999],[-78.876143,43.04690500000002],[-78.876027,43.04657699999999],[-78.875984,43.046452999999985],[-78.875921,43.04629],[-78.875734,43.045802],[-78.875672,43.04563999999999],[-78.87557,43.045367],[-78.875264,43.044551000000006],[-78.875163,43.044279],[-78.876254,43.04405399999999],[-78.876866,43.04391199999999],[-78.877186,43.043848],[-78.879001,43.043478999999984],[-78.879236,43.043409000000004],[-78.879738,43.043235],[-78.881742,43.04259],[-78.881301,43.041881],[-78.883563,43.041124],[-78.884579,43.040772],[-78.884683,43.04068],[-78.884995,43.04040599999999],[-78.8851,43.040314999999985],[-78.88512000000001,43.04034099999999],[-78.885171,43.04042299999999],[-78.885189,43.04045099999998],[-78.885241,43.040426],[-78.885375,43.040361999999995],[-78.885397,43.040350999999994],[-78.88545,43.04032599999999],[-78.885502,43.040290000000006],[-78.885658,43.040186],[-78.885711,43.040152],[-78.885994,43.04006099999999],[-78.886844,43.03979199999999],[-78.887128,43.039701999999984],[-78.887512,43.03957299999999],[-78.888665,43.03918799999999],[-78.88905,43.03906],[-78.889841,43.038802],[-78.891666,43.03820799999999],[-78.892217,43.038031999999994],[-78.893011,43.037779],[-78.89326,43.038756],[-78.89626,43.044155999999994],[-78.90586,43.05155599999999],[-78.905941,43.052834999999995],[-78.906184,43.056672],[-78.906252,43.05773800000001],[-78.906266,43.05795199999999],[-78.906256,43.058123999999985]]]},"properties":{"geoid":"36063022901","name":"229.01","namelsad":"Census Tract 229.01","aland_acres":425.95041681740094,"site_count":5,"cont_acres":103.68,"coverage_pct":24.34,"sites_per_sqmi":7.51}},{"type":"Feature","geometry":{"type":"Polygon","coordinates":[[[-78.942371,43.12709],[-78.942358,43.127438999999995],[-78.94235300000001,43.12759499999999],[-78.942249,43.13134],[-78.94222400000001,43.132504],[-78.936056,43.132314],[-78.935626,43.1323],[-78.931941,43.132186999999995],[-78.93095200000002,43.13217199999999],[-78.927561,43.13214599999999],[-78.917388,43.132068],[-78.913998,43.13204299999999],[-78.912122,43.132055],[-78.906497,43.13209299999999],[-78.905529,43.1321],[-78.905076,43.132102999999994],[-78.904622,43.132106],[-78.901551,43.13212399999998],[-78.893342,43.132172999999995],[-78.892338,43.13217999999999],[-78.889268,43.13219899999999],[-78.889369,43.13053099999999],[-78.8894,43.130012999999984],[-78.889793,43.123456000000004],[-78.889823,43.122961999999994],[-78.889883,43.12182500000001],[-78.889889,43.12155500000001],[-78.889891,43.121269],[-78.889888,43.12104],[-78.88988000000002,43.120495],[-78.889868,43.11948499999999],[-78.889857,43.118173000000006],[-78.889852,43.11739899999999],[-78.889851,43.117136],[-78.889851,43.116350999999995],[-78.889851,43.116089],[-78.889857,43.11377199999999],[-78.889861,43.112501],[-78.889874,43.110343],[-78.889865,43.106821],[-78.88986,43.104824],[-78.88986,43.104505],[-78.889856,43.104040999999995],[-78.889847,43.102650999999994],[-78.88984500000001,43.102188],[-78.889841,43.101862999999994],[-78.889829,43.100891000000004],[-78.889825,43.100567],[-78.889821,43.100367],[-78.889812,43.09976700000001],[-78.889809,43.09956799999999],[-78.889767,43.09787599999999],[-78.889749,43.09710099999999],[-78.889688,43.09445799999999],[-78.889658,43.092802999999996],[-78.889629,43.091112],[-78.889617,43.09061899999998],[-78.88961,43.090302],[-78.889554,43.087872],[-78.88953800000002,43.087137999999996],[-78.889537,43.087063],[-78.889535,43.087016999999996],[-78.889532,43.08688100000001],[-78.889529,43.086835999999984],[-78.889716,43.086944999999986],[-78.890089,43.087177999999994],[-78.89037,43.087397999999986],[-78.890603,43.08758],[-78.89131900000001,43.088173000000005],[-78.89235100000002,43.089003999999996],[-78.892764,43.089269],[-78.89283200000001,43.089313],[-78.893122,43.08948499999999],[-78.89366,43.08974200000001],[-78.894012,43.0899],[-78.894194,43.08996599999999],[-78.894522,43.090072],[-78.894977,43.090199],[-78.895805,43.090396],[-78.896721,43.09055599999999],[-78.897358,43.090644],[-78.90143,43.091075999999994],[-78.90214700000001,43.091164],[-78.902559,43.09123399999999],[-78.903315,43.091405999999985],[-78.903812,43.09154099999999],[-78.904246,43.09168199999999],[-78.904953,43.091939999999994],[-78.906203,43.09241999999999],[-78.910492,43.094091],[-78.912261,43.094767999999995],[-78.9132,43.095138000000006],[-78.91440800000001,43.09557999999999],[-78.917228,43.09656600000001],[-78.920624,43.097718999999984],[-78.920778,43.097759999999994],[-78.921906,43.09806499999999],[-78.922481,43.09821199999999],[-78.922779,43.09828199999998],[-78.92346,43.098418],[-78.925101,43.09871499999999],[-78.925519,43.098798999999985],[-78.926776,43.09905199999999],[-78.927195,43.09913699999999],[-78.927432,43.099171],[-78.927926,43.099249],[-78.928996,43.099372],[-78.929447,43.09941599999999],[-78.929918,43.099450000000004],[-78.930343,43.09948099999999],[-78.931453,43.099528],[-78.93278000000001,43.09954599999998],[-78.936807,43.099587],[-78.937476,43.09958],[-78.938144,43.09955299999999],[-78.938491,43.09953999999999],[-78.940139,43.099442999999994],[-78.940883,43.09940199999999],[-78.9413,43.09937],[-78.941303,43.099460999999984],[-78.941312,43.09973500000001],[-78.941316,43.09982699999999],[-78.941365,43.10034],[-78.941388,43.10078600000001],[-78.941471,43.101708],[-78.94149,43.102106],[-78.941497,43.10220999999999],[-78.94157,43.10320299999999],[-78.941647,43.10420699999999],[-78.941656,43.10431599999998],[-78.941673,43.10454000000001],[-78.942039,43.109216],[-78.942042,43.109362],[-78.942045,43.10950299999999],[-78.942049,43.109694],[-78.942167,43.11175],[-78.942195,43.11180800000001],[-78.942265,43.111951999999995],[-78.942264,43.111989],[-78.942264,43.112055],[-78.942263,43.112133],[-78.942262,43.112367],[-78.942262,43.112446],[-78.942264,43.113122],[-78.942271,43.115152],[-78.942274,43.11582899999999],[-78.942278,43.116653],[-78.942292,43.11912499999999],[-78.942295,43.11963499999999],[-78.942279,43.119948999999984],[-78.942264,43.120251],[-78.942219,43.12116],[-78.942205,43.121463],[-78.94217900000001,43.123662],[-78.942156,43.125448],[-78.942155,43.125749],[-78.942389,43.125937999999984],[-78.942371,43.12709]]]},"properties":{"geoid":"36063022715","name":"227.15","namelsad":"Census Tract 227.15","aland_acres":4310.1780740406875,"site_count":11,"cont_acres":705.76,"coverage_pct":16.37,"sites_per_sqmi":1.63}},{"type":"Feature","geometry":{"type":"Polygon","coordinates":[[[-78.945541,43.08540099999999],[-78.945479,43.086742],[-78.945384,43.08884699999999],[-78.943551,43.088267],[-78.942752,43.088014999999984],[-78.942643,43.08850799999999],[-78.942126,43.09113299999999],[-78.942051,43.09225000000001],[-78.942015,43.092841],[-78.941908,43.094612999999995],[-78.941873,43.09520499999999],[-78.941868,43.095337],[-78.941855,43.09573599999999],[-78.941852,43.095869],[-78.941741,43.096569],[-78.94141,43.098669],[-78.9413,43.09937],[-78.940883,43.09940199999999],[-78.940139,43.099442999999994],[-78.938491,43.09953999999999],[-78.938144,43.09955299999999],[-78.937476,43.09958],[-78.936807,43.099587],[-78.93278000000001,43.09954599999998],[-78.931453,43.099528],[-78.930343,43.09948099999999],[-78.929918,43.099450000000004],[-78.929447,43.09941599999999],[-78.928996,43.099372],[-78.927926,43.099249],[-78.927432,43.099171],[-78.927195,43.09913699999999],[-78.926776,43.09905199999999],[-78.925519,43.098798999999985],[-78.925101,43.09871499999999],[-78.92346,43.098418],[-78.922779,43.09828199999998],[-78.922481,43.09821199999999],[-78.921906,43.09806499999999],[-78.920778,43.097759999999994],[-78.920624,43.097718999999984],[-78.917228,43.09656600000001],[-78.91440800000001,43.09557999999999],[-78.9132,43.095138000000006],[-78.912261,43.094767999999995],[-78.910492,43.094091],[-78.906203,43.09241999999999],[-78.904953,43.091939999999994],[-78.904246,43.09168199999999],[-78.903812,43.09154099999999],[-78.903315,43.091405999999985],[-78.902559,43.09123399999999],[-78.90214700000001,43.091164],[-78.90143,43.091075999999994],[-78.901428,43.091016],[-78.90140800000002,43.089463],[-78.901403,43.089277],[-78.901375,43.08822399999999],[-78.901354,43.08766399999998],[-78.901292,43.08598499999999],[-78.901272,43.08542599999999],[-78.901251,43.084948999999995],[-78.90118900000002,43.08351799999999],[-78.901169,43.08304199999999],[-78.901155,43.08272000000001],[-78.901116,43.081754],[-78.90110300000002,43.081431999999985],[-78.901095,43.081266],[-78.901073,43.080767999999985],[-78.901066,43.08060199999999],[-78.90104,43.07997099999999],[-78.900965,43.07808099999998],[-78.900941,43.077450999999996],[-78.900922,43.076984],[-78.900919,43.076924999999996],[-78.900866,43.075586],[-78.900848,43.075119999999984],[-78.900823,43.07454700000001],[-78.900748,43.072829],[-78.900738,43.072593],[-78.900732,43.07225600000001],[-78.901657,43.072556000000006],[-78.904435,43.07345599999999],[-78.905361,43.073755999999996],[-78.905698,43.073825],[-78.90578300000001,43.071479000000004],[-78.906077,43.06340999999999],[-78.906175,43.060720999999994],[-78.906171,43.060469999999995],[-78.906162,43.059718999999994],[-78.90616,43.059468999999986],[-78.906165,43.05941299999999],[-78.906171,43.05933799999998],[-78.906207,43.058944999999994],[-78.906219,43.058814999999996],[-78.906228,43.058642],[-78.906256,43.058123999999985],[-78.906266,43.05795199999999],[-78.906252,43.05773800000001],[-78.906184,43.056672],[-78.905941,43.052834999999995],[-78.90586,43.05155599999999],[-78.91152,43.05474000000001],[-78.945262,43.06695599999999],[-78.945242,43.067673],[-78.945184,43.069825],[-78.94516600000001,43.070543],[-78.945054,43.070908],[-78.94472,43.072003],[-78.944609,43.07236899999999],[-78.944691,43.07253200000001],[-78.944939,43.07302199999999],[-78.945022,43.07318599999999],[-78.945077,43.073439],[-78.945246,43.074206],[-78.9453,43.074452],[-78.94532,43.074510999999994],[-78.945383,43.07468800000001],[-78.945404,43.074748],[-78.945412,43.07502399999999],[-78.945434,43.07572],[-78.945435,43.07585199999999],[-78.94544,43.076129],[-78.945447,43.076772999999996],[-78.945467,43.078587],[-78.945467,43.07870599999999],[-78.945467,43.079351],[-78.945467,43.080026999999994],[-78.945476,43.080510999999994],[-78.945524,43.082834999999996],[-78.945527,43.083994],[-78.945532,43.085155],[-78.945533,43.085204],[-78.945539,43.08535100000001],[-78.945541,43.08540099999999]]]},"properties":{"geoid":"36063022714","name":"227.14","namelsad":"Census Tract 227.14","aland_acres":3021.3373048114386,"site_count":8,"cont_acres":108.34,"coverage_pct":3.59,"sites_per_sqmi":1.69}},{"type":"Feature","geometry":{"type":"Polygon","coordinates":[[[-78.90143,43.091075999999994],[-78.897358,43.090644],[-78.896721,43.09055599999999],[-78.895805,43.090396],[-78.894977,43.090199],[-78.894522,43.090072],[-78.894194,43.08996599999999],[-78.894012,43.0899],[-78.89366,43.08974200000001],[-78.893122,43.08948499999999],[-78.89283200000001,43.089313],[-78.892764,43.089269],[-78.89235100000002,43.089003999999996],[-78.89131900000001,43.088173000000005],[-78.890603,43.08758],[-78.89037,43.087397999999986],[-78.890089,43.087177999999994],[-78.889716,43.086944999999986],[-78.889529,43.086835999999984],[-78.889206,43.086663],[-78.888507,43.086328],[-78.888032,43.08612099999999],[-78.887203,43.08575999999999],[-78.886806,43.08561499999999],[-78.88585,43.085322],[-78.883303,43.08458399999999],[-78.88246,43.08434],[-78.881922,43.08418799999999],[-78.881705,43.084139],[-78.880733,43.083943],[-78.880523,43.08390399999999],[-78.879447,43.083708],[-78.879042,43.083619999999996],[-78.878513,43.083487],[-78.878099,43.08336],[-78.877864,43.08328],[-78.877347,43.083072],[-78.87705800000002,43.082927999999995],[-78.87688,43.08283900000001],[-78.876033,43.082298],[-78.875491,43.081945],[-78.874915,43.081598],[-78.87458700000002,43.081426999999984],[-78.874571,43.08141899999998],[-78.872494,43.080412],[-78.871057,43.079746],[-78.86999500000002,43.07928999999999],[-78.869122,43.07891599999999],[-78.869025,43.078875999999994],[-78.868995,43.078863],[-78.868441,43.078633],[-78.86586,43.07756199999999],[-78.865573,43.07749100000001],[-78.865095,43.077277],[-78.864662,43.07703899999999],[-78.864216,43.07678799999999],[-78.863165,43.07601199999999],[-78.86239,43.0754],[-78.861949,43.075128],[-78.861572,43.074915000000004],[-78.86012500000001,43.074141999999995],[-78.85782000000002,43.072874],[-78.856906,43.072358],[-78.856243,43.072061],[-78.855951,43.07193899999999],[-78.85423,43.07115000000001],[-78.851729,43.070147],[-78.851194,43.069901999999985],[-78.850959,43.069795],[-78.849963,43.06932700000001],[-78.849233,43.06897],[-78.849198,43.06895299999999],[-78.848848,43.068785999999996],[-78.848241,43.06849699999999],[-78.847915,43.068323],[-78.847814,43.06826099999999],[-78.847574,43.068116],[-78.847482,43.068064],[-78.851174,43.068082],[-78.86225,43.068136],[-78.865942,43.06815499999999],[-78.870619,43.06818599999998],[-78.88465,43.068279999999994],[-78.88932700000001,43.068311999999985],[-78.890716,43.068405999999996],[-78.891679,43.068776],[-78.89846800000001,43.07138599999998],[-78.900732,43.07225600000001],[-78.900738,43.072593],[-78.900748,43.072829],[-78.900823,43.07454700000001],[-78.900848,43.075119999999984],[-78.900866,43.075586],[-78.900919,43.076924999999996],[-78.900922,43.076984],[-78.900941,43.077450999999996],[-78.900965,43.07808099999998],[-78.90104,43.07997099999999],[-78.901066,43.08060199999999],[-78.901073,43.080767999999985],[-78.901095,43.081266],[-78.90110300000002,43.081431999999985],[-78.901116,43.081754],[-78.901155,43.08272000000001],[-78.901169,43.08304199999999],[-78.90118900000002,43.08351799999999],[-78.901251,43.084948999999995],[-78.901272,43.08542599999999],[-78.901292,43.08598499999999],[-78.901354,43.08766399999998],[-78.901375,43.08822399999999],[-78.901403,43.089277],[-78.90140800000002,43.089463],[-78.901428,43.091016],[-78.90143,43.091075999999994]]]},"properties":{"geoid":"36063022713","name":"227.13","namelsad":"Census Tract 227.13","aland_acres":1444.0481697396694,"site_count":2,"cont_acres":19.8,"coverage_pct":1.37,"sites_per_sqmi":0.89}},{"type":"Feature","geometry":{"type":"Polygon","coordinates":[[[-78.865377,43.04546],[-78.864336,43.045463],[-78.862425,43.045469],[-78.86167,43.04548199999999],[-78.861215,43.045481999999986],[-78.860922,43.045482],[-78.860175,43.04547],[-78.859839,43.045468],[-78.858832,43.045463999999996],[-78.858693,43.045463999999996],[-78.858497,43.045463999999996],[-78.858273,43.045463999999996],[-78.857975,43.04546499999999],[-78.856412,43.045473000000015],[-78.855891,43.045476],[-78.855736,43.04547600000001],[-78.855273,43.045478],[-78.855119,43.04547999999998],[-78.855056,43.04548],[-78.85492300000001,43.04548199999999],[-78.854867,43.04548199999999],[-78.854805,43.04548299999999],[-78.855021,43.045320000000004],[-78.85567,43.044832],[-78.855887,43.04467],[-78.855894,43.044437],[-78.855877,43.043088999999995],[-78.855871,43.042566],[-78.855879,43.042102],[-78.855857,43.038345],[-78.855855,43.03787500000001],[-78.855841,43.036764999999995],[-78.855837,43.036559999999994],[-78.855827,43.03594499999999],[-78.855824,43.035741],[-78.855822,43.03560000000001],[-78.855819,43.03517699999999],[-78.855818,43.03503599999999],[-78.855819,43.034891],[-78.855824,43.034456999999996],[-78.855826,43.034313000000004],[-78.855825,43.034042],[-78.855824,43.033232],[-78.855824,43.03296199999998],[-78.855823,43.032913999999984],[-78.855822,43.03277099999998],[-78.855822,43.03272399999999],[-78.85582,43.032332999999994],[-78.855814,43.03116],[-78.855812,43.03076899999999],[-78.855715,43.030769],[-78.855426,43.03076899999999],[-78.85533,43.03076999999999],[-78.855097,43.03077199999999],[-78.854401,43.030778999999995],[-78.85423,43.03078099999999],[-78.854169,43.030786],[-78.853927,43.030794],[-78.853684,43.030804],[-78.853204,43.030805],[-78.852963,43.030806999999996],[-78.852688,43.030811],[-78.852224,43.030818999999994],[-78.851864,43.030849],[-78.851591,43.030873],[-78.85127900000002,43.030896999999996],[-78.85083,43.030934],[-78.850344,43.03094399999999],[-78.850032,43.030950999999995],[-78.850018,43.030401],[-78.850018,43.03036300000001],[-78.849957,43.028752999999995],[-78.849937,43.028204],[-78.849914,43.02754399999999],[-78.849845,43.02556499999999],[-78.849822,43.02490599999999],[-78.849791,43.024136999999996],[-78.849698,43.02182999999998],[-78.849692,43.021660999999995],[-78.84968400000001,43.021061],[-78.849997,43.021075],[-78.850936,43.02112000000001],[-78.85125,43.02113599999999],[-78.85193400000001,43.02117],[-78.852736,43.021211],[-78.853175,43.02125000000001],[-78.85336500000001,43.02129299999999],[-78.853563,43.02135799999999],[-78.853872,43.021505],[-78.853929,43.021536],[-78.854531,43.021865],[-78.854687,43.021952],[-78.85491,43.022060999999994],[-78.85505200000001,43.022126],[-78.855319,43.022248999999995],[-78.855764,43.022417000000004],[-78.856312,43.02258],[-78.856709,43.022676000000004],[-78.857036,43.022756],[-78.857277,43.02281099999998],[-78.857879,43.02294199999999],[-78.857945,43.022952999999994],[-78.858599,43.023067999999995],[-78.859966,43.023292999999995],[-78.86064100000002,43.02340499999999],[-78.860765,43.02342399999999],[-78.86104,43.023468999999984],[-78.861139,43.023485],[-78.861189,43.023493],[-78.861264,43.02350499999999],[-78.861271,43.023678],[-78.861283,43.02397899999999],[-78.861311,43.024676],[-78.861305,43.025129],[-78.861268,43.02540099999999],[-78.861257,43.025484],[-78.861192,43.02576],[-78.861169,43.025866],[-78.861024,43.02653999999999],[-78.860954,43.027054],[-78.860932,43.027967999999994],[-78.860947,43.029145],[-78.860947,43.029215],[-78.860963,43.030266000000005],[-78.860992,43.03066699999999],[-78.861008,43.03076],[-78.861029,43.030853],[-78.861092,43.031133],[-78.861114,43.031226999999994],[-78.861149,43.031368],[-78.861254,43.03179099999999],[-78.861289,43.031932],[-78.861329,43.032093999999994],[-78.861452,43.03258100000001],[-78.861493,43.032743999999994],[-78.861532,43.03289],[-78.861651,43.03332799999998],[-78.861691,43.033474],[-78.86172200000001,43.033594999999984],[-78.86187,43.034175999999995],[-78.8619,43.034278],[-78.861929,43.034375],[-78.861998,43.03458500000001],[-78.862107,43.03483],[-78.86238,43.03538199999999],[-78.862596,43.035805],[-78.863242,43.03692499999998],[-78.86367,43.037622999999996],[-78.86389000000001,43.03796299999999],[-78.864095,43.038233000000005],[-78.864269,43.03846099999999],[-78.864286,43.038484],[-78.864313,43.038518999999994],[-78.864368,43.038586],[-78.86442,43.03865],[-78.864457,43.038695999999995],[-78.864505,43.03875600000001],[-78.864521,43.038777],[-78.864546,43.03881],[-78.864575,43.038848],[-78.86474,43.03906],[-78.864796,43.039131],[-78.865004,43.039393999999994],[-78.865196,43.039636999999985],[-78.865268,43.03976900000001],[-78.86529,43.039843999999995],[-78.865312,43.040083],[-78.865311,43.040299],[-78.86531,43.040313999999995],[-78.865304,43.040499999999994],[-78.865262,43.04054599999999],[-78.86526,43.040634],[-78.865255,43.040768],[-78.865247,43.040985],[-78.86525,43.04117300000001],[-78.865253,43.04130899999999],[-78.865258,43.04149699999999],[-78.865273,43.042061],[-78.865278,43.04224999999999],[-78.865284,43.042434],[-78.865302,43.04298699999999],[-78.865308,43.04317199999999],[-78.865339,43.044015],[-78.865356,43.044551999999996],[-78.865357,43.044571],[-78.86536400000001,43.04473899999999],[-78.865369,43.044893],[-78.865375,43.045318],[-78.865377,43.04546]]]},"properties":{"geoid":"36063023302","name":"233.02","namelsad":"Census Tract 233.02","aland_acres":474.4520190488616,"site_count":0,"cont_acres":0,"coverage_pct":0,"sites_per_sqmi":0}},{"type":"Feature","geometry":{"type":"Polygon","coordinates":[[[-78.889889,43.12155500000001],[-78.889883,43.12182500000001],[-78.889823,43.122961999999994],[-78.889793,43.123456000000004],[-78.8894,43.130012999999984],[-78.889369,43.13053099999999],[-78.889268,43.13219899999999],[-78.8884,43.13219199999999],[-78.885798,43.13217199999999],[-78.884931,43.132166],[-78.883465,43.13217100000001],[-78.88272,43.13217499999999],[-78.881196,43.132191999999996],[-78.879071,43.132196],[-78.877606,43.13219999999999],[-78.87546,43.132206999999994],[-78.872104,43.132218],[-78.869953,43.13221899999999],[-78.869025,43.13222999999999],[-78.867692,43.132247],[-78.86688,43.13225899999999],[-78.865561,43.132272],[-78.865404,43.132274],[-78.862464,43.13232399999999],[-78.861249,43.132335999999995],[-78.860978,43.13233799999999],[-78.859503,43.13235499999999],[-78.859184,43.13235900000001],[-78.858579,43.132364999999986],[-78.855807,43.13239399999999],[-78.854884,43.13240499999999],[-78.851563,43.132480999999984],[-78.841601,43.13271099999999],[-78.838281,43.132789],[-78.829511,43.13276199999999],[-78.827424,43.132756],[-78.827037,43.132850999999995],[-78.826956,43.13286599999999],[-78.82655,43.132946999999994],[-78.826151,43.133001],[-78.825955,43.13302899999999],[-78.825528,43.133065],[-78.825352,43.133079999999985],[-78.825049,43.133096],[-78.82502900000001,43.13256700000001],[-78.825012,43.132076],[-78.825006,43.131939],[-78.824965,43.130945999999994],[-78.824703,43.12449900000001],[-78.824696,43.124320999999995],[-78.824658,43.123492],[-78.824606,43.122350999999995],[-78.824578,43.121694999999995],[-78.824555,43.12112700000001],[-78.824469,43.11905800000001],[-78.824412,43.11745500000001],[-78.82438,43.11655],[-78.82437400000002,43.116262],[-78.824373,43.11623099999999],[-78.82437,43.116151],[-78.824361,43.115913],[-78.824358,43.11583399999999],[-78.824356,43.11580200000001],[-78.824353,43.115708],[-78.824352,43.115677000000005],[-78.824279,43.11382499999999],[-78.824063,43.108269],[-78.824001,43.106663],[-78.823995,43.106417],[-78.823833,43.10151499999999],[-78.823809,43.100455],[-78.823755,43.09889400000001],[-78.823541,43.09149600000001],[-78.823506,43.090184999999984],[-78.82338,43.086254],[-78.823376,43.086129],[-78.823337,43.084944],[-78.82559200000001,43.084894999999996],[-78.827131,43.084866],[-78.827878,43.084876],[-78.828651,43.08486899999999],[-78.830333,43.08486200000001],[-78.83096000000002,43.08485499999998],[-78.831466,43.08484500000001],[-78.834865,43.084779],[-78.835999,43.084756999999996],[-78.835995,43.08466699999999],[-78.83598600000002,43.0844],[-78.835983,43.084311],[-78.838983,43.084278999999995],[-78.842659,43.084242],[-78.846475,43.084216999999995],[-78.847984,43.084199],[-78.848026,43.084199],[-78.849596,43.08419099999999],[-78.850985,43.084188999999995],[-78.850998,43.08286],[-78.851031,43.079711],[-78.851034,43.079477],[-78.85104,43.07887399999999],[-78.851044,43.078517999999995],[-78.851035,43.077546],[-78.851029,43.076921],[-78.851026,43.076542],[-78.851004,43.075047],[-78.851003,43.074957999999995],[-78.851001,43.07479399999998],[-78.850996,43.074423],[-78.850987,43.073764],[-78.850978,43.073143],[-78.850956,43.07035499999999],[-78.851097,43.070074999999996],[-78.851114,43.070041],[-78.851159,43.069964999999996],[-78.851194,43.069901999999985],[-78.851729,43.070147],[-78.85423,43.07115000000001],[-78.855951,43.07193899999999],[-78.856243,43.072061],[-78.856906,43.072358],[-78.85782000000002,43.072874],[-78.86012500000001,43.074141999999995],[-78.861572,43.074915000000004],[-78.861949,43.075128],[-78.86239,43.0754],[-78.863165,43.07601199999999],[-78.864216,43.07678799999999],[-78.864662,43.07703899999999],[-78.865095,43.077277],[-78.865573,43.07749100000001],[-78.86586,43.07756199999999],[-78.868441,43.078633],[-78.868995,43.078863],[-78.869025,43.078875999999994],[-78.869122,43.07891599999999],[-78.86999500000002,43.07928999999999],[-78.871057,43.079746],[-78.872494,43.080412],[-78.874571,43.08141899999998],[-78.87458700000002,43.081426999999984],[-78.874915,43.081598],[-78.875491,43.081945],[-78.876033,43.082298],[-78.87688,43.08283900000001],[-78.87705800000002,43.082927999999995],[-78.877347,43.083072],[-78.877864,43.08328],[-78.878099,43.08336],[-78.878513,43.083487],[-78.879042,43.083619999999996],[-78.879447,43.083708],[-78.880523,43.08390399999999],[-78.880733,43.083943],[-78.881705,43.084139],[-78.881922,43.08418799999999],[-78.88246,43.08434],[-78.883303,43.08458399999999],[-78.88585,43.085322],[-78.886806,43.08561499999999],[-78.887203,43.08575999999999],[-78.888032,43.08612099999999],[-78.888507,43.086328],[-78.889206,43.086663],[-78.889529,43.086835999999984],[-78.889532,43.08688100000001],[-78.889535,43.087016999999996],[-78.889537,43.087063],[-78.88953800000002,43.087137999999996],[-78.889554,43.087872],[-78.88961,43.090302],[-78.889617,43.09061899999998],[-78.889629,43.091112],[-78.889658,43.092802999999996],[-78.889688,43.09445799999999],[-78.889749,43.09710099999999],[-78.889767,43.09787599999999],[-78.889809,43.09956799999999],[-78.889812,43.09976700000001],[-78.889821,43.100367],[-78.889825,43.100567],[-78.889829,43.100891000000004],[-78.889841,43.101862999999994],[-78.88984500000001,43.102188],[-78.889847,43.102650999999994],[-78.889856,43.104040999999995],[-78.88986,43.104505],[-78.88986,43.104824],[-78.889865,43.106821],[-78.889874,43.110343],[-78.889861,43.112501],[-78.889857,43.11377199999999],[-78.889851,43.116089],[-78.889851,43.116350999999995],[-78.889851,43.117136],[-78.889852,43.11739899999999],[-78.889857,43.118173000000006],[-78.889868,43.11948499999999],[-78.88988000000002,43.120495],[-78.889888,43.12104],[-78.889891,43.121269],[-78.889889,43.12155500000001]]]},"properties":{"geoid":"36063022717","name":"227.17","namelsad":"Census Tract 227.17","aland_acres":7504.167679798836,"site_count":1,"cont_acres":0,"coverage_pct":0,"sites_per_sqmi":0.09}},{"type":"Feature","geometry":{"type":"Polygon","coordinates":[[[-78.851159,43.069964999999996],[-78.851114,43.070041],[-78.851097,43.070074999999996],[-78.850956,43.07035499999999],[-78.850978,43.073143],[-78.850987,43.073764],[-78.850996,43.074423],[-78.851001,43.07479399999998],[-78.851003,43.074957999999995],[-78.851004,43.075047],[-78.851026,43.076542],[-78.851029,43.076921],[-78.851035,43.077546],[-78.851044,43.078517999999995],[-78.85104,43.07887399999999],[-78.851034,43.079477],[-78.851031,43.079711],[-78.850998,43.08286],[-78.850985,43.084188999999995],[-78.849596,43.08419099999999],[-78.848026,43.084199],[-78.847984,43.084199],[-78.846475,43.084216999999995],[-78.842659,43.084242],[-78.838983,43.084278999999995],[-78.835983,43.084311],[-78.83598600000002,43.0844],[-78.835995,43.08466699999999],[-78.835999,43.084756999999996],[-78.834865,43.084779],[-78.831466,43.08484500000001],[-78.83096000000002,43.08485499999998],[-78.830333,43.08486200000001],[-78.828651,43.08486899999999],[-78.827878,43.084876],[-78.827131,43.084866],[-78.82559200000001,43.084894999999996],[-78.823337,43.084944],[-78.823329,43.084738],[-78.82332,43.08450599999999],[-78.823314,43.084279999999985],[-78.823313,43.084195999999984],[-78.823311,43.084121999999994],[-78.82331,43.08403499999999],[-78.823305,43.083917],[-78.8233,43.08380199999999],[-78.823285,43.083459999999995],[-78.82328,43.083346],[-78.82325000000002,43.082686],[-78.823163,43.080709],[-78.823135,43.080050000000014],[-78.823128,43.07985699999999],[-78.823107,43.079281],[-78.8231,43.079089],[-78.823079,43.078734],[-78.82307400000002,43.078606],[-78.823023,43.077156],[-78.823007,43.076673],[-78.822841,43.071386],[-78.822783,43.069871],[-78.82277900000001,43.06978199999999],[-78.822776,43.06971299999999],[-78.822768,43.069534000000004],[-78.822746,43.06892599999999],[-78.822679,43.067069],[-78.822671,43.066568],[-78.822663,43.06602199999999],[-78.82266,43.06578199999999],[-78.822622,43.064144999999996],[-78.822579,43.06228999999999],[-78.822501,43.05923599999999],[-78.822495,43.058989],[-78.822475,43.0576],[-78.822463,43.056568],[-78.822428,43.053474],[-78.822418,43.05258],[-78.822401,43.052481],[-78.822385,43.052448],[-78.82236,43.052299999999995],[-78.822285,43.05185699999999],[-78.822261,43.05171],[-78.82228,43.05167899999999],[-78.82233700000002,43.051587],[-78.822357,43.051557],[-78.826654,43.051672],[-78.82675500000002,43.05165],[-78.826785,43.051643],[-78.826881,43.05161999999999],[-78.827962,43.051616],[-78.828406,43.051457000000006],[-78.82914400000001,43.051356999999996],[-78.829637,43.051048],[-78.830415,43.05079299999998],[-78.83126,43.050245999999994],[-78.831241,43.050366999999994],[-78.831186,43.050731000000006],[-78.831168,43.05085299999999],[-78.83117300000002,43.05089999999999],[-78.831189,43.051041999999995],[-78.831195,43.05108999999999],[-78.831225,43.05135900000001],[-78.831225,43.051400999999984],[-78.831232,43.051775],[-78.831187,43.05206899999999],[-78.831133,43.05233199999999],[-78.831071,43.05264],[-78.83105400000001,43.05272599999999],[-78.831029,43.052869999999984],[-78.831025,43.053103],[-78.830972,43.053442],[-78.83087800000001,43.054062999999985],[-78.8308,43.054442],[-78.830739,43.05465999999999],[-78.830731,43.05503899999999],[-78.830743,43.055332],[-78.830784,43.055529],[-78.830904,43.055822],[-78.831029,43.05618400000001],[-78.831197,43.056577999999995],[-78.831226,43.05665599999999],[-78.83126700000001,43.056737],[-78.831381,43.056877],[-78.831471,43.05696100000001],[-78.831594,43.057024000000006],[-78.831673,43.05704599999999],[-78.831801,43.05708299999999],[-78.832137,43.057193999999996],[-78.833008,43.057702],[-78.833401,43.05792000000001],[-78.833539,43.05798099999999],[-78.833925,43.058154],[-78.833957,43.058189],[-78.834019,43.05837199999999],[-78.83404300000001,43.058399],[-78.834195,43.058424],[-78.834303,43.05843],[-78.834476,43.058440000000004],[-78.834737,43.058476],[-78.83509,43.058480999999986],[-78.835353,43.058485999999995],[-78.835652,43.058567999999994],[-78.836204,43.05876299999999],[-78.836625,43.058947999999994],[-78.83680900000002,43.05916299999999],[-78.836953,43.059276999999994],[-78.837153,43.059402],[-78.837265,43.05944100000001],[-78.837394,43.05946099999999],[-78.837564,43.05946699999999],[-78.838149,43.059474],[-78.838368,43.059445],[-78.838454,43.05945899999999],[-78.838609,43.05951600000001],[-78.839118,43.05982600000001],[-78.83958300000002,43.060127],[-78.839744,43.060263],[-78.839819,43.06034600000001],[-78.84040400000002,43.06091399999999],[-78.840753,43.06127299999999],[-78.841491,43.061893],[-78.841507,43.061909],[-78.841975,43.06234299999999],[-78.84252,43.062901999999994],[-78.842895,43.063309999999994],[-78.843074,43.063474],[-78.843127,43.063527],[-78.843718,43.064121],[-78.844097,43.06453199999999],[-78.844145,43.064591],[-78.84429,43.06476800000001],[-78.844312,43.06479499999999],[-78.844335,43.064830999999984],[-78.844451,43.065012999999986],[-78.844554,43.06517399999999],[-78.844761,43.06558199999999],[-78.84486,43.065774999999995],[-78.844987,43.06608],[-78.845143,43.066345999999996],[-78.845209,43.066458000000004],[-78.845408,43.066749],[-78.845654,43.067077],[-78.845884,43.067281],[-78.846091,43.067433],[-78.84647600000001,43.067688],[-78.846742,43.06786399999999],[-78.846869,43.067948],[-78.847014,43.06803399999999],[-78.847107,43.068039999999996],[-78.847388,43.068058],[-78.847482,43.068064],[-78.847574,43.068116],[-78.847814,43.06826099999999],[-78.847915,43.068323],[-78.848241,43.06849699999999],[-78.848848,43.068785999999996],[-78.849198,43.06895299999999],[-78.849233,43.06897],[-78.849963,43.06932700000001],[-78.850959,43.069795],[-78.851194,43.069901999999985],[-78.851159,43.069964999999996]]]},"properties":{"geoid":"36063022716","name":"227.16","namelsad":"Census Tract 227.16","aland_acres":1579.1992598698841,"site_count":1,"cont_acres":20.0,"coverage_pct":1.27,"sites_per_sqmi":0.41}},{"type":"Feature","geometry":{"type":"Polygon","coordinates":[[[-78.861269,43.023203999999986],[-78.861268,43.023228],[-78.861264,43.023435000000006],[-78.861264,43.02350499999999],[-78.861189,43.023493],[-78.861139,43.023485],[-78.86104,43.023468999999984],[-78.860765,43.02342399999999],[-78.86064100000002,43.02340499999999],[-78.859966,43.023292999999995],[-78.858599,43.023067999999995],[-78.857945,43.022952999999994],[-78.857879,43.02294199999999],[-78.857277,43.02281099999998],[-78.857036,43.022756],[-78.856709,43.022676000000004],[-78.856312,43.02258],[-78.855764,43.022417000000004],[-78.855319,43.022248999999995],[-78.85505200000001,43.022126],[-78.85491,43.022060999999994],[-78.854687,43.021952],[-78.854531,43.021865],[-78.853929,43.021536],[-78.853872,43.021505],[-78.853563,43.02135799999999],[-78.85336500000001,43.02129299999999],[-78.853175,43.02125000000001],[-78.852736,43.021211],[-78.85193400000001,43.02117],[-78.85125,43.02113599999999],[-78.850936,43.02112000000001],[-78.849997,43.021075],[-78.84968400000001,43.021061],[-78.849692,43.021660999999995],[-78.849698,43.02182999999998],[-78.849791,43.024136999999996],[-78.849822,43.02490599999999],[-78.849845,43.02556499999999],[-78.849914,43.02754399999999],[-78.849937,43.028204],[-78.849957,43.028752999999995],[-78.850018,43.03036300000001],[-78.850018,43.030401],[-78.850032,43.030950999999995],[-78.850344,43.03094399999999],[-78.85083,43.030934],[-78.85127900000002,43.030896999999996],[-78.851591,43.030873],[-78.851864,43.030849],[-78.852224,43.030818999999994],[-78.852688,43.030811],[-78.852963,43.030806999999996],[-78.853204,43.030805],[-78.853684,43.030804],[-78.853927,43.030794],[-78.854169,43.030786],[-78.85423,43.03078099999999],[-78.854401,43.030778999999995],[-78.855097,43.03077199999999],[-78.85533,43.03076999999999],[-78.855426,43.03076899999999],[-78.855715,43.030769],[-78.855812,43.03076899999999],[-78.855814,43.03116],[-78.85582,43.032332999999994],[-78.855822,43.03272399999999],[-78.855822,43.03277099999998],[-78.855823,43.032913999999984],[-78.855824,43.03296199999998],[-78.855824,43.033232],[-78.855825,43.034042],[-78.855826,43.034313000000004],[-78.855824,43.034456999999996],[-78.855819,43.034891],[-78.855818,43.03503599999999],[-78.855819,43.03517699999999],[-78.855822,43.03560000000001],[-78.855824,43.035741],[-78.855827,43.03594499999999],[-78.855837,43.036559999999994],[-78.855841,43.036764999999995],[-78.855855,43.03787500000001],[-78.855857,43.038345],[-78.855879,43.042102],[-78.855871,43.042566],[-78.855877,43.043088999999995],[-78.855894,43.044437],[-78.855887,43.04467],[-78.85567,43.044832],[-78.855021,43.045320000000004],[-78.854805,43.04548299999999],[-78.850253,43.045496],[-78.847766,43.045504],[-78.847636,43.045491],[-78.847022,43.04534699999999],[-78.846676,43.045319],[-78.844706,43.045317999999995],[-78.840549,43.04533499999999],[-78.836618,43.045346],[-78.832181,43.045359999999995],[-78.83207,43.04538599999999],[-78.832022,43.045379000000004],[-78.831879,43.045359999999995],[-78.831832,43.045353999999996],[-78.831742,43.04535400000001],[-78.831474,43.045355999999984],[-78.831385,43.04535800000001],[-78.830517,43.04407999999999],[-78.829401,43.042677],[-78.827395,43.040618],[-78.826748,43.039547999999996],[-78.826491,43.038358],[-78.82654200000002,43.03759300000001],[-78.82598,43.036027999999995],[-78.825953,43.03595500000001],[-78.825366,43.03365600000001],[-78.825682,43.03310499999999],[-78.826475,43.031969],[-78.827438,43.031231999999996],[-78.828599,43.03052699999999],[-78.828805,43.030139],[-78.830189,43.02966200000001],[-78.830473,43.029157],[-78.830731,43.028867],[-78.831818,43.02614200000001],[-78.83267,43.02514299999999],[-78.833258,43.02429300000001],[-78.833346,43.024165],[-78.833619,43.02395],[-78.837366,43.02100399999999],[-78.83935,43.019453],[-78.840431,43.01918700000001],[-78.841745,43.018863],[-78.845478,43.019376],[-78.84611,43.01946099999999],[-78.849188,43.01933799999999],[-78.851249,43.019254],[-78.852669,43.01961899999999],[-78.856557,43.022055],[-78.857104,43.02215399999999],[-78.859677,43.02261200000001],[-78.86099300000001,43.02284699999999],[-78.8611,43.022865999999986],[-78.861257,43.022875],[-78.861257,43.02288899999999],[-78.861259,43.022931],[-78.861266,43.023034],[-78.861268,43.023101999999994],[-78.861269,43.02311399999999],[-78.86127,43.023159],[-78.861269,43.023203999999986]]]},"properties":{"geoid":"36063023301","name":"233.01","namelsad":"Census Tract 233.01","aland_acres":1335.877777711883,"site_count":2,"cont_acres":740.0,"coverage_pct":55.39,"sites_per_sqmi":0.96}}]}