{"type": "FeatureCollection", "features": [{"type": "Feature", "geometry": {"type": "Point", "coordinates": [-79.0490572, 43.0823923]}, "properties": {"site": "1001-Buffalo-Avenue__C932182", "site_id": "C932182", "location_id": "TP18", "measured": false, "method": "similarity_from_hand_control_points", "figure_style": "annotated", "fit_rms_m": 2.08, "loo_median_m": 2.98, "loo_max_m": 5.22, "n_control_points": "6", "outside_hull": true, "outside_boundary_by_m": 0.0, "source_document": "Application.BCP.C932182.2023-02-01.Remedial Investigation Work Plan.pdf", "source_page": "54"}}, {"type": "Feature", "geometry": {"type": "Point", "coordinates": [-79.0489293, 43.0823979]}, "properties": {"site": "1001-Buffalo-Avenue__C932182", "site_id": "C932182", "location_id": "SV6", "measured": false, "method": "similarity_from_hand_control_points", "figure_style": "annotated", "fit_rms_m": 2.08, "loo_median_m": 2.98, "loo_max_m": 5.22, "n_control_points": "6", "outside_hull": true, "outside_boundary_by_m": 0.0, "source_document": "Application.BCP.C932182.2023-02-01.Remedial Investigation Work Plan.pdf", "source_page": "54"}}, {"type": "Feature", "geometry": {"type": "Point", "coordinates": [-79.0484829, 43.082346]}, "properties": {"site": "1001-Buffalo-Avenue__C932182", "site_id": "C932182", "location_id": "SV5", "measured": false, "method": "similarity_from_hand_control_points", "figure_style": "annotated", "fit_rms_m": 2.08, "loo_median_m": 2.98, "loo_max_m": 5.22, "n_control_points": "6", "outside_hull": true, "outside_boundary_by_m": 0.0, "source_document": "Application.BCP.C932182.2023-02-01.Remedial Investigation Work Plan.pdf", "source_page": "54"}}, {"type": "Feature", "geometry": {"type": "Point", "coordinates": [-79.0486722, 43.0823067]}, "properties": {"site": "1001-Buffalo-Avenue__C932182", "site_id": "C932182", "location_id": "TP12", "measured": false, "method": "similarity_from_hand_control_points", "figure_style": "annotated", "fit_rms_m": 2.08, "loo_median_m": 2.98, "loo_max_m": 5.22, "n_control_points": "6", "outside_hull": true, "outside_boundary_by_m": 0.0, "source_document": "Application.BCP.C932182.2023-02-01.Remedial Investigation Work Plan.pdf", "source_page": "54"}}, {"type": "Feature", "geometry": {"type": "Point", "coordinates": [-79.0504478, 43.0822522]}, "properties": {"site": "1001-Buffalo-Avenue__C932182", "site_id": "C932182", "location_id": "MW1", "measured": false, "method": "similarity_from_hand_control_points", "figure_style": "annotated", "fit_rms_m": 2.08, "loo_median_m": 2.98, "loo_max_m": 5.22, "n_control_points": "6", "outside_hull": true, "outside_boundary_by_m": 78.4, "source_document": "Application.BCP.C932182.2023-02-01.Remedial Investigation Work Plan.pdf", "source_page": "54"}}, {"type": "Feature", "geometry": {"type": "Point", "coordinates": [-79.0487763, 43.0822755]}, "properties": {"site": "1001-Buffalo-Avenue__C932182", "site_id": "C932182", "location_id": "TP28", "measured": false, "method": "similarity_from_hand_control_points", "figure_style": "annotated", "fit_rms_m": 2.08, "loo_median_m": 2.98, "loo_max_m": 5.22, "n_control_points": "6", "outside_hull": true, "outside_boundary_by_m": 0.0, "source_document": "Application.BCP.C932182.2023-02-01.Remedial Investigation Work Plan.pdf", "source_page": "54"}}, {"type": "Feature", "geometry": {"type": "Point", "coordinates": [-79.0482861, 43.0822811]}, "properties": {"site": "1001-Buffalo-Avenue__C932182", "site_id": "C932182", "location_id": "TP14", "measured": true, "method": "measured_control_point", "figure_style": "annotated", "fit_rms_m": 2.08, "loo_median_m": 2.98, "loo_max_m": 5.22, "n_control_points": "6", "outside_hull": false, "outside_boundary_by_m": 0.0, "source_document": "Application.BCP.C932182.2023-02-01.Remedial Investigation Work Plan.pdf", "source_page": "54"}}, {"type": "Feature", "geometry": {"type": "Point", "coordinates": [-79.0485263, 43.0822632]}, "properties": {"site": "1001-Buffalo-Avenue__C932182", "site_id": "C932182", "location_id": "TP13", "measured": false, "method": "similarity_from_hand_control_points", "figure_style": "annotated", "fit_rms_m": 2.08, "loo_median_m": 2.98, "loo_max_m": 5.22, "n_control_points": "6", "outside_hull": false, "outside_boundary_by_m": 0.0, "source_document": "Application.BCP.C932182.2023-02-01.Remedial Investigation Work Plan.pdf", "source_page": "54"}}, {"type": "Feature", "geometry": {"type": "Point", "coordinates": [-79.0488416, 43.0818383]}, "properties": {"site": "1001-Buffalo-Avenue__C932182", "site_id": "C932182", "location_id": "SB1", "measured": true, "method": "measured_control_point", "figure_style": "annotated", "fit_rms_m": 2.08, "loo_median_m": 2.98, "loo_max_m": 5.22, "n_control_points": "6", "outside_hull": false, "outside_boundary_by_m": 0.0, "source_document": "Application.BCP.C932182.2023-02-01.Remedial Investigation Work Plan.pdf", "source_page": "54"}}, {"type": "Feature", "geometry": {"type": "Point", "coordinates": [-79.0487125, 43.082207]}, "properties": {"site": "1001-Buffalo-Avenue__C932182", "site_id": "C932182", "location_id": "SB4", "measured": false, "method": "similarity_from_hand_control_points", "figure_style": "annotated", "fit_rms_m": 2.08, "loo_median_m": 2.98, "loo_max_m": 5.22, "n_control_points": "6", "outside_hull": false, "outside_boundary_by_m": 0.0, "source_document": "Application.BCP.C932182.2023-02-01.Remedial Investigation Work Plan.pdf", "source_page": "54"}}, {"type": "Feature", "geometry": {"type": "Point", "coordinates": [-79.0494455, 43.0821812]}, "properties": {"site": "1001-Buffalo-Avenue__C932182", "site_id": "C932182", "location_id": "TP11", "measured": true, "method": "measured_control_point", "figure_style": "annotated", "fit_rms_m": 2.08, "loo_median_m": 2.98, "loo_max_m": 5.22, "n_control_points": "6", "outside_hull": false, "outside_boundary_by_m": 0.0, "source_document": "Application.BCP.C932182.2023-02-01.Remedial Investigation Work Plan.pdf", "source_page": "54"}}, {"type": "Feature", "geometry": {"type": "Point", "coordinates": [-79.0491655, 43.0821668]}, "properties": {"site": "1001-Buffalo-Avenue__C932182", "site_id": "C932182", "location_id": "SB5", "measured": false, "method": "similarity_from_hand_control_points", "figure_style": "annotated", "fit_rms_m": 2.08, "loo_median_m": 2.98, "loo_max_m": 5.22, "n_control_points": "6", "outside_hull": false, "outside_boundary_by_m": 0.0, "source_document": "Application.BCP.C932182.2023-02-01.Remedial Investigation Work Plan.pdf", "source_page": "54"}}, {"type": "Feature", "geometry": {"type": "Point", "coordinates": [-79.0483046, 43.0821626]}, "properties": {"site": "1001-Buffalo-Avenue__C932182", "site_id": "C932182", "location_id": "TP15", "measured": false, "method": "similarity_from_hand_control_points", "figure_style": "annotated", "fit_rms_m": 2.08, "loo_median_m": 2.98, "loo_max_m": 5.22, "n_control_points": "6", "outside_hull": false, "outside_boundary_by_m": 0.0, "source_document": "Application.BCP.C932182.2023-02-01.Remedial Investigation Work Plan.pdf", "source_page": "54"}}, {"type": "Feature", "geometry": {"type": "Point", "coordinates": [-79.0485631, 43.0821308]}, "properties": {"site": "1001-Buffalo-Avenue__C932182", "site_id": "C932182", "location_id": "TP27", "measured": false, "method": "similarity_from_hand_control_points", "figure_style": "annotated", "fit_rms_m": 2.08, "loo_median_m": 2.98, "loo_max_m": 5.22, "n_control_points": "6", "outside_hull": false, "outside_boundary_by_m": 0.0, "source_document": "Application.BCP.C932182.2023-02-01.Remedial Investigation Work Plan.pdf", "source_page": "54"}}, {"type": "Feature", "geometry": {"type": "Point", "coordinates": [-79.0483883, 43.082115]}, "properties": {"site": "1001-Buffalo-Avenue__C932182", "site_id": "C932182", "location_id": "TP26", "measured": false, "method": "similarity_from_hand_control_points", "figure_style": "annotated", "fit_rms_m": 2.08, "loo_median_m": 2.98, "loo_max_m": 5.22, "n_control_points": "6", "outside_hull": false, "outside_boundary_by_m": 0.0, "source_document": "Application.BCP.C932182.2023-02-01.Remedial Investigation Work Plan.pdf", "source_page": "54"}}, {"type": "Feature", "geometry": {"type": "Point", "coordinates": [-79.0493685, 43.0820035]}, "properties": {"site": "1001-Buffalo-Avenue__C932182", "site_id": "C932182", "location_id": "TP10", "measured": false, "method": "similarity_from_hand_control_points", "figure_style": "annotated", "fit_rms_m": 2.08, "loo_median_m": 2.98, "loo_max_m": 5.22, "n_control_points": "6", "outside_hull": false, "outside_boundary_by_m": 0.0, "source_document": "Application.BCP.C932182.2023-02-01.Remedial Investigation Work Plan.pdf", "source_page": "54"}}, {"type": "Feature", "geometry": {"type": "Point", "coordinates": [-79.0489078, 43.0819521]}, "properties": {"site": "1001-Buffalo-Avenue__C932182", "site_id": "C932182", "location_id": "SB8", "measured": false, "method": "similarity_from_hand_control_points", "figure_style": "annotated", "fit_rms_m": 2.08, "loo_median_m": 2.98, "loo_max_m": 5.22, "n_control_points": "6", "outside_hull": false, "outside_boundary_by_m": 0.0, "source_document": "Application.BCP.C932182.2023-02-01.Remedial Investigation Work Plan.pdf", "source_page": "54"}}, {"type": "Feature", "geometry": {"type": "Point", "coordinates": [-79.0485555, 43.0819698]}, "properties": {"site": "1001-Buffalo-Avenue__C932182", "site_id": "C932182", "location_id": "TP25", "measured": false, "method": "similarity_from_hand_control_points", "figure_style": "annotated", "fit_rms_m": 2.08, "loo_median_m": 2.98, "loo_max_m": 5.22, "n_control_points": "6", "outside_hull": false, "outside_boundary_by_m": 0.0, "source_document": "Application.BCP.C932182.2023-02-01.Remedial Investigation Work Plan.pdf", "source_page": "54"}}, {"type": "Feature", "geometry": {"type": "Point", "coordinates": [-79.0482944, 43.0819744]}, "properties": {"site": "1001-Buffalo-Avenue__C932182", "site_id": "C932182", "location_id": "SV4", "measured": false, "method": "similarity_from_hand_control_points", "figure_style": "annotated", "fit_rms_m": 2.08, "loo_median_m": 2.98, "loo_max_m": 5.22, "n_control_points": "6", "outside_hull": false, "outside_boundary_by_m": 0.0, "source_document": "Application.BCP.C932182.2023-02-01.Remedial Investigation Work Plan.pdf", "source_page": "54"}}, {"type": "Feature", "geometry": {"type": "Point", "coordinates": [-79.0504164, 43.081879]}, "properties": {"site": "1001-Buffalo-Avenue__C932182", "site_id": "C932182", "location_id": "OA1", "measured": false, "method": "similarity_from_hand_control_points", "figure_style": "annotated", "fit_rms_m": 2.08, "loo_median_m": 2.98, "loo_max_m": 5.22, "n_control_points": "6", "outside_hull": true, "outside_boundary_by_m": 78.4, "source_document": "Application.BCP.C932182.2023-02-01.Remedial Investigation Work Plan.pdf", "source_page": "54"}}, {"type": "Feature", "geometry": {"type": "Point", "coordinates": [-79.0482795, 43.0818871]}, "properties": {"site": "1001-Buffalo-Avenue__C932182", "site_id": "C932182", "location_id": "TP24", "measured": false, "method": "similarity_from_hand_control_points", "figure_style": "annotated", "fit_rms_m": 2.08, "loo_median_m": 2.98, "loo_max_m": 5.22, "n_control_points": "6", "outside_hull": true, "outside_boundary_by_m": 0.0, "source_document": "Application.BCP.C932182.2023-02-01.Remedial Investigation Work Plan.pdf", "source_page": "54"}}, {"type": "Feature", "geometry": {"type": "Point", "coordinates": [-79.0491184, 43.0818561]}, "properties": {"site": "1001-Buffalo-Avenue__C932182", "site_id": "C932182", "location_id": "SB2", "measured": false, "method": "similarity_from_hand_control_points", "figure_style": "annotated", "fit_rms_m": 2.08, "loo_median_m": 2.98, "loo_max_m": 5.22, "n_control_points": "6", "outside_hull": false, "outside_boundary_by_m": 0.0, "source_document": "Application.BCP.C932182.2023-02-01.Remedial Investigation Work Plan.pdf", "source_page": "54"}}, {"type": "Feature", "geometry": {"type": "Point", "coordinates": [-79.0482846, 43.0818177]}, "properties": {"site": "1001-Buffalo-Avenue__C932182", "site_id": "C932182", "location_id": "TP16", "measured": false, "method": "similarity_from_hand_control_points", "figure_style": "annotated", "fit_rms_m": 2.08, "loo_median_m": 2.98, "loo_max_m": 5.22, "n_control_points": "6", "outside_hull": false, "outside_boundary_by_m": 0.0, "source_document": "Application.BCP.C932182.2023-02-01.Remedial Investigation Work Plan.pdf", "source_page": "54"}}, {"type": "Feature", "geometry": {"type": "Point", "coordinates": [-79.0488794, 43.081753]}, "properties": {"site": "1001-Buffalo-Avenue__C932182", "site_id": "C932182", "location_id": "SB3", "measured": false, "method": "similarity_from_hand_control_points", "figure_style": "annotated", "fit_rms_m": 2.08, "loo_median_m": 2.98, "loo_max_m": 5.22, "n_control_points": "6", "outside_hull": false, "outside_boundary_by_m": 0.0, "source_document": "Application.BCP.C932182.2023-02-01.Remedial Investigation Work Plan.pdf", "source_page": "54"}}, {"type": "Feature", "geometry": {"type": "Point", "coordinates": [-79.0493358, 43.081714]}, "properties": {"site": "1001-Buffalo-Avenue__C932182", "site_id": "C932182", "location_id": "TP9", "measured": false, "method": "similarity_from_hand_control_points", "figure_style": "annotated", "fit_rms_m": 2.08, "loo_median_m": 2.98, "loo_max_m": 5.22, "n_control_points": "6", "outside_hull": false, "outside_boundary_by_m": 0.0, "source_document": "Application.BCP.C932182.2023-02-01.Remedial Investigation Work Plan.pdf", "source_page": "54"}}, {"type": "Feature", "geometry": {"type": "Point", "coordinates": [-79.0483195, 43.0816996]}, "properties": {"site": "1001-Buffalo-Avenue__C932182", "site_id": "C932182", "location_id": "TP23", "measured": false, "method": "similarity_from_hand_control_points", "figure_style": "annotated", "fit_rms_m": 2.08, "loo_median_m": 2.98, "loo_max_m": 5.22, "n_control_points": "6", "outside_hull": false, "outside_boundary_by_m": 0.0, "source_document": "Application.BCP.C932182.2023-02-01.Remedial Investigation Work Plan.pdf", "source_page": "54"}}, {"type": "Feature", "geometry": {"type": "Point", "coordinates": [-79.0485782, 43.0816633]}, "properties": {"site": "1001-Buffalo-Avenue__C932182", "site_id": "C932182", "location_id": "TP22", "measured": false, "method": "similarity_from_hand_control_points", "figure_style": "annotated", "fit_rms_m": 2.08, "loo_median_m": 2.98, "loo_max_m": 5.22, "n_control_points": "6", "outside_hull": false, "outside_boundary_by_m": 0.0, "source_document": "Application.BCP.C932182.2023-02-01.Remedial Investigation Work Plan.pdf", "source_page": "54"}}, {"type": "Feature", "geometry": {"type": "Point", "coordinates": [-79.0485332, 43.081645]}, "properties": {"site": "1001-Buffalo-Avenue__C932182", "site_id": "C932182", "location_id": "TP17", "measured": false, "method": "similarity_from_hand_control_points", "figure_style": "annotated", "fit_rms_m": 2.08, "loo_median_m": 2.98, "loo_max_m": 5.22, "n_control_points": "6", "outside_hull": false, "outside_boundary_by_m": 0.0, "source_document": "Application.BCP.C932182.2023-02-01.Remedial Investigation Work Plan.pdf", "source_page": "54"}}, {"type": "Feature", "geometry": {"type": "Point", "coordinates": [-79.0493672, 43.0816154]}, "properties": {"site": "1001-Buffalo-Avenue__C932182", "site_id": "C932182", "location_id": "TP8", "measured": false, "method": "similarity_from_hand_control_points", "figure_style": "annotated", "fit_rms_m": 2.08, "loo_median_m": 2.98, "loo_max_m": 5.22, "n_control_points": "6", "outside_hull": true, "outside_boundary_by_m": 0.0, "source_document": "Application.BCP.C932182.2023-02-01.Remedial Investigation Work Plan.pdf", "source_page": "54"}}, {"type": "Feature", "geometry": {"type": "Point", "coordinates": [-79.0491367, 43.0814941]}, "properties": {"site": "1001-Buffalo-Avenue__C932182", "site_id": "C932182", "location_id": "SB6", "measured": false, "method": "similarity_from_hand_control_points", "figure_style": "annotated", "fit_rms_m": 2.08, "loo_median_m": 2.98, "loo_max_m": 5.22, "n_control_points": "6", "outside_hull": false, "outside_boundary_by_m": 0.0, "source_document": "Application.BCP.C932182.2023-02-01.Remedial Investigation Work Plan.pdf", "source_page": "54"}}, {"type": "Feature", "geometry": {"type": "Point", "coordinates": [-79.0482508, 43.0814222]}, "properties": {"site": "1001-Buffalo-Avenue__C932182", "site_id": "C932182", "location_id": "SV3", "measured": false, "method": "similarity_from_hand_control_points", "figure_style": "annotated", "fit_rms_m": 2.08, "loo_median_m": 2.98, "loo_max_m": 5.22, "n_control_points": "6", "outside_hull": true, "outside_boundary_by_m": 0.0, "source_document": "Application.BCP.C932182.2023-02-01.Remedial Investigation Work Plan.pdf", "source_page": "54"}}, {"type": "Feature", "geometry": {"type": "Point", "coordinates": [-79.0493113, 43.0813309]}, "properties": {"site": "1001-Buffalo-Avenue__C932182", "site_id": "C932182", "location_id": "TP7", "measured": true, "method": "measured_control_point", "figure_style": "annotated", "fit_rms_m": 2.08, "loo_median_m": 2.98, "loo_max_m": 5.22, "n_control_points": "6", "outside_hull": false, "outside_boundary_by_m": 0.0, "source_document": "Application.BCP.C932182.2023-02-01.Remedial Investigation Work Plan.pdf", "source_page": "54"}}, {"type": "Feature", "geometry": {"type": "Point", "coordinates": [-79.0486388, 43.0813336]}, "properties": {"site": "1001-Buffalo-Avenue__C932182", "site_id": "C932182", "location_id": "SB7", "measured": false, "method": "similarity_from_hand_control_points", "figure_style": "annotated", "fit_rms_m": 2.08, "loo_median_m": 2.98, "loo_max_m": 5.22, "n_control_points": "6", "outside_hull": false, "outside_boundary_by_m": 0.0, "source_document": "Application.BCP.C932182.2023-02-01.Remedial Investigation Work Plan.pdf", "source_page": "54"}}, {"type": "Feature", "geometry": {"type": "Point", "coordinates": [-79.0483614, 43.0813325]}, "properties": {"site": "1001-Buffalo-Avenue__C932182", "site_id": "C932182", "location_id": "TP21", "measured": false, "method": "similarity_from_hand_control_points", "figure_style": "annotated", "fit_rms_m": 2.08, "loo_median_m": 2.98, "loo_max_m": 5.22, "n_control_points": "6", "outside_hull": false, "outside_boundary_by_m": 0.0, "source_document": "Application.BCP.C932182.2023-02-01.Remedial Investigation Work Plan.pdf", "source_page": "54"}}, {"type": "Feature", "geometry": {"type": "Point", "coordinates": [-79.0483089, 43.0813008]}, "properties": {"site": "1001-Buffalo-Avenue__C932182", "site_id": "C932182", "location_id": "TP2", "measured": false, "method": "similarity_from_hand_control_points", "figure_style": "annotated", "fit_rms_m": 2.08, "loo_median_m": 2.98, "loo_max_m": 5.22, "n_control_points": "6", "outside_hull": false, "outside_boundary_by_m": 0.0, "source_document": "Application.BCP.C932182.2023-02-01.Remedial Investigation Work Plan.pdf", "source_page": "54"}}, {"type": "Feature", "geometry": {"type": "Point", "coordinates": [-79.0489162, 43.0812184]}, "properties": {"site": "1001-Buffalo-Avenue__C932182", "site_id": "C932182", "location_id": "TP6", "measured": false, "method": "similarity_from_hand_control_points", "figure_style": "annotated", "fit_rms_m": 2.08, "loo_median_m": 2.98, "loo_max_m": 5.22, "n_control_points": "6", "outside_hull": true, "outside_boundary_by_m": 0.0, "source_document": "Application.BCP.C932182.2023-02-01.Remedial Investigation Work Plan.pdf", "source_page": "54"}}, {"type": "Feature", "geometry": {"type": "Point", "coordinates": [-79.0484551, 43.0812004]}, "properties": {"site": "1001-Buffalo-Avenue__C932182", "site_id": "C932182", "location_id": "TP5", "measured": false, "method": "similarity_from_hand_control_points", "figure_style": "annotated", "fit_rms_m": 2.08, "loo_median_m": 2.98, "loo_max_m": 5.22, "n_control_points": "6", "outside_hull": false, "outside_boundary_by_m": 0.0, "source_document": "Application.BCP.C932182.2023-02-01.Remedial Investigation Work Plan.pdf", "source_page": "54"}}, {"type": "Feature", "geometry": {"type": "Point", "coordinates": [-79.0482657, 43.0811964]}, "properties": {"site": "1001-Buffalo-Avenue__C932182", "site_id": "C932182", "location_id": "TP20", "measured": false, "method": "similarity_from_hand_control_points", "figure_style": "annotated", "fit_rms_m": 2.08, "loo_median_m": 2.98, "loo_max_m": 5.22, "n_control_points": "6", "outside_hull": false, "outside_boundary_by_m": 0.0, "source_document": "Application.BCP.C932182.2023-02-01.Remedial Investigation Work Plan.pdf", "source_page": "54"}}, {"type": "Feature", "geometry": {"type": "Point", "coordinates": [-79.0486251, 43.0811438]}, "properties": {"site": "1001-Buffalo-Avenue__C932182", "site_id": "C932182", "location_id": "SV2", "measured": false, "method": "similarity_from_hand_control_points", "figure_style": "annotated", "fit_rms_m": 2.08, "loo_median_m": 2.98, "loo_max_m": 5.22, "n_control_points": "6", "outside_hull": false, "outside_boundary_by_m": 0.0, "source_document": "Application.BCP.C932182.2023-02-01.Remedial Investigation Work Plan.pdf", "source_page": "54"}}, {"type": "Feature", "geometry": {"type": "Point", "coordinates": [-79.0482103, 43.081123]}, "properties": {"site": "1001-Buffalo-Avenue__C932182", "site_id": "C932182", "location_id": "TP3", "measured": false, "method": "similarity_from_hand_control_points", "figure_style": "annotated", "fit_rms_m": 2.08, "loo_median_m": 2.98, "loo_max_m": 5.22, "n_control_points": "6", "outside_hull": true, "outside_boundary_by_m": 0.0, "source_document": "Application.BCP.C932182.2023-02-01.Remedial Investigation Work Plan.pdf", "source_page": "54"}}, {"type": "Feature", "geometry": {"type": "Point", "coordinates": [-79.049758, 43.0810434]}, "properties": {"site": "1001-Buffalo-Avenue__C932182", "site_id": "C932182", "location_id": "120", "measured": false, "method": "similarity_from_hand_control_points", "figure_style": "annotated", "fit_rms_m": 2.08, "loo_median_m": 2.98, "loo_max_m": 5.22, "n_control_points": "6", "outside_hull": true, "outside_boundary_by_m": 43.0, "source_document": "Application.BCP.C932182.2023-02-01.Remedial Investigation Work Plan.pdf", "source_page": "54"}}, {"type": "Feature", "geometry": {"type": "Point", "coordinates": [-79.0482485, 43.0810508]}, "properties": {"site": "1001-Buffalo-Avenue__C932182", "site_id": "C932182", "location_id": "TP4", "measured": true, "method": "measured_control_point", "figure_style": "annotated", "fit_rms_m": 2.08, "loo_median_m": 2.98, "loo_max_m": 5.22, "n_control_points": "6", "outside_hull": false, "outside_boundary_by_m": 0.0, "source_document": "Application.BCP.C932182.2023-02-01.Remedial Investigation Work Plan.pdf", "source_page": "54"}}, {"type": "Feature", "geometry": {"type": "Point", "coordinates": [-79.0484203, 43.0815308]}, "properties": {"site": "1001-Buffalo-Avenue__C932182", "site_id": "C932182", "location_id": "MW-2/SB-10", "measured": true, "method": "measured_control_point", "figure_style": "annotated", "fit_rms_m": 2.08, "loo_median_m": 2.98, "loo_max_m": 5.22, "n_control_points": "6", "outside_hull": false, "outside_boundary_by_m": 0.0, "source_document": "Application.BCP.C932182.2023-02-01.Remedial Investigation Work Plan.pdf", "source_page": "54"}}, {"type": "Feature", "geometry": {"type": "Point", "coordinates": [-78.8782064, 43.0279758]}, "properties": {"site": "211-Main-Street__C932171", "site_id": "C932171", "location_id": "SB01", "measured": false, "method": "similarity_from_hand_control_points", "figure_style": "untested", "fit_rms_m": 4.49, "loo_median_m": 6.03, "loo_max_m": 9.32, "n_control_points": "6", "outside_hull": true, "outside_boundary_by_m": 0.0, "source_document": "Decision Document.BCP.C932171.2021-02-09.Decision_Document_Final.pdf", "source_page": "19"}}, {"type": "Feature", "geometry": {"type": "Point", "coordinates": [-78.8785243, 43.0279076]}, "properties": {"site": "211-Main-Street__C932171", "site_id": "C932171", "location_id": "SB02", "measured": false, "method": "similarity_from_hand_control_points", "figure_style": "untested", "fit_rms_m": 4.49, "loo_median_m": 6.03, "loo_max_m": 9.32, "n_control_points": "6", "outside_hull": true, "outside_boundary_by_m": 0.0, "source_document": "Decision Document.BCP.C932171.2021-02-09.Decision_Document_Final.pdf", "source_page": "19"}}, {"type": "Feature", "geometry": {"type": "Point", "coordinates": [-78.8780326, 43.0278928]}, "properties": {"site": "211-Main-Street__C932171", "site_id": "C932171", "location_id": "SB14", "measured": false, "method": "similarity_from_hand_control_points", "figure_style": "untested", "fit_rms_m": 4.49, "loo_median_m": 6.03, "loo_max_m": 9.32, "n_control_points": "6", "outside_hull": true, "outside_boundary_by_m": 0.0, "source_document": "Decision Document.BCP.C932171.2021-02-09.Decision_Document_Final.pdf", "source_page": "19"}}, {"type": "Feature", "geometry": {"type": "Point", "coordinates": [-78.8782475, 43.0278664]}, "properties": {"site": "211-Main-Street__C932171", "site_id": "C932171", "location_id": "BB01", "measured": false, "method": "similarity_from_hand_control_points", "figure_style": "untested", "fit_rms_m": 4.49, "loo_median_m": 6.03, "loo_max_m": 9.32, "n_control_points": "6", "outside_hull": false, "outside_boundary_by_m": 0.0, "source_document": "Decision Document.BCP.C932171.2021-02-09.Decision_Document_Final.pdf", "source_page": "19"}}, {"type": "Feature", "geometry": {"type": "Point", "coordinates": [-78.8782425, 43.0277364]}, "properties": {"site": "211-Main-Street__C932171", "site_id": "C932171", "location_id": "SB-04", "measured": true, "method": "measured_control_point", "figure_style": "untested", "fit_rms_m": 4.49, "loo_median_m": 6.03, "loo_max_m": 9.32, "n_control_points": "6", "outside_hull": false, "outside_boundary_by_m": 0.0, "source_document": "Decision Document.BCP.C932171.2021-02-09.Decision_Document_Final.pdf", "source_page": "19"}}, {"type": "Feature", "geometry": {"type": "Point", "coordinates": [-78.8785448, 43.0277978]}, "properties": {"site": "211-Main-Street__C932171", "site_id": "C932171", "location_id": "BB02", "measured": false, "method": "similarity_from_hand_control_points", "figure_style": "untested", "fit_rms_m": 4.49, "loo_median_m": 6.03, "loo_max_m": 9.32, "n_control_points": "6", "outside_hull": false, "outside_boundary_by_m": 0.0, "source_document": "Decision Document.BCP.C932171.2021-02-09.Decision_Document_Final.pdf", "source_page": "19"}}, {"type": "Feature", "geometry": {"type": "Point", "coordinates": [-78.8779786, 43.027781]}, "properties": {"site": "211-Main-Street__C932171", "site_id": "C932171", "location_id": "SB13", "measured": false, "method": "similarity_from_hand_control_points", "figure_style": "untested", "fit_rms_m": 4.49, "loo_median_m": 6.03, "loo_max_m": 9.32, "n_control_points": "6", "outside_hull": true, "outside_boundary_by_m": 0.0, "source_document": "Decision Document.BCP.C932171.2021-02-09.Decision_Document_Final.pdf", "source_page": "19"}}, {"type": "Feature", "geometry": {"type": "Point", "coordinates": [-78.8785847, 43.0276855]}, "properties": {"site": "211-Main-Street__C932171", "site_id": "C932171", "location_id": "SB-05", "measured": true, "method": "measured_control_point", "figure_style": "untested", "fit_rms_m": 4.49, "loo_median_m": 6.03, "loo_max_m": 9.32, "n_control_points": "6", "outside_hull": false, "outside_boundary_by_m": 0.0, "source_document": "Decision Document.BCP.C932171.2021-02-09.Decision_Document_Final.pdf", "source_page": "19"}}, {"type": "Feature", "geometry": {"type": "Point", "coordinates": [-78.878151, 43.027737]}, "properties": {"site": "211-Main-Street__C932171", "site_id": "C932171", "location_id": "BB04", "measured": false, "method": "similarity_from_hand_control_points", "figure_style": "untested", "fit_rms_m": 4.49, "loo_median_m": 6.03, "loo_max_m": 9.32, "n_control_points": "6", "outside_hull": false, "outside_boundary_by_m": 0.0, "source_document": "Decision Document.BCP.C932171.2021-02-09.Decision_Document_Final.pdf", "source_page": "19"}}, {"type": "Feature", "geometry": {"type": "Point", "coordinates": [-78.8784908, 43.0277177]}, "properties": {"site": "211-Main-Street__C932171", "site_id": "C932171", "location_id": "BB03", "measured": false, "method": "similarity_from_hand_control_points", "figure_style": "untested", "fit_rms_m": 4.49, "loo_median_m": 6.03, "loo_max_m": 9.32, "n_control_points": "6", "outside_hull": false, "outside_boundary_by_m": 0.0, "source_document": "Decision Document.BCP.C932171.2021-02-09.Decision_Document_Final.pdf", "source_page": "19"}}, {"type": "Feature", "geometry": {"type": "Point", "coordinates": [-78.8785985, 43.0276549]}, "properties": {"site": "211-Main-Street__C932171", "site_id": "C932171", "location_id": "SB06", "measured": false, "method": "similarity_from_hand_control_points", "figure_style": "untested", "fit_rms_m": 4.49, "loo_median_m": 6.03, "loo_max_m": 9.32, "n_control_points": "6", "outside_hull": true, "outside_boundary_by_m": 0.0, "source_document": "Decision Document.BCP.C932171.2021-02-09.Decision_Document_Final.pdf", "source_page": "19"}}, {"type": "Feature", "geometry": {"type": "Point", "coordinates": [-78.8782716, 43.0276154]}, "properties": {"site": "211-Main-Street__C932171", "site_id": "C932171", "location_id": "SB10", "measured": false, "method": "similarity_from_hand_control_points", "figure_style": "untested", "fit_rms_m": 4.49, "loo_median_m": 6.03, "loo_max_m": 9.32, "n_control_points": "6", "outside_hull": false, "outside_boundary_by_m": 0.0, "source_document": "Decision Document.BCP.C932171.2021-02-09.Decision_Document_Final.pdf", "source_page": "19"}}, {"type": "Feature", "geometry": {"type": "Point", "coordinates": [-78.8780928, 43.0276073]}, "properties": {"site": "211-Main-Street__C932171", "site_id": "C932171", "location_id": "SB11", "measured": false, "method": "similarity_from_hand_control_points", "figure_style": "untested", "fit_rms_m": 4.49, "loo_median_m": 6.03, "loo_max_m": 9.32, "n_control_points": "6", "outside_hull": false, "outside_boundary_by_m": 0.0, "source_document": "Decision Document.BCP.C932171.2021-02-09.Decision_Document_Final.pdf", "source_page": "19"}}, {"type": "Feature", "geometry": {"type": "Point", "coordinates": [-78.8783685, 43.0275544]}, "properties": {"site": "211-Main-Street__C932171", "site_id": "C932171", "location_id": "SB09", "measured": false, "method": "similarity_from_hand_control_points", "figure_style": "untested", "fit_rms_m": 4.49, "loo_median_m": 6.03, "loo_max_m": 9.32, "n_control_points": "6", "outside_hull": false, "outside_boundary_by_m": 0.0, "source_document": "Decision Document.BCP.C932171.2021-02-09.Decision_Document_Final.pdf", "source_page": "19"}}, {"type": "Feature", "geometry": {"type": "Point", "coordinates": [-78.8780542, 43.0279668]}, "properties": {"site": "211-Main-Street__C932171", "site_id": "C932171", "location_id": "SB-15", "measured": true, "method": "measured_control_point", "figure_style": "untested", "fit_rms_m": 4.49, "loo_median_m": 6.03, "loo_max_m": 9.32, "n_control_points": "6", "outside_hull": false, "outside_boundary_by_m": 0.0, "source_document": "Decision Document.BCP.C932171.2021-02-09.Decision_Document_Final.pdf", "source_page": "19"}}, {"type": "Feature", "geometry": {"type": "Point", "coordinates": [-78.8779072, 43.0276673]}, "properties": {"site": "211-Main-Street__C932171", "site_id": "C932171", "location_id": "SB-12", "measured": true, "method": "measured_control_point", "figure_style": "untested", "fit_rms_m": 4.49, "loo_median_m": 6.03, "loo_max_m": 9.32, "n_control_points": "6", "outside_hull": false, "outside_boundary_by_m": 0.0, "source_document": "Decision Document.BCP.C932171.2021-02-09.Decision_Document_Final.pdf", "source_page": "19"}}, {"type": "Feature", "geometry": {"type": "Point", "coordinates": [-78.8784399, 43.0275036]}, "properties": {"site": "211-Main-Street__C932171", "site_id": "C932171", "location_id": "SB-28", "measured": true, "method": "measured_control_point", "figure_style": "untested", "fit_rms_m": 4.49, "loo_median_m": 6.03, "loo_max_m": 9.32, "n_control_points": "6", "outside_hull": false, "outside_boundary_by_m": 0.0, "source_document": "Decision Document.BCP.C932171.2021-02-09.Decision_Document_Final.pdf", "source_page": "19"}}, {"type": "Feature", "geometry": {"type": "Point", "coordinates": [-78.8786989, 43.0278433]}, "properties": {"site": "211-Main-Street__C932171", "site_id": "C932171", "location_id": "SB-03", "measured": true, "method": "measured_control_point", "figure_style": "untested", "fit_rms_m": 4.49, "loo_median_m": 6.03, "loo_max_m": 9.32, "n_control_points": "6", "outside_hull": false, "outside_boundary_by_m": 0.0, "source_document": "Decision Document.BCP.C932171.2021-02-09.Decision_Document_Final.pdf", "source_page": "19"}}, {"type": "Feature", "geometry": {"type": "Point", "coordinates": [-78.8779383, 43.0276918]}, "properties": {"site": "211-Main-Street__C932171", "site_id": "C932171", "location_id": "S-1", "measured": true, "method": "measured_control_point", "figure_style": "untested", "fit_rms_m": 3.31, "loo_median_m": 4.34, "loo_max_m": 7.23, "n_control_points": "8", "outside_hull": false, "outside_boundary_by_m": null, "source_document": "Decision Document.BCP.C932171.2021-02-09.Decision_Document_Final.pdf", "source_page": "17"}}, {"type": "Feature", "geometry": {"type": "Point", "coordinates": [-78.8779302, 43.027783]}, "properties": {"site": "211-Main-Street__C932171", "site_id": "C932171", "location_id": "S-6", "measured": true, "method": "measured_control_point", "figure_style": "untested", "fit_rms_m": 3.31, "loo_median_m": 4.34, "loo_max_m": 7.23, "n_control_points": "8", "outside_hull": false, "outside_boundary_by_m": null, "source_document": "Decision Document.BCP.C932171.2021-02-09.Decision_Document_Final.pdf", "source_page": "17"}}, {"type": "Feature", "geometry": {"type": "Point", "coordinates": [-78.8782161, 43.0279031]}, "properties": {"site": "211-Main-Street__C932171", "site_id": "C932171", "location_id": "SD-6", "measured": true, "method": "measured_control_point", "figure_style": "untested", "fit_rms_m": 3.31, "loo_median_m": 4.34, "loo_max_m": 7.23, "n_control_points": "8", "outside_hull": false, "outside_boundary_by_m": null, "source_document": "Decision Document.BCP.C932171.2021-02-09.Decision_Document_Final.pdf", "source_page": "17"}}, {"type": "Feature", "geometry": {"type": "Point", "coordinates": [-78.8778967, 43.0277325]}, "properties": {"site": "211-Main-Street__C932171", "site_id": "C932171", "location_id": "SS-4", "measured": true, "method": "measured_control_point", "figure_style": "untested", "fit_rms_m": 3.31, "loo_median_m": 4.34, "loo_max_m": 7.23, "n_control_points": "8", "outside_hull": false, "outside_boundary_by_m": null, "source_document": "Decision Document.BCP.C932171.2021-02-09.Decision_Document_Final.pdf", "source_page": "17"}}, {"type": "Feature", "geometry": {"type": "Point", "coordinates": [-78.8785408, 43.0278252]}, "properties": {"site": "211-Main-Street__C932171", "site_id": "C932171", "location_id": "SS-1", "measured": true, "method": "measured_control_point", "figure_style": "untested", "fit_rms_m": 3.31, "loo_median_m": 4.34, "loo_max_m": 7.23, "n_control_points": "8", "outside_hull": false, "outside_boundary_by_m": null, "source_document": "Decision Document.BCP.C932171.2021-02-09.Decision_Document_Final.pdf", "source_page": "17"}}, {"type": "Feature", "geometry": {"type": "Point", "coordinates": [-78.8778012, 43.0276512]}, "properties": {"site": "211-Main-Street__C932171", "site_id": "C932171", "location_id": "S-3", "measured": true, "method": "measured_control_point", "figure_style": "untested", "fit_rms_m": 3.31, "loo_median_m": 4.34, "loo_max_m": 7.23, "n_control_points": "8", "outside_hull": false, "outside_boundary_by_m": null, "source_document": "Decision Document.BCP.C932171.2021-02-09.Decision_Document_Final.pdf", "source_page": "17"}}, {"type": "Feature", "geometry": {"type": "Point", "coordinates": [-78.8781488, 43.0279619]}, "properties": {"site": "211-Main-Street__C932171", "site_id": "C932171", "location_id": "SS-2", "measured": true, "method": "measured_control_point", "figure_style": "untested", "fit_rms_m": 3.31, "loo_median_m": 4.34, "loo_max_m": 7.23, "n_control_points": "8", "outside_hull": false, "outside_boundary_by_m": null, "source_document": "Decision Document.BCP.C932171.2021-02-09.Decision_Document_Final.pdf", "source_page": "17"}}, {"type": "Feature", "geometry": {"type": "Point", "coordinates": [-78.8779998, 43.0279247]}, "properties": {"site": "211-Main-Street__C932171", "site_id": "C932171", "location_id": "SS-3", "measured": true, "method": "measured_control_point", "figure_style": "untested", "fit_rms_m": 3.31, "loo_median_m": 4.34, "loo_max_m": 7.23, "n_control_points": "8", "outside_hull": false, "outside_boundary_by_m": null, "source_document": "Decision Document.BCP.C932171.2021-02-09.Decision_Document_Final.pdf", "source_page": "17"}}, {"type": "Feature", "geometry": {"type": "Point", "coordinates": [-78.8783939, 43.0276237]}, "properties": {"site": "211-Main-Street__C932171", "site_id": "C932171", "location_id": "BH-10(3'-4')", "measured": true, "method": "measured_control_point", "figure_style": "untested", "fit_rms_m": 2.46, "loo_median_m": 5.1, "loo_max_m": 5.68, "n_control_points": "6", "outside_hull": false, "outside_boundary_by_m": 0.0, "source_document": "Decision Document.BCP.C932171.2021-02-09.Decision_Document_Final.pdf", "source_page": "18"}}, {"type": "Feature", "geometry": {"type": "Point", "coordinates": [-78.8782697, 43.0276281]}, "properties": {"site": "211-Main-Street__C932171", "site_id": "C932171", "location_id": "TP-4(1'-2')", "measured": true, "method": "measured_control_point", "figure_style": "untested", "fit_rms_m": 2.46, "loo_median_m": 5.1, "loo_max_m": 5.68, "n_control_points": "6", "outside_hull": false, "outside_boundary_by_m": 8.4, "source_document": "Decision Document.BCP.C932171.2021-02-09.Decision_Document_Final.pdf", "source_page": "18"}}, {"type": "Feature", "geometry": {"type": "Point", "coordinates": [-78.87821, 43.02791]}, "properties": {"site": "211-Main-Street__C932171", "site_id": "C932171", "location_id": "TP-1(4'-5')", "measured": true, "method": "measured_control_point", "figure_style": "untested", "fit_rms_m": 2.46, "loo_median_m": 5.1, "loo_max_m": 5.68, "n_control_points": "6", "outside_hull": false, "outside_boundary_by_m": 29.8, "source_document": "Decision Document.BCP.C932171.2021-02-09.Decision_Document_Final.pdf", "source_page": "18"}}, {"type": "Feature", "geometry": {"type": "Point", "coordinates": [-78.8787549, 43.0278458]}, "properties": {"site": "211-Main-Street__C932171", "site_id": "C932171", "location_id": "BH-1(1'-2')", "measured": true, "method": "measured_control_point", "figure_style": "untested", "fit_rms_m": 2.46, "loo_median_m": 5.1, "loo_max_m": 5.68, "n_control_points": "6", "outside_hull": false, "outside_boundary_by_m": 29.5, "source_document": "Decision Document.BCP.C932171.2021-02-09.Decision_Document_Final.pdf", "source_page": "18"}}, {"type": "Feature", "geometry": {"type": "Point", "coordinates": [-78.8783858, 43.0279345]}, "properties": {"site": "211-Main-Street__C932171", "site_id": "C932171", "location_id": "TP-2(2'-3')", "measured": true, "method": "measured_control_point", "figure_style": "untested", "fit_rms_m": 2.46, "loo_median_m": 5.1, "loo_max_m": 5.68, "n_control_points": "6", "outside_hull": false, "outside_boundary_by_m": 28.6, "source_document": "Decision Document.BCP.C932171.2021-02-09.Decision_Document_Final.pdf", "source_page": "18"}}, {"type": "Feature", "geometry": {"type": "Point", "coordinates": [-78.8780711, 43.0276737]}, "properties": {"site": "211-Main-Street__C932171", "site_id": "C932171", "location_id": "BH-6(0.5'-1.5')", "measured": true, "method": "measured_control_point", "figure_style": "untested", "fit_rms_m": 2.46, "loo_median_m": 5.1, "loo_max_m": 5.68, "n_control_points": "6", "outside_hull": false, "outside_boundary_by_m": 25.4, "source_document": "Decision Document.BCP.C932171.2021-02-09.Decision_Document_Final.pdf", "source_page": "18"}}, {"type": "Feature", "geometry": {"type": "Point", "coordinates": [-79.0554989, 43.0828869]}, "properties": {"site": "401-402-430-Buffalo-Avenue-Site__C932164", "site_id": "C932164", "location_id": "SS7", "measured": false, "method": "similarity_from_hand_control_points", "figure_style": "untested", "fit_rms_m": 4.28, "loo_median_m": 5.93, "loo_max_m": 9.1, "n_control_points": "7", "outside_hull": true, "outside_boundary_by_m": 0.0, "source_document": "Decision Document.BCP.C932164.2015-12-28.Decision Document - December 28, 2015.pdf", "source_page": "20"}}, {"type": "Feature", "geometry": {"type": "Point", "coordinates": [-79.0558759, 43.0828627]}, "properties": {"site": "401-402-430-Buffalo-Avenue-Site__C932164", "site_id": "C932164", "location_id": "SB15", "measured": false, "method": "similarity_from_hand_control_points", "figure_style": "untested", "fit_rms_m": 4.28, "loo_median_m": 5.93, "loo_max_m": 9.1, "n_control_points": "7", "outside_hull": true, "outside_boundary_by_m": 0.0, "source_document": "Decision Document.BCP.C932164.2015-12-28.Decision Document - December 28, 2015.pdf | Work Plan.BCP.C932164.2015-12-17.Site Management Plan.pdf", "source_page": "20 | 60"}}, {"type": "Feature", "geometry": {"type": "Point", "coordinates": [-79.0551903, 43.0829001]}, "properties": {"site": "401-402-430-Buffalo-Avenue-Site__C932164", "site_id": "C932164", "location_id": "TP-28", "measured": true, "method": "measured_control_point", "figure_style": "untested", "fit_rms_m": 4.28, "loo_median_m": 5.93, "loo_max_m": 9.1, "n_control_points": "7", "outside_hull": false, "outside_boundary_by_m": 0.0, "source_document": "Decision Document.BCP.C932164.2015-12-28.Decision Document - December 28, 2015.pdf | Work Plan.BCP.C932164.2015-12-17.Site Management Plan.pdf | Report.BCP.C932164.2015-12-01.FER.pdf", "source_page": "20 | 60 | 52"}}, {"type": "Feature", "geometry": {"type": "Point", "coordinates": [-79.0556895, 43.0828594]}, "properties": {"site": "401-402-430-Buffalo-Avenue-Site__C932164", "site_id": "C932164", "location_id": "MW6", "measured": false, "method": "similarity_from_hand_control_points", "figure_style": "untested", "fit_rms_m": 4.28, "loo_median_m": 5.93, "loo_max_m": 9.1, "n_control_points": "7", "outside_hull": true, "outside_boundary_by_m": 0.0, "source_document": "Decision Document.BCP.C932164.2015-12-28.Decision Document - December 28, 2015.pdf | Report.BCP.C932164.2015-12-01.FER.pdf", "source_page": "20 | 52"}}, {"type": "Feature", "geometry": {"type": "Point", "coordinates": [-79.0553732, 43.0828408]}, "properties": {"site": "401-402-430-Buffalo-Avenue-Site__C932164", "site_id": "C932164", "location_id": "TP8", "measured": false, "method": "similarity_from_hand_control_points", "figure_style": "untested", "fit_rms_m": 4.28, "loo_median_m": 5.93, "loo_max_m": 9.1, "n_control_points": "7", "outside_hull": false, "outside_boundary_by_m": 0.0, "source_document": "Decision Document.BCP.C932164.2015-12-28.Decision Document - December 28, 2015.pdf | Report.BCP.C932164.2015-12-01.FER.pdf", "source_page": "20 | 52"}}, {"type": "Feature", "geometry": {"type": "Point", "coordinates": [-79.0568769, 43.0828355]}, "properties": {"site": "401-402-430-Buffalo-Avenue-Site__C932164", "site_id": "C932164", "location_id": "SB-13", "measured": true, "method": "measured_control_point", "figure_style": "untested", "fit_rms_m": 4.28, "loo_median_m": 5.93, "loo_max_m": 9.1, "n_control_points": "7", "outside_hull": false, "outside_boundary_by_m": 0.0, "source_document": "Decision Document.BCP.C932164.2015-12-28.Decision Document - December 28, 2015.pdf | Report.BCP.C932164.2015-12-01.FER.pdf", "source_page": "20 | 52"}}, {"type": "Feature", "geometry": {"type": "Point", "coordinates": [-79.0562216, 43.0827588]}, "properties": {"site": "401-402-430-Buffalo-Avenue-Site__C932164", "site_id": "C932164", "location_id": "TP24", "measured": false, "method": "similarity_from_hand_control_points", "figure_style": "untested", "fit_rms_m": 4.28, "loo_median_m": 5.93, "loo_max_m": 9.1, "n_control_points": "7", "outside_hull": false, "outside_boundary_by_m": 0.0, "source_document": "Decision Document.BCP.C932164.2015-12-28.Decision Document - December 28, 2015.pdf | Work Plan.BCP.C932164.2015-12-17.Site Management Plan.pdf", "source_page": "20 | 60"}}, {"type": "Feature", "geometry": {"type": "Point", "coordinates": [-79.0568354, 43.0827502]}, "properties": {"site": "401-402-430-Buffalo-Avenue-Site__C932164", "site_id": "C932164", "location_id": "MW5", "measured": false, "method": "similarity_from_hand_control_points", "figure_style": "untested", "fit_rms_m": 4.28, "loo_median_m": 5.93, "loo_max_m": 9.1, "n_control_points": "7", "outside_hull": false, "outside_boundary_by_m": 0.0, "source_document": "Decision Document.BCP.C932164.2015-12-28.Decision Document - December 28, 2015.pdf | Report.BCP.C932164.2015-12-01.FER.pdf", "source_page": "20 | 52"}}, {"type": "Feature", "geometry": {"type": "Point", "coordinates": [-79.055294, 43.082763]}, "properties": {"site": "401-402-430-Buffalo-Avenue-Site__C932164", "site_id": "C932164", "location_id": "TP29", "measured": false, "method": "similarity_from_hand_control_points", "figure_style": "untested", "fit_rms_m": 4.28, "loo_median_m": 5.93, "loo_max_m": 9.1, "n_control_points": "7", "outside_hull": false, "outside_boundary_by_m": 0.0, "source_document": "Decision Document.BCP.C932164.2015-12-28.Decision Document - December 28, 2015.pdf | Work Plan.BCP.C932164.2015-12-17.Site Management Plan.pdf", "source_page": "20 | 60"}}, {"type": "Feature", "geometry": {"type": "Point", "coordinates": [-79.0559112, 43.0827404]}, "properties": {"site": "401-402-430-Buffalo-Avenue-Site__C932164", "site_id": "C932164", "location_id": "TP26", "measured": false, "method": "similarity_from_hand_control_points", "figure_style": "untested", "fit_rms_m": 4.28, "loo_median_m": 5.93, "loo_max_m": 9.1, "n_control_points": "7", "outside_hull": false, "outside_boundary_by_m": 0.0, "source_document": "Decision Document.BCP.C932164.2015-12-28.Decision Document - December 28, 2015.pdf | Work Plan.BCP.C932164.2015-12-17.Site Management Plan.pdf", "source_page": "20 | 60"}}, {"type": "Feature", "geometry": {"type": "Point", "coordinates": [-79.0566533, 43.0827126]}, "properties": {"site": "401-402-430-Buffalo-Avenue-Site__C932164", "site_id": "C932164", "location_id": "TP22", "measured": false, "method": "similarity_from_hand_control_points", "figure_style": "untested", "fit_rms_m": 4.28, "loo_median_m": 5.93, "loo_max_m": 9.1, "n_control_points": "7", "outside_hull": false, "outside_boundary_by_m": 0.0, "source_document": "Decision Document.BCP.C932164.2015-12-28.Decision Document - December 28, 2015.pdf | Work Plan.BCP.C932164.2015-12-17.Site Management Plan.pdf | Report.BCP.C932164.2015-12-01.FER.pdf", "source_page": "20 | 60 | 52"}}, {"type": "Feature", "geometry": {"type": "Point", "coordinates": [-79.0559565, 43.0826677]}, "properties": {"site": "401-402-430-Buffalo-Avenue-Site__C932164", "site_id": "C932164", "location_id": "TP5", "measured": false, "method": "similarity_from_hand_control_points", "figure_style": "untested", "fit_rms_m": 4.28, "loo_median_m": 5.93, "loo_max_m": 9.1, "n_control_points": "7", "outside_hull": false, "outside_boundary_by_m": 0.0, "source_document": "Decision Document.BCP.C932164.2015-12-28.Decision Document - December 28, 2015.pdf", "source_page": "20"}}, {"type": "Feature", "geometry": {"type": "Point", "coordinates": [-79.056878, 43.0826458]}, "properties": {"site": "401-402-430-Buffalo-Avenue-Site__C932164", "site_id": "C932164", "location_id": "TP1", "measured": false, "method": "similarity_from_hand_control_points", "figure_style": "untested", "fit_rms_m": 4.28, "loo_median_m": 5.93, "loo_max_m": 9.1, "n_control_points": "7", "outside_hull": false, "outside_boundary_by_m": 0.0, "source_document": "Decision Document.BCP.C932164.2015-12-28.Decision Document - December 28, 2015.pdf | Report.BCP.C932164.2015-12-01.FER.pdf", "source_page": "20 | 52"}}, {"type": "Feature", "geometry": {"type": "Point", "coordinates": [-79.0565099, 43.0826449]}, "properties": {"site": "401-402-430-Buffalo-Avenue-Site__C932164", "site_id": "C932164", "location_id": "TP3", "measured": false, "method": "similarity_from_hand_control_points", "figure_style": "untested", "fit_rms_m": 4.28, "loo_median_m": 5.93, "loo_max_m": 9.1, "n_control_points": "7", "outside_hull": false, "outside_boundary_by_m": 0.0, "source_document": "Decision Document.BCP.C932164.2015-12-28.Decision Document - December 28, 2015.pdf | Report.BCP.C932164.2015-12-01.FER.pdf", "source_page": "20 | 52"}}, {"type": "Feature", "geometry": {"type": "Point", "coordinates": [-79.0558371, 43.0826082]}, "properties": {"site": "401-402-430-Buffalo-Avenue-Site__C932164", "site_id": "C932164", "location_id": "TP27", "measured": false, "method": "similarity_from_hand_control_points", "figure_style": "untested", "fit_rms_m": 4.28, "loo_median_m": 5.93, "loo_max_m": 9.1, "n_control_points": "7", "outside_hull": false, "outside_boundary_by_m": 0.0, "source_document": "Decision Document.BCP.C932164.2015-12-28.Decision Document - December 28, 2015.pdf | Work Plan.BCP.C932164.2015-12-17.Site Management Plan.pdf | Report.BCP.C932164.2015-12-01.FER.pdf", "source_page": "20 | 60 | 52"}}, {"type": "Feature", "geometry": {"type": "Point", "coordinates": [-79.0555334, 43.082589]}, "properties": {"site": "401-402-430-Buffalo-Avenue-Site__C932164", "site_id": "C932164", "location_id": "TP7", "measured": false, "method": "similarity_from_hand_control_points", "figure_style": "untested", "fit_rms_m": 4.28, "loo_median_m": 5.93, "loo_max_m": 9.1, "n_control_points": "7", "outside_hull": false, "outside_boundary_by_m": 0.0, "source_document": "Decision Document.BCP.C932164.2015-12-28.Decision Document - December 28, 2015.pdf", "source_page": "20"}}, {"type": "Feature", "geometry": {"type": "Point", "coordinates": [-79.0562624, 43.0825502]}, "properties": {"site": "401-402-430-Buffalo-Avenue-Site__C932164", "site_id": "C932164", "location_id": "TP25", "measured": false, "method": "similarity_from_hand_control_points", "figure_style": "untested", "fit_rms_m": 4.28, "loo_median_m": 5.93, "loo_max_m": 9.1, "n_control_points": "7", "outside_hull": false, "outside_boundary_by_m": 0.0, "source_document": "Decision Document.BCP.C932164.2015-12-28.Decision Document - December 28, 2015.pdf", "source_page": "20"}}, {"type": "Feature", "geometry": {"type": "Point", "coordinates": [-79.0559144, 43.0825527]}, "properties": {"site": "401-402-430-Buffalo-Avenue-Site__C932164", "site_id": "C932164", "location_id": "TP6", "measured": false, "method": "similarity_from_hand_control_points", "figure_style": "untested", "fit_rms_m": 4.28, "loo_median_m": 5.93, "loo_max_m": 9.1, "n_control_points": "7", "outside_hull": false, "outside_boundary_by_m": 0.0, "source_document": "Decision Document.BCP.C932164.2015-12-28.Decision Document - December 28, 2015.pdf", "source_page": "20"}}, {"type": "Feature", "geometry": {"type": "Point", "coordinates": [-79.0552111, 43.0825621]}, "properties": {"site": "401-402-430-Buffalo-Avenue-Site__C932164", "site_id": "C932164", "location_id": "SB16", "measured": false, "method": "similarity_from_hand_control_points", "figure_style": "untested", "fit_rms_m": 4.28, "loo_median_m": 5.93, "loo_max_m": 9.1, "n_control_points": "7", "outside_hull": false, "outside_boundary_by_m": 0.0, "source_document": "Decision Document.BCP.C932164.2015-12-28.Decision Document - December 28, 2015.pdf | Work Plan.BCP.C932164.2015-12-17.Site Management Plan.pdf | Report.BCP.C932164.2015-12-01.FER.pdf", "source_page": "20 | 60 | 52"}}, {"type": "Feature", "geometry": {"type": "Point", "coordinates": [-79.0568841, 43.0825129]}, "properties": {"site": "401-402-430-Buffalo-Avenue-Site__C932164", "site_id": "C932164", "location_id": "TP2", "measured": false, "method": "similarity_from_hand_control_points", "figure_style": "untested", "fit_rms_m": 4.28, "loo_median_m": 5.93, "loo_max_m": 9.1, "n_control_points": "7", "outside_hull": false, "outside_boundary_by_m": 0.0, "source_document": "Decision Document.BCP.C932164.2015-12-28.Decision Document - December 28, 2015.pdf", "source_page": "20"}}, {"type": "Feature", "geometry": {"type": "Point", "coordinates": [-79.0564806, 43.0825203]}, "properties": {"site": "401-402-430-Buffalo-Avenue-Site__C932164", "site_id": "C932164", "location_id": "TP4", "measured": false, "method": "similarity_from_hand_control_points", "figure_style": "untested", "fit_rms_m": 4.28, "loo_median_m": 5.93, "loo_max_m": 9.1, "n_control_points": "7", "outside_hull": false, "outside_boundary_by_m": 0.0, "source_document": "Decision Document.BCP.C932164.2015-12-28.Decision Document - December 28, 2015.pdf | Report.BCP.C932164.2015-12-01.FER.pdf", "source_page": "20 | 52"}}, {"type": "Feature", "geometry": {"type": "Point", "coordinates": [-79.0553731, 43.0825303]}, "properties": {"site": "401-402-430-Buffalo-Avenue-Site__C932164", "site_id": "C932164", "location_id": "SS6", "measured": false, "method": "similarity_from_hand_control_points", "figure_style": "untested", "fit_rms_m": 4.28, "loo_median_m": 5.93, "loo_max_m": 9.1, "n_control_points": "7", "outside_hull": false, "outside_boundary_by_m": 0.0, "source_document": "Decision Document.BCP.C932164.2015-12-28.Decision Document - December 28, 2015.pdf | Work Plan.BCP.C932164.2015-12-17.Site Management Plan.pdf", "source_page": "20 | 60"}}, {"type": "Feature", "geometry": {"type": "Point", "coordinates": [-79.05605, 43.082498]}, "properties": {"site": "401-402-430-Buffalo-Avenue-Site__C932164", "site_id": "C932164", "location_id": "SS5", "measured": false, "method": "similarity_from_hand_control_points", "figure_style": "untested", "fit_rms_m": 4.28, "loo_median_m": 5.93, "loo_max_m": 9.1, "n_control_points": "7", "outside_hull": false, "outside_boundary_by_m": 0.0, "source_document": "Decision Document.BCP.C932164.2015-12-28.Decision Document - December 28, 2015.pdf | Work Plan.BCP.C932164.2015-12-17.Site Management Plan.pdf | Report.BCP.C932164.2015-12-01.FER.pdf", "source_page": "20 | 60 | 52"}}, {"type": "Feature", "geometry": {"type": "Point", "coordinates": [-79.0551756, 43.0824936]}, "properties": {"site": "401-402-430-Buffalo-Avenue-Site__C932164", "site_id": "C932164", "location_id": "MW-7", "measured": true, "method": "measured_control_point", "figure_style": "untested", "fit_rms_m": 4.28, "loo_median_m": 5.93, "loo_max_m": 9.1, "n_control_points": "7", "outside_hull": false, "outside_boundary_by_m": 0.0, "source_document": "Decision Document.BCP.C932164.2015-12-28.Decision Document - December 28, 2015.pdf", "source_page": "20"}}, {"type": "Feature", "geometry": {"type": "Point", "coordinates": [-79.0567613, 43.0824759]}, "properties": {"site": "401-402-430-Buffalo-Avenue-Site__C932164", "site_id": "C932164", "location_id": "TP23", "measured": false, "method": "similarity_from_hand_control_points", "figure_style": "untested", "fit_rms_m": 4.28, "loo_median_m": 5.93, "loo_max_m": 9.1, "n_control_points": "7", "outside_hull": false, "outside_boundary_by_m": 0.0, "source_document": "Decision Document.BCP.C932164.2015-12-28.Decision Document - December 28, 2015.pdf | Work Plan.BCP.C932164.2015-12-17.Site Management Plan.pdf", "source_page": "20 | 60"}}, {"type": "Feature", "geometry": {"type": "Point", "coordinates": [-79.0566063, 43.0824336]}, "properties": {"site": "401-402-430-Buffalo-Avenue-Site__C932164", "site_id": "C932164", "location_id": "SS4", "measured": false, "method": "similarity_from_hand_control_points", "figure_style": "untested", "fit_rms_m": 4.28, "loo_median_m": 5.93, "loo_max_m": 9.1, "n_control_points": "7", "outside_hull": true, "outside_boundary_by_m": 0.0, "source_document": "Decision Document.BCP.C932164.2015-12-28.Decision Document - December 28, 2015.pdf | Work Plan.BCP.C932164.2015-12-17.Site Management Plan.pdf", "source_page": "20 | 60"}}, {"type": "Feature", "geometry": {"type": "Point", "coordinates": [-79.0561823, 43.0824355]}, "properties": {"site": "401-402-430-Buffalo-Avenue-Site__C932164", "site_id": "C932164", "location_id": "MW8", "measured": false, "method": "similarity_from_hand_control_points", "figure_style": "untested", "fit_rms_m": 4.28, "loo_median_m": 5.93, "loo_max_m": 9.1, "n_control_points": "7", "outside_hull": true, "outside_boundary_by_m": 0.0, "source_document": "Decision Document.BCP.C932164.2015-12-28.Decision Document - December 28, 2015.pdf | Work Plan.BCP.C932164.2015-12-17.Site Management Plan.pdf", "source_page": "20 | 60"}}, {"type": "Feature", "geometry": {"type": "Point", "coordinates": [-79.056083, 43.0824364]}, "properties": {"site": "401-402-430-Buffalo-Avenue-Site__C932164", "site_id": "C932164", "location_id": "SB14", "measured": false, "method": "similarity_from_hand_control_points", "figure_style": "untested", "fit_rms_m": 4.28, "loo_median_m": 5.93, "loo_max_m": 9.1, "n_control_points": "7", "outside_hull": true, "outside_boundary_by_m": 0.0, "source_document": "Decision Document.BCP.C932164.2015-12-28.Decision Document - December 28, 2015.pdf | Work Plan.BCP.C932164.2015-12-17.Site Management Plan.pdf", "source_page": "20 | 60"}}, {"type": "Feature", "geometry": {"type": "Point", "coordinates": [-79.0568572, 43.081911]}, "properties": {"site": "401-402-430-Buffalo-Avenue-Site__C932164", "site_id": "C932164", "location_id": "100", "measured": false, "method": "similarity_from_hand_control_points", "figure_style": "untested", "fit_rms_m": 4.28, "loo_median_m": 5.93, "loo_max_m": 9.1, "n_control_points": "7", "outside_hull": true, "outside_boundary_by_m": 53.3, "source_document": "Decision Document.BCP.C932164.2015-12-28.Decision Document - December 28, 2015.pdf", "source_page": "20"}}, {"type": "Feature", "geometry": {"type": "Point", "coordinates": [-79.0571375, 43.0823957]}, "properties": {"site": "401-402-430-Buffalo-Avenue-Site__C932164", "site_id": "C932164", "location_id": "MW-9 / SB-12", "measured": true, "method": "measured_control_point", "figure_style": "untested", "fit_rms_m": 4.28, "loo_median_m": 5.93, "loo_max_m": 9.1, "n_control_points": "7", "outside_hull": false, "outside_boundary_by_m": 0.0, "source_document": "Decision Document.BCP.C932164.2015-12-28.Decision Document - December 28, 2015.pdf", "source_page": "20"}}, {"type": "Feature", "geometry": {"type": "Point", "coordinates": [-79.0571187, 43.0827404]}, "properties": {"site": "401-402-430-Buffalo-Avenue-Site__C932164", "site_id": "C932164", "location_id": "MW-10 / SB-08", "measured": true, "method": "measured_control_point", "figure_style": "untested", "fit_rms_m": 4.28, "loo_median_m": 5.93, "loo_max_m": 9.1, "n_control_points": "7", "outside_hull": false, "outside_boundary_by_m": 0.0, "source_document": "Decision Document.BCP.C932164.2015-12-28.Decision Document - December 28, 2015.pdf", "source_page": "20"}}, {"type": "Feature", "geometry": {"type": "Point", "coordinates": [-79.0574166, 43.0826141]}, "properties": {"site": "401-402-430-Buffalo-Avenue-Site__C932164", "site_id": "C932164", "location_id": "SB-09", "measured": true, "method": "measured_control_point", "figure_style": "untested", "fit_rms_m": 4.28, "loo_median_m": 5.93, "loo_max_m": 9.1, "n_control_points": "7", "outside_hull": false, "outside_boundary_by_m": 0.0, "source_document": "Decision Document.BCP.C932164.2015-12-28.Decision Document - December 28, 2015.pdf", "source_page": "20"}}, {"type": "Feature", "geometry": {"type": "Point", "coordinates": [-79.0561899, 43.0824182]}, "properties": {"site": "401-402-430-Buffalo-Avenue-Site__C932164", "site_id": "C932164", "location_id": "MW-8 / SB-14", "measured": true, "method": "measured_control_point", "figure_style": "untested", "fit_rms_m": 4.28, "loo_median_m": 5.93, "loo_max_m": 9.1, "n_control_points": "7", "outside_hull": false, "outside_boundary_by_m": 0.0, "source_document": "Decision Document.BCP.C932164.2015-12-28.Decision Document - December 28, 2015.pdf | Report.BCP.C932164.2015-12-01.FER.pdf", "source_page": "20 | 52"}}, {"type": "Feature", "geometry": {"type": "Point", "coordinates": [-79.0551891, 43.0828844]}, "properties": {"site": "401-402-430-Buffalo-Avenue-Site__C932164", "site_id": "C932164", "location_id": "TP-28", "measured": true, "method": "measured_control_point", "figure_style": "untested", "fit_rms_m": 13.98, "loo_median_m": 21.56, "loo_max_m": 40.2, "n_control_points": "5", "outside_hull": false, "outside_boundary_by_m": 62.6, "source_document": "Work Plan.BCP.C932164.2015-12-17.Site Management Plan.pdf", "source_page": "60"}}, {"type": "Feature", "geometry": {"type": "Point", "coordinates": [-79.0560604, 43.0828475]}, "properties": {"site": "401-402-430-Buffalo-Avenue-Site__C932164", "site_id": "C932164", "location_id": "SB15", "measured": false, "method": "similarity_from_hand_control_points", "figure_style": "untested", "fit_rms_m": 13.98, "loo_median_m": 21.56, "loo_max_m": 40.2, "n_control_points": "5", "outside_hull": true, "outside_boundary_by_m": 60.9, "source_document": "Work Plan.BCP.C932164.2015-12-17.Site Management Plan.pdf", "source_page": "60"}}, {"type": "Feature", "geometry": {"type": "Point", "coordinates": [-79.0568249, 43.0828412]}, "properties": {"site": "401-402-430-Buffalo-Avenue-Site__C932164", "site_id": "C932164", "location_id": "SB13", "measured": false, "method": "similarity_from_hand_control_points", "figure_style": "untested", "fit_rms_m": 13.98, "loo_median_m": 21.56, "loo_max_m": 40.2, "n_control_points": "5", "outside_hull": true, "outside_boundary_by_m": 61.5, "source_document": "Work Plan.BCP.C932164.2015-12-17.Site Management Plan.pdf | Decision Document.BCP.C932164.2015-12-28.Decision Document - December 28, 2015.pdf | Report.BCP.C932164.2015-12-01.FER.pdf", "source_page": "60 | 20 | 52"}}, {"type": "Feature", "geometry": {"type": "Point", "coordinates": [-79.0563904, 43.082767]}, "properties": {"site": "401-402-430-Buffalo-Avenue-Site__C932164", "site_id": "C932164", "location_id": "TP24", "measured": false, "method": "similarity_from_hand_control_points", "figure_style": "untested", "fit_rms_m": 13.98, "loo_median_m": 21.56, "loo_max_m": 40.2, "n_control_points": "5", "outside_hull": false, "outside_boundary_by_m": 52.5, "source_document": "Work Plan.BCP.C932164.2015-12-17.Site Management Plan.pdf", "source_page": "60"}}, {"type": "Feature", "geometry": {"type": "Point", "coordinates": [-79.0555607, 43.0827438]}, "properties": {"site": "401-402-430-Buffalo-Avenue-Site__C932164", "site_id": "C932164", "location_id": "TP29", "measured": false, "method": "similarity_from_hand_control_points", "figure_style": "untested", "fit_rms_m": 13.98, "loo_median_m": 21.56, "loo_max_m": 40.2, "n_control_points": "5", "outside_hull": false, "outside_boundary_by_m": 49.8, "source_document": "Work Plan.BCP.C932164.2015-12-17.Site Management Plan.pdf", "source_page": "60"}}, {"type": "Feature", "geometry": {"type": "Point", "coordinates": [-79.0561136, 43.0827416]}, "properties": {"site": "401-402-430-Buffalo-Avenue-Site__C932164", "site_id": "C932164", "location_id": "TP26", "measured": false, "method": "similarity_from_hand_control_points", "figure_style": "untested", "fit_rms_m": 13.98, "loo_median_m": 21.56, "loo_max_m": 40.2, "n_control_points": "5", "outside_hull": false, "outside_boundary_by_m": 49.2, "source_document": "Work Plan.BCP.C932164.2015-12-17.Site Management Plan.pdf", "source_page": "60"}}, {"type": "Feature", "geometry": {"type": "Point", "coordinates": [-79.0566696, 43.0827357]}, "properties": {"site": "401-402-430-Buffalo-Avenue-Site__C932164", "site_id": "C932164", "location_id": "TP22", "measured": false, "method": "similarity_from_hand_control_points", "figure_style": "untested", "fit_rms_m": 13.98, "loo_median_m": 21.56, "loo_max_m": 40.2, "n_control_points": "5", "outside_hull": false, "outside_boundary_by_m": 49.5, "source_document": "Work Plan.BCP.C932164.2015-12-17.Site Management Plan.pdf", "source_page": "60"}}, {"type": "Feature", "geometry": {"type": "Point", "coordinates": [-79.0573838, 43.0827336]}, "properties": {"site": "401-402-430-Buffalo-Avenue-Site__C932164", "site_id": "C932164", "location_id": "SB-07", "measured": true, "method": "measured_control_point", "figure_style": "untested", "fit_rms_m": 13.98, "loo_median_m": 21.56, "loo_max_m": 40.2, "n_control_points": "5", "outside_hull": false, "outside_boundary_by_m": 53.6, "source_document": "Work Plan.BCP.C932164.2015-12-17.Site Management Plan.pdf", "source_page": "60"}}, {"type": "Feature", "geometry": {"type": "Point", "coordinates": [-79.0572681, 43.0826487]}, "properties": {"site": "401-402-430-Buffalo-Avenue-Site__C932164", "site_id": "C932164", "location_id": "SB09", "measured": false, "method": "similarity_from_hand_control_points", "figure_style": "untested", "fit_rms_m": 13.98, "loo_median_m": 21.56, "loo_max_m": 40.2, "n_control_points": "5", "outside_hull": false, "outside_boundary_by_m": 40.8, "source_document": "Work Plan.BCP.C932164.2015-12-17.Site Management Plan.pdf", "source_page": "60"}}, {"type": "Feature", "geometry": {"type": "Point", "coordinates": [-79.0560409, 43.0826212]}, "properties": {"site": "401-402-430-Buffalo-Avenue-Site__C932164", "site_id": "C932164", "location_id": "TP27", "measured": false, "method": "similarity_from_hand_control_points", "figure_style": "untested", "fit_rms_m": 13.98, "loo_median_m": 21.56, "loo_max_m": 40.2, "n_control_points": "5", "outside_hull": false, "outside_boundary_by_m": 35.7, "source_document": "Work Plan.BCP.C932164.2015-12-17.Site Management Plan.pdf", "source_page": "60"}}, {"type": "Feature", "geometry": {"type": "Point", "coordinates": [-79.0554425, 43.0825829]}, "properties": {"site": "401-402-430-Buffalo-Avenue-Site__C932164", "site_id": "C932164", "location_id": "SB16", "measured": false, "method": "similarity_from_hand_control_points", "figure_style": "untested", "fit_rms_m": 13.98, "loo_median_m": 21.56, "loo_max_m": 40.2, "n_control_points": "5", "outside_hull": true, "outside_boundary_by_m": 36.7, "source_document": "Work Plan.BCP.C932164.2015-12-17.Site Management Plan.pdf", "source_page": "60"}}, {"type": "Feature", "geometry": {"type": "Point", "coordinates": [-79.0573006, 43.0825611]}, "properties": {"site": "401-402-430-Buffalo-Avenue-Site__C932164", "site_id": "C932164", "location_id": "SB11", "measured": false, "method": "similarity_from_hand_control_points", "figure_style": "untested", "fit_rms_m": 13.98, "loo_median_m": 21.56, "loo_max_m": 40.2, "n_control_points": "5", "outside_hull": true, "outside_boundary_by_m": 31.1, "source_document": "Work Plan.BCP.C932164.2015-12-17.Site Management Plan.pdf", "source_page": "60"}}, {"type": "Feature", "geometry": {"type": "Point", "coordinates": [-79.0561465, 43.082533]}, "properties": {"site": "401-402-430-Buffalo-Avenue-Site__C932164", "site_id": "C932164", "location_id": "SS5", "measured": false, "method": "similarity_from_hand_control_points", "figure_style": "untested", "fit_rms_m": 13.98, "loo_median_m": 21.56, "loo_max_m": 40.2, "n_control_points": "5", "outside_hull": false, "outside_boundary_by_m": 26.0, "source_document": "Work Plan.BCP.C932164.2015-12-17.Site Management Plan.pdf", "source_page": "60"}}, {"type": "Feature", "geometry": {"type": "Point", "coordinates": [-79.0567651, 43.082556]}, "properties": {"site": "401-402-430-Buffalo-Avenue-Site__C932164", "site_id": "C932164", "location_id": "TP23", "measured": false, "method": "similarity_from_hand_control_points", "figure_style": "untested", "fit_rms_m": 13.98, "loo_median_m": 21.56, "loo_max_m": 40.2, "n_control_points": "5", "outside_hull": false, "outside_boundary_by_m": 29.6, "source_document": "Work Plan.BCP.C932164.2015-12-17.Site Management Plan.pdf", "source_page": "60"}}, {"type": "Feature", "geometry": {"type": "Point", "coordinates": [-79.0556709, 43.0825057]}, "properties": {"site": "401-402-430-Buffalo-Avenue-Site__C932164", "site_id": "C932164", "location_id": "SS6", "measured": false, "method": "similarity_from_hand_control_points", "figure_style": "untested", "fit_rms_m": 13.98, "loo_median_m": 21.56, "loo_max_m": 40.2, "n_control_points": "5", "outside_hull": false, "outside_boundary_by_m": 22.3, "source_document": "Work Plan.BCP.C932164.2015-12-17.Site Management Plan.pdf", "source_page": "60"}}, {"type": "Feature", "geometry": {"type": "Point", "coordinates": [-79.0562588, 43.0824868]}, "properties": {"site": "401-402-430-Buffalo-Avenue-Site__C932164", "site_id": "C932164", "location_id": "MW8", "measured": false, "method": "similarity_from_hand_control_points", "figure_style": "untested", "fit_rms_m": 13.98, "loo_median_m": 21.56, "loo_max_m": 40.2, "n_control_points": "5", "outside_hull": false, "outside_boundary_by_m": 21.1, "source_document": "Work Plan.BCP.C932164.2015-12-17.Site Management Plan.pdf", "source_page": "60"}}, {"type": "Feature", "geometry": {"type": "Point", "coordinates": [-79.0560819, 43.0824826]}, "properties": {"site": "401-402-430-Buffalo-Avenue-Site__C932164", "site_id": "C932164", "location_id": "SB14", "measured": false, "method": "similarity_from_hand_control_points", "figure_style": "untested", "fit_rms_m": 13.98, "loo_median_m": 21.56, "loo_max_m": 40.2, "n_control_points": "5", "outside_hull": false, "outside_boundary_by_m": 20.3, "source_document": "Work Plan.BCP.C932164.2015-12-17.Site Management Plan.pdf", "source_page": "60"}}, {"type": "Feature", "geometry": {"type": "Point", "coordinates": [-79.0570925, 43.0824929]}, "properties": {"site": "401-402-430-Buffalo-Avenue-Site__C932164", "site_id": "C932164", "location_id": "MW9", "measured": false, "method": "similarity_from_hand_control_points", "figure_style": "untested", "fit_rms_m": 13.98, "loo_median_m": 21.56, "loo_max_m": 40.2, "n_control_points": "5", "outside_hull": false, "outside_boundary_by_m": 23.1, "source_document": "Work Plan.BCP.C932164.2015-12-17.Site Management Plan.pdf", "source_page": "60"}}, {"type": "Feature", "geometry": {"type": "Point", "coordinates": [-79.0569156, 43.0824887]}, "properties": {"site": "401-402-430-Buffalo-Avenue-Site__C932164", "site_id": "C932164", "location_id": "SB12", "measured": false, "method": "similarity_from_hand_control_points", "figure_style": "untested", "fit_rms_m": 13.98, "loo_median_m": 21.56, "loo_max_m": 40.2, "n_control_points": "5", "outside_hull": false, "outside_boundary_by_m": 22.4, "source_document": "Work Plan.BCP.C932164.2015-12-17.Site Management Plan.pdf", "source_page": "60"}}, {"type": "Feature", "geometry": {"type": "Point", "coordinates": [-79.0566493, 43.0824862]}, "properties": {"site": "401-402-430-Buffalo-Avenue-Site__C932164", "site_id": "C932164", "location_id": "SS4", "measured": false, "method": "similarity_from_hand_control_points", "figure_style": "untested", "fit_rms_m": 13.98, "loo_median_m": 21.56, "loo_max_m": 40.2, "n_control_points": "5", "outside_hull": false, "outside_boundary_by_m": 21.7, "source_document": "Work Plan.BCP.C932164.2015-12-17.Site Management Plan.pdf", "source_page": "60"}}, {"type": "Feature", "geometry": {"type": "Point", "coordinates": [-79.0570375, 43.0821478]}, "properties": {"site": "401-402-430-Buffalo-Avenue-Site__C932164", "site_id": "C932164", "location_id": "SS-1", "measured": true, "method": "measured_control_point", "figure_style": "untested", "fit_rms_m": 13.98, "loo_median_m": 21.56, "loo_max_m": 40.2, "n_control_points": "5", "outside_hull": false, "outside_boundary_by_m": 0.0, "source_document": "Work Plan.BCP.C932164.2015-12-17.Site Management Plan.pdf", "source_page": "60"}}, {"type": "Feature", "geometry": {"type": "Point", "coordinates": [-79.056394, 43.0822419]}, "properties": {"site": "401-402-430-Buffalo-Avenue-Site__C932164", "site_id": "C932164", "location_id": "TP11", "measured": false, "method": "similarity_from_hand_control_points", "figure_style": "untested", "fit_rms_m": 13.98, "loo_median_m": 21.56, "loo_max_m": 40.2, "n_control_points": "5", "outside_hull": false, "outside_boundary_by_m": 0.0, "source_document": "Work Plan.BCP.C932164.2015-12-17.Site Management Plan.pdf", "source_page": "60"}}, {"type": "Feature", "geometry": {"type": "Point", "coordinates": [-79.0558815, 43.0821544]}, "properties": {"site": "401-402-430-Buffalo-Avenue-Site__C932164", "site_id": "C932164", "location_id": "TP12", "measured": false, "method": "similarity_from_hand_control_points", "figure_style": "untested", "fit_rms_m": 13.98, "loo_median_m": 21.56, "loo_max_m": 40.2, "n_control_points": "5", "outside_hull": false, "outside_boundary_by_m": 0.0, "source_document": "Work Plan.BCP.C932164.2015-12-17.Site Management Plan.pdf | Report.BCP.C932164.2015-12-01.FER.pdf", "source_page": "60 | 52"}}, {"type": "Feature", "geometry": {"type": "Point", "coordinates": [-79.0570185, 43.0821365]}, "properties": {"site": "401-402-430-Buffalo-Avenue-Site__C932164", "site_id": "C932164", "location_id": "TP10", "measured": false, "method": "similarity_from_hand_control_points", "figure_style": "untested", "fit_rms_m": 13.98, "loo_median_m": 21.56, "loo_max_m": 40.2, "n_control_points": "5", "outside_hull": false, "outside_boundary_by_m": 0.0, "source_document": "Work Plan.BCP.C932164.2015-12-17.Site Management Plan.pdf", "source_page": "60"}}, {"type": "Feature", "geometry": {"type": "Point", "coordinates": [-79.0564104, 43.0820683]}, "properties": {"site": "401-402-430-Buffalo-Avenue-Site__C932164", "site_id": "C932164", "location_id": "TP15", "measured": false, "method": "similarity_from_hand_control_points", "figure_style": "untested", "fit_rms_m": 13.98, "loo_median_m": 21.56, "loo_max_m": 40.2, "n_control_points": "5", "outside_hull": false, "outside_boundary_by_m": 0.0, "source_document": "Work Plan.BCP.C932164.2015-12-17.Site Management Plan.pdf | Report.BCP.C932164.2015-12-01.FER.pdf", "source_page": "60 | 52"}}, {"type": "Feature", "geometry": {"type": "Point", "coordinates": [-79.0562198, 43.0820689]}, "properties": {"site": "401-402-430-Buffalo-Avenue-Site__C932164", "site_id": "C932164", "location_id": "TP16", "measured": false, "method": "similarity_from_hand_control_points", "figure_style": "untested", "fit_rms_m": 13.98, "loo_median_m": 21.56, "loo_max_m": 40.2, "n_control_points": "5", "outside_hull": false, "outside_boundary_by_m": 0.0, "source_document": "Work Plan.BCP.C932164.2015-12-17.Site Management Plan.pdf | Report.BCP.C932164.2015-12-01.FER.pdf", "source_page": "60 | 52"}}, {"type": "Feature", "geometry": {"type": "Point", "coordinates": [-79.0561304, 43.0819304]}, "properties": {"site": "401-402-430-Buffalo-Avenue-Site__C932164", "site_id": "C932164", "location_id": "TP-14", "measured": true, "method": "measured_control_point", "figure_style": "untested", "fit_rms_m": 13.98, "loo_median_m": 21.56, "loo_max_m": 40.2, "n_control_points": "5", "outside_hull": false, "outside_boundary_by_m": 0.0, "source_document": "Work Plan.BCP.C932164.2015-12-17.Site Management Plan.pdf", "source_page": "60"}}, {"type": "Feature", "geometry": {"type": "Point", "coordinates": [-79.0558101, 43.0819086]}, "properties": {"site": "401-402-430-Buffalo-Avenue-Site__C932164", "site_id": "C932164", "location_id": "TP13", "measured": false, "method": "similarity_from_hand_control_points", "figure_style": "untested", "fit_rms_m": 13.98, "loo_median_m": 21.56, "loo_max_m": 40.2, "n_control_points": "5", "outside_hull": true, "outside_boundary_by_m": 0.0, "source_document": "Work Plan.BCP.C932164.2015-12-17.Site Management Plan.pdf | Report.BCP.C932164.2015-12-01.FER.pdf", "source_page": "60 | 52"}}, {"type": "Feature", "geometry": {"type": "Point", "coordinates": [-79.0573427, 43.0818397]}, "properties": {"site": "401-402-430-Buffalo-Avenue-Site__C932164", "site_id": "C932164", "location_id": "SS3", "measured": false, "method": "similarity_from_hand_control_points", "figure_style": "untested", "fit_rms_m": 13.98, "loo_median_m": 21.56, "loo_max_m": 40.2, "n_control_points": "5", "outside_hull": true, "outside_boundary_by_m": 0.0, "source_document": "Work Plan.BCP.C932164.2015-12-17.Site Management Plan.pdf", "source_page": "60"}}, {"type": "Feature", "geometry": {"type": "Point", "coordinates": [-79.0569498, 43.08181]}, "properties": {"site": "401-402-430-Buffalo-Avenue-Site__C932164", "site_id": "C932164", "location_id": "TP17", "measured": false, "method": "similarity_from_hand_control_points", "figure_style": "untested", "fit_rms_m": 13.98, "loo_median_m": 21.56, "loo_max_m": 40.2, "n_control_points": "5", "outside_hull": false, "outside_boundary_by_m": 0.0, "source_document": "Work Plan.BCP.C932164.2015-12-17.Site Management Plan.pdf | Report.BCP.C932164.2015-12-01.FER.pdf", "source_page": "60 | 52"}}, {"type": "Feature", "geometry": {"type": "Point", "coordinates": [-79.0568079, 43.0817625]}, "properties": {"site": "401-402-430-Buffalo-Avenue-Site__C932164", "site_id": "C932164", "location_id": "TP18", "measured": false, "method": "similarity_from_hand_control_points", "figure_style": "untested", "fit_rms_m": 13.98, "loo_median_m": 21.56, "loo_max_m": 40.2, "n_control_points": "5", "outside_hull": false, "outside_boundary_by_m": 0.0, "source_document": "Work Plan.BCP.C932164.2015-12-17.Site Management Plan.pdf", "source_page": "60"}}, {"type": "Feature", "geometry": {"type": "Point", "coordinates": [-79.0572263, 43.0817337]}, "properties": {"site": "401-402-430-Buffalo-Avenue-Site__C932164", "site_id": "C932164", "location_id": "SB6", "measured": false, "method": "similarity_from_hand_control_points", "figure_style": "untested", "fit_rms_m": 13.98, "loo_median_m": 21.56, "loo_max_m": 40.2, "n_control_points": "5", "outside_hull": true, "outside_boundary_by_m": 0.0, "source_document": "Work Plan.BCP.C932164.2015-12-17.Site Management Plan.pdf", "source_page": "60"}}, {"type": "Feature", "geometry": {"type": "Point", "coordinates": [-79.0556635, 43.0816221]}, "properties": {"site": "401-402-430-Buffalo-Avenue-Site__C932164", "site_id": "C932164", "location_id": "TP19", "measured": false, "method": "similarity_from_hand_control_points", "figure_style": "untested", "fit_rms_m": 13.98, "loo_median_m": 21.56, "loo_max_m": 40.2, "n_control_points": "5", "outside_hull": true, "outside_boundary_by_m": 0.0, "source_document": "Work Plan.BCP.C932164.2015-12-17.Site Management Plan.pdf", "source_page": "60"}}, {"type": "Feature", "geometry": {"type": "Point", "coordinates": [-79.0560661, 43.0815675]}, "properties": {"site": "401-402-430-Buffalo-Avenue-Site__C932164", "site_id": "C932164", "location_id": "SS2", "measured": false, "method": "similarity_from_hand_control_points", "figure_style": "untested", "fit_rms_m": 13.98, "loo_median_m": 21.56, "loo_max_m": 40.2, "n_control_points": "5", "outside_hull": true, "outside_boundary_by_m": 0.0, "source_document": "Work Plan.BCP.C932164.2015-12-17.Site Management Plan.pdf", "source_page": "60"}}, {"type": "Feature", "geometry": {"type": "Point", "coordinates": [-79.056906, 43.0815131]}, "properties": {"site": "401-402-430-Buffalo-Avenue-Site__C932164", "site_id": "C932164", "location_id": "TP-20", "measured": true, "method": "measured_control_point", "figure_style": "untested", "fit_rms_m": 13.98, "loo_median_m": 21.56, "loo_max_m": 40.2, "n_control_points": "5", "outside_hull": false, "outside_boundary_by_m": 0.0, "source_document": "Work Plan.BCP.C932164.2015-12-17.Site Management Plan.pdf", "source_page": "60"}}, {"type": "Feature", "geometry": {"type": "Point", "coordinates": [-79.0573766, 43.0814195]}, "properties": {"site": "401-402-430-Buffalo-Avenue-Site__C932164", "site_id": "C932164", "location_id": "SB19", "measured": false, "method": "similarity_from_hand_control_points", "figure_style": "untested", "fit_rms_m": 13.98, "loo_median_m": 21.56, "loo_max_m": 40.2, "n_control_points": "5", "outside_hull": true, "outside_boundary_by_m": 3.0, "source_document": "Work Plan.BCP.C932164.2015-12-17.Site Management Plan.pdf", "source_page": "60"}}, {"type": "Feature", "geometry": {"type": "Point", "coordinates": [-79.0571997, 43.0814154]}, "properties": {"site": "401-402-430-Buffalo-Avenue-Site__C932164", "site_id": "C932164", "location_id": "MW4", "measured": false, "method": "similarity_from_hand_control_points", "figure_style": "untested", "fit_rms_m": 13.98, "loo_median_m": 21.56, "loo_max_m": 40.2, "n_control_points": "5", "outside_hull": true, "outside_boundary_by_m": 2.0, "source_document": "Work Plan.BCP.C932164.2015-12-17.Site Management Plan.pdf", "source_page": "60"}}, {"type": "Feature", "geometry": {"type": "Point", "coordinates": [-79.05659, 43.0832378]}, "properties": {"site": "401-402-430-Buffalo-Avenue-Site__C932164", "site_id": "C932164", "location_id": "111", "measured": false, "method": "similarity_from_hand_control_points", "figure_style": "untested", "fit_rms_m": 6.53, "loo_median_m": 9.93, "loo_max_m": 13.0, "n_control_points": "8", "outside_hull": true, "outside_boundary_by_m": 60.7, "source_document": "Report.BCP.C932164.2015-12-01.FER.pdf", "source_page": "52"}}, {"type": "Feature", "geometry": {"type": "Point", "coordinates": [-79.0585853, 43.0830414]}, "properties": {"site": "401-402-430-Buffalo-Avenue-Site__C932164", "site_id": "C932164", "location_id": "SB10", "measured": false, "method": "similarity_from_hand_control_points", "figure_style": "untested", "fit_rms_m": 6.53, "loo_median_m": 9.93, "loo_max_m": 13.0, "n_control_points": "8", "outside_hull": true, "outside_boundary_by_m": 99.9, "source_document": "Report.BCP.C932164.2015-12-01.FER.pdf", "source_page": "52"}}, {"type": "Feature", "geometry": {"type": "Point", "coordinates": [-79.0567234, 43.0830447]}, "properties": {"site": "401-402-430-Buffalo-Avenue-Site__C932164", "site_id": "C932164", "location_id": "1430", "measured": false, "method": "similarity_from_hand_control_points", "figure_style": "untested", "fit_rms_m": 6.53, "loo_median_m": 9.93, "loo_max_m": 13.0, "n_control_points": "8", "outside_hull": true, "outside_boundary_by_m": 38.3, "source_document": "Report.BCP.C932164.2015-12-01.FER.pdf", "source_page": "52"}}, {"type": "Feature", "geometry": {"type": "Point", "coordinates": [-79.0585819, 43.0829406]}, "properties": {"site": "401-402-430-Buffalo-Avenue-Site__C932164", "site_id": "C932164", "location_id": "TP3", "measured": false, "method": "similarity_from_hand_control_points", "figure_style": "untested", "fit_rms_m": 6.53, "loo_median_m": 9.93, "loo_max_m": 13.0, "n_control_points": "8", "outside_hull": true, "outside_boundary_by_m": 97.8, "source_document": "Report.BCP.C932164.2015-12-01.FER.pdf", "source_page": "52"}}, {"type": "Feature", "geometry": {"type": "Point", "coordinates": [-79.0559326, 43.0828863]}, "properties": {"site": "401-402-430-Buffalo-Avenue-Site__C932164", "site_id": "C932164", "location_id": "SB150", "measured": false, "method": "similarity_from_hand_control_points", "figure_style": "untested", "fit_rms_m": 6.53, "loo_median_m": 9.93, "loo_max_m": 13.0, "n_control_points": "8", "outside_hull": true, "outside_boundary_by_m": 79.1, "source_document": "Report.BCP.C932164.2015-12-01.FER.pdf", "source_page": "52"}}, {"type": "Feature", "geometry": {"type": "Point", "coordinates": [-79.0552458, 43.0828844]}, "properties": {"site": "401-402-430-Buffalo-Avenue-Site__C932164", "site_id": "C932164", "location_id": "TP-28", "measured": true, "method": "measured_control_point", "figure_style": "untested", "fit_rms_m": 6.53, "loo_median_m": 9.93, "loo_max_m": 13.0, "n_control_points": "8", "outside_hull": false, "outside_boundary_by_m": 86.1, "source_document": "Report.BCP.C932164.2015-12-01.FER.pdf", "source_page": "52"}}, {"type": "Feature", "geometry": {"type": "Point", "coordinates": [-79.0568937, 43.0828198]}, "properties": {"site": "401-402-430-Buffalo-Avenue-Site__C932164", "site_id": "C932164", "location_id": "SB-13", "measured": true, "method": "measured_control_point", "figure_style": "untested", "fit_rms_m": 6.53, "loo_median_m": 9.93, "loo_max_m": 13.0, "n_control_points": "8", "outside_hull": false, "outside_boundary_by_m": 16.6, "source_document": "Report.BCP.C932164.2015-12-01.FER.pdf", "source_page": "52"}}, {"type": "Feature", "geometry": {"type": "Point", "coordinates": [-79.0556887, 43.0828649]}, "properties": {"site": "401-402-430-Buffalo-Avenue-Site__C932164", "site_id": "C932164", "location_id": "MW6", "measured": false, "method": "similarity_from_hand_control_points", "figure_style": "untested", "fit_rms_m": 6.53, "loo_median_m": 9.93, "loo_max_m": 13.0, "n_control_points": "8", "outside_hull": false, "outside_boundary_by_m": 75.0, "source_document": "Report.BCP.C932164.2015-12-01.FER.pdf", "source_page": "52"}}, {"type": "Feature", "geometry": {"type": "Point", "coordinates": [-79.0554222, 43.0828635]}, "properties": {"site": "401-402-430-Buffalo-Avenue-Site__C932164", "site_id": "C932164", "location_id": "TP8", "measured": false, "method": "similarity_from_hand_control_points", "figure_style": "untested", "fit_rms_m": 6.53, "loo_median_m": 9.93, "loo_max_m": 13.0, "n_control_points": "8", "outside_hull": false, "outside_boundary_by_m": 77.9, "source_document": "Report.BCP.C932164.2015-12-01.FER.pdf", "source_page": "52"}}, {"type": "Feature", "geometry": {"type": "Point", "coordinates": [-79.0567955, 43.0827857]}, "properties": {"site": "401-402-430-Buffalo-Avenue-Site__C932164", "site_id": "C932164", "location_id": "MW5", "measured": false, "method": "similarity_from_hand_control_points", "figure_style": "untested", "fit_rms_m": 6.53, "loo_median_m": 9.93, "loo_max_m": 13.0, "n_control_points": "8", "outside_hull": false, "outside_boundary_by_m": 24.3, "source_document": "Report.BCP.C932164.2015-12-01.FER.pdf", "source_page": "52"}}, {"type": "Feature", "geometry": {"type": "Point", "coordinates": [-79.0553582, 43.0827849]}, "properties": {"site": "401-402-430-Buffalo-Avenue-Site__C932164", "site_id": "C932164", "location_id": "TP294", "measured": false, "method": "similarity_from_hand_control_points", "figure_style": "untested", "fit_rms_m": 6.53, "loo_median_m": 9.93, "loo_max_m": 13.0, "n_control_points": "8", "outside_hull": false, "outside_boundary_by_m": 71.4, "source_document": "Report.BCP.C932164.2015-12-01.FER.pdf", "source_page": "52"}}, {"type": "Feature", "geometry": {"type": "Point", "coordinates": [-79.0566443, 43.0827464]}, "properties": {"site": "401-402-430-Buffalo-Avenue-Site__C932164", "site_id": "C932164", "location_id": "TP22", "measured": false, "method": "similarity_from_hand_control_points", "figure_style": "untested", "fit_rms_m": 6.53, "loo_median_m": 9.93, "loo_max_m": 13.0, "n_control_points": "8", "outside_hull": false, "outside_boundary_by_m": 36.1, "source_document": "Report.BCP.C932164.2015-12-01.FER.pdf", "source_page": "52"}}, {"type": "Feature", "geometry": {"type": "Point", "coordinates": [-79.0569217, 43.0826946]}, "properties": {"site": "401-402-430-Buffalo-Avenue-Site__C932164", "site_id": "C932164", "location_id": "IF1", "measured": false, "method": "similarity_from_hand_control_points", "figure_style": "untested", "fit_rms_m": 6.53, "loo_median_m": 9.93, "loo_max_m": 13.0, "n_control_points": "8", "outside_hull": false, "outside_boundary_by_m": 13.0, "source_document": "Report.BCP.C932164.2015-12-01.FER.pdf", "source_page": "52"}}, {"type": "Feature", "geometry": {"type": "Point", "coordinates": [-79.0565435, 43.0826815]}, "properties": {"site": "401-402-430-Buffalo-Avenue-Site__C932164", "site_id": "C932164", "location_id": "TP34", "measured": false, "method": "similarity_from_hand_control_points", "figure_style": "untested", "fit_rms_m": 6.53, "loo_median_m": 9.93, "loo_max_m": 13.0, "n_control_points": "8", "outside_hull": false, "outside_boundary_by_m": 39.5, "source_document": "Report.BCP.C932164.2015-12-01.FER.pdf", "source_page": "52"}}, {"type": "Feature", "geometry": {"type": "Point", "coordinates": [-79.0558949, 43.0826396]}, "properties": {"site": "401-402-430-Buffalo-Avenue-Site__C932164", "site_id": "C932164", "location_id": "TP27", "measured": false, "method": "similarity_from_hand_control_points", "figure_style": "untested", "fit_rms_m": 6.53, "loo_median_m": 9.93, "loo_max_m": 13.0, "n_control_points": "8", "outside_hull": false, "outside_boundary_by_m": 52.7, "source_document": "Report.BCP.C932164.2015-12-01.FER.pdf", "source_page": "52"}}, {"type": "Feature", "geometry": {"type": "Point", "coordinates": [-79.0555838, 43.0826194]}, "properties": {"site": "401-402-430-Buffalo-Avenue-Site__C932164", "site_id": "C932164", "location_id": "TP74", "measured": false, "method": "similarity_from_hand_control_points", "figure_style": "untested", "fit_rms_m": 6.53, "loo_median_m": 9.93, "loo_max_m": 13.0, "n_control_points": "8", "outside_hull": false, "outside_boundary_by_m": 48.5, "source_document": "Report.BCP.C932164.2015-12-01.FER.pdf", "source_page": "52"}}, {"type": "Feature", "geometry": {"type": "Point", "coordinates": [-79.0552566, 43.0826067]}, "properties": {"site": "401-402-430-Buffalo-Avenue-Site__C932164", "site_id": "C932164", "location_id": "SB16", "measured": false, "method": "similarity_from_hand_control_points", "figure_style": "untested", "fit_rms_m": 6.53, "loo_median_m": 9.93, "loo_max_m": 13.0, "n_control_points": "8", "outside_hull": true, "outside_boundary_by_m": 58.1, "source_document": "Report.BCP.C932164.2015-12-01.FER.pdf", "source_page": "52"}}, {"type": "Feature", "geometry": {"type": "Point", "coordinates": [-79.0559605, 43.0825871]}, "properties": {"site": "401-402-430-Buffalo-Avenue-Site__C932164", "site_id": "C932164", "location_id": "TP64", "measured": false, "method": "similarity_from_hand_control_points", "figure_style": "untested", "fit_rms_m": 6.53, "loo_median_m": 9.93, "loo_max_m": 13.0, "n_control_points": "8", "outside_hull": false, "outside_boundary_by_m": 49.4, "source_document": "Report.BCP.C932164.2015-12-01.FER.pdf", "source_page": "52"}}, {"type": "Feature", "geometry": {"type": "Point", "coordinates": [-79.0565374, 43.0825577]}, "properties": {"site": "401-402-430-Buffalo-Avenue-Site__C932164", "site_id": "C932164", "location_id": "TP4", "measured": false, "method": "similarity_from_hand_control_points", "figure_style": "untested", "fit_rms_m": 6.53, "loo_median_m": 9.93, "loo_max_m": 13.0, "n_control_points": "8", "outside_hull": false, "outside_boundary_by_m": 25.8, "source_document": "Report.BCP.C932164.2015-12-01.FER.pdf", "source_page": "52"}}, {"type": "Feature", "geometry": {"type": "Point", "coordinates": [-79.0558777, 43.0825274]}, "properties": {"site": "401-402-430-Buffalo-Avenue-Site__C932164", "site_id": "C932164", "location_id": "SS5", "measured": false, "method": "similarity_from_hand_control_points", "figure_style": "untested", "fit_rms_m": 6.53, "loo_median_m": 9.93, "loo_max_m": 13.0, "n_control_points": "8", "outside_hull": false, "outside_boundary_by_m": 40.5, "source_document": "Report.BCP.C932164.2015-12-01.FER.pdf", "source_page": "52"}}, {"type": "Feature", "geometry": {"type": "Point", "coordinates": [-79.0565493, 43.0824702]}, "properties": {"site": "401-402-430-Buffalo-Avenue-Site__C932164", "site_id": "C932164", "location_id": "ISS4", "measured": false, "method": "similarity_from_hand_control_points", "figure_style": "untested", "fit_rms_m": 6.53, "loo_median_m": 9.93, "loo_max_m": 13.0, "n_control_points": "8", "outside_hull": false, "outside_boundary_by_m": 16.0, "source_document": "Report.BCP.C932164.2015-12-01.FER.pdf", "source_page": "52"}}, {"type": "Feature", "geometry": {"type": "Point", "coordinates": [-79.0568744, 43.0820505]}, "properties": {"site": "401-402-430-Buffalo-Avenue-Site__C932164", "site_id": "C932164", "location_id": "TP1", "measured": false, "method": "similarity_from_hand_control_points", "figure_style": "untested", "fit_rms_m": 6.53, "loo_median_m": 9.93, "loo_max_m": 13.0, "n_control_points": "8", "outside_hull": false, "outside_boundary_by_m": 26.6, "source_document": "Report.BCP.C932164.2015-12-01.FER.pdf", "source_page": "52"}}, {"type": "Feature", "geometry": {"type": "Point", "coordinates": [-79.0560455, 43.0822491]}, "properties": {"site": "401-402-430-Buffalo-Avenue-Site__C932164", "site_id": "C932164", "location_id": "ME296", "measured": false, "method": "similarity_from_hand_control_points", "figure_style": "untested", "fit_rms_m": 6.53, "loo_median_m": 9.93, "loo_max_m": 13.0, "n_control_points": "8", "outside_hull": false, "outside_boundary_by_m": 28.3, "source_document": "Report.BCP.C932164.2015-12-01.FER.pdf", "source_page": "52"}}, {"type": "Feature", "geometry": {"type": "Point", "coordinates": [-79.0558566, 43.0822494]}, "properties": {"site": "401-402-430-Buffalo-Avenue-Site__C932164", "site_id": "C932164", "location_id": "SB18", "measured": false, "method": "similarity_from_hand_control_points", "figure_style": "untested", "fit_rms_m": 6.53, "loo_median_m": 9.93, "loo_max_m": 13.0, "n_control_points": "8", "outside_hull": true, "outside_boundary_by_m": 14.5, "source_document": "Report.BCP.C932164.2015-12-01.FER.pdf", "source_page": "52"}}, {"type": "Feature", "geometry": {"type": "Point", "coordinates": [-79.0563633, 43.0822201]}, "properties": {"site": "401-402-430-Buffalo-Avenue-Site__C932164", "site_id": "C932164", "location_id": "RP11", "measured": false, "method": "similarity_from_hand_control_points", "figure_style": "untested", "fit_rms_m": 6.53, "loo_median_m": 9.93, "loo_max_m": 13.0, "n_control_points": "8", "outside_hull": false, "outside_boundary_by_m": 13.7, "source_document": "Report.BCP.C932164.2015-12-01.FER.pdf", "source_page": "52"}}, {"type": "Feature", "geometry": {"type": "Point", "coordinates": [-79.0558269, 43.0821776]}, "properties": {"site": "401-402-430-Buffalo-Avenue-Site__C932164", "site_id": "C932164", "location_id": "TP12", "measured": false, "method": "similarity_from_hand_control_points", "figure_style": "untested", "fit_rms_m": 6.53, "loo_median_m": 9.93, "loo_max_m": 13.0, "n_control_points": "8", "outside_hull": true, "outside_boundary_by_m": 9.2, "source_document": "Report.BCP.C932164.2015-12-01.FER.pdf", "source_page": "52"}}, {"type": "Feature", "geometry": {"type": "Point", "coordinates": [-79.0571216, 43.082046]}, "properties": {"site": "401-402-430-Buffalo-Avenue-Site__C932164", "site_id": "C932164", "location_id": "TP15", "measured": false, "method": "similarity_from_hand_control_points", "figure_style": "untested", "fit_rms_m": 6.53, "loo_median_m": 9.93, "loo_max_m": 13.0, "n_control_points": "8", "outside_hull": false, "outside_boundary_by_m": 34.7, "source_document": "Report.BCP.C932164.2015-12-01.FER.pdf", "source_page": "52"}}, {"type": "Feature", "geometry": {"type": "Point", "coordinates": [-79.0563511, 43.0820472]}, "properties": {"site": "401-402-430-Buffalo-Avenue-Site__C932164", "site_id": "C932164", "location_id": "TP16", "measured": false, "method": "similarity_from_hand_control_points", "figure_style": "untested", "fit_rms_m": 6.53, "loo_median_m": 9.93, "loo_max_m": 13.0, "n_control_points": "8", "outside_hull": false, "outside_boundary_by_m": 13.7, "source_document": "Report.BCP.C932164.2015-12-01.FER.pdf", "source_page": "52"}}, {"type": "Feature", "geometry": {"type": "Point", "coordinates": [-79.0557232, 43.0819078]}, "properties": {"site": "401-402-430-Buffalo-Avenue-Site__C932164", "site_id": "C932164", "location_id": "TP144", "measured": false, "method": "similarity_from_hand_control_points", "figure_style": "untested", "fit_rms_m": 6.53, "loo_median_m": 9.93, "loo_max_m": 13.0, "n_control_points": "8", "outside_hull": true, "outside_boundary_by_m": 28.5, "source_document": "Report.BCP.C932164.2015-12-01.FER.pdf", "source_page": "52"}}, {"type": "Feature", "geometry": {"type": "Point", "coordinates": [-79.0556064, 43.0818798]}, "properties": {"site": "401-402-430-Buffalo-Avenue-Site__C932164", "site_id": "C932164", "location_id": "TP13", "measured": false, "method": "similarity_from_hand_control_points", "figure_style": "untested", "fit_rms_m": 6.53, "loo_median_m": 9.93, "loo_max_m": 13.0, "n_control_points": "8", "outside_hull": true, "outside_boundary_by_m": 32.1, "source_document": "Report.BCP.C932164.2015-12-01.FER.pdf", "source_page": "52"}}, {"type": "Feature", "geometry": {"type": "Point", "coordinates": [-79.0554404, 43.0818801]}, "properties": {"site": "401-402-430-Buffalo-Avenue-Site__C932164", "site_id": "C932164", "location_id": "L1", "measured": false, "method": "similarity_from_hand_control_points", "figure_style": "untested", "fit_rms_m": 6.53, "loo_median_m": 9.93, "loo_max_m": 13.0, "n_control_points": "8", "outside_hull": true, "outside_boundary_by_m": 37.2, "source_document": "Report.BCP.C932164.2015-12-01.FER.pdf", "source_page": "52"}}, {"type": "Feature", "geometry": {"type": "Point", "coordinates": [-79.0568671, 43.0817119]}, "properties": {"site": "401-402-430-Buffalo-Avenue-Site__C932164", "site_id": "C932164", "location_id": "TP17", "measured": false, "method": "similarity_from_hand_control_points", "figure_style": "untested", "fit_rms_m": 6.53, "loo_median_m": 9.93, "loo_max_m": 13.0, "n_control_points": "8", "outside_hull": false, "outside_boundary_by_m": 45.4, "source_document": "Report.BCP.C932164.2015-12-01.FER.pdf", "source_page": "52"}}, {"type": "Feature", "geometry": {"type": "Point", "coordinates": [-79.057778, 43.0814128]}, "properties": {"site": "401-402-430-Buffalo-Avenue-Site__C932164", "site_id": "C932164", "location_id": "160", "measured": false, "method": "similarity_from_hand_control_points", "figure_style": "untested", "fit_rms_m": 6.53, "loo_median_m": 9.93, "loo_max_m": 13.0, "n_control_points": "8", "outside_hull": true, "outside_boundary_by_m": 37.9, "source_document": "Report.BCP.C932164.2015-12-01.FER.pdf", "source_page": "52"}}, {"type": "Feature", "geometry": {"type": "Point", "coordinates": [-79.0561988, 43.0813722]}, "properties": {"site": "401-402-430-Buffalo-Avenue-Site__C932164", "site_id": "C932164", "location_id": "44342", "measured": false, "method": "similarity_from_hand_control_points", "figure_style": "untested", "fit_rms_m": 6.53, "loo_median_m": 9.93, "loo_max_m": 13.0, "n_control_points": "8", "outside_hull": true, "outside_boundary_by_m": 0.0, "source_document": "Report.BCP.C932164.2015-12-01.FER.pdf", "source_page": "52"}}, {"type": "Feature", "geometry": {"type": "Point", "coordinates": [-79.0561901, 43.0824182]}, "properties": {"site": "401-402-430-Buffalo-Avenue-Site__C932164", "site_id": "C932164", "location_id": "MW-8 / SB-14", "measured": true, "method": "measured_control_point", "figure_style": "untested", "fit_rms_m": 6.53, "loo_median_m": 9.93, "loo_max_m": 13.0, "n_control_points": "8", "outside_hull": false, "outside_boundary_by_m": 28.0, "source_document": "Report.BCP.C932164.2015-12-01.FER.pdf", "source_page": "52"}}, {"type": "Feature", "geometry": {"type": "Point", "coordinates": [-79.0562172, 43.082238]}, "properties": {"site": "401-402-430-Buffalo-Avenue-Site__C932164", "site_id": "C932164", "location_id": "TP-11", "measured": true, "method": "measured_control_point", "figure_style": "untested", "fit_rms_m": 6.53, "loo_median_m": 9.93, "loo_max_m": 13.0, "n_control_points": "8", "outside_hull": false, "outside_boundary_by_m": 16.8, "source_document": "Report.BCP.C932164.2015-12-01.FER.pdf", "source_page": "52"}}, {"type": "Feature", "geometry": {"type": "Point", "coordinates": [-79.0567525, 43.0822458]}, "properties": {"site": "401-402-430-Buffalo-Avenue-Site__C932164", "site_id": "C932164", "location_id": "MW-17 / SB-17", "measured": true, "method": "measured_control_point", "figure_style": "untested", "fit_rms_m": 6.53, "loo_median_m": 9.93, "loo_max_m": 13.0, "n_control_points": "8", "outside_hull": false, "outside_boundary_by_m": 11.7, "source_document": "Report.BCP.C932164.2015-12-01.FER.pdf", "source_page": "52"}}, {"type": "Feature", "geometry": {"type": "Point", "coordinates": [-79.0573178, 43.0813662]}, "properties": {"site": "401-402-430-Buffalo-Avenue-Site__C932164", "site_id": "C932164", "location_id": "MW-4 / SB-19", "measured": true, "method": "measured_control_point", "figure_style": "untested", "fit_rms_m": 6.53, "loo_median_m": 9.93, "loo_max_m": 13.0, "n_control_points": "8", "outside_hull": false, "outside_boundary_by_m": 4.7, "source_document": "Report.BCP.C932164.2015-12-01.FER.pdf", "source_page": "52"}}, {"type": "Feature", "geometry": {"type": "Point", "coordinates": [-79.0573895, 43.0824373]}, "properties": {"site": "401-402-430-Buffalo-Avenue-Site__C932164", "site_id": "C932164", "location_id": "SB-11", "measured": true, "method": "measured_control_point", "figure_style": "untested", "fit_rms_m": 6.53, "loo_median_m": 9.93, "loo_max_m": 13.0, "n_control_points": "8", "outside_hull": false, "outside_boundary_by_m": 0.0, "source_document": "Report.BCP.C932164.2015-12-01.FER.pdf", "source_page": "52"}}, {"type": "Feature", "geometry": {"type": "Point", "coordinates": [-79.0561641, 43.0828413]}, "properties": {"site": "401-402-430-Buffalo-Avenue-Site__C932164", "site_id": "C932164", "location_id": "TP-24", "measured": true, "method": "measured_control_point", "figure_style": "untested", "fit_rms_m": 6.53, "loo_median_m": 9.93, "loo_max_m": 13.0, "n_control_points": "8", "outside_hull": false, "outside_boundary_by_m": 58.7, "source_document": "Report.BCP.C932164.2015-12-01.FER.pdf", "source_page": "52"}}, {"type": "Feature", "geometry": {"type": "Point", "coordinates": [-78.8856293, 43.0365406]}, "properties": {"site": "600-River-Road-Apartments__C932161", "site_id": "C932161", "location_id": "EP-20", "measured": true, "method": "measured_control_point", "figure_style": "untested", "fit_rms_m": 7.63, "loo_median_m": 11.11, "loo_max_m": 17.04, "n_control_points": "6", "outside_hull": false, "outside_boundary_by_m": 0.0, "source_document": "Report.BCP.C932161.2012-05-23.TurnKey_Phase_2.pdf", "source_page": "17"}}, {"type": "Feature", "geometry": {"type": "Point", "coordinates": [-78.8868801, 43.0350467]}, "properties": {"site": "600-River-Road-Apartments__C932161", "site_id": "C932161", "location_id": "EP-23", "measured": true, "method": "measured_control_point", "figure_style": "untested", "fit_rms_m": 7.63, "loo_median_m": 11.11, "loo_max_m": 17.04, "n_control_points": "6", "outside_hull": false, "outside_boundary_by_m": 0.0, "source_document": "Report.BCP.C932161.2012-05-23.TurnKey_Phase_2.pdf", "source_page": "17"}}, {"type": "Feature", "geometry": {"type": "Point", "coordinates": [-78.887492, 43.0360426]}, "properties": {"site": "600-River-Road-Apartments__C932161", "site_id": "C932161", "location_id": "EP-28", "measured": true, "method": "measured_control_point", "figure_style": "untested", "fit_rms_m": 7.63, "loo_median_m": 11.11, "loo_max_m": 17.04, "n_control_points": "6", "outside_hull": false, "outside_boundary_by_m": 0.0, "source_document": "Report.BCP.C932161.2012-05-23.TurnKey_Phase_2.pdf", "source_page": "17"}}, {"type": "Feature", "geometry": {"type": "Point", "coordinates": [-78.88673, 43.0359368]}, "properties": {"site": "600-River-Road-Apartments__C932161", "site_id": "C932161", "location_id": "EP-25", "measured": true, "method": "measured_control_point", "figure_style": "untested", "fit_rms_m": 7.63, "loo_median_m": 11.11, "loo_max_m": 17.04, "n_control_points": "6", "outside_hull": false, "outside_boundary_by_m": 0.0, "source_document": "Report.BCP.C932161.2012-05-23.TurnKey_Phase_2.pdf", "source_page": "17"}}, {"type": "Feature", "geometry": {"type": "Point", "coordinates": [-78.8864723, 43.035431]}, "properties": {"site": "600-River-Road-Apartments__C932161", "site_id": "C932161", "location_id": "EP-21", "measured": true, "method": "measured_control_point", "figure_style": "untested", "fit_rms_m": 7.63, "loo_median_m": 11.11, "loo_max_m": 17.04, "n_control_points": "6", "outside_hull": false, "outside_boundary_by_m": 0.0, "source_document": "Report.BCP.C932161.2012-05-23.TurnKey_Phase_2.pdf", "source_page": "17"}}, {"type": "Feature", "geometry": {"type": "Point", "coordinates": [-78.8873097, 43.0356819]}, "properties": {"site": "600-River-Road-Apartments__C932161", "site_id": "C932161", "location_id": "EP-26", "measured": true, "method": "measured_control_point", "figure_style": "untested", "fit_rms_m": 7.63, "loo_median_m": 11.11, "loo_max_m": 17.04, "n_control_points": "6", "outside_hull": false, "outside_boundary_by_m": 0.0, "source_document": "Report.BCP.C932161.2012-05-23.TurnKey_Phase_2.pdf", "source_page": "17"}}, {"type": "Feature", "geometry": {"type": "Point", "coordinates": [-78.8855731, 43.0362545]}, "properties": {"site": "624-River-Road__C932176", "site_id": "C932176", "location_id": "14213", "measured": false, "method": "similarity_from_hand_control_points", "figure_style": "untested", "fit_rms_m": 4.5, "loo_median_m": 5.42, "loo_max_m": 10.21, "n_control_points": "6", "outside_hull": true, "outside_boundary_by_m": 38.1, "source_document": "Report.BCP.C932176.2021-10-29.Final RIAAR.pdf", "source_page": "42"}}, {"type": "Feature", "geometry": {"type": "Point", "coordinates": [-78.885299, 43.0363335]}, "properties": {"site": "624-River-Road__C932176", "site_id": "C932176", "location_id": "624", "measured": false, "method": "similarity_from_hand_control_points", "figure_style": "untested", "fit_rms_m": 4.5, "loo_median_m": 5.42, "loo_max_m": 10.21, "n_control_points": "6", "outside_hull": true, "outside_boundary_by_m": 38.0, "source_document": "Report.BCP.C932176.2021-10-29.Final RIAAR.pdf", "source_page": "42"}}, {"type": "Feature", "geometry": {"type": "Point", "coordinates": [-78.8876054, 43.0369235]}, "properties": {"site": "624-River-Road__C932176", "site_id": "C932176", "location_id": "BH11", "measured": false, "method": "similarity_from_hand_control_points", "figure_style": "untested", "fit_rms_m": 4.5, "loo_median_m": 5.42, "loo_max_m": 10.21, "n_control_points": "6", "outside_hull": true, "outside_boundary_by_m": 0.0, "source_document": "Report.BCP.C932176.2021-10-29.Final RIAAR.pdf", "source_page": "42"}}, {"type": "Feature", "geometry": {"type": "Point", "coordinates": [-78.8877655, 43.0367798]}, "properties": {"site": "624-River-Road__C932176", "site_id": "C932176", "location_id": "BH-10", "measured": true, "method": "measured_control_point", "figure_style": "untested", "fit_rms_m": 4.5, "loo_median_m": 5.42, "loo_max_m": 10.21, "n_control_points": "6", "outside_hull": false, "outside_boundary_by_m": 0.0, "source_document": "Report.BCP.C932176.2021-10-29.Final RIAAR.pdf", "source_page": "42"}}, {"type": "Feature", "geometry": {"type": "Point", "coordinates": [-78.8872689, 43.0369593]}, "properties": {"site": "624-River-Road__C932176", "site_id": "C932176", "location_id": "BH9", "measured": false, "method": "similarity_from_hand_control_points", "figure_style": "untested", "fit_rms_m": 4.5, "loo_median_m": 5.42, "loo_max_m": 10.21, "n_control_points": "6", "outside_hull": true, "outside_boundary_by_m": 0.0, "source_document": "Report.BCP.C932176.2021-10-29.Final RIAAR.pdf", "source_page": "42"}}, {"type": "Feature", "geometry": {"type": "Point", "coordinates": [-78.8862179, 43.0372578]}, "properties": {"site": "624-River-Road__C932176", "site_id": "C932176", "location_id": "TT4", "measured": false, "method": "similarity_from_hand_control_points", "figure_style": "untested", "fit_rms_m": 4.5, "loo_median_m": 5.42, "loo_max_m": 10.21, "n_control_points": "6", "outside_hull": true, "outside_boundary_by_m": 0.0, "source_document": "Report.BCP.C932176.2021-10-29.Final RIAAR.pdf", "source_page": "42"}}, {"type": "Feature", "geometry": {"type": "Point", "coordinates": [-78.8859511, 43.0373013]}, "properties": {"site": "624-River-Road__C932176", "site_id": "C932176", "location_id": "TT-1", "measured": true, "method": "measured_control_point", "figure_style": "untested", "fit_rms_m": 4.5, "loo_median_m": 5.42, "loo_max_m": 10.21, "n_control_points": "6", "outside_hull": false, "outside_boundary_by_m": 0.0, "source_document": "Report.BCP.C932176.2021-10-29.Final RIAAR.pdf", "source_page": "42"}}, {"type": "Feature", "geometry": {"type": "Point", "coordinates": [-78.8866314, 43.0371083]}, "properties": {"site": "624-River-Road__C932176", "site_id": "C932176", "location_id": "TT9", "measured": false, "method": "similarity_from_hand_control_points", "figure_style": "untested", "fit_rms_m": 4.5, "loo_median_m": 5.42, "loo_max_m": 10.21, "n_control_points": "6", "outside_hull": true, "outside_boundary_by_m": 0.0, "source_document": "Report.BCP.C932176.2021-10-29.Final RIAAR.pdf", "source_page": "42"}}, {"type": "Feature", "geometry": {"type": "Point", "coordinates": [-78.8867832, 43.0370699]}, "properties": {"site": "624-River-Road__C932176", "site_id": "C932176", "location_id": "TT-11", "measured": true, "method": "measured_control_point", "figure_style": "untested", "fit_rms_m": 4.5, "loo_median_m": 5.42, "loo_max_m": 10.21, "n_control_points": "6", "outside_hull": false, "outside_boundary_by_m": 0.0, "source_document": "Report.BCP.C932176.2021-10-29.Final RIAAR.pdf", "source_page": "42"}}, {"type": "Feature", "geometry": {"type": "Point", "coordinates": [-78.8863931, 43.0371376]}, "properties": {"site": "624-River-Road__C932176", "site_id": "C932176", "location_id": "TP15", "measured": false, "method": "similarity_from_hand_control_points", "figure_style": "untested", "fit_rms_m": 4.5, "loo_median_m": 5.42, "loo_max_m": 10.21, "n_control_points": "6", "outside_hull": false, "outside_boundary_by_m": 0.0, "source_document": "Report.BCP.C932176.2021-10-29.Final RIAAR.pdf", "source_page": "42"}}, {"type": "Feature", "geometry": {"type": "Point", "coordinates": [-78.8861165, 43.0372098]}, "properties": {"site": "624-River-Road__C932176", "site_id": "C932176", "location_id": "TP16", "measured": false, "method": "similarity_from_hand_control_points", "figure_style": "untested", "fit_rms_m": 4.5, "loo_median_m": 5.42, "loo_max_m": 10.21, "n_control_points": "6", "outside_hull": false, "outside_boundary_by_m": 0.0, "source_document": "Report.BCP.C932176.2021-10-29.Final RIAAR.pdf", "source_page": "42"}}, {"type": "Feature", "geometry": {"type": "Point", "coordinates": [-78.8859672, 43.0372399]}, "properties": {"site": "624-River-Road__C932176", "site_id": "C932176", "location_id": "TP17", "measured": false, "method": "similarity_from_hand_control_points", "figure_style": "untested", "fit_rms_m": 4.5, "loo_median_m": 5.42, "loo_max_m": 10.21, "n_control_points": "6", "outside_hull": false, "outside_boundary_by_m": 0.0, "source_document": "Report.BCP.C932176.2021-10-29.Final RIAAR.pdf", "source_page": "42"}}, {"type": "Feature", "geometry": {"type": "Point", "coordinates": [-78.8869025, 43.0369617]}, "properties": {"site": "624-River-Road__C932176", "site_id": "C932176", "location_id": "TP13", "measured": false, "method": "similarity_from_hand_control_points", "figure_style": "untested", "fit_rms_m": 4.5, "loo_median_m": 5.42, "loo_max_m": 10.21, "n_control_points": "6", "outside_hull": false, "outside_boundary_by_m": 0.0, "source_document": "Report.BCP.C932176.2021-10-29.Final RIAAR.pdf", "source_page": "42"}}, {"type": "Feature", "geometry": {"type": "Point", "coordinates": [-78.8866748, 43.0370154]}, "properties": {"site": "624-River-Road__C932176", "site_id": "C932176", "location_id": "TP14", "measured": false, "method": "similarity_from_hand_control_points", "figure_style": "untested", "fit_rms_m": 4.5, "loo_median_m": 5.42, "loo_max_m": 10.21, "n_control_points": "6", "outside_hull": false, "outside_boundary_by_m": 0.0, "source_document": "Report.BCP.C932176.2021-10-29.Final RIAAR.pdf", "source_page": "42"}}, {"type": "Feature", "geometry": {"type": "Point", "coordinates": [-78.8874039, 43.0367836]}, "properties": {"site": "624-River-Road__C932176", "site_id": "C932176", "location_id": "BH8", "measured": false, "method": "similarity_from_hand_control_points", "figure_style": "untested", "fit_rms_m": 4.5, "loo_median_m": 5.42, "loo_max_m": 10.21, "n_control_points": "6", "outside_hull": false, "outside_boundary_by_m": 0.0, "source_document": "Report.BCP.C932176.2021-10-29.Final RIAAR.pdf", "source_page": "42"}}, {"type": "Feature", "geometry": {"type": "Point", "coordinates": [-78.8879229, 43.0366101]}, "properties": {"site": "624-River-Road__C932176", "site_id": "C932176", "location_id": "MW4", "measured": false, "method": "similarity_from_hand_control_points", "figure_style": "untested", "fit_rms_m": 4.5, "loo_median_m": 5.42, "loo_max_m": 10.21, "n_control_points": "6", "outside_hull": true, "outside_boundary_by_m": 0.0, "source_document": "Report.BCP.C932176.2021-10-29.Final RIAAR.pdf", "source_page": "42"}}, {"type": "Feature", "geometry": {"type": "Point", "coordinates": [-78.885773, 43.0372264]}, "properties": {"site": "624-River-Road__C932176", "site_id": "C932176", "location_id": "TT2", "measured": false, "method": "similarity_from_hand_control_points", "figure_style": "untested", "fit_rms_m": 4.5, "loo_median_m": 5.42, "loo_max_m": 10.21, "n_control_points": "6", "outside_hull": true, "outside_boundary_by_m": 0.0, "source_document": "Report.BCP.C932176.2021-10-29.Final RIAAR.pdf", "source_page": "42"}}, {"type": "Feature", "geometry": {"type": "Point", "coordinates": [-78.8861923, 43.0370994]}, "properties": {"site": "624-River-Road__C932176", "site_id": "C932176", "location_id": "TT5", "measured": false, "method": "similarity_from_hand_control_points", "figure_style": "untested", "fit_rms_m": 4.5, "loo_median_m": 5.42, "loo_max_m": 10.21, "n_control_points": "6", "outside_hull": false, "outside_boundary_by_m": 0.0, "source_document": "Report.BCP.C932176.2021-10-29.Final RIAAR.pdf", "source_page": "42"}}, {"type": "Feature", "geometry": {"type": "Point", "coordinates": [-78.8866684, 43.0369468]}, "properties": {"site": "624-River-Road__C932176", "site_id": "C932176", "location_id": "TT10", "measured": false, "method": "similarity_from_hand_control_points", "figure_style": "untested", "fit_rms_m": 4.5, "loo_median_m": 5.42, "loo_max_m": 10.21, "n_control_points": "6", "outside_hull": false, "outside_boundary_by_m": 0.0, "source_document": "Report.BCP.C932176.2021-10-29.Final RIAAR.pdf", "source_page": "42"}}, {"type": "Feature", "geometry": {"type": "Point", "coordinates": [-78.8864469, 43.0370132]}, "properties": {"site": "624-River-Road__C932176", "site_id": "C932176", "location_id": "TT8", "measured": false, "method": "similarity_from_hand_control_points", "figure_style": "untested", "fit_rms_m": 4.5, "loo_median_m": 5.42, "loo_max_m": 10.21, "n_control_points": "6", "outside_hull": false, "outside_boundary_by_m": 0.0, "source_document": "Report.BCP.C932176.2021-10-29.Final RIAAR.pdf", "source_page": "42"}}, {"type": "Feature", "geometry": {"type": "Point", "coordinates": [-78.8863328, 43.0369895]}, "properties": {"site": "624-River-Road__C932176", "site_id": "C932176", "location_id": "TP10", "measured": false, "method": "similarity_from_hand_control_points", "figure_style": "untested", "fit_rms_m": 4.5, "loo_median_m": 5.42, "loo_max_m": 10.21, "n_control_points": "6", "outside_hull": false, "outside_boundary_by_m": 0.0, "source_document": "Report.BCP.C932176.2021-10-29.Final RIAAR.pdf", "source_page": "42"}}, {"type": "Feature", "geometry": {"type": "Point", "coordinates": [-78.8860753, 43.0370136]}, "properties": {"site": "624-River-Road__C932176", "site_id": "C932176", "location_id": "TP9", "measured": false, "method": "similarity_from_hand_control_points", "figure_style": "untested", "fit_rms_m": 4.5, "loo_median_m": 5.42, "loo_max_m": 10.21, "n_control_points": "6", "outside_hull": false, "outside_boundary_by_m": 0.0, "source_document": "Report.BCP.C932176.2021-10-29.Final RIAAR.pdf", "source_page": "42"}}, {"type": "Feature", "geometry": {"type": "Point", "coordinates": [-78.8858083, 43.0370889]}, "properties": {"site": "624-River-Road__C932176", "site_id": "C932176", "location_id": "TP8", "measured": false, "method": "similarity_from_hand_control_points", "figure_style": "untested", "fit_rms_m": 4.5, "loo_median_m": 5.42, "loo_max_m": 10.21, "n_control_points": "6", "outside_hull": false, "outside_boundary_by_m": 0.0, "source_document": "Report.BCP.C932176.2021-10-29.Final RIAAR.pdf", "source_page": "42"}}, {"type": "Feature", "geometry": {"type": "Point", "coordinates": [-78.8865667, 43.0368855]}, "properties": {"site": "624-River-Road__C932176", "site_id": "C932176", "location_id": "TP11", "measured": false, "method": "similarity_from_hand_control_points", "figure_style": "untested", "fit_rms_m": 4.5, "loo_median_m": 5.42, "loo_max_m": 10.21, "n_control_points": "6", "outside_hull": false, "outside_boundary_by_m": 0.0, "source_document": "Report.BCP.C932176.2021-10-29.Final RIAAR.pdf", "source_page": "42"}}, {"type": "Feature", "geometry": {"type": "Point", "coordinates": [-78.8871833, 43.0367038]}, "properties": {"site": "624-River-Road__C932176", "site_id": "C932176", "location_id": "MW2", "measured": false, "method": "similarity_from_hand_control_points", "figure_style": "untested", "fit_rms_m": 4.5, "loo_median_m": 5.42, "loo_max_m": 10.21, "n_control_points": "6", "outside_hull": false, "outside_boundary_by_m": 0.0, "source_document": "Report.BCP.C932176.2021-10-29.Final RIAAR.pdf", "source_page": "42"}}, {"type": "Feature", "geometry": {"type": "Point", "coordinates": [-78.8867617, 43.0367445]}, "properties": {"site": "624-River-Road__C932176", "site_id": "C932176", "location_id": "TP-12", "measured": true, "method": "measured_control_point", "figure_style": "untested", "fit_rms_m": 4.5, "loo_median_m": 5.42, "loo_max_m": 10.21, "n_control_points": "6", "outside_hull": false, "outside_boundary_by_m": 0.0, "source_document": "Report.BCP.C932176.2021-10-29.Final RIAAR.pdf", "source_page": "42"}}, {"type": "Feature", "geometry": {"type": "Point", "coordinates": [-78.8856932, 43.0371015]}, "properties": {"site": "624-River-Road__C932176", "site_id": "C932176", "location_id": "MW1", "measured": false, "method": "similarity_from_hand_control_points", "figure_style": "untested", "fit_rms_m": 4.5, "loo_median_m": 5.42, "loo_max_m": 10.21, "n_control_points": "6", "outside_hull": true, "outside_boundary_by_m": 0.0, "source_document": "Report.BCP.C932176.2021-10-29.Final RIAAR.pdf", "source_page": "42"}}, {"type": "Feature", "geometry": {"type": "Point", "coordinates": [-78.8860815, 43.0369077]}, "properties": {"site": "624-River-Road__C932176", "site_id": "C932176", "location_id": "TT6", "measured": false, "method": "similarity_from_hand_control_points", "figure_style": "untested", "fit_rms_m": 4.5, "loo_median_m": 5.42, "loo_max_m": 10.21, "n_control_points": "6", "outside_hull": false, "outside_boundary_by_m": 0.0, "source_document": "Report.BCP.C932176.2021-10-29.Final RIAAR.pdf", "source_page": "42"}}, {"type": "Feature", "geometry": {"type": "Point", "coordinates": [-78.8866772, 43.0367146]}, "properties": {"site": "624-River-Road__C932176", "site_id": "C932176", "location_id": "TT12", "measured": false, "method": "similarity_from_hand_control_points", "figure_style": "untested", "fit_rms_m": 4.5, "loo_median_m": 5.42, "loo_max_m": 10.21, "n_control_points": "6", "outside_hull": false, "outside_boundary_by_m": 0.0, "source_document": "Report.BCP.C932176.2021-10-29.Final RIAAR.pdf", "source_page": "42"}}, {"type": "Feature", "geometry": {"type": "Point", "coordinates": [-78.8864247, 43.0367852]}, "properties": {"site": "624-River-Road__C932176", "site_id": "C932176", "location_id": "TT7", "measured": false, "method": "similarity_from_hand_control_points", "figure_style": "untested", "fit_rms_m": 4.5, "loo_median_m": 5.42, "loo_max_m": 10.21, "n_control_points": "6", "outside_hull": false, "outside_boundary_by_m": 0.0, "source_document": "Report.BCP.C932176.2021-10-29.Final RIAAR.pdf", "source_page": "42"}}, {"type": "Feature", "geometry": {"type": "Point", "coordinates": [-78.8856949, 43.0369681]}, "properties": {"site": "624-River-Road__C932176", "site_id": "C932176", "location_id": "TT3", "measured": false, "method": "similarity_from_hand_control_points", "figure_style": "untested", "fit_rms_m": 4.5, "loo_median_m": 5.42, "loo_max_m": 10.21, "n_control_points": "6", "outside_hull": false, "outside_boundary_by_m": 0.0, "source_document": "Report.BCP.C932176.2021-10-29.Final RIAAR.pdf", "source_page": "42"}}, {"type": "Feature", "geometry": {"type": "Point", "coordinates": [-78.8870402, 43.0365779]}, "properties": {"site": "624-River-Road__C932176", "site_id": "C932176", "location_id": "BH7", "measured": false, "method": "similarity_from_hand_control_points", "figure_style": "untested", "fit_rms_m": 4.5, "loo_median_m": 5.42, "loo_max_m": 10.21, "n_control_points": "6", "outside_hull": false, "outside_boundary_by_m": 0.0, "source_document": "Report.BCP.C932176.2021-10-29.Final RIAAR.pdf", "source_page": "42"}}, {"type": "Feature", "geometry": {"type": "Point", "coordinates": [-78.8859563, 43.0368884]}, "properties": {"site": "624-River-Road__C932176", "site_id": "C932176", "location_id": "600", "measured": false, "method": "similarity_from_hand_control_points", "figure_style": "untested", "fit_rms_m": 4.5, "loo_median_m": 5.42, "loo_max_m": 10.21, "n_control_points": "6", "outside_hull": false, "outside_boundary_by_m": 0.0, "source_document": "Report.BCP.C932176.2021-10-29.Final RIAAR.pdf", "source_page": "42"}}, {"type": "Feature", "geometry": {"type": "Point", "coordinates": [-78.8871641, 43.0364731]}, "properties": {"site": "624-River-Road__C932176", "site_id": "C932176", "location_id": "BH6", "measured": false, "method": "similarity_from_hand_control_points", "figure_style": "untested", "fit_rms_m": 4.5, "loo_median_m": 5.42, "loo_max_m": 10.21, "n_control_points": "6", "outside_hull": false, "outside_boundary_by_m": 0.0, "source_document": "Report.BCP.C932176.2021-10-29.Final RIAAR.pdf", "source_page": "42"}}, {"type": "Feature", "geometry": {"type": "Point", "coordinates": [-78.8878177, 43.0362463]}, "properties": {"site": "624-River-Road__C932176", "site_id": "C932176", "location_id": "MW3", "measured": false, "method": "similarity_from_hand_control_points", "figure_style": "untested", "fit_rms_m": 4.5, "loo_median_m": 5.42, "loo_max_m": 10.21, "n_control_points": "6", "outside_hull": true, "outside_boundary_by_m": 0.0, "source_document": "Report.BCP.C932176.2021-10-29.Final RIAAR.pdf", "source_page": "42"}}, {"type": "Feature", "geometry": {"type": "Point", "coordinates": [-78.886768, 43.0365308]}, "properties": {"site": "624-River-Road__C932176", "site_id": "C932176", "location_id": "TP3", "measured": false, "method": "similarity_from_hand_control_points", "figure_style": "untested", "fit_rms_m": 4.5, "loo_median_m": 5.42, "loo_max_m": 10.21, "n_control_points": "6", "outside_hull": false, "outside_boundary_by_m": 0.0, "source_document": "Report.BCP.C932176.2021-10-29.Final RIAAR.pdf", "source_page": "42"}}, {"type": "Feature", "geometry": {"type": "Point", "coordinates": [-78.8864628, 43.0366159]}, "properties": {"site": "624-River-Road__C932176", "site_id": "C932176", "location_id": "TP4", "measured": false, "method": "similarity_from_hand_control_points", "figure_style": "untested", "fit_rms_m": 4.5, "loo_median_m": 5.42, "loo_max_m": 10.21, "n_control_points": "6", "outside_hull": false, "outside_boundary_by_m": 0.0, "source_document": "Report.BCP.C932176.2021-10-29.Final RIAAR.pdf", "source_page": "42"}}, {"type": "Feature", "geometry": {"type": "Point", "coordinates": [-78.8861976, 43.0366912]}, "properties": {"site": "624-River-Road__C932176", "site_id": "C932176", "location_id": "TP5", "measured": false, "method": "similarity_from_hand_control_points", "figure_style": "untested", "fit_rms_m": 4.5, "loo_median_m": 5.42, "loo_max_m": 10.21, "n_control_points": "6", "outside_hull": false, "outside_boundary_by_m": 0.0, "source_document": "Report.BCP.C932176.2021-10-29.Final RIAAR.pdf", "source_page": "42"}}, {"type": "Feature", "geometry": {"type": "Point", "coordinates": [-78.8859062, 43.0367727]}, "properties": {"site": "624-River-Road__C932176", "site_id": "C932176", "location_id": "TP6", "measured": false, "method": "similarity_from_hand_control_points", "figure_style": "untested", "fit_rms_m": 4.5, "loo_median_m": 5.42, "loo_max_m": 10.21, "n_control_points": "6", "outside_hull": false, "outside_boundary_by_m": 0.0, "source_document": "Report.BCP.C932176.2021-10-29.Final RIAAR.pdf", "source_page": "42"}}, {"type": "Feature", "geometry": {"type": "Point", "coordinates": [-78.8856227, 43.036789]}, "properties": {"site": "624-River-Road__C932176", "site_id": "C932176", "location_id": "TP7", "measured": false, "method": "similarity_from_hand_control_points", "figure_style": "untested", "fit_rms_m": 4.5, "loo_median_m": 5.42, "loo_max_m": 10.21, "n_control_points": "6", "outside_hull": false, "outside_boundary_by_m": 0.0, "source_document": "Report.BCP.C932176.2021-10-29.Final RIAAR.pdf", "source_page": "42"}}, {"type": "Feature", "geometry": {"type": "Point", "coordinates": [-78.8874429, 43.0362225]}, "properties": {"site": "624-River-Road__C932176", "site_id": "C932176", "location_id": "BH5", "measured": false, "method": "similarity_from_hand_control_points", "figure_style": "untested", "fit_rms_m": 4.5, "loo_median_m": 5.42, "loo_max_m": 10.21, "n_control_points": "6", "outside_hull": false, "outside_boundary_by_m": 0.0, "source_document": "Report.BCP.C932176.2021-10-29.Final RIAAR.pdf", "source_page": "42"}}, {"type": "Feature", "geometry": {"type": "Point", "coordinates": [-78.8861093, 43.0365992]}, "properties": {"site": "624-River-Road__C932176", "site_id": "C932176", "location_id": "BH2", "measured": false, "method": "similarity_from_hand_control_points", "figure_style": "untested", "fit_rms_m": 4.5, "loo_median_m": 5.42, "loo_max_m": 10.21, "n_control_points": "6", "outside_hull": false, "outside_boundary_by_m": 0.0, "source_document": "Report.BCP.C932176.2021-10-29.Final RIAAR.pdf", "source_page": "42"}}, {"type": "Feature", "geometry": {"type": "Point", "coordinates": [-78.8869251, 43.0363363]}, "properties": {"site": "624-River-Road__C932176", "site_id": "C932176", "location_id": "BH4", "measured": false, "method": "similarity_from_hand_control_points", "figure_style": "untested", "fit_rms_m": 4.5, "loo_median_m": 5.42, "loo_max_m": 10.21, "n_control_points": "6", "outside_hull": false, "outside_boundary_by_m": 0.0, "source_document": "Report.BCP.C932176.2021-10-29.Final RIAAR.pdf", "source_page": "42"}}, {"type": "Feature", "geometry": {"type": "Point", "coordinates": [-78.8855378, 43.0366857]}, "properties": {"site": "624-River-Road__C932176", "site_id": "C932176", "location_id": "BH-1", "measured": true, "method": "measured_control_point", "figure_style": "untested", "fit_rms_m": 4.5, "loo_median_m": 5.42, "loo_max_m": 10.21, "n_control_points": "6", "outside_hull": false, "outside_boundary_by_m": 0.0, "source_document": "Report.BCP.C932176.2021-10-29.Final RIAAR.pdf", "source_page": "42"}}, {"type": "Feature", "geometry": {"type": "Point", "coordinates": [-78.8865399, 43.0364355]}, "properties": {"site": "624-River-Road__C932176", "site_id": "C932176", "location_id": "BH3", "measured": false, "method": "similarity_from_hand_control_points", "figure_style": "untested", "fit_rms_m": 4.5, "loo_median_m": 5.42, "loo_max_m": 10.21, "n_control_points": "6", "outside_hull": false, "outside_boundary_by_m": 0.0, "source_document": "Report.BCP.C932176.2021-10-29.Final RIAAR.pdf", "source_page": "42"}}, {"type": "Feature", "geometry": {"type": "Point", "coordinates": [-78.8877548, 43.0360975]}, "properties": {"site": "624-River-Road__C932176", "site_id": "C932176", "location_id": "TP-2", "measured": true, "method": "measured_control_point", "figure_style": "untested", "fit_rms_m": 4.5, "loo_median_m": 5.42, "loo_max_m": 10.21, "n_control_points": "6", "outside_hull": false, "outside_boundary_by_m": 0.0, "source_document": "Report.BCP.C932176.2021-10-29.Final RIAAR.pdf", "source_page": "42"}}, {"type": "Feature", "geometry": {"type": "Point", "coordinates": [-79.0389026, 43.1742151]}, "properties": {"site": "756-790-Center-Street-Site__C932168", "site_id": "C932168", "location_id": "NS1", "measured": false, "method": "similarity_from_hand_control_points", "figure_style": "untested", "fit_rms_m": 4.88, "loo_median_m": 7.29, "loo_max_m": 10.2, "n_control_points": "6", "outside_hull": true, "outside_boundary_by_m": 128.8, "source_document": "Work Plan.BCP.C932168.2016-06-01.Draft RI-IRM Work Plan.pdf", "source_page": "55"}}, {"type": "Feature", "geometry": {"type": "Point", "coordinates": [-79.0389041, 43.1741561]}, "properties": {"site": "756-790-Center-Street-Site__C932168", "site_id": "C932168", "location_id": "TP1", "measured": false, "method": "similarity_from_hand_control_points", "figure_style": "untested", "fit_rms_m": 4.88, "loo_median_m": 7.29, "loo_max_m": 10.2, "n_control_points": "6", "outside_hull": true, "outside_boundary_by_m": 128.0, "source_document": "Work Plan.BCP.C932168.2016-06-01.Draft RI-IRM Work Plan.pdf", "source_page": "55"}}, {"type": "Feature", "geometry": {"type": "Point", "coordinates": [-79.0361485, 43.1738859]}, "properties": {"site": "756-790-Center-Street-Site__C932168", "site_id": "C932168", "location_id": "SS8", "measured": false, "method": "similarity_from_hand_control_points", "figure_style": "untested", "fit_rms_m": 4.88, "loo_median_m": 7.29, "loo_max_m": 10.2, "n_control_points": "6", "outside_hull": true, "outside_boundary_by_m": 0.0, "source_document": "Work Plan.BCP.C932168.2016-06-01.Draft RI-IRM Work Plan.pdf", "source_page": "55"}}, {"type": "Feature", "geometry": {"type": "Point", "coordinates": [-79.0369413, 43.1738792]}, "properties": {"site": "756-790-Center-Street-Site__C932168", "site_id": "C932168", "location_id": "SS7", "measured": false, "method": "similarity_from_hand_control_points", "figure_style": "untested", "fit_rms_m": 4.88, "loo_median_m": 7.29, "loo_max_m": 10.2, "n_control_points": "6", "outside_hull": true, "outside_boundary_by_m": 0.0, "source_document": "Work Plan.BCP.C932168.2016-06-01.Draft RI-IRM Work Plan.pdf", "source_page": "55"}}, {"type": "Feature", "geometry": {"type": "Point", "coordinates": [-79.0369704, 43.1736153]}, "properties": {"site": "756-790-Center-Street-Site__C932168", "site_id": "C932168", "location_id": "SS6", "measured": false, "method": "similarity_from_hand_control_points", "figure_style": "untested", "fit_rms_m": 4.88, "loo_median_m": 7.29, "loo_max_m": 10.2, "n_control_points": "6", "outside_hull": false, "outside_boundary_by_m": 0.0, "source_document": "Work Plan.BCP.C932168.2016-06-01.Draft RI-IRM Work Plan.pdf", "source_page": "55"}}, {"type": "Feature", "geometry": {"type": "Point", "coordinates": [-79.0358559, 43.1736106]}, "properties": {"site": "756-790-Center-Street-Site__C932168", "site_id": "C932168", "location_id": "SS9", "measured": false, "method": "similarity_from_hand_control_points", "figure_style": "untested", "fit_rms_m": 4.88, "loo_median_m": 7.29, "loo_max_m": 10.2, "n_control_points": "6", "outside_hull": true, "outside_boundary_by_m": 0.0, "source_document": "Work Plan.BCP.C932168.2016-06-01.Draft RI-IRM Work Plan.pdf", "source_page": "55"}}, {"type": "Feature", "geometry": {"type": "Point", "coordinates": [-79.0365242, 43.1735387]}, "properties": {"site": "756-790-Center-Street-Site__C932168", "site_id": "C932168", "location_id": "SS5", "measured": false, "method": "similarity_from_hand_control_points", "figure_style": "untested", "fit_rms_m": 4.88, "loo_median_m": 7.29, "loo_max_m": 10.2, "n_control_points": "6", "outside_hull": false, "outside_boundary_by_m": 0.0, "source_document": "Work Plan.BCP.C932168.2016-06-01.Draft RI-IRM Work Plan.pdf", "source_page": "55"}}, {"type": "Feature", "geometry": {"type": "Point", "coordinates": [-79.0367592, 43.1733401]}, "properties": {"site": "756-790-Center-Street-Site__C932168", "site_id": "C932168", "location_id": "SB10", "measured": false, "method": "similarity_from_hand_control_points", "figure_style": "untested", "fit_rms_m": 4.88, "loo_median_m": 7.29, "loo_max_m": 10.2, "n_control_points": "6", "outside_hull": false, "outside_boundary_by_m": 0.0, "source_document": "Work Plan.BCP.C932168.2016-06-01.Draft RI-IRM Work Plan.pdf", "source_page": "55 | 90"}}, {"type": "Feature", "geometry": {"type": "Point", "coordinates": [-79.036161, 43.1733355]}, "properties": {"site": "756-790-Center-Street-Site__C932168", "site_id": "C932168", "location_id": "SB12", "measured": false, "method": "similarity_from_hand_control_points", "figure_style": "untested", "fit_rms_m": 4.88, "loo_median_m": 7.29, "loo_max_m": 10.2, "n_control_points": "6", "outside_hull": false, "outside_boundary_by_m": 0.0, "source_document": "Work Plan.BCP.C932168.2016-06-01.Draft RI-IRM Work Plan.pdf", "source_page": "55 | 90"}}, {"type": "Feature", "geometry": {"type": "Point", "coordinates": [-79.0366116, 43.173198]}, "properties": {"site": "756-790-Center-Street-Site__C932168", "site_id": "C932168", "location_id": "SS-3", "measured": true, "method": "measured_control_point", "figure_style": "untested", "fit_rms_m": 4.88, "loo_median_m": 7.29, "loo_max_m": 10.2, "n_control_points": "6", "outside_hull": false, "outside_boundary_by_m": 0.0, "source_document": "Work Plan.BCP.C932168.2016-06-01.Draft RI-IRM Work Plan.pdf", "source_page": "55"}}, {"type": "Feature", "geometry": {"type": "Point", "coordinates": [-79.0363119, 43.1732436]}, "properties": {"site": "756-790-Center-Street-Site__C932168", "site_id": "C932168", "location_id": "SB13", "measured": false, "method": "similarity_from_hand_control_points", "figure_style": "untested", "fit_rms_m": 4.88, "loo_median_m": 7.29, "loo_max_m": 10.2, "n_control_points": "6", "outside_hull": false, "outside_boundary_by_m": 0.0, "source_document": "Work Plan.BCP.C932168.2016-06-01.Draft RI-IRM Work Plan.pdf", "source_page": "55 | 90"}}, {"type": "Feature", "geometry": {"type": "Point", "coordinates": [-79.0365618, 43.1731238]}, "properties": {"site": "756-790-Center-Street-Site__C932168", "site_id": "C932168", "location_id": "SB11", "measured": false, "method": "similarity_from_hand_control_points", "figure_style": "untested", "fit_rms_m": 4.88, "loo_median_m": 7.29, "loo_max_m": 10.2, "n_control_points": "6", "outside_hull": false, "outside_boundary_by_m": 0.0, "source_document": "Work Plan.BCP.C932168.2016-06-01.Draft RI-IRM Work Plan.pdf", "source_page": "55 | 90"}}, {"type": "Feature", "geometry": {"type": "Point", "coordinates": [-79.036712, 43.1730482]}, "properties": {"site": "756-790-Center-Street-Site__C932168", "site_id": "C932168", "location_id": "SS2", "measured": false, "method": "similarity_from_hand_control_points", "figure_style": "untested", "fit_rms_m": 4.88, "loo_median_m": 7.29, "loo_max_m": 10.2, "n_control_points": "6", "outside_hull": false, "outside_boundary_by_m": 0.0, "source_document": "Work Plan.BCP.C932168.2016-06-01.Draft RI-IRM Work Plan.pdf", "source_page": "55"}}, {"type": "Feature", "geometry": {"type": "Point", "coordinates": [-79.0366057, 43.1729253]}, "properties": {"site": "756-790-Center-Street-Site__C932168", "site_id": "C932168", "location_id": "SB9", "measured": false, "method": "similarity_from_hand_control_points", "figure_style": "untested", "fit_rms_m": 4.88, "loo_median_m": 7.29, "loo_max_m": 10.2, "n_control_points": "6", "outside_hull": false, "outside_boundary_by_m": 0.0, "source_document": "Work Plan.BCP.C932168.2016-06-01.Draft RI-IRM Work Plan.pdf", "source_page": "55 | 90"}}, {"type": "Feature", "geometry": {"type": "Point", "coordinates": [-79.0358859, 43.1729093]}, "properties": {"site": "756-790-Center-Street-Site__C932168", "site_id": "C932168", "location_id": "SB7", "measured": false, "method": "similarity_from_hand_control_points", "figure_style": "untested", "fit_rms_m": 4.88, "loo_median_m": 7.29, "loo_max_m": 10.2, "n_control_points": "6", "outside_hull": true, "outside_boundary_by_m": 0.0, "source_document": "Work Plan.BCP.C932168.2016-06-01.Draft RI-IRM Work Plan.pdf", "source_page": "55 | 90"}}, {"type": "Feature", "geometry": {"type": "Point", "coordinates": [-79.0370647, 43.1729077]}, "properties": {"site": "756-790-Center-Street-Site__C932168", "site_id": "C932168", "location_id": "SS4", "measured": false, "method": "similarity_from_hand_control_points", "figure_style": "untested", "fit_rms_m": 4.88, "loo_median_m": 7.29, "loo_max_m": 10.2, "n_control_points": "6", "outside_hull": true, "outside_boundary_by_m": 0.0, "source_document": "Work Plan.BCP.C932168.2016-06-01.Draft RI-IRM Work Plan.pdf", "source_page": "55"}}, {"type": "Feature", "geometry": {"type": "Point", "coordinates": [-79.0364414, 43.1728659]}, "properties": {"site": "756-790-Center-Street-Site__C932168", "site_id": "C932168", "location_id": "SB8", "measured": false, "method": "similarity_from_hand_control_points", "figure_style": "untested", "fit_rms_m": 4.88, "loo_median_m": 7.29, "loo_max_m": 10.2, "n_control_points": "6", "outside_hull": true, "outside_boundary_by_m": 0.0, "source_document": "Work Plan.BCP.C932168.2016-06-01.Draft RI-IRM Work Plan.pdf", "source_page": "55 | 90"}}, {"type": "Feature", "geometry": {"type": "Point", "coordinates": [-79.0360605, 43.172851]}, "properties": {"site": "756-790-Center-Street-Site__C932168", "site_id": "C932168", "location_id": "SB3", "measured": false, "method": "similarity_from_hand_control_points", "figure_style": "untested", "fit_rms_m": 4.88, "loo_median_m": 7.29, "loo_max_m": 10.2, "n_control_points": "6", "outside_hull": true, "outside_boundary_by_m": 0.0, "source_document": "Work Plan.BCP.C932168.2016-06-01.Draft RI-IRM Work Plan.pdf", "source_page": "55 | 90"}}, {"type": "Feature", "geometry": {"type": "Point", "coordinates": [-79.0362832, 43.1728225]}, "properties": {"site": "756-790-Center-Street-Site__C932168", "site_id": "C932168", "location_id": "SB4", "measured": false, "method": "similarity_from_hand_control_points", "figure_style": "untested", "fit_rms_m": 4.88, "loo_median_m": 7.29, "loo_max_m": 10.2, "n_control_points": "6", "outside_hull": true, "outside_boundary_by_m": 0.0, "source_document": "Work Plan.BCP.C932168.2016-06-01.Draft RI-IRM Work Plan.pdf", "source_page": "55 | 90"}}, {"type": "Feature", "geometry": {"type": "Point", "coordinates": [-79.0359513, 43.1727226]}, "properties": {"site": "756-790-Center-Street-Site__C932168", "site_id": "C932168", "location_id": "SB6", "measured": false, "method": "similarity_from_hand_control_points", "figure_style": "untested", "fit_rms_m": 4.88, "loo_median_m": 7.29, "loo_max_m": 10.2, "n_control_points": "6", "outside_hull": true, "outside_boundary_by_m": 0.0, "source_document": "Work Plan.BCP.C932168.2016-06-01.Draft RI-IRM Work Plan.pdf", "source_page": "55 | 90"}}, {"type": "Feature", "geometry": {"type": "Point", "coordinates": [-79.0363195, 43.1726747]}, "properties": {"site": "756-790-Center-Street-Site__C932168", "site_id": "C932168", "location_id": "SB2", "measured": false, "method": "similarity_from_hand_control_points", "figure_style": "untested", "fit_rms_m": 4.88, "loo_median_m": 7.29, "loo_max_m": 10.2, "n_control_points": "6", "outside_hull": true, "outside_boundary_by_m": 0.0, "source_document": "Work Plan.BCP.C932168.2016-06-01.Draft RI-IRM Work Plan.pdf", "source_page": "55 | 90"}}, {"type": "Feature", "geometry": {"type": "Point", "coordinates": [-79.0359693, 43.1726416]}, "properties": {"site": "756-790-Center-Street-Site__C932168", "site_id": "C932168", "location_id": "SB5", "measured": false, "method": "similarity_from_hand_control_points", "figure_style": "untested", "fit_rms_m": 4.88, "loo_median_m": 7.29, "loo_max_m": 10.2, "n_control_points": "6", "outside_hull": true, "outside_boundary_by_m": 0.0, "source_document": "Work Plan.BCP.C932168.2016-06-01.Draft RI-IRM Work Plan.pdf", "source_page": "55 | 90"}}, {"type": "Feature", "geometry": {"type": "Point", "coordinates": [-79.0377251, 43.1726441]}, "properties": {"site": "756-790-Center-Street-Site__C932168", "site_id": "C932168", "location_id": "756", "measured": false, "method": "similarity_from_hand_control_points", "figure_style": "untested", "fit_rms_m": 4.88, "loo_median_m": 7.29, "loo_max_m": 10.2, "n_control_points": "6", "outside_hull": true, "outside_boundary_by_m": 38.2, "source_document": "Work Plan.BCP.C932168.2016-06-01.Draft RI-IRM Work Plan.pdf", "source_page": "55"}}, {"type": "Feature", "geometry": {"type": "Point", "coordinates": [-79.0382093, 43.1725699]}, "properties": {"site": "756-790-Center-Street-Site__C932168", "site_id": "C932168", "location_id": "160", "measured": false, "method": "similarity_from_hand_control_points", "figure_style": "untested", "fit_rms_m": 4.88, "loo_median_m": 7.29, "loo_max_m": 10.2, "n_control_points": "6", "outside_hull": true, "outside_boundary_by_m": 78.3, "source_document": "Work Plan.BCP.C932168.2016-06-01.Draft RI-IRM Work Plan.pdf", "source_page": "55"}}, {"type": "Feature", "geometry": {"type": "Point", "coordinates": [-79.0362665, 43.1725545]}, "properties": {"site": "756-790-Center-Street-Site__C932168", "site_id": "C932168", "location_id": "784", "measured": false, "method": "similarity_from_hand_control_points", "figure_style": "untested", "fit_rms_m": 4.88, "loo_median_m": 7.29, "loo_max_m": 10.2, "n_control_points": "6", "outside_hull": true, "outside_boundary_by_m": 10.1, "source_document": "Work Plan.BCP.C932168.2016-06-01.Draft RI-IRM Work Plan.pdf", "source_page": "55"}}, {"type": "Feature", "geometry": {"type": "Point", "coordinates": [-79.036161, 43.1725534]}, "properties": {"site": "756-790-Center-Street-Site__C932168", "site_id": "C932168", "location_id": "790", "measured": false, "method": "similarity_from_hand_control_points", "figure_style": "untested", "fit_rms_m": 4.88, "loo_median_m": 7.29, "loo_max_m": 10.2, "n_control_points": "6", "outside_hull": true, "outside_boundary_by_m": 9.3, "source_document": "Work Plan.BCP.C932168.2016-06-01.Draft RI-IRM Work Plan.pdf", "source_page": "55"}}, {"type": "Feature", "geometry": {"type": "Point", "coordinates": [-79.0358332, 43.1738317]}, "properties": {"site": "756-790-Center-Street-Site__C932168", "site_id": "C932168", "location_id": "SB-106/MW-6", "measured": true, "method": "measured_control_point", "figure_style": "untested", "fit_rms_m": 4.88, "loo_median_m": 7.29, "loo_max_m": 10.2, "n_control_points": "6", "outside_hull": false, "outside_boundary_by_m": 0.0, "source_document": "Work Plan.BCP.C932168.2016-06-01.Draft RI-IRM Work Plan.pdf", "source_page": "55"}}, {"type": "Feature", "geometry": {"type": "Point", "coordinates": [-79.0372987, 43.173777]}, "properties": {"site": "756-790-Center-Street-Site__C932168", "site_id": "C932168", "location_id": "NS-5/TP-5", "measured": true, "method": "measured_control_point", "figure_style": "untested", "fit_rms_m": 4.88, "loo_median_m": 7.29, "loo_max_m": 10.2, "n_control_points": "6", "outside_hull": false, "outside_boundary_by_m": 0.0, "source_document": "Work Plan.BCP.C932168.2016-06-01.Draft RI-IRM Work Plan.pdf", "source_page": "55"}}, {"type": "Feature", "geometry": {"type": "Point", "coordinates": [-79.0369444, 43.1727637]}, "properties": {"site": "756-790-Center-Street-Site__C932168", "site_id": "C932168", "location_id": "SB-103/MW-3", "measured": true, "method": "measured_control_point", "figure_style": "untested", "fit_rms_m": 4.88, "loo_median_m": 7.29, "loo_max_m": 10.2, "n_control_points": "6", "outside_hull": false, "outside_boundary_by_m": 0.0, "source_document": "Work Plan.BCP.C932168.2016-06-01.Draft RI-IRM Work Plan.pdf", "source_page": "55"}}, {"type": "Feature", "geometry": {"type": "Point", "coordinates": [-79.0359567, 43.1731158]}, "properties": {"site": "756-790-Center-Street-Site__C932168", "site_id": "C932168", "location_id": "SB-10/MW-1", "measured": true, "method": "measured_control_point", "figure_style": "untested", "fit_rms_m": 4.88, "loo_median_m": 7.29, "loo_max_m": 10.2, "n_control_points": "6", "outside_hull": false, "outside_boundary_by_m": 0.0, "source_document": "Work Plan.BCP.C932168.2016-06-01.Draft RI-IRM Work Plan.pdf", "source_page": "55"}}, {"type": "Feature", "geometry": {"type": "Point", "coordinates": [-79.0365901, 43.1736283]}, "properties": {"site": "756-790-Center-Street-Site__C932168", "site_id": "C932168", "location_id": "NS-7/TP-7", "measured": true, "method": "measured_control_point", "figure_style": "untested", "fit_rms_m": 4.88, "loo_median_m": 7.29, "loo_max_m": 10.2, "n_control_points": "6", "outside_hull": false, "outside_boundary_by_m": 0.0, "source_document": "Work Plan.BCP.C932168.2016-06-01.Draft RI-IRM Work Plan.pdf", "source_page": "55"}}, {"type": "Feature", "geometry": {"type": "Point", "coordinates": [-79.0362215, 43.1733408]}, "properties": {"site": "756-790-Center-Street-Site__C932168", "site_id": "C932168", "location_id": "SB-12", "measured": true, "method": "measured_control_point", "figure_style": "untested", "fit_rms_m": 2.88, "loo_median_m": 4.32, "loo_max_m": 7.98, "n_control_points": "5", "outside_hull": false, "outside_boundary_by_m": null, "source_document": "Work Plan.BCP.C932168.2016-06-01.Draft RI-IRM Work Plan.pdf", "source_page": "90"}}, {"type": "Feature", "geometry": {"type": "Point", "coordinates": [-79.036753, 43.173286]}, "properties": {"site": "756-790-Center-Street-Site__C932168", "site_id": "C932168", "location_id": "SB-10", "measured": true, "method": "measured_control_point", "figure_style": "untested", "fit_rms_m": 2.88, "loo_median_m": 4.32, "loo_max_m": 7.98, "n_control_points": "5", "outside_hull": false, "outside_boundary_by_m": null, "source_document": "Work Plan.BCP.C932168.2016-06-01.Draft RI-IRM Work Plan.pdf", "source_page": "90"}}, {"type": "Feature", "geometry": {"type": "Point", "coordinates": [-79.036293, 43.1732352]}, "properties": {"site": "756-790-Center-Street-Site__C932168", "site_id": "C932168", "location_id": "SB13", "measured": false, "method": "similarity_from_hand_control_points", "figure_style": "untested", "fit_rms_m": 2.88, "loo_median_m": 4.32, "loo_max_m": 7.98, "n_control_points": "5", "outside_hull": false, "outside_boundary_by_m": null, "source_document": "Work Plan.BCP.C932168.2016-06-01.Draft RI-IRM Work Plan.pdf", "source_page": "90"}}, {"type": "Feature", "geometry": {"type": "Point", "coordinates": [-79.0365502, 43.1731292]}, "properties": {"site": "756-790-Center-Street-Site__C932168", "site_id": "C932168", "location_id": "SB11", "measured": false, "method": "similarity_from_hand_control_points", "figure_style": "untested", "fit_rms_m": 2.88, "loo_median_m": 4.32, "loo_max_m": 7.98, "n_control_points": "5", "outside_hull": false, "outside_boundary_by_m": null, "source_document": "Work Plan.BCP.C932168.2016-06-01.Draft RI-IRM Work Plan.pdf", "source_page": "90"}}, {"type": "Feature", "geometry": {"type": "Point", "coordinates": [-79.0359424, 43.1728459]}, "properties": {"site": "756-790-Center-Street-Site__C932168", "site_id": "C932168", "location_id": "SB-7", "measured": true, "method": "measured_control_point", "figure_style": "untested", "fit_rms_m": 2.88, "loo_median_m": 4.32, "loo_max_m": 7.98, "n_control_points": "5", "outside_hull": false, "outside_boundary_by_m": null, "source_document": "Work Plan.BCP.C932168.2016-06-01.Draft RI-IRM Work Plan.pdf", "source_page": "90"}}, {"type": "Feature", "geometry": {"type": "Point", "coordinates": [-79.0365651, 43.1729476]}, "properties": {"site": "756-790-Center-Street-Site__C932168", "site_id": "C932168", "location_id": "SB-9", "measured": true, "method": "measured_control_point", "figure_style": "untested", "fit_rms_m": 2.88, "loo_median_m": 4.32, "loo_max_m": 7.98, "n_control_points": "5", "outside_hull": false, "outside_boundary_by_m": null, "source_document": "Work Plan.BCP.C932168.2016-06-01.Draft RI-IRM Work Plan.pdf", "source_page": "90"}}, {"type": "Feature", "geometry": {"type": "Point", "coordinates": [-79.0363522, 43.1728882]}, "properties": {"site": "756-790-Center-Street-Site__C932168", "site_id": "C932168", "location_id": "SB8", "measured": false, "method": "similarity_from_hand_control_points", "figure_style": "untested", "fit_rms_m": 2.88, "loo_median_m": 4.32, "loo_max_m": 7.98, "n_control_points": "5", "outside_hull": false, "outside_boundary_by_m": null, "source_document": "Work Plan.BCP.C932168.2016-06-01.Draft RI-IRM Work Plan.pdf", "source_page": "90"}}, {"type": "Feature", "geometry": {"type": "Point", "coordinates": [-79.0360828, 43.172837]}, "properties": {"site": "756-790-Center-Street-Site__C932168", "site_id": "C932168", "location_id": "SB3", "measured": false, "method": "similarity_from_hand_control_points", "figure_style": "untested", "fit_rms_m": 2.88, "loo_median_m": 4.32, "loo_max_m": 7.98, "n_control_points": "5", "outside_hull": false, "outside_boundary_by_m": null, "source_document": "Work Plan.BCP.C932168.2016-06-01.Draft RI-IRM Work Plan.pdf", "source_page": "90"}}, {"type": "Feature", "geometry": {"type": "Point", "coordinates": [-79.0362126, 43.1727648]}, "properties": {"site": "756-790-Center-Street-Site__C932168", "site_id": "C932168", "location_id": "SB4", "measured": false, "method": "similarity_from_hand_control_points", "figure_style": "untested", "fit_rms_m": 2.88, "loo_median_m": 4.32, "loo_max_m": 7.98, "n_control_points": "5", "outside_hull": false, "outside_boundary_by_m": null, "source_document": "Work Plan.BCP.C932168.2016-06-01.Draft RI-IRM Work Plan.pdf", "source_page": "90"}}, {"type": "Feature", "geometry": {"type": "Point", "coordinates": [-79.0359877, 43.1727073]}, "properties": {"site": "756-790-Center-Street-Site__C932168", "site_id": "C932168", "location_id": "SB6", "measured": false, "method": "similarity_from_hand_control_points", "figure_style": "untested", "fit_rms_m": 2.88, "loo_median_m": 4.32, "loo_max_m": 7.98, "n_control_points": "5", "outside_hull": true, "outside_boundary_by_m": null, "source_document": "Work Plan.BCP.C932168.2016-06-01.Draft RI-IRM Work Plan.pdf", "source_page": "90"}}, {"type": "Feature", "geometry": {"type": "Point", "coordinates": [-79.0377245, 43.1727793]}, "properties": {"site": "756-790-Center-Street-Site__C932168", "site_id": "C932168", "location_id": "200", "measured": false, "method": "similarity_from_hand_control_points", "figure_style": "untested", "fit_rms_m": 2.88, "loo_median_m": 4.32, "loo_max_m": 7.98, "n_control_points": "5", "outside_hull": true, "outside_boundary_by_m": null, "source_document": "Work Plan.BCP.C932168.2016-06-01.Draft RI-IRM Work Plan.pdf", "source_page": "90"}}, {"type": "Feature", "geometry": {"type": "Point", "coordinates": [-79.0366387, 43.1727111]}, "properties": {"site": "756-790-Center-Street-Site__C932168", "site_id": "C932168", "location_id": "SB1", "measured": false, "method": "similarity_from_hand_control_points", "figure_style": "untested", "fit_rms_m": 2.88, "loo_median_m": 4.32, "loo_max_m": 7.98, "n_control_points": "5", "outside_hull": true, "outside_boundary_by_m": null, "source_document": "Work Plan.BCP.C932168.2016-06-01.Draft RI-IRM Work Plan.pdf", "source_page": "90"}}, {"type": "Feature", "geometry": {"type": "Point", "coordinates": [-79.036354, 43.1726759]}, "properties": {"site": "756-790-Center-Street-Site__C932168", "site_id": "C932168", "location_id": "SB2", "measured": false, "method": "similarity_from_hand_control_points", "figure_style": "untested", "fit_rms_m": 2.88, "loo_median_m": 4.32, "loo_max_m": 7.98, "n_control_points": "5", "outside_hull": true, "outside_boundary_by_m": null, "source_document": "Work Plan.BCP.C932168.2016-06-01.Draft RI-IRM Work Plan.pdf", "source_page": "90"}}, {"type": "Feature", "geometry": {"type": "Point", "coordinates": [-79.0360981, 43.1726229]}, "properties": {"site": "756-790-Center-Street-Site__C932168", "site_id": "C932168", "location_id": "SB-5", "measured": true, "method": "measured_control_point", "figure_style": "untested", "fit_rms_m": 2.88, "loo_median_m": 4.32, "loo_max_m": 7.98, "n_control_points": "5", "outside_hull": false, "outside_boundary_by_m": null, "source_document": "Work Plan.BCP.C932168.2016-06-01.Draft RI-IRM Work Plan.pdf", "source_page": "90"}}, {"type": "Feature", "geometry": {"type": "Point", "coordinates": [-78.94623, 43.1182534]}, "properties": {"site": "914-Tactical-Airlift-Group__932106", "site_id": "932106", "location_id": "DS002", "measured": false, "method": "similarity_from_hand_control_points", "figure_style": "untested", "fit_rms_m": 12.83, "loo_median_m": 8.34, "loo_max_m": 26.14, "n_control_points": "11", "outside_hull": false, "outside_boundary_by_m": 0.0, "source_document": "Report.RCRA.932106.2023-03-21.NFARS_Final_2021_Annual_Comprehensive_Sampling-Monitoring_Report.pdf", "source_page": "60"}}, {"type": "Feature", "geometry": {"type": "Point", "coordinates": [-78.9477803, 43.118096]}, "properties": {"site": "914-Tactical-Airlift-Group__932106", "site_id": "932106", "location_id": "DS004", "measured": false, "method": "similarity_from_hand_control_points", "figure_style": "untested", "fit_rms_m": 12.83, "loo_median_m": 8.34, "loo_max_m": 26.14, "n_control_points": "11", "outside_hull": false, "outside_boundary_by_m": 0.0, "source_document": "Report.RCRA.932106.2023-03-21.NFARS_Final_2021_Annual_Comprehensive_Sampling-Monitoring_Report.pdf", "source_page": "60"}}, {"type": "Feature", "geometry": {"type": "Point", "coordinates": [-78.9491835, 43.1171371]}, "properties": {"site": "914-Tactical-Airlift-Group__932106", "site_id": "932106", "location_id": "5A", "measured": false, "method": "similarity_from_hand_control_points", "figure_style": "untested", "fit_rms_m": 12.83, "loo_median_m": 8.34, "loo_max_m": 26.14, "n_control_points": "11", "outside_hull": true, "outside_boundary_by_m": 0.0, "source_document": "Report.RCRA.932106.2023-03-21.NFARS_Final_2021_Annual_Comprehensive_Sampling-Monitoring_Report.pdf", "source_page": "60"}}, {"type": "Feature", "geometry": {"type": "Point", "coordinates": [-78.9288163, 43.1163574]}, "properties": {"site": "914-Tactical-Airlift-Group__932106", "site_id": "932106", "location_id": "LF008", "measured": false, "method": "similarity_from_hand_control_points", "figure_style": "untested", "fit_rms_m": 12.83, "loo_median_m": 8.34, "loo_max_m": 26.14, "n_control_points": "11", "outside_hull": false, "outside_boundary_by_m": 0.0, "source_document": "Report.RCRA.932106.2023-03-21.NFARS_Final_2021_Annual_Comprehensive_Sampling-Monitoring_Report.pdf", "source_page": "60"}}, {"type": "Feature", "geometry": {"type": "Point", "coordinates": [-78.93083, 43.1170363]}, "properties": {"site": "914-Tactical-Airlift-Group__932106", "site_id": "932106", "location_id": "8E", "measured": false, "method": "similarity_from_hand_control_points", "figure_style": "untested", "fit_rms_m": 12.83, "loo_median_m": 8.34, "loo_max_m": 26.14, "n_control_points": "11", "outside_hull": false, "outside_boundary_by_m": 0.0, "source_document": "Report.RCRA.932106.2023-03-21.NFARS_Final_2021_Annual_Comprehensive_Sampling-Monitoring_Report.pdf", "source_page": "60"}}, {"type": "Feature", "geometry": {"type": "Point", "coordinates": [-78.9314222, 43.116462]}, "properties": {"site": "914-Tactical-Airlift-Group__932106", "site_id": "932106", "location_id": "MPL2", "measured": false, "method": "similarity_from_hand_control_points", "figure_style": "untested", "fit_rms_m": 12.83, "loo_median_m": 8.34, "loo_max_m": 26.14, "n_control_points": "11", "outside_hull": false, "outside_boundary_by_m": 0.0, "source_document": "Report.RCRA.932106.2023-03-21.NFARS_Final_2021_Annual_Comprehensive_Sampling-Monitoring_Report.pdf", "source_page": "60"}}, {"type": "Feature", "geometry": {"type": "Point", "coordinates": [-78.9313092, 43.1155356]}, "properties": {"site": "914-Tactical-Airlift-Group__932106", "site_id": "932106", "location_id": "2A", "measured": false, "method": "similarity_from_hand_control_points", "figure_style": "untested", "fit_rms_m": 12.83, "loo_median_m": 8.34, "loo_max_m": 26.14, "n_control_points": "11", "outside_hull": false, "outside_boundary_by_m": 0.0, "source_document": "Report.RCRA.932106.2023-03-21.NFARS_Final_2021_Annual_Comprehensive_Sampling-Monitoring_Report.pdf", "source_page": "60"}}, {"type": "Feature", "geometry": {"type": "Point", "coordinates": [-78.9288435, 43.1161304]}, "properties": {"site": "914-Tactical-Airlift-Group__932106", "site_id": "932106", "location_id": "6A", "measured": false, "method": "similarity_from_hand_control_points", "figure_style": "untested", "fit_rms_m": 12.83, "loo_median_m": 8.34, "loo_max_m": 26.14, "n_control_points": "11", "outside_hull": false, "outside_boundary_by_m": 0.0, "source_document": "Report.RCRA.932106.2023-03-21.NFARS_Final_2021_Annual_Comprehensive_Sampling-Monitoring_Report.pdf", "source_page": "60"}}, {"type": "Feature", "geometry": {"type": "Point", "coordinates": [-78.9280836, 43.1146637]}, "properties": {"site": "914-Tactical-Airlift-Group__932106", "site_id": "932106", "location_id": "3A", "measured": false, "method": "similarity_from_hand_control_points", "figure_style": "untested", "fit_rms_m": 12.83, "loo_median_m": 8.34, "loo_max_m": 26.14, "n_control_points": "11", "outside_hull": false, "outside_boundary_by_m": 103.9, "source_document": "Report.RCRA.932106.2023-03-21.NFARS_Final_2021_Annual_Comprehensive_Sampling-Monitoring_Report.pdf", "source_page": "60"}}, {"type": "Feature", "geometry": {"type": "Point", "coordinates": [-78.9313997, 43.1151896]}, "properties": {"site": "914-Tactical-Airlift-Group__932106", "site_id": "932106", "location_id": "MW2", "measured": false, "method": "similarity_from_hand_control_points", "figure_style": "untested", "fit_rms_m": 12.83, "loo_median_m": 8.34, "loo_max_m": 26.14, "n_control_points": "11", "outside_hull": false, "outside_boundary_by_m": 0.0, "source_document": "Report.RCRA.932106.2023-03-21.NFARS_Final_2021_Annual_Comprehensive_Sampling-Monitoring_Report.pdf", "source_page": "60"}}, {"type": "Feature", "geometry": {"type": "Point", "coordinates": [-78.9279122, 43.1142953]}, "properties": {"site": "914-Tactical-Airlift-Group__932106", "site_id": "932106", "location_id": "4DA", "measured": false, "method": "similarity_from_hand_control_points", "figure_style": "untested", "fit_rms_m": 12.83, "loo_median_m": 8.34, "loo_max_m": 26.14, "n_control_points": "11", "outside_hull": false, "outside_boundary_by_m": 140.6, "source_document": "Report.RCRA.932106.2023-03-21.NFARS_Final_2021_Annual_Comprehensive_Sampling-Monitoring_Report.pdf", "source_page": "60"}}, {"type": "Feature", "geometry": {"type": "Point", "coordinates": [-78.9482856, 43.1139951]}, "properties": {"site": "914-Tactical-Airlift-Group__932106", "site_id": "932106", "location_id": "ST010", "measured": false, "method": "similarity_from_hand_control_points", "figure_style": "untested", "fit_rms_m": 12.83, "loo_median_m": 8.34, "loo_max_m": 26.14, "n_control_points": "11", "outside_hull": true, "outside_boundary_by_m": 0.0, "source_document": "Report.RCRA.932106.2023-03-21.NFARS_Final_2021_Annual_Comprehensive_Sampling-Monitoring_Report.pdf", "source_page": "60"}}, {"type": "Feature", "geometry": {"type": "Point", "coordinates": [-78.9337731, 43.112907]}, "properties": {"site": "914-Tactical-Airlift-Group__932106", "site_id": "932106", "location_id": "FT005", "measured": false, "method": "similarity_from_hand_control_points", "figure_style": "untested", "fit_rms_m": 12.83, "loo_median_m": 8.34, "loo_max_m": 26.14, "n_control_points": "11", "outside_hull": false, "outside_boundary_by_m": 0.0, "source_document": "Report.RCRA.932106.2023-03-21.NFARS_Final_2021_Annual_Comprehensive_Sampling-Monitoring_Report.pdf", "source_page": "60"}}, {"type": "Feature", "geometry": {"type": "Point", "coordinates": [-78.9336366, 43.1119843]}, "properties": {"site": "914-Tactical-Airlift-Group__932106", "site_id": "932106", "location_id": "1EA", "measured": false, "method": "similarity_from_hand_control_points", "figure_style": "untested", "fit_rms_m": 12.83, "loo_median_m": 8.34, "loo_max_m": 26.14, "n_control_points": "11", "outside_hull": false, "outside_boundary_by_m": 0.0, "source_document": "Report.RCRA.932106.2023-03-21.NFARS_Final_2021_Annual_Comprehensive_Sampling-Monitoring_Report.pdf", "source_page": "60"}}, {"type": "Feature", "geometry": {"type": "Point", "coordinates": [-78.9336171, 43.1121723]}, "properties": {"site": "914-Tactical-Airlift-Group__932106", "site_id": "932106", "location_id": "1F", "measured": false, "method": "similarity_from_hand_control_points", "figure_style": "untested", "fit_rms_m": 12.83, "loo_median_m": 8.34, "loo_max_m": 26.14, "n_control_points": "11", "outside_hull": false, "outside_boundary_by_m": 0.0, "source_document": "Report.RCRA.932106.2023-03-21.NFARS_Final_2021_Annual_Comprehensive_Sampling-Monitoring_Report.pdf", "source_page": "60"}}, {"type": "Feature", "geometry": {"type": "Point", "coordinates": [-78.9379249, 43.1037287]}, "properties": {"site": "914-Tactical-Airlift-Group__932106", "site_id": "932106", "location_id": "550", "measured": false, "method": "similarity_from_hand_control_points", "figure_style": "untested", "fit_rms_m": 12.83, "loo_median_m": 8.34, "loo_max_m": 26.14, "n_control_points": "11", "outside_hull": true, "outside_boundary_by_m": 804.5, "source_document": "Report.RCRA.932106.2023-03-21.NFARS_Final_2021_Annual_Comprehensive_Sampling-Monitoring_Report.pdf", "source_page": "60"}}, {"type": "Feature", "geometry": {"type": "Point", "coordinates": [-78.9495295, 43.1146041]}, "properties": {"site": "914-Tactical-Airlift-Group__932106", "site_id": "932106", "location_id": "PZ13-2/2D", "measured": true, "method": "measured_control_point", "figure_style": "untested", "fit_rms_m": 12.83, "loo_median_m": 8.34, "loo_max_m": 26.14, "n_control_points": "11", "outside_hull": false, "outside_boundary_by_m": 0.0, "source_document": "Report.RCRA.932106.2023-03-21.NFARS_Final_2021_Annual_Comprehensive_Sampling-Monitoring_Report.pdf", "source_page": "60"}}, {"type": "Feature", "geometry": {"type": "Point", "coordinates": [-78.9476126, 43.1199374]}, "properties": {"site": "914-Tactical-Airlift-Group__932106", "site_id": "932106", "location_id": "MW8-11", "measured": true, "method": "measured_control_point", "figure_style": "untested", "fit_rms_m": 12.83, "loo_median_m": 8.34, "loo_max_m": 26.14, "n_control_points": "11", "outside_hull": false, "outside_boundary_by_m": 0.0, "source_document": "Report.RCRA.932106.2023-03-21.NFARS_Final_2021_Annual_Comprehensive_Sampling-Monitoring_Report.pdf", "source_page": "60"}}, {"type": "Feature", "geometry": {"type": "Point", "coordinates": [-78.9444778, 43.1190446]}, "properties": {"site": "914-Tactical-Airlift-Group__932106", "site_id": "932106", "location_id": "SW8-9", "measured": true, "method": "measured_control_point", "figure_style": "untested", "fit_rms_m": 12.83, "loo_median_m": 8.34, "loo_max_m": 26.14, "n_control_points": "11", "outside_hull": false, "outside_boundary_by_m": 0.0, "source_document": "Report.RCRA.932106.2023-03-21.NFARS_Final_2021_Annual_Comprehensive_Sampling-Monitoring_Report.pdf", "source_page": "60"}}, {"type": "Feature", "geometry": {"type": "Point", "coordinates": [-78.9327391, 43.1155204]}, "properties": {"site": "914-Tactical-Airlift-Group__932106", "site_id": "932106", "location_id": "MPL6-3", "measured": true, "method": "measured_control_point", "figure_style": "untested", "fit_rms_m": 12.83, "loo_median_m": 8.34, "loo_max_m": 26.14, "n_control_points": "11", "outside_hull": false, "outside_boundary_by_m": 0.0, "source_document": "Report.RCRA.932106.2023-03-21.NFARS_Final_2021_Annual_Comprehensive_Sampling-Monitoring_Report.pdf", "source_page": "60"}}, {"type": "Feature", "geometry": {"type": "Point", "coordinates": [-78.9310214, 43.1182145]}, "properties": {"site": "914-Tactical-Airlift-Group__932106", "site_id": "932106", "location_id": "MW1-7A", "measured": true, "method": "measured_control_point", "figure_style": "untested", "fit_rms_m": 12.83, "loo_median_m": 8.34, "loo_max_m": 26.14, "n_control_points": "11", "outside_hull": false, "outside_boundary_by_m": 0.0, "source_document": "Report.RCRA.932106.2023-03-21.NFARS_Final_2021_Annual_Comprehensive_Sampling-Monitoring_Report.pdf", "source_page": "60"}}, {"type": "Feature", "geometry": {"type": "Point", "coordinates": [-78.9322211, 43.1115104]}, "properties": {"site": "914-Tactical-Airlift-Group__932106", "site_id": "932106", "location_id": "MW10-11", "measured": true, "method": "measured_control_point", "figure_style": "untested", "fit_rms_m": 12.83, "loo_median_m": 8.34, "loo_max_m": 26.14, "n_control_points": "11", "outside_hull": false, "outside_boundary_by_m": 59.2, "source_document": "Report.RCRA.932106.2023-03-21.NFARS_Final_2021_Annual_Comprehensive_Sampling-Monitoring_Report.pdf", "source_page": "60"}}, {"type": "Feature", "geometry": {"type": "Point", "coordinates": [-78.937095, 43.1117493]}, "properties": {"site": "914-Tactical-Airlift-Group__932106", "site_id": "932106", "location_id": "MW7-3D", "measured": true, "method": "measured_control_point", "figure_style": "untested", "fit_rms_m": 12.83, "loo_median_m": 8.34, "loo_max_m": 26.14, "n_control_points": "11", "outside_hull": false, "outside_boundary_by_m": 0.0, "source_document": "Report.RCRA.932106.2023-03-21.NFARS_Final_2021_Annual_Comprehensive_Sampling-Monitoring_Report.pdf", "source_page": "60"}}, {"type": "Feature", "geometry": {"type": "Point", "coordinates": [-78.9279754, 43.1137974]}, "properties": {"site": "914-Tactical-Airlift-Group__932106", "site_id": "932106", "location_id": "SW3-3", "measured": true, "method": "measured_control_point", "figure_style": "untested", "fit_rms_m": 12.83, "loo_median_m": 8.34, "loo_max_m": 26.14, "n_control_points": "11", "outside_hull": false, "outside_boundary_by_m": 174.6, "source_document": "Report.RCRA.932106.2023-03-21.NFARS_Final_2021_Annual_Comprehensive_Sampling-Monitoring_Report.pdf", "source_page": "60"}}, {"type": "Feature", "geometry": {"type": "Point", "coordinates": [-78.9272668, 43.1162801]}, "properties": {"site": "914-Tactical-Airlift-Group__932106", "site_id": "932106", "location_id": "MW3-2", "measured": true, "method": "measured_control_point", "figure_style": "untested", "fit_rms_m": 12.83, "loo_median_m": 8.34, "loo_max_m": 26.14, "n_control_points": "11", "outside_hull": false, "outside_boundary_by_m": 34.9, "source_document": "Report.RCRA.932106.2023-03-21.NFARS_Final_2021_Annual_Comprehensive_Sampling-Monitoring_Report.pdf", "source_page": "60"}}, {"type": "Feature", "geometry": {"type": "Point", "coordinates": [-78.946867, 43.1164367]}, "properties": {"site": "914-Tactical-Airlift-Group__932106", "site_id": "932106", "location_id": "MW5-7D", "measured": true, "method": "measured_control_point", "figure_style": "untested", "fit_rms_m": 12.83, "loo_median_m": 8.34, "loo_max_m": 26.14, "n_control_points": "11", "outside_hull": false, "outside_boundary_by_m": 0.0, "source_document": "Report.RCRA.932106.2023-03-21.NFARS_Final_2021_Annual_Comprehensive_Sampling-Monitoring_Report.pdf", "source_page": "60"}}, {"type": "Feature", "geometry": {"type": "Point", "coordinates": [-78.9472454, 43.1186609]}, "properties": {"site": "914-Tactical-Airlift-Group__932106", "site_id": "932106", "location_id": "MW8-5A", "measured": true, "method": "measured_control_point", "figure_style": "untested", "fit_rms_m": 12.83, "loo_median_m": 8.34, "loo_max_m": 26.14, "n_control_points": "11", "outside_hull": false, "outside_boundary_by_m": 0.0, "source_document": "Report.RCRA.932106.2023-03-21.NFARS_Final_2021_Annual_Comprehensive_Sampling-Monitoring_Report.pdf", "source_page": "60"}}, {"type": "Feature", "geometry": {"type": "Point", "coordinates": [-78.933585, 43.1159159]}, "properties": {"site": "914-Tactical-Airlift-Group__932106", "site_id": "932106", "location_id": "SB05", "measured": false, "method": "similarity_from_hand_control_points", "figure_style": "annotated", "fit_rms_m": 3.27, "loo_median_m": 4.18, "loo_max_m": 8.26, "n_control_points": "5", "outside_hull": true, "outside_boundary_by_m": 6.1, "source_document": "Report.RCRA.932106.2014-05-01.NER0006BV.03_PDI_QAPP_AddendumNo1_Final_May2014.pdf", "source_page": "33"}}, {"type": "Feature", "geometry": {"type": "Point", "coordinates": [-78.9340494, 43.1158043]}, "properties": {"site": "914-Tactical-Airlift-Group__932106", "site_id": "932106", "location_id": "SB06", "measured": true, "method": "measured_control_point", "figure_style": "annotated", "fit_rms_m": 3.27, "loo_median_m": 4.18, "loo_max_m": 8.26, "n_control_points": "5", "outside_hull": false, "outside_boundary_by_m": 0.0, "source_document": "Report.RCRA.932106.2014-05-01.NER0006BV.03_PDI_QAPP_AddendumNo1_Final_May2014.pdf", "source_page": "33"}}, {"type": "Feature", "geometry": {"type": "Point", "coordinates": [-78.9337402, 43.1158722]}, "properties": {"site": "914-Tactical-Airlift-Group__932106", "site_id": "932106", "location_id": "SB13", "measured": false, "method": "similarity_from_hand_control_points", "figure_style": "annotated", "fit_rms_m": 3.27, "loo_median_m": 4.18, "loo_max_m": 8.26, "n_control_points": "5", "outside_hull": true, "outside_boundary_by_m": 0.0, "source_document": "Report.RCRA.932106.2014-05-01.NER0006BV.03_PDI_QAPP_AddendumNo1_Final_May2014.pdf", "source_page": "33"}}, {"type": "Feature", "geometry": {"type": "Point", "coordinates": [-78.9337664, 43.1158317]}, "properties": {"site": "914-Tactical-Airlift-Group__932106", "site_id": "932106", "location_id": "SB03", "measured": true, "method": "measured_control_point", "figure_style": "annotated", "fit_rms_m": 3.27, "loo_median_m": 4.18, "loo_max_m": 8.26, "n_control_points": "5", "outside_hull": false, "outside_boundary_by_m": 0.0, "source_document": "Report.RCRA.932106.2014-05-01.NER0006BV.03_PDI_QAPP_AddendumNo1_Final_May2014.pdf", "source_page": "33"}}, {"type": "Feature", "geometry": {"type": "Point", "coordinates": [-78.9335973, 43.1157983]}, "properties": {"site": "914-Tactical-Airlift-Group__932106", "site_id": "932106", "location_id": "SB14", "measured": false, "method": "similarity_from_hand_control_points", "figure_style": "annotated", "fit_rms_m": 3.27, "loo_median_m": 4.18, "loo_max_m": 8.26, "n_control_points": "5", "outside_hull": true, "outside_boundary_by_m": 0.0, "source_document": "Report.RCRA.932106.2014-05-01.NER0006BV.03_PDI_QAPP_AddendumNo1_Final_May2014.pdf", "source_page": "33"}}, {"type": "Feature", "geometry": {"type": "Point", "coordinates": [-78.9333537, 43.1158225]}, "properties": {"site": "914-Tactical-Airlift-Group__932106", "site_id": "932106", "location_id": "SB10", "measured": false, "method": "similarity_from_hand_control_points", "figure_style": "annotated", "fit_rms_m": 3.27, "loo_median_m": 4.18, "loo_max_m": 8.26, "n_control_points": "5", "outside_hull": true, "outside_boundary_by_m": 14.3, "source_document": "Report.RCRA.932106.2014-05-01.NER0006BV.03_PDI_QAPP_AddendumNo1_Final_May2014.pdf", "source_page": "33"}}, {"type": "Feature", "geometry": {"type": "Point", "coordinates": [-78.933858, 43.1157677]}, "properties": {"site": "914-Tactical-Airlift-Group__932106", "site_id": "932106", "location_id": "SB04", "measured": false, "method": "similarity_from_hand_control_points", "figure_style": "annotated", "fit_rms_m": 3.27, "loo_median_m": 4.18, "loo_max_m": 8.26, "n_control_points": "5", "outside_hull": false, "outside_boundary_by_m": 0.0, "source_document": "Report.RCRA.932106.2014-05-01.NER0006BV.03_PDI_QAPP_AddendumNo1_Final_May2014.pdf", "source_page": "33"}}, {"type": "Feature", "geometry": {"type": "Point", "coordinates": [-78.9339692, 43.1157383]}, "properties": {"site": "914-Tactical-Airlift-Group__932106", "site_id": "932106", "location_id": "SB12", "measured": false, "method": "similarity_from_hand_control_points", "figure_style": "annotated", "fit_rms_m": 3.27, "loo_median_m": 4.18, "loo_max_m": 8.26, "n_control_points": "5", "outside_hull": false, "outside_boundary_by_m": 0.0, "source_document": "Report.RCRA.932106.2014-05-01.NER0006BV.03_PDI_QAPP_AddendumNo1_Final_May2014.pdf", "source_page": "33"}}, {"type": "Feature", "geometry": {"type": "Point", "coordinates": [-78.9341367, 43.1157105]}, "properties": {"site": "914-Tactical-Airlift-Group__932106", "site_id": "932106", "location_id": "SB07", "measured": false, "method": "similarity_from_hand_control_points", "figure_style": "annotated", "fit_rms_m": 3.27, "loo_median_m": 4.18, "loo_max_m": 8.26, "n_control_points": "5", "outside_hull": true, "outside_boundary_by_m": 0.0, "source_document": "Report.RCRA.932106.2014-05-01.NER0006BV.03_PDI_QAPP_AddendumNo1_Final_May2014.pdf", "source_page": "33"}}, {"type": "Feature", "geometry": {"type": "Point", "coordinates": [-78.9336966, 43.115728]}, "properties": {"site": "914-Tactical-Airlift-Group__932106", "site_id": "932106", "location_id": "SB15", "measured": true, "method": "measured_control_point", "figure_style": "annotated", "fit_rms_m": 3.27, "loo_median_m": 4.18, "loo_max_m": 8.26, "n_control_points": "5", "outside_hull": false, "outside_boundary_by_m": 0.0, "source_document": "Report.RCRA.932106.2014-05-01.NER0006BV.03_PDI_QAPP_AddendumNo1_Final_May2014.pdf", "source_page": "33"}}, {"type": "Feature", "geometry": {"type": "Point", "coordinates": [-78.9335286, 43.1157258]}, "properties": {"site": "914-Tactical-Airlift-Group__932106", "site_id": "932106", "location_id": "SB02", "measured": false, "method": "similarity_from_hand_control_points", "figure_style": "annotated", "fit_rms_m": 3.27, "loo_median_m": 4.18, "loo_max_m": 8.26, "n_control_points": "5", "outside_hull": true, "outside_boundary_by_m": 0.0, "source_document": "Report.RCRA.932106.2014-05-01.NER0006BV.03_PDI_QAPP_AddendumNo1_Final_May2014.pdf", "source_page": "33"}}, {"type": "Feature", "geometry": {"type": "Point", "coordinates": [-78.934169, 43.1156164]}, "properties": {"site": "914-Tactical-Airlift-Group__932106", "site_id": "932106", "location_id": "SB08", "measured": true, "method": "measured_control_point", "figure_style": "annotated", "fit_rms_m": 3.27, "loo_median_m": 4.18, "loo_max_m": 8.26, "n_control_points": "5", "outside_hull": false, "outside_boundary_by_m": 0.0, "source_document": "Report.RCRA.932106.2014-05-01.NER0006BV.03_PDI_QAPP_AddendumNo1_Final_May2014.pdf", "source_page": "33"}}, {"type": "Feature", "geometry": {"type": "Point", "coordinates": [-78.9340053, 43.1155909]}, "properties": {"site": "914-Tactical-Airlift-Group__932106", "site_id": "932106", "location_id": "SB11", "measured": true, "method": "measured_control_point", "figure_style": "annotated", "fit_rms_m": 3.27, "loo_median_m": 4.18, "loo_max_m": 8.26, "n_control_points": "5", "outside_hull": false, "outside_boundary_by_m": 0.0, "source_document": "Report.RCRA.932106.2014-05-01.NER0006BV.03_PDI_QAPP_AddendumNo1_Final_May2014.pdf", "source_page": "33"}}, {"type": "Feature", "geometry": {"type": "Point", "coordinates": [-78.9333337, 43.1156096]}, "properties": {"site": "914-Tactical-Airlift-Group__932106", "site_id": "932106", "location_id": "SB16", "measured": false, "method": "similarity_from_hand_control_points", "figure_style": "annotated", "fit_rms_m": 3.27, "loo_median_m": 4.18, "loo_max_m": 8.26, "n_control_points": "5", "outside_hull": true, "outside_boundary_by_m": 10.2, "source_document": "Report.RCRA.932106.2014-05-01.NER0006BV.03_PDI_QAPP_AddendumNo1_Final_May2014.pdf", "source_page": "33"}}, {"type": "Feature", "geometry": {"type": "Point", "coordinates": [-78.9333234, 43.1151404]}, "properties": {"site": "914-Tactical-Airlift-Group__932106", "site_id": "932106", "location_id": "ST009", "measured": false, "method": "similarity_from_hand_control_points", "figure_style": "annotated", "fit_rms_m": 3.27, "loo_median_m": 4.18, "loo_max_m": 8.26, "n_control_points": "5", "outside_hull": true, "outside_boundary_by_m": 48.2, "source_document": "Report.RCRA.932106.2014-05-01.NER0006BV.03_PDI_QAPP_AddendumNo1_Final_May2014.pdf", "source_page": "33"}}, {"type": "Feature", "geometry": {"type": "Point", "coordinates": [-78.9506472, 43.0856417]}, "properties": {"site": "97th-St-Methodist-Church__932084A", "site_id": "932084A", "location_id": "GW-3251", "measured": true, "method": "measured_control_point", "figure_style": "untested", "fit_rms_m": 2.76, "loo_median_m": 3.81, "loo_max_m": 6.93, "n_control_points": "6", "outside_hull": false, "outside_boundary_by_m": 0.0, "source_document": "Report.HW.932084A.1990-12-01.PHASE_I.pdf", "source_page": "36"}}, {"type": "Feature", "geometry": {"type": "Point", "coordinates": [-78.9514161, 43.0856054]}, "properties": {"site": "97th-St-Methodist-Church__932084A", "site_id": "932084A", "location_id": "GW-3155", "measured": true, "method": "measured_control_point", "figure_style": "untested", "fit_rms_m": 2.76, "loo_median_m": 3.81, "loo_max_m": 6.93, "n_control_points": "6", "outside_hull": false, "outside_boundary_by_m": 0.0, "source_document": "Report.HW.932084A.1990-12-01.PHASE_I.pdf", "source_page": "36"}}, {"type": "Feature", "geometry": {"type": "Point", "coordinates": [-78.9509967, 43.0855914]}, "properties": {"site": "97th-St-Methodist-Church__932084A", "site_id": "932084A", "location_id": "TP2", "measured": false, "method": "similarity_from_hand_control_points", "figure_style": "untested", "fit_rms_m": 2.76, "loo_median_m": 3.81, "loo_max_m": 6.93, "n_control_points": "6", "outside_hull": false, "outside_boundary_by_m": 0.0, "source_document": "Report.HW.932084A.1990-12-01.PHASE_I.pdf", "source_page": "36"}}, {"type": "Feature", "geometry": {"type": "Point", "coordinates": [-78.9512833, 43.0855432]}, "properties": {"site": "97th-St-Methodist-Church__932084A", "site_id": "932084A", "location_id": "SS2", "measured": false, "method": "similarity_from_hand_control_points", "figure_style": "untested", "fit_rms_m": 2.76, "loo_median_m": 3.81, "loo_max_m": 6.93, "n_control_points": "6", "outside_hull": false, "outside_boundary_by_m": 0.0, "source_document": "Report.HW.932084A.1990-12-01.PHASE_I.pdf", "source_page": "36"}}, {"type": "Feature", "geometry": {"type": "Point", "coordinates": [-78.9506502, 43.0855738]}, "properties": {"site": "97th-St-Methodist-Church__932084A", "site_id": "932084A", "location_id": "SS8", "measured": false, "method": "similarity_from_hand_control_points", "figure_style": "untested", "fit_rms_m": 2.76, "loo_median_m": 3.81, "loo_max_m": 6.93, "n_control_points": "6", "outside_hull": false, "outside_boundary_by_m": 0.0, "source_document": "Report.HW.932084A.1990-12-01.PHASE_I.pdf", "source_page": "36"}}, {"type": "Feature", "geometry": {"type": "Point", "coordinates": [-78.9510143, 43.085423]}, "properties": {"site": "97th-St-Methodist-Church__932084A", "site_id": "932084A", "location_id": "SS3", "measured": false, "method": "similarity_from_hand_control_points", "figure_style": "untested", "fit_rms_m": 2.76, "loo_median_m": 3.81, "loo_max_m": 6.93, "n_control_points": "6", "outside_hull": false, "outside_boundary_by_m": 0.0, "source_document": "Report.HW.932084A.1990-12-01.PHASE_I.pdf", "source_page": "36"}}, {"type": "Feature", "geometry": {"type": "Point", "coordinates": [-78.9507774, 43.0854191]}, "properties": {"site": "97th-St-Methodist-Church__932084A", "site_id": "932084A", "location_id": "TP1", "measured": false, "method": "similarity_from_hand_control_points", "figure_style": "untested", "fit_rms_m": 2.76, "loo_median_m": 3.81, "loo_max_m": 6.93, "n_control_points": "6", "outside_hull": false, "outside_boundary_by_m": 0.0, "source_document": "Report.HW.932084A.1990-12-01.PHASE_I.pdf", "source_page": "36"}}, {"type": "Feature", "geometry": {"type": "Point", "coordinates": [-78.9509703, 43.0853747]}, "properties": {"site": "97th-St-Methodist-Church__932084A", "site_id": "932084A", "location_id": "SS7", "measured": false, "method": "similarity_from_hand_control_points", "figure_style": "untested", "fit_rms_m": 2.76, "loo_median_m": 3.81, "loo_max_m": 6.93, "n_control_points": "6", "outside_hull": false, "outside_boundary_by_m": 0.0, "source_document": "Report.HW.932084A.1990-12-01.PHASE_I.pdf", "source_page": "36"}}, {"type": "Feature", "geometry": {"type": "Point", "coordinates": [-78.9515337, 43.0852955]}, "properties": {"site": "97th-St-Methodist-Church__932084A", "site_id": "932084A", "location_id": "S4", "measured": false, "method": "similarity_from_hand_control_points", "figure_style": "untested", "fit_rms_m": 2.76, "loo_median_m": 3.81, "loo_max_m": 6.93, "n_control_points": "6", "outside_hull": true, "outside_boundary_by_m": 0.0, "source_document": "Report.HW.932084A.1990-12-01.PHASE_I.pdf", "source_page": "36"}}, {"type": "Feature", "geometry": {"type": "Point", "coordinates": [-78.9512515, 43.0852293]}, "properties": {"site": "97th-St-Methodist-Church__932084A", "site_id": "932084A", "location_id": "9610", "measured": false, "method": "similarity_from_hand_control_points", "figure_style": "untested", "fit_rms_m": 2.76, "loo_median_m": 3.81, "loo_max_m": 6.93, "n_control_points": "6", "outside_hull": false, "outside_boundary_by_m": 0.0, "source_document": "Report.HW.932084A.1990-12-01.PHASE_I.pdf", "source_page": "36"}}, {"type": "Feature", "geometry": {"type": "Point", "coordinates": [-78.9512913, 43.0851441]}, "properties": {"site": "97th-St-Methodist-Church__932084A", "site_id": "932084A", "location_id": "GW-3157", "measured": true, "method": "measured_control_point", "figure_style": "untested", "fit_rms_m": 2.76, "loo_median_m": 3.81, "loo_max_m": 6.93, "n_control_points": "6", "outside_hull": false, "outside_boundary_by_m": 0.0, "source_document": "Report.HW.932084A.1990-12-01.PHASE_I.pdf", "source_page": "36"}}, {"type": "Feature", "geometry": {"type": "Point", "coordinates": [-78.9510048, 43.0851464]}, "properties": {"site": "97th-St-Methodist-Church__932084A", "site_id": "932084A", "location_id": "GW3257", "measured": false, "method": "similarity_from_hand_control_points", "figure_style": "untested", "fit_rms_m": 2.76, "loo_median_m": 3.81, "loo_max_m": 6.93, "n_control_points": "6", "outside_hull": false, "outside_boundary_by_m": 0.0, "source_document": "Report.HW.932084A.1990-12-01.PHASE_I.pdf", "source_page": "36"}}, {"type": "Feature", "geometry": {"type": "Point", "coordinates": [-78.9507585, 43.0848519]}, "properties": {"site": "97th-St-Methodist-Church__932084A", "site_id": "932084A", "location_id": "120", "measured": false, "method": "similarity_from_hand_control_points", "figure_style": "untested", "fit_rms_m": 2.76, "loo_median_m": 3.81, "loo_max_m": 6.93, "n_control_points": "6", "outside_hull": true, "outside_boundary_by_m": 22.4, "source_document": "Report.HW.932084A.1990-12-01.PHASE_I.pdf", "source_page": "36"}}, {"type": "Feature", "geometry": {"type": "Point", "coordinates": [-78.9506878, 43.0852964]}, "properties": {"site": "97th-St-Methodist-Church__932084A", "site_id": "932084A", "location_id": "SS-6", "measured": true, "method": "measured_control_point", "figure_style": "untested", "fit_rms_m": 2.76, "loo_median_m": 3.81, "loo_max_m": 6.93, "n_control_points": "6", "outside_hull": false, "outside_boundary_by_m": 0.0, "source_document": "Report.HW.932084A.1990-12-01.PHASE_I.pdf", "source_page": "36"}}, {"type": "Feature", "geometry": {"type": "Point", "coordinates": [-78.9515316, 43.0852597]}, "properties": {"site": "97th-St-Methodist-Church__932084A", "site_id": "932084A", "location_id": "SS-4", "measured": true, "method": "measured_control_point", "figure_style": "untested", "fit_rms_m": 2.76, "loo_median_m": 3.81, "loo_max_m": 6.93, "n_control_points": "6", "outside_hull": false, "outside_boundary_by_m": 0.0, "source_document": "Report.HW.932084A.1990-12-01.PHASE_I.pdf", "source_page": "36"}}, {"type": "Feature", "geometry": {"type": "Point", "coordinates": [-78.9506848, 43.0851294]}, "properties": {"site": "97th-St-Methodist-Church__932084A", "site_id": "932084A", "location_id": "GW-3159", "measured": true, "method": "measured_control_point", "figure_style": "untested", "fit_rms_m": 2.76, "loo_median_m": 3.81, "loo_max_m": 6.93, "n_control_points": "6", "outside_hull": false, "outside_boundary_by_m": 0.0, "source_document": "Report.HW.932084A.1990-12-01.PHASE_I.pdf", "source_page": "36"}}, {"type": "Feature", "geometry": {"type": "Point", "coordinates": [-79.0049713, 43.0851042]}, "properties": {"site": "Covanta-Niagara-Rail-to-Truck-Intermodal-Facility__C932160", "site_id": "C932160", "location_id": "RR4", "measured": false, "method": "similarity_from_hand_control_points", "figure_style": "untested", "fit_rms_m": 0.0, "loo_median_m": null, "loo_max_m": null, "n_control_points": "2", "outside_hull": true, "outside_boundary_by_m": 0.0, "source_document": "Covanta_RI_Vol1.pdf", "source_page": "70"}}, {"type": "Feature", "geometry": {"type": "Point", "coordinates": [-79.0042649, 43.0871136]}, "properties": {"site": "Covanta-Niagara-Rail-to-Truck-Intermodal-Facility__C932160", "site_id": "C932160", "location_id": "RR2", "measured": false, "method": "similarity_from_hand_control_points", "figure_style": "untested", "fit_rms_m": 0.0, "loo_median_m": null, "loo_max_m": null, "n_control_points": "2", "outside_hull": true, "outside_boundary_by_m": 0.0, "source_document": "Covanta_RI_Vol1.pdf", "source_page": "70"}}, {"type": "Feature", "geometry": {"type": "Point", "coordinates": [-79.0041136, 43.087607]}, "properties": {"site": "Covanta-Niagara-Rail-to-Truck-Intermodal-Facility__C932160", "site_id": "C932160", "location_id": "RR1", "measured": false, "method": "similarity_from_hand_control_points", "figure_style": "untested", "fit_rms_m": 0.0, "loo_median_m": null, "loo_max_m": null, "n_control_points": "2", "outside_hull": true, "outside_boundary_by_m": 0.0, "source_document": "Covanta_RI_Vol1.pdf", "source_page": "70"}}, {"type": "Feature", "geometry": {"type": "Point", "coordinates": [-79.0044854, 43.0863202]}, "properties": {"site": "Covanta-Niagara-Rail-to-Truck-Intermodal-Facility__C932160", "site_id": "C932160", "location_id": "RR3", "measured": false, "method": "similarity_from_hand_control_points", "figure_style": "untested", "fit_rms_m": 0.0, "loo_median_m": null, "loo_max_m": null, "n_control_points": "2", "outside_hull": true, "outside_boundary_by_m": 0.0, "source_document": "Covanta_RI_Vol1.pdf", "source_page": "70"}}, {"type": "Feature", "geometry": {"type": "Point", "coordinates": [-79.0058469, 43.0829706]}, "properties": {"site": "Covanta-Niagara-Rail-to-Truck-Intermodal-Facility__C932160", "site_id": "C932160", "location_id": "B/MW-A19-1", "measured": true, "method": "measured_control_point", "figure_style": "untested", "fit_rms_m": 0.0, "loo_median_m": null, "loo_max_m": null, "n_control_points": "2", "outside_hull": false, "outside_boundary_by_m": 0.0, "source_document": "Covanta_RI_Vol1.pdf", "source_page": "70"}}, {"type": "Feature", "geometry": {"type": "Point", "coordinates": [-79.0033517, 43.0892077]}, "properties": {"site": "Covanta-Niagara-Rail-to-Truck-Intermodal-Facility__C932160", "site_id": "C932160", "location_id": "B/MW-A4-1", "measured": true, "method": "measured_control_point", "figure_style": "untested", "fit_rms_m": 0.0, "loo_median_m": null, "loo_max_m": null, "n_control_points": "2", "outside_hull": false, "outside_boundary_by_m": 0.0, "source_document": "Covanta_RI_Vol1.pdf", "source_page": "70"}}, {"type": "Feature", "geometry": {"type": "Point", "coordinates": [-79.0134754, 43.0898588]}, "properties": {"site": "Former-Mill-No-2__C932150", "site_id": "former_mill2", "location_id": "NE4D", "measured": false, "method": "similarity_from_hand_control_points", "figure_style": "annotated", "fit_rms_m": 5.25, "loo_median_m": 9.11, "loo_max_m": 11.03, "n_control_points": "5", "outside_hull": false, "outside_boundary_by_m": 0.0, "source_document": "Mill2_RI_Report_2012.pdf", "source_page": "69"}}, {"type": "Feature", "geometry": {"type": "Point", "coordinates": [-79.0109428, 43.0899341]}, "properties": {"site": "Former-Mill-No-2__C932150", "site_id": "former_mill2", "location_id": "NE15", "measured": false, "method": "similarity_from_hand_control_points", "figure_style": "annotated", "fit_rms_m": 5.25, "loo_median_m": 9.11, "loo_max_m": 11.03, "n_control_points": "5", "outside_hull": true, "outside_boundary_by_m": 14.6, "source_document": "Mill2_RI_Report_2012.pdf", "source_page": "69"}}, {"type": "Feature", "geometry": {"type": "Point", "coordinates": [-79.0140289, 43.0897426]}, "properties": {"site": "Former-Mill-No-2__C932150", "site_id": "former_mill2", "location_id": "B278", "measured": false, "method": "similarity_from_hand_control_points", "figure_style": "annotated", "fit_rms_m": 5.25, "loo_median_m": 9.11, "loo_max_m": 11.03, "n_control_points": "5", "outside_hull": false, "outside_boundary_by_m": 0.0, "source_document": "Mill2_RI_Report_2012.pdf", "source_page": "69"}}, {"type": "Feature", "geometry": {"type": "Point", "coordinates": [-79.0126155, 43.0897938]}, "properties": {"site": "Former-Mill-No-2__C932150", "site_id": "former_mill2", "location_id": "B192", "measured": false, "method": "similarity_from_hand_control_points", "figure_style": "annotated", "fit_rms_m": 5.25, "loo_median_m": 9.11, "loo_max_m": 11.03, "n_control_points": "5", "outside_hull": false, "outside_boundary_by_m": 5.4, "source_document": "Mill2_RI_Report_2012.pdf", "source_page": "69"}}, {"type": "Feature", "geometry": {"type": "Point", "coordinates": [-79.0122187, 43.0898073]}, "properties": {"site": "Former-Mill-No-2__C932150", "site_id": "former_mill2", "location_id": "B171", "measured": false, "method": "similarity_from_hand_control_points", "figure_style": "annotated", "fit_rms_m": 5.25, "loo_median_m": 9.11, "loo_max_m": 11.03, "n_control_points": "5", "outside_hull": false, "outside_boundary_by_m": 5.4, "source_document": "Mill2_RI_Report_2012.pdf", "source_page": "69"}}, {"type": "Feature", "geometry": {"type": "Point", "coordinates": [-79.0118247, 43.0898219]}, "properties": {"site": "Former-Mill-No-2__C932150", "site_id": "former_mill2", "location_id": "B172", "measured": false, "method": "similarity_from_hand_control_points", "figure_style": "annotated", "fit_rms_m": 5.25, "loo_median_m": 9.11, "loo_max_m": 11.03, "n_control_points": "5", "outside_hull": false, "outside_boundary_by_m": 5.5, "source_document": "Mill2_RI_Report_2012.pdf", "source_page": "69"}}, {"type": "Feature", "geometry": {"type": "Point", "coordinates": [-79.0114325, 43.0898326]}, "properties": {"site": "Former-Mill-No-2__C932150", "site_id": "former_mill2", "location_id": "B173", "measured": false, "method": "similarity_from_hand_control_points", "figure_style": "annotated", "fit_rms_m": 5.25, "loo_median_m": 9.11, "loo_max_m": 11.03, "n_control_points": "5", "outside_hull": false, "outside_boundary_by_m": 5.2, "source_document": "Mill2_RI_Report_2012.pdf", "source_page": "69"}}, {"type": "Feature", "geometry": {"type": "Point", "coordinates": [-79.0106619, 43.0898565]}, "properties": {"site": "Former-Mill-No-2__C932150", "site_id": "former_mill2", "location_id": "B128", "measured": false, "method": "similarity_from_hand_control_points", "figure_style": "annotated", "fit_rms_m": 5.25, "loo_median_m": 9.11, "loo_max_m": 11.03, "n_control_points": "5", "outside_hull": true, "outside_boundary_by_m": 4.9, "source_document": "Mill2_RI_Report_2012.pdf", "source_page": "69"}}, {"type": "Feature", "geometry": {"type": "Point", "coordinates": [-79.013354, 43.0896322]}, "properties": {"site": "Former-Mill-No-2__C932150", "site_id": "former_mill2", "location_id": "B270", "measured": false, "method": "similarity_from_hand_control_points", "figure_style": "annotated", "fit_rms_m": 5.25, "loo_median_m": 9.11, "loo_max_m": 11.03, "n_control_points": "5", "outside_hull": false, "outside_boundary_by_m": 0.0, "source_document": "Mill2_RI_Report_2012.pdf", "source_page": "69"}}, {"type": "Feature", "geometry": {"type": "Point", "coordinates": [-79.0119894, 43.0896773]}, "properties": {"site": "Former-Mill-No-2__C932150", "site_id": "former_mill2", "location_id": "B157", "measured": false, "method": "similarity_from_hand_control_points", "figure_style": "annotated", "fit_rms_m": 5.25, "loo_median_m": 9.11, "loo_max_m": 11.03, "n_control_points": "5", "outside_hull": false, "outside_boundary_by_m": 0.0, "source_document": "Mill2_RI_Report_2012.pdf", "source_page": "69"}}, {"type": "Feature", "geometry": {"type": "Point", "coordinates": [-79.0118044, 43.08968]}, "properties": {"site": "Former-Mill-No-2__C932150", "site_id": "former_mill2", "location_id": "B156", "measured": false, "method": "similarity_from_hand_control_points", "figure_style": "annotated", "fit_rms_m": 5.25, "loo_median_m": 9.11, "loo_max_m": 11.03, "n_control_points": "5", "outside_hull": false, "outside_boundary_by_m": 0.0, "source_document": "Mill2_RI_Report_2012.pdf", "source_page": "69"}}, {"type": "Feature", "geometry": {"type": "Point", "coordinates": [-79.011622, 43.0896892]}, "properties": {"site": "Former-Mill-No-2__C932150", "site_id": "former_mill2", "location_id": "B138A", "measured": false, "method": "similarity_from_hand_control_points", "figure_style": "annotated", "fit_rms_m": 5.25, "loo_median_m": 9.11, "loo_max_m": 11.03, "n_control_points": "5", "outside_hull": false, "outside_boundary_by_m": 0.0, "source_document": "Mill2_RI_Report_2012.pdf", "source_page": "69"}}, {"type": "Feature", "geometry": {"type": "Point", "coordinates": [-79.0125785, 43.0896661]}, "properties": {"site": "Former-Mill-No-2__C932150", "site_id": "former_mill2", "location_id": "B153", "measured": true, "method": "measured_control_point", "figure_style": "annotated", "fit_rms_m": 5.25, "loo_median_m": 9.11, "loo_max_m": 11.03, "n_control_points": "5", "outside_hull": false, "outside_boundary_by_m": 0.0, "source_document": "Mill2_RI_Report_2012.pdf", "source_page": "69"}}, {"type": "Feature", "geometry": {"type": "Point", "coordinates": [-79.0108451, 43.08969]}, "properties": {"site": "Former-Mill-No-2__C932150", "site_id": "former_mill2", "location_id": "B139", "measured": false, "method": "similarity_from_hand_control_points", "figure_style": "annotated", "fit_rms_m": 5.25, "loo_median_m": 9.11, "loo_max_m": 11.03, "n_control_points": "5", "outside_hull": false, "outside_boundary_by_m": 0.0, "source_document": "Mill2_RI_Report_2012.pdf", "source_page": "69"}}, {"type": "Feature", "geometry": {"type": "Point", "coordinates": [-79.0104567, 43.0897017]}, "properties": {"site": "Former-Mill-No-2__C932150", "site_id": "former_mill2", "location_id": "B129", "measured": false, "method": "similarity_from_hand_control_points", "figure_style": "annotated", "fit_rms_m": 5.25, "loo_median_m": 9.11, "loo_max_m": 11.03, "n_control_points": "5", "outside_hull": false, "outside_boundary_by_m": 0.0, "source_document": "Mill2_RI_Report_2012.pdf", "source_page": "69"}}, {"type": "Feature", "geometry": {"type": "Point", "coordinates": [-79.0140548, 43.0895103]}, "properties": {"site": "Former-Mill-No-2__C932150", "site_id": "former_mill2", "location_id": "NE2", "measured": false, "method": "similarity_from_hand_control_points", "figure_style": "annotated", "fit_rms_m": 5.25, "loo_median_m": 9.11, "loo_max_m": 11.03, "n_control_points": "5", "outside_hull": false, "outside_boundary_by_m": 0.0, "source_document": "Mill2_RI_Report_2012.pdf", "source_page": "69"}}, {"type": "Feature", "geometry": {"type": "Point", "coordinates": [-79.0114875, 43.0895875]}, "properties": {"site": "Former-Mill-No-2__C932150", "site_id": "former_mill2", "location_id": "B138D", "measured": false, "method": "similarity_from_hand_control_points", "figure_style": "annotated", "fit_rms_m": 5.25, "loo_median_m": 9.11, "loo_max_m": 11.03, "n_control_points": "5", "outside_hull": false, "outside_boundary_by_m": 0.0, "source_document": "Mill2_RI_Report_2012.pdf", "source_page": "69"}}, {"type": "Feature", "geometry": {"type": "Point", "coordinates": [-79.0112546, 43.0895898]}, "properties": {"site": "Former-Mill-No-2__C932150", "site_id": "former_mill2", "location_id": "B223", "measured": false, "method": "similarity_from_hand_control_points", "figure_style": "annotated", "fit_rms_m": 5.25, "loo_median_m": 9.11, "loo_max_m": 11.03, "n_control_points": "5", "outside_hull": false, "outside_boundary_by_m": 0.0, "source_document": "Mill2_RI_Report_2012.pdf", "source_page": "69"}}, {"type": "Feature", "geometry": {"type": "Point", "coordinates": [-79.0129707, 43.0894982]}, "properties": {"site": "Former-Mill-No-2__C932150", "site_id": "former_mill2", "location_id": "B159", "measured": false, "method": "similarity_from_hand_control_points", "figure_style": "annotated", "fit_rms_m": 5.25, "loo_median_m": 9.11, "loo_max_m": 11.03, "n_control_points": "5", "outside_hull": false, "outside_boundary_by_m": 0.0, "source_document": "Mill2_RI_Report_2012.pdf", "source_page": "69"}}, {"type": "Feature", "geometry": {"type": "Point", "coordinates": [-79.0121035, 43.0895321]}, "properties": {"site": "Former-Mill-No-2__C932150", "site_id": "former_mill2", "location_id": "NE10", "measured": false, "method": "similarity_from_hand_control_points", "figure_style": "annotated", "fit_rms_m": 5.25, "loo_median_m": 9.11, "loo_max_m": 11.03, "n_control_points": "5", "outside_hull": false, "outside_boundary_by_m": 0.0, "source_document": "Mill2_RI_Report_2012.pdf", "source_page": "69"}}, {"type": "Feature", "geometry": {"type": "Point", "coordinates": [-79.0106206, 43.0895713]}, "properties": {"site": "Former-Mill-No-2__C932150", "site_id": "former_mill2", "location_id": "B130", "measured": false, "method": "similarity_from_hand_control_points", "figure_style": "annotated", "fit_rms_m": 5.25, "loo_median_m": 9.11, "loo_max_m": 11.03, "n_control_points": "5", "outside_hull": false, "outside_boundary_by_m": 0.0, "source_document": "Mill2_RI_Report_2012.pdf", "source_page": "69"}}, {"type": "Feature", "geometry": {"type": "Point", "coordinates": [-79.0125583, 43.0894774]}, "properties": {"site": "Former-Mill-No-2__C932150", "site_id": "former_mill2", "location_id": "B158", "measured": false, "method": "similarity_from_hand_control_points", "figure_style": "annotated", "fit_rms_m": 5.25, "loo_median_m": 9.11, "loo_max_m": 11.03, "n_control_points": "5", "outside_hull": false, "outside_boundary_by_m": 0.0, "source_document": "Mill2_RI_Report_2012.pdf", "source_page": "69"}}, {"type": "Feature", "geometry": {"type": "Point", "coordinates": [-79.0109678, 43.0895239]}, "properties": {"site": "Former-Mill-No-2__C932150", "site_id": "former_mill2", "location_id": "B224", "measured": false, "method": "similarity_from_hand_control_points", "figure_style": "annotated", "fit_rms_m": 5.25, "loo_median_m": 9.11, "loo_max_m": 11.03, "n_control_points": "5", "outside_hull": false, "outside_boundary_by_m": 0.0, "source_document": "Mill2_RI_Report_2012.pdf", "source_page": "69"}}, {"type": "Feature", "geometry": {"type": "Point", "coordinates": [-79.0139648, 43.0893061]}, "properties": {"site": "Former-Mill-No-2__C932150", "site_id": "former_mill2", "location_id": "B146", "measured": false, "method": "similarity_from_hand_control_points", "figure_style": "annotated", "fit_rms_m": 5.25, "loo_median_m": 9.11, "loo_max_m": 11.03, "n_control_points": "5", "outside_hull": false, "outside_boundary_by_m": 0.0, "source_document": "Mill2_RI_Report_2012.pdf", "source_page": "69"}}, {"type": "Feature", "geometry": {"type": "Point", "coordinates": [-79.0127895, 43.0893426]}, "properties": {"site": "Former-Mill-No-2__C932150", "site_id": "former_mill2", "location_id": "B151", "measured": false, "method": "similarity_from_hand_control_points", "figure_style": "annotated", "fit_rms_m": 5.25, "loo_median_m": 9.11, "loo_max_m": 11.03, "n_control_points": "5", "outside_hull": false, "outside_boundary_by_m": 0.0, "source_document": "Mill2_RI_Report_2012.pdf", "source_page": "69"}}, {"type": "Feature", "geometry": {"type": "Point", "coordinates": [-79.0123979, 43.0893548]}, "properties": {"site": "Former-Mill-No-2__C932150", "site_id": "former_mill2", "location_id": "B152", "measured": false, "method": "similarity_from_hand_control_points", "figure_style": "annotated", "fit_rms_m": 5.25, "loo_median_m": 9.11, "loo_max_m": 11.03, "n_control_points": "5", "outside_hull": false, "outside_boundary_by_m": 0.0, "source_document": "Mill2_RI_Report_2012.pdf", "source_page": "69"}}, {"type": "Feature", "geometry": {"type": "Point", "coordinates": [-79.0108316, 43.0894036]}, "properties": {"site": "Former-Mill-No-2__C932150", "site_id": "former_mill2", "location_id": "B133", "measured": false, "method": "similarity_from_hand_control_points", "figure_style": "annotated", "fit_rms_m": 5.25, "loo_median_m": 9.11, "loo_max_m": 11.03, "n_control_points": "5", "outside_hull": false, "outside_boundary_by_m": 0.0, "source_document": "Mill2_RI_Report_2012.pdf", "source_page": "69"}}, {"type": "Feature", "geometry": {"type": "Point", "coordinates": [-79.01044, 43.0894158]}, "properties": {"site": "Former-Mill-No-2__C932150", "site_id": "former_mill2", "location_id": "B127", "measured": false, "method": "similarity_from_hand_control_points", "figure_style": "annotated", "fit_rms_m": 5.25, "loo_median_m": 9.11, "loo_max_m": 11.03, "n_control_points": "5", "outside_hull": true, "outside_boundary_by_m": 0.0, "source_document": "Mill2_RI_Report_2012.pdf", "source_page": "69"}}, {"type": "Feature", "geometry": {"type": "Point", "coordinates": [-79.0117529, 43.0893184]}, "properties": {"site": "Former-Mill-No-2__C932150", "site_id": "former_mill2", "location_id": "B235", "measured": false, "method": "similarity_from_hand_control_points", "figure_style": "annotated", "fit_rms_m": 5.25, "loo_median_m": 9.11, "loo_max_m": 11.03, "n_control_points": "5", "outside_hull": false, "outside_boundary_by_m": 0.0, "source_document": "Mill2_RI_Report_2012.pdf", "source_page": "69"}}, {"type": "Feature", "geometry": {"type": "Point", "coordinates": [-79.0116125, 43.0892876]}, "properties": {"site": "Former-Mill-No-2__C932150", "site_id": "former_mill2", "location_id": "B230", "measured": false, "method": "similarity_from_hand_control_points", "figure_style": "annotated", "fit_rms_m": 5.25, "loo_median_m": 9.11, "loo_max_m": 11.03, "n_control_points": "5", "outside_hull": false, "outside_boundary_by_m": 0.0, "source_document": "Mill2_RI_Report_2012.pdf", "source_page": "69"}}, {"type": "Feature", "geometry": {"type": "Point", "coordinates": [-79.0139354, 43.0891859]}, "properties": {"site": "Former-Mill-No-2__C932150", "site_id": "former_mill2", "location_id": "B201F", "measured": false, "method": "similarity_from_hand_control_points", "figure_style": "annotated", "fit_rms_m": 5.25, "loo_median_m": 9.11, "loo_max_m": 11.03, "n_control_points": "5", "outside_hull": false, "outside_boundary_by_m": 0.0, "source_document": "Mill2_RI_Report_2012.pdf", "source_page": "69"}}, {"type": "Feature", "geometry": {"type": "Point", "coordinates": [-79.0106285, 43.0892846]}, "properties": {"site": "Former-Mill-No-2__C932150", "site_id": "former_mill2", "location_id": "B131", "measured": false, "method": "similarity_from_hand_control_points", "figure_style": "annotated", "fit_rms_m": 5.25, "loo_median_m": 9.11, "loo_max_m": 11.03, "n_control_points": "5", "outside_hull": false, "outside_boundary_by_m": 0.0, "source_document": "Mill2_RI_Report_2012.pdf", "source_page": "69"}}, {"type": "Feature", "geometry": {"type": "Point", "coordinates": [-79.0129488, 43.089199]}, "properties": {"site": "Former-Mill-No-2__C932150", "site_id": "former_mill2", "location_id": "B201D", "measured": false, "method": "similarity_from_hand_control_points", "figure_style": "annotated", "fit_rms_m": 5.25, "loo_median_m": 9.11, "loo_max_m": 11.03, "n_control_points": "5", "outside_hull": false, "outside_boundary_by_m": 0.0, "source_document": "Mill2_RI_Report_2012.pdf", "source_page": "69"}}, {"type": "Feature", "geometry": {"type": "Point", "coordinates": [-79.0116993, 43.0892379]}, "properties": {"site": "Former-Mill-No-2__C932150", "site_id": "former_mill2", "location_id": "NE16", "measured": false, "method": "similarity_from_hand_control_points", "figure_style": "annotated", "fit_rms_m": 5.25, "loo_median_m": 9.11, "loo_max_m": 11.03, "n_control_points": "5", "outside_hull": false, "outside_boundary_by_m": 0.0, "source_document": "Mill2_RI_Report_2012.pdf", "source_page": "69"}}, {"type": "Feature", "geometry": {"type": "Point", "coordinates": [-79.0112785, 43.0892464]}, "properties": {"site": "Former-Mill-No-2__C932150", "site_id": "former_mill2", "location_id": "B229", "measured": false, "method": "similarity_from_hand_control_points", "figure_style": "annotated", "fit_rms_m": 5.25, "loo_median_m": 9.11, "loo_max_m": 11.03, "n_control_points": "5", "outside_hull": false, "outside_boundary_by_m": 0.0, "source_document": "Mill2_RI_Report_2012.pdf", "source_page": "69"}}, {"type": "Feature", "geometry": {"type": "Point", "coordinates": [-79.0103868, 43.0892746]}, "properties": {"site": "Former-Mill-No-2__C932150", "site_id": "former_mill2", "location_id": "B125", "measured": false, "method": "similarity_from_hand_control_points", "figure_style": "annotated", "fit_rms_m": 5.25, "loo_median_m": 9.11, "loo_max_m": 11.03, "n_control_points": "5", "outside_hull": true, "outside_boundary_by_m": 0.0, "source_document": "Mill2_RI_Report_2012.pdf", "source_page": "69"}}, {"type": "Feature", "geometry": {"type": "Point", "coordinates": [-79.0139702, 43.0891302]}, "properties": {"site": "Former-Mill-No-2__C932150", "site_id": "former_mill2", "location_id": "B147", "measured": false, "method": "similarity_from_hand_control_points", "figure_style": "annotated", "fit_rms_m": 5.25, "loo_median_m": 9.11, "loo_max_m": 11.03, "n_control_points": "5", "outside_hull": false, "outside_boundary_by_m": 0.0, "source_document": "Mill2_RI_Report_2012.pdf", "source_page": "69"}}, {"type": "Feature", "geometry": {"type": "Point", "coordinates": [-79.0135853, 43.0891494]}, "properties": {"site": "Former-Mill-No-2__C932150", "site_id": "former_mill2", "location_id": "B149", "measured": false, "method": "similarity_from_hand_control_points", "figure_style": "annotated", "fit_rms_m": 5.25, "loo_median_m": 9.11, "loo_max_m": 11.03, "n_control_points": "5", "outside_hull": false, "outside_boundary_by_m": 0.0, "source_document": "Mill2_RI_Report_2012.pdf", "source_page": "69"}}, {"type": "Feature", "geometry": {"type": "Point", "coordinates": [-79.0131656, 43.089164]}, "properties": {"site": "Former-Mill-No-2__C932150", "site_id": "former_mill2", "location_id": "B150", "measured": false, "method": "similarity_from_hand_control_points", "figure_style": "annotated", "fit_rms_m": 5.25, "loo_median_m": 9.11, "loo_max_m": 11.03, "n_control_points": "5", "outside_hull": false, "outside_boundary_by_m": 0.0, "source_document": "Mill2_RI_Report_2012.pdf", "source_page": "69"}}, {"type": "Feature", "geometry": {"type": "Point", "coordinates": [-79.0133833, 43.0891626]}, "properties": {"site": "Former-Mill-No-2__C932150", "site_id": "former_mill2", "location_id": "NE8", "measured": false, "method": "similarity_from_hand_control_points", "figure_style": "annotated", "fit_rms_m": 5.25, "loo_median_m": 9.11, "loo_max_m": 11.03, "n_control_points": "5", "outside_hull": false, "outside_boundary_by_m": 0.0, "source_document": "Mill2_RI_Report_2012.pdf", "source_page": "69"}}, {"type": "Feature", "geometry": {"type": "Point", "coordinates": [-79.0100519, 43.0892666]}, "properties": {"site": "Former-Mill-No-2__C932150", "site_id": "former_mill2", "location_id": "NE13A", "measured": false, "method": "similarity_from_hand_control_points", "figure_style": "annotated", "fit_rms_m": 5.25, "loo_median_m": 9.11, "loo_max_m": 11.03, "n_control_points": "5", "outside_hull": true, "outside_boundary_by_m": 6.5, "source_document": "Mill2_RI_Report_2012.pdf", "source_page": "69"}}, {"type": "Feature", "geometry": {"type": "Point", "coordinates": [-79.0126677, 43.0891195]}, "properties": {"site": "Former-Mill-No-2__C932150", "site_id": "former_mill2", "location_id": "B154", "measured": false, "method": "similarity_from_hand_control_points", "figure_style": "annotated", "fit_rms_m": 5.25, "loo_median_m": 9.11, "loo_max_m": 11.03, "n_control_points": "5", "outside_hull": false, "outside_boundary_by_m": 0.0, "source_document": "Mill2_RI_Report_2012.pdf", "source_page": "69"}}, {"type": "Feature", "geometry": {"type": "Point", "coordinates": [-79.0116447, 43.0891571]}, "properties": {"site": "Former-Mill-No-2__C932150", "site_id": "former_mill2", "location_id": "B231", "measured": false, "method": "similarity_from_hand_control_points", "figure_style": "annotated", "fit_rms_m": 5.25, "loo_median_m": 9.11, "loo_max_m": 11.03, "n_control_points": "5", "outside_hull": false, "outside_boundary_by_m": 0.0, "source_document": "Mill2_RI_Report_2012.pdf", "source_page": "69"}}, {"type": "Feature", "geometry": {"type": "Point", "coordinates": [-79.0125628, 43.0889421]}, "properties": {"site": "Former-Mill-No-2__C932150", "site_id": "former_mill2", "location_id": "SB19", "measured": false, "method": "similarity_from_hand_control_points", "figure_style": "annotated", "fit_rms_m": 5.25, "loo_median_m": 9.11, "loo_max_m": 11.03, "n_control_points": "5", "outside_hull": false, "outside_boundary_by_m": 0.0, "source_document": "Mill2_RI_Report_2012.pdf", "source_page": "69"}}, {"type": "Feature", "geometry": {"type": "Point", "coordinates": [-79.011663, 43.0882241]}, "properties": {"site": "Former-Mill-No-2__C932150", "site_id": "former_mill2", "location_id": "SB2", "measured": false, "method": "similarity_from_hand_control_points", "figure_style": "annotated", "fit_rms_m": 5.25, "loo_median_m": 9.11, "loo_max_m": 11.03, "n_control_points": "5", "outside_hull": true, "outside_boundary_by_m": 0.0, "source_document": "Mill2_RI_Report_2012.pdf", "source_page": "69"}}, {"type": "Feature", "geometry": {"type": "Point", "coordinates": [-79.0139275, 43.0878702]}, "properties": {"site": "Former-Mill-No-2__C932150", "site_id": "former_mill2", "location_id": "B4", "measured": false, "method": "similarity_from_hand_control_points", "figure_style": "annotated", "fit_rms_m": 5.25, "loo_median_m": 9.11, "loo_max_m": 11.03, "n_control_points": "5", "outside_hull": true, "outside_boundary_by_m": 0.0, "source_document": "Mill2_RI_Report_2012.pdf", "source_page": "69"}}, {"type": "Feature", "geometry": {"type": "Point", "coordinates": [-79.0136302, 43.0878737]}, "properties": {"site": "Former-Mill-No-2__C932150", "site_id": "former_mill2", "location_id": "SB17", "measured": false, "method": "similarity_from_hand_control_points", "figure_style": "annotated", "fit_rms_m": 5.25, "loo_median_m": 9.11, "loo_max_m": 11.03, "n_control_points": "5", "outside_hull": false, "outside_boundary_by_m": 0.0, "source_document": "Mill2_RI_Report_2012.pdf", "source_page": "69"}}, {"type": "Feature", "geometry": {"type": "Point", "coordinates": [-79.0119843, 43.0879261]}, "properties": {"site": "Former-Mill-No-2__C932150", "site_id": "former_mill2", "location_id": "SB3D", "measured": false, "method": "similarity_from_hand_control_points", "figure_style": "annotated", "fit_rms_m": 5.25, "loo_median_m": 9.11, "loo_max_m": 11.03, "n_control_points": "5", "outside_hull": true, "outside_boundary_by_m": 0.0, "source_document": "Mill2_RI_Report_2012.pdf", "source_page": "69"}}, {"type": "Feature", "geometry": {"type": "Point", "coordinates": [-79.0132988, 43.08785]}, "properties": {"site": "Former-Mill-No-2__C932150", "site_id": "former_mill2", "location_id": "SB1", "measured": false, "method": "similarity_from_hand_control_points", "figure_style": "annotated", "fit_rms_m": 5.25, "loo_median_m": 9.11, "loo_max_m": 11.03, "n_control_points": "5", "outside_hull": false, "outside_boundary_by_m": 0.0, "source_document": "Mill2_RI_Report_2012.pdf", "source_page": "69"}}, {"type": "Feature", "geometry": {"type": "Point", "coordinates": [-79.0130274, 43.0878172]}, "properties": {"site": "Former-Mill-No-2__C932150", "site_id": "former_mill2", "location_id": "B108", "measured": false, "method": "similarity_from_hand_control_points", "figure_style": "annotated", "fit_rms_m": 5.25, "loo_median_m": 9.11, "loo_max_m": 11.03, "n_control_points": "5", "outside_hull": false, "outside_boundary_by_m": 0.0, "source_document": "Mill2_RI_Report_2012.pdf", "source_page": "69"}}, {"type": "Feature", "geometry": {"type": "Point", "coordinates": [-79.011334, 43.0878214]}, "properties": {"site": "Former-Mill-No-2__C932150", "site_id": "former_mill2", "location_id": "B164", "measured": false, "method": "similarity_from_hand_control_points", "figure_style": "annotated", "fit_rms_m": 5.25, "loo_median_m": 9.11, "loo_max_m": 11.03, "n_control_points": "5", "outside_hull": true, "outside_boundary_by_m": 11.8, "source_document": "Mill2_RI_Report_2012.pdf", "source_page": "69"}}, {"type": "Feature", "geometry": {"type": "Point", "coordinates": [-79.0131213, 43.0876943]}, "properties": {"site": "Former-Mill-No-2__C932150", "site_id": "former_mill2", "location_id": "SB16", "measured": false, "method": "similarity_from_hand_control_points", "figure_style": "annotated", "fit_rms_m": 5.25, "loo_median_m": 9.11, "loo_max_m": 11.03, "n_control_points": "5", "outside_hull": false, "outside_boundary_by_m": 0.0, "source_document": "Mill2_RI_Report_2012.pdf", "source_page": "69"}}, {"type": "Feature", "geometry": {"type": "Point", "coordinates": [-79.0127486, 43.0876295]}, "properties": {"site": "Former-Mill-No-2__C932150", "site_id": "former_mill2", "location_id": "B117", "measured": false, "method": "similarity_from_hand_control_points", "figure_style": "annotated", "fit_rms_m": 5.25, "loo_median_m": 9.11, "loo_max_m": 11.03, "n_control_points": "5", "outside_hull": false, "outside_boundary_by_m": 0.0, "source_document": "Mill2_RI_Report_2012.pdf", "source_page": "69"}}, {"type": "Feature", "geometry": {"type": "Point", "coordinates": [-79.0139444, 43.0876027]}, "properties": {"site": "Former-Mill-No-2__C932150", "site_id": "former_mill2", "location_id": "B103", "measured": false, "method": "similarity_from_hand_control_points", "figure_style": "annotated", "fit_rms_m": 5.25, "loo_median_m": 9.11, "loo_max_m": 11.03, "n_control_points": "5", "outside_hull": true, "outside_boundary_by_m": 0.0, "source_document": "Mill2_RI_Report_2012.pdf", "source_page": "69"}}, {"type": "Feature", "geometry": {"type": "Point", "coordinates": [-79.0120737, 43.0876628]}, "properties": {"site": "Former-Mill-No-2__C932150", "site_id": "former_mill2", "location_id": "B162", "measured": false, "method": "similarity_from_hand_control_points", "figure_style": "annotated", "fit_rms_m": 5.25, "loo_median_m": 9.11, "loo_max_m": 11.03, "n_control_points": "5", "outside_hull": true, "outside_boundary_by_m": 26.0, "source_document": "Mill2_RI_Report_2012.pdf", "source_page": "69"}}, {"type": "Feature", "geometry": {"type": "Point", "coordinates": [-79.0116704, 43.08767]}, "properties": {"site": "Former-Mill-No-2__C932150", "site_id": "former_mill2", "location_id": "B163", "measured": false, "method": "similarity_from_hand_control_points", "figure_style": "annotated", "fit_rms_m": 5.25, "loo_median_m": 9.11, "loo_max_m": 11.03, "n_control_points": "5", "outside_hull": true, "outside_boundary_by_m": 27.1, "source_document": "Mill2_RI_Report_2012.pdf", "source_page": "69"}}, {"type": "Feature", "geometry": {"type": "Point", "coordinates": [-79.0128619, 43.0875813]}, "properties": {"site": "Former-Mill-No-2__C932150", "site_id": "former_mill2", "location_id": "B116", "measured": false, "method": "similarity_from_hand_control_points", "figure_style": "annotated", "fit_rms_m": 5.25, "loo_median_m": 9.11, "loo_max_m": 11.03, "n_control_points": "5", "outside_hull": false, "outside_boundary_by_m": 0.0, "source_document": "Mill2_RI_Report_2012.pdf", "source_page": "69"}}, {"type": "Feature", "geometry": {"type": "Point", "coordinates": [-79.0120752, 43.0874102]}, "properties": {"site": "Former-Mill-No-2__C932150", "site_id": "former_mill2", "location_id": "B161", "measured": false, "method": "similarity_from_hand_control_points", "figure_style": "annotated", "fit_rms_m": 5.25, "loo_median_m": 9.11, "loo_max_m": 11.03, "n_control_points": "5", "outside_hull": true, "outside_boundary_by_m": 32.0, "source_document": "Mill2_RI_Report_2012.pdf", "source_page": "69"}}, {"type": "Feature", "geometry": {"type": "Point", "coordinates": [-79.0139195, 43.0873383]}, "properties": {"site": "Former-Mill-No-2__C932150", "site_id": "former_mill2", "location_id": "B104", "measured": false, "method": "similarity_from_hand_control_points", "figure_style": "annotated", "fit_rms_m": 5.25, "loo_median_m": 9.11, "loo_max_m": 11.03, "n_control_points": "5", "outside_hull": true, "outside_boundary_by_m": 0.0, "source_document": "Mill2_RI_Report_2012.pdf", "source_page": "69"}}, {"type": "Feature", "geometry": {"type": "Point", "coordinates": [-79.0136543, 43.0873462]}, "properties": {"site": "Former-Mill-No-2__C932150", "site_id": "former_mill2", "location_id": "B100", "measured": false, "method": "similarity_from_hand_control_points", "figure_style": "annotated", "fit_rms_m": 5.25, "loo_median_m": 9.11, "loo_max_m": 11.03, "n_control_points": "5", "outside_hull": false, "outside_boundary_by_m": 0.0, "source_document": "Mill2_RI_Report_2012.pdf", "source_page": "69"}}, {"type": "Feature", "geometry": {"type": "Point", "coordinates": [-79.0132626, 43.0873572]}, "properties": {"site": "Former-Mill-No-2__C932150", "site_id": "former_mill2", "location_id": "B121", "measured": false, "method": "similarity_from_hand_control_points", "figure_style": "annotated", "fit_rms_m": 5.25, "loo_median_m": 9.11, "loo_max_m": 11.03, "n_control_points": "5", "outside_hull": false, "outside_boundary_by_m": 0.0, "source_document": "Mill2_RI_Report_2012.pdf", "source_page": "69"}}, {"type": "Feature", "geometry": {"type": "Point", "coordinates": [-79.0130164, 43.0873691]}, "properties": {"site": "Former-Mill-No-2__C932150", "site_id": "former_mill2", "location_id": "B111", "measured": false, "method": "similarity_from_hand_control_points", "figure_style": "annotated", "fit_rms_m": 5.25, "loo_median_m": 9.11, "loo_max_m": 11.03, "n_control_points": "5", "outside_hull": false, "outside_boundary_by_m": 0.0, "source_document": "Mill2_RI_Report_2012.pdf", "source_page": "69"}}, {"type": "Feature", "geometry": {"type": "Point", "coordinates": [-79.0127216, 43.0873374]}, "properties": {"site": "Former-Mill-No-2__C932150", "site_id": "former_mill2", "location_id": "B120", "measured": false, "method": "similarity_from_hand_control_points", "figure_style": "annotated", "fit_rms_m": 5.25, "loo_median_m": 9.11, "loo_max_m": 11.03, "n_control_points": "5", "outside_hull": false, "outside_boundary_by_m": 0.0, "source_document": "Mill2_RI_Report_2012.pdf", "source_page": "69"}}, {"type": "Feature", "geometry": {"type": "Point", "coordinates": [-79.0126161, 43.0873273]}, "properties": {"site": "Former-Mill-No-2__C932150", "site_id": "former_mill2", "location_id": "B119", "measured": true, "method": "measured_control_point", "figure_style": "annotated", "fit_rms_m": 5.25, "loo_median_m": 9.11, "loo_max_m": 11.03, "n_control_points": "5", "outside_hull": false, "outside_boundary_by_m": 0.0, "source_document": "Mill2_RI_Report_2012.pdf", "source_page": "69"}}, {"type": "Feature", "geometry": {"type": "Point", "coordinates": [-79.0115791, 43.0873516]}, "properties": {"site": "Former-Mill-No-2__C932150", "site_id": "former_mill2", "location_id": "B165", "measured": false, "method": "similarity_from_hand_control_points", "figure_style": "annotated", "fit_rms_m": 5.25, "loo_median_m": 9.11, "loo_max_m": 11.03, "n_control_points": "5", "outside_hull": true, "outside_boundary_by_m": 62.9, "source_document": "Mill2_RI_Report_2012.pdf", "source_page": "69"}}, {"type": "Feature", "geometry": {"type": "Point", "coordinates": [-79.0113313, 43.0873367]}, "properties": {"site": "Former-Mill-No-2__C932150", "site_id": "former_mill2", "location_id": "B168", "measured": false, "method": "similarity_from_hand_control_points", "figure_style": "annotated", "fit_rms_m": 5.25, "loo_median_m": 9.11, "loo_max_m": 11.03, "n_control_points": "5", "outside_hull": true, "outside_boundary_by_m": 65.7, "source_document": "Mill2_RI_Report_2012.pdf", "source_page": "69"}}, {"type": "Feature", "geometry": {"type": "Point", "coordinates": [-79.0131687, 43.0872341]}, "properties": {"site": "Former-Mill-No-2__C932150", "site_id": "former_mill2", "location_id": "SB12", "measured": false, "method": "similarity_from_hand_control_points", "figure_style": "annotated", "fit_rms_m": 5.25, "loo_median_m": 9.11, "loo_max_m": 11.03, "n_control_points": "5", "outside_hull": false, "outside_boundary_by_m": 0.0, "source_document": "Mill2_RI_Report_2012.pdf", "source_page": "69"}}, {"type": "Feature", "geometry": {"type": "Point", "coordinates": [-79.0128139, 43.0872402]}, "properties": {"site": "Former-Mill-No-2__C932150", "site_id": "former_mill2", "location_id": "SB11", "measured": false, "method": "similarity_from_hand_control_points", "figure_style": "annotated", "fit_rms_m": 5.25, "loo_median_m": 9.11, "loo_max_m": 11.03, "n_control_points": "5", "outside_hull": true, "outside_boundary_by_m": 0.0, "source_document": "Mill2_RI_Report_2012.pdf", "source_page": "69"}}, {"type": "Feature", "geometry": {"type": "Point", "coordinates": [-79.0114748, 43.0871333]}, "properties": {"site": "Former-Mill-No-2__C932150", "site_id": "former_mill2", "location_id": "B167", "measured": false, "method": "similarity_from_hand_control_points", "figure_style": "annotated", "fit_rms_m": 5.25, "loo_median_m": 9.11, "loo_max_m": 11.03, "n_control_points": "5", "outside_hull": true, "outside_boundary_by_m": 79.9, "source_document": "Mill2_RI_Report_2012.pdf", "source_page": "69"}}, {"type": "Feature", "geometry": {"type": "Point", "coordinates": [-79.0136587, 43.0870452]}, "properties": {"site": "Former-Mill-No-2__C932150", "site_id": "former_mill2", "location_id": "B101", "measured": true, "method": "measured_control_point", "figure_style": "annotated", "fit_rms_m": 5.25, "loo_median_m": 9.11, "loo_max_m": 11.03, "n_control_points": "5", "outside_hull": false, "outside_boundary_by_m": 0.0, "source_document": "Mill2_RI_Report_2012.pdf", "source_page": "69"}}, {"type": "Feature", "geometry": {"type": "Point", "coordinates": [-79.0120013, 43.0871024]}, "properties": {"site": "Former-Mill-No-2__C932150", "site_id": "former_mill2", "location_id": "B160", "measured": false, "method": "similarity_from_hand_control_points", "figure_style": "annotated", "fit_rms_m": 5.25, "loo_median_m": 9.11, "loo_max_m": 11.03, "n_control_points": "5", "outside_hull": true, "outside_boundary_by_m": 37.0, "source_document": "Mill2_RI_Report_2012.pdf", "source_page": "69"}}, {"type": "Feature", "geometry": {"type": "Point", "coordinates": [-79.0116638, 43.0871102]}, "properties": {"site": "Former-Mill-No-2__C932150", "site_id": "former_mill2", "location_id": "B166", "measured": false, "method": "similarity_from_hand_control_points", "figure_style": "annotated", "fit_rms_m": 5.25, "loo_median_m": 9.11, "loo_max_m": 11.03, "n_control_points": "5", "outside_hull": true, "outside_boundary_by_m": 64.4, "source_document": "Mill2_RI_Report_2012.pdf", "source_page": "69"}}, {"type": "Feature", "geometry": {"type": "Point", "coordinates": [-79.014043, 43.0904221]}, "properties": {"site": "Former-Mill-No-2__C932150", "site_id": "former_mill2", "location_id": "B272", "measured": false, "method": "similarity_from_hand_control_points", "figure_style": "annotated", "fit_rms_m": 5.25, "loo_median_m": 9.11, "loo_max_m": 11.03, "n_control_points": "5", "outside_hull": true, "outside_boundary_by_m": 11.7, "source_document": "Mill2_RI_Report_2012.pdf", "source_page": "69"}}, {"type": "Feature", "geometry": {"type": "Point", "coordinates": [-79.0141395, 43.0903286]}, "properties": {"site": "Former-Mill-No-2__C932150", "site_id": "former_mill2", "location_id": "B135", "measured": false, "method": "similarity_from_hand_control_points", "figure_style": "annotated", "fit_rms_m": 5.25, "loo_median_m": 9.11, "loo_max_m": 11.03, "n_control_points": "5", "outside_hull": true, "outside_boundary_by_m": 1.2, "source_document": "Mill2_RI_Report_2012.pdf", "source_page": "69"}}, {"type": "Feature", "geometry": {"type": "Point", "coordinates": [-79.0138274, 43.0903131]}, "properties": {"site": "Former-Mill-No-2__C932150", "site_id": "former_mill2", "location_id": "B140", "measured": false, "method": "similarity_from_hand_control_points", "figure_style": "annotated", "fit_rms_m": 5.25, "loo_median_m": 9.11, "loo_max_m": 11.03, "n_control_points": "5", "outside_hull": true, "outside_boundary_by_m": 0.0, "source_document": "Mill2_RI_Report_2012.pdf", "source_page": "69"}}, {"type": "Feature", "geometry": {"type": "Point", "coordinates": [-79.0138172, 43.0902675]}, "properties": {"site": "Former-Mill-No-2__C932150", "site_id": "former_mill2", "location_id": "NE4A", "measured": false, "method": "similarity_from_hand_control_points", "figure_style": "annotated", "fit_rms_m": 5.25, "loo_median_m": 9.11, "loo_max_m": 11.03, "n_control_points": "5", "outside_hull": true, "outside_boundary_by_m": 0.0, "source_document": "Mill2_RI_Report_2012.pdf", "source_page": "69"}}, {"type": "Feature", "geometry": {"type": "Point", "coordinates": [-79.0141582, 43.0902753]}, "properties": {"site": "Former-Mill-No-2__C932150", "site_id": "former_mill2", "location_id": "NE3", "measured": true, "method": "measured_control_point", "figure_style": "annotated", "fit_rms_m": 5.25, "loo_median_m": 9.11, "loo_max_m": 11.03, "n_control_points": "5", "outside_hull": false, "outside_boundary_by_m": 0.0, "source_document": "Mill2_RI_Report_2012.pdf", "source_page": "69"}}, {"type": "Feature", "geometry": {"type": "Point", "coordinates": [-79.0137182, 43.0902168]}, "properties": {"site": "Former-Mill-No-2__C932150", "site_id": "former_mill2", "location_id": "B279", "measured": false, "method": "similarity_from_hand_control_points", "figure_style": "annotated", "fit_rms_m": 5.25, "loo_median_m": 9.11, "loo_max_m": 11.03, "n_control_points": "5", "outside_hull": true, "outside_boundary_by_m": 0.0, "source_document": "Mill2_RI_Report_2012.pdf", "source_page": "69"}}, {"type": "Feature", "geometry": {"type": "Point", "coordinates": [-79.0139022, 43.0901965]}, "properties": {"site": "Former-Mill-No-2__C932150", "site_id": "former_mill2", "location_id": "B273", "measured": false, "method": "similarity_from_hand_control_points", "figure_style": "annotated", "fit_rms_m": 5.25, "loo_median_m": 9.11, "loo_max_m": 11.03, "n_control_points": "5", "outside_hull": false, "outside_boundary_by_m": 0.0, "source_document": "Mill2_RI_Report_2012.pdf", "source_page": "69"}}, {"type": "Feature", "geometry": {"type": "Point", "coordinates": [-79.0140009, 43.0901491]}, "properties": {"site": "Former-Mill-No-2__C932150", "site_id": "former_mill2", "location_id": "B134", "measured": false, "method": "similarity_from_hand_control_points", "figure_style": "annotated", "fit_rms_m": 5.25, "loo_median_m": 9.11, "loo_max_m": 11.03, "n_control_points": "5", "outside_hull": false, "outside_boundary_by_m": 0.0, "source_document": "Mill2_RI_Report_2012.pdf", "source_page": "69"}}, {"type": "Feature", "geometry": {"type": "Point", "coordinates": [-79.0140228, 43.0900797]}, "properties": {"site": "Former-Mill-No-2__C932150", "site_id": "former_mill2", "location_id": "NE4B", "measured": false, "method": "similarity_from_hand_control_points", "figure_style": "annotated", "fit_rms_m": 5.25, "loo_median_m": 9.11, "loo_max_m": 11.03, "n_control_points": "5", "outside_hull": false, "outside_boundary_by_m": 0.0, "source_document": "Mill2_RI_Report_2012.pdf", "source_page": "69"}}, {"type": "Feature", "geometry": {"type": "Point", "coordinates": [-79.0131445, 43.0900898]}, "properties": {"site": "Former-Mill-No-2__C932150", "site_id": "former_mill2", "location_id": "NE5", "measured": false, "method": "similarity_from_hand_control_points", "figure_style": "annotated", "fit_rms_m": 5.25, "loo_median_m": 9.11, "loo_max_m": 11.03, "n_control_points": "5", "outside_hull": false, "outside_boundary_by_m": 3.2, "source_document": "Mill2_RI_Report_2012.pdf", "source_page": "69"}}, {"type": "Feature", "geometry": {"type": "Point", "coordinates": [-79.014104, 43.090034]}, "properties": {"site": "Former-Mill-No-2__C932150", "site_id": "former_mill2", "location_id": "B137", "measured": false, "method": "similarity_from_hand_control_points", "figure_style": "annotated", "fit_rms_m": 5.25, "loo_median_m": 9.11, "loo_max_m": 11.03, "n_control_points": "5", "outside_hull": false, "outside_boundary_by_m": 0.0, "source_document": "Mill2_RI_Report_2012.pdf", "source_page": "69"}}, {"type": "Feature", "geometry": {"type": "Point", "coordinates": [-79.0137108, 43.0900508]}, "properties": {"site": "Former-Mill-No-2__C932150", "site_id": "former_mill2", "location_id": "NE4", "measured": false, "method": "similarity_from_hand_control_points", "figure_style": "annotated", "fit_rms_m": 5.25, "loo_median_m": 9.11, "loo_max_m": 11.03, "n_control_points": "5", "outside_hull": false, "outside_boundary_by_m": 0.0, "source_document": "Mill2_RI_Report_2012.pdf", "source_page": "69"}}, {"type": "Feature", "geometry": {"type": "Point", "coordinates": [-79.0136657, 43.090001]}, "properties": {"site": "Former-Mill-No-2__C932150", "site_id": "former_mill2", "location_id": "NE4C", "measured": false, "method": "similarity_from_hand_control_points", "figure_style": "annotated", "fit_rms_m": 5.25, "loo_median_m": 9.11, "loo_max_m": 11.03, "n_control_points": "5", "outside_hull": false, "outside_boundary_by_m": 0.0, "source_document": "Mill2_RI_Report_2012.pdf", "source_page": "69"}}, {"type": "Feature", "geometry": {"type": "Point", "coordinates": [-79.0133258, 43.0900097]}, "properties": {"site": "Former-Mill-No-2__C932150", "site_id": "former_mill2", "location_id": "B144", "measured": false, "method": "similarity_from_hand_control_points", "figure_style": "annotated", "fit_rms_m": 5.25, "loo_median_m": 9.11, "loo_max_m": 11.03, "n_control_points": "5", "outside_hull": false, "outside_boundary_by_m": 0.0, "source_document": "Mill2_RI_Report_2012.pdf", "source_page": "69"}}, {"type": "Feature", "geometry": {"type": "Point", "coordinates": [-79.013217, 43.0899558]}, "properties": {"site": "Former-Mill-No-2__C932150", "site_id": "former_mill2", "location_id": "B274", "measured": false, "method": "similarity_from_hand_control_points", "figure_style": "annotated", "fit_rms_m": 5.25, "loo_median_m": 9.11, "loo_max_m": 11.03, "n_control_points": "5", "outside_hull": false, "outside_boundary_by_m": 0.0, "source_document": "Mill2_RI_Report_2012.pdf", "source_page": "69"}}, {"type": "Feature", "geometry": {"type": "Point", "coordinates": [-79.0133644, 43.0899084]}, "properties": {"site": "Former-Mill-No-2__C932150", "site_id": "former_mill2", "location_id": "B271", "measured": false, "method": "similarity_from_hand_control_points", "figure_style": "annotated", "fit_rms_m": 5.25, "loo_median_m": 9.11, "loo_max_m": 11.03, "n_control_points": "5", "outside_hull": false, "outside_boundary_by_m": 0.0, "source_document": "Mill2_RI_Report_2012.pdf", "source_page": "69"}}, {"type": "Feature", "geometry": {"type": "Point", "coordinates": [-79.0139968, 43.0898731]}, "properties": {"site": "Former-Mill-No-2__C932150", "site_id": "former_mill2", "location_id": "B136", "measured": false, "method": "similarity_from_hand_control_points", "figure_style": "annotated", "fit_rms_m": 5.25, "loo_median_m": 9.11, "loo_max_m": 11.03, "n_control_points": "5", "outside_hull": false, "outside_boundary_by_m": 0.0, "source_document": "Mill2_RI_Report_2012.pdf", "source_page": "69"}}, {"type": "Feature", "geometry": {"type": "Point", "coordinates": [-79.0137862, 43.0898846]}, "properties": {"site": "Former-Mill-No-2__C932150", "site_id": "former_mill2", "location_id": "B145", "measured": false, "method": "similarity_from_hand_control_points", "figure_style": "annotated", "fit_rms_m": 5.25, "loo_median_m": 9.11, "loo_max_m": 11.03, "n_control_points": "5", "outside_hull": false, "outside_boundary_by_m": 0.0, "source_document": "Mill2_RI_Report_2012.pdf", "source_page": "69"}}, {"type": "Feature", "geometry": {"type": "Point", "coordinates": [-79.0136661, 43.0898352]}, "properties": {"site": "Former-Mill-No-2__C932150", "site_id": "former_mill2", "location_id": "B277", "measured": false, "method": "similarity_from_hand_control_points", "figure_style": "annotated", "fit_rms_m": 5.25, "loo_median_m": 9.11, "loo_max_m": 11.03, "n_control_points": "5", "outside_hull": false, "outside_boundary_by_m": 0.0, "source_document": "Mill2_RI_Report_2012.pdf", "source_page": "69"}}, {"type": "Feature", "geometry": {"type": "Point", "coordinates": [-79.014085, 43.0898062]}, "properties": {"site": "Former-Mill-No-2__C932150", "site_id": "former_mill2", "location_id": "B141", "measured": false, "method": "similarity_from_hand_control_points", "figure_style": "annotated", "fit_rms_m": 5.25, "loo_median_m": 9.11, "loo_max_m": 11.03, "n_control_points": "5", "outside_hull": false, "outside_boundary_by_m": 0.0, "source_document": "Mill2_RI_Report_2012.pdf", "source_page": "69"}}, {"type": "Feature", "geometry": {"type": "Point", "coordinates": [-79.0132105, 43.0898342]}, "properties": {"site": "Former-Mill-No-2__C932150", "site_id": "former_mill2", "location_id": "B275", "measured": false, "method": "similarity_from_hand_control_points", "figure_style": "annotated", "fit_rms_m": 5.25, "loo_median_m": 9.11, "loo_max_m": 11.03, "n_control_points": "5", "outside_hull": false, "outside_boundary_by_m": 0.0, "source_document": "Mill2_RI_Report_2012.pdf", "source_page": "69"}}, {"type": "Feature", "geometry": {"type": "Point", "coordinates": [-79.0116017, 43.089877]}, "properties": {"site": "Former-Mill-No-2__C932150", "site_id": "former_mill2", "location_id": "B156D", "measured": false, "method": "similarity_from_hand_control_points", "figure_style": "annotated", "fit_rms_m": 5.25, "loo_median_m": 9.11, "loo_max_m": 11.03, "n_control_points": "5", "outside_hull": true, "outside_boundary_by_m": 10.8, "source_document": "Mill2_RI_Report_2012.pdf", "source_page": "69"}}, {"type": "Feature", "geometry": {"type": "Point", "coordinates": [-79.0129371, 43.0898258]}, "properties": {"site": "Former-Mill-No-2__C932150", "site_id": "former_mill2", "location_id": "NE6", "measured": false, "method": "similarity_from_hand_control_points", "figure_style": "annotated", "fit_rms_m": 5.25, "loo_median_m": 9.11, "loo_max_m": 11.03, "n_control_points": "5", "outside_hull": false, "outside_boundary_by_m": 0.0, "source_document": "Mill2_RI_Report_2012.pdf", "source_page": "69"}}, {"type": "Feature", "geometry": {"type": "Point", "coordinates": [-79.013738, 43.0897761]}, "properties": {"site": "Former-Mill-No-2__C932150", "site_id": "former_mill2", "location_id": "B142", "measured": false, "method": "similarity_from_hand_control_points", "figure_style": "annotated", "fit_rms_m": 5.25, "loo_median_m": 9.11, "loo_max_m": 11.03, "n_control_points": "5", "outside_hull": false, "outside_boundary_by_m": 0.0, "source_document": "Mill2_RI_Report_2012.pdf", "source_page": "69"}}, {"type": "Feature", "geometry": {"type": "Point", "coordinates": [-79.0102312, 43.089894]}, "properties": {"site": "Former-Mill-No-2__C932150", "site_id": "former_mill2", "location_id": "NE14", "measured": false, "method": "similarity_from_hand_control_points", "figure_style": "annotated", "fit_rms_m": 5.25, "loo_median_m": 9.11, "loo_max_m": 11.03, "n_control_points": "5", "outside_hull": true, "outside_boundary_by_m": 7.4, "source_document": "Mill2_RI_Report_2012.pdf", "source_page": "69"}}, {"type": "Feature", "geometry": {"type": "Point", "coordinates": [-79.0116048, 43.0897982]}, "properties": {"site": "Former-Mill-No-2__C932150", "site_id": "former_mill2", "location_id": "B156A", "measured": false, "method": "similarity_from_hand_control_points", "figure_style": "annotated", "fit_rms_m": 5.25, "loo_median_m": 9.11, "loo_max_m": 11.03, "n_control_points": "5", "outside_hull": false, "outside_boundary_by_m": 2.0, "source_document": "Mill2_RI_Report_2012.pdf", "source_page": "69"}}, {"type": "Feature", "geometry": {"type": "Point", "coordinates": [-79.0132044, 43.0897297]}, "properties": {"site": "Former-Mill-No-2__C932150", "site_id": "former_mill2", "location_id": "B276", "measured": false, "method": "similarity_from_hand_control_points", "figure_style": "annotated", "fit_rms_m": 5.25, "loo_median_m": 9.11, "loo_max_m": 11.03, "n_control_points": "5", "outside_hull": false, "outside_boundary_by_m": 0.0, "source_document": "Mill2_RI_Report_2012.pdf", "source_page": "69"}}, {"type": "Feature", "geometry": {"type": "Point", "coordinates": [-79.0100863, 43.0898294]}, "properties": {"site": "Former-Mill-No-2__C932150", "site_id": "former_mill2", "location_id": "NE13F", "measured": false, "method": "similarity_from_hand_control_points", "figure_style": "annotated", "fit_rms_m": 5.25, "loo_median_m": 9.11, "loo_max_m": 11.03, "n_control_points": "5", "outside_hull": true, "outside_boundary_by_m": 7.2, "source_document": "Mill2_RI_Report_2012.pdf", "source_page": "69"}}, {"type": "Feature", "geometry": {"type": "Point", "coordinates": [-79.0134913, 43.089699]}, "properties": {"site": "Former-Mill-No-2__C932150", "site_id": "former_mill2", "location_id": "B143", "measured": false, "method": "similarity_from_hand_control_points", "figure_style": "annotated", "fit_rms_m": 5.25, "loo_median_m": 9.11, "loo_max_m": 11.03, "n_control_points": "5", "outside_hull": false, "outside_boundary_by_m": 0.0, "source_document": "Mill2_RI_Report_2012.pdf", "source_page": "69"}}, {"type": "Feature", "geometry": {"type": "Point", "coordinates": [-79.0122302, 43.0897367]}, "properties": {"site": "Former-Mill-No-2__C932150", "site_id": "former_mill2", "location_id": "NE10D", "measured": false, "method": "similarity_from_hand_control_points", "figure_style": "annotated", "fit_rms_m": 5.25, "loo_median_m": 9.11, "loo_max_m": 11.03, "n_control_points": "5", "outside_hull": false, "outside_boundary_by_m": 0.0, "source_document": "Mill2_RI_Report_2012.pdf", "source_page": "69"}}, {"type": "Feature", "geometry": {"type": "Point", "coordinates": [-79.0100898, 43.0897804]}, "properties": {"site": "Former-Mill-No-2__C932150", "site_id": "former_mill2", "location_id": "NE13D", "measured": false, "method": "similarity_from_hand_control_points", "figure_style": "annotated", "fit_rms_m": 5.25, "loo_median_m": 9.11, "loo_max_m": 11.03, "n_control_points": "5", "outside_hull": true, "outside_boundary_by_m": 6.6, "source_document": "Mill2_RI_Report_2012.pdf", "source_page": "69"}}, {"type": "Feature", "geometry": {"type": "Point", "coordinates": [-79.0114298, 43.0896844]}, "properties": {"site": "Former-Mill-No-2__C932150", "site_id": "former_mill2", "location_id": "B138B", "measured": false, "method": "similarity_from_hand_control_points", "figure_style": "annotated", "fit_rms_m": 5.25, "loo_median_m": 9.11, "loo_max_m": 11.03, "n_control_points": "5", "outside_hull": false, "outside_boundary_by_m": 0.0, "source_document": "Mill2_RI_Report_2012.pdf", "source_page": "69"}}, {"type": "Feature", "geometry": {"type": "Point", "coordinates": [-79.0121743, 43.0896395]}, "properties": {"site": "Former-Mill-No-2__C932150", "site_id": "former_mill2", "location_id": "NE10A", "measured": false, "method": "similarity_from_hand_control_points", "figure_style": "annotated", "fit_rms_m": 5.25, "loo_median_m": 9.11, "loo_max_m": 11.03, "n_control_points": "5", "outside_hull": false, "outside_boundary_by_m": 0.0, "source_document": "Mill2_RI_Report_2012.pdf", "source_page": "69"}}, {"type": "Feature", "geometry": {"type": "Point", "coordinates": [-79.0112629, 43.089664]}, "properties": {"site": "Former-Mill-No-2__C932150", "site_id": "former_mill2", "location_id": "B138C", "measured": false, "method": "similarity_from_hand_control_points", "figure_style": "annotated", "fit_rms_m": 5.25, "loo_median_m": 9.11, "loo_max_m": 11.03, "n_control_points": "5", "outside_hull": false, "outside_boundary_by_m": 0.0, "source_document": "Mill2_RI_Report_2012.pdf", "source_page": "69"}}, {"type": "Feature", "geometry": {"type": "Point", "coordinates": [-79.0119251, 43.0896293]}, "properties": {"site": "Former-Mill-No-2__C932150", "site_id": "former_mill2", "location_id": "B156C", "measured": false, "method": "similarity_from_hand_control_points", "figure_style": "annotated", "fit_rms_m": 5.25, "loo_median_m": 9.11, "loo_max_m": 11.03, "n_control_points": "5", "outside_hull": false, "outside_boundary_by_m": 0.0, "source_document": "Mill2_RI_Report_2012.pdf", "source_page": "69"}}, {"type": "Feature", "geometry": {"type": "Point", "coordinates": [-79.0115871, 43.0896203]}, "properties": {"site": "Former-Mill-No-2__C932150", "site_id": "former_mill2", "location_id": "B138F", "measured": false, "method": "similarity_from_hand_control_points", "figure_style": "annotated", "fit_rms_m": 5.25, "loo_median_m": 9.11, "loo_max_m": 11.03, "n_control_points": "5", "outside_hull": false, "outside_boundary_by_m": 0.0, "source_document": "Mill2_RI_Report_2012.pdf", "source_page": "69"}}, {"type": "Feature", "geometry": {"type": "Point", "coordinates": [-79.0113205, 43.0896252]}, "properties": {"site": "Former-Mill-No-2__C932150", "site_id": "former_mill2", "location_id": "B138", "measured": false, "method": "similarity_from_hand_control_points", "figure_style": "annotated", "fit_rms_m": 5.25, "loo_median_m": 9.11, "loo_max_m": 11.03, "n_control_points": "5", "outside_hull": false, "outside_boundary_by_m": 0.0, "source_document": "Mill2_RI_Report_2012.pdf", "source_page": "69"}}, {"type": "Feature", "geometry": {"type": "Point", "coordinates": [-79.010222, 43.0896622]}, "properties": {"site": "Former-Mill-No-2__C932150", "site_id": "former_mill2", "location_id": "NE13C", "measured": true, "method": "measured_control_point", "figure_style": "annotated", "fit_rms_m": 5.25, "loo_median_m": 9.11, "loo_max_m": 11.03, "n_control_points": "5", "outside_hull": false, "outside_boundary_by_m": 0.0, "source_document": "Mill2_RI_Report_2012.pdf", "source_page": "69"}}, {"type": "Feature", "geometry": {"type": "Point", "coordinates": [-79.0119854, 43.0895801]}, "properties": {"site": "Former-Mill-No-2__C932150", "site_id": "former_mill2", "location_id": "B156F", "measured": false, "method": "similarity_from_hand_control_points", "figure_style": "annotated", "fit_rms_m": 5.25, "loo_median_m": 9.11, "loo_max_m": 11.03, "n_control_points": "5", "outside_hull": false, "outside_boundary_by_m": 0.0, "source_document": "Mill2_RI_Report_2012.pdf", "source_page": "69"}}, {"type": "Feature", "geometry": {"type": "Point", "coordinates": [-79.0117269, 43.089569]}, "properties": {"site": "Former-Mill-No-2__C932150", "site_id": "former_mill2", "location_id": "B156B", "measured": false, "method": "similarity_from_hand_control_points", "figure_style": "annotated", "fit_rms_m": 5.25, "loo_median_m": 9.11, "loo_max_m": 11.03, "n_control_points": "5", "outside_hull": false, "outside_boundary_by_m": 0.0, "source_document": "Mill2_RI_Report_2012.pdf", "source_page": "69"}}, {"type": "Feature", "geometry": {"type": "Point", "coordinates": [-79.0115933, 43.0895373]}, "properties": {"site": "Former-Mill-No-2__C932150", "site_id": "former_mill2", "location_id": "B156E", "measured": false, "method": "similarity_from_hand_control_points", "figure_style": "annotated", "fit_rms_m": 5.25, "loo_median_m": 9.11, "loo_max_m": 11.03, "n_control_points": "5", "outside_hull": false, "outside_boundary_by_m": 0.0, "source_document": "Mill2_RI_Report_2012.pdf", "source_page": "69"}}, {"type": "Feature", "geometry": {"type": "Point", "coordinates": [-79.0102525, 43.0895648]}, "properties": {"site": "Former-Mill-No-2__C932150", "site_id": "former_mill2", "location_id": "B124", "measured": false, "method": "similarity_from_hand_control_points", "figure_style": "annotated", "fit_rms_m": 5.25, "loo_median_m": 9.11, "loo_max_m": 11.03, "n_control_points": "5", "outside_hull": true, "outside_boundary_by_m": 0.0, "source_document": "Mill2_RI_Report_2012.pdf", "source_page": "69"}}, {"type": "Feature", "geometry": {"type": "Point", "coordinates": [-79.0122169, 43.0894632]}, "properties": {"site": "Former-Mill-No-2__C932150", "site_id": "former_mill2", "location_id": "NE10C", "measured": false, "method": "similarity_from_hand_control_points", "figure_style": "annotated", "fit_rms_m": 5.25, "loo_median_m": 9.11, "loo_max_m": 11.03, "n_control_points": "5", "outside_hull": false, "outside_boundary_by_m": 0.0, "source_document": "Mill2_RI_Report_2012.pdf", "source_page": "69"}}, {"type": "Feature", "geometry": {"type": "Point", "coordinates": [-79.011837, 43.0894712]}, "properties": {"site": "Former-Mill-No-2__C932150", "site_id": "former_mill2", "location_id": "NE10E", "measured": false, "method": "similarity_from_hand_control_points", "figure_style": "annotated", "fit_rms_m": 5.25, "loo_median_m": 9.11, "loo_max_m": 11.03, "n_control_points": "5", "outside_hull": false, "outside_boundary_by_m": 0.0, "source_document": "Mill2_RI_Report_2012.pdf", "source_page": "69"}}, {"type": "Feature", "geometry": {"type": "Point", "coordinates": [-79.0119282, 43.089502]}, "properties": {"site": "Former-Mill-No-2__C932150", "site_id": "former_mill2", "location_id": "NE10B", "measured": false, "method": "similarity_from_hand_control_points", "figure_style": "annotated", "fit_rms_m": 5.25, "loo_median_m": 9.11, "loo_max_m": 11.03, "n_control_points": "5", "outside_hull": false, "outside_boundary_by_m": 0.0, "source_document": "Mill2_RI_Report_2012.pdf", "source_page": "69"}}, {"type": "Feature", "geometry": {"type": "Point", "coordinates": [-79.0116681, 43.0894956]}, "properties": {"site": "Former-Mill-No-2__C932150", "site_id": "former_mill2", "location_id": "B155", "measured": false, "method": "similarity_from_hand_control_points", "figure_style": "annotated", "fit_rms_m": 5.25, "loo_median_m": 9.11, "loo_max_m": 11.03, "n_control_points": "5", "outside_hull": false, "outside_boundary_by_m": 0.0, "source_document": "Mill2_RI_Report_2012.pdf", "source_page": "69"}}, {"type": "Feature", "geometry": {"type": "Point", "coordinates": [-79.0112712, 43.0895121]}, "properties": {"site": "Former-Mill-No-2__C932150", "site_id": "former_mill2", "location_id": "B138E", "measured": false, "method": "similarity_from_hand_control_points", "figure_style": "annotated", "fit_rms_m": 5.25, "loo_median_m": 9.11, "loo_max_m": 11.03, "n_control_points": "5", "outside_hull": false, "outside_boundary_by_m": 0.0, "source_document": "Mill2_RI_Report_2012.pdf", "source_page": "69"}}, {"type": "Feature", "geometry": {"type": "Point", "coordinates": [-79.0106708, 43.0895174]}, "properties": {"site": "Former-Mill-No-2__C932150", "site_id": "former_mill2", "location_id": "NE13G", "measured": false, "method": "similarity_from_hand_control_points", "figure_style": "annotated", "fit_rms_m": 5.25, "loo_median_m": 9.11, "loo_max_m": 11.03, "n_control_points": "5", "outside_hull": false, "outside_boundary_by_m": 0.0, "source_document": "Mill2_RI_Report_2012.pdf", "source_page": "69"}}, {"type": "Feature", "geometry": {"type": "Point", "coordinates": [-79.0103787, 43.0895227]}, "properties": {"site": "Former-Mill-No-2__C932150", "site_id": "former_mill2", "location_id": "NE13H", "measured": false, "method": "similarity_from_hand_control_points", "figure_style": "annotated", "fit_rms_m": 5.25, "loo_median_m": 9.11, "loo_max_m": 11.03, "n_control_points": "5", "outside_hull": false, "outside_boundary_by_m": 0.0, "source_document": "Mill2_RI_Report_2012.pdf", "source_page": "69"}}, {"type": "Feature", "geometry": {"type": "Point", "coordinates": [-79.0102634, 43.0894877]}, "properties": {"site": "Former-Mill-No-2__C932150", "site_id": "former_mill2", "location_id": "NE13", "measured": false, "method": "similarity_from_hand_control_points", "figure_style": "annotated", "fit_rms_m": 5.25, "loo_median_m": 9.11, "loo_max_m": 11.03, "n_control_points": "5", "outside_hull": true, "outside_boundary_by_m": 0.0, "source_document": "Mill2_RI_Report_2012.pdf", "source_page": "69"}}, {"type": "Feature", "geometry": {"type": "Point", "coordinates": [-79.0122783, 43.0894055]}, "properties": {"site": "Former-Mill-No-2__C932150", "site_id": "former_mill2", "location_id": "NE10F", "measured": false, "method": "similarity_from_hand_control_points", "figure_style": "annotated", "fit_rms_m": 5.25, "loo_median_m": 9.11, "loo_max_m": 11.03, "n_control_points": "5", "outside_hull": false, "outside_boundary_by_m": 0.0, "source_document": "Mill2_RI_Report_2012.pdf", "source_page": "69"}}, {"type": "Feature", "geometry": {"type": "Point", "coordinates": [-79.0100986, 43.0894661]}, "properties": {"site": "Former-Mill-No-2__C932150", "site_id": "former_mill2", "location_id": "NE13B", "measured": false, "method": "similarity_from_hand_control_points", "figure_style": "annotated", "fit_rms_m": 5.25, "loo_median_m": 9.11, "loo_max_m": 11.03, "n_control_points": "5", "outside_hull": true, "outside_boundary_by_m": 3.9, "source_document": "Mill2_RI_Report_2012.pdf", "source_page": "69"}}, {"type": "Feature", "geometry": {"type": "Point", "coordinates": [-79.0129728, 43.0893251]}, "properties": {"site": "Former-Mill-No-2__C932150", "site_id": "former_mill2", "location_id": "NE7", "measured": false, "method": "similarity_from_hand_control_points", "figure_style": "annotated", "fit_rms_m": 5.25, "loo_median_m": 9.11, "loo_max_m": 11.03, "n_control_points": "5", "outside_hull": false, "outside_boundary_by_m": 0.0, "source_document": "Mill2_RI_Report_2012.pdf", "source_page": "69"}}, {"type": "Feature", "geometry": {"type": "Point", "coordinates": [-79.0122594, 43.089285]}, "properties": {"site": "Former-Mill-No-2__C932150", "site_id": "former_mill2", "location_id": "B233", "measured": false, "method": "similarity_from_hand_control_points", "figure_style": "annotated", "fit_rms_m": 5.25, "loo_median_m": 9.11, "loo_max_m": 11.03, "n_control_points": "5", "outside_hull": false, "outside_boundary_by_m": 0.0, "source_document": "Mill2_RI_Report_2012.pdf", "source_page": "69"}}, {"type": "Feature", "geometry": {"type": "Point", "coordinates": [-79.0109582, 43.089332]}, "properties": {"site": "Former-Mill-No-2__C932150", "site_id": "former_mill2", "location_id": "B225", "measured": false, "method": "similarity_from_hand_control_points", "figure_style": "annotated", "fit_rms_m": 5.25, "loo_median_m": 9.11, "loo_max_m": 11.03, "n_control_points": "5", "outside_hull": false, "outside_boundary_by_m": 0.0, "source_document": "Mill2_RI_Report_2012.pdf", "source_page": "69"}}, {"type": "Feature", "geometry": {"type": "Point", "coordinates": [-79.0120462, 43.0892791]}, "properties": {"site": "Former-Mill-No-2__C932150", "site_id": "former_mill2", "location_id": "B234", "measured": false, "method": "similarity_from_hand_control_points", "figure_style": "annotated", "fit_rms_m": 5.25, "loo_median_m": 9.11, "loo_max_m": 11.03, "n_control_points": "5", "outside_hull": false, "outside_boundary_by_m": 0.0, "source_document": "Mill2_RI_Report_2012.pdf", "source_page": "69"}}, {"type": "Feature", "geometry": {"type": "Point", "coordinates": [-79.0142024, 43.0891722]}, "properties": {"site": "Former-Mill-No-2__C932150", "site_id": "former_mill2", "location_id": "NE1", "measured": false, "method": "similarity_from_hand_control_points", "figure_style": "annotated", "fit_rms_m": 5.25, "loo_median_m": 9.11, "loo_max_m": 11.03, "n_control_points": "5", "outside_hull": true, "outside_boundary_by_m": 0.0, "source_document": "Mill2_RI_Report_2012.pdf", "source_page": "69"}}, {"type": "Feature", "geometry": {"type": "Point", "coordinates": [-79.0134521, 43.0891937]}, "properties": {"site": "Former-Mill-No-2__C932150", "site_id": "former_mill2", "location_id": "B201B", "measured": false, "method": "similarity_from_hand_control_points", "figure_style": "annotated", "fit_rms_m": 5.25, "loo_median_m": 9.11, "loo_max_m": 11.03, "n_control_points": "5", "outside_hull": false, "outside_boundary_by_m": 0.0, "source_document": "Mill2_RI_Report_2012.pdf", "source_page": "69"}}, {"type": "Feature", "geometry": {"type": "Point", "coordinates": [-79.0137357, 43.0891986]}, "properties": {"site": "Former-Mill-No-2__C932150", "site_id": "former_mill2", "location_id": "B148", "measured": false, "method": "similarity_from_hand_control_points", "figure_style": "annotated", "fit_rms_m": 5.25, "loo_median_m": 9.11, "loo_max_m": 11.03, "n_control_points": "5", "outside_hull": false, "outside_boundary_by_m": 0.0, "source_document": "Mill2_RI_Report_2012.pdf", "source_page": "69"}}, {"type": "Feature", "geometry": {"type": "Point", "coordinates": [-79.0108559, 43.0892103]}, "properties": {"site": "Former-Mill-No-2__C932150", "site_id": "former_mill2", "location_id": "B226", "measured": false, "method": "similarity_from_hand_control_points", "figure_style": "annotated", "fit_rms_m": 5.25, "loo_median_m": 9.11, "loo_max_m": 11.03, "n_control_points": "5", "outside_hull": false, "outside_boundary_by_m": 0.0, "source_document": "Mill2_RI_Report_2012.pdf", "source_page": "69"}}, {"type": "Feature", "geometry": {"type": "Point", "coordinates": [-79.0119778, 43.0891471]}, "properties": {"site": "Former-Mill-No-2__C932150", "site_id": "former_mill2", "location_id": "B232", "measured": false, "method": "similarity_from_hand_control_points", "figure_style": "annotated", "fit_rms_m": 5.25, "loo_median_m": 9.11, "loo_max_m": 11.03, "n_control_points": "5", "outside_hull": false, "outside_boundary_by_m": 0.0, "source_document": "Mill2_RI_Report_2012.pdf", "source_page": "69"}}, {"type": "Feature", "geometry": {"type": "Point", "coordinates": [-79.0112938, 43.0891768]}, "properties": {"site": "Former-Mill-No-2__C932150", "site_id": "former_mill2", "location_id": "B227", "measured": false, "method": "similarity_from_hand_control_points", "figure_style": "annotated", "fit_rms_m": 5.25, "loo_median_m": 9.11, "loo_max_m": 11.03, "n_control_points": "5", "outside_hull": false, "outside_boundary_by_m": 0.0, "source_document": "Mill2_RI_Report_2012.pdf", "source_page": "69"}}, {"type": "Feature", "geometry": {"type": "Point", "coordinates": [-79.0100792, 43.089215]}, "properties": {"site": "Former-Mill-No-2__C932150", "site_id": "former_mill2", "location_id": "NE13E", "measured": false, "method": "similarity_from_hand_control_points", "figure_style": "annotated", "fit_rms_m": 5.25, "loo_median_m": 9.11, "loo_max_m": 11.03, "n_control_points": "5", "outside_hull": true, "outside_boundary_by_m": 3.9, "source_document": "Mill2_RI_Report_2012.pdf", "source_page": "69"}}, {"type": "Feature", "geometry": {"type": "Point", "coordinates": [-79.0136869, 43.0890775]}, "properties": {"site": "Former-Mill-No-2__C932150", "site_id": "former_mill2", "location_id": "B201E", "measured": false, "method": "similarity_from_hand_control_points", "figure_style": "annotated", "fit_rms_m": 5.25, "loo_median_m": 9.11, "loo_max_m": 11.03, "n_control_points": "5", "outside_hull": false, "outside_boundary_by_m": 0.0, "source_document": "Mill2_RI_Report_2012.pdf", "source_page": "69"}}, {"type": "Feature", "geometry": {"type": "Point", "coordinates": [-79.0110312, 43.089164]}, "properties": {"site": "Former-Mill-No-2__C932150", "site_id": "former_mill2", "location_id": "NE11", "measured": false, "method": "similarity_from_hand_control_points", "figure_style": "annotated", "fit_rms_m": 5.25, "loo_median_m": 9.11, "loo_max_m": 11.03, "n_control_points": "5", "outside_hull": false, "outside_boundary_by_m": 0.0, "source_document": "Mill2_RI_Report_2012.pdf", "source_page": "69"}}, {"type": "Feature", "geometry": {"type": "Point", "coordinates": [-79.0129626, 43.0890706]}, "properties": {"site": "Former-Mill-No-2__C932150", "site_id": "former_mill2", "location_id": "B201A", "measured": false, "method": "similarity_from_hand_control_points", "figure_style": "annotated", "fit_rms_m": 5.25, "loo_median_m": 9.11, "loo_max_m": 11.03, "n_control_points": "5", "outside_hull": false, "outside_boundary_by_m": 0.0, "source_document": "Mill2_RI_Report_2012.pdf", "source_page": "69"}}, {"type": "Feature", "geometry": {"type": "Point", "coordinates": [-79.0114234, 43.0891216]}, "properties": {"site": "Former-Mill-No-2__C932150", "site_id": "former_mill2", "location_id": "B228", "measured": false, "method": "similarity_from_hand_control_points", "figure_style": "annotated", "fit_rms_m": 5.25, "loo_median_m": 9.11, "loo_max_m": 11.03, "n_control_points": "5", "outside_hull": false, "outside_boundary_by_m": 0.0, "source_document": "Mill2_RI_Report_2012.pdf", "source_page": "69"}}, {"type": "Feature", "geometry": {"type": "Point", "coordinates": [-79.010811, 43.0891315]}, "properties": {"site": "Former-Mill-No-2__C932150", "site_id": "former_mill2", "location_id": "B132", "measured": false, "method": "similarity_from_hand_control_points", "figure_style": "annotated", "fit_rms_m": 5.25, "loo_median_m": 9.11, "loo_max_m": 11.03, "n_control_points": "5", "outside_hull": false, "outside_boundary_by_m": 0.0, "source_document": "Mill2_RI_Report_2012.pdf", "source_page": "69"}}, {"type": "Feature", "geometry": {"type": "Point", "coordinates": [-79.0106071, 43.0891245]}, "properties": {"site": "Former-Mill-No-2__C932150", "site_id": "former_mill2", "location_id": "B126", "measured": false, "method": "similarity_from_hand_control_points", "figure_style": "annotated", "fit_rms_m": 5.25, "loo_median_m": 9.11, "loo_max_m": 11.03, "n_control_points": "5", "outside_hull": true, "outside_boundary_by_m": 0.0, "source_document": "Mill2_RI_Report_2012.pdf", "source_page": "69"}}, {"type": "Feature", "geometry": {"type": "Point", "coordinates": [-79.010249, 43.0891333]}, "properties": {"site": "Former-Mill-No-2__C932150", "site_id": "former_mill2", "location_id": "NE12", "measured": false, "method": "similarity_from_hand_control_points", "figure_style": "annotated", "fit_rms_m": 5.25, "loo_median_m": 9.11, "loo_max_m": 11.03, "n_control_points": "5", "outside_hull": true, "outside_boundary_by_m": 0.0, "source_document": "Mill2_RI_Report_2012.pdf", "source_page": "69"}}, {"type": "Feature", "geometry": {"type": "Point", "coordinates": [-79.013889, 43.088975]}, "properties": {"site": "Former-Mill-No-2__C932150", "site_id": "former_mill2", "location_id": "B1F", "measured": false, "method": "similarity_from_hand_control_points", "figure_style": "annotated", "fit_rms_m": 5.25, "loo_median_m": 9.11, "loo_max_m": 11.03, "n_control_points": "5", "outside_hull": false, "outside_boundary_by_m": 0.0, "source_document": "Mill2_RI_Report_2012.pdf", "source_page": "69"}}, {"type": "Feature", "geometry": {"type": "Point", "coordinates": [-79.009564, 43.089108]}, "properties": {"site": "Former-Mill-No-2__C932150", "site_id": "former_mill2", "location_id": "CSX6", "measured": false, "method": "similarity_from_hand_control_points", "figure_style": "annotated", "fit_rms_m": 5.25, "loo_median_m": 9.11, "loo_max_m": 11.03, "n_control_points": "5", "outside_hull": true, "outside_boundary_by_m": 0.0, "source_document": "Mill2_RI_Report_2012.pdf", "source_page": "69"}}, {"type": "Feature", "geometry": {"type": "Point", "coordinates": [-79.012253, 43.0890469]}, "properties": {"site": "Former-Mill-No-2__C932150", "site_id": "former_mill2", "location_id": "NE9", "measured": false, "method": "similarity_from_hand_control_points", "figure_style": "annotated", "fit_rms_m": 5.25, "loo_median_m": 9.11, "loo_max_m": 11.03, "n_control_points": "5", "outside_hull": false, "outside_boundary_by_m": 0.0, "source_document": "Mill2_RI_Report_2012.pdf", "source_page": "69"}}, {"type": "Feature", "geometry": {"type": "Point", "coordinates": [-79.0086473, 43.089156]}, "properties": {"site": "Former-Mill-No-2__C932150", "site_id": "former_mill2", "location_id": "CSX8", "measured": false, "method": "similarity_from_hand_control_points", "figure_style": "annotated", "fit_rms_m": 5.25, "loo_median_m": 9.11, "loo_max_m": 11.03, "n_control_points": "5", "outside_hull": true, "outside_boundary_by_m": 0.0, "source_document": "Mill2_RI_Report_2012.pdf", "source_page": "69"}}, {"type": "Feature", "geometry": {"type": "Point", "coordinates": [-79.0107722, 43.0890861]}, "properties": {"site": "Former-Mill-No-2__C932150", "site_id": "former_mill2", "location_id": "B3", "measured": false, "method": "similarity_from_hand_control_points", "figure_style": "annotated", "fit_rms_m": 5.25, "loo_median_m": 9.11, "loo_max_m": 11.03, "n_control_points": "5", "outside_hull": true, "outside_boundary_by_m": 0.0, "source_document": "Mill2_RI_Report_2012.pdf", "source_page": "69"}}, {"type": "Feature", "geometry": {"type": "Point", "coordinates": [-79.0099264, 43.0891067]}, "properties": {"site": "Former-Mill-No-2__C932150", "site_id": "former_mill2", "location_id": "CSX5", "measured": false, "method": "similarity_from_hand_control_points", "figure_style": "annotated", "fit_rms_m": 5.25, "loo_median_m": 9.11, "loo_max_m": 11.03, "n_control_points": "5", "outside_hull": true, "outside_boundary_by_m": 0.0, "source_document": "Mill2_RI_Report_2012.pdf", "source_page": "69"}}, {"type": "Feature", "geometry": {"type": "Point", "coordinates": [-79.0101191, 43.0891198]}, "properties": {"site": "Former-Mill-No-2__C932150", "site_id": "former_mill2", "location_id": "CSX4", "measured": false, "method": "similarity_from_hand_control_points", "figure_style": "annotated", "fit_rms_m": 5.25, "loo_median_m": 9.11, "loo_max_m": 11.03, "n_control_points": "5", "outside_hull": true, "outside_boundary_by_m": 0.0, "source_document": "Mill2_RI_Report_2012.pdf", "source_page": "69"}}, {"type": "Feature", "geometry": {"type": "Point", "coordinates": [-79.009085, 43.0891195]}, "properties": {"site": "Former-Mill-No-2__C932150", "site_id": "former_mill2", "location_id": "CSX7", "measured": false, "method": "similarity_from_hand_control_points", "figure_style": "annotated", "fit_rms_m": 5.25, "loo_median_m": 9.11, "loo_max_m": 11.03, "n_control_points": "5", "outside_hull": true, "outside_boundary_by_m": 0.0, "source_document": "Mill2_RI_Report_2012.pdf", "source_page": "69"}}, {"type": "Feature", "geometry": {"type": "Point", "coordinates": [-79.0141861, 43.0889386]}, "properties": {"site": "Former-Mill-No-2__C932150", "site_id": "former_mill2", "location_id": "B1E", "measured": false, "method": "similarity_from_hand_control_points", "figure_style": "annotated", "fit_rms_m": 5.25, "loo_median_m": 9.11, "loo_max_m": 11.03, "n_control_points": "5", "outside_hull": true, "outside_boundary_by_m": 0.0, "source_document": "Mill2_RI_Report_2012.pdf", "source_page": "69"}}, {"type": "Feature", "geometry": {"type": "Point", "coordinates": [-79.0114883, 43.0890275]}, "properties": {"site": "Former-Mill-No-2__C932150", "site_id": "former_mill2", "location_id": "CSX1", "measured": false, "method": "similarity_from_hand_control_points", "figure_style": "annotated", "fit_rms_m": 5.25, "loo_median_m": 9.11, "loo_max_m": 11.03, "n_control_points": "5", "outside_hull": false, "outside_boundary_by_m": 0.0, "source_document": "Mill2_RI_Report_2012.pdf", "source_page": "69"}}, {"type": "Feature", "geometry": {"type": "Point", "coordinates": [-79.0105657, 43.0890551]}, "properties": {"site": "Former-Mill-No-2__C932150", "site_id": "former_mill2", "location_id": "CSX3", "measured": false, "method": "similarity_from_hand_control_points", "figure_style": "annotated", "fit_rms_m": 5.25, "loo_median_m": 9.11, "loo_max_m": 11.03, "n_control_points": "5", "outside_hull": true, "outside_boundary_by_m": 0.0, "source_document": "Mill2_RI_Report_2012.pdf", "source_page": "69"}}, {"type": "Feature", "geometry": {"type": "Point", "coordinates": [-79.01226, 43.0889916]}, "properties": {"site": "Former-Mill-No-2__C932150", "site_id": "former_mill2", "location_id": "B2", "measured": false, "method": "similarity_from_hand_control_points", "figure_style": "annotated", "fit_rms_m": 5.25, "loo_median_m": 9.11, "loo_max_m": 11.03, "n_control_points": "5", "outside_hull": false, "outside_boundary_by_m": 0.0, "source_document": "Mill2_RI_Report_2012.pdf", "source_page": "69"}}, {"type": "Feature", "geometry": {"type": "Point", "coordinates": [-79.0112428, 43.0890416]}, "properties": {"site": "Former-Mill-No-2__C932150", "site_id": "former_mill2", "location_id": "CSX2", "measured": false, "method": "similarity_from_hand_control_points", "figure_style": "annotated", "fit_rms_m": 5.25, "loo_median_m": 9.11, "loo_max_m": 11.03, "n_control_points": "5", "outside_hull": false, "outside_boundary_by_m": 0.0, "source_document": "Mill2_RI_Report_2012.pdf", "source_page": "69"}}, {"type": "Feature", "geometry": {"type": "Point", "coordinates": [-79.013935, 43.0889048]}, "properties": {"site": "Former-Mill-No-2__C932150", "site_id": "former_mill2", "location_id": "B1", "measured": false, "method": "similarity_from_hand_control_points", "figure_style": "annotated", "fit_rms_m": 5.25, "loo_median_m": 9.11, "loo_max_m": 11.03, "n_control_points": "5", "outside_hull": false, "outside_boundary_by_m": 0.0, "source_document": "Mill2_RI_Report_2012.pdf", "source_page": "69"}}, {"type": "Feature", "geometry": {"type": "Point", "coordinates": [-79.014056, 43.0887994]}, "properties": {"site": "Former-Mill-No-2__C932150", "site_id": "former_mill2", "location_id": "B123", "measured": false, "method": "similarity_from_hand_control_points", "figure_style": "annotated", "fit_rms_m": 5.25, "loo_median_m": 9.11, "loo_max_m": 11.03, "n_control_points": "5", "outside_hull": true, "outside_boundary_by_m": 0.0, "source_document": "Mill2_RI_Report_2012.pdf", "source_page": "69"}}, {"type": "Feature", "geometry": {"type": "Point", "coordinates": [-79.0117833, 43.0888709]}, "properties": {"site": "Former-Mill-No-2__C932150", "site_id": "former_mill2", "location_id": "B249", "measured": false, "method": "similarity_from_hand_control_points", "figure_style": "annotated", "fit_rms_m": 5.25, "loo_median_m": 9.11, "loo_max_m": 11.03, "n_control_points": "5", "outside_hull": false, "outside_boundary_by_m": 0.0, "source_document": "Mill2_RI_Report_2012.pdf", "source_page": "69"}}, {"type": "Feature", "geometry": {"type": "Point", "coordinates": [-79.0136495, 43.0888216]}, "properties": {"site": "Former-Mill-No-2__C932150", "site_id": "former_mill2", "location_id": "SB18", "measured": false, "method": "similarity_from_hand_control_points", "figure_style": "annotated", "fit_rms_m": 5.25, "loo_median_m": 9.11, "loo_max_m": 11.03, "n_control_points": "5", "outside_hull": false, "outside_boundary_by_m": 0.0, "source_document": "Mill2_RI_Report_2012.pdf", "source_page": "69"}}, {"type": "Feature", "geometry": {"type": "Point", "coordinates": [-79.0110066, 43.0889164]}, "properties": {"site": "Former-Mill-No-2__C932150", "site_id": "former_mill2", "location_id": "B242", "measured": false, "method": "similarity_from_hand_control_points", "figure_style": "annotated", "fit_rms_m": 5.25, "loo_median_m": 9.11, "loo_max_m": 11.03, "n_control_points": "5", "outside_hull": false, "outside_boundary_by_m": 0.0, "source_document": "Mill2_RI_Report_2012.pdf", "source_page": "69"}}, {"type": "Feature", "geometry": {"type": "Point", "coordinates": [-79.0107804, 43.08892]}, "properties": {"site": "Former-Mill-No-2__C932150", "site_id": "former_mill2", "location_id": "SB6", "measured": false, "method": "similarity_from_hand_control_points", "figure_style": "annotated", "fit_rms_m": 5.25, "loo_median_m": 9.11, "loo_max_m": 11.03, "n_control_points": "5", "outside_hull": true, "outside_boundary_by_m": 0.0, "source_document": "Mill2_RI_Report_2012.pdf", "source_page": "69"}}, {"type": "Feature", "geometry": {"type": "Point", "coordinates": [-79.0115242, 43.0888671]}, "properties": {"site": "Former-Mill-No-2__C932150", "site_id": "former_mill2", "location_id": "B246", "measured": false, "method": "similarity_from_hand_control_points", "figure_style": "annotated", "fit_rms_m": 5.25, "loo_median_m": 9.11, "loo_max_m": 11.03, "n_control_points": "5", "outside_hull": false, "outside_boundary_by_m": 0.0, "source_document": "Mill2_RI_Report_2012.pdf", "source_page": "69"}}, {"type": "Feature", "geometry": {"type": "Point", "coordinates": [-79.0113119, 43.0888588]}, "properties": {"site": "Former-Mill-No-2__C932150", "site_id": "former_mill2", "location_id": "B243", "measured": false, "method": "similarity_from_hand_control_points", "figure_style": "annotated", "fit_rms_m": 5.25, "loo_median_m": 9.11, "loo_max_m": 11.03, "n_control_points": "5", "outside_hull": false, "outside_boundary_by_m": 0.0, "source_document": "Mill2_RI_Report_2012.pdf", "source_page": "69"}}, {"type": "Feature", "geometry": {"type": "Point", "coordinates": [-79.0138888, 43.0887565]}, "properties": {"site": "Former-Mill-No-2__C932150", "site_id": "former_mill2", "location_id": "B1A", "measured": false, "method": "similarity_from_hand_control_points", "figure_style": "annotated", "fit_rms_m": 5.25, "loo_median_m": 9.11, "loo_max_m": 11.03, "n_control_points": "5", "outside_hull": false, "outside_boundary_by_m": 0.0, "source_document": "Mill2_RI_Report_2012.pdf", "source_page": "69"}}, {"type": "Feature", "geometry": {"type": "Point", "coordinates": [-79.014003, 43.0886952]}, "properties": {"site": "Former-Mill-No-2__C932150", "site_id": "former_mill2", "location_id": "B1B", "measured": false, "method": "similarity_from_hand_control_points", "figure_style": "annotated", "fit_rms_m": 5.25, "loo_median_m": 9.11, "loo_max_m": 11.03, "n_control_points": "5", "outside_hull": true, "outside_boundary_by_m": 0.0, "source_document": "Mill2_RI_Report_2012.pdf", "source_page": "69"}}, {"type": "Feature", "geometry": {"type": "Point", "coordinates": [-79.0115218, 43.0887721]}, "properties": {"site": "Former-Mill-No-2__C932150", "site_id": "former_mill2", "location_id": "B247", "measured": false, "method": "similarity_from_hand_control_points", "figure_style": "annotated", "fit_rms_m": 5.25, "loo_median_m": 9.11, "loo_max_m": 11.03, "n_control_points": "5", "outside_hull": false, "outside_boundary_by_m": 0.0, "source_document": "Mill2_RI_Report_2012.pdf", "source_page": "69"}}, {"type": "Feature", "geometry": {"type": "Point", "coordinates": [-79.0117775, 43.0887717]}, "properties": {"site": "Former-Mill-No-2__C932150", "site_id": "former_mill2", "location_id": "B250", "measured": false, "method": "similarity_from_hand_control_points", "figure_style": "annotated", "fit_rms_m": 5.25, "loo_median_m": 9.11, "loo_max_m": 11.03, "n_control_points": "5", "outside_hull": false, "outside_boundary_by_m": 0.0, "source_document": "Mill2_RI_Report_2012.pdf", "source_page": "69"}}, {"type": "Feature", "geometry": {"type": "Point", "coordinates": [-79.0112954, 43.0887738]}, "properties": {"site": "Former-Mill-No-2__C932150", "site_id": "former_mill2", "location_id": "B244", "measured": false, "method": "similarity_from_hand_control_points", "figure_style": "annotated", "fit_rms_m": 5.25, "loo_median_m": 9.11, "loo_max_m": 11.03, "n_control_points": "5", "outside_hull": false, "outside_boundary_by_m": 0.0, "source_document": "Mill2_RI_Report_2012.pdf", "source_page": "69"}}, {"type": "Feature", "geometry": {"type": "Point", "coordinates": [-79.010995, 43.0887716]}, "properties": {"site": "Former-Mill-No-2__C932150", "site_id": "former_mill2", "location_id": "B241", "measured": false, "method": "similarity_from_hand_control_points", "figure_style": "annotated", "fit_rms_m": 5.25, "loo_median_m": 9.11, "loo_max_m": 11.03, "n_control_points": "5", "outside_hull": true, "outside_boundary_by_m": 0.0, "source_document": "Mill2_RI_Report_2012.pdf", "source_page": "69"}}, {"type": "Feature", "geometry": {"type": "Point", "coordinates": [-79.014007, 43.0886462]}, "properties": {"site": "Former-Mill-No-2__C932150", "site_id": "former_mill2", "location_id": "B1C", "measured": false, "method": "similarity_from_hand_control_points", "figure_style": "annotated", "fit_rms_m": 5.25, "loo_median_m": 9.11, "loo_max_m": 11.03, "n_control_points": "5", "outside_hull": true, "outside_boundary_by_m": 0.0, "source_document": "Mill2_RI_Report_2012.pdf", "source_page": "69"}}, {"type": "Feature", "geometry": {"type": "Point", "coordinates": [-79.0112875, 43.0886743]}, "properties": {"site": "Former-Mill-No-2__C932150", "site_id": "former_mill2", "location_id": "B245", "measured": false, "method": "similarity_from_hand_control_points", "figure_style": "annotated", "fit_rms_m": 5.25, "loo_median_m": 9.11, "loo_max_m": 11.03, "n_control_points": "5", "outside_hull": false, "outside_boundary_by_m": 0.0, "source_document": "Mill2_RI_Report_2012.pdf", "source_page": "69"}}, {"type": "Feature", "geometry": {"type": "Point", "coordinates": [-79.0138881, 43.0885643]}, "properties": {"site": "Former-Mill-No-2__C932150", "site_id": "former_mill2", "location_id": "TA02", "measured": false, "method": "similarity_from_hand_control_points", "figure_style": "annotated", "fit_rms_m": 5.25, "loo_median_m": 9.11, "loo_max_m": 11.03, "n_control_points": "5", "outside_hull": false, "outside_boundary_by_m": 0.0, "source_document": "Mill2_RI_Report_2012.pdf", "source_page": "69"}}, {"type": "Feature", "geometry": {"type": "Point", "coordinates": [-79.0115014, 43.0886386]}, "properties": {"site": "Former-Mill-No-2__C932150", "site_id": "former_mill2", "location_id": "B248", "measured": false, "method": "similarity_from_hand_control_points", "figure_style": "annotated", "fit_rms_m": 5.25, "loo_median_m": 9.11, "loo_max_m": 11.03, "n_control_points": "5", "outside_hull": false, "outside_boundary_by_m": 0.0, "source_document": "Mill2_RI_Report_2012.pdf", "source_page": "69"}}, {"type": "Feature", "geometry": {"type": "Point", "coordinates": [-79.0117749, 43.0886274]}, "properties": {"site": "Former-Mill-No-2__C932150", "site_id": "former_mill2", "location_id": "B251", "measured": false, "method": "similarity_from_hand_control_points", "figure_style": "annotated", "fit_rms_m": 5.25, "loo_median_m": 9.11, "loo_max_m": 11.03, "n_control_points": "5", "outside_hull": false, "outside_boundary_by_m": 0.0, "source_document": "Mill2_RI_Report_2012.pdf", "source_page": "69"}}, {"type": "Feature", "geometry": {"type": "Point", "coordinates": [-79.0109852, 43.0886398]}, "properties": {"site": "Former-Mill-No-2__C932150", "site_id": "former_mill2", "location_id": "B240", "measured": false, "method": "similarity_from_hand_control_points", "figure_style": "annotated", "fit_rms_m": 5.25, "loo_median_m": 9.11, "loo_max_m": 11.03, "n_control_points": "5", "outside_hull": true, "outside_boundary_by_m": 0.0, "source_document": "Mill2_RI_Report_2012.pdf", "source_page": "69"}}, {"type": "Feature", "geometry": {"type": "Point", "coordinates": [-79.0141435, 43.0885025]}, "properties": {"site": "Former-Mill-No-2__C932150", "site_id": "former_mill2", "location_id": "B1D", "measured": false, "method": "similarity_from_hand_control_points", "figure_style": "annotated", "fit_rms_m": 5.25, "loo_median_m": 9.11, "loo_max_m": 11.03, "n_control_points": "5", "outside_hull": true, "outside_boundary_by_m": 0.0, "source_document": "Mill2_RI_Report_2012.pdf", "source_page": "69"}}, {"type": "Feature", "geometry": {"type": "Point", "coordinates": [-79.0138518, 43.0884986]}, "properties": {"site": "Former-Mill-No-2__C932150", "site_id": "former_mill2", "location_id": "TA03", "measured": false, "method": "similarity_from_hand_control_points", "figure_style": "annotated", "fit_rms_m": 5.25, "loo_median_m": 9.11, "loo_max_m": 11.03, "n_control_points": "5", "outside_hull": false, "outside_boundary_by_m": 0.0, "source_document": "Mill2_RI_Report_2012.pdf", "source_page": "69"}}, {"type": "Feature", "geometry": {"type": "Point", "coordinates": [-79.0141431, 43.0884632]}, "properties": {"site": "Former-Mill-No-2__C932150", "site_id": "former_mill2", "location_id": "B122", "measured": false, "method": "similarity_from_hand_control_points", "figure_style": "annotated", "fit_rms_m": 5.25, "loo_median_m": 9.11, "loo_max_m": 11.03, "n_control_points": "5", "outside_hull": true, "outside_boundary_by_m": 0.0, "source_document": "Mill2_RI_Report_2012.pdf", "source_page": "69"}}, {"type": "Feature", "geometry": {"type": "Point", "coordinates": [-79.0112777, 43.0885428]}, "properties": {"site": "Former-Mill-No-2__C932150", "site_id": "former_mill2", "location_id": "B252", "measured": false, "method": "similarity_from_hand_control_points", "figure_style": "annotated", "fit_rms_m": 5.25, "loo_median_m": 9.11, "loo_max_m": 11.03, "n_control_points": "5", "outside_hull": true, "outside_boundary_by_m": 0.0, "source_document": "Mill2_RI_Report_2012.pdf", "source_page": "69"}}, {"type": "Feature", "geometry": {"type": "Point", "coordinates": [-79.0109703, 43.0885008]}, "properties": {"site": "Former-Mill-No-2__C932150", "site_id": "former_mill2", "location_id": "B238", "measured": false, "method": "similarity_from_hand_control_points", "figure_style": "annotated", "fit_rms_m": 5.25, "loo_median_m": 9.11, "loo_max_m": 11.03, "n_control_points": "5", "outside_hull": true, "outside_boundary_by_m": 0.0, "source_document": "Mill2_RI_Report_2012.pdf", "source_page": "69"}}, {"type": "Feature", "geometry": {"type": "Point", "coordinates": [-79.0117534, 43.0884295]}, "properties": {"site": "Former-Mill-No-2__C932150", "site_id": "former_mill2", "location_id": "B262", "measured": false, "method": "similarity_from_hand_control_points", "figure_style": "annotated", "fit_rms_m": 5.25, "loo_median_m": 9.11, "loo_max_m": 11.03, "n_control_points": "5", "outside_hull": false, "outside_boundary_by_m": 0.0, "source_document": "Mill2_RI_Report_2012.pdf", "source_page": "69"}}, {"type": "Feature", "geometry": {"type": "Point", "coordinates": [-79.0114942, 43.0884421]}, "properties": {"site": "Former-Mill-No-2__C932150", "site_id": "former_mill2", "location_id": "B253", "measured": false, "method": "similarity_from_hand_control_points", "figure_style": "annotated", "fit_rms_m": 5.25, "loo_median_m": 9.11, "loo_max_m": 11.03, "n_control_points": "5", "outside_hull": false, "outside_boundary_by_m": 0.0, "source_document": "Mill2_RI_Report_2012.pdf", "source_page": "69"}}, {"type": "Feature", "geometry": {"type": "Point", "coordinates": [-79.0106667, 43.0884694]}, "properties": {"site": "Former-Mill-No-2__C932150", "site_id": "former_mill2", "location_id": "B267", "measured": false, "method": "similarity_from_hand_control_points", "figure_style": "annotated", "fit_rms_m": 5.25, "loo_median_m": 9.11, "loo_max_m": 11.03, "n_control_points": "5", "outside_hull": true, "outside_boundary_by_m": 2.9, "source_document": "Mill2_RI_Report_2012.pdf", "source_page": "69"}}, {"type": "Feature", "geometry": {"type": "Point", "coordinates": [-79.0119132, 43.0883454]}, "properties": {"site": "Former-Mill-No-2__C932150", "site_id": "former_mill2", "location_id": "B261", "measured": false, "method": "similarity_from_hand_control_points", "figure_style": "annotated", "fit_rms_m": 5.25, "loo_median_m": 9.11, "loo_max_m": 11.03, "n_control_points": "5", "outside_hull": false, "outside_boundary_by_m": 0.0, "source_document": "Mill2_RI_Report_2012.pdf", "source_page": "69"}}, {"type": "Feature", "geometry": {"type": "Point", "coordinates": [-79.0109622, 43.0883532]}, "properties": {"site": "Former-Mill-No-2__C932150", "site_id": "former_mill2", "location_id": "B239", "measured": false, "method": "similarity_from_hand_control_points", "figure_style": "annotated", "fit_rms_m": 5.25, "loo_median_m": 9.11, "loo_max_m": 11.03, "n_control_points": "5", "outside_hull": true, "outside_boundary_by_m": 0.0, "source_document": "Mill2_RI_Report_2012.pdf", "source_page": "69"}}, {"type": "Feature", "geometry": {"type": "Point", "coordinates": [-79.0126774, 43.0882533]}, "properties": {"site": "Former-Mill-No-2__C932150", "site_id": "former_mill2", "location_id": "SB14", "measured": false, "method": "similarity_from_hand_control_points", "figure_style": "annotated", "fit_rms_m": 5.25, "loo_median_m": 9.11, "loo_max_m": 11.03, "n_control_points": "5", "outside_hull": false, "outside_boundary_by_m": 0.0, "source_document": "Mill2_RI_Report_2012.pdf", "source_page": "69"}}, {"type": "Feature", "geometry": {"type": "Point", "coordinates": [-79.0120079, 43.0882829]}, "properties": {"site": "Former-Mill-No-2__C932150", "site_id": "former_mill2", "location_id": "B219", "measured": false, "method": "similarity_from_hand_control_points", "figure_style": "annotated", "fit_rms_m": 5.25, "loo_median_m": 9.11, "loo_max_m": 11.03, "n_control_points": "5", "outside_hull": false, "outside_boundary_by_m": 0.0, "source_document": "Mill2_RI_Report_2012.pdf", "source_page": "69"}}, {"type": "Feature", "geometry": {"type": "Point", "coordinates": [-79.0114722, 43.0883072]}, "properties": {"site": "Former-Mill-No-2__C932150", "site_id": "former_mill2", "location_id": "B260", "measured": false, "method": "similarity_from_hand_control_points", "figure_style": "annotated", "fit_rms_m": 5.25, "loo_median_m": 9.11, "loo_max_m": 11.03, "n_control_points": "5", "outside_hull": true, "outside_boundary_by_m": 0.0, "source_document": "Mill2_RI_Report_2012.pdf", "source_page": "69"}}, {"type": "Feature", "geometry": {"type": "Point", "coordinates": [-79.0112525, 43.0883171]}, "properties": {"site": "Former-Mill-No-2__C932150", "site_id": "former_mill2", "location_id": "B254", "measured": false, "method": "similarity_from_hand_control_points", "figure_style": "annotated", "fit_rms_m": 5.25, "loo_median_m": 9.11, "loo_max_m": 11.03, "n_control_points": "5", "outside_hull": true, "outside_boundary_by_m": 0.0, "source_document": "Mill2_RI_Report_2012.pdf", "source_page": "69"}}, {"type": "Feature", "geometry": {"type": "Point", "coordinates": [-79.014155, 43.088174]}, "properties": {"site": "Former-Mill-No-2__C932150", "site_id": "former_mill2", "location_id": "B102", "measured": false, "method": "similarity_from_hand_control_points", "figure_style": "annotated", "fit_rms_m": 5.25, "loo_median_m": 9.11, "loo_max_m": 11.03, "n_control_points": "5", "outside_hull": true, "outside_boundary_by_m": 0.2, "source_document": "Mill2_RI_Report_2012.pdf", "source_page": "69"}}, {"type": "Feature", "geometry": {"type": "Point", "coordinates": [-79.0130249, 43.0881485]}, "properties": {"site": "Former-Mill-No-2__C932150", "site_id": "former_mill2", "location_id": "SB15", "measured": false, "method": "similarity_from_hand_control_points", "figure_style": "annotated", "fit_rms_m": 5.25, "loo_median_m": 9.11, "loo_max_m": 11.03, "n_control_points": "5", "outside_hull": false, "outside_boundary_by_m": 0.0, "source_document": "Mill2_RI_Report_2012.pdf", "source_page": "69"}}, {"type": "Feature", "geometry": {"type": "Point", "coordinates": [-79.0114469, 43.0881972]}, "properties": {"site": "Former-Mill-No-2__C932150", "site_id": "former_mill2", "location_id": "B259", "measured": false, "method": "similarity_from_hand_control_points", "figure_style": "annotated", "fit_rms_m": 5.25, "loo_median_m": 9.11, "loo_max_m": 11.03, "n_control_points": "5", "outside_hull": true, "outside_boundary_by_m": 0.0, "source_document": "Mill2_RI_Report_2012.pdf", "source_page": "69"}}, {"type": "Feature", "geometry": {"type": "Point", "coordinates": [-79.0112416, 43.0882013]}, "properties": {"site": "Former-Mill-No-2__C932150", "site_id": "former_mill2", "location_id": "B255", "measured": false, "method": "similarity_from_hand_control_points", "figure_style": "annotated", "fit_rms_m": 5.25, "loo_median_m": 9.11, "loo_max_m": 11.03, "n_control_points": "5", "outside_hull": true, "outside_boundary_by_m": 0.0, "source_document": "Mill2_RI_Report_2012.pdf", "source_page": "69"}}, {"type": "Feature", "geometry": {"type": "Point", "coordinates": [-79.0107639, 43.0882265]}, "properties": {"site": "Former-Mill-No-2__C932150", "site_id": "former_mill2", "location_id": "B268", "measured": false, "method": "similarity_from_hand_control_points", "figure_style": "annotated", "fit_rms_m": 5.25, "loo_median_m": 9.11, "loo_max_m": 11.03, "n_control_points": "5", "outside_hull": true, "outside_boundary_by_m": 0.0, "source_document": "Mill2_RI_Report_2012.pdf", "source_page": "69"}}, {"type": "Feature", "geometry": {"type": "Point", "coordinates": [-79.0117187, 43.088175]}, "properties": {"site": "Former-Mill-No-2__C932150", "site_id": "former_mill2", "location_id": "B269", "measured": false, "method": "similarity_from_hand_control_points", "figure_style": "annotated", "fit_rms_m": 5.25, "loo_median_m": 9.11, "loo_max_m": 11.03, "n_control_points": "5", "outside_hull": true, "outside_boundary_by_m": 0.0, "source_document": "Mill2_RI_Report_2012.pdf", "source_page": "69"}}, {"type": "Feature", "geometry": {"type": "Point", "coordinates": [-79.0109323, 43.0881983]}, "properties": {"site": "Former-Mill-No-2__C932150", "site_id": "former_mill2", "location_id": "B237", "measured": false, "method": "similarity_from_hand_control_points", "figure_style": "annotated", "fit_rms_m": 5.25, "loo_median_m": 9.11, "loo_max_m": 11.03, "n_control_points": "5", "outside_hull": true, "outside_boundary_by_m": 0.0, "source_document": "Mill2_RI_Report_2012.pdf", "source_page": "69"}}, {"type": "Feature", "geometry": {"type": "Point", "coordinates": [-79.0124984, 43.0881263]}, "properties": {"site": "Former-Mill-No-2__C932150", "site_id": "former_mill2", "location_id": "SB7", "measured": false, "method": "similarity_from_hand_control_points", "figure_style": "annotated", "fit_rms_m": 5.25, "loo_median_m": 9.11, "loo_max_m": 11.03, "n_control_points": "5", "outside_hull": false, "outside_boundary_by_m": 0.0, "source_document": "Mill2_RI_Report_2012.pdf", "source_page": "69"}}, {"type": "Feature", "geometry": {"type": "Point", "coordinates": [-79.01206, 43.0881426]}, "properties": {"site": "Former-Mill-No-2__C932150", "site_id": "former_mill2", "location_id": "SB13", "measured": false, "method": "similarity_from_hand_control_points", "figure_style": "annotated", "fit_rms_m": 5.25, "loo_median_m": 9.11, "loo_max_m": 11.03, "n_control_points": "5", "outside_hull": false, "outside_boundary_by_m": 0.0, "source_document": "Mill2_RI_Report_2012.pdf", "source_page": "69"}}, {"type": "Feature", "geometry": {"type": "Point", "coordinates": [-79.012373, 43.0880565]}, "properties": {"site": "Former-Mill-No-2__C932150", "site_id": "former_mill2", "location_id": "SB3", "measured": false, "method": "similarity_from_hand_control_points", "figure_style": "annotated", "fit_rms_m": 5.25, "loo_median_m": 9.11, "loo_max_m": 11.03, "n_control_points": "5", "outside_hull": false, "outside_boundary_by_m": 0.0, "source_document": "Mill2_RI_Report_2012.pdf", "source_page": "69"}}, {"type": "Feature", "geometry": {"type": "Point", "coordinates": [-79.01168, 43.0880509]}, "properties": {"site": "Former-Mill-No-2__C932150", "site_id": "former_mill2", "location_id": "B258", "measured": false, "method": "similarity_from_hand_control_points", "figure_style": "annotated", "fit_rms_m": 5.25, "loo_median_m": 9.11, "loo_max_m": 11.03, "n_control_points": "5", "outside_hull": true, "outside_boundary_by_m": 0.0, "source_document": "Mill2_RI_Report_2012.pdf", "source_page": "69"}}, {"type": "Feature", "geometry": {"type": "Point", "coordinates": [-79.0114468, 43.0880616]}, "properties": {"site": "Former-Mill-No-2__C932150", "site_id": "former_mill2", "location_id": "B257", "measured": false, "method": "similarity_from_hand_control_points", "figure_style": "annotated", "fit_rms_m": 5.25, "loo_median_m": 9.11, "loo_max_m": 11.03, "n_control_points": "5", "outside_hull": true, "outside_boundary_by_m": 0.0, "source_document": "Mill2_RI_Report_2012.pdf", "source_page": "69"}}, {"type": "Feature", "geometry": {"type": "Point", "coordinates": [-79.0112283, 43.0880718]}, "properties": {"site": "Former-Mill-No-2__C932150", "site_id": "former_mill2", "location_id": "B256", "measured": false, "method": "similarity_from_hand_control_points", "figure_style": "annotated", "fit_rms_m": 5.25, "loo_median_m": 9.11, "loo_max_m": 11.03, "n_control_points": "5", "outside_hull": true, "outside_boundary_by_m": 0.0, "source_document": "Mill2_RI_Report_2012.pdf", "source_page": "69"}}, {"type": "Feature", "geometry": {"type": "Point", "coordinates": [-79.0109401, 43.0880816]}, "properties": {"site": "Former-Mill-No-2__C932150", "site_id": "former_mill2", "location_id": "B236", "measured": false, "method": "similarity_from_hand_control_points", "figure_style": "annotated", "fit_rms_m": 5.25, "loo_median_m": 9.11, "loo_max_m": 11.03, "n_control_points": "5", "outside_hull": true, "outside_boundary_by_m": 0.0, "source_document": "Mill2_RI_Report_2012.pdf", "source_page": "69"}}, {"type": "Feature", "geometry": {"type": "Point", "coordinates": [-79.0124349, 43.0880087]}, "properties": {"site": "Former-Mill-No-2__C932150", "site_id": "former_mill2", "location_id": "B5", "measured": false, "method": "similarity_from_hand_control_points", "figure_style": "annotated", "fit_rms_m": 5.25, "loo_median_m": 9.11, "loo_max_m": 11.03, "n_control_points": "5", "outside_hull": false, "outside_boundary_by_m": 0.0, "source_document": "Mill2_RI_Report_2012.pdf", "source_page": "69"}}, {"type": "Feature", "geometry": {"type": "Point", "coordinates": [-79.0138549, 43.0879336]}, "properties": {"site": "Former-Mill-No-2__C932150", "site_id": "former_mill2", "location_id": "B106", "measured": false, "method": "similarity_from_hand_control_points", "figure_style": "annotated", "fit_rms_m": 5.25, "loo_median_m": 9.11, "loo_max_m": 11.03, "n_control_points": "5", "outside_hull": false, "outside_boundary_by_m": 0.0, "source_document": "Mill2_RI_Report_2012.pdf", "source_page": "69"}}, {"type": "Feature", "geometry": {"type": "Point", "coordinates": [-79.0132998, 43.0879314]}, "properties": {"site": "Former-Mill-No-2__C932150", "site_id": "former_mill2", "location_id": "B107", "measured": false, "method": "similarity_from_hand_control_points", "figure_style": "annotated", "fit_rms_m": 5.25, "loo_median_m": 9.11, "loo_max_m": 11.03, "n_control_points": "5", "outside_hull": false, "outside_boundary_by_m": 0.0, "source_document": "Mill2_RI_Report_2012.pdf", "source_page": "69"}}, {"type": "Feature", "geometry": {"type": "Point", "coordinates": [-79.0127045, 43.0879587]}, "properties": {"site": "Former-Mill-No-2__C932150", "site_id": "former_mill2", "location_id": "B109", "measured": false, "method": "similarity_from_hand_control_points", "figure_style": "annotated", "fit_rms_m": 5.25, "loo_median_m": 9.11, "loo_max_m": 11.03, "n_control_points": "5", "outside_hull": false, "outside_boundary_by_m": 0.0, "source_document": "Mill2_RI_Report_2012.pdf", "source_page": "69"}}, {"type": "Feature", "geometry": {"type": "Point", "coordinates": [-79.0115416, 43.0879647]}, "properties": {"site": "Former-Mill-No-2__C932150", "site_id": "former_mill2", "location_id": "B266", "measured": false, "method": "similarity_from_hand_control_points", "figure_style": "annotated", "fit_rms_m": 5.25, "loo_median_m": 9.11, "loo_max_m": 11.03, "n_control_points": "5", "outside_hull": true, "outside_boundary_by_m": 0.0, "source_document": "Mill2_RI_Report_2012.pdf", "source_page": "69"}}, {"type": "Feature", "geometry": {"type": "Point", "coordinates": [-79.0111317, 43.0879763]}, "properties": {"site": "Former-Mill-No-2__C932150", "site_id": "former_mill2", "location_id": "B265", "measured": false, "method": "similarity_from_hand_control_points", "figure_style": "annotated", "fit_rms_m": 5.25, "loo_median_m": 9.11, "loo_max_m": 11.03, "n_control_points": "5", "outside_hull": true, "outside_boundary_by_m": 0.0, "source_document": "Mill2_RI_Report_2012.pdf", "source_page": "69"}}, {"type": "Feature", "geometry": {"type": "Point", "coordinates": [-79.0127246, 43.087916]}, "properties": {"site": "Former-Mill-No-2__C932150", "site_id": "former_mill2", "location_id": "B263", "measured": false, "method": "similarity_from_hand_control_points", "figure_style": "annotated", "fit_rms_m": 5.25, "loo_median_m": 9.11, "loo_max_m": 11.03, "n_control_points": "5", "outside_hull": false, "outside_boundary_by_m": 0.0, "source_document": "Mill2_RI_Report_2012.pdf", "source_page": "69"}}, {"type": "Feature", "geometry": {"type": "Point", "coordinates": [-79.010831, 43.0879329]}, "properties": {"site": "Former-Mill-No-2__C932150", "site_id": "former_mill2", "location_id": "B6", "measured": false, "method": "similarity_from_hand_control_points", "figure_style": "annotated", "fit_rms_m": 5.25, "loo_median_m": 9.11, "loo_max_m": 11.03, "n_control_points": "5", "outside_hull": true, "outside_boundary_by_m": 1.7, "source_document": "Mill2_RI_Report_2012.pdf", "source_page": "69"}}, {"type": "Feature", "geometry": {"type": "Point", "coordinates": [-79.0124285, 43.0878668]}, "properties": {"site": "Former-Mill-No-2__C932150", "site_id": "former_mill2", "location_id": "SB3C", "measured": false, "method": "similarity_from_hand_control_points", "figure_style": "annotated", "fit_rms_m": 5.25, "loo_median_m": 9.11, "loo_max_m": 11.03, "n_control_points": "5", "outside_hull": false, "outside_boundary_by_m": 1.7, "source_document": "Mill2_RI_Report_2012.pdf", "source_page": "69"}}, {"type": "Feature", "geometry": {"type": "Point", "coordinates": [-79.0122595, 43.0878747]}, "properties": {"site": "Former-Mill-No-2__C932150", "site_id": "former_mill2", "location_id": "SB3B", "measured": false, "method": "similarity_from_hand_control_points", "figure_style": "annotated", "fit_rms_m": 5.25, "loo_median_m": 9.11, "loo_max_m": 11.03, "n_control_points": "5", "outside_hull": false, "outside_boundary_by_m": 1.6, "source_document": "Mill2_RI_Report_2012.pdf", "source_page": "69"}}, {"type": "Feature", "geometry": {"type": "Point", "coordinates": [-79.0121123, 43.0878805]}, "properties": {"site": "Former-Mill-No-2__C932150", "site_id": "former_mill2", "location_id": "SB3A", "measured": false, "method": "similarity_from_hand_control_points", "figure_style": "annotated", "fit_rms_m": 5.25, "loo_median_m": 9.11, "loo_max_m": 11.03, "n_control_points": "5", "outside_hull": false, "outside_boundary_by_m": 1.6, "source_document": "Mill2_RI_Report_2012.pdf", "source_page": "69"}}, {"type": "Feature", "geometry": {"type": "Point", "coordinates": [-79.0127517, 43.0878151]}, "properties": {"site": "Former-Mill-No-2__C932150", "site_id": "former_mill2", "location_id": "SB4", "measured": false, "method": "similarity_from_hand_control_points", "figure_style": "annotated", "fit_rms_m": 5.25, "loo_median_m": 9.11, "loo_max_m": 11.03, "n_control_points": "5", "outside_hull": false, "outside_boundary_by_m": 0.0, "source_document": "Mill2_RI_Report_2012.pdf", "source_page": "69"}}, {"type": "Feature", "geometry": {"type": "Point", "coordinates": [-79.0124841, 43.0878208]}, "properties": {"site": "Former-Mill-No-2__C932150", "site_id": "former_mill2", "location_id": "B110", "measured": false, "method": "similarity_from_hand_control_points", "figure_style": "annotated", "fit_rms_m": 5.25, "loo_median_m": 9.11, "loo_max_m": 11.03, "n_control_points": "5", "outside_hull": false, "outside_boundary_by_m": 0.2, "source_document": "Mill2_RI_Report_2012.pdf", "source_page": "69"}}, {"type": "Feature", "geometry": {"type": "Point", "coordinates": [-79.013672, 43.087623]}, "properties": {"site": "Former-Mill-No-2__C932150", "site_id": "former_mill2", "location_id": "B105", "measured": false, "method": "similarity_from_hand_control_points", "figure_style": "annotated", "fit_rms_m": 5.25, "loo_median_m": 9.11, "loo_max_m": 11.03, "n_control_points": "5", "outside_hull": false, "outside_boundary_by_m": 0.0, "source_document": "Mill2_RI_Report_2012.pdf", "source_page": "69"}}, {"type": "Feature", "geometry": {"type": "Point", "coordinates": [-79.0132842, 43.0876289]}, "properties": {"site": "Former-Mill-No-2__C932150", "site_id": "former_mill2", "location_id": "B112", "measured": false, "method": "similarity_from_hand_control_points", "figure_style": "annotated", "fit_rms_m": 5.25, "loo_median_m": 9.11, "loo_max_m": 11.03, "n_control_points": "5", "outside_hull": false, "outside_boundary_by_m": 0.0, "source_document": "Mill2_RI_Report_2012.pdf", "source_page": "69"}}, {"type": "Feature", "geometry": {"type": "Point", "coordinates": [-79.0124933, 43.0876283]}, "properties": {"site": "Former-Mill-No-2__C932150", "site_id": "former_mill2", "location_id": "B118", "measured": false, "method": "similarity_from_hand_control_points", "figure_style": "annotated", "fit_rms_m": 5.25, "loo_median_m": 9.11, "loo_max_m": 11.03, "n_control_points": "5", "outside_hull": false, "outside_boundary_by_m": 0.0, "source_document": "Mill2_RI_Report_2012.pdf", "source_page": "69"}}, {"type": "Feature", "geometry": {"type": "Point", "coordinates": [-79.0133357, 43.0870685]}, "properties": {"site": "Former-Mill-No-2__C932150", "site_id": "former_mill2", "location_id": "B115", "measured": false, "method": "similarity_from_hand_control_points", "figure_style": "annotated", "fit_rms_m": 5.25, "loo_median_m": 9.11, "loo_max_m": 11.03, "n_control_points": "5", "outside_hull": true, "outside_boundary_by_m": 0.0, "source_document": "Mill2_RI_Report_2012.pdf", "source_page": "69"}}, {"type": "Feature", "geometry": {"type": "Point", "coordinates": [-79.0127167, 43.0870637]}, "properties": {"site": "Former-Mill-No-2__C932150", "site_id": "former_mill2", "location_id": "B113", "measured": false, "method": "similarity_from_hand_control_points", "figure_style": "annotated", "fit_rms_m": 5.25, "loo_median_m": 9.11, "loo_max_m": 11.03, "n_control_points": "5", "outside_hull": true, "outside_boundary_by_m": 0.0, "source_document": "Mill2_RI_Report_2012.pdf", "source_page": "69"}}, {"type": "Feature", "geometry": {"type": "Point", "coordinates": [-79.0129926, 43.0870241]}, "properties": {"site": "Former-Mill-No-2__C932150", "site_id": "former_mill2", "location_id": "B114", "measured": false, "method": "similarity_from_hand_control_points", "figure_style": "annotated", "fit_rms_m": 5.25, "loo_median_m": 9.11, "loo_max_m": 11.03, "n_control_points": "5", "outside_hull": true, "outside_boundary_by_m": 1.8, "source_document": "Mill2_RI_Report_2012.pdf", "source_page": "69"}}, {"type": "Feature", "geometry": {"type": "Point", "coordinates": [-79.0109376, 43.0857682]}, "properties": {"site": "Former-Mill-No-2__C932150", "site_id": "former_mill2", "location_id": "160", "measured": false, "method": "similarity_from_hand_control_points", "figure_style": "annotated", "fit_rms_m": 5.25, "loo_median_m": 9.11, "loo_max_m": 11.03, "n_control_points": "5", "outside_hull": true, "outside_boundary_by_m": 190.3, "source_document": "Mill2_RI_Report_2012.pdf", "source_page": "69"}}, {"type": "Feature", "geometry": {"type": "Point", "coordinates": [-79.0402902, 43.2954535]}, "properties": {"site": "Lake-Ontario-Ordnance-Works-LOOW-Main-Site__FUSRAP-LOOW", "site_id": "FUSRAP-LOOW", "location_id": "150", "measured": false, "method": "similarity_from_hand_control_points", "figure_style": "untested", "fit_rms_m": 92.78, "loo_median_m": 255.26, "loo_max_m": 485.4, "n_control_points": "3", "outside_hull": true, "outside_boundary_by_m": null, "source_document": "C02NY002502_01.08_0006_a (1).pdf", "source_page": "11"}}, {"type": "Feature", "geometry": {"type": "Point", "coordinates": [-79.0239806, 43.2949263]}, "properties": {"site": "Lake-Ontario-Ordnance-Works-LOOW-Main-Site__FUSRAP-LOOW", "site_id": "FUSRAP-LOOW", "location_id": "300", "measured": false, "method": "similarity_from_hand_control_points", "figure_style": "untested", "fit_rms_m": 92.78, "loo_median_m": 255.26, "loo_max_m": 485.4, "n_control_points": "3", "outside_hull": true, "outside_boundary_by_m": null, "source_document": "C02NY002502_01.08_0006_a (1).pdf", "source_page": "11"}}, {"type": "Feature", "geometry": {"type": "Point", "coordinates": [-78.9875911, 43.2236915]}, "properties": {"site": "Lake-Ontario-Ordnance-Works-LOOW-Main-Site__FUSRAP-LOOW", "site_id": "FUSRAP-LOOW", "location_id": "ANOMOLY1", "measured": true, "method": "measured_control_point", "figure_style": "untested", "fit_rms_m": 92.78, "loo_median_m": 255.26, "loo_max_m": 485.4, "n_control_points": "3", "outside_hull": false, "outside_boundary_by_m": null, "source_document": "C02NY002502_01.08_0006_a (1).pdf", "source_page": "11"}}, {"type": "Feature", "geometry": {"type": "Point", "coordinates": [-79.0035229, 43.2236603]}, "properties": {"site": "Lake-Ontario-Ordnance-Works-LOOW-Main-Site__FUSRAP-LOOW", "site_id": "FUSRAP-LOOW", "location_id": "ANOMOLY2", "measured": true, "method": "measured_control_point", "figure_style": "untested", "fit_rms_m": 92.78, "loo_median_m": 255.26, "loo_max_m": 485.4, "n_control_points": "3", "outside_hull": false, "outside_boundary_by_m": null, "source_document": "C02NY002502_01.08_0006_a (1).pdf", "source_page": "11"}}, {"type": "Feature", "geometry": {"type": "Point", "coordinates": [-78.992959, 43.2173743]}, "properties": {"site": "Lake-Ontario-Ordnance-Works-LOOW-Main-Site__FUSRAP-LOOW", "site_id": "FUSRAP-LOOW", "location_id": "ANOMOLY3", "measured": true, "method": "measured_control_point", "figure_style": "untested", "fit_rms_m": 92.78, "loo_median_m": 255.26, "loo_max_m": 485.4, "n_control_points": "3", "outside_hull": false, "outside_boundary_by_m": null, "source_document": "C02NY002502_01.08_0006_a (1).pdf", "source_page": "11"}}, {"type": "Feature", "geometry": {"type": "Point", "coordinates": [-78.981731, 43.221049]}, "properties": {"site": "Lake-Ontario-Ordnance-Works-LOOW-Main-Site__FUSRAP-LOOW", "site_id": "FUSRAP-LOOW", "location_id": "M-4A", "measured": true, "method": "measured_control_point", "figure_style": "untested", "fit_rms_m": 7.0, "loo_median_m": 9.11, "loo_max_m": 18.49, "n_control_points": "5", "outside_hull": false, "outside_boundary_by_m": null, "source_document": "C02NY002504_01.06_0127_a.pdf", "source_page": "87"}}, {"type": "Feature", "geometry": {"type": "Point", "coordinates": [-78.9800991, 43.2215494]}, "properties": {"site": "Lake-Ontario-Ordnance-Works-LOOW-Main-Site__FUSRAP-LOOW", "site_id": "FUSRAP-LOOW", "location_id": "SP-3", "measured": true, "method": "measured_control_point", "figure_style": "untested", "fit_rms_m": 7.0, "loo_median_m": 9.11, "loo_max_m": 18.49, "n_control_points": "5", "outside_hull": false, "outside_boundary_by_m": null, "source_document": "C02NY002504_01.06_0127_a.pdf", "source_page": "87"}}, {"type": "Feature", "geometry": {"type": "Point", "coordinates": [-78.9712958, 43.2232694]}, "properties": {"site": "Lake-Ontario-Ordnance-Works-LOOW-Main-Site__FUSRAP-LOOW", "site_id": "FUSRAP-LOOW", "location_id": "B-113", "measured": true, "method": "measured_control_point", "figure_style": "untested", "fit_rms_m": 7.0, "loo_median_m": 9.11, "loo_max_m": 18.49, "n_control_points": "5", "outside_hull": false, "outside_boundary_by_m": null, "source_document": "C02NY002504_01.06_0127_a.pdf", "source_page": "87"}}, {"type": "Feature", "geometry": {"type": "Point", "coordinates": [-78.9709952, 43.2252864]}, "properties": {"site": "Lake-Ontario-Ordnance-Works-LOOW-Main-Site__FUSRAP-LOOW", "site_id": "FUSRAP-LOOW", "location_id": "B-33", "measured": true, "method": "measured_control_point", "figure_style": "untested", "fit_rms_m": 7.0, "loo_median_m": 9.11, "loo_max_m": 18.49, "n_control_points": "5", "outside_hull": false, "outside_boundary_by_m": null, "source_document": "C02NY002504_01.06_0127_a.pdf", "source_page": "87"}}, {"type": "Feature", "geometry": {"type": "Point", "coordinates": [-78.9817169, 43.2225853]}, "properties": {"site": "Lake-Ontario-Ordnance-Works-LOOW-Main-Site__FUSRAP-LOOW", "site_id": "FUSRAP-LOOW", "location_id": "G-13-2", "measured": true, "method": "measured_control_point", "figure_style": "untested", "fit_rms_m": 7.0, "loo_median_m": 9.11, "loo_max_m": 18.49, "n_control_points": "5", "outside_hull": false, "outside_boundary_by_m": null, "source_document": "C02NY002504_01.06_0127_a.pdf", "source_page": "87"}}, {"type": "Feature", "geometry": {"type": "Point", "coordinates": [-78.978734, 43.2201865]}, "properties": {"site": "Niagara-Falls-Storage-Site__932023", "site_id": "932023", "location_id": "PEW702", "measured": false, "method": "similarity_from_hand_control_points", "figure_style": "untested", "fit_rms_m": 11.61, "loo_median_m": 19.94, "loo_max_m": 22.79, "n_control_points": "6", "outside_hull": true, "outside_boundary_by_m": 101.0, "source_document": "NFSS_03.10_0048_a.pdf | nfss-riaddendum-appendices12c-13a-2011-04.pdf", "source_page": "3579 | 544"}}, {"type": "Feature", "geometry": {"type": "Point", "coordinates": [-78.9790438, 43.2202277]}, "properties": {"site": "Niagara-Falls-Storage-Site__932023", "site_id": "932023", "location_id": "EW7", "measured": false, "method": "similarity_from_hand_control_points", "figure_style": "untested", "fit_rms_m": 11.61, "loo_median_m": 19.94, "loo_max_m": 22.79, "n_control_points": "6", "outside_hull": true, "outside_boundary_by_m": 105.8, "source_document": "NFSS_03.10_0048_a.pdf | nfss-riaddendum-appendices12c-13a-2011-04.pdf", "source_page": "3579 | 544"}}, {"type": "Feature", "geometry": {"type": "Point", "coordinates": [-78.978766, 43.2202096]}, "properties": {"site": "Niagara-Falls-Storage-Site__932023", "site_id": "932023", "location_id": "PEW701", "measured": false, "method": "similarity_from_hand_control_points", "figure_style": "untested", "fit_rms_m": 11.61, "loo_median_m": 19.94, "loo_max_m": 22.79, "n_control_points": "6", "outside_hull": true, "outside_boundary_by_m": 103.6, "source_document": "NFSS_03.10_0048_a.pdf | nfss-riaddendum-appendices12c-13a-2011-04.pdf", "source_page": "3579 | 544"}}, {"type": "Feature", "geometry": {"type": "Point", "coordinates": [-78.9789735, 43.2201478]}, "properties": {"site": "Niagara-Falls-Storage-Site__932023", "site_id": "932023", "location_id": "PEW704", "measured": false, "method": "similarity_from_hand_control_points", "figure_style": "untested", "fit_rms_m": 11.61, "loo_median_m": 19.94, "loo_max_m": 22.79, "n_control_points": "6", "outside_hull": true, "outside_boundary_by_m": 96.8, "source_document": "NFSS_03.10_0048_a.pdf | nfss-riaddendum-appendices12c-13a-2011-04.pdf", "source_page": "3579 | 544"}}, {"type": "Feature", "geometry": {"type": "Point", "coordinates": [-78.978707, 43.2201489]}, "properties": {"site": "Niagara-Falls-Storage-Site__932023", "site_id": "932023", "location_id": "PEW703", "measured": false, "method": "similarity_from_hand_control_points", "figure_style": "untested", "fit_rms_m": 11.61, "loo_median_m": 19.94, "loo_max_m": 22.79, "n_control_points": "6", "outside_hull": true, "outside_boundary_by_m": 96.8, "source_document": "NFSS_03.10_0048_a.pdf | nfss-riaddendum-appendices12c-13a-2011-04.pdf", "source_page": "3579 | 544"}}, {"type": "Feature", "geometry": {"type": "Point", "coordinates": [-78.9720996, 43.2198426]}, "properties": {"site": "Niagara-Falls-Storage-Site__932023", "site_id": "932023", "location_id": "B35", "measured": false, "method": "similarity_from_hand_control_points", "figure_style": "untested", "fit_rms_m": 11.61, "loo_median_m": 19.94, "loo_max_m": 22.79, "n_control_points": "6", "outside_hull": true, "outside_boundary_by_m": 14.5, "source_document": "NFSS_03.10_0048_a.pdf", "source_page": "3579"}}, {"type": "Feature", "geometry": {"type": "Point", "coordinates": [-78.9749831, 43.2197504]}, "properties": {"site": "Niagara-Falls-Storage-Site__932023", "site_id": "932023", "location_id": "735", "measured": false, "method": "similarity_from_hand_control_points", "figure_style": "untested", "fit_rms_m": 11.61, "loo_median_m": 19.94, "loo_max_m": 22.79, "n_control_points": "6", "outside_hull": true, "outside_boundary_by_m": 0.0, "source_document": "NFSS_03.10_0048_a.pdf | nfss-riaddendum-appendices12c-13a-2011-04.pdf", "source_page": "3579 | 544"}}, {"type": "Feature", "geometry": {"type": "Point", "coordinates": [-78.981293, 43.2196602]}, "properties": {"site": "Niagara-Falls-Storage-Site__932023", "site_id": "932023", "location_id": "G13", "measured": false, "method": "similarity_from_hand_control_points", "figure_style": "untested", "fit_rms_m": 11.61, "loo_median_m": 19.94, "loo_max_m": 22.79, "n_control_points": "6", "outside_hull": true, "outside_boundary_by_m": 43.9, "source_document": "NFSS_03.10_0048_a.pdf | nfss-riaddendum-appendices12c-13a-2011-04.pdf", "source_page": "3579 | 544"}}, {"type": "Feature", "geometry": {"type": "Point", "coordinates": [-78.9737428, 43.2196688]}, "properties": {"site": "Niagara-Falls-Storage-Site__932023", "site_id": "932023", "location_id": "824", "measured": false, "method": "similarity_from_hand_control_points", "figure_style": "untested", "fit_rms_m": 11.61, "loo_median_m": 19.94, "loo_max_m": 22.79, "n_control_points": "6", "outside_hull": true, "outside_boundary_by_m": 0.0, "source_document": "NFSS_03.10_0048_a.pdf | nfss-riaddendum-appendices12c-13a-2011-04.pdf", "source_page": "3579 | 544"}}, {"type": "Feature", "geometry": {"type": "Point", "coordinates": [-78.9849445, 43.2192102]}, "properties": {"site": "Niagara-Falls-Storage-Site__932023", "site_id": "932023", "location_id": "BH56", "measured": false, "method": "similarity_from_hand_control_points", "figure_style": "untested", "fit_rms_m": 11.61, "loo_median_m": 19.94, "loo_max_m": 22.79, "n_control_points": "6", "outside_hull": true, "outside_boundary_by_m": 0.0, "source_document": "NFSS_03.10_0048_a.pdf", "source_page": "3579"}}, {"type": "Feature", "geometry": {"type": "Point", "coordinates": [-78.9878291, 43.2191341]}, "properties": {"site": "Niagara-Falls-Storage-Site__932023", "site_id": "932023", "location_id": "506", "measured": false, "method": "similarity_from_hand_control_points", "figure_style": "untested", "fit_rms_m": 11.61, "loo_median_m": 19.94, "loo_max_m": 22.79, "n_control_points": "6", "outside_hull": true, "outside_boundary_by_m": 0.0, "source_document": "NFSS_03.10_0048_a.pdf | nfss-riaddendum-appendices12c-13a-2011-04.pdf", "source_page": "3579 | 544"}}, {"type": "Feature", "geometry": {"type": "Point", "coordinates": [-78.9876865, 43.2191301]}, "properties": {"site": "Niagara-Falls-Storage-Site__932023", "site_id": "932023", "location_id": "WD1", "measured": false, "method": "similarity_from_hand_control_points", "figure_style": "untested", "fit_rms_m": 11.61, "loo_median_m": 19.94, "loo_max_m": 22.79, "n_control_points": "6", "outside_hull": true, "outside_boundary_by_m": 0.0, "source_document": "NFSS_03.10_0048_a.pdf | nfss-riaddendum-appendices12c-13a-2011-04.pdf", "source_page": "3579 | 544"}}, {"type": "Feature", "geometry": {"type": "Point", "coordinates": [-78.985285, 43.2191189]}, "properties": {"site": "Niagara-Falls-Storage-Site__932023", "site_id": "932023", "location_id": "710", "measured": false, "method": "similarity_from_hand_control_points", "figure_style": "untested", "fit_rms_m": 11.61, "loo_median_m": 19.94, "loo_max_m": 22.79, "n_control_points": "6", "outside_hull": true, "outside_boundary_by_m": 0.0, "source_document": "NFSS_03.10_0048_a.pdf", "source_page": "3579"}}, {"type": "Feature", "geometry": {"type": "Point", "coordinates": [-78.9755036, 43.2192622]}, "properties": {"site": "Niagara-Falls-Storage-Site__932023", "site_id": "932023", "location_id": "BW4D", "measured": false, "method": "similarity_from_hand_control_points", "figure_style": "untested", "fit_rms_m": 11.61, "loo_median_m": 19.94, "loo_max_m": 22.79, "n_control_points": "6", "outside_hull": true, "outside_boundary_by_m": 0.0, "source_document": "NFSS_03.10_0048_a.pdf | nfss-riaddendum-appendices12c-13a-2011-04.pdf", "source_page": "3579 | 544"}}, {"type": "Feature", "geometry": {"type": "Point", "coordinates": [-78.9852063, 43.2191296]}, "properties": {"site": "Niagara-Falls-Storage-Site__932023", "site_id": "932023", "location_id": "CD4", "measured": false, "method": "similarity_from_hand_control_points", "figure_style": "untested", "fit_rms_m": 11.61, "loo_median_m": 19.94, "loo_max_m": 22.79, "n_control_points": "6", "outside_hull": true, "outside_boundary_by_m": 0.0, "source_document": "NFSS_03.10_0048_a.pdf | nfss-riaddendum-appendices12c-13a-2011-04.pdf", "source_page": "3579 | 544"}}, {"type": "Feature", "geometry": {"type": "Point", "coordinates": [-78.9865201, 43.2191726]}, "properties": {"site": "Niagara-Falls-Storage-Site__932023", "site_id": "932023", "location_id": "809", "measured": false, "method": "similarity_from_hand_control_points", "figure_style": "untested", "fit_rms_m": 11.61, "loo_median_m": 19.94, "loo_max_m": 22.79, "n_control_points": "6", "outside_hull": true, "outside_boundary_by_m": 0.0, "source_document": "NFSS_03.10_0048_a.pdf | nfss-riaddendum-appendices12c-13a-2011-04.pdf", "source_page": "3579 | 544"}}, {"type": "Feature", "geometry": {"type": "Point", "coordinates": [-78.9837572, 43.2191312]}, "properties": {"site": "Niagara-Falls-Storage-Site__932023", "site_id": "932023", "location_id": "RC17", "measured": false, "method": "similarity_from_hand_control_points", "figure_style": "untested", "fit_rms_m": 11.61, "loo_median_m": 19.94, "loo_max_m": 22.79, "n_control_points": "6", "outside_hull": true, "outside_boundary_by_m": 0.0, "source_document": "NFSS_03.10_0048_a.pdf", "source_page": "3579"}}, {"type": "Feature", "geometry": {"type": "Point", "coordinates": [-78.9885052, 43.2192263]}, "properties": {"site": "Niagara-Falls-Storage-Site__932023", "site_id": "932023", "location_id": "MW922", "measured": false, "method": "similarity_from_hand_control_points", "figure_style": "untested", "fit_rms_m": 11.61, "loo_median_m": 19.94, "loo_max_m": 22.79, "n_control_points": "6", "outside_hull": true, "outside_boundary_by_m": 0.0, "source_document": "NFSS_03.10_0048_a.pdf", "source_page": "3579"}}, {"type": "Feature", "geometry": {"type": "Point", "coordinates": [-78.9879619, 43.2192227]}, "properties": {"site": "Niagara-Falls-Storage-Site__932023", "site_id": "932023", "location_id": "MW923", "measured": false, "method": "similarity_from_hand_control_points", "figure_style": "untested", "fit_rms_m": 11.61, "loo_median_m": 19.94, "loo_max_m": 22.79, "n_control_points": "6", "outside_hull": true, "outside_boundary_by_m": 0.0, "source_document": "NFSS_03.10_0048_a.pdf", "source_page": "3579"}}, {"type": "Feature", "geometry": {"type": "Point", "coordinates": [-78.9877148, 43.2192091]}, "properties": {"site": "Niagara-Falls-Storage-Site__932023", "site_id": "932023", "location_id": "713", "measured": false, "method": "similarity_from_hand_control_points", "figure_style": "untested", "fit_rms_m": 11.61, "loo_median_m": 19.94, "loo_max_m": 22.79, "n_control_points": "6", "outside_hull": true, "outside_boundary_by_m": 0.0, "source_document": "NFSS_03.10_0048_a.pdf | nfss-riaddendum-appendices12c-13a-2011-04.pdf", "source_page": "3579 | 544"}}, {"type": "Feature", "geometry": {"type": "Point", "coordinates": [-78.9756931, 43.2192395]}, "properties": {"site": "Niagara-Falls-Storage-Site__932023", "site_id": "932023", "location_id": "BW4S", "measured": false, "method": "similarity_from_hand_control_points", "figure_style": "untested", "fit_rms_m": 11.61, "loo_median_m": 19.94, "loo_max_m": 22.79, "n_control_points": "6", "outside_hull": true, "outside_boundary_by_m": 0.0, "source_document": "NFSS_03.10_0048_a.pdf | nfss-riaddendum-appendices12c-13a-2011-04.pdf", "source_page": "3579 | 544"}}, {"type": "Feature", "geometry": {"type": "Point", "coordinates": [-78.9885346, 43.2191976]}, "properties": {"site": "Niagara-Falls-Storage-Site__932023", "site_id": "932023", "location_id": "EU015", "measured": false, "method": "similarity_from_hand_control_points", "figure_style": "untested", "fit_rms_m": 11.61, "loo_median_m": 19.94, "loo_max_m": 22.79, "n_control_points": "6", "outside_hull": true, "outside_boundary_by_m": 0.0, "source_document": "NFSS_03.10_0048_a.pdf | nfss-riaddendum-appendices12c-13a-2011-04.pdf", "source_page": "3579 | 544"}}, {"type": "Feature", "geometry": {"type": "Point", "coordinates": [-78.9839994, 43.2191753]}, "properties": {"site": "Niagara-Falls-Storage-Site__932023", "site_id": "932023", "location_id": "823", "measured": false, "method": "similarity_from_hand_control_points", "figure_style": "untested", "fit_rms_m": 11.61, "loo_median_m": 19.94, "loo_max_m": 22.79, "n_control_points": "6", "outside_hull": true, "outside_boundary_by_m": 0.0, "source_document": "NFSS_03.10_0048_a.pdf | nfss-riaddendum-appendices12c-13a-2011-04.pdf", "source_page": "3579 | 544"}}, {"type": "Feature", "geometry": {"type": "Point", "coordinates": [-78.9881167, 43.2191045]}, "properties": {"site": "Niagara-Falls-Storage-Site__932023", "site_id": "932023", "location_id": "EU013", "measured": false, "method": "similarity_from_hand_control_points", "figure_style": "untested", "fit_rms_m": 11.61, "loo_median_m": 19.94, "loo_max_m": 22.79, "n_control_points": "6", "outside_hull": true, "outside_boundary_by_m": 0.0, "source_document": "NFSS_03.10_0048_a.pdf | nfss-riaddendum-appendices12c-13a-2011-04.pdf", "source_page": "3579 | 544"}}, {"type": "Feature", "geometry": {"type": "Point", "coordinates": [-78.9722102, 43.2190768]}, "properties": {"site": "Niagara-Falls-Storage-Site__932023", "site_id": "932023", "location_id": "732", "measured": false, "method": "similarity_from_hand_control_points", "figure_style": "untested", "fit_rms_m": 11.61, "loo_median_m": 19.94, "loo_max_m": 22.79, "n_control_points": "6", "outside_hull": true, "outside_boundary_by_m": 3.9, "source_document": "NFSS_03.10_0048_a.pdf", "source_page": "3579"}}, {"type": "Feature", "geometry": {"type": "Point", "coordinates": [-78.9719271, 43.2190902]}, "properties": {"site": "Niagara-Falls-Storage-Site__932023", "site_id": "932023", "location_id": "21S", "measured": false, "method": "similarity_from_hand_control_points", "figure_style": "untested", "fit_rms_m": 11.61, "loo_median_m": 19.94, "loo_max_m": 22.79, "n_control_points": "6", "outside_hull": true, "outside_boundary_by_m": 20.8, "source_document": "NFSS_03.10_0048_a.pdf | nfss-riaddendum-appendices12c-13a-2011-04.pdf", "source_page": "3579 | 544"}}, {"type": "Feature", "geometry": {"type": "Point", "coordinates": [-78.9777435, 43.219032]}, "properties": {"site": "Niagara-Falls-Storage-Site__932023", "site_id": "932023", "location_id": "737", "measured": false, "method": "similarity_from_hand_control_points", "figure_style": "untested", "fit_rms_m": 11.61, "loo_median_m": 19.94, "loo_max_m": 22.79, "n_control_points": "6", "outside_hull": true, "outside_boundary_by_m": 0.0, "source_document": "NFSS_03.10_0048_a.pdf | nfss-riaddendum-appendices12c-13a-2011-04.pdf", "source_page": "3579 | 544"}}, {"type": "Feature", "geometry": {"type": "Point", "coordinates": [-78.9808665, 43.2189949]}, "properties": {"site": "Niagara-Falls-Storage-Site__932023", "site_id": "932023", "location_id": "MW934", "measured": false, "method": "similarity_from_hand_control_points", "figure_style": "untested", "fit_rms_m": 11.61, "loo_median_m": 19.94, "loo_max_m": 22.79, "n_control_points": "6", "outside_hull": true, "outside_boundary_by_m": 0.0, "source_document": "NFSS_03.10_0048_a.pdf", "source_page": "3579"}}, {"type": "Feature", "geometry": {"type": "Point", "coordinates": [-78.9806109, 43.2190114]}, "properties": {"site": "Niagara-Falls-Storage-Site__932023", "site_id": "932023", "location_id": "BH16", "measured": false, "method": "similarity_from_hand_control_points", "figure_style": "untested", "fit_rms_m": 11.61, "loo_median_m": 19.94, "loo_max_m": 22.79, "n_control_points": "6", "outside_hull": true, "outside_boundary_by_m": 0.0, "source_document": "NFSS_03.10_0048_a.pdf | nfss-riaddendum-appendices12c-13a-2011-04.pdf", "source_page": "3579 | 544"}}, {"type": "Feature", "geometry": {"type": "Point", "coordinates": [-78.9886255, 43.2190418]}, "properties": {"site": "Niagara-Falls-Storage-Site__932023", "site_id": "932023", "location_id": "EU014", "measured": false, "method": "similarity_from_hand_control_points", "figure_style": "untested", "fit_rms_m": 11.61, "loo_median_m": 19.94, "loo_max_m": 22.79, "n_control_points": "6", "outside_hull": true, "outside_boundary_by_m": 0.0, "source_document": "NFSS_03.10_0048_a.pdf | nfss-riaddendum-appendices12c-13a-2011-04.pdf", "source_page": "3579 | 544"}}, {"type": "Feature", "geometry": {"type": "Point", "coordinates": [-78.9797014, 43.219015]}, "properties": {"site": "Niagara-Falls-Storage-Site__932023", "site_id": "932023", "location_id": "MW424", "measured": false, "method": "similarity_from_hand_control_points", "figure_style": "untested", "fit_rms_m": 11.61, "loo_median_m": 19.94, "loo_max_m": 22.79, "n_control_points": "6", "outside_hull": true, "outside_boundary_by_m": 0.0, "source_document": "NFSS_03.10_0048_a.pdf", "source_page": "3579"}}, {"type": "Feature", "geometry": {"type": "Point", "coordinates": [-78.9749978, 43.2190123]}, "properties": {"site": "Niagara-Falls-Storage-Site__932023", "site_id": "932023", "location_id": "736", "measured": false, "method": "similarity_from_hand_control_points", "figure_style": "untested", "fit_rms_m": 11.61, "loo_median_m": 19.94, "loo_max_m": 22.79, "n_control_points": "6", "outside_hull": false, "outside_boundary_by_m": 0.0, "source_document": "NFSS_03.10_0048_a.pdf | nfss-riaddendum-appendices12c-13a-2011-04.pdf", "source_page": "3579 | 544"}}, {"type": "Feature", "geometry": {"type": "Point", "coordinates": [-78.9731407, 43.2189698]}, "properties": {"site": "Niagara-Falls-Storage-Site__932023", "site_id": "932023", "location_id": "RC13", "measured": false, "method": "similarity_from_hand_control_points", "figure_style": "untested", "fit_rms_m": 11.61, "loo_median_m": 19.94, "loo_max_m": 22.79, "n_control_points": "6", "outside_hull": true, "outside_boundary_by_m": 0.0, "source_document": "NFSS_03.10_0048_a.pdf | nfss-riaddendum-appendices12c-13a-2011-04.pdf", "source_page": "3579 | 544"}}, {"type": "Feature", "geometry": {"type": "Point", "coordinates": [-78.9819223, 43.2181873]}, "properties": {"site": "Niagara-Falls-Storage-Site__932023", "site_id": "932023", "location_id": "EU032", "measured": false, "method": "similarity_from_hand_control_points", "figure_style": "untested", "fit_rms_m": 11.61, "loo_median_m": 19.94, "loo_max_m": 22.79, "n_control_points": "6", "outside_hull": false, "outside_boundary_by_m": 0.0, "source_document": "NFSS_03.10_0048_a.pdf | nfss-riaddendum-appendices12c-13a-2011-04.pdf", "source_page": "3579 | 544"}}, {"type": "Feature", "geometry": {"type": "Point", "coordinates": [-78.9746274, 43.2181389]}, "properties": {"site": "Niagara-Falls-Storage-Site__932023", "site_id": "932023", "location_id": "A40P", "measured": false, "method": "similarity_from_hand_control_points", "figure_style": "untested", "fit_rms_m": 11.61, "loo_median_m": 19.94, "loo_max_m": 22.79, "n_control_points": "6", "outside_hull": true, "outside_boundary_by_m": 0.0, "source_document": "NFSS_03.10_0048_a.pdf | nfss-riaddendum-appendices12c-13a-2011-04.pdf", "source_page": "3579 | 544"}}, {"type": "Feature", "geometry": {"type": "Point", "coordinates": [-78.9832607, 43.2188304]}, "properties": {"site": "Niagara-Falls-Storage-Site__932023", "site_id": "932023", "location_id": "ST9", "measured": false, "method": "similarity_from_hand_control_points", "figure_style": "untested", "fit_rms_m": 11.61, "loo_median_m": 19.94, "loo_max_m": 22.79, "n_control_points": "6", "outside_hull": true, "outside_boundary_by_m": 0.0, "source_document": "NFSS_03.10_0048_a.pdf | nfss-riaddendum-appendices12c-13a-2011-04.pdf", "source_page": "3579 | 544"}}, {"type": "Feature", "geometry": {"type": "Point", "coordinates": [-78.976142, 43.218834]}, "properties": {"site": "Niagara-Falls-Storage-Site__932023", "site_id": "932023", "location_id": "SEDC01", "measured": false, "method": "similarity_from_hand_control_points", "figure_style": "untested", "fit_rms_m": 11.61, "loo_median_m": 19.94, "loo_max_m": 22.79, "n_control_points": "6", "outside_hull": false, "outside_boundary_by_m": 0.0, "source_document": "NFSS_03.10_0048_a.pdf | nfss-riaddendum-appendices12c-13a-2011-04.pdf", "source_page": "3579 | 544"}}, {"type": "Feature", "geometry": {"type": "Point", "coordinates": [-78.9718913, 43.218834]}, "properties": {"site": "Niagara-Falls-Storage-Site__932023", "site_id": "932023", "location_id": "2D", "measured": false, "method": "similarity_from_hand_control_points", "figure_style": "untested", "fit_rms_m": 11.61, "loo_median_m": 19.94, "loo_max_m": 22.79, "n_control_points": "6", "outside_hull": true, "outside_boundary_by_m": 3.2, "source_document": "NFSS_03.10_0048_a.pdf | nfss-riaddendum-appendices12c-13a-2011-04.pdf", "source_page": "3579 | 544"}}, {"type": "Feature", "geometry": {"type": "Point", "coordinates": [-78.9812426, 43.2184202]}, "properties": {"site": "Niagara-Falls-Storage-Site__932023", "site_id": "932023", "location_id": "BH40", "measured": false, "method": "similarity_from_hand_control_points", "figure_style": "untested", "fit_rms_m": 11.61, "loo_median_m": 19.94, "loo_max_m": 22.79, "n_control_points": "6", "outside_hull": false, "outside_boundary_by_m": 0.0, "source_document": "NFSS_03.10_0048_a.pdf", "source_page": "3579"}}, {"type": "Feature", "geometry": {"type": "Point", "coordinates": [-78.9806969, 43.2189074]}, "properties": {"site": "Niagara-Falls-Storage-Site__932023", "site_id": "932023", "location_id": "TWP928", "measured": false, "method": "similarity_from_hand_control_points", "figure_style": "untested", "fit_rms_m": 11.61, "loo_median_m": 19.94, "loo_max_m": 22.79, "n_control_points": "6", "outside_hull": true, "outside_boundary_by_m": 0.0, "source_document": "NFSS_03.10_0048_a.pdf | nfss-riaddendum-appendices12c-13a-2011-04.pdf", "source_page": "3579 | 544"}}, {"type": "Feature", "geometry": {"type": "Point", "coordinates": [-78.9769753, 43.2188332]}, "properties": {"site": "Niagara-Falls-Storage-Site__932023", "site_id": "932023", "location_id": "739", "measured": false, "method": "similarity_from_hand_control_points", "figure_style": "untested", "fit_rms_m": 11.61, "loo_median_m": 19.94, "loo_max_m": 22.79, "n_control_points": "6", "outside_hull": false, "outside_boundary_by_m": 0.0, "source_document": "NFSS_03.10_0048_a.pdf | nfss-riaddendum-appendices12c-13a-2011-04.pdf", "source_page": "3579 | 544"}}, {"type": "Feature", "geometry": {"type": "Point", "coordinates": [-78.9750825, 43.218843]}, "properties": {"site": "Niagara-Falls-Storage-Site__932023", "site_id": "932023", "location_id": "SEDC02", "measured": false, "method": "similarity_from_hand_control_points", "figure_style": "untested", "fit_rms_m": 11.61, "loo_median_m": 19.94, "loo_max_m": 22.79, "n_control_points": "6", "outside_hull": false, "outside_boundary_by_m": 0.0, "source_document": "NFSS_03.10_0048_a.pdf | nfss-riaddendum-appendices12c-13a-2011-04.pdf", "source_page": "3579 | 544"}}, {"type": "Feature", "geometry": {"type": "Point", "coordinates": [-78.9796682, 43.2186352]}, "properties": {"site": "Niagara-Falls-Storage-Site__932023", "site_id": "932023", "location_id": "MW423", "measured": false, "method": "similarity_from_hand_control_points", "figure_style": "untested", "fit_rms_m": 11.61, "loo_median_m": 19.94, "loo_max_m": 22.79, "n_control_points": "6", "outside_hull": false, "outside_boundary_by_m": 0.0, "source_document": "NFSS_03.10_0048_a.pdf", "source_page": "3579"}}, {"type": "Feature", "geometry": {"type": "Point", "coordinates": [-78.9792184, 43.2186316]}, "properties": {"site": "Niagara-Falls-Storage-Site__932023", "site_id": "932023", "location_id": "DRUM06", "measured": false, "method": "similarity_from_hand_control_points", "figure_style": "untested", "fit_rms_m": 11.61, "loo_median_m": 19.94, "loo_max_m": 22.79, "n_control_points": "6", "outside_hull": false, "outside_boundary_by_m": 0.0, "source_document": "NFSS_03.10_0048_a.pdf", "source_page": "3579"}}, {"type": "Feature", "geometry": {"type": "Point", "coordinates": [-78.9807227, 43.218456]}, "properties": {"site": "Niagara-Falls-Storage-Site__932023", "site_id": "932023", "location_id": "DRUM07", "measured": false, "method": "similarity_from_hand_control_points", "figure_style": "untested", "fit_rms_m": 11.61, "loo_median_m": 19.94, "loo_max_m": 22.79, "n_control_points": "6", "outside_hull": false, "outside_boundary_by_m": 0.0, "source_document": "NFSS_03.10_0048_a.pdf", "source_page": "3579"}}, {"type": "Feature", "geometry": {"type": "Point", "coordinates": [-78.972005, 43.2184471]}, "properties": {"site": "Niagara-Falls-Storage-Site__932023", "site_id": "932023", "location_id": "607", "measured": false, "method": "similarity_from_hand_control_points", "figure_style": "untested", "fit_rms_m": 11.61, "loo_median_m": 19.94, "loo_max_m": 22.79, "n_control_points": "6", "outside_hull": true, "outside_boundary_by_m": 0.0, "source_document": "NFSS_03.10_0048_a.pdf | nfss-riaddendum-appendices12c-13a-2011-04.pdf", "source_page": "3579 | 544"}}, {"type": "Feature", "geometry": {"type": "Point", "coordinates": [-78.9809784, 43.2183897]}, "properties": {"site": "Niagara-Falls-Storage-Site__932023", "site_id": "932023", "location_id": "EU042", "measured": false, "method": "similarity_from_hand_control_points", "figure_style": "untested", "fit_rms_m": 11.61, "loo_median_m": 19.94, "loo_max_m": 22.79, "n_control_points": "6", "outside_hull": false, "outside_boundary_by_m": 0.0, "source_document": "NFSS_03.10_0048_a.pdf | nfss-riaddendum-appendices12c-13a-2011-04.pdf", "source_page": "3579 | 544"}}, {"type": "Feature", "geometry": {"type": "Point", "coordinates": [-78.9872945, 43.2189218]}, "properties": {"site": "Niagara-Falls-Storage-Site__932023", "site_id": "932023", "location_id": "TWP926", "measured": false, "method": "similarity_from_hand_control_points", "figure_style": "untested", "fit_rms_m": 11.61, "loo_median_m": 19.94, "loo_max_m": 22.79, "n_control_points": "6", "outside_hull": true, "outside_boundary_by_m": 0.0, "source_document": "NFSS_03.10_0048_a.pdf | nfss-riaddendum-appendices12c-13a-2011-04.pdf", "source_page": "3579 | 544"}}, {"type": "Feature", "geometry": {"type": "Point", "coordinates": [-78.989293, 43.2189701]}, "properties": {"site": "Niagara-Falls-Storage-Site__932023", "site_id": "932023", "location_id": "TWP924", "measured": false, "method": "similarity_from_hand_control_points", "figure_style": "untested", "fit_rms_m": 11.61, "loo_median_m": 19.94, "loo_max_m": 22.79, "n_control_points": "6", "outside_hull": true, "outside_boundary_by_m": 0.0, "source_document": "NFSS_03.10_0048_a.pdf | nfss-riaddendum-appendices12c-13a-2011-04.pdf", "source_page": "3579 | 544"}}, {"type": "Feature", "geometry": {"type": "Point", "coordinates": [-78.9817281, 43.2189429]}, "properties": {"site": "Niagara-Falls-Storage-Site__932023", "site_id": "932023", "location_id": "RC11", "measured": false, "method": "similarity_from_hand_control_points", "figure_style": "untested", "fit_rms_m": 11.61, "loo_median_m": 19.94, "loo_max_m": 22.79, "n_control_points": "6", "outside_hull": true, "outside_boundary_by_m": 0.0, "source_document": "NFSS_03.10_0048_a.pdf | nfss-riaddendum-appendices12c-13a-2011-04.pdf", "source_page": "3579 | 544"}}, {"type": "Feature", "geometry": {"type": "Point", "coordinates": [-78.9776402, 43.2189719]}, "properties": {"site": "Niagara-Falls-Storage-Site__932023", "site_id": "932023", "location_id": "EU051", "measured": false, "method": "similarity_from_hand_control_points", "figure_style": "untested", "fit_rms_m": 11.61, "loo_median_m": 19.94, "loo_max_m": 22.79, "n_control_points": "6", "outside_hull": false, "outside_boundary_by_m": 0.0, "source_document": "NFSS_03.10_0048_a.pdf | nfss-riaddendum-appendices12c-13a-2011-04.pdf", "source_page": "3579 | 544"}}, {"type": "Feature", "geometry": {"type": "Point", "coordinates": [-78.9748687, 43.2189387]}, "properties": {"site": "Niagara-Falls-Storage-Site__932023", "site_id": "932023", "location_id": "RC12", "measured": false, "method": "similarity_from_hand_control_points", "figure_style": "untested", "fit_rms_m": 11.61, "loo_median_m": 19.94, "loo_max_m": 22.79, "n_control_points": "6", "outside_hull": false, "outside_boundary_by_m": 0.0, "source_document": "NFSS_03.10_0048_a.pdf | nfss-riaddendum-appendices12c-13a-2011-04.pdf", "source_page": "3579 | 544"}}, {"type": "Feature", "geometry": {"type": "Point", "coordinates": [-78.9888135, 43.2187111]}, "properties": {"site": "Niagara-Falls-Storage-Site__932023", "site_id": "932023", "location_id": "502", "measured": false, "method": "similarity_from_hand_control_points", "figure_style": "untested", "fit_rms_m": 11.61, "loo_median_m": 19.94, "loo_max_m": 22.79, "n_control_points": "6", "outside_hull": true, "outside_boundary_by_m": 0.0, "source_document": "NFSS_03.10_0048_a.pdf", "source_page": "3579"}}, {"type": "Feature", "geometry": {"type": "Point", "coordinates": [-78.9823524, 43.2187311]}, "properties": {"site": "Niagara-Falls-Storage-Site__932023", "site_id": "932023", "location_id": "EU034", "measured": false, "method": "similarity_from_hand_control_points", "figure_style": "untested", "fit_rms_m": 11.61, "loo_median_m": 19.94, "loo_max_m": 22.79, "n_control_points": "6", "outside_hull": true, "outside_boundary_by_m": 0.0, "source_document": "NFSS_03.10_0048_a.pdf | nfss-riaddendum-appendices12c-13a-2011-04.pdf", "source_page": "3579 | 544"}}, {"type": "Feature", "geometry": {"type": "Point", "coordinates": [-78.97993, 43.2187444]}, "properties": {"site": "Niagara-Falls-Storage-Site__932023", "site_id": "932023", "location_id": "BH30", "measured": false, "method": "similarity_from_hand_control_points", "figure_style": "untested", "fit_rms_m": 11.61, "loo_median_m": 19.94, "loo_max_m": 22.79, "n_control_points": "6", "outside_hull": false, "outside_boundary_by_m": 0.0, "source_document": "NFSS_03.10_0048_a.pdf | nfss-riaddendum-appendices12c-13a-2011-04.pdf", "source_page": "3579 | 544"}}, {"type": "Feature", "geometry": {"type": "Point", "coordinates": [-78.981808, 43.2186773]}, "properties": {"site": "Niagara-Falls-Storage-Site__932023", "site_id": "932023", "location_id": "EU031", "measured": false, "method": "similarity_from_hand_control_points", "figure_style": "untested", "fit_rms_m": 11.61, "loo_median_m": 19.94, "loo_max_m": 22.79, "n_control_points": "6", "outside_hull": true, "outside_boundary_by_m": 0.0, "source_document": "NFSS_03.10_0048_a.pdf | nfss-riaddendum-appendices12c-13a-2011-04.pdf", "source_page": "3579 | 544"}}, {"type": "Feature", "geometry": {"type": "Point", "coordinates": [-78.9808395, 43.2186925]}, "properties": {"site": "Niagara-Falls-Storage-Site__932023", "site_id": "932023", "location_id": "TWP929", "measured": false, "method": "similarity_from_hand_control_points", "figure_style": "untested", "fit_rms_m": 11.61, "loo_median_m": 19.94, "loo_max_m": 22.79, "n_control_points": "6", "outside_hull": false, "outside_boundary_by_m": 0.0, "source_document": "NFSS_03.10_0048_a.pdf | nfss-riaddendum-appendices12c-13a-2011-04.pdf", "source_page": "3579 | 544"}}, {"type": "Feature", "geometry": {"type": "Point", "coordinates": [-78.9785067, 43.2186681]}, "properties": {"site": "Niagara-Falls-Storage-Site__932023", "site_id": "932023", "location_id": "419", "measured": false, "method": "similarity_from_hand_control_points", "figure_style": "untested", "fit_rms_m": 11.61, "loo_median_m": 19.94, "loo_max_m": 22.79, "n_control_points": "6", "outside_hull": false, "outside_boundary_by_m": 0.0, "source_document": "NFSS_03.10_0048_a.pdf | nfss-riaddendum-appendices12c-13a-2011-04.pdf", "source_page": "3579 | 544"}}, {"type": "Feature", "geometry": {"type": "Point", "coordinates": [-78.9747741, 43.2186853]}, "properties": {"site": "Niagara-Falls-Storage-Site__932023", "site_id": "932023", "location_id": "A39", "measured": false, "method": "similarity_from_hand_control_points", "figure_style": "untested", "fit_rms_m": 11.61, "loo_median_m": 19.94, "loo_max_m": 22.79, "n_control_points": "6", "outside_hull": false, "outside_boundary_by_m": 0.0, "source_document": "NFSS_03.10_0048_a.pdf | nfss-riaddendum-appendices12c-13a-2011-04.pdf", "source_page": "3579 | 544"}}, {"type": "Feature", "geometry": {"type": "Point", "coordinates": [-78.9851055, 43.2184775]}, "properties": {"site": "Niagara-Falls-Storage-Site__932023", "site_id": "932023", "location_id": "EU022", "measured": false, "method": "similarity_from_hand_control_points", "figure_style": "untested", "fit_rms_m": 11.61, "loo_median_m": 19.94, "loo_max_m": 22.79, "n_control_points": "6", "outside_hull": true, "outside_boundary_by_m": 0.0, "source_document": "NFSS_03.10_0048_a.pdf | nfss-riaddendum-appendices12c-13a-2011-04.pdf", "source_page": "3579 | 544"}}, {"type": "Feature", "geometry": {"type": "Point", "coordinates": [-78.9805003, 43.2184721]}, "properties": {"site": "Niagara-Falls-Storage-Site__932023", "site_id": "932023", "location_id": "TWP931", "measured": false, "method": "similarity_from_hand_control_points", "figure_style": "untested", "fit_rms_m": 11.61, "loo_median_m": 19.94, "loo_max_m": 22.79, "n_control_points": "6", "outside_hull": false, "outside_boundary_by_m": 0.0, "source_document": "NFSS_03.10_0048_a.pdf | nfss-riaddendum-appendices12c-13a-2011-04.pdf", "source_page": "3579 | 544"}}, {"type": "Feature", "geometry": {"type": "Point", "coordinates": [-78.9800529, 43.2184793]}, "properties": {"site": "Niagara-Falls-Storage-Site__932023", "site_id": "932023", "location_id": "TWP933", "measured": false, "method": "similarity_from_hand_control_points", "figure_style": "untested", "fit_rms_m": 11.61, "loo_median_m": 19.94, "loo_max_m": 22.79, "n_control_points": "6", "outside_hull": false, "outside_boundary_by_m": 0.0, "source_document": "NFSS_03.10_0048_a.pdf | nfss-riaddendum-appendices12c-13a-2011-04.pdf", "source_page": "3579 | 544"}}, {"type": "Feature", "geometry": {"type": "Point", "coordinates": [-78.9805233, 43.2185832]}, "properties": {"site": "Niagara-Falls-Storage-Site__932023", "site_id": "932023", "location_id": "MH32", "measured": false, "method": "similarity_from_hand_control_points", "figure_style": "untested", "fit_rms_m": 11.61, "loo_median_m": 19.94, "loo_max_m": 22.79, "n_control_points": "6", "outside_hull": false, "outside_boundary_by_m": 0.0, "source_document": "NFSS_03.10_0048_a.pdf", "source_page": "3579"}}, {"type": "Feature", "geometry": {"type": "Point", "coordinates": [-78.9735905, 43.2185922]}, "properties": {"site": "Niagara-Falls-Storage-Site__932023", "site_id": "932023", "location_id": "BH53", "measured": false, "method": "similarity_from_hand_control_points", "figure_style": "untested", "fit_rms_m": 11.61, "loo_median_m": 19.94, "loo_max_m": 22.79, "n_control_points": "6", "outside_hull": true, "outside_boundary_by_m": 0.0, "source_document": "NFSS_03.10_0048_a.pdf", "source_page": "3579"}}, {"type": "Feature", "geometry": {"type": "Point", "coordinates": [-78.9838878, 43.2185067]}, "properties": {"site": "Niagara-Falls-Storage-Site__932023", "site_id": "932023", "location_id": "MH16", "measured": false, "method": "similarity_from_hand_control_points", "figure_style": "untested", "fit_rms_m": 11.61, "loo_median_m": 19.94, "loo_max_m": 22.79, "n_control_points": "6", "outside_hull": true, "outside_boundary_by_m": 0.0, "source_document": "NFSS_03.10_0048_a.pdf", "source_page": "3579"}}, {"type": "Feature", "geometry": {"type": "Point", "coordinates": [-78.9817023, 43.218522]}, "properties": {"site": "Niagara-Falls-Storage-Site__932023", "site_id": "932023", "location_id": "MH19", "measured": false, "method": "similarity_from_hand_control_points", "figure_style": "untested", "fit_rms_m": 11.61, "loo_median_m": 19.94, "loo_max_m": 22.79, "n_control_points": "6", "outside_hull": false, "outside_boundary_by_m": 0.0, "source_document": "NFSS_03.10_0048_a.pdf", "source_page": "3579"}}, {"type": "Feature", "geometry": {"type": "Point", "coordinates": [-78.9805863, 43.2185251]}, "properties": {"site": "Niagara-Falls-Storage-Site__932023", "site_id": "932023", "location_id": "MH31", "measured": false, "method": "similarity_from_hand_control_points", "figure_style": "untested", "fit_rms_m": 11.61, "loo_median_m": 19.94, "loo_max_m": 22.79, "n_control_points": "6", "outside_hull": false, "outside_boundary_by_m": 0.0, "source_document": "NFSS_03.10_0048_a.pdf", "source_page": "3579"}}, {"type": "Feature", "geometry": {"type": "Point", "coordinates": [-78.9796644, 43.2185492]}, "properties": {"site": "Niagara-Falls-Storage-Site__932023", "site_id": "932023", "location_id": "416", "measured": false, "method": "similarity_from_hand_control_points", "figure_style": "untested", "fit_rms_m": 11.61, "loo_median_m": 19.94, "loo_max_m": 22.79, "n_control_points": "6", "outside_hull": false, "outside_boundary_by_m": 0.0, "source_document": "NFSS_03.10_0048_a.pdf", "source_page": "3579"}}, {"type": "Feature", "geometry": {"type": "Point", "coordinates": [-78.9782732, 43.2185202]}, "properties": {"site": "Niagara-Falls-Storage-Site__932023", "site_id": "932023", "location_id": "MH37", "measured": false, "method": "similarity_from_hand_control_points", "figure_style": "untested", "fit_rms_m": 11.61, "loo_median_m": 19.94, "loo_max_m": 22.79, "n_control_points": "6", "outside_hull": false, "outside_boundary_by_m": 0.0, "source_document": "NFSS_03.10_0048_a.pdf", "source_page": "3579"}}, {"type": "Feature", "geometry": {"type": "Point", "coordinates": [-78.988129, 43.2179749]}, "properties": {"site": "Niagara-Falls-Storage-Site__932023", "site_id": "932023", "location_id": "504", "measured": false, "method": "similarity_from_hand_control_points", "figure_style": "untested", "fit_rms_m": 11.61, "loo_median_m": 19.94, "loo_max_m": 22.79, "n_control_points": "6", "outside_hull": false, "outside_boundary_by_m": 0.0, "source_document": "NFSS_03.10_0048_a.pdf", "source_page": "3579"}}, {"type": "Feature", "geometry": {"type": "Point", "coordinates": [-78.9801672, 43.2186029]}, "properties": {"site": "Niagara-Falls-Storage-Site__932023", "site_id": "932023", "location_id": "MW930", "measured": false, "method": "similarity_from_hand_control_points", "figure_style": "untested", "fit_rms_m": 11.61, "loo_median_m": 19.94, "loo_max_m": 22.79, "n_control_points": "6", "outside_hull": false, "outside_boundary_by_m": 0.0, "source_document": "NFSS_03.10_0048_a.pdf", "source_page": "3579"}}, {"type": "Feature", "geometry": {"type": "Point", "coordinates": [-78.9739986, 43.2186101]}, "properties": {"site": "Niagara-Falls-Storage-Site__932023", "site_id": "932023", "location_id": "BH55", "measured": false, "method": "similarity_from_hand_control_points", "figure_style": "untested", "fit_rms_m": 11.61, "loo_median_m": 19.94, "loo_max_m": 22.79, "n_control_points": "6", "outside_hull": true, "outside_boundary_by_m": 0.0, "source_document": "NFSS_03.10_0048_a.pdf | nfss-riaddendum-appendices12c-13a-2011-04.pdf", "source_page": "3579 | 544"}}, {"type": "Feature", "geometry": {"type": "Point", "coordinates": [-78.9878304, 43.218662]}, "properties": {"site": "Niagara-Falls-Storage-Site__932023", "site_id": "932023", "location_id": "D300", "measured": false, "method": "similarity_from_hand_control_points", "figure_style": "untested", "fit_rms_m": 11.61, "loo_median_m": 19.94, "loo_max_m": 22.79, "n_control_points": "6", "outside_hull": true, "outside_boundary_by_m": 0.0, "source_document": "NFSS_03.10_0048_a.pdf | nfss-riaddendum-appendices12c-13a-2011-04.pdf", "source_page": "3579 | 544"}}, {"type": "Feature", "geometry": {"type": "Point", "coordinates": [-78.9859634, 43.2186799]}, "properties": {"site": "Niagara-Falls-Storage-Site__932023", "site_id": "932023", "location_id": "EU021", "measured": false, "method": "similarity_from_hand_control_points", "figure_style": "untested", "fit_rms_m": 11.61, "loo_median_m": 19.94, "loo_max_m": 22.79, "n_control_points": "6", "outside_hull": true, "outside_boundary_by_m": 0.0, "source_document": "NFSS_03.10_0048_a.pdf | nfss-riaddendum-appendices12c-13a-2011-04.pdf", "source_page": "3579 | 544"}}, {"type": "Feature", "geometry": {"type": "Point", "coordinates": [-78.9755263, 43.2186799]}, "properties": {"site": "Niagara-Falls-Storage-Site__932023", "site_id": "932023", "location_id": "A37", "measured": false, "method": "similarity_from_hand_control_points", "figure_style": "untested", "fit_rms_m": 11.61, "loo_median_m": 19.94, "loo_max_m": 22.79, "n_control_points": "6", "outside_hull": false, "outside_boundary_by_m": 0.0, "source_document": "NFSS_03.10_0048_a.pdf | nfss-riaddendum-appendices12c-13a-2011-04.pdf", "source_page": "3579 | 544"}}, {"type": "Feature", "geometry": {"type": "Point", "coordinates": [-78.9740673, 43.2186674]}, "properties": {"site": "Niagara-Falls-Storage-Site__932023", "site_id": "932023", "location_id": "BH603", "measured": false, "method": "similarity_from_hand_control_points", "figure_style": "untested", "fit_rms_m": 11.61, "loo_median_m": 19.94, "loo_max_m": 22.79, "n_control_points": "6", "outside_hull": false, "outside_boundary_by_m": 0.0, "source_document": "NFSS_03.10_0048_a.pdf | nfss-riaddendum-appendices12c-13a-2011-04.pdf", "source_page": "3579 | 544"}}, {"type": "Feature", "geometry": {"type": "Point", "coordinates": [-78.973341, 43.2186835]}, "properties": {"site": "Niagara-Falls-Storage-Site__932023", "site_id": "932023", "location_id": "A41", "measured": false, "method": "similarity_from_hand_control_points", "figure_style": "untested", "fit_rms_m": 11.61, "loo_median_m": 19.94, "loo_max_m": 22.79, "n_control_points": "6", "outside_hull": true, "outside_boundary_by_m": 0.0, "source_document": "NFSS_03.10_0048_a.pdf | nfss-riaddendum-appendices12c-13a-2011-04.pdf", "source_page": "3579 | 544"}}, {"type": "Feature", "geometry": {"type": "Point", "coordinates": [-78.9834942, 43.2188692]}, "properties": {"site": "Niagara-Falls-Storage-Site__932023", "site_id": "932023", "location_id": "MH15", "measured": false, "method": "similarity_from_hand_control_points", "figure_style": "untested", "fit_rms_m": 11.61, "loo_median_m": 19.94, "loo_max_m": 22.79, "n_control_points": "6", "outside_hull": true, "outside_boundary_by_m": 0.0, "source_document": "NFSS_03.10_0048_a.pdf", "source_page": "3579"}}, {"type": "Feature", "geometry": {"type": "Point", "coordinates": [-78.9826952, 43.2188842]}, "properties": {"site": "Niagara-Falls-Storage-Site__932023", "site_id": "932023", "location_id": "407", "measured": false, "method": "similarity_from_hand_control_points", "figure_style": "untested", "fit_rms_m": 11.61, "loo_median_m": 19.94, "loo_max_m": 22.79, "n_control_points": "6", "outside_hull": true, "outside_boundary_by_m": 0.0, "source_document": "NFSS_03.10_0048_a.pdf", "source_page": "3579"}}, {"type": "Feature", "geometry": {"type": "Point", "coordinates": [-78.9775456, 43.2188749]}, "properties": {"site": "Niagara-Falls-Storage-Site__932023", "site_id": "932023", "location_id": "MH24", "measured": false, "method": "similarity_from_hand_control_points", "figure_style": "untested", "fit_rms_m": 11.61, "loo_median_m": 19.94, "loo_max_m": 22.79, "n_control_points": "6", "outside_hull": false, "outside_boundary_by_m": 0.0, "source_document": "NFSS_03.10_0048_a.pdf", "source_page": "3579"}}, {"type": "Feature", "geometry": {"type": "Point", "coordinates": [-78.9755619, 43.2188565]}, "properties": {"site": "Niagara-Falls-Storage-Site__932023", "site_id": "932023", "location_id": "738", "measured": false, "method": "similarity_from_hand_control_points", "figure_style": "untested", "fit_rms_m": 11.61, "loo_median_m": 19.94, "loo_max_m": 22.79, "n_control_points": "6", "outside_hull": false, "outside_boundary_by_m": 0.0, "source_document": "NFSS_03.10_0048_a.pdf", "source_page": "3579"}}, {"type": "Feature", "geometry": {"type": "Point", "coordinates": [-78.9887329, 43.2179724]}, "properties": {"site": "Niagara-Falls-Storage-Site__932023", "site_id": "932023", "location_id": "EU011", "measured": true, "method": "measured_control_point", "figure_style": "untested", "fit_rms_m": 11.61, "loo_median_m": 19.94, "loo_max_m": 22.79, "n_control_points": "6", "outside_hull": false, "outside_boundary_by_m": 0.0, "source_document": "NFSS_03.10_0048_a.pdf | nfss-riaddendum-appendices12c-13a-2011-04.pdf", "source_page": "3579 | 544"}}, {"type": "Feature", "geometry": {"type": "Point", "coordinates": [-78.9878292, 43.2181031]}, "properties": {"site": "Niagara-Falls-Storage-Site__932023", "site_id": "932023", "location_id": "B300", "measured": false, "method": "similarity_from_hand_control_points", "figure_style": "untested", "fit_rms_m": 11.61, "loo_median_m": 19.94, "loo_max_m": 22.79, "n_control_points": "6", "outside_hull": true, "outside_boundary_by_m": 0.0, "source_document": "NFSS_03.10_0048_a.pdf | nfss-riaddendum-appendices12c-13a-2011-04.pdf", "source_page": "3579 | 544"}}, {"type": "Feature", "geometry": {"type": "Point", "coordinates": [-78.9797702, 43.2181139]}, "properties": {"site": "Niagara-Falls-Storage-Site__932023", "site_id": "932023", "location_id": "BH28", "measured": false, "method": "similarity_from_hand_control_points", "figure_style": "untested", "fit_rms_m": 11.61, "loo_median_m": 19.94, "loo_max_m": 22.79, "n_control_points": "6", "outside_hull": false, "outside_boundary_by_m": 0.0, "source_document": "NFSS_03.10_0048_a.pdf", "source_page": "3579"}}, {"type": "Feature", "geometry": {"type": "Point", "coordinates": [-78.9841395, 43.2177359]}, "properties": {"site": "Niagara-Falls-Storage-Site__932023", "site_id": "932023", "location_id": "OTFL12", "measured": false, "method": "similarity_from_hand_control_points", "figure_style": "untested", "fit_rms_m": 11.61, "loo_median_m": 19.94, "loo_max_m": 22.79, "n_control_points": "6", "outside_hull": false, "outside_boundary_by_m": 0.0, "source_document": "NFSS_03.10_0048_a.pdf | nfss-riaddendum-appendices12c-13a-2011-04.pdf", "source_page": "3579 | 544"}}, {"type": "Feature", "geometry": {"type": "Point", "coordinates": [-78.9718054, 43.2177323]}, "properties": {"site": "Niagara-Falls-Storage-Site__932023", "site_id": "932023", "location_id": "PZ6S", "measured": false, "method": "similarity_from_hand_control_points", "figure_style": "untested", "fit_rms_m": 11.61, "loo_median_m": 19.94, "loo_max_m": 22.79, "n_control_points": "6", "outside_hull": true, "outside_boundary_by_m": 10.2, "source_document": "NFSS_03.10_0048_a.pdf | nfss-riaddendum-appendices12c-13a-2011-04.pdf", "source_page": "3579 | 544"}}, {"type": "Feature", "geometry": {"type": "Point", "coordinates": [-78.9817416, 43.2179508]}, "properties": {"site": "Niagara-Falls-Storage-Site__932023", "site_id": "932023", "location_id": "SUMP32", "measured": false, "method": "similarity_from_hand_control_points", "figure_style": "untested", "fit_rms_m": 11.61, "loo_median_m": 19.94, "loo_max_m": 22.79, "n_control_points": "6", "outside_hull": false, "outside_boundary_by_m": 0.0, "source_document": "NFSS_03.10_0048_a.pdf | nfss-riaddendum-appendices12c-13a-2011-04.pdf", "source_page": "3579 | 544"}}, {"type": "Feature", "geometry": {"type": "Point", "coordinates": [-78.9877775, 43.2176988]}, "properties": {"site": "Niagara-Falls-Storage-Site__932023", "site_id": "932023", "location_id": "747", "measured": false, "method": "similarity_from_hand_control_points", "figure_style": "untested", "fit_rms_m": 11.61, "loo_median_m": 19.94, "loo_max_m": 22.79, "n_control_points": "6", "outside_hull": false, "outside_boundary_by_m": 0.0, "source_document": "NFSS_03.10_0048_a.pdf | nfss-riaddendum-appendices12c-13a-2011-04.pdf", "source_page": "3579 | 544"}}, {"type": "Feature", "geometry": {"type": "Point", "coordinates": [-78.9831513, 43.2177126]}, "properties": {"site": "Niagara-Falls-Storage-Site__932023", "site_id": "932023", "location_id": "DRUM01", "measured": false, "method": "similarity_from_hand_control_points", "figure_style": "untested", "fit_rms_m": 11.61, "loo_median_m": 19.94, "loo_max_m": 22.79, "n_control_points": "6", "outside_hull": false, "outside_boundary_by_m": 0.0, "source_document": "NFSS_03.10_0048_a.pdf | nfss-riaddendum-appendices12c-13a-2011-04.pdf", "source_page": "3579 | 544"}}, {"type": "Feature", "geometry": {"type": "Point", "coordinates": [-78.9799435, 43.2177197]}, "properties": {"site": "Niagara-Falls-Storage-Site__932023", "site_id": "932023", "location_id": "RB01", "measured": false, "method": "similarity_from_hand_control_points", "figure_style": "untested", "fit_rms_m": 11.61, "loo_median_m": 19.94, "loo_max_m": 22.79, "n_control_points": "6", "outside_hull": false, "outside_boundary_by_m": 0.0, "source_document": "NFSS_03.10_0048_a.pdf", "source_page": "3579"}}, {"type": "Feature", "geometry": {"type": "Point", "coordinates": [-78.9784354, 43.217701]}, "properties": {"site": "Niagara-Falls-Storage-Site__932023", "site_id": "932023", "location_id": "726", "measured": false, "method": "similarity_from_hand_control_points", "figure_style": "untested", "fit_rms_m": 11.61, "loo_median_m": 19.94, "loo_max_m": 22.79, "n_control_points": "6", "outside_hull": false, "outside_boundary_by_m": 0.0, "source_document": "NFSS_03.10_0048_a.pdf", "source_page": "3579"}}, {"type": "Feature", "geometry": {"type": "Point", "coordinates": [-78.9781552, 43.217709]}, "properties": {"site": "Niagara-Falls-Storage-Site__932023", "site_id": "932023", "location_id": "SEDC03", "measured": false, "method": "similarity_from_hand_control_points", "figure_style": "untested", "fit_rms_m": 11.61, "loo_median_m": 19.94, "loo_max_m": 22.79, "n_control_points": "6", "outside_hull": false, "outside_boundary_by_m": 0.0, "source_document": "NFSS_03.10_0048_a.pdf | nfss-riaddendum-appendices12c-13a-2011-04.pdf", "source_page": "3579 | 544"}}, {"type": "Feature", "geometry": {"type": "Point", "coordinates": [-78.9752767, 43.2177072]}, "properties": {"site": "Niagara-Falls-Storage-Site__932023", "site_id": "932023", "location_id": "SEDC04", "measured": false, "method": "similarity_from_hand_control_points", "figure_style": "untested", "fit_rms_m": 11.61, "loo_median_m": 19.94, "loo_max_m": 22.79, "n_control_points": "6", "outside_hull": true, "outside_boundary_by_m": 0.0, "source_document": "NFSS_03.10_0048_a.pdf | nfss-riaddendum-appendices12c-13a-2011-04.pdf", "source_page": "3579 | 544"}}, {"type": "Feature", "geometry": {"type": "Point", "coordinates": [-78.975047, 43.217718]}, "properties": {"site": "Niagara-Falls-Storage-Site__932023", "site_id": "932023", "location_id": "A38", "measured": false, "method": "similarity_from_hand_control_points", "figure_style": "untested", "fit_rms_m": 11.61, "loo_median_m": 19.94, "loo_max_m": 22.79, "n_control_points": "6", "outside_hull": true, "outside_boundary_by_m": 0.0, "source_document": "NFSS_03.10_0048_a.pdf | nfss-riaddendum-appendices12c-13a-2011-04.pdf", "source_page": "3579 | 544"}}, {"type": "Feature", "geometry": {"type": "Point", "coordinates": [-78.9720418, 43.2177108]}, "properties": {"site": "Niagara-Falls-Storage-Site__932023", "site_id": "932023", "location_id": "RC10", "measured": false, "method": "similarity_from_hand_control_points", "figure_style": "untested", "fit_rms_m": 11.61, "loo_median_m": 19.94, "loo_max_m": 22.79, "n_control_points": "6", "outside_hull": true, "outside_boundary_by_m": 0.0, "source_document": "NFSS_03.10_0048_a.pdf | nfss-riaddendum-appendices12c-13a-2011-04.pdf", "source_page": "3579 | 544"}}, {"type": "Feature", "geometry": {"type": "Point", "coordinates": [-78.988215, 43.2184076]}, "properties": {"site": "Niagara-Falls-Storage-Site__932023", "site_id": "932023", "location_id": "EU012", "measured": false, "method": "similarity_from_hand_control_points", "figure_style": "untested", "fit_rms_m": 11.61, "loo_median_m": 19.94, "loo_max_m": 22.79, "n_control_points": "6", "outside_hull": true, "outside_boundary_by_m": 0.0, "source_document": "NFSS_03.10_0048_a.pdf | nfss-riaddendum-appendices12c-13a-2011-04.pdf", "source_page": "3579 | 544"}}, {"type": "Feature", "geometry": {"type": "Point", "coordinates": [-78.9777472, 43.2176491]}, "properties": {"site": "Niagara-Falls-Storage-Site__932023", "site_id": "932023", "location_id": "727", "measured": false, "method": "similarity_from_hand_control_points", "figure_style": "untested", "fit_rms_m": 11.61, "loo_median_m": 19.94, "loo_max_m": 22.79, "n_control_points": "6", "outside_hull": false, "outside_boundary_by_m": 0.0, "source_document": "NFSS_03.10_0048_a.pdf | nfss-riaddendum-appendices12c-13a-2011-04.pdf", "source_page": "3579 | 544"}}, {"type": "Feature", "geometry": {"type": "Point", "coordinates": [-78.9767664, 43.2176527]}, "properties": {"site": "Niagara-Falls-Storage-Site__932023", "site_id": "932023", "location_id": "728", "measured": false, "method": "similarity_from_hand_control_points", "figure_style": "untested", "fit_rms_m": 11.61, "loo_median_m": 19.94, "loo_max_m": 22.79, "n_control_points": "6", "outside_hull": false, "outside_boundary_by_m": 0.0, "source_document": "NFSS_03.10_0048_a.pdf | nfss-riaddendum-appendices12c-13a-2011-04.pdf", "source_page": "3579 | 544"}}, {"type": "Feature", "geometry": {"type": "Point", "coordinates": [-78.9852481, 43.2177601]}, "properties": {"site": "Niagara-Falls-Storage-Site__932023", "site_id": "932023", "location_id": "709", "measured": false, "method": "similarity_from_hand_control_points", "figure_style": "untested", "fit_rms_m": 11.61, "loo_median_m": 19.94, "loo_max_m": 22.79, "n_control_points": "6", "outside_hull": false, "outside_boundary_by_m": 0.0, "source_document": "NFSS_03.10_0048_a.pdf | nfss-riaddendum-appendices12c-13a-2011-04.pdf", "source_page": "3579 | 544"}}, {"type": "Feature", "geometry": {"type": "Point", "coordinates": [-78.972133, 43.2177447]}, "properties": {"site": "Niagara-Falls-Storage-Site__932023", "site_id": "932023", "location_id": "731", "measured": false, "method": "similarity_from_hand_control_points", "figure_style": "untested", "fit_rms_m": 11.61, "loo_median_m": 19.94, "loo_max_m": 22.79, "n_control_points": "6", "outside_hull": true, "outside_boundary_by_m": 0.0, "source_document": "NFSS_03.10_0048_a.pdf", "source_page": "3579"}}, {"type": "Feature", "geometry": {"type": "Point", "coordinates": [-78.9824999, 43.2183423]}, "properties": {"site": "Niagara-Falls-Storage-Site__932023", "site_id": "932023", "location_id": "EU033", "measured": false, "method": "similarity_from_hand_control_points", "figure_style": "untested", "fit_rms_m": 11.61, "loo_median_m": 19.94, "loo_max_m": 22.79, "n_control_points": "6", "outside_hull": false, "outside_boundary_by_m": 0.0, "source_document": "NFSS_03.10_0048_a.pdf | nfss-riaddendum-appendices12c-13a-2011-04.pdf", "source_page": "3579 | 544"}}, {"type": "Feature", "geometry": {"type": "Point", "coordinates": [-78.9798181, 43.2183629]}, "properties": {"site": "Niagara-Falls-Storage-Site__932023", "site_id": "932023", "location_id": "MW422", "measured": false, "method": "similarity_from_hand_control_points", "figure_style": "untested", "fit_rms_m": 11.61, "loo_median_m": 19.94, "loo_max_m": 22.79, "n_control_points": "6", "outside_hull": false, "outside_boundary_by_m": 0.0, "source_document": "NFSS_03.10_0048_a.pdf", "source_page": "3579"}}, {"type": "Feature", "geometry": {"type": "Point", "coordinates": [-78.9794628, 43.2183682]}, "properties": {"site": "Niagara-Falls-Storage-Site__932023", "site_id": "932023", "location_id": "740", "measured": false, "method": "similarity_from_hand_control_points", "figure_style": "untested", "fit_rms_m": 11.61, "loo_median_m": 19.94, "loo_max_m": 22.79, "n_control_points": "6", "outside_hull": false, "outside_boundary_by_m": 0.0, "source_document": "NFSS_03.10_0048_a.pdf", "source_page": "3579"}}, {"type": "Feature", "geometry": {"type": "Point", "coordinates": [-78.9870118, 43.2176683]}, "properties": {"site": "Niagara-Falls-Storage-Site__932023", "site_id": "932023", "location_id": "RC06", "measured": false, "method": "similarity_from_hand_control_points", "figure_style": "untested", "fit_rms_m": 11.61, "loo_median_m": 19.94, "loo_max_m": 22.79, "n_control_points": "6", "outside_hull": false, "outside_boundary_by_m": 0.0, "source_document": "NFSS_03.10_0048_a.pdf | nfss-riaddendum-appendices12c-13a-2011-04.pdf", "source_page": "3579 | 544"}}, {"type": "Feature", "geometry": {"type": "Point", "coordinates": [-78.9843742, 43.2176818]}, "properties": {"site": "Niagara-Falls-Storage-Site__932023", "site_id": "932023", "location_id": "MH13", "measured": false, "method": "similarity_from_hand_control_points", "figure_style": "untested", "fit_rms_m": 11.61, "loo_median_m": 19.94, "loo_max_m": 22.79, "n_control_points": "6", "outside_hull": false, "outside_boundary_by_m": 0.0, "source_document": "NFSS_03.10_0048_a.pdf | nfss-riaddendum-appendices12c-13a-2011-04.pdf", "source_page": "3579 | 544"}}, {"type": "Feature", "geometry": {"type": "Point", "coordinates": [-78.9834598, 43.2176818]}, "properties": {"site": "Niagara-Falls-Storage-Site__932023", "site_id": "932023", "location_id": "MH29", "measured": false, "method": "similarity_from_hand_control_points", "figure_style": "untested", "fit_rms_m": 11.61, "loo_median_m": 19.94, "loo_max_m": 22.79, "n_control_points": "6", "outside_hull": false, "outside_boundary_by_m": 0.0, "source_document": "NFSS_03.10_0048_a.pdf | nfss-riaddendum-appendices12c-13a-2011-04.pdf", "source_page": "3579 | 544"}}, {"type": "Feature", "geometry": {"type": "Point", "coordinates": [-78.9760081, 43.2176614]}, "properties": {"site": "Niagara-Falls-Storage-Site__932023", "site_id": "932023", "location_id": "729", "measured": false, "method": "similarity_from_hand_control_points", "figure_style": "untested", "fit_rms_m": 11.61, "loo_median_m": 19.94, "loo_max_m": 22.79, "n_control_points": "6", "outside_hull": false, "outside_boundary_by_m": 0.0, "source_document": "NFSS_03.10_0048_a.pdf | nfss-riaddendum-appendices12c-13a-2011-04.pdf", "source_page": "3579 | 544"}}, {"type": "Feature", "geometry": {"type": "Point", "coordinates": [-78.9744337, 43.2176688]}, "properties": {"site": "Niagara-Falls-Storage-Site__932023", "site_id": "932023", "location_id": "730", "measured": false, "method": "similarity_from_hand_control_points", "figure_style": "untested", "fit_rms_m": 11.61, "loo_median_m": 19.94, "loo_max_m": 22.79, "n_control_points": "6", "outside_hull": true, "outside_boundary_by_m": 0.0, "source_document": "NFSS_03.10_0048_a.pdf | nfss-riaddendum-appendices12c-13a-2011-04.pdf", "source_page": "3579 | 544"}}, {"type": "Feature", "geometry": {"type": "Point", "coordinates": [-78.9845328, 43.2183378]}, "properties": {"site": "Niagara-Falls-Storage-Site__932023", "site_id": "932023", "location_id": "EU023", "measured": false, "method": "similarity_from_hand_control_points", "figure_style": "untested", "fit_rms_m": 11.61, "loo_median_m": 19.94, "loo_max_m": 22.79, "n_control_points": "6", "outside_hull": false, "outside_boundary_by_m": 0.0, "source_document": "NFSS_03.10_0048_a.pdf | nfss-riaddendum-appendices12c-13a-2011-04.pdf", "source_page": "3579 | 544"}}, {"type": "Feature", "geometry": {"type": "Point", "coordinates": [-78.9848929, 43.2177591]}, "properties": {"site": "Niagara-Falls-Storage-Site__932023", "site_id": "932023", "location_id": "OTFL11", "measured": false, "method": "similarity_from_hand_control_points", "figure_style": "untested", "fit_rms_m": 11.61, "loo_median_m": 19.94, "loo_max_m": 22.79, "n_control_points": "6", "outside_hull": false, "outside_boundary_by_m": 0.0, "source_document": "NFSS_03.10_0048_a.pdf | nfss-riaddendum-appendices12c-13a-2011-04.pdf", "source_page": "3579 | 544"}}, {"type": "Feature", "geometry": {"type": "Point", "coordinates": [-78.9800208, 43.2177391]}, "properties": {"site": "Niagara-Falls-Storage-Site__932023", "site_id": "932023", "location_id": "417", "measured": false, "method": "similarity_from_hand_control_points", "figure_style": "untested", "fit_rms_m": 11.61, "loo_median_m": 19.94, "loo_max_m": 22.79, "n_control_points": "6", "outside_hull": false, "outside_boundary_by_m": 0.0, "source_document": "NFSS_03.10_0048_a.pdf", "source_page": "3579"}}, {"type": "Feature", "geometry": {"type": "Point", "coordinates": [-78.972005, 43.217761]}, "properties": {"site": "Niagara-Falls-Storage-Site__932023", "site_id": "932023", "location_id": "829", "measured": false, "method": "similarity_from_hand_control_points", "figure_style": "untested", "fit_rms_m": 11.61, "loo_median_m": 19.94, "loo_max_m": 22.79, "n_control_points": "6", "outside_hull": true, "outside_boundary_by_m": 0.0, "source_document": "NFSS_03.10_0048_a.pdf | nfss-riaddendum-appendices12c-13a-2011-04.pdf", "source_page": "3579 | 544"}}, {"type": "Feature", "geometry": {"type": "Point", "coordinates": [-78.9720947, 43.2179132]}, "properties": {"site": "Niagara-Falls-Storage-Site__932023", "site_id": "932023", "location_id": "EU061", "measured": false, "method": "similarity_from_hand_control_points", "figure_style": "untested", "fit_rms_m": 11.61, "loo_median_m": 19.94, "loo_max_m": 22.79, "n_control_points": "6", "outside_hull": true, "outside_boundary_by_m": 0.0, "source_document": "NFSS_03.10_0048_a.pdf | nfss-riaddendum-appendices12c-13a-2011-04.pdf", "source_page": "3579 | 544"}}, {"type": "Feature", "geometry": {"type": "Point", "coordinates": [-78.9810902, 43.217872]}, "properties": {"site": "Niagara-Falls-Storage-Site__932023", "site_id": "932023", "location_id": "SUMP14", "measured": false, "method": "similarity_from_hand_control_points", "figure_style": "untested", "fit_rms_m": 11.61, "loo_median_m": 19.94, "loo_max_m": 22.79, "n_control_points": "6", "outside_hull": false, "outside_boundary_by_m": 0.0, "source_document": "NFSS_03.10_0048_a.pdf", "source_page": "3579"}}, {"type": "Feature", "geometry": {"type": "Point", "coordinates": [-78.9755705, 43.2178559]}, "properties": {"site": "Niagara-Falls-Storage-Site__932023", "site_id": "932023", "location_id": "A35", "measured": false, "method": "similarity_from_hand_control_points", "figure_style": "untested", "fit_rms_m": 11.61, "loo_median_m": 19.94, "loo_max_m": 22.79, "n_control_points": "6", "outside_hull": false, "outside_boundary_by_m": 0.0, "source_document": "NFSS_03.10_0048_a.pdf", "source_page": "3579"}}, {"type": "Feature", "geometry": {"type": "Point", "coordinates": [-78.9798648, 43.2182966]}, "properties": {"site": "Niagara-Falls-Storage-Site__932023", "site_id": "932023", "location_id": "DRUM04", "measured": false, "method": "similarity_from_hand_control_points", "figure_style": "untested", "fit_rms_m": 11.61, "loo_median_m": 19.94, "loo_max_m": 22.79, "n_control_points": "6", "outside_hull": false, "outside_boundary_by_m": 0.0, "source_document": "NFSS_03.10_0048_a.pdf", "source_page": "3579"}}, {"type": "Feature", "geometry": {"type": "Point", "coordinates": [-78.9793679, 43.2182822]}, "properties": {"site": "Niagara-Falls-Storage-Site__932023", "site_id": "932023", "location_id": "PIPE42S", "measured": false, "method": "similarity_from_hand_control_points", "figure_style": "untested", "fit_rms_m": 11.61, "loo_median_m": 19.94, "loo_max_m": 22.79, "n_control_points": "6", "outside_hull": false, "outside_boundary_by_m": 0.0, "source_document": "NFSS_03.10_0048_a.pdf", "source_page": "3579"}}, {"type": "Feature", "geometry": {"type": "Point", "coordinates": [-78.9833013, 43.2182794]}, "properties": {"site": "Niagara-Falls-Storage-Site__932023", "site_id": "932023", "location_id": "405", "measured": false, "method": "similarity_from_hand_control_points", "figure_style": "untested", "fit_rms_m": 11.61, "loo_median_m": 19.94, "loo_max_m": 22.79, "n_control_points": "6", "outside_hull": false, "outside_boundary_by_m": 0.0, "source_document": "NFSS_03.10_0048_a.pdf", "source_page": "3579"}}, {"type": "Feature", "geometry": {"type": "Point", "coordinates": [-78.9801365, 43.2183091]}, "properties": {"site": "Niagara-Falls-Storage-Site__932023", "site_id": "932023", "location_id": "SUMP13", "measured": false, "method": "similarity_from_hand_control_points", "figure_style": "untested", "fit_rms_m": 11.61, "loo_median_m": 19.94, "loo_max_m": 22.79, "n_control_points": "6", "outside_hull": false, "outside_boundary_by_m": 0.0, "source_document": "NFSS_03.10_0048_a.pdf", "source_page": "3579"}}, {"type": "Feature", "geometry": {"type": "Point", "coordinates": [-78.9827348, 43.2181658]}, "properties": {"site": "Niagara-Falls-Storage-Site__932023", "site_id": "932023", "location_id": "F200", "measured": false, "method": "similarity_from_hand_control_points", "figure_style": "untested", "fit_rms_m": 11.61, "loo_median_m": 19.94, "loo_max_m": 22.79, "n_control_points": "6", "outside_hull": false, "outside_boundary_by_m": 0.0, "source_document": "NFSS_03.10_0048_a.pdf | nfss-riaddendum-appendices12c-13a-2011-04.pdf", "source_page": "3579 | 544"}}, {"type": "Feature", "geometry": {"type": "Point", "coordinates": [-78.9719779, 43.2181622]}, "properties": {"site": "Niagara-Falls-Storage-Site__932023", "site_id": "932023", "location_id": "828", "measured": false, "method": "similarity_from_hand_control_points", "figure_style": "untested", "fit_rms_m": 11.61, "loo_median_m": 19.94, "loo_max_m": 22.79, "n_control_points": "6", "outside_hull": true, "outside_boundary_by_m": 0.0, "source_document": "NFSS_03.10_0048_a.pdf", "source_page": "3579"}}, {"type": "Feature", "geometry": {"type": "Point", "coordinates": [-78.9790229, 43.2187326]}, "properties": {"site": "Niagara-Falls-Storage-Site__932023", "site_id": "932023", "location_id": "EU041", "measured": false, "method": "similarity_from_hand_control_points", "figure_style": "untested", "fit_rms_m": 11.61, "loo_median_m": 19.94, "loo_max_m": 22.79, "n_control_points": "6", "outside_hull": false, "outside_boundary_by_m": 0.0, "source_document": "NFSS_03.10_0048_a.pdf", "source_page": "3579"}}, {"type": "Feature", "geometry": {"type": "Point", "coordinates": [-78.9720616, 43.2187414]}, "properties": {"site": "Niagara-Falls-Storage-Site__932023", "site_id": "932023", "location_id": "RC14", "measured": false, "method": "similarity_from_hand_control_points", "figure_style": "untested", "fit_rms_m": 11.61, "loo_median_m": 19.94, "loo_max_m": 22.79, "n_control_points": "6", "outside_hull": true, "outside_boundary_by_m": 0.0, "source_document": "NFSS_03.10_0048_a.pdf", "source_page": "3579"}}, {"type": "Feature", "geometry": {"type": "Point", "coordinates": [-78.9815278, 43.2182355]}, "properties": {"site": "Niagara-Falls-Storage-Site__932023", "site_id": "932023", "location_id": "402", "measured": false, "method": "similarity_from_hand_control_points", "figure_style": "untested", "fit_rms_m": 11.61, "loo_median_m": 19.94, "loo_max_m": 22.79, "n_control_points": "6", "outside_hull": false, "outside_boundary_by_m": 0.0, "source_document": "NFSS_03.10_0048_a.pdf", "source_page": "3579"}}, {"type": "Feature", "geometry": {"type": "Point", "coordinates": [-78.980923, 43.2185614]}, "properties": {"site": "Niagara-Falls-Storage-Site__932023", "site_id": "932023", "location_id": "MH30", "measured": false, "method": "similarity_from_hand_control_points", "figure_style": "untested", "fit_rms_m": 11.61, "loo_median_m": 19.94, "loo_max_m": 22.79, "n_control_points": "6", "outside_hull": false, "outside_boundary_by_m": 0.0, "source_document": "NFSS_03.10_0048_a.pdf", "source_page": "3579"}}, {"type": "Feature", "geometry": {"type": "Point", "coordinates": [-78.9801119, 43.2185614]}, "properties": {"site": "Niagara-Falls-Storage-Site__932023", "site_id": "932023", "location_id": "MH33", "measured": false, "method": "similarity_from_hand_control_points", "figure_style": "untested", "fit_rms_m": 11.61, "loo_median_m": 19.94, "loo_max_m": 22.79, "n_control_points": "6", "outside_hull": false, "outside_boundary_by_m": 0.0, "source_document": "NFSS_03.10_0048_a.pdf", "source_page": "3579"}}, {"type": "Feature", "geometry": {"type": "Point", "coordinates": [-78.9799103, 43.2185617]}, "properties": {"site": "Niagara-Falls-Storage-Site__932023", "site_id": "932023", "location_id": "TWP932", "measured": false, "method": "similarity_from_hand_control_points", "figure_style": "untested", "fit_rms_m": 11.61, "loo_median_m": 19.94, "loo_max_m": 22.79, "n_control_points": "6", "outside_hull": false, "outside_boundary_by_m": 0.0, "source_document": "NFSS_03.10_0048_a.pdf | nfss-riaddendum-appendices12c-13a-2011-04.pdf", "source_page": "3579 | 544"}}, {"type": "Feature", "geometry": {"type": "Point", "coordinates": [-78.9781258, 43.2185275]}, "properties": {"site": "Niagara-Falls-Storage-Site__932023", "site_id": "932023", "location_id": "418", "measured": false, "method": "similarity_from_hand_control_points", "figure_style": "untested", "fit_rms_m": 11.61, "loo_median_m": 19.94, "loo_max_m": 22.79, "n_control_points": "6", "outside_hull": false, "outside_boundary_by_m": 0.0, "source_document": "NFSS_03.10_0048_a.pdf | nfss-riaddendum-appendices12c-13a-2011-04.pdf", "source_page": "3579 | 544"}}, {"type": "Feature", "geometry": {"type": "Point", "coordinates": [-78.9805089, 43.2181854]}, "properties": {"site": "Niagara-Falls-Storage-Site__932023", "site_id": "932023", "location_id": "BH24", "measured": false, "method": "similarity_from_hand_control_points", "figure_style": "untested", "fit_rms_m": 11.61, "loo_median_m": 19.94, "loo_max_m": 22.79, "n_control_points": "6", "outside_hull": false, "outside_boundary_by_m": 0.0, "source_document": "NFSS_03.10_0048_a.pdf | nfss-riaddendum-appendices12c-13a-2011-04.pdf", "source_page": "3579 | 544"}}, {"type": "Feature", "geometry": {"type": "Point", "coordinates": [-78.9876939, 43.2179128]}, "properties": {"site": "Niagara-Falls-Storage-Site__932023", "site_id": "932023", "location_id": "746", "measured": false, "method": "similarity_from_hand_control_points", "figure_style": "untested", "fit_rms_m": 11.61, "loo_median_m": 19.94, "loo_max_m": 22.79, "n_control_points": "6", "outside_hull": false, "outside_boundary_by_m": 0.0, "source_document": "NFSS_03.10_0048_a.pdf | nfss-riaddendum-appendices12c-13a-2011-04.pdf", "source_page": "3579 | 544"}}, {"type": "Feature", "geometry": {"type": "Point", "coordinates": [-78.9767184, 43.2178881]}, "properties": {"site": "Niagara-Falls-Storage-Site__932023", "site_id": "932023", "location_id": "EU052", "measured": false, "method": "similarity_from_hand_control_points", "figure_style": "untested", "fit_rms_m": 11.61, "loo_median_m": 19.94, "loo_max_m": 22.79, "n_control_points": "6", "outside_hull": false, "outside_boundary_by_m": 0.0, "source_document": "NFSS_03.10_0048_a.pdf | nfss-riaddendum-appendices12c-13a-2011-04.pdf", "source_page": "3579 | 544"}}, {"type": "Feature", "geometry": {"type": "Point", "coordinates": [-78.9799275, 43.2182554]}, "properties": {"site": "Niagara-Falls-Storage-Site__932023", "site_id": "932023", "location_id": "SUMP2", "measured": false, "method": "similarity_from_hand_control_points", "figure_style": "untested", "fit_rms_m": 11.61, "loo_median_m": 19.94, "loo_max_m": 22.79, "n_control_points": "6", "outside_hull": false, "outside_boundary_by_m": 0.0, "source_document": "NFSS_03.10_0048_a.pdf", "source_page": "3579"}}, {"type": "Feature", "geometry": {"type": "Point", "coordinates": [-78.9743303, 43.2182482]}, "properties": {"site": "Niagara-Falls-Storage-Site__932023", "site_id": "932023", "location_id": "BH602", "measured": false, "method": "similarity_from_hand_control_points", "figure_style": "untested", "fit_rms_m": 11.61, "loo_median_m": 19.94, "loo_max_m": 22.79, "n_control_points": "6", "outside_hull": true, "outside_boundary_by_m": 0.0, "source_document": "NFSS_03.10_0048_a.pdf | nfss-riaddendum-appendices12c-13a-2011-04.pdf", "source_page": "3579 | 544"}}, {"type": "Feature", "geometry": {"type": "Point", "coordinates": [-78.9734503, 43.2182518]}, "properties": {"site": "Niagara-Falls-Storage-Site__932023", "site_id": "932023", "location_id": "604", "measured": false, "method": "similarity_from_hand_control_points", "figure_style": "untested", "fit_rms_m": 11.61, "loo_median_m": 19.94, "loo_max_m": 22.79, "n_control_points": "6", "outside_hull": true, "outside_boundary_by_m": 0.0, "source_document": "NFSS_03.10_0048_a.pdf | nfss-riaddendum-appendices12c-13a-2011-04.pdf", "source_page": "3579 | 544"}}, {"type": "Feature", "geometry": {"type": "Point", "coordinates": [-78.9854619, 43.2180091]}, "properties": {"site": "Niagara-Falls-Storage-Site__932023", "site_id": "932023", "location_id": "822", "measured": false, "method": "similarity_from_hand_control_points", "figure_style": "untested", "fit_rms_m": 11.61, "loo_median_m": 19.94, "loo_max_m": 22.79, "n_control_points": "6", "outside_hull": false, "outside_boundary_by_m": 0.0, "source_document": "NFSS_03.10_0048_a.pdf | nfss-riaddendum-appendices12c-13a-2011-04.pdf", "source_page": "3579 | 544"}}, {"type": "Feature", "geometry": {"type": "Point", "coordinates": [-78.988172, 43.2175639]}, "properties": {"site": "Niagara-Falls-Storage-Site__932023", "site_id": "932023", "location_id": "714", "measured": false, "method": "similarity_from_hand_control_points", "figure_style": "untested", "fit_rms_m": 11.61, "loo_median_m": 19.94, "loo_max_m": 22.79, "n_control_points": "6", "outside_hull": false, "outside_boundary_by_m": 0.0, "source_document": "NFSS_03.10_0048_a.pdf | nfss-riaddendum-appendices12c-13a-2011-04.pdf", "source_page": "3579 | 544"}}, {"type": "Feature", "geometry": {"type": "Point", "coordinates": [-78.9867401, 43.2175288]}, "properties": {"site": "Niagara-Falls-Storage-Site__932023", "site_id": "932023", "location_id": "711", "measured": false, "method": "similarity_from_hand_control_points", "figure_style": "untested", "fit_rms_m": 11.61, "loo_median_m": 19.94, "loo_max_m": 22.79, "n_control_points": "6", "outside_hull": false, "outside_boundary_by_m": 0.0, "source_document": "NFSS_03.10_0048_a.pdf | nfss-riaddendum-appendices12c-13a-2011-04.pdf", "source_page": "3579 | 544"}}, {"type": "Feature", "geometry": {"type": "Point", "coordinates": [-78.9855381, 43.2175389]}, "properties": {"site": "Niagara-Falls-Storage-Site__932023", "site_id": "932023", "location_id": "749", "measured": false, "method": "similarity_from_hand_control_points", "figure_style": "untested", "fit_rms_m": 11.61, "loo_median_m": 19.94, "loo_max_m": 22.79, "n_control_points": "6", "outside_hull": false, "outside_boundary_by_m": 0.0, "source_document": "NFSS_03.10_0048_a.pdf | nfss-riaddendum-appendices12c-13a-2011-04.pdf", "source_page": "3579 | 544"}}, {"type": "Feature", "geometry": {"type": "Point", "coordinates": [-78.9853329, 43.2175567]}, "properties": {"site": "Niagara-Falls-Storage-Site__932023", "site_id": "932023", "location_id": "751", "measured": false, "method": "similarity_from_hand_control_points", "figure_style": "untested", "fit_rms_m": 11.61, "loo_median_m": 19.94, "loo_max_m": 22.79, "n_control_points": "6", "outside_hull": false, "outside_boundary_by_m": 0.0, "source_document": "NFSS_03.10_0048_a.pdf", "source_page": "3579"}}, {"type": "Feature", "geometry": {"type": "Point", "coordinates": [-78.9801205, 43.2175402]}, "properties": {"site": "Niagara-Falls-Storage-Site__932023", "site_id": "932023", "location_id": "RC08", "measured": false, "method": "similarity_from_hand_control_points", "figure_style": "untested", "fit_rms_m": 11.61, "loo_median_m": 19.94, "loo_max_m": 22.79, "n_control_points": "6", "outside_hull": false, "outside_boundary_by_m": 0.0, "source_document": "NFSS_03.10_0048_a.pdf", "source_page": "3579"}}, {"type": "Feature", "geometry": {"type": "Point", "coordinates": [-78.9781921, 43.2175424]}, "properties": {"site": "Niagara-Falls-Storage-Site__932023", "site_id": "932023", "location_id": "BH29", "measured": false, "method": "similarity_from_hand_control_points", "figure_style": "untested", "fit_rms_m": 11.61, "loo_median_m": 19.94, "loo_max_m": 22.79, "n_control_points": "6", "outside_hull": false, "outside_boundary_by_m": 0.0, "source_document": "NFSS_03.10_0048_a.pdf", "source_page": "3579"}}, {"type": "Feature", "geometry": {"type": "Point", "coordinates": [-78.9738302, 43.2175416]}, "properties": {"site": "Niagara-Falls-Storage-Site__932023", "site_id": "932023", "location_id": "605", "measured": false, "method": "similarity_from_hand_control_points", "figure_style": "untested", "fit_rms_m": 11.61, "loo_median_m": 19.94, "loo_max_m": 22.79, "n_control_points": "6", "outside_hull": true, "outside_boundary_by_m": 0.0, "source_document": "NFSS_03.10_0048_a.pdf | nfss-riaddendum-appendices12c-13a-2011-04.pdf", "source_page": "3579 | 544"}}, {"type": "Feature", "geometry": {"type": "Point", "coordinates": [-78.985494, 43.2175431]}, "properties": {"site": "Niagara-Falls-Storage-Site__932023", "site_id": "932023", "location_id": "750", "measured": false, "method": "similarity_from_hand_control_points", "figure_style": "untested", "fit_rms_m": 11.61, "loo_median_m": 19.94, "loo_max_m": 22.79, "n_control_points": "6", "outside_hull": false, "outside_boundary_by_m": 0.0, "source_document": "NFSS_03.10_0048_a.pdf", "source_page": "3579"}}, {"type": "Feature", "geometry": {"type": "Point", "coordinates": [-78.9732095, 43.2175582]}, "properties": {"site": "Niagara-Falls-Storage-Site__932023", "site_id": "932023", "location_id": "RC18", "measured": false, "method": "similarity_from_hand_control_points", "figure_style": "untested", "fit_rms_m": 11.61, "loo_median_m": 19.94, "loo_max_m": 22.79, "n_control_points": "6", "outside_hull": true, "outside_boundary_by_m": 0.0, "source_document": "NFSS_03.10_0048_a.pdf", "source_page": "3579"}}, {"type": "Feature", "geometry": {"type": "Point", "coordinates": [-78.9720358, 43.2175969]}, "properties": {"site": "Niagara-Falls-Storage-Site__932023", "site_id": "932023", "location_id": "606", "measured": false, "method": "similarity_from_hand_control_points", "figure_style": "untested", "fit_rms_m": 11.61, "loo_median_m": 19.94, "loo_max_m": 22.79, "n_control_points": "6", "outside_hull": true, "outside_boundary_by_m": 0.0, "source_document": "NFSS_03.10_0048_a.pdf", "source_page": "3579"}}, {"type": "Feature", "geometry": {"type": "Point", "coordinates": [-78.9877394, 43.2175201]}, "properties": {"site": "Niagara-Falls-Storage-Site__932023", "site_id": "932023", "location_id": "712", "measured": false, "method": "similarity_from_hand_control_points", "figure_style": "untested", "fit_rms_m": 11.61, "loo_median_m": 19.94, "loo_max_m": 22.79, "n_control_points": "6", "outside_hull": false, "outside_boundary_by_m": 0.0, "source_document": "NFSS_03.10_0048_a.pdf | nfss-riaddendum-appendices12c-13a-2011-04.pdf", "source_page": "3579 | 544"}}, {"type": "Feature", "geometry": {"type": "Point", "coordinates": [-78.9864353, 43.2175214]}, "properties": {"site": "Niagara-Falls-Storage-Site__932023", "site_id": "932023", "location_id": "745", "measured": false, "method": "similarity_from_hand_control_points", "figure_style": "untested", "fit_rms_m": 11.61, "loo_median_m": 19.94, "loo_max_m": 22.79, "n_control_points": "6", "outside_hull": false, "outside_boundary_by_m": 0.0, "source_document": "NFSS_03.10_0048_a.pdf", "source_page": "3579"}}, {"type": "Feature", "geometry": {"type": "Point", "coordinates": [-78.9849924, 43.2175165]}, "properties": {"site": "Niagara-Falls-Storage-Site__932023", "site_id": "932023", "location_id": "EU072", "measured": false, "method": "similarity_from_hand_control_points", "figure_style": "untested", "fit_rms_m": 11.61, "loo_median_m": 19.94, "loo_max_m": 22.79, "n_control_points": "6", "outside_hull": false, "outside_boundary_by_m": 0.0, "source_document": "NFSS_03.10_0048_a.pdf | nfss-riaddendum-appendices12c-13a-2011-04.pdf", "source_page": "3579 | 544"}}, {"type": "Feature", "geometry": {"type": "Point", "coordinates": [-78.9773815, 43.2175388]}, "properties": {"site": "Niagara-Falls-Storage-Site__932023", "site_id": "932023", "location_id": "OW20D", "measured": false, "method": "similarity_from_hand_control_points", "figure_style": "untested", "fit_rms_m": 11.61, "loo_median_m": 19.94, "loo_max_m": 22.79, "n_control_points": "6", "outside_hull": false, "outside_boundary_by_m": 0.0, "source_document": "NFSS_03.10_0048_a.pdf", "source_page": "3579"}}, {"type": "Feature", "geometry": {"type": "Point", "coordinates": [-78.9753616, 43.2175107]}, "properties": {"site": "Niagara-Falls-Storage-Site__932023", "site_id": "932023", "location_id": "RC09", "measured": false, "method": "similarity_from_hand_control_points", "figure_style": "untested", "fit_rms_m": 11.61, "loo_median_m": 19.94, "loo_max_m": 22.79, "n_control_points": "6", "outside_hull": true, "outside_boundary_by_m": 0.0, "source_document": "NFSS_03.10_0048_a.pdf", "source_page": "3579"}}, {"type": "Feature", "geometry": {"type": "Point", "coordinates": [-78.9869454, 43.2174986]}, "properties": {"site": "Niagara-Falls-Storage-Site__932023", "site_id": "932023", "location_id": "744", "measured": false, "method": "similarity_from_hand_control_points", "figure_style": "untested", "fit_rms_m": 11.61, "loo_median_m": 19.94, "loo_max_m": 22.79, "n_control_points": "6", "outside_hull": false, "outside_boundary_by_m": 0.0, "source_document": "NFSS_03.10_0048_a.pdf | nfss-riaddendum-appendices12c-13a-2011-04.pdf", "source_page": "3579 | 544"}}, {"type": "Feature", "geometry": {"type": "Point", "coordinates": [-78.9878623, 43.2175832]}, "properties": {"site": "Niagara-Falls-Storage-Site__932023", "site_id": "932023", "location_id": "RC05", "measured": false, "method": "similarity_from_hand_control_points", "figure_style": "untested", "fit_rms_m": 11.61, "loo_median_m": 19.94, "loo_max_m": 22.79, "n_control_points": "6", "outside_hull": false, "outside_boundary_by_m": 0.0, "source_document": "NFSS_03.10_0048_a.pdf | nfss-riaddendum-appendices12c-13a-2011-04.pdf", "source_page": "3579 | 544"}}, {"type": "Feature", "geometry": {"type": "Point", "coordinates": [-78.9830173, 43.217576]}, "properties": {"site": "Niagara-Falls-Storage-Site__932023", "site_id": "932023", "location_id": "RC15", "measured": false, "method": "similarity_from_hand_control_points", "figure_style": "untested", "fit_rms_m": 11.61, "loo_median_m": 19.94, "loo_max_m": 22.79, "n_control_points": "6", "outside_hull": false, "outside_boundary_by_m": 0.0, "source_document": "NFSS_03.10_0048_a.pdf | nfss-riaddendum-appendices12c-13a-2011-04.pdf", "source_page": "3579 | 544"}}, {"type": "Feature", "geometry": {"type": "Point", "coordinates": [-78.9877983, 43.2173158]}, "properties": {"site": "Niagara-Falls-Storage-Site__932023", "site_id": "932023", "location_id": "920", "measured": false, "method": "similarity_from_hand_control_points", "figure_style": "untested", "fit_rms_m": 11.61, "loo_median_m": 19.94, "loo_max_m": 22.79, "n_control_points": "6", "outside_hull": false, "outside_boundary_by_m": 0.0, "source_document": "NFSS_03.10_0048_a.pdf | nfss-riaddendum-appendices12c-13a-2011-04.pdf", "source_page": "3579 | 544"}}, {"type": "Feature", "geometry": {"type": "Point", "coordinates": [-78.9835532, 43.2173517]}, "properties": {"site": "Niagara-Falls-Storage-Site__932023", "site_id": "932023", "location_id": "724", "measured": false, "method": "similarity_from_hand_control_points", "figure_style": "untested", "fit_rms_m": 11.61, "loo_median_m": 19.94, "loo_max_m": 22.79, "n_control_points": "6", "outside_hull": false, "outside_boundary_by_m": 0.0, "source_document": "NFSS_03.10_0048_a.pdf | nfss-riaddendum-appendices12c-13a-2011-04.pdf", "source_page": "3579 | 544"}}, {"type": "Feature", "geometry": {"type": "Point", "coordinates": [-78.97993, 43.2173847]}, "properties": {"site": "Niagara-Falls-Storage-Site__932023", "site_id": "932023", "location_id": "BH45", "measured": false, "method": "similarity_from_hand_control_points", "figure_style": "untested", "fit_rms_m": 11.61, "loo_median_m": 19.94, "loo_max_m": 22.79, "n_control_points": "6", "outside_hull": false, "outside_boundary_by_m": 7.0, "source_document": "NFSS_03.10_0048_a.pdf", "source_page": "3579"}}, {"type": "Feature", "geometry": {"type": "Point", "coordinates": [-78.9757416, 43.2174439]}, "properties": {"site": "Niagara-Falls-Storage-Site__932023", "site_id": "932023", "location_id": "PZ4M", "measured": false, "method": "similarity_from_hand_control_points", "figure_style": "untested", "fit_rms_m": 11.61, "loo_median_m": 19.94, "loo_max_m": 22.79, "n_control_points": "6", "outside_hull": true, "outside_boundary_by_m": 0.0, "source_document": "NFSS_03.10_0048_a.pdf | nfss-riaddendum-appendices12c-13a-2011-04.pdf", "source_page": "3579 | 544"}}, {"type": "Feature", "geometry": {"type": "Point", "coordinates": [-78.9878414, 43.217314]}, "properties": {"site": "Niagara-Falls-Storage-Site__932023", "site_id": "932023", "location_id": "910", "measured": false, "method": "similarity_from_hand_control_points", "figure_style": "untested", "fit_rms_m": 11.61, "loo_median_m": 19.94, "loo_max_m": 22.79, "n_control_points": "6", "outside_hull": false, "outside_boundary_by_m": 0.0, "source_document": "NFSS_03.10_0048_a.pdf | nfss-riaddendum-appendices12c-13a-2011-04.pdf", "source_page": "3579 | 544"}}, {"type": "Feature", "geometry": {"type": "Point", "coordinates": [-78.9869577, 43.2172742]}, "properties": {"site": "Niagara-Falls-Storage-Site__932023", "site_id": "932023", "location_id": "743", "measured": false, "method": "similarity_from_hand_control_points", "figure_style": "untested", "fit_rms_m": 11.61, "loo_median_m": 19.94, "loo_max_m": 22.79, "n_control_points": "6", "outside_hull": false, "outside_boundary_by_m": 0.0, "source_document": "NFSS_03.10_0048_a.pdf | nfss-riaddendum-appendices12c-13a-2011-04.pdf", "source_page": "3579 | 544"}}, {"type": "Feature", "geometry": {"type": "Point", "coordinates": [-78.97965, 43.21746]}, "properties": {"site": "Niagara-Falls-Storage-Site__932023", "site_id": "932023", "location_id": "PZ1M", "measured": false, "method": "similarity_from_hand_control_points", "figure_style": "untested", "fit_rms_m": 11.61, "loo_median_m": 19.94, "loo_max_m": 22.79, "n_control_points": "6", "outside_hull": false, "outside_boundary_by_m": 0.0, "source_document": "NFSS_03.10_0048_a.pdf | nfss-riaddendum-appendices12c-13a-2011-04.pdf", "source_page": "3579 | 544"}}, {"type": "Feature", "geometry": {"type": "Point", "coordinates": [-78.9736719, 43.217469]}, "properties": {"site": "Niagara-Falls-Storage-Site__932023", "site_id": "932023", "location_id": "PZ5M", "measured": false, "method": "similarity_from_hand_control_points", "figure_style": "untested", "fit_rms_m": 11.61, "loo_median_m": 19.94, "loo_max_m": 22.79, "n_control_points": "6", "outside_hull": true, "outside_boundary_by_m": 0.0, "source_document": "NFSS_03.10_0048_a.pdf | nfss-riaddendum-appendices12c-13a-2011-04.pdf", "source_page": "3579 | 544"}}, {"type": "Feature", "geometry": {"type": "Point", "coordinates": [-78.9832214, 43.2169466]}, "properties": {"site": "Niagara-Falls-Storage-Site__932023", "site_id": "932023", "location_id": "311", "measured": false, "method": "similarity_from_hand_control_points", "figure_style": "untested", "fit_rms_m": 11.61, "loo_median_m": 19.94, "loo_max_m": 22.79, "n_control_points": "6", "outside_hull": false, "outside_boundary_by_m": 0.0, "source_document": "NFSS_03.10_0048_a.pdf", "source_page": "3579"}}, {"type": "Feature", "geometry": {"type": "Point", "coordinates": [-78.9870142, 43.2169913]}, "properties": {"site": "Niagara-Falls-Storage-Site__932023", "site_id": "932023", "location_id": "748", "measured": false, "method": "similarity_from_hand_control_points", "figure_style": "untested", "fit_rms_m": 11.61, "loo_median_m": 19.94, "loo_max_m": 22.79, "n_control_points": "6", "outside_hull": false, "outside_boundary_by_m": 0.0, "source_document": "NFSS_03.10_0048_a.pdf | nfss-riaddendum-appendices12c-13a-2011-04.pdf", "source_page": "3579 | 544"}}, {"type": "Feature", "geometry": {"type": "Point", "coordinates": [-78.9853342, 43.2170139]}, "properties": {"site": "Niagara-Falls-Storage-Site__932023", "site_id": "932023", "location_id": "A32", "measured": false, "method": "similarity_from_hand_control_points", "figure_style": "untested", "fit_rms_m": 11.61, "loo_median_m": 19.94, "loo_max_m": 22.79, "n_control_points": "6", "outside_hull": false, "outside_boundary_by_m": 0.0, "source_document": "NFSS_03.10_0048_a.pdf | nfss-riaddendum-appendices12c-13a-2011-04.pdf", "source_page": "3579 | 544"}}, {"type": "Feature", "geometry": {"type": "Point", "coordinates": [-78.984502, 43.2170121]}, "properties": {"site": "Niagara-Falls-Storage-Site__932023", "site_id": "932023", "location_id": "BH806", "measured": false, "method": "similarity_from_hand_control_points", "figure_style": "untested", "fit_rms_m": 11.61, "loo_median_m": 19.94, "loo_max_m": 22.79, "n_control_points": "6", "outside_hull": false, "outside_boundary_by_m": 0.0, "source_document": "NFSS_03.10_0048_a.pdf | nfss-riaddendum-appendices12c-13a-2011-04.pdf", "source_page": "3579 | 544"}}, {"type": "Feature", "geometry": {"type": "Point", "coordinates": [-78.9873141, 43.2173149]}, "properties": {"site": "Niagara-Falls-Storage-Site__932023", "site_id": "932023", "location_id": "835", "measured": false, "method": "similarity_from_hand_control_points", "figure_style": "untested", "fit_rms_m": 11.61, "loo_median_m": 19.94, "loo_max_m": 22.79, "n_control_points": "6", "outside_hull": false, "outside_boundary_by_m": 0.0, "source_document": "NFSS_03.10_0048_a.pdf | nfss-riaddendum-appendices12c-13a-2011-04.pdf", "source_page": "3579 | 544"}}, {"type": "Feature", "geometry": {"type": "Point", "coordinates": [-78.9834377, 43.2172002]}, "properties": {"site": "Niagara-Falls-Storage-Site__932023", "site_id": "932023", "location_id": "BH2", "measured": false, "method": "similarity_from_hand_control_points", "figure_style": "untested", "fit_rms_m": 11.61, "loo_median_m": 19.94, "loo_max_m": 22.79, "n_control_points": "6", "outside_hull": false, "outside_boundary_by_m": 0.0, "source_document": "NFSS_03.10_0048_a.pdf | nfss-riaddendum-appendices12c-13a-2011-04.pdf", "source_page": "3579 | 544"}}, {"type": "Feature", "geometry": {"type": "Point", "coordinates": [-78.9812474, 43.2172056]}, "properties": {"site": "Niagara-Falls-Storage-Site__932023", "site_id": "932023", "location_id": "308", "measured": false, "method": "similarity_from_hand_control_points", "figure_style": "untested", "fit_rms_m": 11.61, "loo_median_m": 19.94, "loo_max_m": 22.79, "n_control_points": "6", "outside_hull": false, "outside_boundary_by_m": 0.0, "source_document": "NFSS_03.10_0048_a.pdf", "source_page": "3579"}}, {"type": "Feature", "geometry": {"type": "Point", "coordinates": [-78.9817341, 43.2172486]}, "properties": {"site": "Niagara-Falls-Storage-Site__932023", "site_id": "932023", "location_id": "309", "measured": false, "method": "similarity_from_hand_control_points", "figure_style": "untested", "fit_rms_m": 11.61, "loo_median_m": 19.94, "loo_max_m": 22.79, "n_control_points": "6", "outside_hull": false, "outside_boundary_by_m": 0.0, "source_document": "NFSS_03.10_0048_a.pdf", "source_page": "3579"}}, {"type": "Feature", "geometry": {"type": "Point", "coordinates": [-78.9815056, 43.2172181]}, "properties": {"site": "Niagara-Falls-Storage-Site__932023", "site_id": "932023", "location_id": "BH44", "measured": false, "method": "similarity_from_hand_control_points", "figure_style": "untested", "fit_rms_m": 11.61, "loo_median_m": 19.94, "loo_max_m": 22.79, "n_control_points": "6", "outside_hull": false, "outside_boundary_by_m": 0.0, "source_document": "NFSS_03.10_0048_a.pdf", "source_page": "3579"}}, {"type": "Feature", "geometry": {"type": "Point", "coordinates": [-78.9857763, 43.217417]}, "properties": {"site": "Niagara-Falls-Storage-Site__932023", "site_id": "932023", "location_id": "A33PA", "measured": false, "method": "similarity_from_hand_control_points", "figure_style": "untested", "fit_rms_m": 11.61, "loo_median_m": 19.94, "loo_max_m": 22.79, "n_control_points": "6", "outside_hull": false, "outside_boundary_by_m": 0.0, "source_document": "NFSS_03.10_0048_a.pdf | nfss-riaddendum-appendices12c-13a-2011-04.pdf", "source_page": "3579 | 544"}}, {"type": "Feature", "geometry": {"type": "Point", "coordinates": [-78.9856361, 43.2174206]}, "properties": {"site": "Niagara-Falls-Storage-Site__932023", "site_id": "932023", "location_id": "34P", "measured": false, "method": "similarity_from_hand_control_points", "figure_style": "untested", "fit_rms_m": 11.61, "loo_median_m": 19.94, "loo_max_m": 22.79, "n_control_points": "6", "outside_hull": false, "outside_boundary_by_m": 0.0, "source_document": "NFSS_03.10_0048_a.pdf | nfss-riaddendum-appendices12c-13a-2011-04.pdf", "source_page": "3579 | 544"}}, {"type": "Feature", "geometry": {"type": "Point", "coordinates": [-78.978652, 43.2174224]}, "properties": {"site": "Niagara-Falls-Storage-Site__932023", "site_id": "932023", "location_id": "PZ2M", "measured": false, "method": "similarity_from_hand_control_points", "figure_style": "untested", "fit_rms_m": 11.61, "loo_median_m": 19.94, "loo_max_m": 22.79, "n_control_points": "6", "outside_hull": false, "outside_boundary_by_m": 2.4, "source_document": "NFSS_03.10_0048_a.pdf | nfss-riaddendum-appendices12c-13a-2011-04.pdf", "source_page": "3579 | 544"}}, {"type": "Feature", "geometry": {"type": "Point", "coordinates": [-78.9784613, 43.2174206]}, "properties": {"site": "Niagara-Falls-Storage-Site__932023", "site_id": "932023", "location_id": "W7", "measured": false, "method": "similarity_from_hand_control_points", "figure_style": "untested", "fit_rms_m": 11.61, "loo_median_m": 19.94, "loo_max_m": 22.79, "n_control_points": "6", "outside_hull": false, "outside_boundary_by_m": 2.5, "source_document": "NFSS_03.10_0048_a.pdf | nfss-riaddendum-appendices12c-13a-2011-04.pdf", "source_page": "3579 | 544"}}, {"type": "Feature", "geometry": {"type": "Point", "coordinates": [-78.9772742, 43.2174248]}, "properties": {"site": "Niagara-Falls-Storage-Site__932023", "site_id": "932023", "location_id": "PZ3M", "measured": false, "method": "similarity_from_hand_control_points", "figure_style": "untested", "fit_rms_m": 11.61, "loo_median_m": 19.94, "loo_max_m": 22.79, "n_control_points": "6", "outside_hull": false, "outside_boundary_by_m": 1.7, "source_document": "NFSS_03.10_0048_a.pdf | nfss-riaddendum-appendices12c-13a-2011-04.pdf", "source_page": "3579 | 544"}}, {"type": "Feature", "geometry": {"type": "Point", "coordinates": [-78.975918, 43.2174186]}, "properties": {"site": "Niagara-Falls-Storage-Site__932023", "site_id": "932023", "location_id": "PZ4D", "measured": false, "method": "similarity_from_hand_control_points", "figure_style": "untested", "fit_rms_m": 11.61, "loo_median_m": 19.94, "loo_max_m": 22.79, "n_control_points": "6", "outside_hull": true, "outside_boundary_by_m": 1.9, "source_document": "NFSS_03.10_0048_a.pdf | nfss-riaddendum-appendices12c-13a-2011-04.pdf", "source_page": "3579 | 544"}}, {"type": "Feature", "geometry": {"type": "Point", "coordinates": [-78.9756893, 43.217417]}, "properties": {"site": "Niagara-Falls-Storage-Site__932023", "site_id": "932023", "location_id": "PZ4S", "measured": false, "method": "similarity_from_hand_control_points", "figure_style": "untested", "fit_rms_m": 11.61, "loo_median_m": 19.94, "loo_max_m": 22.79, "n_control_points": "6", "outside_hull": true, "outside_boundary_by_m": 2.0, "source_document": "NFSS_03.10_0048_a.pdf | nfss-riaddendum-appendices12c-13a-2011-04.pdf", "source_page": "3579 | 544"}}, {"type": "Feature", "geometry": {"type": "Point", "coordinates": [-78.9742653, 43.217417]}, "properties": {"site": "Niagara-Falls-Storage-Site__932023", "site_id": "932023", "location_id": "W9", "measured": false, "method": "similarity_from_hand_control_points", "figure_style": "untested", "fit_rms_m": 11.61, "loo_median_m": 19.94, "loo_max_m": 22.79, "n_control_points": "6", "outside_hull": true, "outside_boundary_by_m": 1.6, "source_document": "NFSS_03.10_0048_a.pdf | nfss-riaddendum-appendices12c-13a-2011-04.pdf", "source_page": "3579 | 544"}}, {"type": "Feature", "geometry": {"type": "Point", "coordinates": [-78.9825061, 43.2170146]}, "properties": {"site": "Niagara-Falls-Storage-Site__932023", "site_id": "932023", "location_id": "EU082", "measured": false, "method": "similarity_from_hand_control_points", "figure_style": "untested", "fit_rms_m": 11.61, "loo_median_m": 19.94, "loo_max_m": 22.79, "n_control_points": "6", "outside_hull": false, "outside_boundary_by_m": 0.0, "source_document": "NFSS_03.10_0048_a.pdf | nfss-riaddendum-appendices12c-13a-2011-04.pdf", "source_page": "3579 | 544"}}, {"type": "Feature", "geometry": {"type": "Point", "coordinates": [-78.980483, 43.2170094]}, "properties": {"site": "Niagara-Falls-Storage-Site__932023", "site_id": "932023", "location_id": "RB02", "measured": false, "method": "similarity_from_hand_control_points", "figure_style": "untested", "fit_rms_m": 11.61, "loo_median_m": 19.94, "loo_max_m": 22.79, "n_control_points": "6", "outside_hull": false, "outside_boundary_by_m": 0.0, "source_document": "NFSS_03.10_0048_a.pdf | nfss-riaddendum-appendices12c-13a-2011-04.pdf", "source_page": "3579 | 544"}}, {"type": "Feature", "geometry": {"type": "Point", "coordinates": [-78.9803576, 43.217091]}, "properties": {"site": "Niagara-Falls-Storage-Site__932023", "site_id": "932023", "location_id": "306", "measured": false, "method": "similarity_from_hand_control_points", "figure_style": "untested", "fit_rms_m": 11.61, "loo_median_m": 19.94, "loo_max_m": 22.79, "n_control_points": "6", "outside_hull": false, "outside_boundary_by_m": 0.0, "source_document": "NFSS_03.10_0048_a.pdf | nfss-riaddendum-appendices12c-13a-2011-04.pdf", "source_page": "3579 | 544"}}, {"type": "Feature", "geometry": {"type": "Point", "coordinates": [-78.9827224, 43.2172611]}, "properties": {"site": "Niagara-Falls-Storage-Site__932023", "site_id": "932023", "location_id": "D200", "measured": false, "method": "similarity_from_hand_control_points", "figure_style": "untested", "fit_rms_m": 11.61, "loo_median_m": 19.94, "loo_max_m": 22.79, "n_control_points": "6", "outside_hull": false, "outside_boundary_by_m": 0.0, "source_document": "NFSS_03.10_0048_a.pdf | nfss-riaddendum-appendices12c-13a-2011-04.pdf", "source_page": "3579 | 544"}}, {"type": "Feature", "geometry": {"type": "Point", "coordinates": [-78.9805101, 43.2172611]}, "properties": {"site": "Niagara-Falls-Storage-Site__932023", "site_id": "932023", "location_id": "D800", "measured": false, "method": "similarity_from_hand_control_points", "figure_style": "untested", "fit_rms_m": 11.61, "loo_median_m": 19.94, "loo_max_m": 22.79, "n_control_points": "6", "outside_hull": false, "outside_boundary_by_m": 0.0, "source_document": "NFSS_03.10_0048_a.pdf", "source_page": "3579"}}, {"type": "Feature", "geometry": {"type": "Point", "coordinates": [-78.9863468, 43.2169163]}, "properties": {"site": "Niagara-Falls-Storage-Site__932023", "site_id": "932023", "location_id": "807", "measured": false, "method": "similarity_from_hand_control_points", "figure_style": "untested", "fit_rms_m": 11.61, "loo_median_m": 19.94, "loo_max_m": 22.79, "n_control_points": "6", "outside_hull": false, "outside_boundary_by_m": 0.0, "source_document": "NFSS_03.10_0048_a.pdf | nfss-riaddendum-appendices12c-13a-2011-04.pdf", "source_page": "3579 | 544"}}, {"type": "Feature", "geometry": {"type": "Point", "coordinates": [-78.9852247, 43.2169043]}, "properties": {"site": "Niagara-Falls-Storage-Site__932023", "site_id": "932023", "location_id": "708", "measured": false, "method": "similarity_from_hand_control_points", "figure_style": "untested", "fit_rms_m": 11.61, "loo_median_m": 19.94, "loo_max_m": 22.79, "n_control_points": "6", "outside_hull": false, "outside_boundary_by_m": 0.0, "source_document": "NFSS_03.10_0048_a.pdf | nfss-riaddendum-appendices12c-13a-2011-04.pdf", "source_page": "3579 | 544"}}, {"type": "Feature", "geometry": {"type": "Point", "coordinates": [-78.9875636, 43.2167191]}, "properties": {"site": "Niagara-Falls-Storage-Site__932023", "site_id": "932023", "location_id": "821", "measured": false, "method": "similarity_from_hand_control_points", "figure_style": "untested", "fit_rms_m": 11.61, "loo_median_m": 19.94, "loo_max_m": 22.79, "n_control_points": "6", "outside_hull": false, "outside_boundary_by_m": 0.0, "source_document": "NFSS_03.10_0048_a.pdf | nfss-riaddendum-appendices12c-13a-2011-04.pdf", "source_page": "3579 | 544"}}, {"type": "Feature", "geometry": {"type": "Point", "coordinates": [-78.9877467, 43.2167498]}, "properties": {"site": "Niagara-Falls-Storage-Site__932023", "site_id": "932023", "location_id": "919", "measured": false, "method": "similarity_from_hand_control_points", "figure_style": "untested", "fit_rms_m": 11.61, "loo_median_m": 19.94, "loo_max_m": 22.79, "n_control_points": "6", "outside_hull": false, "outside_boundary_by_m": 0.0, "source_document": "NFSS_03.10_0048_a.pdf", "source_page": "3579"}}, {"type": "Feature", "geometry": {"type": "Point", "coordinates": [-78.9817145, 43.2169136]}, "properties": {"site": "Niagara-Falls-Storage-Site__932023", "site_id": "932023", "location_id": "BH46", "measured": false, "method": "similarity_from_hand_control_points", "figure_style": "untested", "fit_rms_m": 11.61, "loo_median_m": 19.94, "loo_max_m": 22.79, "n_control_points": "6", "outside_hull": false, "outside_boundary_by_m": 0.0, "source_document": "NFSS_03.10_0048_a.pdf", "source_page": "3579"}}, {"type": "Feature", "geometry": {"type": "Point", "coordinates": [-78.9829116, 43.2168563]}, "properties": {"site": "Niagara-Falls-Storage-Site__932023", "site_id": "932023", "location_id": "BH8", "measured": false, "method": "similarity_from_hand_control_points", "figure_style": "untested", "fit_rms_m": 11.61, "loo_median_m": 19.94, "loo_max_m": 22.79, "n_control_points": "6", "outside_hull": false, "outside_boundary_by_m": 0.0, "source_document": "NFSS_03.10_0048_a.pdf | nfss-riaddendum-appendices12c-13a-2011-04.pdf", "source_page": "3579 | 544"}}, {"type": "Feature", "geometry": {"type": "Point", "coordinates": [-78.9858884, 43.2167345]}, "properties": {"site": "Niagara-Falls-Storage-Site__932023", "site_id": "932023", "location_id": "837", "measured": false, "method": "similarity_from_hand_control_points", "figure_style": "untested", "fit_rms_m": 11.61, "loo_median_m": 19.94, "loo_max_m": 22.79, "n_control_points": "6", "outside_hull": false, "outside_boundary_by_m": 0.0, "source_document": "NFSS_03.10_0048_a.pdf | nfss-riaddendum-appendices12c-13a-2011-04.pdf", "source_page": "3579 | 544"}}, {"type": "Feature", "geometry": {"type": "Point", "coordinates": [-78.9822676, 43.2167219]}, "properties": {"site": "Niagara-Falls-Storage-Site__932023", "site_id": "932023", "location_id": "BH13", "measured": false, "method": "similarity_from_hand_control_points", "figure_style": "untested", "fit_rms_m": 11.61, "loo_median_m": 19.94, "loo_max_m": 22.79, "n_control_points": "6", "outside_hull": false, "outside_boundary_by_m": 0.0, "source_document": "NFSS_03.10_0048_a.pdf", "source_page": "3579"}}, {"type": "Feature", "geometry": {"type": "Point", "coordinates": [-78.9809747, 43.2166295]}, "properties": {"site": "Niagara-Falls-Storage-Site__932023", "site_id": "932023", "location_id": "307", "measured": false, "method": "similarity_from_hand_control_points", "figure_style": "untested", "fit_rms_m": 11.61, "loo_median_m": 19.94, "loo_max_m": 22.79, "n_control_points": "6", "outside_hull": false, "outside_boundary_by_m": 0.0, "source_document": "NFSS_03.10_0048_a.pdf", "source_page": "3579"}}, {"type": "Feature", "geometry": {"type": "Point", "coordinates": [-78.98081, 43.2166646]}, "properties": {"site": "Niagara-Falls-Storage-Site__932023", "site_id": "932023", "location_id": "BH7", "measured": false, "method": "similarity_from_hand_control_points", "figure_style": "untested", "fit_rms_m": 11.61, "loo_median_m": 19.94, "loo_max_m": 22.79, "n_control_points": "6", "outside_hull": false, "outside_boundary_by_m": 0.0, "source_document": "NFSS_03.10_0048_a.pdf | nfss-riaddendum-appendices12c-13a-2011-04.pdf", "source_page": "3579 | 544"}}, {"type": "Feature", "geometry": {"type": "Point", "coordinates": [-78.9801942, 43.2166446]}, "properties": {"site": "Niagara-Falls-Storage-Site__932023", "site_id": "932023", "location_id": "MH41", "measured": false, "method": "similarity_from_hand_control_points", "figure_style": "untested", "fit_rms_m": 11.61, "loo_median_m": 19.94, "loo_max_m": 22.79, "n_control_points": "6", "outside_hull": false, "outside_boundary_by_m": 0.0, "source_document": "NFSS_03.10_0048_a.pdf", "source_page": "3579"}}, {"type": "Feature", "geometry": {"type": "Point", "coordinates": [-78.9836356, 43.2166177]}, "properties": {"site": "Niagara-Falls-Storage-Site__932023", "site_id": "932023", "location_id": "MH12", "measured": false, "method": "similarity_from_hand_control_points", "figure_style": "untested", "fit_rms_m": 11.61, "loo_median_m": 19.94, "loo_max_m": 22.79, "n_control_points": "6", "outside_hull": false, "outside_boundary_by_m": 0.0, "source_document": "NFSS_03.10_0048_a.pdf", "source_page": "3579"}}, {"type": "Feature", "geometry": {"type": "Point", "coordinates": [-78.9824741, 43.2166209]}, "properties": {"site": "Niagara-Falls-Storage-Site__932023", "site_id": "932023", "location_id": "MH44", "measured": false, "method": "similarity_from_hand_control_points", "figure_style": "untested", "fit_rms_m": 11.61, "loo_median_m": 19.94, "loo_max_m": 22.79, "n_control_points": "6", "outside_hull": false, "outside_boundary_by_m": 0.0, "source_document": "NFSS_03.10_0048_a.pdf", "source_page": "3579"}}, {"type": "Feature", "geometry": {"type": "Point", "coordinates": [-78.9818448, 43.2166359]}, "properties": {"site": "Niagara-Falls-Storage-Site__932023", "site_id": "932023", "location_id": "NH43", "measured": false, "method": "similarity_from_hand_control_points", "figure_style": "untested", "fit_rms_m": 11.61, "loo_median_m": 19.94, "loo_max_m": 22.79, "n_control_points": "6", "outside_hull": false, "outside_boundary_by_m": 0.0, "source_document": "NFSS_03.10_0048_a.pdf | nfss-riaddendum-appendices12c-13a-2011-04.pdf", "source_page": "3579 | 544"}}, {"type": "Feature", "geometry": {"type": "Point", "coordinates": [-78.9813852, 43.2166177]}, "properties": {"site": "Niagara-Falls-Storage-Site__932023", "site_id": "932023", "location_id": "MH42", "measured": false, "method": "similarity_from_hand_control_points", "figure_style": "untested", "fit_rms_m": 11.61, "loo_median_m": 19.94, "loo_max_m": 22.79, "n_control_points": "6", "outside_hull": false, "outside_boundary_by_m": 0.0, "source_document": "NFSS_03.10_0048_a.pdf", "source_page": "3579"}}, {"type": "Feature", "geometry": {"type": "Point", "coordinates": [-78.9802861, 43.2166216]}, "properties": {"site": "Niagara-Falls-Storage-Site__932023", "site_id": "932023", "location_id": "723", "measured": false, "method": "similarity_from_hand_control_points", "figure_style": "untested", "fit_rms_m": 11.61, "loo_median_m": 19.94, "loo_max_m": 22.79, "n_control_points": "6", "outside_hull": false, "outside_boundary_by_m": 0.0, "source_document": "NFSS_03.10_0048_a.pdf", "source_page": "3579"}}, {"type": "Feature", "geometry": {"type": "Point", "coordinates": [-78.9842415, 43.2165813]}, "properties": {"site": "Niagara-Falls-Storage-Site__932023", "site_id": "932023", "location_id": "EU071", "measured": false, "method": "similarity_from_hand_control_points", "figure_style": "untested", "fit_rms_m": 11.61, "loo_median_m": 19.94, "loo_max_m": 22.79, "n_control_points": "6", "outside_hull": false, "outside_boundary_by_m": 0.0, "source_document": "NFSS_03.10_0048_a.pdf | nfss-riaddendum-appendices12c-13a-2011-04.pdf", "source_page": "3579 | 544"}}, {"type": "Feature", "geometry": {"type": "Point", "coordinates": [-78.9876104, 43.2164604]}, "properties": {"site": "Niagara-Falls-Storage-Site__932023", "site_id": "932023", "location_id": "MW935", "measured": false, "method": "similarity_from_hand_control_points", "figure_style": "untested", "fit_rms_m": 11.61, "loo_median_m": 19.94, "loo_max_m": 22.79, "n_control_points": "6", "outside_hull": false, "outside_boundary_by_m": 0.0, "source_document": "NFSS_03.10_0048_a.pdf", "source_page": "3579"}}, {"type": "Feature", "geometry": {"type": "Point", "coordinates": [-78.9868484, 43.2164926]}, "properties": {"site": "Niagara-Falls-Storage-Site__932023", "site_id": "932023", "location_id": "A30", "measured": false, "method": "similarity_from_hand_control_points", "figure_style": "untested", "fit_rms_m": 11.61, "loo_median_m": 19.94, "loo_max_m": 22.79, "n_control_points": "6", "outside_hull": false, "outside_boundary_by_m": 0.0, "source_document": "NFSS_03.10_0048_a.pdf | nfss-riaddendum-appendices12c-13a-2011-04.pdf", "source_page": "3579 | 544"}}, {"type": "Feature", "geometry": {"type": "Point", "coordinates": [-78.9846249, 43.2165069]}, "properties": {"site": "Niagara-Falls-Storage-Site__932023", "site_id": "932023", "location_id": "840", "measured": false, "method": "similarity_from_hand_control_points", "figure_style": "untested", "fit_rms_m": 11.61, "loo_median_m": 19.94, "loo_max_m": 22.79, "n_control_points": "6", "outside_hull": false, "outside_boundary_by_m": 0.0, "source_document": "NFSS_03.10_0048_a.pdf", "source_page": "3579"}}, {"type": "Feature", "geometry": {"type": "Point", "coordinates": [-78.9833663, 43.2165052]}, "properties": {"site": "Niagara-Falls-Storage-Site__932023", "site_id": "932023", "location_id": "312", "measured": false, "method": "similarity_from_hand_control_points", "figure_style": "untested", "fit_rms_m": 11.61, "loo_median_m": 19.94, "loo_max_m": 22.79, "n_control_points": "6", "outside_hull": false, "outside_boundary_by_m": 0.0, "source_document": "NFSS_03.10_0048_a.pdf", "source_page": "3579"}}, {"type": "Feature", "geometry": {"type": "Point", "coordinates": [-78.9879284, 43.2164219]}, "properties": {"site": "Niagara-Falls-Storage-Site__932023", "site_id": "932023", "location_id": "EU091", "measured": false, "method": "similarity_from_hand_control_points", "figure_style": "untested", "fit_rms_m": 11.61, "loo_median_m": 19.94, "loo_max_m": 22.79, "n_control_points": "6", "outside_hull": false, "outside_boundary_by_m": 0.0, "source_document": "NFSS_03.10_0048_a.pdf | nfss-riaddendum-appendices12c-13a-2011-04.pdf", "source_page": "3579 | 544"}}, {"type": "Feature", "geometry": {"type": "Point", "coordinates": [-78.9858306, 43.2161154]}, "properties": {"site": "Niagara-Falls-Storage-Site__932023", "site_id": "932023", "location_id": "838", "measured": false, "method": "similarity_from_hand_control_points", "figure_style": "untested", "fit_rms_m": 11.61, "loo_median_m": 19.94, "loo_max_m": 22.79, "n_control_points": "6", "outside_hull": false, "outside_boundary_by_m": 0.0, "source_document": "NFSS_03.10_0048_a.pdf | nfss-riaddendum-appendices12c-13a-2011-04.pdf", "source_page": "3579 | 544"}}, {"type": "Feature", "geometry": {"type": "Point", "coordinates": [-78.982452, 43.216134]}, "properties": {"site": "Niagara-Falls-Storage-Site__932023", "site_id": "932023", "location_id": "MH45", "measured": false, "method": "similarity_from_hand_control_points", "figure_style": "untested", "fit_rms_m": 11.61, "loo_median_m": 19.94, "loo_max_m": 22.79, "n_control_points": "6", "outside_hull": false, "outside_boundary_by_m": 0.0, "source_document": "NFSS_03.10_0048_a.pdf | nfss-riaddendum-appendices12c-13a-2011-04.pdf", "source_page": "3579 | 544"}}, {"type": "Feature", "geometry": {"type": "Point", "coordinates": [-78.9853145, 43.2162114]}, "properties": {"site": "Niagara-Falls-Storage-Site__932023", "site_id": "932023", "location_id": "A31", "measured": false, "method": "similarity_from_hand_control_points", "figure_style": "untested", "fit_rms_m": 11.61, "loo_median_m": 19.94, "loo_max_m": 22.79, "n_control_points": "6", "outside_hull": false, "outside_boundary_by_m": 0.0, "source_document": "NFSS_03.10_0048_a.pdf | nfss-riaddendum-appendices12c-13a-2011-04.pdf", "source_page": "3579 | 544"}}, {"type": "Feature", "geometry": {"type": "Point", "coordinates": [-78.9831747, 43.2160681]}, "properties": {"site": "Niagara-Falls-Storage-Site__932023", "site_id": "932023", "location_id": "BH42", "measured": false, "method": "similarity_from_hand_control_points", "figure_style": "untested", "fit_rms_m": 11.61, "loo_median_m": 19.94, "loo_max_m": 22.79, "n_control_points": "6", "outside_hull": false, "outside_boundary_by_m": 0.0, "source_document": "NFSS_03.10_0048_a.pdf", "source_page": "3579"}}, {"type": "Feature", "geometry": {"type": "Point", "coordinates": [-78.9813802, 43.2160678]}, "properties": {"site": "Niagara-Falls-Storage-Site__932023", "site_id": "932023", "location_id": "MH46", "measured": false, "method": "similarity_from_hand_control_points", "figure_style": "untested", "fit_rms_m": 11.61, "loo_median_m": 19.94, "loo_max_m": 22.79, "n_control_points": "6", "outside_hull": false, "outside_boundary_by_m": 0.0, "source_document": "NFSS_03.10_0048_a.pdf", "source_page": "3579"}}, {"type": "Feature", "geometry": {"type": "Point", "coordinates": [-78.9865104, 43.2160591]}, "properties": {"site": "Niagara-Falls-Storage-Site__932023", "site_id": "932023", "location_id": "TWP937", "measured": false, "method": "similarity_from_hand_control_points", "figure_style": "untested", "fit_rms_m": 11.61, "loo_median_m": 19.94, "loo_max_m": 22.79, "n_control_points": "6", "outside_hull": false, "outside_boundary_by_m": 0.0, "source_document": "NFSS_03.10_0048_a.pdf", "source_page": "3579"}}, {"type": "Feature", "geometry": {"type": "Point", "coordinates": [-78.9798181, 43.2160609]}, "properties": {"site": "Niagara-Falls-Storage-Site__932023", "site_id": "932023", "location_id": "W4", "measured": false, "method": "similarity_from_hand_control_points", "figure_style": "untested", "fit_rms_m": 11.61, "loo_median_m": 19.94, "loo_max_m": 22.79, "n_control_points": "6", "outside_hull": false, "outside_boundary_by_m": 13.4, "source_document": "NFSS_03.10_0048_a.pdf | nfss-riaddendum-appendices12c-13a-2011-04.pdf", "source_page": "3579 | 544"}}, {"type": "Feature", "geometry": {"type": "Point", "coordinates": [-78.9823192, 43.2163206]}, "properties": {"site": "Niagara-Falls-Storage-Site__932023", "site_id": "932023", "location_id": "BH14", "measured": false, "method": "similarity_from_hand_control_points", "figure_style": "untested", "fit_rms_m": 11.61, "loo_median_m": 19.94, "loo_max_m": 22.79, "n_control_points": "6", "outside_hull": false, "outside_boundary_by_m": 0.0, "source_document": "NFSS_03.10_0048_a.pdf", "source_page": "3579"}}, {"type": "Feature", "geometry": {"type": "Point", "coordinates": [-78.9812426, 43.2163314]}, "properties": {"site": "Niagara-Falls-Storage-Site__932023", "site_id": "932023", "location_id": "BH33", "measured": false, "method": "similarity_from_hand_control_points", "figure_style": "untested", "fit_rms_m": 11.61, "loo_median_m": 19.94, "loo_max_m": 22.79, "n_control_points": "6", "outside_hull": false, "outside_boundary_by_m": 0.0, "source_document": "NFSS_03.10_0048_a.pdf", "source_page": "3579"}}, {"type": "Feature", "geometry": {"type": "Point", "coordinates": [-78.9797891, 43.2163171]}, "properties": {"site": "Niagara-Falls-Storage-Site__932023", "site_id": "932023", "location_id": "PZ15D", "measured": false, "method": "similarity_from_hand_control_points", "figure_style": "untested", "fit_rms_m": 11.61, "loo_median_m": 19.94, "loo_max_m": 22.79, "n_control_points": "6", "outside_hull": false, "outside_boundary_by_m": 16.5, "source_document": "NFSS_03.10_0048_a.pdf", "source_page": "3579"}}, {"type": "Feature", "geometry": {"type": "Point", "coordinates": [-78.9797832, 43.2162759]}, "properties": {"site": "Niagara-Falls-Storage-Site__932023", "site_id": "932023", "location_id": "PZ15S", "measured": false, "method": "similarity_from_hand_control_points", "figure_style": "untested", "fit_rms_m": 11.61, "loo_median_m": 19.94, "loo_max_m": 22.79, "n_control_points": "6", "outside_hull": false, "outside_boundary_by_m": 16.8, "source_document": "NFSS_03.10_0048_a.pdf | nfss-riaddendum-appendices12c-13a-2011-04.pdf", "source_page": "3579 | 544"}}, {"type": "Feature", "geometry": {"type": "Point", "coordinates": [-78.9846163, 43.2160903]}, "properties": {"site": "Niagara-Falls-Storage-Site__932023", "site_id": "932023", "location_id": "841", "measured": false, "method": "similarity_from_hand_control_points", "figure_style": "untested", "fit_rms_m": 11.61, "loo_median_m": 19.94, "loo_max_m": 22.79, "n_control_points": "6", "outside_hull": false, "outside_boundary_by_m": 0.0, "source_document": "NFSS_03.10_0048_a.pdf | nfss-riaddendum-appendices12c-13a-2011-04.pdf", "source_page": "3579 | 544"}}, {"type": "Feature", "geometry": {"type": "Point", "coordinates": [-78.987195, 43.2161791]}, "properties": {"site": "Niagara-Falls-Storage-Site__932023", "site_id": "932023", "location_id": "MW936", "measured": false, "method": "similarity_from_hand_control_points", "figure_style": "untested", "fit_rms_m": 11.61, "loo_median_m": 19.94, "loo_max_m": 22.79, "n_control_points": "6", "outside_hull": false, "outside_boundary_by_m": 0.0, "source_document": "NFSS_03.10_0048_a.pdf", "source_page": "3579"}}, {"type": "Feature", "geometry": {"type": "Point", "coordinates": [-78.97993, 43.2163601]}, "properties": {"site": "Niagara-Falls-Storage-Site__932023", "site_id": "932023", "location_id": "BH36", "measured": false, "method": "similarity_from_hand_control_points", "figure_style": "untested", "fit_rms_m": 11.61, "loo_median_m": 19.94, "loo_max_m": 22.79, "n_control_points": "6", "outside_hull": false, "outside_boundary_by_m": 5.2, "source_document": "NFSS_03.10_0048_a.pdf", "source_page": "3579"}}, {"type": "Feature", "geometry": {"type": "Point", "coordinates": [-78.9878328, 43.2164577]}, "properties": {"site": "Niagara-Falls-Storage-Site__932023", "site_id": "932023", "location_id": "909", "measured": false, "method": "similarity_from_hand_control_points", "figure_style": "untested", "fit_rms_m": 11.61, "loo_median_m": 19.94, "loo_max_m": 22.79, "n_control_points": "6", "outside_hull": false, "outside_boundary_by_m": 0.0, "source_document": "NFSS_03.10_0048_a.pdf | nfss-riaddendum-appendices12c-13a-2011-04.pdf", "source_page": "3579 | 544"}}, {"type": "Feature", "geometry": {"type": "Point", "coordinates": [-78.9836835, 43.216469]}, "properties": {"site": "Niagara-Falls-Storage-Site__932023", "site_id": "932023", "location_id": "RC04", "measured": false, "method": "similarity_from_hand_control_points", "figure_style": "untested", "fit_rms_m": 11.61, "loo_median_m": 19.94, "loo_max_m": 22.79, "n_control_points": "6", "outside_hull": false, "outside_boundary_by_m": 0.0, "source_document": "NFSS_03.10_0048_a.pdf | nfss-riaddendum-appendices12c-13a-2011-04.pdf", "source_page": "3579 | 544"}}, {"type": "Feature", "geometry": {"type": "Point", "coordinates": [-78.9828182, 43.216378]}, "properties": {"site": "Niagara-Falls-Storage-Site__932023", "site_id": "932023", "location_id": "BH10", "measured": false, "method": "similarity_from_hand_control_points", "figure_style": "untested", "fit_rms_m": 11.61, "loo_median_m": 19.94, "loo_max_m": 22.79, "n_control_points": "6", "outside_hull": false, "outside_boundary_by_m": 0.0, "source_document": "NFSS_03.10_0048_a.pdf", "source_page": "3579"}}, {"type": "Feature", "geometry": {"type": "Point", "coordinates": [-78.9802421, 43.2164174]}, "properties": {"site": "Niagara-Falls-Storage-Site__932023", "site_id": "932023", "location_id": "BH37", "measured": false, "method": "similarity_from_hand_control_points", "figure_style": "untested", "fit_rms_m": 11.61, "loo_median_m": 19.94, "loo_max_m": 22.79, "n_control_points": "6", "outside_hull": false, "outside_boundary_by_m": 0.0, "source_document": "NFSS_03.10_0048_a.pdf", "source_page": "3579"}}, {"type": "Feature", "geometry": {"type": "Point", "coordinates": [-78.9857999, 43.2160376]}, "properties": {"site": "Niagara-Falls-Storage-Site__932023", "site_id": "932023", "location_id": "839", "measured": false, "method": "similarity_from_hand_control_points", "figure_style": "untested", "fit_rms_m": 11.61, "loo_median_m": 19.94, "loo_max_m": 22.79, "n_control_points": "6", "outside_hull": false, "outside_boundary_by_m": 0.0, "source_document": "NFSS_03.10_0048_a.pdf", "source_page": "3579"}}, {"type": "Feature", "geometry": {"type": "Point", "coordinates": [-78.9815187, 43.2160008]}, "properties": {"site": "Niagara-Falls-Storage-Site__932023", "site_id": "932023", "location_id": "RB05", "measured": false, "method": "similarity_from_hand_control_points", "figure_style": "untested", "fit_rms_m": 11.61, "loo_median_m": 19.94, "loo_max_m": 22.79, "n_control_points": "6", "outside_hull": false, "outside_boundary_by_m": 0.0, "source_document": "NFSS_03.10_0048_a.pdf | nfss-riaddendum-appendices12c-13a-2011-04.pdf", "source_page": "3579 | 544"}}, {"type": "Feature", "geometry": {"type": "Point", "coordinates": [-78.9852309, 43.2163319]}, "properties": {"site": "Niagara-Falls-Storage-Site__932023", "site_id": "932023", "location_id": "CD3", "measured": false, "method": "similarity_from_hand_control_points", "figure_style": "untested", "fit_rms_m": 11.61, "loo_median_m": 19.94, "loo_max_m": 22.79, "n_control_points": "6", "outside_hull": false, "outside_boundary_by_m": 0.0, "source_document": "NFSS_03.10_0048_a.pdf | nfss-riaddendum-appendices12c-13a-2011-04.pdf", "source_page": "3579 | 544"}}, {"type": "Feature", "geometry": {"type": "Point", "coordinates": [-78.9869282, 43.2162857]}, "properties": {"site": "Niagara-Falls-Storage-Site__932023", "site_id": "932023", "location_id": "836", "measured": false, "method": "similarity_from_hand_control_points", "figure_style": "untested", "fit_rms_m": 11.61, "loo_median_m": 19.94, "loo_max_m": 22.79, "n_control_points": "6", "outside_hull": false, "outside_boundary_by_m": 0.0, "source_document": "NFSS_03.10_0048_a.pdf | nfss-riaddendum-appendices12c-13a-2011-04.pdf", "source_page": "3579 | 544"}}, {"type": "Feature", "geometry": {"type": "Point", "coordinates": [-78.9859228, 43.2162875]}, "properties": {"site": "Niagara-Falls-Storage-Site__932023", "site_id": "932023", "location_id": "820", "measured": false, "method": "similarity_from_hand_control_points", "figure_style": "untested", "fit_rms_m": 11.61, "loo_median_m": 19.94, "loo_max_m": 22.79, "n_control_points": "6", "outside_hull": false, "outside_boundary_by_m": 0.0, "source_document": "NFSS_03.10_0048_a.pdf | nfss-riaddendum-appendices12c-13a-2011-04.pdf", "source_page": "3579 | 544"}}, {"type": "Feature", "geometry": {"type": "Point", "coordinates": [-78.9799682, 43.2162938]}, "properties": {"site": "Niagara-Falls-Storage-Site__932023", "site_id": "932023", "location_id": "PZ15M", "measured": false, "method": "similarity_from_hand_control_points", "figure_style": "untested", "fit_rms_m": 11.61, "loo_median_m": 19.94, "loo_max_m": 22.79, "n_control_points": "6", "outside_hull": false, "outside_boundary_by_m": 1.9, "source_document": "NFSS_03.10_0048_a.pdf | nfss-riaddendum-appendices12c-13a-2011-04.pdf", "source_page": "3579 | 544"}}, {"type": "Feature", "geometry": {"type": "Point", "coordinates": [-78.9806625, 43.2162257]}, "properties": {"site": "Niagara-Falls-Storage-Site__932023", "site_id": "932023", "location_id": "BH35", "measured": false, "method": "similarity_from_hand_control_points", "figure_style": "untested", "fit_rms_m": 11.61, "loo_median_m": 19.94, "loo_max_m": 22.79, "n_control_points": "6", "outside_hull": false, "outside_boundary_by_m": 0.0, "source_document": "NFSS_03.10_0048_a.pdf", "source_page": "3579"}}, {"type": "Feature", "geometry": {"type": "Point", "coordinates": [-78.9812094, 43.2159928]}, "properties": {"site": "Niagara-Falls-Storage-Site__932023", "site_id": "932023", "location_id": "MW313", "measured": false, "method": "similarity_from_hand_control_points", "figure_style": "untested", "fit_rms_m": 11.61, "loo_median_m": 19.94, "loo_max_m": 22.79, "n_control_points": "6", "outside_hull": false, "outside_boundary_by_m": 0.0, "source_document": "NFSS_03.10_0048_a.pdf", "source_page": "3579"}}, {"type": "Feature", "geometry": {"type": "Point", "coordinates": [-78.9877529, 43.2159185]}, "properties": {"site": "Niagara-Falls-Storage-Site__932023", "site_id": "932023", "location_id": "918", "measured": false, "method": "similarity_from_hand_control_points", "figure_style": "untested", "fit_rms_m": 11.61, "loo_median_m": 19.94, "loo_max_m": 22.79, "n_control_points": "6", "outside_hull": false, "outside_boundary_by_m": 0.0, "source_document": "NFSS_03.10_0048_a.pdf | nfss-riaddendum-appendices12c-13a-2011-04.pdf", "source_page": "3579 | 544"}}, {"type": "Feature", "geometry": {"type": "Point", "coordinates": [-78.9840731, 43.2159165]}, "properties": {"site": "Niagara-Falls-Storage-Site__932023", "site_id": "932023", "location_id": "805", "measured": false, "method": "similarity_from_hand_control_points", "figure_style": "untested", "fit_rms_m": 11.61, "loo_median_m": 19.94, "loo_max_m": 22.79, "n_control_points": "6", "outside_hull": false, "outside_boundary_by_m": 0.0, "source_document": "NFSS_03.10_0048_a.pdf", "source_page": "3579"}}, {"type": "Feature", "geometry": {"type": "Point", "coordinates": [-78.982538, 43.2159301]}, "properties": {"site": "Niagara-Falls-Storage-Site__932023", "site_id": "932023", "location_id": "SUMP35", "measured": false, "method": "similarity_from_hand_control_points", "figure_style": "untested", "fit_rms_m": 11.61, "loo_median_m": 19.94, "loo_max_m": 22.79, "n_control_points": "6", "outside_hull": false, "outside_boundary_by_m": 0.0, "source_document": "NFSS_03.10_0048_a.pdf | nfss-riaddendum-appendices12c-13a-2011-04.pdf", "source_page": "3579 | 544"}}, {"type": "Feature", "geometry": {"type": "Point", "coordinates": [-78.9832361, 43.2158844]}, "properties": {"site": "Niagara-Falls-Storage-Site__932023", "site_id": "932023", "location_id": "EU081", "measured": false, "method": "similarity_from_hand_control_points", "figure_style": "untested", "fit_rms_m": 11.61, "loo_median_m": 19.94, "loo_max_m": 22.79, "n_control_points": "6", "outside_hull": false, "outside_boundary_by_m": 0.0, "source_document": "NFSS_03.10_0048_a.pdf | nfss-riaddendum-appendices12c-13a-2011-04.pdf", "source_page": "3579 | 544"}}, {"type": "Feature", "geometry": {"type": "Point", "coordinates": [-78.9877824, 43.2155547]}, "properties": {"site": "Niagara-Falls-Storage-Site__932023", "site_id": "932023", "location_id": "917", "measured": false, "method": "similarity_from_hand_control_points", "figure_style": "untested", "fit_rms_m": 11.61, "loo_median_m": 19.94, "loo_max_m": 22.79, "n_control_points": "6", "outside_hull": false, "outside_boundary_by_m": 0.0, "source_document": "NFSS_03.10_0048_a.pdf | nfss-riaddendum-appendices12c-13a-2011-04.pdf", "source_page": "3579 | 544"}}, {"type": "Feature", "geometry": {"type": "Point", "coordinates": [-78.9866317, 43.2155823]}, "properties": {"site": "Niagara-Falls-Storage-Site__932023", "site_id": "932023", "location_id": "A13H", "measured": false, "method": "similarity_from_hand_control_points", "figure_style": "untested", "fit_rms_m": 11.61, "loo_median_m": 19.94, "loo_max_m": 22.79, "n_control_points": "6", "outside_hull": false, "outside_boundary_by_m": 0.0, "source_document": "NFSS_03.10_0048_a.pdf | nfss-riaddendum-appendices12c-13a-2011-04.pdf", "source_page": "3579 | 544"}}, {"type": "Feature", "geometry": {"type": "Point", "coordinates": [-78.9858583, 43.2155826]}, "properties": {"site": "Niagara-Falls-Storage-Site__932023", "site_id": "932023", "location_id": "A11H", "measured": false, "method": "similarity_from_hand_control_points", "figure_style": "untested", "fit_rms_m": 11.61, "loo_median_m": 19.94, "loo_max_m": 22.79, "n_control_points": "6", "outside_hull": false, "outside_boundary_by_m": 0.0, "source_document": "NFSS_03.10_0048_a.pdf | nfss-riaddendum-appendices12c-13a-2011-04.pdf", "source_page": "3579 | 544"}}, {"type": "Feature", "geometry": {"type": "Point", "coordinates": [-78.9859666, 43.2156012]}, "properties": {"site": "Niagara-Falls-Storage-Site__932023", "site_id": "932023", "location_id": "A44", "measured": false, "method": "similarity_from_hand_control_points", "figure_style": "untested", "fit_rms_m": 11.61, "loo_median_m": 19.94, "loo_max_m": 22.79, "n_control_points": "6", "outside_hull": false, "outside_boundary_by_m": 0.0, "source_document": "NFSS_03.10_0048_a.pdf | nfss-riaddendum-appendices12c-13a-2011-04.pdf", "source_page": "3579 | 544"}}, {"type": "Feature", "geometry": {"type": "Point", "coordinates": [-78.9853004, 43.2156184]}, "properties": {"site": "Niagara-Falls-Storage-Site__932023", "site_id": "932023", "location_id": "A8H", "measured": false, "method": "similarity_from_hand_control_points", "figure_style": "untested", "fit_rms_m": 11.61, "loo_median_m": 19.94, "loo_max_m": 22.79, "n_control_points": "6", "outside_hull": false, "outside_boundary_by_m": 0.0, "source_document": "NFSS_03.10_0048_a.pdf | nfss-riaddendum-appendices12c-13a-2011-04.pdf", "source_page": "3579 | 544"}}, {"type": "Feature", "geometry": {"type": "Point", "coordinates": [-78.980585, 43.2156381]}, "properties": {"site": "Niagara-Falls-Storage-Site__932023", "site_id": "932023", "location_id": "MW314", "measured": false, "method": "similarity_from_hand_control_points", "figure_style": "untested", "fit_rms_m": 11.61, "loo_median_m": 19.94, "loo_max_m": 22.79, "n_control_points": "6", "outside_hull": false, "outside_boundary_by_m": 0.0, "source_document": "NFSS_03.10_0048_a.pdf", "source_page": "3579"}}, {"type": "Feature", "geometry": {"type": "Point", "coordinates": [-78.9863666, 43.2155593]}, "properties": {"site": "Niagara-Falls-Storage-Site__932023", "site_id": "932023", "location_id": "A22", "measured": false, "method": "similarity_from_hand_control_points", "figure_style": "untested", "fit_rms_m": 11.61, "loo_median_m": 19.94, "loo_max_m": 22.79, "n_control_points": "6", "outside_hull": false, "outside_boundary_by_m": 0.0, "source_document": "NFSS_03.10_0048_a.pdf | nfss-riaddendum-appendices12c-13a-2011-04.pdf", "source_page": "3579 | 544"}}, {"type": "Feature", "geometry": {"type": "Point", "coordinates": [-78.9842488, 43.2155539]}, "properties": {"site": "Niagara-Falls-Storage-Site__932023", "site_id": "932023", "location_id": "MH10", "measured": false, "method": "similarity_from_hand_control_points", "figure_style": "untested", "fit_rms_m": 11.61, "loo_median_m": 19.94, "loo_max_m": 22.79, "n_control_points": "6", "outside_hull": false, "outside_boundary_by_m": 0.0, "source_document": "NFSS_03.10_0048_a.pdf", "source_page": "3579"}}, {"type": "Feature", "geometry": {"type": "Point", "coordinates": [-78.9878438, 43.2157036]}, "properties": {"site": "Niagara-Falls-Storage-Site__932023", "site_id": "932023", "location_id": "908", "measured": false, "method": "similarity_from_hand_control_points", "figure_style": "untested", "fit_rms_m": 11.61, "loo_median_m": 19.94, "loo_max_m": 22.79, "n_control_points": "6", "outside_hull": false, "outside_boundary_by_m": 0.0, "source_document": "NFSS_03.10_0048_a.pdf", "source_page": "3579"}}, {"type": "Feature", "geometry": {"type": "Point", "coordinates": [-78.9846262, 43.2156926]}, "properties": {"site": "Niagara-Falls-Storage-Site__932023", "site_id": "932023", "location_id": "842", "measured": false, "method": "similarity_from_hand_control_points", "figure_style": "untested", "fit_rms_m": 11.61, "loo_median_m": 19.94, "loo_max_m": 22.79, "n_control_points": "6", "outside_hull": false, "outside_boundary_by_m": 0.0, "source_document": "NFSS_03.10_0048_a.pdf", "source_page": "3579"}}, {"type": "Feature", "geometry": {"type": "Point", "coordinates": [-78.9812156, 43.2157098]}, "properties": {"site": "Niagara-Falls-Storage-Site__932023", "site_id": "932023", "location_id": "BH34", "measured": false, "method": "similarity_from_hand_control_points", "figure_style": "untested", "fit_rms_m": 11.61, "loo_median_m": 19.94, "loo_max_m": 22.79, "n_control_points": "6", "outside_hull": false, "outside_boundary_by_m": 0.0, "source_document": "NFSS_03.10_0048_a.pdf", "source_page": "3579"}}, {"type": "Feature", "geometry": {"type": "Point", "coordinates": [-78.9800578, 43.2156982]}, "properties": {"site": "Niagara-Falls-Storage-Site__932023", "site_id": "932023", "location_id": "722", "measured": false, "method": "similarity_from_hand_control_points", "figure_style": "untested", "fit_rms_m": 11.61, "loo_median_m": 19.94, "loo_max_m": 22.79, "n_control_points": "6", "outside_hull": false, "outside_boundary_by_m": 0.0, "source_document": "NFSS_03.10_0048_a.pdf | nfss-riaddendum-appendices12c-13a-2011-04.pdf", "source_page": "3579 | 544"}}, {"type": "Feature", "geometry": {"type": "Point", "coordinates": [-78.986766, 43.2158244]}, "properties": {"site": "Niagara-Falls-Storage-Site__932023", "site_id": "932023", "location_id": "BH66", "measured": false, "method": "similarity_from_hand_control_points", "figure_style": "untested", "fit_rms_m": 11.61, "loo_median_m": 19.94, "loo_max_m": 22.79, "n_control_points": "6", "outside_hull": false, "outside_boundary_by_m": 0.0, "source_document": "NFSS_03.10_0048_a.pdf | nfss-riaddendum-appendices12c-13a-2011-04.pdf", "source_page": "3579 | 544"}}, {"type": "Feature", "geometry": {"type": "Point", "coordinates": [-78.98763, 43.2158375]}, "properties": {"site": "Niagara-Falls-Storage-Site__932023", "site_id": "932023", "location_id": "742", "measured": false, "method": "similarity_from_hand_control_points", "figure_style": "untested", "fit_rms_m": 11.61, "loo_median_m": 19.94, "loo_max_m": 22.79, "n_control_points": "6", "outside_hull": false, "outside_boundary_by_m": 0.0, "source_document": "NFSS_03.10_0048_a.pdf | nfss-riaddendum-appendices12c-13a-2011-04.pdf", "source_page": "3579 | 544"}}, {"type": "Feature", "geometry": {"type": "Point", "coordinates": [-78.9861822, 43.2154518]}, "properties": {"site": "Niagara-Falls-Storage-Site__932023", "site_id": "932023", "location_id": "A12", "measured": false, "method": "similarity_from_hand_control_points", "figure_style": "untested", "fit_rms_m": 11.61, "loo_median_m": 19.94, "loo_max_m": 22.79, "n_control_points": "6", "outside_hull": false, "outside_boundary_by_m": 0.0, "source_document": "NFSS_03.10_0048_a.pdf", "source_page": "3579"}}, {"type": "Feature", "geometry": {"type": "Point", "coordinates": [-78.9852001, 43.2154313]}, "properties": {"site": "Niagara-Falls-Storage-Site__932023", "site_id": "932023", "location_id": "707", "measured": false, "method": "similarity_from_hand_control_points", "figure_style": "untested", "fit_rms_m": 11.61, "loo_median_m": 19.94, "loo_max_m": 22.79, "n_control_points": "6", "outside_hull": false, "outside_boundary_by_m": 0.0, "source_document": "NFSS_03.10_0048_a.pdf | nfss-riaddendum-appendices12c-13a-2011-04.pdf", "source_page": "3579 | 544"}}, {"type": "Feature", "geometry": {"type": "Point", "coordinates": [-78.9823315, 43.215459]}, "properties": {"site": "Niagara-Falls-Storage-Site__932023", "site_id": "932023", "location_id": "219", "measured": false, "method": "similarity_from_hand_control_points", "figure_style": "untested", "fit_rms_m": 11.61, "loo_median_m": 19.94, "loo_max_m": 22.79, "n_control_points": "6", "outside_hull": false, "outside_boundary_by_m": 0.0, "source_document": "NFSS_03.10_0048_a.pdf", "source_page": "3579"}}, {"type": "Feature", "geometry": {"type": "Point", "coordinates": [-78.9858873, 43.2153927]}, "properties": {"site": "Niagara-Falls-Storage-Site__932023", "site_id": "932023", "location_id": "A10", "measured": false, "method": "similarity_from_hand_control_points", "figure_style": "untested", "fit_rms_m": 11.61, "loo_median_m": 19.94, "loo_max_m": 22.79, "n_control_points": "6", "outside_hull": false, "outside_boundary_by_m": 0.0, "source_document": "NFSS_03.10_0048_a.pdf", "source_page": "3579"}}, {"type": "Feature", "geometry": {"type": "Point", "coordinates": [-78.9845426, 43.2152859]}, "properties": {"site": "Niagara-Falls-Storage-Site__932023", "site_id": "932023", "location_id": "EU111", "measured": false, "method": "similarity_from_hand_control_points", "figure_style": "untested", "fit_rms_m": 11.61, "loo_median_m": 19.94, "loo_max_m": 22.79, "n_control_points": "6", "outside_hull": false, "outside_boundary_by_m": 0.0, "source_document": "NFSS_03.10_0048_a.pdf | nfss-riaddendum-appendices12c-13a-2011-04.pdf", "source_page": "3579 | 544"}}, {"type": "Feature", "geometry": {"type": "Point", "coordinates": [-78.9834008, 43.2153174]}, "properties": {"site": "Niagara-Falls-Storage-Site__932023", "site_id": "932023", "location_id": "215", "measured": false, "method": "similarity_from_hand_control_points", "figure_style": "untested", "fit_rms_m": 11.61, "loo_median_m": 19.94, "loo_max_m": 22.79, "n_control_points": "6", "outside_hull": false, "outside_boundary_by_m": 0.0, "source_document": "NFSS_03.10_0048_a.pdf | nfss-riaddendum-appendices12c-13a-2011-04.pdf", "source_page": "3579 | 544"}}, {"type": "Feature", "geometry": {"type": "Point", "coordinates": [-78.9799544, 43.2153103]}, "properties": {"site": "Niagara-Falls-Storage-Site__932023", "site_id": "932023", "location_id": "BH39", "measured": false, "method": "similarity_from_hand_control_points", "figure_style": "untested", "fit_rms_m": 11.61, "loo_median_m": 19.94, "loo_max_m": 22.79, "n_control_points": "6", "outside_hull": false, "outside_boundary_by_m": 0.3, "source_document": "NFSS_03.10_0048_a.pdf", "source_page": "3579"}}, {"type": "Feature", "geometry": {"type": "Point", "coordinates": [-78.9804228, 43.2154805]}, "properties": {"site": "Niagara-Falls-Storage-Site__932023", "site_id": "932023", "location_id": "EU122", "measured": false, "method": "similarity_from_hand_control_points", "figure_style": "untested", "fit_rms_m": 11.61, "loo_median_m": 19.94, "loo_max_m": 22.79, "n_control_points": "6", "outside_hull": false, "outside_boundary_by_m": 0.0, "source_document": "NFSS_03.10_0048_a.pdf | nfss-riaddendum-appendices12c-13a-2011-04.pdf", "source_page": "3579 | 544"}}, {"type": "Feature", "geometry": {"type": "Point", "coordinates": [-78.9857306, 43.2155055]}, "properties": {"site": "Niagara-Falls-Storage-Site__932023", "site_id": "932023", "location_id": "A9H", "measured": false, "method": "similarity_from_hand_control_points", "figure_style": "untested", "fit_rms_m": 11.61, "loo_median_m": 19.94, "loo_max_m": 22.79, "n_control_points": "6", "outside_hull": false, "outside_boundary_by_m": 0.0, "source_document": "NFSS_03.10_0048_a.pdf | nfss-riaddendum-appendices12c-13a-2011-04.pdf", "source_page": "3579 | 544"}}, {"type": "Feature", "geometry": {"type": "Point", "coordinates": [-78.9851817, 43.2154738]}, "properties": {"site": "Niagara-Falls-Storage-Site__932023", "site_id": "932023", "location_id": "CD2", "measured": false, "method": "similarity_from_hand_control_points", "figure_style": "untested", "fit_rms_m": 11.61, "loo_median_m": 19.94, "loo_max_m": 22.79, "n_control_points": "6", "outside_hull": false, "outside_boundary_by_m": 0.0, "source_document": "NFSS_03.10_0048_a.pdf | nfss-riaddendum-appendices12c-13a-2011-04.pdf", "source_page": "3579 | 544"}}, {"type": "Feature", "geometry": {"type": "Point", "coordinates": [-78.984282, 43.2154656]}, "properties": {"site": "Niagara-Falls-Storage-Site__932023", "site_id": "932023", "location_id": "752", "measured": false, "method": "similarity_from_hand_control_points", "figure_style": "untested", "fit_rms_m": 11.61, "loo_median_m": 19.94, "loo_max_m": 22.79, "n_control_points": "6", "outside_hull": false, "outside_boundary_by_m": 0.0, "source_document": "NFSS_03.10_0048_a.pdf", "source_page": "3579"}}, {"type": "Feature", "geometry": {"type": "Point", "coordinates": [-78.9824066, 43.2154581]}, "properties": {"site": "Niagara-Falls-Storage-Site__932023", "site_id": "932023", "location_id": "720", "measured": false, "method": "similarity_from_hand_control_points", "figure_style": "untested", "fit_rms_m": 11.61, "loo_median_m": 19.94, "loo_max_m": 22.79, "n_control_points": "6", "outside_hull": false, "outside_boundary_by_m": 0.0, "source_document": "NFSS_03.10_0048_a.pdf", "source_page": "3579"}}, {"type": "Feature", "geometry": {"type": "Point", "coordinates": [-78.981379, 43.2154796]}, "properties": {"site": "Niagara-Falls-Storage-Site__932023", "site_id": "932023", "location_id": "721", "measured": false, "method": "similarity_from_hand_control_points", "figure_style": "untested", "fit_rms_m": 11.61, "loo_median_m": 19.94, "loo_max_m": 22.79, "n_control_points": "6", "outside_hull": false, "outside_boundary_by_m": 0.0, "source_document": "NFSS_03.10_0048_a.pdf | nfss-riaddendum-appendices12c-13a-2011-04.pdf", "source_page": "3579 | 544"}}, {"type": "Feature", "geometry": {"type": "Point", "coordinates": [-78.9866068, 43.2153443]}, "properties": {"site": "Niagara-Falls-Storage-Site__932023", "site_id": "932023", "location_id": "A14H", "measured": false, "method": "similarity_from_hand_control_points", "figure_style": "untested", "fit_rms_m": 11.61, "loo_median_m": 19.94, "loo_max_m": 22.79, "n_control_points": "6", "outside_hull": false, "outside_boundary_by_m": 0.0, "source_document": "NFSS_03.10_0048_a.pdf | nfss-riaddendum-appendices12c-13a-2011-04.pdf", "source_page": "3579 | 544"}}, {"type": "Feature", "geometry": {"type": "Point", "coordinates": [-78.9810509, 43.2152627]}, "properties": {"site": "Niagara-Falls-Storage-Site__932023", "site_id": "932023", "location_id": "719", "measured": false, "method": "similarity_from_hand_control_points", "figure_style": "untested", "fit_rms_m": 11.61, "loo_median_m": 19.94, "loo_max_m": 22.79, "n_control_points": "6", "outside_hull": false, "outside_boundary_by_m": 0.0, "source_document": "NFSS_03.10_0048_a.pdf | nfss-riaddendum-appendices12c-13a-2011-04.pdf", "source_page": "3579 | 544"}}, {"type": "Feature", "geometry": {"type": "Point", "coordinates": [-78.9877824, 43.2151214]}, "properties": {"site": "Niagara-Falls-Storage-Site__932023", "site_id": "932023", "location_id": "916", "measured": false, "method": "similarity_from_hand_control_points", "figure_style": "untested", "fit_rms_m": 11.61, "loo_median_m": 19.94, "loo_max_m": 22.79, "n_control_points": "6", "outside_hull": false, "outside_boundary_by_m": 0.0, "source_document": "NFSS_03.10_0048_a.pdf | nfss-riaddendum-appendices12c-13a-2011-04.pdf", "source_page": "3579 | 544"}}, {"type": "Feature", "geometry": {"type": "Point", "coordinates": [-78.9801904, 43.2152136]}, "properties": {"site": "Niagara-Falls-Storage-Site__932023", "site_id": "932023", "location_id": "BH38", "measured": false, "method": "similarity_from_hand_control_points", "figure_style": "untested", "fit_rms_m": 11.61, "loo_median_m": 19.94, "loo_max_m": 22.79, "n_control_points": "6", "outside_hull": false, "outside_boundary_by_m": 0.0, "source_document": "NFSS_03.10_0048_a.pdf", "source_page": "3579"}}, {"type": "Feature", "geometry": {"type": "Point", "coordinates": [-78.987635, 43.2150846]}, "properties": {"site": "Niagara-Falls-Storage-Site__932023", "site_id": "932023", "location_id": "MW938", "measured": false, "method": "similarity_from_hand_control_points", "figure_style": "untested", "fit_rms_m": 11.61, "loo_median_m": 19.94, "loo_max_m": 22.79, "n_control_points": "6", "outside_hull": false, "outside_boundary_by_m": 0.0, "source_document": "NFSS_03.10_0048_a.pdf", "source_page": "3579"}}, {"type": "Feature", "geometry": {"type": "Point", "coordinates": [-78.9878856, 43.2148865]}, "properties": {"site": "Niagara-Falls-Storage-Site__932023", "site_id": "932023", "location_id": "907", "measured": false, "method": "similarity_from_hand_control_points", "figure_style": "untested", "fit_rms_m": 11.61, "loo_median_m": 19.94, "loo_max_m": 22.79, "n_control_points": "6", "outside_hull": false, "outside_boundary_by_m": 0.0, "source_document": "NFSS_03.10_0048_a.pdf | nfss-riaddendum-appendices12c-13a-2011-04.pdf", "source_page": "3579 | 544"}}, {"type": "Feature", "geometry": {"type": "Point", "coordinates": [-78.9853341, 43.2149126]}, "properties": {"site": "Niagara-Falls-Storage-Site__932023", "site_id": "932023", "location_id": "A47", "measured": false, "method": "similarity_from_hand_control_points", "figure_style": "untested", "fit_rms_m": 11.61, "loo_median_m": 19.94, "loo_max_m": 22.79, "n_control_points": "6", "outside_hull": false, "outside_boundary_by_m": 0.0, "source_document": "NFSS_03.10_0048_a.pdf | nfss-riaddendum-appendices12c-13a-2011-04.pdf", "source_page": "3579 | 544"}}, {"type": "Feature", "geometry": {"type": "Point", "coordinates": [-78.9854791, 43.2149914]}, "properties": {"site": "Niagara-Falls-Storage-Site__932023", "site_id": "932023", "location_id": "A46", "measured": false, "method": "similarity_from_hand_control_points", "figure_style": "untested", "fit_rms_m": 11.61, "loo_median_m": 19.94, "loo_max_m": 22.79, "n_control_points": "6", "outside_hull": false, "outside_boundary_by_m": 0.0, "source_document": "NFSS_03.10_0048_a.pdf | nfss-riaddendum-appendices12c-13a-2011-04.pdf", "source_page": "3579 | 544"}}, {"type": "Feature", "geometry": {"type": "Point", "coordinates": [-78.9872625, 43.2149409]}, "properties": {"site": "Niagara-Falls-Storage-Site__932023", "site_id": "932023", "location_id": "TWP939", "measured": false, "method": "similarity_from_hand_control_points", "figure_style": "untested", "fit_rms_m": 11.61, "loo_median_m": 19.94, "loo_max_m": 22.79, "n_control_points": "6", "outside_hull": false, "outside_boundary_by_m": 0.0, "source_document": "NFSS_03.10_0048_a.pdf | nfss-riaddendum-appendices12c-13a-2011-04.pdf", "source_page": "3579 | 544"}}, {"type": "Feature", "geometry": {"type": "Point", "coordinates": [-78.9800725, 43.2149313]}, "properties": {"site": "Niagara-Falls-Storage-Site__932023", "site_id": "932023", "location_id": "206", "measured": false, "method": "similarity_from_hand_control_points", "figure_style": "untested", "fit_rms_m": 11.61, "loo_median_m": 19.94, "loo_max_m": 22.79, "n_control_points": "6", "outside_hull": false, "outside_boundary_by_m": 0.0, "source_document": "NFSS_03.10_0048_a.pdf | nfss-riaddendum-appendices12c-13a-2011-04.pdf", "source_page": "3579 | 544"}}, {"type": "Feature", "geometry": {"type": "Point", "coordinates": [-78.9837474, 43.2148642]}, "properties": {"site": "Niagara-Falls-Storage-Site__932023", "site_id": "932023", "location_id": "MH03", "measured": false, "method": "similarity_from_hand_control_points", "figure_style": "untested", "fit_rms_m": 11.61, "loo_median_m": 19.94, "loo_max_m": 22.79, "n_control_points": "6", "outside_hull": false, "outside_boundary_by_m": 0.0, "source_document": "NFSS_03.10_0048_a.pdf", "source_page": "3579"}}, {"type": "Feature", "geometry": {"type": "Point", "coordinates": [-78.9831329, 43.2148714]}, "properties": {"site": "Niagara-Falls-Storage-Site__932023", "site_id": "932023", "location_id": "MH05", "measured": false, "method": "similarity_from_hand_control_points", "figure_style": "untested", "fit_rms_m": 11.61, "loo_median_m": 19.94, "loo_max_m": 22.79, "n_control_points": "6", "outside_hull": false, "outside_boundary_by_m": 0.0, "source_document": "NFSS_03.10_0048_a.pdf", "source_page": "3579"}}, {"type": "Feature", "geometry": {"type": "Point", "coordinates": [-78.9868779, 43.2148338]}, "properties": {"site": "Niagara-Falls-Storage-Site__932023", "site_id": "932023", "location_id": "A15", "measured": false, "method": "similarity_from_hand_control_points", "figure_style": "untested", "fit_rms_m": 11.61, "loo_median_m": 19.94, "loo_max_m": 22.79, "n_control_points": "6", "outside_hull": false, "outside_boundary_by_m": 0.0, "source_document": "NFSS_03.10_0048_a.pdf", "source_page": "3579"}}, {"type": "Feature", "geometry": {"type": "Point", "coordinates": [-78.9846077, 43.2148148]}, "properties": {"site": "Niagara-Falls-Storage-Site__932023", "site_id": "932023", "location_id": "843", "measured": false, "method": "similarity_from_hand_control_points", "figure_style": "untested", "fit_rms_m": 11.61, "loo_median_m": 19.94, "loo_max_m": 22.79, "n_control_points": "6", "outside_hull": false, "outside_boundary_by_m": 0.0, "source_document": "NFSS_03.10_0048_a.pdf | nfss-riaddendum-appendices12c-13a-2011-04.pdf", "source_page": "3579 | 544"}}, {"type": "Feature", "geometry": {"type": "Point", "coordinates": [-78.9819149, 43.2147754]}, "properties": {"site": "Niagara-Falls-Storage-Site__932023", "site_id": "932023", "location_id": "210", "measured": false, "method": "similarity_from_hand_control_points", "figure_style": "untested", "fit_rms_m": 11.61, "loo_median_m": 19.94, "loo_max_m": 22.79, "n_control_points": "6", "outside_hull": false, "outside_boundary_by_m": 0.0, "source_document": "NFSS_03.10_0048_a.pdf", "source_page": "3579"}}, {"type": "Feature", "geometry": {"type": "Point", "coordinates": [-78.9864793, 43.2147471]}, "properties": {"site": "Niagara-Falls-Storage-Site__932023", "site_id": "932023", "location_id": "BH72", "measured": true, "method": "measured_control_point", "figure_style": "untested", "fit_rms_m": 11.61, "loo_median_m": 19.94, "loo_max_m": 22.79, "n_control_points": "6", "outside_hull": false, "outside_boundary_by_m": 0.0, "source_document": "NFSS_03.10_0048_a.pdf | nfss-riaddendum-appendices12c-13a-2011-04.pdf", "source_page": "3579 | 544"}}, {"type": "Feature", "geometry": {"type": "Point", "coordinates": [-78.9869626, 43.214598]}, "properties": {"site": "Niagara-Falls-Storage-Site__932023", "site_id": "932023", "location_id": "A20", "measured": false, "method": "similarity_from_hand_control_points", "figure_style": "untested", "fit_rms_m": 11.61, "loo_median_m": 19.94, "loo_max_m": 22.79, "n_control_points": "6", "outside_hull": false, "outside_boundary_by_m": 0.0, "source_document": "NFSS_03.10_0048_a.pdf | nfss-riaddendum-appendices12c-13a-2011-04.pdf", "source_page": "3579 | 544"}}, {"type": "Feature", "geometry": {"type": "Point", "coordinates": [-78.9837757, 43.2146334]}, "properties": {"site": "Niagara-Falls-Storage-Site__932023", "site_id": "932023", "location_id": "MH04", "measured": false, "method": "similarity_from_hand_control_points", "figure_style": "untested", "fit_rms_m": 11.61, "loo_median_m": 19.94, "loo_max_m": 22.79, "n_control_points": "6", "outside_hull": false, "outside_boundary_by_m": 0.0, "source_document": "NFSS_03.10_0048_a.pdf", "source_page": "3579"}}, {"type": "Feature", "geometry": {"type": "Point", "coordinates": [-78.9829186, 43.214616]}, "properties": {"site": "Niagara-Falls-Storage-Site__932023", "site_id": "932023", "location_id": "221A", "measured": false, "method": "similarity_from_hand_control_points", "figure_style": "untested", "fit_rms_m": 11.61, "loo_median_m": 19.94, "loo_max_m": 22.79, "n_control_points": "6", "outside_hull": false, "outside_boundary_by_m": 0.0, "source_document": "NFSS_03.10_0048_a.pdf", "source_page": "3579"}}, {"type": "Feature", "geometry": {"type": "Point", "coordinates": [-78.9870236, 43.2147528]}, "properties": {"site": "Niagara-Falls-Storage-Site__932023", "site_id": "932023", "location_id": "A19", "measured": false, "method": "similarity_from_hand_control_points", "figure_style": "untested", "fit_rms_m": 11.61, "loo_median_m": 19.94, "loo_max_m": 22.79, "n_control_points": "6", "outside_hull": false, "outside_boundary_by_m": 0.0, "source_document": "NFSS_03.10_0048_a.pdf | nfss-riaddendum-appendices12c-13a-2011-04.pdf", "source_page": "3579 | 544"}}, {"type": "Feature", "geometry": {"type": "Point", "coordinates": [-78.9826855, 43.2146707]}, "properties": {"site": "Niagara-Falls-Storage-Site__932023", "site_id": "932023", "location_id": "MH01", "measured": false, "method": "similarity_from_hand_control_points", "figure_style": "untested", "fit_rms_m": 11.61, "loo_median_m": 19.94, "loo_max_m": 22.79, "n_control_points": "6", "outside_hull": false, "outside_boundary_by_m": 0.0, "source_document": "NFSS_03.10_0048_a.pdf", "source_page": "3579"}}, {"type": "Feature", "geometry": {"type": "Point", "coordinates": [-78.9868631, 43.2146851]}, "properties": {"site": "Niagara-Falls-Storage-Site__932023", "site_id": "932023", "location_id": "A21", "measured": false, "method": "similarity_from_hand_control_points", "figure_style": "untested", "fit_rms_m": 11.61, "loo_median_m": 19.94, "loo_max_m": 22.79, "n_control_points": "6", "outside_hull": false, "outside_boundary_by_m": 0.0, "source_document": "NFSS_03.10_0048_a.pdf | nfss-riaddendum-appendices12c-13a-2011-04.pdf", "source_page": "3579 | 544"}}, {"type": "Feature", "geometry": {"type": "Point", "coordinates": [-78.9854275, 43.2146779]}, "properties": {"site": "Niagara-Falls-Storage-Site__932023", "site_id": "932023", "location_id": "A5", "measured": false, "method": "similarity_from_hand_control_points", "figure_style": "untested", "fit_rms_m": 11.61, "loo_median_m": 19.94, "loo_max_m": 22.79, "n_control_points": "6", "outside_hull": false, "outside_boundary_by_m": 0.0, "source_document": "NFSS_03.10_0048_a.pdf", "source_page": "3579"}}, {"type": "Feature", "geometry": {"type": "Point", "coordinates": [-78.9817772, 43.2146625]}, "properties": {"site": "Niagara-Falls-Storage-Site__932023", "site_id": "932023", "location_id": "209", "measured": false, "method": "similarity_from_hand_control_points", "figure_style": "untested", "fit_rms_m": 11.61, "loo_median_m": 19.94, "loo_max_m": 22.79, "n_control_points": "6", "outside_hull": false, "outside_boundary_by_m": 0.0, "source_document": "NFSS_03.10_0048_a.pdf | nfss-riaddendum-appendices12c-13a-2011-04.pdf", "source_page": "3579 | 544"}}, {"type": "Feature", "geometry": {"type": "Point", "coordinates": [-78.9807559, 43.214677]}, "properties": {"site": "Niagara-Falls-Storage-Site__932023", "site_id": "932023", "location_id": "EU121", "measured": false, "method": "similarity_from_hand_control_points", "figure_style": "untested", "fit_rms_m": 11.61, "loo_median_m": 19.94, "loo_max_m": 22.79, "n_control_points": "6", "outside_hull": false, "outside_boundary_by_m": 0.0, "source_document": "NFSS_03.10_0048_a.pdf | nfss-riaddendum-appendices12c-13a-2011-04.pdf", "source_page": "3579 | 544"}}, {"type": "Feature", "geometry": {"type": "Point", "coordinates": [-78.9827715, 43.2145963]}, "properties": {"site": "Niagara-Falls-Storage-Site__932023", "site_id": "932023", "location_id": "216", "measured": false, "method": "similarity_from_hand_control_points", "figure_style": "untested", "fit_rms_m": 11.61, "loo_median_m": 19.94, "loo_max_m": 22.79, "n_control_points": "6", "outside_hull": false, "outside_boundary_by_m": 0.0, "source_document": "NFSS_03.10_0048_a.pdf", "source_page": "3579"}}, {"type": "Feature", "geometry": {"type": "Point", "coordinates": [-78.9879372, 43.2141645]}, "properties": {"site": "Niagara-Falls-Storage-Site__932023", "site_id": "932023", "location_id": "906", "measured": false, "method": "similarity_from_hand_control_points", "figure_style": "untested", "fit_rms_m": 11.61, "loo_median_m": 19.94, "loo_max_m": 22.79, "n_control_points": "6", "outside_hull": false, "outside_boundary_by_m": 0.0, "source_document": "NFSS_03.10_0048_a.pdf | nfss-riaddendum-appendices12c-13a-2011-04.pdf", "source_page": "3579 | 544"}}, {"type": "Feature", "geometry": {"type": "Point", "coordinates": [-78.9854029, 43.2142014]}, "properties": {"site": "Niagara-Falls-Storage-Site__932023", "site_id": "932023", "location_id": "A1", "measured": false, "method": "similarity_from_hand_control_points", "figure_style": "untested", "fit_rms_m": 11.61, "loo_median_m": 19.94, "loo_max_m": 22.79, "n_control_points": "6", "outside_hull": false, "outside_boundary_by_m": 0.0, "source_document": "NFSS_03.10_0048_a.pdf", "source_page": "3579"}}, {"type": "Feature", "geometry": {"type": "Point", "coordinates": [-78.9799816, 43.2141681]}, "properties": {"site": "Niagara-Falls-Storage-Site__932023", "site_id": "932023", "location_id": "RC16", "measured": false, "method": "similarity_from_hand_control_points", "figure_style": "untested", "fit_rms_m": 11.61, "loo_median_m": 19.94, "loo_max_m": 22.79, "n_control_points": "6", "outside_hull": true, "outside_boundary_by_m": 0.0, "source_document": "NFSS_03.10_0048_a.pdf", "source_page": "3579"}}, {"type": "Feature", "geometry": {"type": "Point", "coordinates": [-78.9815498, 43.2140535]}, "properties": {"site": "Niagara-Falls-Storage-Site__932023", "site_id": "932023", "location_id": "RB03", "measured": false, "method": "similarity_from_hand_control_points", "figure_style": "untested", "fit_rms_m": 11.61, "loo_median_m": 19.94, "loo_max_m": 22.79, "n_control_points": "6", "outside_hull": false, "outside_boundary_by_m": 0.0, "source_document": "NFSS_03.10_0048_a.pdf", "source_page": "3579"}}, {"type": "Feature", "geometry": {"type": "Point", "coordinates": [-78.9817182, 43.2142147]}, "properties": {"site": "Niagara-Falls-Storage-Site__932023", "site_id": "932023", "location_id": "207", "measured": false, "method": "similarity_from_hand_control_points", "figure_style": "untested", "fit_rms_m": 11.61, "loo_median_m": 19.94, "loo_max_m": 22.79, "n_control_points": "6", "outside_hull": false, "outside_boundary_by_m": 0.0, "source_document": "NFSS_03.10_0048_a.pdf", "source_page": "3579"}}, {"type": "Feature", "geometry": {"type": "Point", "coordinates": [-78.9874722, 43.2143447]}, "properties": {"site": "Niagara-Falls-Storage-Site__932023", "site_id": "932023", "location_id": "16A", "measured": false, "method": "similarity_from_hand_control_points", "figure_style": "untested", "fit_rms_m": 11.61, "loo_median_m": 19.94, "loo_max_m": 22.79, "n_control_points": "6", "outside_hull": false, "outside_boundary_by_m": 0.0, "source_document": "NFSS_03.10_0048_a.pdf | nfss-riaddendum-appendices12c-13a-2011-04.pdf", "source_page": "3579 | 544"}}, {"type": "Feature", "geometry": {"type": "Point", "coordinates": [-78.9837302, 43.214339]}, "properties": {"site": "Niagara-Falls-Storage-Site__932023", "site_id": "932023", "location_id": "RC02", "measured": false, "method": "similarity_from_hand_control_points", "figure_style": "untested", "fit_rms_m": 11.61, "loo_median_m": 19.94, "loo_max_m": 22.79, "n_control_points": "6", "outside_hull": false, "outside_boundary_by_m": 0.0, "source_document": "NFSS_03.10_0048_a.pdf", "source_page": "3579"}}, {"type": "Feature", "geometry": {"type": "Point", "coordinates": [-78.982334, 43.2142963]}, "properties": {"site": "Niagara-Falls-Storage-Site__932023", "site_id": "932023", "location_id": "CORE10", "measured": false, "method": "similarity_from_hand_control_points", "figure_style": "untested", "fit_rms_m": 11.61, "loo_median_m": 19.94, "loo_max_m": 22.79, "n_control_points": "6", "outside_hull": false, "outside_boundary_by_m": 0.0, "source_document": "NFSS_03.10_0048_a.pdf", "source_page": "3579"}}, {"type": "Feature", "geometry": {"type": "Point", "coordinates": [-78.9820263, 43.214136]}, "properties": {"site": "Niagara-Falls-Storage-Site__932023", "site_id": "932023", "location_id": "221", "measured": false, "method": "similarity_from_hand_control_points", "figure_style": "untested", "fit_rms_m": 11.61, "loo_median_m": 19.94, "loo_max_m": 22.79, "n_control_points": "6", "outside_hull": false, "outside_boundary_by_m": 0.0, "source_document": "NFSS_03.10_0048_a.pdf", "source_page": "3579"}}, {"type": "Feature", "geometry": {"type": "Point", "coordinates": [-78.9847171, 43.2144056]}, "properties": {"site": "Niagara-Falls-Storage-Site__932023", "site_id": "932023", "location_id": "EU103", "measured": false, "method": "similarity_from_hand_control_points", "figure_style": "untested", "fit_rms_m": 11.61, "loo_median_m": 19.94, "loo_max_m": 22.79, "n_control_points": "6", "outside_hull": false, "outside_boundary_by_m": 0.0, "source_document": "NFSS_03.10_0048_a.pdf | nfss-riaddendum-appendices12c-13a-2011-04.pdf", "source_page": "3579 | 544"}}, {"type": "Feature", "geometry": {"type": "Point", "coordinates": [-78.9818805, 43.214367]}, "properties": {"site": "Niagara-Falls-Storage-Site__932023", "site_id": "932023", "location_id": "EU131", "measured": false, "method": "similarity_from_hand_control_points", "figure_style": "untested", "fit_rms_m": 11.61, "loo_median_m": 19.94, "loo_max_m": 22.79, "n_control_points": "6", "outside_hull": false, "outside_boundary_by_m": 0.0, "source_document": "NFSS_03.10_0048_a.pdf", "source_page": "3579"}}, {"type": "Feature", "geometry": {"type": "Point", "coordinates": [-78.9861612, 43.2144307]}, "properties": {"site": "Niagara-Falls-Storage-Site__932023", "site_id": "932023", "location_id": "BH77", "measured": false, "method": "similarity_from_hand_control_points", "figure_style": "untested", "fit_rms_m": 11.61, "loo_median_m": 19.94, "loo_max_m": 22.79, "n_control_points": "6", "outside_hull": false, "outside_boundary_by_m": 0.0, "source_document": "NFSS_03.10_0048_a.pdf | nfss-riaddendum-appendices12c-13a-2011-04.pdf", "source_page": "3579 | 544"}}, {"type": "Feature", "geometry": {"type": "Point", "coordinates": [-78.9799619, 43.2142528]}, "properties": {"site": "Niagara-Falls-Storage-Site__932023", "site_id": "932023", "location_id": "BH58", "measured": false, "method": "similarity_from_hand_control_points", "figure_style": "untested", "fit_rms_m": 11.61, "loo_median_m": 19.94, "loo_max_m": 22.79, "n_control_points": "6", "outside_hull": true, "outside_boundary_by_m": 0.0, "source_document": "NFSS_03.10_0048_a.pdf", "source_page": "3579"}}, {"type": "Feature", "geometry": {"type": "Point", "coordinates": [-78.9873387, 43.2141629]}, "properties": {"site": "Niagara-Falls-Storage-Site__932023", "site_id": "932023", "location_id": "856", "measured": false, "method": "similarity_from_hand_control_points", "figure_style": "untested", "fit_rms_m": 11.61, "loo_median_m": 19.94, "loo_max_m": 22.79, "n_control_points": "6", "outside_hull": false, "outside_boundary_by_m": 0.0, "source_document": "NFSS_03.10_0048_a.pdf | nfss-riaddendum-appendices12c-13a-2011-04.pdf", "source_page": "3579 | 544"}}, {"type": "Feature", "geometry": {"type": "Point", "coordinates": [-78.9853783, 43.2144765]}, "properties": {"site": "Niagara-Falls-Storage-Site__932023", "site_id": "932023", "location_id": "A48", "measured": false, "method": "similarity_from_hand_control_points", "figure_style": "untested", "fit_rms_m": 11.61, "loo_median_m": 19.94, "loo_max_m": 22.79, "n_control_points": "6", "outside_hull": false, "outside_boundary_by_m": 0.0, "source_document": "NFSS_03.10_0048_a.pdf | nfss-riaddendum-appendices12c-13a-2011-04.pdf", "source_page": "3579 | 544"}}, {"type": "Feature", "geometry": {"type": "Point", "coordinates": [-78.98549, 43.2143803]}, "properties": {"site": "Niagara-Falls-Storage-Site__932023", "site_id": "932023", "location_id": "A3", "measured": false, "method": "similarity_from_hand_control_points", "figure_style": "untested", "fit_rms_m": 11.61, "loo_median_m": 19.94, "loo_max_m": 22.79, "n_control_points": "6", "outside_hull": false, "outside_boundary_by_m": 0.0, "source_document": "NFSS_03.10_0048_a.pdf", "source_page": "3579"}}, {"type": "Feature", "geometry": {"type": "Point", "coordinates": [-78.9822443, 43.2143764]}, "properties": {"site": "Niagara-Falls-Storage-Site__932023", "site_id": "932023", "location_id": "CORE01", "measured": false, "method": "similarity_from_hand_control_points", "figure_style": "untested", "fit_rms_m": 11.61, "loo_median_m": 19.94, "loo_max_m": 22.79, "n_control_points": "6", "outside_hull": false, "outside_boundary_by_m": 0.0, "source_document": "NFSS_03.10_0048_a.pdf", "source_page": "3579"}}, {"type": "Feature", "geometry": {"type": "Point", "coordinates": [-78.9868631, 43.2144701]}, "properties": {"site": "Niagara-Falls-Storage-Site__932023", "site_id": "932023", "location_id": "A16", "measured": false, "method": "similarity_from_hand_control_points", "figure_style": "untested", "fit_rms_m": 11.61, "loo_median_m": 19.94, "loo_max_m": 22.79, "n_control_points": "6", "outside_hull": false, "outside_boundary_by_m": 0.0, "source_document": "NFSS_03.10_0048_a.pdf", "source_page": "3579"}}, {"type": "Feature", "geometry": {"type": "Point", "coordinates": [-78.985146, 43.2144737]}, "properties": {"site": "Niagara-Falls-Storage-Site__932023", "site_id": "932023", "location_id": "706", "measured": false, "method": "similarity_from_hand_control_points", "figure_style": "untested", "fit_rms_m": 11.61, "loo_median_m": 19.94, "loo_max_m": 22.79, "n_control_points": "6", "outside_hull": false, "outside_boundary_by_m": 0.0, "source_document": "NFSS_03.10_0048_a.pdf", "source_page": "3579"}}, {"type": "Feature", "geometry": {"type": "Point", "coordinates": [-78.9822062, 43.2144182]}, "properties": {"site": "Niagara-Falls-Storage-Site__932023", "site_id": "932023", "location_id": "CORE06", "measured": false, "method": "similarity_from_hand_control_points", "figure_style": "untested", "fit_rms_m": 11.61, "loo_median_m": 19.94, "loo_max_m": 22.79, "n_control_points": "6", "outside_hull": false, "outside_boundary_by_m": 0.0, "source_document": "NFSS_03.10_0048_a.pdf", "source_page": "3579"}}, {"type": "Feature", "geometry": {"type": "Point", "coordinates": [-78.98558, 43.2142695]}, "properties": {"site": "Niagara-Falls-Storage-Site__932023", "site_id": "932023", "location_id": "A2", "measured": false, "method": "similarity_from_hand_control_points", "figure_style": "untested", "fit_rms_m": 11.61, "loo_median_m": 19.94, "loo_max_m": 22.79, "n_control_points": "6", "outside_hull": false, "outside_boundary_by_m": 0.0, "source_document": "NFSS_03.10_0048_a.pdf", "source_page": "3579"}}, {"type": "Feature", "geometry": {"type": "Point", "coordinates": [-78.9868631, 43.2143375]}, "properties": {"site": "Niagara-Falls-Storage-Site__932023", "site_id": "932023", "location_id": "A17", "measured": false, "method": "similarity_from_hand_control_points", "figure_style": "untested", "fit_rms_m": 11.61, "loo_median_m": 19.94, "loo_max_m": 22.79, "n_control_points": "6", "outside_hull": false, "outside_boundary_by_m": 0.0, "source_document": "NFSS_03.10_0048_a.pdf | nfss-riaddendum-appendices12c-13a-2011-04.pdf", "source_page": "3579 | 544"}}, {"type": "Feature", "geometry": {"type": "Point", "coordinates": [-78.984475, 43.2143188]}, "properties": {"site": "Niagara-Falls-Storage-Site__932023", "site_id": "932023", "location_id": "845", "measured": false, "method": "similarity_from_hand_control_points", "figure_style": "untested", "fit_rms_m": 11.61, "loo_median_m": 19.94, "loo_max_m": 22.79, "n_control_points": "6", "outside_hull": false, "outside_boundary_by_m": 0.0, "source_document": "NFSS_03.10_0048_a.pdf", "source_page": "3579"}}, {"type": "Feature", "geometry": {"type": "Point", "coordinates": [-78.985516, 43.21454]}, "properties": {"site": "Niagara-Falls-Storage-Site__932023", "site_id": "932023", "location_id": "A4", "measured": false, "method": "similarity_from_hand_control_points", "figure_style": "untested", "fit_rms_m": 11.61, "loo_median_m": 19.94, "loo_max_m": 22.79, "n_control_points": "6", "outside_hull": false, "outside_boundary_by_m": 0.0, "source_document": "NFSS_03.10_0048_a.pdf", "source_page": "3579"}}, {"type": "Feature", "geometry": {"type": "Point", "coordinates": [-78.9846925, 43.2145194]}, "properties": {"site": "Niagara-Falls-Storage-Site__932023", "site_id": "932023", "location_id": "844", "measured": false, "method": "similarity_from_hand_control_points", "figure_style": "untested", "fit_rms_m": 11.61, "loo_median_m": 19.94, "loo_max_m": 22.79, "n_control_points": "6", "outside_hull": false, "outside_boundary_by_m": 0.0, "source_document": "NFSS_03.10_0048_a.pdf | nfss-riaddendum-appendices12c-13a-2011-04.pdf", "source_page": "3579 | 544"}}, {"type": "Feature", "geometry": {"type": "Point", "coordinates": [-78.9869, 43.2142175]}, "properties": {"site": "Niagara-Falls-Storage-Site__932023", "site_id": "932023", "location_id": "A18", "measured": false, "method": "similarity_from_hand_control_points", "figure_style": "untested", "fit_rms_m": 11.61, "loo_median_m": 19.94, "loo_max_m": 22.79, "n_control_points": "6", "outside_hull": false, "outside_boundary_by_m": 0.0, "source_document": "NFSS_03.10_0048_a.pdf | nfss-riaddendum-appendices12c-13a-2011-04.pdf", "source_page": "3579 | 544"}}, {"type": "Feature", "geometry": {"type": "Point", "coordinates": [-78.9824409, 43.2140141]}, "properties": {"site": "Niagara-Falls-Storage-Site__932023", "site_id": "932023", "location_id": "225", "measured": false, "method": "similarity_from_hand_control_points", "figure_style": "untested", "fit_rms_m": 11.61, "loo_median_m": 19.94, "loo_max_m": 22.79, "n_control_points": "6", "outside_hull": false, "outside_boundary_by_m": 0.0, "source_document": "NFSS_03.10_0048_a.pdf", "source_page": "3579"}}, {"type": "Feature", "geometry": {"type": "Point", "coordinates": [-78.9878512, 43.2139309]}, "properties": {"site": "Niagara-Falls-Storage-Site__932023", "site_id": "932023", "location_id": "EU092", "measured": false, "method": "similarity_from_hand_control_points", "figure_style": "untested", "fit_rms_m": 11.61, "loo_median_m": 19.94, "loo_max_m": 22.79, "n_control_points": "6", "outside_hull": false, "outside_boundary_by_m": 0.0, "source_document": "NFSS_03.10_0048_a.pdf | nfss-riaddendum-appendices12c-13a-2011-04.pdf", "source_page": "3579 | 544"}}, {"type": "Feature", "geometry": {"type": "Point", "coordinates": [-78.9818903, 43.2139345]}, "properties": {"site": "Niagara-Falls-Storage-Site__932023", "site_id": "932023", "location_id": "EU133", "measured": false, "method": "similarity_from_hand_control_points", "figure_style": "untested", "fit_rms_m": 11.61, "loo_median_m": 19.94, "loo_max_m": 22.79, "n_control_points": "6", "outside_hull": false, "outside_boundary_by_m": 0.0, "source_document": "NFSS_03.10_0048_a.pdf", "source_page": "3579"}}, {"type": "Feature", "geometry": {"type": "Point", "coordinates": [-78.9827015, 43.2138498]}, "properties": {"site": "Niagara-Falls-Storage-Site__932023", "site_id": "932023", "location_id": "224", "measured": false, "method": "similarity_from_hand_control_points", "figure_style": "untested", "fit_rms_m": 11.61, "loo_median_m": 19.94, "loo_max_m": 22.79, "n_control_points": "6", "outside_hull": false, "outside_boundary_by_m": 0.0, "source_document": "NFSS_03.10_0048_a.pdf", "source_page": "3579"}}, {"type": "Feature", "geometry": {"type": "Point", "coordinates": [-78.9847183, 43.2137625]}, "properties": {"site": "Niagara-Falls-Storage-Site__932023", "site_id": "932023", "location_id": "857", "measured": false, "method": "similarity_from_hand_control_points", "figure_style": "untested", "fit_rms_m": 11.61, "loo_median_m": 19.94, "loo_max_m": 22.79, "n_control_points": "6", "outside_hull": false, "outside_boundary_by_m": 0.0, "source_document": "NFSS_03.10_0048_a.pdf", "source_page": "3579"}}, {"type": "Feature", "geometry": {"type": "Point", "coordinates": [-78.9843447, 43.2137732]}, "properties": {"site": "Niagara-Falls-Storage-Site__932023", "site_id": "932023", "location_id": "819", "measured": false, "method": "similarity_from_hand_control_points", "figure_style": "untested", "fit_rms_m": 11.61, "loo_median_m": 19.94, "loo_max_m": 22.79, "n_control_points": "6", "outside_hull": false, "outside_boundary_by_m": 0.0, "source_document": "NFSS_03.10_0048_a.pdf | nfss-riaddendum-appendices12c-13a-2011-04.pdf", "source_page": "3579 | 544"}}, {"type": "Feature", "geometry": {"type": "Point", "coordinates": [-78.9852886, 43.2137796]}, "properties": {"site": "Niagara-Falls-Storage-Site__932023", "site_id": "932023", "location_id": "MW862", "measured": false, "method": "similarity_from_hand_control_points", "figure_style": "untested", "fit_rms_m": 11.61, "loo_median_m": 19.94, "loo_max_m": 22.79, "n_control_points": "6", "outside_hull": false, "outside_boundary_by_m": 0.0, "source_document": "NFSS_03.10_0048_a.pdf", "source_page": "3579"}}, {"type": "Feature", "geometry": {"type": "Point", "coordinates": [-78.9828522, 43.21374]}, "properties": {"site": "Niagara-Falls-Storage-Site__932023", "site_id": "932023", "location_id": "223", "measured": false, "method": "similarity_from_hand_control_points", "figure_style": "untested", "fit_rms_m": 11.61, "loo_median_m": 19.94, "loo_max_m": 22.79, "n_control_points": "6", "outside_hull": false, "outside_boundary_by_m": 0.0, "source_document": "NFSS_03.10_0048_a.pdf", "source_page": "3579"}}, {"type": "Feature", "geometry": {"type": "Point", "coordinates": [-78.9824384, 43.2137453]}, "properties": {"site": "Niagara-Falls-Storage-Site__932023", "site_id": "932023", "location_id": "MW228", "measured": false, "method": "similarity_from_hand_control_points", "figure_style": "untested", "fit_rms_m": 11.61, "loo_median_m": 19.94, "loo_max_m": 22.79, "n_control_points": "6", "outside_hull": false, "outside_boundary_by_m": 0.0, "source_document": "NFSS_03.10_0048_a.pdf", "source_page": "3579"}}, {"type": "Feature", "geometry": {"type": "Point", "coordinates": [-78.9853365, 43.2137088]}, "properties": {"site": "Niagara-Falls-Storage-Site__932023", "site_id": "932023", "location_id": "A24", "measured": false, "method": "similarity_from_hand_control_points", "figure_style": "untested", "fit_rms_m": 11.61, "loo_median_m": 19.94, "loo_max_m": 22.79, "n_control_points": "6", "outside_hull": false, "outside_boundary_by_m": 0.0, "source_document": "NFSS_03.10_0048_a.pdf | nfss-riaddendum-appendices12c-13a-2011-04.pdf", "source_page": "3579 | 544"}}, {"type": "Feature", "geometry": {"type": "Point", "coordinates": [-78.9824642, 43.2136407]}, "properties": {"site": "Niagara-Falls-Storage-Site__932023", "site_id": "932023", "location_id": "227", "measured": false, "method": "similarity_from_hand_control_points", "figure_style": "untested", "fit_rms_m": 11.61, "loo_median_m": 19.94, "loo_max_m": 22.79, "n_control_points": "6", "outside_hull": false, "outside_boundary_by_m": 0.0, "source_document": "NFSS_03.10_0048_a.pdf", "source_page": "3579"}}, {"type": "Feature", "geometry": {"type": "Point", "coordinates": [-78.9878241, 43.2136399]}, "properties": {"site": "Niagara-Falls-Storage-Site__932023", "site_id": "932023", "location_id": "914", "measured": false, "method": "similarity_from_hand_control_points", "figure_style": "untested", "fit_rms_m": 11.61, "loo_median_m": 19.94, "loo_max_m": 22.79, "n_control_points": "6", "outside_hull": false, "outside_boundary_by_m": 0.0, "source_document": "NFSS_03.10_0048_a.pdf", "source_page": "3579"}}, {"type": "Feature", "geometry": {"type": "Point", "coordinates": [-78.9824176, 43.2135921]}, "properties": {"site": "Niagara-Falls-Storage-Site__932023", "site_id": "932023", "location_id": "RB04", "measured": false, "method": "similarity_from_hand_control_points", "figure_style": "untested", "fit_rms_m": 11.61, "loo_median_m": 19.94, "loo_max_m": 22.79, "n_control_points": "6", "outside_hull": false, "outside_boundary_by_m": 0.0, "source_document": "NFSS_03.10_0048_a.pdf", "source_page": "3579"}}, {"type": "Feature", "geometry": {"type": "Point", "coordinates": [-78.9878844, 43.2135726]}, "properties": {"site": "Niagara-Falls-Storage-Site__932023", "site_id": "932023", "location_id": "905", "measured": false, "method": "similarity_from_hand_control_points", "figure_style": "untested", "fit_rms_m": 11.61, "loo_median_m": 19.94, "loo_max_m": 22.79, "n_control_points": "6", "outside_hull": false, "outside_boundary_by_m": 0.0, "source_document": "NFSS_03.10_0048_a.pdf | nfss-riaddendum-appendices12c-13a-2011-04.pdf", "source_page": "3579 | 544"}}, {"type": "Feature", "geometry": {"type": "Point", "coordinates": [-78.9846839, 43.2135636]}, "properties": {"site": "Niagara-Falls-Storage-Site__932023", "site_id": "932023", "location_id": "MH06", "measured": false, "method": "similarity_from_hand_control_points", "figure_style": "untested", "fit_rms_m": 11.61, "loo_median_m": 19.94, "loo_max_m": 22.79, "n_control_points": "6", "outside_hull": false, "outside_boundary_by_m": 0.0, "source_document": "NFSS_03.10_0048_a.pdf", "source_page": "3579"}}, {"type": "Feature", "geometry": {"type": "Point", "coordinates": [-78.9850096, 43.2133999]}, "properties": {"site": "Niagara-Falls-Storage-Site__932023", "site_id": "932023", "location_id": "705", "measured": false, "method": "similarity_from_hand_control_points", "figure_style": "untested", "fit_rms_m": 11.61, "loo_median_m": 19.94, "loo_max_m": 22.79, "n_control_points": "6", "outside_hull": false, "outside_boundary_by_m": 0.0, "source_document": "NFSS_03.10_0048_a.pdf | nfss-riaddendum-appendices12c-13a-2011-04.pdf", "source_page": "3579 | 544"}}, {"type": "Feature", "geometry": {"type": "Point", "coordinates": [-78.9799287, 43.2134265]}, "properties": {"site": "Niagara-Falls-Storage-Site__932023", "site_id": "932023", "location_id": "718", "measured": false, "method": "similarity_from_hand_control_points", "figure_style": "untested", "fit_rms_m": 11.61, "loo_median_m": 19.94, "loo_max_m": 22.79, "n_control_points": "6", "outside_hull": true, "outside_boundary_by_m": 0.0, "source_document": "NFSS_03.10_0048_a.pdf", "source_page": "3579"}}, {"type": "Feature", "geometry": {"type": "Point", "coordinates": [-78.9826671, 43.2134218]}, "properties": {"site": "Niagara-Falls-Storage-Site__932023", "site_id": "932023", "location_id": "717", "measured": false, "method": "similarity_from_hand_control_points", "figure_style": "untested", "fit_rms_m": 11.61, "loo_median_m": 19.94, "loo_max_m": 22.79, "n_control_points": "6", "outside_hull": false, "outside_boundary_by_m": 0.0, "source_document": "NFSS_03.10_0048_a.pdf", "source_page": "3579"}}, {"type": "Feature", "geometry": {"type": "Point", "coordinates": [-78.9879102, 43.213319]}, "properties": {"site": "Niagara-Falls-Storage-Site__932023", "site_id": "932023", "location_id": "904", "measured": false, "method": "similarity_from_hand_control_points", "figure_style": "untested", "fit_rms_m": 11.61, "loo_median_m": 19.94, "loo_max_m": 22.79, "n_control_points": "6", "outside_hull": false, "outside_boundary_by_m": 0.0, "source_document": "NFSS_03.10_0048_a.pdf | nfss-riaddendum-appendices12c-13a-2011-04.pdf", "source_page": "3579 | 544"}}, {"type": "Feature", "geometry": {"type": "Point", "coordinates": [-78.9852149, 43.213319]}, "properties": {"site": "Niagara-Falls-Storage-Site__932023", "site_id": "932023", "location_id": "CD5", "measured": false, "method": "similarity_from_hand_control_points", "figure_style": "untested", "fit_rms_m": 11.61, "loo_median_m": 19.94, "loo_max_m": 22.79, "n_control_points": "6", "outside_hull": false, "outside_boundary_by_m": 0.0, "source_document": "NFSS_03.10_0048_a.pdf | nfss-riaddendum-appendices12c-13a-2011-04.pdf", "source_page": "3579 | 544"}}, {"type": "Feature", "geometry": {"type": "Point", "coordinates": [-78.9877025, 43.2133564]}, "properties": {"site": "Niagara-Falls-Storage-Site__932023", "site_id": "932023", "location_id": "MW941", "measured": false, "method": "similarity_from_hand_control_points", "figure_style": "untested", "fit_rms_m": 11.61, "loo_median_m": 19.94, "loo_max_m": 22.79, "n_control_points": "6", "outside_hull": false, "outside_boundary_by_m": 0.0, "source_document": "NFSS_03.10_0048_a.pdf", "source_page": "3579"}}, {"type": "Feature", "geometry": {"type": "Point", "coordinates": [-78.9854103, 43.2133308]}, "properties": {"site": "Niagara-Falls-Storage-Site__932023", "site_id": "932023", "location_id": "A25", "measured": false, "method": "similarity_from_hand_control_points", "figure_style": "untested", "fit_rms_m": 11.61, "loo_median_m": 19.94, "loo_max_m": 22.79, "n_control_points": "6", "outside_hull": false, "outside_boundary_by_m": 0.0, "source_document": "NFSS_03.10_0048_a.pdf | nfss-riaddendum-appendices12c-13a-2011-04.pdf", "source_page": "3579 | 544"}}, {"type": "Feature", "geometry": {"type": "Point", "coordinates": [-78.9877653, 43.2132545]}, "properties": {"site": "Niagara-Falls-Storage-Site__932023", "site_id": "932023", "location_id": "913", "measured": false, "method": "similarity_from_hand_control_points", "figure_style": "untested", "fit_rms_m": 11.61, "loo_median_m": 19.94, "loo_max_m": 22.79, "n_control_points": "6", "outside_hull": false, "outside_boundary_by_m": 0.0, "source_document": "NFSS_03.10_0048_a.pdf", "source_page": "3579"}}, {"type": "Feature", "geometry": {"type": "Point", "coordinates": [-78.9873239, 43.2132799]}, "properties": {"site": "Niagara-Falls-Storage-Site__932023", "site_id": "932023", "location_id": "741", "measured": false, "method": "similarity_from_hand_control_points", "figure_style": "untested", "fit_rms_m": 11.61, "loo_median_m": 19.94, "loo_max_m": 22.79, "n_control_points": "6", "outside_hull": false, "outside_boundary_by_m": 0.0, "source_document": "NFSS_03.10_0048_a.pdf | nfss-riaddendum-appendices12c-13a-2011-04.pdf", "source_page": "3579 | 544"}}, {"type": "Feature", "geometry": {"type": "Point", "coordinates": [-78.9877172, 43.2132573]}, "properties": {"site": "Niagara-Falls-Storage-Site__932023", "site_id": "932023", "location_id": "703", "measured": false, "method": "similarity_from_hand_control_points", "figure_style": "untested", "fit_rms_m": 11.61, "loo_median_m": 19.94, "loo_max_m": 22.79, "n_control_points": "6", "outside_hull": false, "outside_boundary_by_m": 0.0, "source_document": "NFSS_03.10_0048_a.pdf", "source_page": "3579"}}, {"type": "Feature", "geometry": {"type": "Point", "coordinates": [-78.9868484, 43.2132466]}, "properties": {"site": "Niagara-Falls-Storage-Site__932023", "site_id": "932023", "location_id": "A27", "measured": false, "method": "similarity_from_hand_control_points", "figure_style": "untested", "fit_rms_m": 11.61, "loo_median_m": 19.94, "loo_max_m": 22.79, "n_control_points": "6", "outside_hull": false, "outside_boundary_by_m": 0.0, "source_document": "NFSS_03.10_0048_a.pdf | nfss-riaddendum-appendices12c-13a-2011-04.pdf", "source_page": "3579 | 544"}}, {"type": "Feature", "geometry": {"type": "Point", "coordinates": [-78.9800602, 43.2130433]}, "properties": {"site": "Niagara-Falls-Storage-Site__932023", "site_id": "932023", "location_id": "817", "measured": false, "method": "similarity_from_hand_control_points", "figure_style": "untested", "fit_rms_m": 11.61, "loo_median_m": 19.94, "loo_max_m": 22.79, "n_control_points": "6", "outside_hull": true, "outside_boundary_by_m": 0.0, "source_document": "NFSS_03.10_0048_a.pdf | nfss-riaddendum-appendices12c-13a-2011-04.pdf", "source_page": "3579 | 544"}}, {"type": "Feature", "geometry": {"type": "Point", "coordinates": [-78.9815277, 43.2129967]}, "properties": {"site": "Niagara-Falls-Storage-Site__932023", "site_id": "932023", "location_id": "818", "measured": false, "method": "similarity_from_hand_control_points", "figure_style": "untested", "fit_rms_m": 11.61, "loo_median_m": 19.94, "loo_max_m": 22.79, "n_control_points": "6", "outside_hull": true, "outside_boundary_by_m": 0.0, "source_document": "NFSS_03.10_0048_a.pdf | nfss-riaddendum-appendices12c-13a-2011-04.pdf", "source_page": "3579 | 544"}}, {"type": "Feature", "geometry": {"type": "Point", "coordinates": [-78.9865995, 43.2129515]}, "properties": {"site": "Niagara-Falls-Storage-Site__932023", "site_id": "932023", "location_id": "859", "measured": false, "method": "similarity_from_hand_control_points", "figure_style": "untested", "fit_rms_m": 11.61, "loo_median_m": 19.94, "loo_max_m": 22.79, "n_control_points": "6", "outside_hull": false, "outside_boundary_by_m": 0.0, "source_document": "NFSS_03.10_0048_a.pdf", "source_page": "3579"}}, {"type": "Feature", "geometry": {"type": "Point", "coordinates": [-78.985859, 43.2129055]}, "properties": {"site": "Niagara-Falls-Storage-Site__932023", "site_id": "932023", "location_id": "W6", "measured": false, "method": "similarity_from_hand_control_points", "figure_style": "untested", "fit_rms_m": 11.61, "loo_median_m": 19.94, "loo_max_m": 22.79, "n_control_points": "6", "outside_hull": false, "outside_boundary_by_m": 0.0, "source_document": "NFSS_03.10_0048_a.pdf", "source_page": "3579"}}, {"type": "Feature", "geometry": {"type": "Point", "coordinates": [-78.9857073, 43.212942]}, "properties": {"site": "Niagara-Falls-Storage-Site__932023", "site_id": "932023", "location_id": "6A", "measured": false, "method": "similarity_from_hand_control_points", "figure_style": "untested", "fit_rms_m": 11.61, "loo_median_m": 19.94, "loo_max_m": 22.79, "n_control_points": "6", "outside_hull": false, "outside_boundary_by_m": 0.0, "source_document": "NFSS_03.10_0048_a.pdf | nfss-riaddendum-appendices12c-13a-2011-04.pdf", "source_page": "3579 | 544"}}, {"type": "Feature", "geometry": {"type": "Point", "coordinates": [-78.9863776, 43.2128856]}, "properties": {"site": "Niagara-Falls-Storage-Site__932023", "site_id": "932023", "location_id": "831", "measured": false, "method": "similarity_from_hand_control_points", "figure_style": "untested", "fit_rms_m": 11.61, "loo_median_m": 19.94, "loo_max_m": 22.79, "n_control_points": "6", "outside_hull": false, "outside_boundary_by_m": 0.0, "source_document": "NFSS_03.10_0048_a.pdf", "source_page": "3579"}}, {"type": "Feature", "geometry": {"type": "Point", "coordinates": [-78.9864182, 43.2129761]}, "properties": {"site": "Niagara-Falls-Storage-Site__932023", "site_id": "932023", "location_id": "MW943", "measured": false, "method": "similarity_from_hand_control_points", "figure_style": "untested", "fit_rms_m": 11.61, "loo_median_m": 19.94, "loo_max_m": 22.79, "n_control_points": "6", "outside_hull": false, "outside_boundary_by_m": 0.0, "source_document": "NFSS_03.10_0048_a.pdf", "source_page": "3579"}}, {"type": "Feature", "geometry": {"type": "Point", "coordinates": [-78.9862301, 43.2129904]}, "properties": {"site": "Niagara-Falls-Storage-Site__932023", "site_id": "932023", "location_id": "858", "measured": false, "method": "similarity_from_hand_control_points", "figure_style": "untested", "fit_rms_m": 11.61, "loo_median_m": 19.94, "loo_max_m": 22.79, "n_control_points": "6", "outside_hull": false, "outside_boundary_by_m": 0.0, "source_document": "NFSS_03.10_0048_a.pdf", "source_page": "3579"}}, {"type": "Feature", "geometry": {"type": "Point", "coordinates": [-78.9858405, 43.2129767]}, "properties": {"site": "Niagara-Falls-Storage-Site__932023", "site_id": "932023", "location_id": "A23", "measured": false, "method": "similarity_from_hand_control_points", "figure_style": "untested", "fit_rms_m": 11.61, "loo_median_m": 19.94, "loo_max_m": 22.79, "n_control_points": "6", "outside_hull": false, "outside_boundary_by_m": 0.0, "source_document": "NFSS_03.10_0048_a.pdf | nfss-riaddendum-appendices12c-13a-2011-04.pdf", "source_page": "3579 | 544"}}, {"type": "Feature", "geometry": {"type": "Point", "coordinates": [-78.9857557, 43.2129152]}, "properties": {"site": "Niagara-Falls-Storage-Site__932023", "site_id": "932023", "location_id": "833", "measured": false, "method": "similarity_from_hand_control_points", "figure_style": "untested", "fit_rms_m": 11.61, "loo_median_m": 19.94, "loo_max_m": 22.79, "n_control_points": "6", "outside_hull": false, "outside_boundary_by_m": 0.0, "source_document": "NFSS_03.10_0048_a.pdf", "source_page": "3579"}}, {"type": "Feature", "geometry": {"type": "Point", "coordinates": [-78.9872404, 43.2130208]}, "properties": {"site": "Niagara-Falls-Storage-Site__932023", "site_id": "932023", "location_id": "TWP942", "measured": false, "method": "similarity_from_hand_control_points", "figure_style": "untested", "fit_rms_m": 11.61, "loo_median_m": 19.94, "loo_max_m": 22.79, "n_control_points": "6", "outside_hull": false, "outside_boundary_by_m": 0.0, "source_document": "NFSS_03.10_0048_a.pdf", "source_page": "3579"}}, {"type": "Feature", "geometry": {"type": "Point", "coordinates": [-78.9844258, 43.2130054]}, "properties": {"site": "Niagara-Falls-Storage-Site__932023", "site_id": "932023", "location_id": "EU112", "measured": false, "method": "similarity_from_hand_control_points", "figure_style": "untested", "fit_rms_m": 11.61, "loo_median_m": 19.94, "loo_max_m": 22.79, "n_control_points": "6", "outside_hull": false, "outside_boundary_by_m": 0.0, "source_document": "NFSS_03.10_0048_a.pdf | nfss-riaddendum-appendices12c-13a-2011-04.pdf", "source_page": "3579 | 544"}}, {"type": "Feature", "geometry": {"type": "Point", "coordinates": [-78.9869945, 43.212788]}, "properties": {"site": "Niagara-Falls-Storage-Site__932023", "site_id": "932023", "location_id": "852", "measured": false, "method": "similarity_from_hand_control_points", "figure_style": "untested", "fit_rms_m": 11.61, "loo_median_m": 19.94, "loo_max_m": 22.79, "n_control_points": "6", "outside_hull": false, "outside_boundary_by_m": 0.0, "source_document": "NFSS_03.10_0048_a.pdf", "source_page": "3579"}}, {"type": "Feature", "geometry": {"type": "Point", "coordinates": [-78.986272, 43.2127493]}, "properties": {"site": "Niagara-Falls-Storage-Site__932023", "site_id": "932023", "location_id": "855", "measured": false, "method": "similarity_from_hand_control_points", "figure_style": "untested", "fit_rms_m": 11.61, "loo_median_m": 19.94, "loo_max_m": 22.79, "n_control_points": "6", "outside_hull": false, "outside_boundary_by_m": 0.0, "source_document": "NFSS_03.10_0048_a.pdf", "source_page": "3579"}}, {"type": "Feature", "geometry": {"type": "Point", "coordinates": [-78.9829559, 43.2127916]}, "properties": {"site": "Niagara-Falls-Storage-Site__932023", "site_id": "932023", "location_id": "803", "measured": false, "method": "similarity_from_hand_control_points", "figure_style": "untested", "fit_rms_m": 11.61, "loo_median_m": 19.94, "loo_max_m": 22.79, "n_control_points": "6", "outside_hull": true, "outside_boundary_by_m": 0.0, "source_document": "NFSS_03.10_0048_a.pdf", "source_page": "3579"}}, {"type": "Feature", "geometry": {"type": "Point", "coordinates": [-78.9860285, 43.2127762]}, "properties": {"site": "Niagara-Falls-Storage-Site__932023", "site_id": "932023", "location_id": "832", "measured": false, "method": "similarity_from_hand_control_points", "figure_style": "untested", "fit_rms_m": 11.61, "loo_median_m": 19.94, "loo_max_m": 22.79, "n_control_points": "6", "outside_hull": false, "outside_boundary_by_m": 0.0, "source_document": "NFSS_03.10_0048_a.pdf", "source_page": "3579"}}, {"type": "Feature", "geometry": {"type": "Point", "coordinates": [-78.9844676, 43.2127762]}, "properties": {"site": "Niagara-Falls-Storage-Site__932023", "site_id": "932023", "location_id": "846", "measured": false, "method": "similarity_from_hand_control_points", "figure_style": "untested", "fit_rms_m": 11.61, "loo_median_m": 19.94, "loo_max_m": 22.79, "n_control_points": "6", "outside_hull": false, "outside_boundary_by_m": 0.0, "source_document": "NFSS_03.10_0048_a.pdf", "source_page": "3579"}}, {"type": "Feature", "geometry": {"type": "Point", "coordinates": [-78.9861031, 43.2127607]}, "properties": {"site": "Niagara-Falls-Storage-Site__932023", "site_id": "932023", "location_id": "853", "measured": false, "method": "similarity_from_hand_control_points", "figure_style": "untested", "fit_rms_m": 11.61, "loo_median_m": 19.94, "loo_max_m": 22.79, "n_control_points": "6", "outside_hull": false, "outside_boundary_by_m": 0.0, "source_document": "NFSS_03.10_0048_a.pdf", "source_page": "3579"}}, {"type": "Feature", "geometry": {"type": "Point", "coordinates": [-78.9855062, 43.2127332]}, "properties": {"site": "Niagara-Falls-Storage-Site__932023", "site_id": "932023", "location_id": "854", "measured": false, "method": "similarity_from_hand_control_points", "figure_style": "untested", "fit_rms_m": 11.61, "loo_median_m": 19.94, "loo_max_m": 22.79, "n_control_points": "6", "outside_hull": false, "outside_boundary_by_m": 0.0, "source_document": "NFSS_03.10_0048_a.pdf", "source_page": "3579"}}, {"type": "Feature", "geometry": {"type": "Point", "coordinates": [-78.9819837, 43.2127117]}, "properties": {"site": "Niagara-Falls-Storage-Site__932023", "site_id": "932023", "location_id": "EU141", "measured": false, "method": "similarity_from_hand_control_points", "figure_style": "untested", "fit_rms_m": 11.61, "loo_median_m": 19.94, "loo_max_m": 22.79, "n_control_points": "6", "outside_hull": true, "outside_boundary_by_m": 0.0, "source_document": "NFSS_03.10_0048_a.pdf | nfss-riaddendum-appendices12c-13a-2011-04.pdf", "source_page": "3579 | 544"}}, {"type": "Feature", "geometry": {"type": "Point", "coordinates": [-78.9840891, 43.2128013]}, "properties": {"site": "Niagara-Falls-Storage-Site__932023", "site_id": "932023", "location_id": "847", "measured": false, "method": "similarity_from_hand_control_points", "figure_style": "untested", "fit_rms_m": 11.61, "loo_median_m": 19.94, "loo_max_m": 22.79, "n_control_points": "6", "outside_hull": false, "outside_boundary_by_m": 0.0, "source_document": "NFSS_03.10_0048_a.pdf", "source_page": "3579"}}, {"type": "Feature", "geometry": {"type": "Point", "coordinates": [-78.9878659, 43.212443]}, "properties": {"site": "Niagara-Falls-Storage-Site__932023", "site_id": "932023", "location_id": "912", "measured": false, "method": "similarity_from_hand_control_points", "figure_style": "untested", "fit_rms_m": 11.61, "loo_median_m": 19.94, "loo_max_m": 22.79, "n_control_points": "6", "outside_hull": false, "outside_boundary_by_m": 0.0, "source_document": "NFSS_03.10_0048_a.pdf", "source_page": "3579"}}, {"type": "Feature", "geometry": {"type": "Point", "coordinates": [-78.9851362, 43.2125297]}, "properties": {"site": "Niagara-Falls-Storage-Site__932023", "site_id": "932023", "location_id": "MH07", "measured": false, "method": "similarity_from_hand_control_points", "figure_style": "untested", "fit_rms_m": 11.61, "loo_median_m": 19.94, "loo_max_m": 22.79, "n_control_points": "6", "outside_hull": false, "outside_boundary_by_m": 0.0, "source_document": "NFSS_03.10_0048_a.pdf", "source_page": "3579"}}, {"type": "Feature", "geometry": {"type": "Point", "coordinates": [-78.9871592, 43.2124826]}, "properties": {"site": "Niagara-Falls-Storage-Site__932023", "site_id": "932023", "location_id": "851", "measured": false, "method": "similarity_from_hand_control_points", "figure_style": "untested", "fit_rms_m": 11.61, "loo_median_m": 19.94, "loo_max_m": 22.79, "n_control_points": "6", "outside_hull": false, "outside_boundary_by_m": 0.0, "source_document": "NFSS_03.10_0048_a.pdf", "source_page": "3579"}}, {"type": "Feature", "geometry": {"type": "Point", "coordinates": [-78.9862006, 43.2125013]}, "properties": {"site": "Niagara-Falls-Storage-Site__932023", "site_id": "932023", "location_id": "850", "measured": false, "method": "similarity_from_hand_control_points", "figure_style": "untested", "fit_rms_m": 11.61, "loo_median_m": 19.94, "loo_max_m": 22.79, "n_control_points": "6", "outside_hull": false, "outside_boundary_by_m": 0.0, "source_document": "NFSS_03.10_0048_a.pdf", "source_page": "3579"}}, {"type": "Feature", "geometry": {"type": "Point", "coordinates": [-78.9861108, 43.2122372]}, "properties": {"site": "Niagara-Falls-Storage-Site__932023", "site_id": "932023", "location_id": "849", "measured": false, "method": "similarity_from_hand_control_points", "figure_style": "untested", "fit_rms_m": 11.61, "loo_median_m": 19.94, "loo_max_m": 22.79, "n_control_points": "6", "outside_hull": true, "outside_boundary_by_m": 0.0, "source_document": "NFSS_03.10_0048_a.pdf", "source_page": "3579"}}, {"type": "Feature", "geometry": {"type": "Point", "coordinates": [-78.9852308, 43.2122505]}, "properties": {"site": "Niagara-Falls-Storage-Site__932023", "site_id": "932023", "location_id": "CD1", "measured": false, "method": "similarity_from_hand_control_points", "figure_style": "untested", "fit_rms_m": 11.61, "loo_median_m": 19.94, "loo_max_m": 22.79, "n_control_points": "6", "outside_hull": true, "outside_boundary_by_m": 0.0, "source_document": "NFSS_03.10_0048_a.pdf | nfss-riaddendum-appendices12c-13a-2011-04.pdf", "source_page": "3579 | 544"}}, {"type": "Feature", "geometry": {"type": "Point", "coordinates": [-78.9878844, 43.2119091]}, "properties": {"site": "Niagara-Falls-Storage-Site__932023", "site_id": "932023", "location_id": "911", "measured": false, "method": "similarity_from_hand_control_points", "figure_style": "untested", "fit_rms_m": 11.61, "loo_median_m": 19.94, "loo_max_m": 22.79, "n_control_points": "6", "outside_hull": false, "outside_boundary_by_m": 0.0, "source_document": "NFSS_03.10_0048_a.pdf", "source_page": "3579"}}, {"type": "Feature", "geometry": {"type": "Point", "coordinates": [-78.9818129, 43.2119388]}, "properties": {"site": "Niagara-Falls-Storage-Site__932023", "site_id": "932023", "location_id": "815", "measured": false, "method": "similarity_from_hand_control_points", "figure_style": "untested", "fit_rms_m": 11.61, "loo_median_m": 19.94, "loo_max_m": 22.79, "n_control_points": "6", "outside_hull": true, "outside_boundary_by_m": 0.0, "source_document": "NFSS_03.10_0048_a.pdf | nfss-riaddendum-appendices12c-13a-2011-04.pdf", "source_page": "3579 | 544"}}, {"type": "Feature", "geometry": {"type": "Point", "coordinates": [-78.987791, 43.2118643]}, "properties": {"site": "Niagara-Falls-Storage-Site__932023", "site_id": "932023", "location_id": "901", "measured": false, "method": "similarity_from_hand_control_points", "figure_style": "untested", "fit_rms_m": 11.61, "loo_median_m": 19.94, "loo_max_m": 22.79, "n_control_points": "6", "outside_hull": false, "outside_boundary_by_m": 0.0, "source_document": "NFSS_03.10_0048_a.pdf", "source_page": "3579"}}, {"type": "Feature", "geometry": {"type": "Point", "coordinates": [-78.9799522, 43.2118537]}, "properties": {"site": "Niagara-Falls-Storage-Site__932023", "site_id": "932023", "location_id": "816", "measured": false, "method": "similarity_from_hand_control_points", "figure_style": "untested", "fit_rms_m": 11.61, "loo_median_m": 19.94, "loo_max_m": 22.79, "n_control_points": "6", "outside_hull": true, "outside_boundary_by_m": 0.0, "source_document": "NFSS_03.10_0048_a.pdf", "source_page": "3579"}}, {"type": "Feature", "geometry": {"type": "Point", "coordinates": [-78.9852935, 43.2119657]}, "properties": {"site": "Niagara-Falls-Storage-Site__932023", "site_id": "932023", "location_id": "826", "measured": false, "method": "similarity_from_hand_control_points", "figure_style": "untested", "fit_rms_m": 11.61, "loo_median_m": 19.94, "loo_max_m": 22.79, "n_control_points": "6", "outside_hull": true, "outside_boundary_by_m": 0.0, "source_document": "NFSS_03.10_0048_a.pdf", "source_page": "3579"}}, {"type": "Feature", "geometry": {"type": "Point", "coordinates": [-78.9844848, 43.2119514]}, "properties": {"site": "Niagara-Falls-Storage-Site__932023", "site_id": "932023", "location_id": "RC19", "measured": false, "method": "similarity_from_hand_control_points", "figure_style": "untested", "fit_rms_m": 11.61, "loo_median_m": 19.94, "loo_max_m": 22.79, "n_control_points": "6", "outside_hull": true, "outside_boundary_by_m": 0.0, "source_document": "NFSS_03.10_0048_a.pdf", "source_page": "3579"}}, {"type": "Feature", "geometry": {"type": "Point", "coordinates": [-78.9868065, 43.2120201]}, "properties": {"site": "Niagara-Falls-Storage-Site__932023", "site_id": "932023", "location_id": "801", "measured": false, "method": "similarity_from_hand_control_points", "figure_style": "untested", "fit_rms_m": 11.61, "loo_median_m": 19.94, "loo_max_m": 22.79, "n_control_points": "6", "outside_hull": true, "outside_boundary_by_m": 0.0, "source_document": "NFSS_03.10_0048_a.pdf", "source_page": "3579"}}, {"type": "Feature", "geometry": {"type": "Point", "coordinates": [-78.9833049, 43.2120499]}, "properties": {"site": "Niagara-Falls-Storage-Site__932023", "site_id": "932023", "location_id": "830", "measured": false, "method": "similarity_from_hand_control_points", "figure_style": "untested", "fit_rms_m": 11.61, "loo_median_m": 19.94, "loo_max_m": 22.79, "n_control_points": "6", "outside_hull": true, "outside_boundary_by_m": 0.0, "source_document": "NFSS_03.10_0048_a.pdf", "source_page": "3579"}}, {"type": "Feature", "geometry": {"type": "Point", "coordinates": [-78.9815806, 43.2121162]}, "properties": {"site": "Niagara-Falls-Storage-Site__932023", "site_id": "932023", "location_id": "EU143", "measured": false, "method": "similarity_from_hand_control_points", "figure_style": "untested", "fit_rms_m": 11.61, "loo_median_m": 19.94, "loo_max_m": 22.79, "n_control_points": "6", "outside_hull": true, "outside_boundary_by_m": 0.0, "source_document": "NFSS_03.10_0048_a.pdf | nfss-riaddendum-appendices12c-13a-2011-04.pdf", "source_page": "3579 | 544"}}, {"type": "Feature", "geometry": {"type": "Point", "coordinates": [-78.9852199, 43.2119675]}, "properties": {"site": "Niagara-Falls-Storage-Site__932023", "site_id": "932023", "location_id": "704", "measured": false, "method": "similarity_from_hand_control_points", "figure_style": "untested", "fit_rms_m": 11.61, "loo_median_m": 19.94, "loo_max_m": 22.79, "n_control_points": "6", "outside_hull": true, "outside_boundary_by_m": 0.0, "source_document": "NFSS_03.10_0048_a.pdf | nfss-riaddendum-appendices12c-13a-2011-04.pdf", "source_page": "3579 | 544"}}, {"type": "Feature", "geometry": {"type": "Point", "coordinates": [-78.9836405, 43.2119845]}, "properties": {"site": "Niagara-Falls-Storage-Site__932023", "site_id": "932023", "location_id": "814", "measured": false, "method": "similarity_from_hand_control_points", "figure_style": "untested", "fit_rms_m": 11.61, "loo_median_m": 19.94, "loo_max_m": 22.79, "n_control_points": "6", "outside_hull": true, "outside_boundary_by_m": 0.0, "source_document": "NFSS_03.10_0048_a.pdf | nfss-riaddendum-appendices12c-13a-2011-04.pdf", "source_page": "3579 | 544"}}, {"type": "Feature", "geometry": {"type": "Point", "coordinates": [-78.9851239, 43.2119667]}, "properties": {"site": "Niagara-Falls-Storage-Site__932023", "site_id": "932023", "location_id": "848", "measured": false, "method": "similarity_from_hand_control_points", "figure_style": "untested", "fit_rms_m": 11.61, "loo_median_m": 19.94, "loo_max_m": 22.79, "n_control_points": "6", "outside_hull": true, "outside_boundary_by_m": 0.0, "source_document": "NFSS_03.10_0048_a.pdf", "source_page": "3579"}}, {"type": "Feature", "geometry": {"type": "Point", "coordinates": [-78.9879348, 43.2121439]}, "properties": {"site": "Niagara-Falls-Storage-Site__932023", "site_id": "932023", "location_id": "902", "measured": false, "method": "similarity_from_hand_control_points", "figure_style": "untested", "fit_rms_m": 11.61, "loo_median_m": 19.94, "loo_max_m": 22.79, "n_control_points": "6", "outside_hull": false, "outside_boundary_by_m": 0.0, "source_document": "NFSS_03.10_0048_a.pdf | nfss-riaddendum-appendices12c-13a-2011-04.pdf", "source_page": "3579 | 544"}}, {"type": "Feature", "geometry": {"type": "Point", "coordinates": [-78.9798869, 43.212075]}, "properties": {"site": "Niagara-Falls-Storage-Site__932023", "site_id": "932023", "location_id": "EU142", "measured": false, "method": "similarity_from_hand_control_points", "figure_style": "untested", "fit_rms_m": 11.61, "loo_median_m": 19.94, "loo_max_m": 22.79, "n_control_points": "6", "outside_hull": true, "outside_boundary_by_m": 0.0, "source_document": "NFSS_03.10_0048_a.pdf | nfss-riaddendum-appendices12c-13a-2011-04.pdf", "source_page": "3579 | 544"}}, {"type": "Feature", "geometry": {"type": "Point", "coordinates": [-78.9876017, 43.2149655]}, "properties": {"site": "Niagara-Falls-Storage-Site__932023", "site_id": "932023", "location_id": "701", "measured": false, "method": "similarity_from_hand_control_points", "figure_style": "untested", "fit_rms_m": 11.61, "loo_median_m": 19.94, "loo_max_m": 22.79, "n_control_points": "6", "outside_hull": false, "outside_boundary_by_m": 0.0, "source_document": "NFSS_03.10_0048_a.pdf | nfss-riaddendum-appendices12c-13a-2011-04.pdf", "source_page": "3579 | 544"}}, {"type": "Feature", "geometry": {"type": "Point", "coordinates": [-78.9853532, 43.2149707]}, "properties": {"site": "Niagara-Falls-Storage-Site__932023", "site_id": "932023", "location_id": "A7", "measured": false, "method": "similarity_from_hand_control_points", "figure_style": "untested", "fit_rms_m": 11.61, "loo_median_m": 19.94, "loo_max_m": 22.79, "n_control_points": "6", "outside_hull": false, "outside_boundary_by_m": 0.0, "source_document": "NFSS_03.10_0048_a.pdf", "source_page": "3579"}}, {"type": "Feature", "geometry": {"type": "Point", "coordinates": [-78.9829141, 43.2149672]}, "properties": {"site": "Niagara-Falls-Storage-Site__932023", "site_id": "932023", "location_id": "218", "measured": false, "method": "similarity_from_hand_control_points", "figure_style": "untested", "fit_rms_m": 11.61, "loo_median_m": 19.94, "loo_max_m": 22.79, "n_control_points": "6", "outside_hull": false, "outside_boundary_by_m": 0.0, "source_document": "NFSS_03.10_0048_a.pdf", "source_page": "3579"}}, {"type": "Feature", "geometry": {"type": "Point", "coordinates": [-78.9868533, 43.2137338]}, "properties": {"site": "Niagara-Falls-Storage-Site__932023", "site_id": "932023", "location_id": "A28", "measured": false, "method": "similarity_from_hand_control_points", "figure_style": "untested", "fit_rms_m": 11.61, "loo_median_m": 19.94, "loo_max_m": 22.79, "n_control_points": "6", "outside_hull": false, "outside_boundary_by_m": 0.0, "source_document": "NFSS_03.10_0048_a.pdf | nfss-riaddendum-appendices12c-13a-2011-04.pdf", "source_page": "3579 | 544"}}, {"type": "Feature", "geometry": {"type": "Point", "coordinates": [-78.9719038, 43.220475]}, "properties": {"site": "Niagara-Falls-Storage-Site__932023", "site_id": "932023", "location_id": "TMW29S", "measured": false, "method": "similarity_from_hand_control_points", "figure_style": "untested", "fit_rms_m": 11.61, "loo_median_m": 19.94, "loo_max_m": 22.79, "n_control_points": "6", "outside_hull": true, "outside_boundary_by_m": 84.7, "source_document": "NFSS_03.10_0048_a.pdf | nfss-riaddendum-appendices12c-13a-2011-04.pdf", "source_page": "3579 | 544"}}, {"type": "Feature", "geometry": {"type": "Point", "coordinates": [-78.978857, 43.2202564]}, "properties": {"site": "Niagara-Falls-Storage-Site__932023", "site_id": "932023", "location_id": "EW6", "measured": false, "method": "similarity_from_hand_control_points", "figure_style": "untested", "fit_rms_m": 11.61, "loo_median_m": 19.94, "loo_max_m": 22.79, "n_control_points": "6", "outside_hull": true, "outside_boundary_by_m": 108.8, "source_document": "NFSS_03.10_0048_a.pdf | nfss-riaddendum-appendices12c-13a-2011-04.pdf", "source_page": "3579 | 544"}}, {"type": "Feature", "geometry": {"type": "Point", "coordinates": [-78.9756933, 43.2199232]}, "properties": {"site": "Niagara-Falls-Storage-Site__932023", "site_id": "932023", "location_id": "G15", "measured": false, "method": "similarity_from_hand_control_points", "figure_style": "untested", "fit_rms_m": 11.61, "loo_median_m": 19.94, "loo_max_m": 22.79, "n_control_points": "6", "outside_hull": true, "outside_boundary_by_m": 21.7, "source_document": "NFSS_03.10_0048_a.pdf | nfss-riaddendum-appendices12c-13a-2011-04.pdf", "source_page": "3579 | 544"}}, {"type": "Feature", "geometry": {"type": "Point", "coordinates": [-78.972209, 43.2197118]}, "properties": {"site": "Niagara-Falls-Storage-Site__932023", "site_id": "932023", "location_id": "825", "measured": false, "method": "similarity_from_hand_control_points", "figure_style": "untested", "fit_rms_m": 11.61, "loo_median_m": 19.94, "loo_max_m": 22.79, "n_control_points": "6", "outside_hull": true, "outside_boundary_by_m": 1.7, "source_document": "NFSS_03.10_0048_a.pdf", "source_page": "3579"}}, {"type": "Feature", "geometry": {"type": "Point", "coordinates": [-78.9741681, 43.2197361]}, "properties": {"site": "Niagara-Falls-Storage-Site__932023", "site_id": "932023", "location_id": "734", "measured": false, "method": "similarity_from_hand_control_points", "figure_style": "untested", "fit_rms_m": 11.61, "loo_median_m": 19.94, "loo_max_m": 22.79, "n_control_points": "6", "outside_hull": true, "outside_boundary_by_m": 0.0, "source_document": "NFSS_03.10_0048_a.pdf", "source_page": "3579"}}, {"type": "Feature", "geometry": {"type": "Point", "coordinates": [-78.9811013, 43.2195792]}, "properties": {"site": "Niagara-Falls-Storage-Site__932023", "site_id": "932023", "location_id": "B39", "measured": false, "method": "similarity_from_hand_control_points", "figure_style": "untested", "fit_rms_m": 11.61, "loo_median_m": 19.94, "loo_max_m": 22.79, "n_control_points": "6", "outside_hull": true, "outside_boundary_by_m": 34.8, "source_document": "NFSS_03.10_0048_a.pdf | nfss-riaddendum-appendices12c-13a-2011-04.pdf", "source_page": "3579 | 544"}}, {"type": "Feature", "geometry": {"type": "Point", "coordinates": [-78.9801131, 43.2194789]}, "properties": {"site": "Niagara-Falls-Storage-Site__932023", "site_id": "932023", "location_id": "B110", "measured": false, "method": "similarity_from_hand_control_points", "figure_style": "untested", "fit_rms_m": 11.61, "loo_median_m": 19.94, "loo_max_m": 22.79, "n_control_points": "6", "outside_hull": true, "outside_boundary_by_m": 23.0, "source_document": "NFSS_03.10_0048_a.pdf | nfss-riaddendum-appendices12c-13a-2011-04.pdf", "source_page": "3579 | 544"}}, {"type": "Feature", "geometry": {"type": "Point", "coordinates": [-78.9891295, 43.2193589]}, "properties": {"site": "Niagara-Falls-Storage-Site__932023", "site_id": "932023", "location_id": "MW921", "measured": false, "method": "similarity_from_hand_control_points", "figure_style": "untested", "fit_rms_m": 11.61, "loo_median_m": 19.94, "loo_max_m": 22.79, "n_control_points": "6", "outside_hull": true, "outside_boundary_by_m": 14.9, "source_document": "NFSS_03.10_0048_a.pdf", "source_page": "3579"}}, {"type": "Feature", "geometry": {"type": "Point", "coordinates": [-78.9837548, 43.2176262]}, "properties": {"site": "Niagara-Falls-Storage-Site__932023", "site_id": "932023", "location_id": "RC07", "measured": false, "method": "similarity_from_hand_control_points", "figure_style": "untested", "fit_rms_m": 11.61, "loo_median_m": 19.94, "loo_max_m": 22.79, "n_control_points": "6", "outside_hull": false, "outside_boundary_by_m": 0.0, "source_document": "NFSS_03.10_0048_a.pdf | nfss-riaddendum-appendices12c-13a-2011-04.pdf", "source_page": "3579 | 544"}}, {"type": "Feature", "geometry": {"type": "Point", "coordinates": [-78.9807313, 43.2174722]}, "properties": {"site": "Niagara-Falls-Storage-Site__932023", "site_id": "932023", "location_id": "725", "measured": false, "method": "similarity_from_hand_control_points", "figure_style": "untested", "fit_rms_m": 11.61, "loo_median_m": 19.94, "loo_max_m": 22.79, "n_control_points": "6", "outside_hull": false, "outside_boundary_by_m": 0.0, "source_document": "NFSS_03.10_0048_a.pdf | nfss-riaddendum-appendices12c-13a-2011-04.pdf", "source_page": "3579 | 544"}}, {"type": "Feature", "geometry": {"type": "Point", "coordinates": [-78.9869, 43.2152386]}, "properties": {"site": "Niagara-Falls-Storage-Site__932023", "site_id": "932023", "location_id": "A6", "measured": false, "method": "similarity_from_hand_control_points", "figure_style": "untested", "fit_rms_m": 11.61, "loo_median_m": 19.94, "loo_max_m": 22.79, "n_control_points": "6", "outside_hull": false, "outside_boundary_by_m": 0.0, "source_document": "NFSS_03.10_0048_a.pdf", "source_page": "3579"}}, {"type": "Feature", "geometry": {"type": "Point", "coordinates": [-78.9878057, 43.2140484]}, "properties": {"site": "Niagara-Falls-Storage-Site__932023", "site_id": "932023", "location_id": "915", "measured": false, "method": "similarity_from_hand_control_points", "figure_style": "untested", "fit_rms_m": 11.61, "loo_median_m": 19.94, "loo_max_m": 22.79, "n_control_points": "6", "outside_hull": false, "outside_boundary_by_m": 0.0, "source_document": "NFSS_03.10_0048_a.pdf", "source_page": "3579"}}, {"type": "Feature", "geometry": {"type": "Point", "coordinates": [-78.987614, 43.2140412]}, "properties": {"site": "Niagara-Falls-Storage-Site__932023", "site_id": "932023", "location_id": "702", "measured": false, "method": "similarity_from_hand_control_points", "figure_style": "untested", "fit_rms_m": 11.61, "loo_median_m": 19.94, "loo_max_m": 22.79, "n_control_points": "6", "outside_hull": false, "outside_boundary_by_m": 0.0, "source_document": "NFSS_03.10_0048_a.pdf", "source_page": "3579"}}, {"type": "Feature", "geometry": {"type": "Point", "coordinates": [-78.9820894, 43.2140635]}, "properties": {"site": "Niagara-Falls-Storage-Site__932023", "site_id": "932023", "location_id": "EU132", "measured": false, "method": "similarity_from_hand_control_points", "figure_style": "untested", "fit_rms_m": 11.61, "loo_median_m": 19.94, "loo_max_m": 22.79, "n_control_points": "6", "outside_hull": false, "outside_boundary_by_m": 0.0, "source_document": "NFSS_03.10_0048_a.pdf", "source_page": "3579"}}, {"type": "Feature", "geometry": {"type": "Point", "coordinates": [-78.9876312, 43.2132788]}, "properties": {"site": "Niagara-Falls-Storage-Site__932023", "site_id": "932023", "location_id": "864", "measured": false, "method": "similarity_from_hand_control_points", "figure_style": "untested", "fit_rms_m": 11.61, "loo_median_m": 19.94, "loo_max_m": 22.79, "n_control_points": "6", "outside_hull": false, "outside_boundary_by_m": 0.0, "source_document": "NFSS_03.10_0048_a.pdf", "source_page": "3579"}}, {"type": "Feature", "geometry": {"type": "Point", "coordinates": [-78.9861059, 43.2130907]}, "properties": {"site": "Niagara-Falls-Storage-Site__932023", "site_id": "932023", "location_id": "A26", "measured": false, "method": "similarity_from_hand_control_points", "figure_style": "untested", "fit_rms_m": 11.61, "loo_median_m": 19.94, "loo_max_m": 22.79, "n_control_points": "6", "outside_hull": false, "outside_boundary_by_m": 0.0, "source_document": "NFSS_03.10_0048_a.pdf | nfss-riaddendum-appendices12c-13a-2011-04.pdf", "source_page": "3579 | 544"}}, {"type": "Feature", "geometry": {"type": "Point", "coordinates": [-78.9866775, 43.212856]}, "properties": {"site": "Niagara-Falls-Storage-Site__932023", "site_id": "932023", "location_id": "BH9", "measured": false, "method": "similarity_from_hand_control_points", "figure_style": "untested", "fit_rms_m": 11.61, "loo_median_m": 19.94, "loo_max_m": 22.79, "n_control_points": "6", "outside_hull": false, "outside_boundary_by_m": 0.0, "source_document": "NFSS_03.10_0048_a.pdf | nfss-riaddendum-appendices12c-13a-2011-04.pdf", "source_page": "3579 | 544"}}, {"type": "Feature", "geometry": {"type": "Point", "coordinates": [-78.9851596, 43.2125855]}, "properties": {"site": "Niagara-Falls-Storage-Site__932023", "site_id": "932023", "location_id": "EU113", "measured": false, "method": "similarity_from_hand_control_points", "figure_style": "untested", "fit_rms_m": 11.61, "loo_median_m": 19.94, "loo_max_m": 22.79, "n_control_points": "6", "outside_hull": false, "outside_boundary_by_m": 0.0, "source_document": "NFSS_03.10_0048_a.pdf | nfss-riaddendum-appendices12c-13a-2011-04.pdf", "source_page": "3579 | 544"}}, {"type": "Feature", "geometry": {"type": "Point", "coordinates": [-78.9798432, 43.2118045]}, "properties": {"site": "Niagara-Falls-Storage-Site__932023", "site_id": "932023", "location_id": "18D", "measured": false, "method": "similarity_from_hand_control_points", "figure_style": "untested", "fit_rms_m": 11.61, "loo_median_m": 19.94, "loo_max_m": 22.79, "n_control_points": "6", "outside_hull": true, "outside_boundary_by_m": 0.0, "source_document": "NFSS_03.10_0048_a.pdf | nfss-riaddendum-appendices12c-13a-2011-04.pdf", "source_page": "3579 | 544"}}, {"type": "Feature", "geometry": {"type": "Point", "coordinates": [-78.9798717, 43.2117633]}, "properties": {"site": "Niagara-Falls-Storage-Site__932023", "site_id": "932023", "location_id": "PZ18S", "measured": false, "method": "similarity_from_hand_control_points", "figure_style": "untested", "fit_rms_m": 11.61, "loo_median_m": 19.94, "loo_max_m": 22.79, "n_control_points": "6", "outside_hull": true, "outside_boundary_by_m": 0.0, "source_document": "NFSS_03.10_0048_a.pdf | nfss-riaddendum-appendices12c-13a-2011-04.pdf", "source_page": "3579 | 544"}}, {"type": "Feature", "geometry": {"type": "Point", "coordinates": [-78.9828668, 43.2097246]}, "properties": {"site": "Niagara-Falls-Storage-Site__932023", "site_id": "932023", "location_id": "EB1D", "measured": false, "method": "similarity_from_hand_control_points", "figure_style": "untested", "fit_rms_m": 11.61, "loo_median_m": 19.94, "loo_max_m": 22.79, "n_control_points": "6", "outside_hull": true, "outside_boundary_by_m": 224.5, "source_document": "NFSS_03.10_0048_a.pdf | nfss-riaddendum-appendices12c-13a-2011-04.pdf", "source_page": "3579 | 544"}}, {"type": "Feature", "geometry": {"type": "Point", "coordinates": [-78.9879756, 43.2116976]}, "properties": {"site": "Niagara-Falls-Storage-Site__932023", "site_id": "932023", "location_id": "CORNER1", "measured": true, "method": "measured_control_point", "figure_style": "untested", "fit_rms_m": 11.61, "loo_median_m": 19.94, "loo_max_m": 22.79, "n_control_points": "6", "outside_hull": false, "outside_boundary_by_m": 10.1, "source_document": "NFSS_03.10_0048_a.pdf", "source_page": "3579"}}, {"type": "Feature", "geometry": {"type": "Point", "coordinates": [-78.9798809, 43.2173587]}, "properties": {"site": "Niagara-Falls-Storage-Site__932023", "site_id": "932023", "location_id": "CORNER2", "measured": true, "method": "measured_control_point", "figure_style": "untested", "fit_rms_m": 11.61, "loo_median_m": 19.94, "loo_max_m": 22.79, "n_control_points": "6", "outside_hull": false, "outside_boundary_by_m": 0.0, "source_document": "NFSS_03.10_0048_a.pdf", "source_page": "3579"}}, {"type": "Feature", "geometry": {"type": "Point", "coordinates": [-78.9824906, 43.2131872]}, "properties": {"site": "Niagara-Falls-Storage-Site__932023", "site_id": "932023", "location_id": "8B004", "measured": true, "method": "measured_control_point", "figure_style": "untested", "fit_rms_m": 11.61, "loo_median_m": 19.94, "loo_max_m": 22.79, "n_control_points": "6", "outside_hull": false, "outside_boundary_by_m": 0.0, "source_document": "NFSS_03.10_0048_a.pdf", "source_page": "3579"}}, {"type": "Feature", "geometry": {"type": "Point", "coordinates": [-78.9728714, 43.2194462]}, "properties": {"site": "Niagara-Falls-Storage-Site__932023", "site_id": "932023", "location_id": "BH-52", "measured": true, "method": "measured_control_point", "figure_style": "untested", "fit_rms_m": 11.61, "loo_median_m": 19.94, "loo_max_m": 22.79, "n_control_points": "6", "outside_hull": false, "outside_boundary_by_m": 0.0, "source_document": "NFSS_03.10_0048_a.pdf", "source_page": "3579"}}, {"type": "Feature", "geometry": {"type": "Point", "coordinates": [-78.9715439, 43.2206986]}, "properties": {"site": "Niagara-Falls-Storage-Site__932023", "site_id": "932023", "location_id": "TMW29S", "measured": false, "method": "similarity_from_hand_control_points", "figure_style": "untested", "fit_rms_m": 0.0, "loo_median_m": null, "loo_max_m": null, "n_control_points": "2", "outside_hull": true, "outside_boundary_by_m": 1193.6, "source_document": "nfss-riaddendum-appendices12c-13a-2011-04.pdf", "source_page": "544"}}, {"type": "Feature", "geometry": {"type": "Point", "coordinates": [-78.9785572, 43.220371]}, "properties": {"site": "Niagara-Falls-Storage-Site__932023", "site_id": "932023", "location_id": "PEW702", "measured": false, "method": "similarity_from_hand_control_points", "figure_style": "untested", "fit_rms_m": 0.0, "loo_median_m": null, "loo_max_m": null, "n_control_points": "2", "outside_hull": true, "outside_boundary_by_m": 693.2, "source_document": "nfss-riaddendum-appendices12c-13a-2011-04.pdf", "source_page": "544"}}, {"type": "Feature", "geometry": {"type": "Point", "coordinates": [-78.9785902, 43.2203922]}, "properties": {"site": "Niagara-Falls-Storage-Site__932023", "site_id": "932023", "location_id": "PEW701", "measured": false, "method": "similarity_from_hand_control_points", "figure_style": "untested", "fit_rms_m": 0.0, "loo_median_m": null, "loo_max_m": null, "n_control_points": "2", "outside_hull": true, "outside_boundary_by_m": 692.8, "source_document": "nfss-riaddendum-appendices12c-13a-2011-04.pdf", "source_page": "544"}}, {"type": "Feature", "geometry": {"type": "Point", "coordinates": [-78.9788029, 43.2203294]}, "properties": {"site": "Niagara-Falls-Storage-Site__932023", "site_id": "932023", "location_id": "PEW704", "measured": false, "method": "similarity_from_hand_control_points", "figure_style": "untested", "fit_rms_m": 0.0, "loo_median_m": null, "loo_max_m": null, "n_control_points": "2", "outside_hull": true, "outside_boundary_by_m": 675.3, "source_document": "nfss-riaddendum-appendices12c-13a-2011-04.pdf", "source_page": "544"}}, {"type": "Feature", "geometry": {"type": "Point", "coordinates": [-78.9785291, 43.2203324]}, "properties": {"site": "Niagara-Falls-Storage-Site__932023", "site_id": "932023", "location_id": "PEW703", "measured": false, "method": "similarity_from_hand_control_points", "figure_style": "untested", "fit_rms_m": 0.0, "loo_median_m": null, "loo_max_m": null, "n_control_points": "2", "outside_hull": true, "outside_boundary_by_m": 692.0, "source_document": "nfss-riaddendum-appendices12c-13a-2011-04.pdf", "source_page": "544"}}, {"type": "Feature", "geometry": {"type": "Point", "coordinates": [-78.9747006, 43.2199375]}, "properties": {"site": "Niagara-Falls-Storage-Site__932023", "site_id": "932023", "location_id": "735", "measured": false, "method": "similarity_from_hand_control_points", "figure_style": "untested", "fit_rms_m": 0.0, "loo_median_m": null, "loo_max_m": null, "n_control_points": "2", "outside_hull": true, "outside_boundary_by_m": 926.1, "source_document": "nfss-riaddendum-appendices12c-13a-2011-04.pdf", "source_page": "544"}}, {"type": "Feature", "geometry": {"type": "Point", "coordinates": [-78.9811812, 43.2198141]}, "properties": {"site": "Niagara-Falls-Storage-Site__932023", "site_id": "932023", "location_id": "G13", "measured": false, "method": "similarity_from_hand_control_points", "figure_style": "untested", "fit_rms_m": 0.0, "loo_median_m": null, "loo_max_m": null, "n_control_points": "2", "outside_hull": true, "outside_boundary_by_m": 503.1, "source_document": "nfss-riaddendum-appendices12c-13a-2011-04.pdf", "source_page": "544"}}, {"type": "Feature", "geometry": {"type": "Point", "coordinates": [-78.9734562, 43.219838]}, "properties": {"site": "Niagara-Falls-Storage-Site__932023", "site_id": "932023", "location_id": "824", "measured": false, "method": "similarity_from_hand_control_points", "figure_style": "untested", "fit_rms_m": 0.0, "loo_median_m": null, "loo_max_m": null, "n_control_points": "2", "outside_hull": true, "outside_boundary_by_m": 1012.8, "source_document": "nfss-riaddendum-appendices12c-13a-2011-04.pdf", "source_page": "544"}}, {"type": "Feature", "geometry": {"type": "Point", "coordinates": [-78.9751963, 43.2194236]}, "properties": {"site": "Niagara-Falls-Storage-Site__932023", "site_id": "932023", "location_id": "BW4D", "measured": false, "method": "similarity_from_hand_control_points", "figure_style": "untested", "fit_rms_m": 0.0, "loo_median_m": null, "loo_max_m": null, "n_control_points": "2", "outside_hull": true, "outside_boundary_by_m": 865.1, "source_document": "nfss-riaddendum-appendices12c-13a-2011-04.pdf", "source_page": "544"}}, {"type": "Feature", "geometry": {"type": "Point", "coordinates": [-78.9886155, 43.2193169]}, "properties": {"site": "Niagara-Falls-Storage-Site__932023", "site_id": "932023", "location_id": "EU015", "measured": false, "method": "similarity_from_hand_control_points", "figure_style": "untested", "fit_rms_m": 0.0, "loo_median_m": null, "loo_max_m": null, "n_control_points": "2", "outside_hull": true, "outside_boundary_by_m": 357.9, "source_document": "nfss-riaddendum-appendices12c-13a-2011-04.pdf", "source_page": "544"}}, {"type": "Feature", "geometry": {"type": "Point", "coordinates": [-78.9878903, 43.2192437]}, "properties": {"site": "Niagara-Falls-Storage-Site__932023", "site_id": "932023", "location_id": "506", "measured": false, "method": "similarity_from_hand_control_points", "figure_style": "untested", "fit_rms_m": 0.0, "loo_median_m": null, "loo_max_m": null, "n_control_points": "2", "outside_hull": true, "outside_boundary_by_m": 340.4, "source_document": "nfss-riaddendum-appendices12c-13a-2011-04.pdf", "source_page": "544"}}, {"type": "Feature", "geometry": {"type": "Point", "coordinates": [-78.9877438, 43.2192424]}, "properties": {"site": "Niagara-Falls-Storage-Site__932023", "site_id": "932023", "location_id": "WD1", "measured": false, "method": "similarity_from_hand_control_points", "figure_style": "untested", "fit_rms_m": 0.0, "loo_median_m": null, "loo_max_m": null, "n_control_points": "2", "outside_hull": true, "outside_boundary_by_m": 339.5, "source_document": "nfss-riaddendum-appendices12c-13a-2011-04.pdf", "source_page": "544"}}, {"type": "Feature", "geometry": {"type": "Point", "coordinates": [-78.9851962, 43.2192555]}, "properties": {"site": "Niagara-Falls-Storage-Site__932023", "site_id": "932023", "location_id": "CD4", "measured": false, "method": "similarity_from_hand_control_points", "figure_style": "untested", "fit_rms_m": 0.0, "loo_median_m": null, "loo_max_m": null, "n_control_points": "2", "outside_hull": true, "outside_boundary_by_m": 340.6, "source_document": "nfss-riaddendum-appendices12c-13a-2011-04.pdf", "source_page": "544"}}, {"type": "Feature", "geometry": {"type": "Point", "coordinates": [-78.9754646, 43.219415]}, "properties": {"site": "Niagara-Falls-Storage-Site__932023", "site_id": "932023", "location_id": "BW4S", "measured": false, "method": "similarity_from_hand_control_points", "figure_style": "untested", "fit_rms_m": 0.0, "loo_median_m": null, "loo_max_m": null, "n_control_points": "2", "outside_hull": true, "outside_boundary_by_m": 844.9, "source_document": "nfss-riaddendum-appendices12c-13a-2011-04.pdf", "source_page": "544"}}, {"type": "Feature", "geometry": {"type": "Point", "coordinates": [-78.9877735, 43.2193213]}, "properties": {"site": "Niagara-Falls-Storage-Site__932023", "site_id": "932023", "location_id": "713", "measured": false, "method": "similarity_from_hand_control_points", "figure_style": "untested", "fit_rms_m": 0.0, "loo_median_m": null, "loo_max_m": null, "n_control_points": "2", "outside_hull": true, "outside_boundary_by_m": 348.4, "source_document": "nfss-riaddendum-appendices12c-13a-2011-04.pdf", "source_page": "544"}}, {"type": "Feature", "geometry": {"type": "Point", "coordinates": [-78.986575, 43.2192696]}, "properties": {"site": "Niagara-Falls-Storage-Site__932023", "site_id": "932023", "location_id": "809", "measured": false, "method": "similarity_from_hand_control_points", "figure_style": "untested", "fit_rms_m": 0.0, "loo_median_m": null, "loo_max_m": null, "n_control_points": "2", "outside_hull": true, "outside_boundary_by_m": 342.2, "source_document": "nfss-riaddendum-appendices12c-13a-2011-04.pdf", "source_page": "544"}}, {"type": "Feature", "geometry": {"type": "Point", "coordinates": [-78.9839569, 43.2193036]}, "properties": {"site": "Niagara-Falls-Storage-Site__932023", "site_id": "932023", "location_id": "823", "measured": false, "method": "similarity_from_hand_control_points", "figure_style": "untested", "fit_rms_m": 0.0, "loo_median_m": null, "loo_max_m": null, "n_control_points": "2", "outside_hull": true, "outside_boundary_by_m": 354.3, "source_document": "nfss-riaddendum-appendices12c-13a-2011-04.pdf", "source_page": "544"}}, {"type": "Feature", "geometry": {"type": "Point", "coordinates": [-78.9881855, 43.2192164]}, "properties": {"site": "Niagara-Falls-Storage-Site__932023", "site_id": "932023", "location_id": "EU013", "measured": false, "method": "similarity_from_hand_control_points", "figure_style": "untested", "fit_rms_m": 0.0, "loo_median_m": null, "loo_max_m": null, "n_control_points": "2", "outside_hull": true, "outside_boundary_by_m": 340.1, "source_document": "nfss-riaddendum-appendices12c-13a-2011-04.pdf", "source_page": "544"}}, {"type": "Feature", "geometry": {"type": "Point", "coordinates": [-78.9715559, 43.2192761]}, "properties": {"site": "Niagara-Falls-Storage-Site__932023", "site_id": "932023", "location_id": "21S", "measured": false, "method": "similarity_from_hand_control_points", "figure_style": "untested", "fit_rms_m": 0.0, "loo_median_m": null, "loo_max_m": null, "n_control_points": "2", "outside_hull": true, "outside_boundary_by_m": 1135.3, "source_document": "nfss-riaddendum-appendices12c-13a-2011-04.pdf", "source_page": "544"}}, {"type": "Feature", "geometry": {"type": "Point", "coordinates": [-78.9887364, 43.2191256]}, "properties": {"site": "Niagara-Falls-Storage-Site__932023", "site_id": "932023", "location_id": "EU014", "measured": false, "method": "similarity_from_hand_control_points", "figure_style": "untested", "fit_rms_m": 0.0, "loo_median_m": null, "loo_max_m": null, "n_control_points": "2", "outside_hull": true, "outside_boundary_by_m": 339.9, "source_document": "nfss-riaddendum-appendices12c-13a-2011-04.pdf", "source_page": "544"}}, {"type": "Feature", "geometry": {"type": "Point", "coordinates": [-78.9775298, 43.2191869]}, "properties": {"site": "Niagara-Falls-Storage-Site__932023", "site_id": "932023", "location_id": "737", "measured": false, "method": "similarity_from_hand_control_points", "figure_style": "untested", "fit_rms_m": 0.0, "loo_median_m": null, "loo_max_m": null, "n_control_points": "2", "outside_hull": true, "outside_boundary_by_m": 684.1, "source_document": "nfss-riaddendum-appendices12c-13a-2011-04.pdf", "source_page": "544"}}, {"type": "Feature", "geometry": {"type": "Point", "coordinates": [-78.9804749, 43.2191552]}, "properties": {"site": "Niagara-Falls-Storage-Site__932023", "site_id": "932023", "location_id": "BH16", "measured": false, "method": "similarity_from_hand_control_points", "figure_style": "untested", "fit_rms_m": 0.0, "loo_median_m": null, "loo_max_m": null, "n_control_points": "2", "outside_hull": true, "outside_boundary_by_m": 487.0, "source_document": "nfss-riaddendum-appendices12c-13a-2011-04.pdf", "source_page": "544"}}, {"type": "Feature", "geometry": {"type": "Point", "coordinates": [-78.9747093, 43.2191793]}, "properties": {"site": "Niagara-Falls-Storage-Site__932023", "site_id": "932023", "location_id": "736", "measured": false, "method": "similarity_from_hand_control_points", "figure_style": "untested", "fit_rms_m": 0.0, "loo_median_m": null, "loo_max_m": null, "n_control_points": "2", "outside_hull": true, "outside_boundary_by_m": 890.6, "source_document": "nfss-riaddendum-appendices12c-13a-2011-04.pdf", "source_page": "544"}}, {"type": "Feature", "geometry": {"type": "Point", "coordinates": [-78.9774433, 43.219112]}, "properties": {"site": "Niagara-Falls-Storage-Site__932023", "site_id": "932023", "location_id": "EU051", "measured": false, "method": "similarity_from_hand_control_points", "figure_style": "untested", "fit_rms_m": 0.0, "loo_median_m": null, "loo_max_m": null, "n_control_points": "2", "outside_hull": true, "outside_boundary_by_m": 686.2, "source_document": "nfss-riaddendum-appendices12c-13a-2011-04.pdf", "source_page": "544"}}, {"type": "Feature", "geometry": {"type": "Point", "coordinates": [-78.9728014, 43.2191445]}, "properties": {"site": "Niagara-Falls-Storage-Site__932023", "site_id": "932023", "location_id": "RC13", "measured": false, "method": "similarity_from_hand_control_points", "figure_style": "untested", "fit_rms_m": 0.0, "loo_median_m": null, "loo_max_m": null, "n_control_points": "2", "outside_hull": true, "outside_boundary_by_m": 1034.6, "source_document": "nfss-riaddendum-appendices12c-13a-2011-04.pdf", "source_page": "544"}}, {"type": "Feature", "geometry": {"type": "Point", "coordinates": [-78.9826492, 43.2182808]}, "properties": {"site": "Niagara-Falls-Storage-Site__932023", "site_id": "932023", "location_id": "F200", "measured": false, "method": "similarity_from_hand_control_points", "figure_style": "untested", "fit_rms_m": 0.0, "loo_median_m": null, "loo_max_m": null, "n_control_points": "2", "outside_hull": true, "outside_boundary_by_m": 295.1, "source_document": "nfss-riaddendum-appendices12c-13a-2011-04.pdf", "source_page": "544"}}, {"type": "Feature", "geometry": {"type": "Point", "coordinates": [-78.9743214, 43.2182866]}, "properties": {"site": "Niagara-Falls-Storage-Site__932023", "site_id": "932023", "location_id": "A40P", "measured": false, "method": "similarity_from_hand_control_points", "figure_style": "untested", "fit_rms_m": 0.0, "loo_median_m": null, "loo_max_m": null, "n_control_points": "2", "outside_hull": true, "outside_boundary_by_m": 888.9, "source_document": "nfss-riaddendum-appendices12c-13a-2011-04.pdf", "source_page": "544"}}, {"type": "Feature", "geometry": {"type": "Point", "coordinates": [-78.9831952, 43.2189571]}, "properties": {"site": "Niagara-Falls-Storage-Site__932023", "site_id": "932023", "location_id": "ST9", "measured": false, "method": "similarity_from_hand_control_points", "figure_style": "untested", "fit_rms_m": 0.0, "loo_median_m": null, "loo_max_m": null, "n_control_points": "2", "outside_hull": true, "outside_boundary_by_m": 337.0, "source_document": "nfss-riaddendum-appendices12c-13a-2011-04.pdf", "source_page": "544"}}, {"type": "Feature", "geometry": {"type": "Point", "coordinates": [-78.9758832, 43.2189936]}, "properties": {"site": "Niagara-Falls-Storage-Site__932023", "site_id": "932023", "location_id": "SEDC01", "measured": false, "method": "similarity_from_hand_control_points", "figure_style": "untested", "fit_rms_m": 0.0, "loo_median_m": null, "loo_max_m": null, "n_control_points": "2", "outside_hull": true, "outside_boundary_by_m": 794.7, "source_document": "nfss-riaddendum-appendices12c-13a-2011-04.pdf", "source_page": "544"}}, {"type": "Feature", "geometry": {"type": "Point", "coordinates": [-78.9715169, 43.2190131]}, "properties": {"site": "Niagara-Falls-Storage-Site__932023", "site_id": "932023", "location_id": "2D", "measured": false, "method": "similarity_from_hand_control_points", "figure_style": "untested", "fit_rms_m": 0.0, "loo_median_m": null, "loo_max_m": null, "n_control_points": "2", "outside_hull": true, "outside_boundary_by_m": 1129.8, "source_document": "nfss-riaddendum-appendices12c-13a-2011-04.pdf", "source_page": "544"}}, {"type": "Feature", "geometry": {"type": "Point", "coordinates": [-78.9767391, 43.2189862]}, "properties": {"site": "Niagara-Falls-Storage-Site__932023", "site_id": "932023", "location_id": "739", "measured": false, "method": "similarity_from_hand_control_points", "figure_style": "untested", "fit_rms_m": 0.0, "loo_median_m": null, "loo_max_m": null, "n_control_points": "2", "outside_hull": true, "outside_boundary_by_m": 731.0, "source_document": "nfss-riaddendum-appendices12c-13a-2011-04.pdf", "source_page": "544"}}, {"type": "Feature", "geometry": {"type": "Point", "coordinates": [-78.9747949, 43.2190076]}, "properties": {"site": "Niagara-Falls-Storage-Site__932023", "site_id": "932023", "location_id": "SEDC02", "measured": false, "method": "similarity_from_hand_control_points", "figure_style": "untested", "fit_rms_m": 0.0, "loo_median_m": null, "loo_max_m": null, "n_control_points": "2", "outside_hull": true, "outside_boundary_by_m": 877.2, "source_document": "nfss-riaddendum-appendices12c-13a-2011-04.pdf", "source_page": "544"}}, {"type": "Feature", "geometry": {"type": "Point", "coordinates": [-78.9716303, 43.2186151]}, "properties": {"site": "Niagara-Falls-Storage-Site__932023", "site_id": "932023", "location_id": "607", "measured": false, "method": "similarity_from_hand_control_points", "figure_style": "untested", "fit_rms_m": 0.0, "loo_median_m": null, "loo_max_m": null, "n_control_points": "2", "outside_hull": true, "outside_boundary_by_m": 1109.4, "source_document": "nfss-riaddendum-appendices12c-13a-2011-04.pdf", "source_page": "544"}}, {"type": "Feature", "geometry": {"type": "Point", "coordinates": [-78.9873394, 43.2190324]}, "properties": {"site": "Niagara-Falls-Storage-Site__932023", "site_id": "932023", "location_id": "TWP926", "measured": false, "method": "similarity_from_hand_control_points", "figure_style": "untested", "fit_rms_m": 0.0, "loo_median_m": null, "loo_max_m": null, "n_control_points": "2", "outside_hull": true, "outside_boundary_by_m": 315.8, "source_document": "nfss-riaddendum-appendices12c-13a-2011-04.pdf", "source_page": "544"}}, {"type": "Feature", "geometry": {"type": "Point", "coordinates": [-78.9805624, 43.219048]}, "properties": {"site": "Niagara-Falls-Storage-Site__932023", "site_id": "932023", "location_id": "TWP928", "measured": false, "method": "similarity_from_hand_control_points", "figure_style": "untested", "fit_rms_m": 0.0, "loo_median_m": null, "loo_max_m": null, "n_control_points": "2", "outside_hull": true, "outside_boundary_by_m": 473.7, "source_document": "nfss-riaddendum-appendices12c-13a-2011-04.pdf", "source_page": "544"}}, {"type": "Feature", "geometry": {"type": "Point", "coordinates": [-78.9893925, 43.2190729]}, "properties": {"site": "Niagara-Falls-Storage-Site__932023", "site_id": "932023", "location_id": "TWP924", "measured": false, "method": "similarity_from_hand_control_points", "figure_style": "untested", "fit_rms_m": 0.0, "loo_median_m": null, "loo_max_m": null, "n_control_points": "2", "outside_hull": true, "outside_boundary_by_m": 353.2, "source_document": "nfss-riaddendum-appendices12c-13a-2011-04.pdf", "source_page": "544"}}, {"type": "Feature", "geometry": {"type": "Point", "coordinates": [-78.9816219, 43.2190775]}, "properties": {"site": "Niagara-Falls-Storage-Site__932023", "site_id": "932023", "location_id": "RC11", "measured": false, "method": "similarity_from_hand_control_points", "figure_style": "untested", "fit_rms_m": 0.0, "loo_median_m": null, "loo_max_m": null, "n_control_points": "2", "outside_hull": true, "outside_boundary_by_m": 416.5, "source_document": "nfss-riaddendum-appendices12c-13a-2011-04.pdf", "source_page": "544"}}, {"type": "Feature", "geometry": {"type": "Point", "coordinates": [-78.9745761, 43.2191025]}, "properties": {"site": "Niagara-Falls-Storage-Site__932023", "site_id": "932023", "location_id": "RC12", "measured": false, "method": "similarity_from_hand_control_points", "figure_style": "untested", "fit_rms_m": 0.0, "loo_median_m": null, "loo_max_m": null, "n_control_points": "2", "outside_hull": true, "outside_boundary_by_m": 897.6, "source_document": "nfss-riaddendum-appendices12c-13a-2011-04.pdf", "source_page": "544"}}, {"type": "Feature", "geometry": {"type": "Point", "coordinates": [-78.9822613, 43.2188549]}, "properties": {"site": "Niagara-Falls-Storage-Site__932023", "site_id": "932023", "location_id": "EU034", "measured": false, "method": "similarity_from_hand_control_points", "figure_style": "untested", "fit_rms_m": 0.0, "loo_median_m": null, "loo_max_m": null, "n_control_points": "2", "outside_hull": true, "outside_boundary_by_m": 365.1, "source_document": "nfss-riaddendum-appendices12c-13a-2011-04.pdf", "source_page": "544"}}, {"type": "Feature", "geometry": {"type": "Point", "coordinates": [-78.9797732, 43.2188842]}, "properties": {"site": "Niagara-Falls-Storage-Site__932023", "site_id": "932023", "location_id": "BH30", "measured": false, "method": "similarity_from_hand_control_points", "figure_style": "untested", "fit_rms_m": 0.0, "loo_median_m": null, "loo_max_m": null, "n_control_points": "2", "outside_hull": true, "outside_boundary_by_m": 512.1, "source_document": "nfss-riaddendum-appendices12c-13a-2011-04.pdf", "source_page": "544"}}, {"type": "Feature", "geometry": {"type": "Point", "coordinates": [-78.9859988, 43.2187661]}, "properties": {"site": "Niagara-Falls-Storage-Site__932023", "site_id": "932023", "location_id": "EU021", "measured": false, "method": "similarity_from_hand_control_points", "figure_style": "untested", "fit_rms_m": 0.0, "loo_median_m": null, "loo_max_m": null, "n_control_points": "2", "outside_hull": true, "outside_boundary_by_m": 286.2, "source_document": "nfss-riaddendum-appendices12c-13a-2011-04.pdf", "source_page": "544"}}, {"type": "Feature", "geometry": {"type": "Point", "coordinates": [-78.9817016, 43.2188022]}, "properties": {"site": "Niagara-Falls-Storage-Site__932023", "site_id": "932023", "location_id": "EU031", "measured": false, "method": "similarity_from_hand_control_points", "figure_style": "untested", "fit_rms_m": 0.0, "loo_median_m": null, "loo_max_m": null, "n_control_points": "2", "outside_hull": true, "outside_boundary_by_m": 389.0, "source_document": "nfss-riaddendum-appendices12c-13a-2011-04.pdf", "source_page": "544"}}, {"type": "Feature", "geometry": {"type": "Point", "coordinates": [-78.980707, 43.2188265]}, "properties": {"site": "Niagara-Falls-Storage-Site__932023", "site_id": "932023", "location_id": "TWP929", "measured": false, "method": "similarity_from_hand_control_points", "figure_style": "untested", "fit_rms_m": 0.0, "loo_median_m": null, "loo_max_m": null, "n_control_points": "2", "outside_hull": true, "outside_boundary_by_m": 448.6, "source_document": "nfss-riaddendum-appendices12c-13a-2011-04.pdf", "source_page": "544"}}, {"type": "Feature", "geometry": {"type": "Point", "coordinates": [-78.9783106, 43.2188079]}, "properties": {"site": "Niagara-Falls-Storage-Site__932023", "site_id": "932023", "location_id": "419", "measured": false, "method": "similarity_from_hand_control_points", "figure_style": "untested", "fit_rms_m": 0.0, "loo_median_m": null, "loo_max_m": null, "n_control_points": "2", "outside_hull": true, "outside_boundary_by_m": 608.2, "source_document": "nfss-riaddendum-appendices12c-13a-2011-04.pdf", "source_page": "544"}}, {"type": "Feature", "geometry": {"type": "Point", "coordinates": [-78.9752493, 43.2188382]}, "properties": {"site": "Niagara-Falls-Storage-Site__932023", "site_id": "932023", "location_id": "A37", "measured": false, "method": "similarity_from_hand_control_points", "figure_style": "untested", "fit_rms_m": 0.0, "loo_median_m": null, "loo_max_m": null, "n_control_points": "2", "outside_hull": true, "outside_boundary_by_m": 836.0, "source_document": "nfss-riaddendum-appendices12c-13a-2011-04.pdf", "source_page": "544"}}, {"type": "Feature", "geometry": {"type": "Point", "coordinates": [-78.9744768, 43.2188471]}, "properties": {"site": "Niagara-Falls-Storage-Site__932023", "site_id": "932023", "location_id": "A39", "measured": false, "method": "similarity_from_hand_control_points", "figure_style": "untested", "fit_rms_m": 0.0, "loo_median_m": null, "loo_max_m": null, "n_control_points": "2", "outside_hull": true, "outside_boundary_by_m": 895.3, "source_document": "nfss-riaddendum-appendices12c-13a-2011-04.pdf", "source_page": "544"}}, {"type": "Feature", "geometry": {"type": "Point", "coordinates": [-78.9730048, 43.2188519]}, "properties": {"site": "Niagara-Falls-Storage-Site__932023", "site_id": "932023", "location_id": "A41", "measured": false, "method": "similarity_from_hand_control_points", "figure_style": "untested", "fit_rms_m": 0.0, "loo_median_m": null, "loo_max_m": null, "n_control_points": "2", "outside_hull": true, "outside_boundary_by_m": 1009.0, "source_document": "nfss-riaddendum-appendices12c-13a-2011-04.pdf", "source_page": "544"}}, {"type": "Feature", "geometry": {"type": "Point", "coordinates": [-78.985087, 43.2185862]}, "properties": {"site": "Niagara-Falls-Storage-Site__932023", "site_id": "932023", "location_id": "EU022", "measured": false, "method": "similarity_from_hand_control_points", "figure_style": "untested", "fit_rms_m": 0.0, "loo_median_m": null, "loo_max_m": null, "n_control_points": "2", "outside_hull": true, "outside_boundary_by_m": 266.1, "source_document": "nfss-riaddendum-appendices12c-13a-2011-04.pdf", "source_page": "544"}}, {"type": "Feature", "geometry": {"type": "Point", "coordinates": [-78.9803566, 43.2186018]}, "properties": {"site": "Niagara-Falls-Storage-Site__932023", "site_id": "932023", "location_id": "TWP931", "measured": false, "method": "similarity_from_hand_control_points", "figure_style": "untested", "fit_rms_m": 0.0, "loo_median_m": null, "loo_max_m": null, "n_control_points": "2", "outside_hull": true, "outside_boundary_by_m": 455.4, "source_document": "nfss-riaddendum-appendices12c-13a-2011-04.pdf", "source_page": "544"}}, {"type": "Feature", "geometry": {"type": "Point", "coordinates": [-78.9736795, 43.2187734]}, "properties": {"site": "Niagara-Falls-Storage-Site__932023", "site_id": "932023", "location_id": "BH55", "measured": false, "method": "similarity_from_hand_control_points", "figure_style": "untested", "fit_rms_m": 0.0, "loo_median_m": null, "loo_max_m": null, "n_control_points": "2", "outside_hull": true, "outside_boundary_by_m": 954.1, "source_document": "nfss-riaddendum-appendices12c-13a-2011-04.pdf", "source_page": "544"}}, {"type": "Feature", "geometry": {"type": "Point", "coordinates": [-78.9878876, 43.2187631]}, "properties": {"site": "Niagara-Falls-Storage-Site__932023", "site_id": "932023", "location_id": "D300", "measured": false, "method": "similarity_from_hand_control_points", "figure_style": "untested", "fit_rms_m": 0.0, "loo_median_m": null, "loo_max_m": null, "n_control_points": "2", "outside_hull": true, "outside_boundary_by_m": 287.0, "source_document": "nfss-riaddendum-appendices12c-13a-2011-04.pdf", "source_page": "544"}}, {"type": "Feature", "geometry": {"type": "Point", "coordinates": [-78.9737506, 43.218832]}, "properties": {"site": "Niagara-Falls-Storage-Site__932023", "site_id": "932023", "location_id": "BH603", "measured": false, "method": "similarity_from_hand_control_points", "figure_style": "untested", "fit_rms_m": 0.0, "loo_median_m": null, "loo_max_m": null, "n_control_points": "2", "outside_hull": true, "outside_boundary_by_m": 950.6, "source_document": "nfss-riaddendum-appendices12c-13a-2011-04.pdf", "source_page": "544"}}, {"type": "Feature", "geometry": {"type": "Point", "coordinates": [-78.9796759, 43.2190152]}, "properties": {"site": "Niagara-Falls-Storage-Site__932023", "site_id": "932023", "location_id": "804", "measured": false, "method": "similarity_from_hand_control_points", "figure_style": "untested", "fit_rms_m": 0.0, "loo_median_m": null, "loo_max_m": null, "n_control_points": "2", "outside_hull": true, "outside_boundary_by_m": 527.1, "source_document": "nfss-riaddendum-appendices12c-13a-2011-04.pdf", "source_page": "544"}}, {"type": "Feature", "geometry": {"type": "Point", "coordinates": [-78.9886756, 43.218053]}, "properties": {"site": "Niagara-Falls-Storage-Site__932023", "site_id": "932023", "location_id": "EU011", "measured": false, "method": "similarity_from_hand_control_points", "figure_style": "untested", "fit_rms_m": 0.0, "loo_median_m": null, "loo_max_m": null, "n_control_points": "2", "outside_hull": true, "outside_boundary_by_m": 225.7, "source_document": "nfss-riaddendum-appendices12c-13a-2011-04.pdf", "source_page": "544"}}, {"type": "Feature", "geometry": {"type": "Point", "coordinates": [-78.9878815, 43.218189]}, "properties": {"site": "Niagara-Falls-Storage-Site__932023", "site_id": "932023", "location_id": "B300", "measured": false, "method": "similarity_from_hand_control_points", "figure_style": "untested", "fit_rms_m": 0.0, "loo_median_m": null, "loo_max_m": null, "n_control_points": "2", "outside_hull": true, "outside_boundary_by_m": 223.4, "source_document": "nfss-riaddendum-appendices12c-13a-2011-04.pdf", "source_page": "544"}}, {"type": "Feature", "geometry": {"type": "Point", "coordinates": [-78.9878337, 43.2177697]}, "properties": {"site": "Niagara-Falls-Storage-Site__932023", "site_id": "932023", "location_id": "747", "measured": false, "method": "similarity_from_hand_control_points", "figure_style": "untested", "fit_rms_m": 0.0, "loo_median_m": null, "loo_max_m": null, "n_control_points": "2", "outside_hull": true, "outside_boundary_by_m": 176.6, "source_document": "nfss-riaddendum-appendices12c-13a-2011-04.pdf", "source_page": "544"}}, {"type": "Feature", "geometry": {"type": "Point", "coordinates": [-78.9840884, 43.2178288]}, "properties": {"site": "Niagara-Falls-Storage-Site__932023", "site_id": "932023", "location_id": "OTFL12", "measured": false, "method": "similarity_from_hand_control_points", "figure_style": "untested", "fit_rms_m": 0.0, "loo_median_m": null, "loo_max_m": null, "n_control_points": "2", "outside_hull": true, "outside_boundary_by_m": 193.3, "source_document": "nfss-riaddendum-appendices12c-13a-2011-04.pdf", "source_page": "544"}}, {"type": "Feature", "geometry": {"type": "Point", "coordinates": [-78.9746691, 43.2178323]}, "properties": {"site": "Niagara-Falls-Storage-Site__932023", "site_id": "932023", "location_id": "A38", "measured": false, "method": "similarity_from_hand_control_points", "figure_style": "untested", "fit_rms_m": 0.0, "loo_median_m": null, "loo_max_m": null, "n_control_points": "2", "outside_hull": true, "outside_boundary_by_m": 849.4, "source_document": "nfss-riaddendum-appendices12c-13a-2011-04.pdf", "source_page": "544"}}, {"type": "Feature", "geometry": {"type": "Point", "coordinates": [-78.9714192, 43.2178818]}, "properties": {"site": "Niagara-Falls-Storage-Site__932023", "site_id": "932023", "location_id": "PZ6S", "measured": false, "method": "similarity_from_hand_control_points", "figure_style": "untested", "fit_rms_m": 0.0, "loo_median_m": null, "loo_max_m": null, "n_control_points": "2", "outside_hull": true, "outside_boundary_by_m": 1109.3, "source_document": "nfss-riaddendum-appendices12c-13a-2011-04.pdf", "source_page": "544"}}, {"type": "Feature", "geometry": {"type": "Point", "coordinates": [-78.9816272, 43.2180607]}, "properties": {"site": "Niagara-Falls-Storage-Site__932023", "site_id": "932023", "location_id": "SUMP32", "measured": false, "method": "similarity_from_hand_control_points", "figure_style": "untested", "fit_rms_m": 0.0, "loo_median_m": null, "loo_max_m": null, "n_control_points": "2", "outside_hull": true, "outside_boundary_by_m": 336.8, "source_document": "nfss-riaddendum-appendices12c-13a-2011-04.pdf", "source_page": "544"}}, {"type": "Feature", "geometry": {"type": "Point", "coordinates": [-78.9830731, 43.2178094]}, "properties": {"site": "Niagara-Falls-Storage-Site__932023", "site_id": "932023", "location_id": "DRUM01", "measured": false, "method": "similarity_from_hand_control_points", "figure_style": "untested", "fit_rms_m": 0.0, "loo_median_m": null, "loo_max_m": null, "n_control_points": "2", "outside_hull": true, "outside_boundary_by_m": 232.7, "source_document": "nfss-riaddendum-appendices12c-13a-2011-04.pdf", "source_page": "544"}}, {"type": "Feature", "geometry": {"type": "Point", "coordinates": [-78.9779413, 43.2178287]}, "properties": {"site": "Niagara-Falls-Storage-Site__932023", "site_id": "932023", "location_id": "SEDC03", "measured": false, "method": "similarity_from_hand_control_points", "figure_style": "untested", "fit_rms_m": 0.0, "loo_median_m": null, "loo_max_m": null, "n_control_points": "2", "outside_hull": true, "outside_boundary_by_m": 592.8, "source_document": "nfss-riaddendum-appendices12c-13a-2011-04.pdf", "source_page": "544"}}, {"type": "Feature", "geometry": {"type": "Point", "coordinates": [-78.9749845, 43.2178401]}, "properties": {"site": "Niagara-Falls-Storage-Site__932023", "site_id": "932023", "location_id": "SEDC04", "measured": false, "method": "similarity_from_hand_control_points", "figure_style": "untested", "fit_rms_m": 0.0, "loo_median_m": null, "loo_max_m": null, "n_control_points": "2", "outside_hull": true, "outside_boundary_by_m": 824.6, "source_document": "nfss-riaddendum-appendices12c-13a-2011-04.pdf", "source_page": "544"}}, {"type": "Feature", "geometry": {"type": "Point", "coordinates": [-78.9716618, 43.2178587]}, "properties": {"site": "Niagara-Falls-Storage-Site__932023", "site_id": "932023", "location_id": "RC10", "measured": false, "method": "similarity_from_hand_control_points", "figure_style": "untested", "fit_rms_m": 0.0, "loo_median_m": null, "loo_max_m": null, "n_control_points": "2", "outside_hull": true, "outside_boundary_by_m": 1089.5, "source_document": "nfss-riaddendum-appendices12c-13a-2011-04.pdf", "source_page": "544"}}, {"type": "Feature", "geometry": {"type": "Point", "coordinates": [-78.9882804, 43.2185001]}, "properties": {"site": "Niagara-Falls-Storage-Site__932023", "site_id": "932023", "location_id": "EU012", "measured": false, "method": "similarity_from_hand_control_points", "figure_style": "untested", "fit_rms_m": 0.0, "loo_median_m": null, "loo_max_m": null, "n_control_points": "2", "outside_hull": true, "outside_boundary_by_m": 263.1, "source_document": "nfss-riaddendum-appendices12c-13a-2011-04.pdf", "source_page": "544"}}, {"type": "Feature", "geometry": {"type": "Point", "coordinates": [-78.9808759, 43.2184909]}, "properties": {"site": "Niagara-Falls-Storage-Site__932023", "site_id": "932023", "location_id": "EU042", "measured": false, "method": "similarity_from_hand_control_points", "figure_style": "untested", "fit_rms_m": 0.0, "loo_median_m": null, "loo_max_m": null, "n_control_points": "2", "outside_hull": true, "outside_boundary_by_m": 414.3, "source_document": "nfss-riaddendum-appendices12c-13a-2011-04.pdf", "source_page": "544"}}, {"type": "Feature", "geometry": {"type": "Point", "coordinates": [-78.9775216, 43.2177663]}, "properties": {"site": "Niagara-Falls-Storage-Site__932023", "site_id": "932023", "location_id": "727", "measured": false, "method": "similarity_from_hand_control_points", "figure_style": "untested", "fit_rms_m": 0.0, "loo_median_m": null, "loo_max_m": null, "n_control_points": "2", "outside_hull": true, "outside_boundary_by_m": 623.3, "source_document": "nfss-riaddendum-appendices12c-13a-2011-04.pdf", "source_page": "544"}}, {"type": "Feature", "geometry": {"type": "Point", "coordinates": [-78.9765142, 43.2177745]}, "properties": {"site": "Niagara-Falls-Storage-Site__932023", "site_id": "932023", "location_id": "728", "measured": false, "method": "similarity_from_hand_control_points", "figure_style": "untested", "fit_rms_m": 0.0, "loo_median_m": null, "loo_max_m": null, "n_control_points": "2", "outside_hull": true, "outside_boundary_by_m": 702.3, "source_document": "nfss-riaddendum-appendices12c-13a-2011-04.pdf", "source_page": "544"}}, {"type": "Feature", "geometry": {"type": "Point", "coordinates": [-78.9798972, 43.2186112]}, "properties": {"site": "Niagara-Falls-Storage-Site__932023", "site_id": "932023", "location_id": "TWP933", "measured": false, "method": "similarity_from_hand_control_points", "figure_style": "untested", "fit_rms_m": 0.0, "loo_median_m": null, "loo_max_m": null, "n_control_points": "2", "outside_hull": true, "outside_boundary_by_m": 486.6, "source_document": "nfss-riaddendum-appendices12c-13a-2011-04.pdf", "source_page": "544"}}, {"type": "Feature", "geometry": {"type": "Point", "coordinates": [-78.9852273, 43.217846]}, "properties": {"site": "Niagara-Falls-Storage-Site__932023", "site_id": "932023", "location_id": "709", "measured": false, "method": "similarity_from_hand_control_points", "figure_style": "untested", "fit_rms_m": 0.0, "loo_median_m": null, "loo_max_m": null, "n_control_points": "2", "outside_hull": true, "outside_boundary_by_m": 183.7, "source_document": "nfss-riaddendum-appendices12c-13a-2011-04.pdf", "source_page": "544"}}, {"type": "Feature", "geometry": {"type": "Point", "coordinates": [-78.9824095, 43.2184549]}, "properties": {"site": "Niagara-Falls-Storage-Site__932023", "site_id": "932023", "location_id": "EU033", "measured": false, "method": "similarity_from_hand_control_points", "figure_style": "untested", "fit_rms_m": 0.0, "loo_median_m": null, "loo_max_m": null, "n_control_points": "2", "outside_hull": true, "outside_boundary_by_m": 322.4, "source_document": "nfss-riaddendum-appendices12c-13a-2011-04.pdf", "source_page": "544"}}, {"type": "Feature", "geometry": {"type": "Point", "coordinates": [-78.9870381, 43.217744]}, "properties": {"site": "Niagara-Falls-Storage-Site__932023", "site_id": "932023", "location_id": "RC06", "measured": false, "method": "similarity_from_hand_control_points", "figure_style": "untested", "fit_rms_m": 0.0, "loo_median_m": null, "loo_max_m": null, "n_control_points": "2", "outside_hull": true, "outside_boundary_by_m": 172.4, "source_document": "nfss-riaddendum-appendices12c-13a-2011-04.pdf", "source_page": "544"}}, {"type": "Feature", "geometry": {"type": "Point", "coordinates": [-78.984329, 43.2177699]}, "properties": {"site": "Niagara-Falls-Storage-Site__932023", "site_id": "932023", "location_id": "MH13", "measured": false, "method": "similarity_from_hand_control_points", "figure_style": "untested", "fit_rms_m": 0.0, "loo_median_m": null, "loo_max_m": null, "n_control_points": "2", "outside_hull": true, "outside_boundary_by_m": 181.2, "source_document": "nfss-riaddendum-appendices12c-13a-2011-04.pdf", "source_page": "544"}}, {"type": "Feature", "geometry": {"type": "Point", "coordinates": [-78.9833897, 43.2177741]}, "properties": {"site": "Niagara-Falls-Storage-Site__932023", "site_id": "932023", "location_id": "MH29", "measured": false, "method": "similarity_from_hand_control_points", "figure_style": "untested", "fit_rms_m": 0.0, "loo_median_m": null, "loo_max_m": null, "n_control_points": "2", "outside_hull": true, "outside_boundary_by_m": 214.0, "source_document": "nfss-riaddendum-appendices12c-13a-2011-04.pdf", "source_page": "544"}}, {"type": "Feature", "geometry": {"type": "Point", "coordinates": [-78.9757354, 43.2177852]}, "properties": {"site": "Niagara-Falls-Storage-Site__932023", "site_id": "932023", "location_id": "729", "measured": false, "method": "similarity_from_hand_control_points", "figure_style": "untested", "fit_rms_m": 0.0, "loo_median_m": null, "loo_max_m": null, "n_control_points": "2", "outside_hull": true, "outside_boundary_by_m": 763.9, "source_document": "nfss-riaddendum-appendices12c-13a-2011-04.pdf", "source_page": "544"}}, {"type": "Feature", "geometry": {"type": "Point", "coordinates": [-78.9741183, 43.2178018]}, "properties": {"site": "Niagara-Falls-Storage-Site__932023", "site_id": "932023", "location_id": "730", "measured": false, "method": "similarity_from_hand_control_points", "figure_style": "untested", "fit_rms_m": 0.0, "loo_median_m": null, "loo_max_m": null, "n_control_points": "2", "outside_hull": true, "outside_boundary_by_m": 892.4, "source_document": "nfss-riaddendum-appendices12c-13a-2011-04.pdf", "source_page": "544"}}, {"type": "Feature", "geometry": {"type": "Point", "coordinates": [-78.9844975, 43.2184453]}, "properties": {"site": "Niagara-Falls-Storage-Site__932023", "site_id": "932023", "location_id": "EU023", "measured": false, "method": "similarity_from_hand_control_points", "figure_style": "untested", "fit_rms_m": 0.0, "loo_median_m": null, "loo_max_m": null, "n_control_points": "2", "outside_hull": true, "outside_boundary_by_m": 252.5, "source_document": "nfss-riaddendum-appendices12c-13a-2011-04.pdf", "source_page": "544"}}, {"type": "Feature", "geometry": {"type": "Point", "coordinates": [-78.9848624, 43.2178493]}, "properties": {"site": "Niagara-Falls-Storage-Site__932023", "site_id": "932023", "location_id": "OTFL11", "measured": false, "method": "similarity_from_hand_control_points", "figure_style": "untested", "fit_rms_m": 0.0, "loo_median_m": null, "loo_max_m": null, "n_control_points": "2", "outside_hull": true, "outside_boundary_by_m": 184.1, "source_document": "nfss-riaddendum-appendices12c-13a-2011-04.pdf", "source_page": "544"}}, {"type": "Feature", "geometry": {"type": "Point", "coordinates": [-78.9716244, 43.2179104]}, "properties": {"site": "Niagara-Falls-Storage-Site__932023", "site_id": "932023", "location_id": "829", "measured": false, "method": "similarity_from_hand_control_points", "figure_style": "untested", "fit_rms_m": 0.0, "loo_median_m": null, "loo_max_m": null, "n_control_points": "2", "outside_hull": true, "outside_boundary_by_m": 1093.5, "source_document": "nfss-riaddendum-appendices12c-13a-2011-04.pdf", "source_page": "544"}}, {"type": "Feature", "geometry": {"type": "Point", "coordinates": [-78.9717179, 43.2180664]}, "properties": {"site": "Niagara-Falls-Storage-Site__932023", "site_id": "932023", "location_id": "EU061", "measured": false, "method": "similarity_from_hand_control_points", "figure_style": "untested", "fit_rms_m": 0.0, "loo_median_m": null, "loo_max_m": null, "n_control_points": "2", "outside_hull": true, "outside_boundary_by_m": 1089.2, "source_document": "nfss-riaddendum-appendices12c-13a-2011-04.pdf", "source_page": "544"}}, {"type": "Feature", "geometry": {"type": "Point", "coordinates": [-78.9818361, 43.2182863]}, "properties": {"site": "Niagara-Falls-Storage-Site__932023", "site_id": "932023", "location_id": "EU032", "measured": false, "method": "similarity_from_hand_control_points", "figure_style": "untested", "fit_rms_m": 0.0, "loo_median_m": null, "loo_max_m": null, "n_control_points": "2", "outside_hull": true, "outside_boundary_by_m": 340.3, "source_document": "nfss-riaddendum-appendices12c-13a-2011-04.pdf", "source_page": "544"}}, {"type": "Feature", "geometry": {"type": "Point", "coordinates": [-78.9797514, 43.2186965]}, "properties": {"site": "Niagara-Falls-Storage-Site__932023", "site_id": "932023", "location_id": "TWP932", "measured": false, "method": "similarity_from_hand_control_points", "figure_style": "untested", "fit_rms_m": 0.0, "loo_median_m": null, "loo_max_m": null, "n_control_points": "2", "outside_hull": true, "outside_boundary_by_m": 501.7, "source_document": "nfss-riaddendum-appendices12c-13a-2011-04.pdf", "source_page": "544"}}, {"type": "Feature", "geometry": {"type": "Point", "coordinates": [-78.9779182, 43.2186652]}, "properties": {"site": "Niagara-Falls-Storage-Site__932023", "site_id": "932023", "location_id": "418", "measured": false, "method": "similarity_from_hand_control_points", "figure_style": "untested", "fit_rms_m": 0.0, "loo_median_m": null, "loo_max_m": null, "n_control_points": "2", "outside_hull": true, "outside_boundary_by_m": 629.3, "source_document": "nfss-riaddendum-appendices12c-13a-2011-04.pdf", "source_page": "544"}}, {"type": "Feature", "geometry": {"type": "Point", "coordinates": [-78.980363, 43.2183028]}, "properties": {"site": "Niagara-Falls-Storage-Site__932023", "site_id": "932023", "location_id": "BH24", "measured": false, "method": "similarity_from_hand_control_points", "figure_style": "untested", "fit_rms_m": 0.0, "loo_median_m": null, "loo_max_m": null, "n_control_points": "2", "outside_hull": true, "outside_boundary_by_m": 436.2, "source_document": "nfss-riaddendum-appendices12c-13a-2011-04.pdf", "source_page": "544"}}, {"type": "Feature", "geometry": {"type": "Point", "coordinates": [-78.9877408, 43.217992]}, "properties": {"site": "Niagara-Falls-Storage-Site__932023", "site_id": "932023", "location_id": "746", "measured": false, "method": "similarity_from_hand_control_points", "figure_style": "untested", "fit_rms_m": 0.0, "loo_median_m": null, "loo_max_m": null, "n_control_points": "2", "outside_hull": true, "outside_boundary_by_m": 200.5, "source_document": "nfss-riaddendum-appendices12c-13a-2011-04.pdf", "source_page": "544"}}, {"type": "Feature", "geometry": {"type": "Point", "coordinates": [-78.976467, 43.2180193]}, "properties": {"site": "Niagara-Falls-Storage-Site__932023", "site_id": "932023", "location_id": "EU052", "measured": false, "method": "similarity_from_hand_control_points", "figure_style": "untested", "fit_rms_m": 0.0, "loo_median_m": null, "loo_max_m": null, "n_control_points": "2", "outside_hull": true, "outside_boundary_by_m": 713.3, "source_document": "nfss-riaddendum-appendices12c-13a-2011-04.pdf", "source_page": "544"}}, {"type": "Feature", "geometry": {"type": "Point", "coordinates": [-78.9740171, 43.2184002]}, "properties": {"site": "Niagara-Falls-Storage-Site__932023", "site_id": "932023", "location_id": "BH602", "measured": false, "method": "similarity_from_hand_control_points", "figure_style": "untested", "fit_rms_m": 0.0, "loo_median_m": null, "loo_max_m": null, "n_control_points": "2", "outside_hull": true, "outside_boundary_by_m": 916.0, "source_document": "nfss-riaddendum-appendices12c-13a-2011-04.pdf", "source_page": "544"}}, {"type": "Feature", "geometry": {"type": "Point", "coordinates": [-78.9731133, 43.2184079]}, "properties": {"site": "Niagara-Falls-Storage-Site__932023", "site_id": "932023", "location_id": "604", "measured": false, "method": "similarity_from_hand_control_points", "figure_style": "untested", "fit_rms_m": 0.0, "loo_median_m": null, "loo_max_m": null, "n_control_points": "2", "outside_hull": true, "outside_boundary_by_m": 987.1, "source_document": "nfss-riaddendum-appendices12c-13a-2011-04.pdf", "source_page": "544"}}, {"type": "Feature", "geometry": {"type": "Point", "coordinates": [-78.9854491, 43.218099]}, "properties": {"site": "Niagara-Falls-Storage-Site__932023", "site_id": "932023", "location_id": "822", "measured": false, "method": "similarity_from_hand_control_points", "figure_style": "untested", "fit_rms_m": 0.0, "loo_median_m": null, "loo_max_m": null, "n_control_points": "2", "outside_hull": true, "outside_boundary_by_m": 211.9, "source_document": "nfss-riaddendum-appendices12c-13a-2011-04.pdf", "source_page": "544"}}, {"type": "Feature", "geometry": {"type": "Point", "coordinates": [-78.987793, 43.2175859]}, "properties": {"site": "Niagara-Falls-Storage-Site__932023", "site_id": "932023", "location_id": "712", "measured": false, "method": "similarity_from_hand_control_points", "figure_style": "untested", "fit_rms_m": 0.0, "loo_median_m": null, "loo_max_m": null, "n_control_points": "2", "outside_hull": true, "outside_boundary_by_m": 155.9, "source_document": "nfss-riaddendum-appendices12c-13a-2011-04.pdf", "source_page": "544"}}, {"type": "Feature", "geometry": {"type": "Point", "coordinates": [-78.9867578, 43.2175997]}, "properties": {"site": "Niagara-Falls-Storage-Site__932023", "site_id": "932023", "location_id": "711", "measured": false, "method": "similarity_from_hand_control_points", "figure_style": "untested", "fit_rms_m": 0.0, "loo_median_m": null, "loo_max_m": null, "n_control_points": "2", "outside_hull": true, "outside_boundary_by_m": 156.3, "source_document": "nfss-riaddendum-appendices12c-13a-2011-04.pdf", "source_page": "544"}}, {"type": "Feature", "geometry": {"type": "Point", "coordinates": [-78.9855233, 43.2176156]}, "properties": {"site": "Niagara-Falls-Storage-Site__932023", "site_id": "932023", "location_id": "749", "measured": false, "method": "similarity_from_hand_control_points", "figure_style": "untested", "fit_rms_m": 0.0, "loo_median_m": null, "loo_max_m": null, "n_control_points": "2", "outside_hull": true, "outside_boundary_by_m": 158.1, "source_document": "nfss-riaddendum-appendices12c-13a-2011-04.pdf", "source_page": "544"}}, {"type": "Feature", "geometry": {"type": "Point", "coordinates": [-78.9734973, 43.2176722]}, "properties": {"site": "Niagara-Falls-Storage-Site__932023", "site_id": "932023", "location_id": "605", "measured": false, "method": "similarity_from_hand_control_points", "figure_style": "untested", "fit_rms_m": 0.0, "loo_median_m": null, "loo_max_m": null, "n_control_points": "2", "outside_hull": true, "outside_boundary_by_m": 939.2, "source_document": "nfss-riaddendum-appendices12c-13a-2011-04.pdf", "source_page": "544"}}, {"type": "Feature", "geometry": {"type": "Point", "coordinates": [-78.9882578, 43.2176096]}, "properties": {"site": "Niagara-Falls-Storage-Site__932023", "site_id": "932023", "location_id": "714", "measured": false, "method": "similarity_from_hand_control_points", "figure_style": "untested", "fit_rms_m": 0.0, "loo_median_m": null, "loo_max_m": null, "n_control_points": "2", "outside_hull": true, "outside_boundary_by_m": 167.3, "source_document": "nfss-riaddendum-appendices12c-13a-2011-04.pdf", "source_page": "544"}}, {"type": "Feature", "geometry": {"type": "Point", "coordinates": [-78.9869772, 43.2175674]}, "properties": {"site": "Niagara-Falls-Storage-Site__932023", "site_id": "932023", "location_id": "744", "measured": false, "method": "similarity_from_hand_control_points", "figure_style": "untested", "fit_rms_m": 0.0, "loo_median_m": null, "loo_max_m": null, "n_control_points": "2", "outside_hull": true, "outside_boundary_by_m": 152.7, "source_document": "nfss-riaddendum-appendices12c-13a-2011-04.pdf", "source_page": "544"}}, {"type": "Feature", "geometry": {"type": "Point", "coordinates": [-78.9849626, 43.2175951]}, "properties": {"site": "Niagara-Falls-Storage-Site__932023", "site_id": "932023", "location_id": "EU072", "measured": false, "method": "similarity_from_hand_control_points", "figure_style": "untested", "fit_rms_m": 0.0, "loo_median_m": null, "loo_max_m": null, "n_control_points": "2", "outside_hull": true, "outside_boundary_by_m": 155.8, "source_document": "nfss-riaddendum-appendices12c-13a-2011-04.pdf", "source_page": "544"}}, {"type": "Feature", "geometry": {"type": "Point", "coordinates": [-78.9879109, 43.2176527]}, "properties": {"site": "Niagara-Falls-Storage-Site__932023", "site_id": "932023", "location_id": "RC05", "measured": false, "method": "similarity_from_hand_control_points", "figure_style": "untested", "fit_rms_m": 0.0, "loo_median_m": null, "loo_max_m": null, "n_control_points": "2", "outside_hull": true, "outside_boundary_by_m": 164.7, "source_document": "nfss-riaddendum-appendices12c-13a-2011-04.pdf", "source_page": "544"}}, {"type": "Feature", "geometry": {"type": "Point", "coordinates": [-78.9829343, 43.2176675]}, "properties": {"site": "Niagara-Falls-Storage-Site__932023", "site_id": "932023", "location_id": "RC15", "measured": false, "method": "similarity_from_hand_control_points", "figure_style": "untested", "fit_rms_m": 0.0, "loo_median_m": null, "loo_max_m": null, "n_control_points": "2", "outside_hull": true, "outside_boundary_by_m": 228.4, "source_document": "nfss-riaddendum-appendices12c-13a-2011-04.pdf", "source_page": "544"}}, {"type": "Feature", "geometry": {"type": "Point", "coordinates": [-78.987843, 43.2173777]}, "properties": {"site": "Niagara-Falls-Storage-Site__932023", "site_id": "932023", "location_id": "920", "measured": false, "method": "similarity_from_hand_control_points", "figure_style": "untested", "fit_rms_m": 0.0, "loo_median_m": null, "loo_max_m": null, "n_control_points": "2", "outside_hull": true, "outside_boundary_by_m": 133.6, "source_document": "nfss-riaddendum-appendices12c-13a-2011-04.pdf", "source_page": "544"}}, {"type": "Feature", "geometry": {"type": "Point", "coordinates": [-78.9834828, 43.2174342]}, "properties": {"site": "Niagara-Falls-Storage-Site__932023", "site_id": "932023", "location_id": "724", "measured": false, "method": "similarity_from_hand_control_points", "figure_style": "untested", "fit_rms_m": 0.0, "loo_median_m": null, "loo_max_m": null, "n_control_points": "2", "outside_hull": true, "outside_boundary_by_m": 179.3, "source_document": "nfss-riaddendum-appendices12c-13a-2011-04.pdf", "source_page": "544"}}, {"type": "Feature", "geometry": {"type": "Point", "coordinates": [-78.9754598, 43.2175675]}, "properties": {"site": "Niagara-Falls-Storage-Site__932023", "site_id": "932023", "location_id": "PZ4M", "measured": false, "method": "similarity_from_hand_control_points", "figure_style": "untested", "fit_rms_m": 0.0, "loo_median_m": null, "loo_max_m": null, "n_control_points": "2", "outside_hull": true, "outside_boundary_by_m": 780.6, "source_document": "nfss-riaddendum-appendices12c-13a-2011-04.pdf", "source_page": "544"}}, {"type": "Feature", "geometry": {"type": "Point", "coordinates": [-78.9878871, 43.2173741]}, "properties": {"site": "Niagara-Falls-Storage-Site__932023", "site_id": "932023", "location_id": "910", "measured": false, "method": "similarity_from_hand_control_points", "figure_style": "untested", "fit_rms_m": 0.0, "loo_median_m": null, "loo_max_m": null, "n_control_points": "2", "outside_hull": true, "outside_boundary_by_m": 133.8, "source_document": "nfss-riaddendum-appendices12c-13a-2011-04.pdf", "source_page": "544"}}, {"type": "Feature", "geometry": {"type": "Point", "coordinates": [-78.9873757, 43.2173577]}, "properties": {"site": "Niagara-Falls-Storage-Site__932023", "site_id": "932023", "location_id": "835", "measured": false, "method": "similarity_from_hand_control_points", "figure_style": "untested", "fit_rms_m": 0.0, "loo_median_m": null, "loo_max_m": null, "n_control_points": "2", "outside_hull": true, "outside_boundary_by_m": 129.4, "source_document": "nfss-riaddendum-appendices12c-13a-2011-04.pdf", "source_page": "544"}}, {"type": "Feature", "geometry": {"type": "Point", "coordinates": [-78.9794745, 43.2175661]}, "properties": {"site": "Niagara-Falls-Storage-Site__932023", "site_id": "932023", "location_id": "PZ1M", "measured": false, "method": "similarity_from_hand_control_points", "figure_style": "untested", "fit_rms_m": 0.0, "loo_median_m": null, "loo_max_m": null, "n_control_points": "2", "outside_hull": true, "outside_boundary_by_m": 465.5, "source_document": "nfss-riaddendum-appendices12c-13a-2011-04.pdf", "source_page": "544"}}, {"type": "Feature", "geometry": {"type": "Point", "coordinates": [-78.9733341, 43.2176028]}, "properties": {"site": "Niagara-Falls-Storage-Site__932023", "site_id": "932023", "location_id": "PZ5M", "measured": false, "method": "similarity_from_hand_control_points", "figure_style": "untested", "fit_rms_m": 0.0, "loo_median_m": null, "loo_max_m": null, "n_control_points": "2", "outside_hull": true, "outside_boundary_by_m": 951.0, "source_document": "nfss-riaddendum-appendices12c-13a-2011-04.pdf", "source_page": "544"}}, {"type": "Feature", "geometry": {"type": "Point", "coordinates": [-78.9870347, 43.2170464]}, "properties": {"site": "Niagara-Falls-Storage-Site__932023", "site_id": "932023", "location_id": "748", "measured": false, "method": "similarity_from_hand_control_points", "figure_style": "untested", "fit_rms_m": 0.0, "loo_median_m": null, "loo_max_m": null, "n_control_points": "2", "outside_hull": true, "outside_boundary_by_m": 94.7, "source_document": "nfss-riaddendum-appendices12c-13a-2011-04.pdf", "source_page": "544"}}, {"type": "Feature", "geometry": {"type": "Point", "coordinates": [-78.9853093, 43.2170817]}, "properties": {"site": "Niagara-Falls-Storage-Site__932023", "site_id": "932023", "location_id": "A32", "measured": false, "method": "similarity_from_hand_control_points", "figure_style": "untested", "fit_rms_m": 0.0, "loo_median_m": null, "loo_max_m": null, "n_control_points": "2", "outside_hull": true, "outside_boundary_by_m": 98.7, "source_document": "nfss-riaddendum-appendices12c-13a-2011-04.pdf", "source_page": "544"}}, {"type": "Feature", "geometry": {"type": "Point", "coordinates": [-78.9844545, 43.2170837]}, "properties": {"site": "Niagara-Falls-Storage-Site__932023", "site_id": "932023", "location_id": "BH806", "measured": false, "method": "similarity_from_hand_control_points", "figure_style": "untested", "fit_rms_m": 0.0, "loo_median_m": null, "loo_max_m": null, "n_control_points": "2", "outside_hull": true, "outside_boundary_by_m": 105.2, "source_document": "nfss-riaddendum-appendices12c-13a-2011-04.pdf", "source_page": "544"}}, {"type": "Feature", "geometry": {"type": "Point", "coordinates": [-78.9869473, 43.2173375]}, "properties": {"site": "Niagara-Falls-Storage-Site__932023", "site_id": "932023", "location_id": "743", "measured": false, "method": "similarity_from_hand_control_points", "figure_style": "untested", "fit_rms_m": 0.0, "loo_median_m": null, "loo_max_m": null, "n_control_points": "2", "outside_hull": true, "outside_boundary_by_m": 127.1, "source_document": "nfss-riaddendum-appendices12c-13a-2011-04.pdf", "source_page": "544"}}, {"type": "Feature", "geometry": {"type": "Point", "coordinates": [-78.9833629, 43.2172818]}, "properties": {"site": "Niagara-Falls-Storage-Site__932023", "site_id": "932023", "location_id": "BH2", "measured": false, "method": "similarity_from_hand_control_points", "figure_style": "untested", "fit_rms_m": 0.0, "loo_median_m": null, "loo_max_m": null, "n_control_points": "2", "outside_hull": true, "outside_boundary_by_m": 173.4, "source_document": "nfss-riaddendum-appendices12c-13a-2011-04.pdf", "source_page": "544"}}, {"type": "Feature", "geometry": {"type": "Point", "coordinates": [-78.9857668, 43.2174938]}, "properties": {"site": "Niagara-Falls-Storage-Site__932023", "site_id": "932023", "location_id": "A33PA", "measured": false, "method": "similarity_from_hand_control_points", "figure_style": "untested", "fit_rms_m": 0.0, "loo_median_m": null, "loo_max_m": null, "n_control_points": "2", "outside_hull": true, "outside_boundary_by_m": 144.5, "source_document": "nfss-riaddendum-appendices12c-13a-2011-04.pdf", "source_page": "544"}}, {"type": "Feature", "geometry": {"type": "Point", "coordinates": [-78.985623, 43.2174981]}, "properties": {"site": "Niagara-Falls-Storage-Site__932023", "site_id": "932023", "location_id": "34P", "measured": false, "method": "similarity_from_hand_control_points", "figure_style": "untested", "fit_rms_m": 0.0, "loo_median_m": null, "loo_max_m": null, "n_control_points": "2", "outside_hull": true, "outside_boundary_by_m": 145.0, "source_document": "nfss-riaddendum-appendices12c-13a-2011-04.pdf", "source_page": "544"}}, {"type": "Feature", "geometry": {"type": "Point", "coordinates": [-78.9784491, 43.217532]}, "properties": {"site": "Niagara-Falls-Storage-Site__932023", "site_id": "932023", "location_id": "PZ2M", "measured": false, "method": "similarity_from_hand_control_points", "figure_style": "untested", "fit_rms_m": 0.0, "loo_median_m": null, "loo_max_m": null, "n_control_points": "2", "outside_hull": true, "outside_boundary_by_m": 543.7, "source_document": "nfss-riaddendum-appendices12c-13a-2011-04.pdf", "source_page": "544"}}, {"type": "Feature", "geometry": {"type": "Point", "coordinates": [-78.9782532, 43.2175311]}, "properties": {"site": "Niagara-Falls-Storage-Site__932023", "site_id": "932023", "location_id": "W7", "measured": false, "method": "similarity_from_hand_control_points", "figure_style": "untested", "fit_rms_m": 0.0, "loo_median_m": null, "loo_max_m": null, "n_control_points": "2", "outside_hull": true, "outside_boundary_by_m": 559.0, "source_document": "nfss-riaddendum-appendices12c-13a-2011-04.pdf", "source_page": "544"}}, {"type": "Feature", "geometry": {"type": "Point", "coordinates": [-78.9770339, 43.2175387]}, "properties": {"site": "Niagara-Falls-Storage-Site__932023", "site_id": "932023", "location_id": "PZ3M", "measured": false, "method": "similarity_from_hand_control_points", "figure_style": "untested", "fit_rms_m": 0.0, "loo_median_m": null, "loo_max_m": null, "n_control_points": "2", "outside_hull": true, "outside_boundary_by_m": 655.1, "source_document": "nfss-riaddendum-appendices12c-13a-2011-04.pdf", "source_page": "544"}}, {"type": "Feature", "geometry": {"type": "Point", "coordinates": [-78.9756408, 43.2175385]}, "properties": {"site": "Niagara-Falls-Storage-Site__932023", "site_id": "932023", "location_id": "PZ4D", "measured": false, "method": "similarity_from_hand_control_points", "figure_style": "untested", "fit_rms_m": 0.0, "loo_median_m": null, "loo_max_m": null, "n_control_points": "2", "outside_hull": true, "outside_boundary_by_m": 765.6, "source_document": "nfss-riaddendum-appendices12c-13a-2011-04.pdf", "source_page": "544"}}, {"type": "Feature", "geometry": {"type": "Point", "coordinates": [-78.9754059, 43.2175401]}, "properties": {"site": "Niagara-Falls-Storage-Site__932023", "site_id": "932023", "location_id": "PZ4S", "measured": false, "method": "similarity_from_hand_control_points", "figure_style": "untested", "fit_rms_m": 0.0, "loo_median_m": null, "loo_max_m": null, "n_control_points": "2", "outside_hull": true, "outside_boundary_by_m": 784.3, "source_document": "nfss-riaddendum-appendices12c-13a-2011-04.pdf", "source_page": "544"}}, {"type": "Feature", "geometry": {"type": "Point", "coordinates": [-78.9739432, 43.2175467]}, "properties": {"site": "Niagara-Falls-Storage-Site__932023", "site_id": "932023", "location_id": "W9", "measured": false, "method": "similarity_from_hand_control_points", "figure_style": "untested", "fit_rms_m": 0.0, "loo_median_m": null, "loo_max_m": null, "n_control_points": "2", "outside_hull": true, "outside_boundary_by_m": 901.2, "source_document": "nfss-riaddendum-appendices12c-13a-2011-04.pdf", "source_page": "544"}}, {"type": "Feature", "geometry": {"type": "Point", "coordinates": [-78.9824043, 43.217091]}, "properties": {"site": "Niagara-Falls-Storage-Site__932023", "site_id": "932023", "location_id": "EU082", "measured": false, "method": "similarity_from_hand_control_points", "figure_style": "untested", "fit_rms_m": 0.0, "loo_median_m": null, "loo_max_m": null, "n_control_points": "2", "outside_hull": true, "outside_boundary_by_m": 225.3, "source_document": "nfss-riaddendum-appendices12c-13a-2011-04.pdf", "source_page": "544"}}, {"type": "Feature", "geometry": {"type": "Point", "coordinates": [-78.9803263, 43.2170949]}, "properties": {"site": "Niagara-Falls-Storage-Site__932023", "site_id": "932023", "location_id": "RB02", "measured": false, "method": "similarity_from_hand_control_points", "figure_style": "untested", "fit_rms_m": 0.0, "loo_median_m": null, "loo_max_m": null, "n_control_points": "2", "outside_hull": true, "outside_boundary_by_m": 384.0, "source_document": "nfss-riaddendum-appendices12c-13a-2011-04.pdf", "source_page": "544"}}, {"type": "Feature", "geometry": {"type": "Point", "coordinates": [-78.9826287, 43.2173476]}, "properties": {"site": "Niagara-Falls-Storage-Site__932023", "site_id": "932023", "location_id": "D200", "measured": false, "method": "similarity_from_hand_control_points", "figure_style": "untested", "fit_rms_m": 0.0, "loo_median_m": null, "loo_max_m": null, "n_control_points": "2", "outside_hull": true, "outside_boundary_by_m": 224.2, "source_document": "nfss-riaddendum-appendices12c-13a-2011-04.pdf", "source_page": "544"}}, {"type": "Feature", "geometry": {"type": "Point", "coordinates": [-78.9802271, 43.2171597]}, "properties": {"site": "Niagara-Falls-Storage-Site__932023", "site_id": "932023", "location_id": "306", "measured": false, "method": "similarity_from_hand_control_points", "figure_style": "untested", "fit_rms_m": 0.0, "loo_median_m": null, "loo_max_m": null, "n_control_points": "2", "outside_hull": true, "outside_boundary_by_m": 393.7, "source_document": "nfss-riaddendum-appendices12c-13a-2011-04.pdf", "source_page": "544"}}, {"type": "Feature", "geometry": {"type": "Point", "coordinates": [-78.9863486, 43.2169724]}, "properties": {"site": "Niagara-Falls-Storage-Site__932023", "site_id": "932023", "location_id": "807", "measured": false, "method": "similarity_from_hand_control_points", "figure_style": "untested", "fit_rms_m": 0.0, "loo_median_m": null, "loo_max_m": null, "n_control_points": "2", "outside_hull": true, "outside_boundary_by_m": 86.5, "source_document": "nfss-riaddendum-appendices12c-13a-2011-04.pdf", "source_page": "544"}}, {"type": "Feature", "geometry": {"type": "Point", "coordinates": [-78.9851959, 43.2169674]}, "properties": {"site": "Niagara-Falls-Storage-Site__932023", "site_id": "932023", "location_id": "708", "measured": false, "method": "similarity_from_hand_control_points", "figure_style": "untested", "fit_rms_m": 0.0, "loo_median_m": null, "loo_max_m": null, "n_control_points": "2", "outside_hull": true, "outside_boundary_by_m": 85.9, "source_document": "nfss-riaddendum-appendices12c-13a-2011-04.pdf", "source_page": "544"}}, {"type": "Feature", "geometry": {"type": "Point", "coordinates": [-78.9875967, 43.2167642]}, "properties": {"site": "Niagara-Falls-Storage-Site__932023", "site_id": "932023", "location_id": "821", "measured": false, "method": "similarity_from_hand_control_points", "figure_style": "untested", "fit_rms_m": 0.0, "loo_median_m": null, "loo_max_m": null, "n_control_points": "2", "outside_hull": true, "outside_boundary_by_m": 63.4, "source_document": "nfss-riaddendum-appendices12c-13a-2011-04.pdf", "source_page": "544"}}, {"type": "Feature", "geometry": {"type": "Point", "coordinates": [-78.985905, 43.2167681]}, "properties": {"site": "Niagara-Falls-Storage-Site__932023", "site_id": "932023", "location_id": "837", "measured": false, "method": "similarity_from_hand_control_points", "figure_style": "untested", "fit_rms_m": 0.0, "loo_median_m": null, "loo_max_m": null, "n_control_points": "2", "outside_hull": true, "outside_boundary_by_m": 63.7, "source_document": "nfss-riaddendum-appendices12c-13a-2011-04.pdf", "source_page": "544"}}, {"type": "Feature", "geometry": {"type": "Point", "coordinates": [-78.9828196, 43.2169309]}, "properties": {"site": "Niagara-Falls-Storage-Site__932023", "site_id": "932023", "location_id": "BH8", "measured": false, "method": "similarity_from_hand_control_points", "figure_style": "untested", "fit_rms_m": 0.0, "loo_median_m": null, "loo_max_m": null, "n_control_points": "2", "outside_hull": true, "outside_boundary_by_m": 187.3, "source_document": "nfss-riaddendum-appendices12c-13a-2011-04.pdf", "source_page": "544"}}, {"type": "Feature", "geometry": {"type": "Point", "coordinates": [-78.9817219, 43.2167095]}, "properties": {"site": "Niagara-Falls-Storage-Site__932023", "site_id": "932023", "location_id": "NH43", "measured": false, "method": "similarity_from_hand_control_points", "figure_style": "untested", "fit_rms_m": 0.0, "loo_median_m": null, "loo_max_m": null, "n_control_points": "2", "outside_hull": true, "outside_boundary_by_m": 263.7, "source_document": "nfss-riaddendum-appendices12c-13a-2011-04.pdf", "source_page": "544"}}, {"type": "Feature", "geometry": {"type": "Point", "coordinates": [-78.9841831, 43.2166379]}, "properties": {"site": "Niagara-Falls-Storage-Site__932023", "site_id": "932023", "location_id": "EU071", "measured": false, "method": "similarity_from_hand_control_points", "figure_style": "untested", "fit_rms_m": 0.0, "loo_median_m": null, "loo_max_m": null, "n_control_points": "2", "outside_hull": true, "outside_boundary_by_m": 75.9, "source_document": "nfss-riaddendum-appendices12c-13a-2011-04.pdf", "source_page": "544"}}, {"type": "Feature", "geometry": {"type": "Point", "coordinates": [-78.9868601, 43.2165392]}, "properties": {"site": "Niagara-Falls-Storage-Site__932023", "site_id": "932023", "location_id": "A30", "measured": false, "method": "similarity_from_hand_control_points", "figure_style": "untested", "fit_rms_m": 0.0, "loo_median_m": null, "loo_max_m": null, "n_control_points": "2", "outside_hull": true, "outside_boundary_by_m": 38.2, "source_document": "nfss-riaddendum-appendices12c-13a-2011-04.pdf", "source_page": "544"}}, {"type": "Feature", "geometry": {"type": "Point", "coordinates": [-78.9836178, 43.2165263]}, "properties": {"site": "Niagara-Falls-Storage-Site__932023", "site_id": "932023", "location_id": "RC04", "measured": false, "method": "similarity_from_hand_control_points", "figure_style": "untested", "fit_rms_m": 0.0, "loo_median_m": null, "loo_max_m": null, "n_control_points": "2", "outside_hull": true, "outside_boundary_by_m": 110.0, "source_document": "nfss-riaddendum-appendices12c-13a-2011-04.pdf", "source_page": "544"}}, {"type": "Feature", "geometry": {"type": "Point", "coordinates": [-78.9879688, 43.2164573]}, "properties": {"site": "Niagara-Falls-Storage-Site__932023", "site_id": "932023", "location_id": "EU091", "measured": false, "method": "similarity_from_hand_control_points", "figure_style": "untested", "fit_rms_m": 0.0, "loo_median_m": null, "loo_max_m": null, "n_control_points": "2", "outside_hull": true, "outside_boundary_by_m": 44.2, "source_document": "nfss-riaddendum-appendices12c-13a-2011-04.pdf", "source_page": "544"}}, {"type": "Feature", "geometry": {"type": "Point", "coordinates": [-78.9858114, 43.216152]}, "properties": {"site": "Niagara-Falls-Storage-Site__932023", "site_id": "932023", "location_id": "838", "measured": false, "method": "similarity_from_hand_control_points", "figure_style": "untested", "fit_rms_m": 0.0, "loo_median_m": null, "loo_max_m": null, "n_control_points": "2", "outside_hull": true, "outside_boundary_by_m": 0.0, "source_document": "nfss-riaddendum-appendices12c-13a-2011-04.pdf", "source_page": "544"}}, {"type": "Feature", "geometry": {"type": "Point", "coordinates": [-78.9823411, 43.2161889]}, "properties": {"site": "Niagara-Falls-Storage-Site__932023", "site_id": "932023", "location_id": "MH45", "measured": false, "method": "similarity_from_hand_control_points", "figure_style": "untested", "fit_rms_m": 0.0, "loo_median_m": null, "loo_max_m": null, "n_control_points": "2", "outside_hull": true, "outside_boundary_by_m": 207.2, "source_document": "nfss-riaddendum-appendices12c-13a-2011-04.pdf", "source_page": "544"}}, {"type": "Feature", "geometry": {"type": "Point", "coordinates": [-78.9852822, 43.2162574]}, "properties": {"site": "Niagara-Falls-Storage-Site__932023", "site_id": "932023", "location_id": "A31", "measured": false, "method": "similarity_from_hand_control_points", "figure_style": "untested", "fit_rms_m": 0.0, "loo_median_m": null, "loo_max_m": null, "n_control_points": "2", "outside_hull": true, "outside_boundary_by_m": 6.9, "source_document": "nfss-riaddendum-appendices12c-13a-2011-04.pdf", "source_page": "544"}}, {"type": "Feature", "geometry": {"type": "Point", "coordinates": [-78.9796351, 43.2161281]}, "properties": {"site": "Niagara-Falls-Storage-Site__932023", "site_id": "932023", "location_id": "W4", "measured": false, "method": "similarity_from_hand_control_points", "figure_style": "untested", "fit_rms_m": 0.0, "loo_median_m": null, "loo_max_m": null, "n_control_points": "2", "outside_hull": true, "outside_boundary_by_m": 426.8, "source_document": "nfss-riaddendum-appendices12c-13a-2011-04.pdf", "source_page": "544"}}, {"type": "Feature", "geometry": {"type": "Point", "coordinates": [-78.9796011, 43.2163491]}, "properties": {"site": "Niagara-Falls-Storage-Site__932023", "site_id": "932023", "location_id": "PZ15S", "measured": false, "method": "similarity_from_hand_control_points", "figure_style": "untested", "fit_rms_m": 0.0, "loo_median_m": null, "loo_max_m": null, "n_control_points": "2", "outside_hull": true, "outside_boundary_by_m": 429.9, "source_document": "nfss-riaddendum-appendices12c-13a-2011-04.pdf", "source_page": "544"}}, {"type": "Feature", "geometry": {"type": "Point", "coordinates": [-78.9845639, 43.2161319]}, "properties": {"site": "Niagara-Falls-Storage-Site__932023", "site_id": "932023", "location_id": "841", "measured": false, "method": "similarity_from_hand_control_points", "figure_style": "untested", "fit_rms_m": 0.0, "loo_median_m": null, "loo_max_m": null, "n_control_points": "2", "outside_hull": true, "outside_boundary_by_m": 26.9, "source_document": "nfss-riaddendum-appendices12c-13a-2011-04.pdf", "source_page": "544"}}, {"type": "Feature", "geometry": {"type": "Point", "coordinates": [-78.9852061, 43.2163774]}, "properties": {"site": "Niagara-Falls-Storage-Site__932023", "site_id": "932023", "location_id": "CD3", "measured": false, "method": "similarity_from_hand_control_points", "figure_style": "untested", "fit_rms_m": 0.0, "loo_median_m": null, "loo_max_m": null, "n_control_points": "2", "outside_hull": true, "outside_boundary_by_m": 20.3, "source_document": "nfss-riaddendum-appendices12c-13a-2011-04.pdf", "source_page": "544"}}, {"type": "Feature", "geometry": {"type": "Point", "coordinates": [-78.9878709, 43.2164945]}, "properties": {"site": "Niagara-Falls-Storage-Site__932023", "site_id": "932023", "location_id": "909", "measured": false, "method": "similarity_from_hand_control_points", "figure_style": "untested", "fit_rms_m": 0.0, "loo_median_m": null, "loo_max_m": null, "n_control_points": "2", "outside_hull": true, "outside_boundary_by_m": 41.8, "source_document": "nfss-riaddendum-appendices12c-13a-2011-04.pdf", "source_page": "544"}}, {"type": "Feature", "geometry": {"type": "Point", "coordinates": [-78.9813814, 43.2160542]}, "properties": {"site": "Niagara-Falls-Storage-Site__932023", "site_id": "932023", "location_id": "RB05", "measured": false, "method": "similarity_from_hand_control_points", "figure_style": "untested", "fit_rms_m": 0.0, "loo_median_m": null, "loo_max_m": null, "n_control_points": "2", "outside_hull": true, "outside_boundary_by_m": 285.1, "source_document": "nfss-riaddendum-appendices12c-13a-2011-04.pdf", "source_page": "544"}}, {"type": "Feature", "geometry": {"type": "Point", "coordinates": [-78.9869402, 43.216322]}, "properties": {"site": "Niagara-Falls-Storage-Site__932023", "site_id": "932023", "location_id": "836", "measured": false, "method": "similarity_from_hand_control_points", "figure_style": "untested", "fit_rms_m": 0.0, "loo_median_m": null, "loo_max_m": null, "n_control_points": "2", "outside_hull": true, "outside_boundary_by_m": 14.1, "source_document": "nfss-riaddendum-appendices12c-13a-2011-04.pdf", "source_page": "544"}}, {"type": "Feature", "geometry": {"type": "Point", "coordinates": [-78.9859076, 43.2163284]}, "properties": {"site": "Niagara-Falls-Storage-Site__932023", "site_id": "932023", "location_id": "820", "measured": false, "method": "similarity_from_hand_control_points", "figure_style": "untested", "fit_rms_m": 0.0, "loo_median_m": null, "loo_max_m": null, "n_control_points": "2", "outside_hull": true, "outside_boundary_by_m": 14.8, "source_document": "nfss-riaddendum-appendices12c-13a-2011-04.pdf", "source_page": "544"}}, {"type": "Feature", "geometry": {"type": "Point", "coordinates": [-78.9797913, 43.2163667]}, "properties": {"site": "Niagara-Falls-Storage-Site__932023", "site_id": "932023", "location_id": "PZ15M", "measured": false, "method": "similarity_from_hand_control_points", "figure_style": "untested", "fit_rms_m": 0.0, "loo_median_m": null, "loo_max_m": null, "n_control_points": "2", "outside_hull": true, "outside_boundary_by_m": 414.5, "source_document": "nfss-riaddendum-appendices12c-13a-2011-04.pdf", "source_page": "544"}}, {"type": "Feature", "geometry": {"type": "Point", "coordinates": [-78.9877842, 43.2159427]}, "properties": {"site": "Niagara-Falls-Storage-Site__932023", "site_id": "932023", "location_id": "918", "measured": false, "method": "similarity_from_hand_control_points", "figure_style": "untested", "fit_rms_m": 0.0, "loo_median_m": null, "loo_max_m": null, "n_control_points": "2", "outside_hull": true, "outside_boundary_by_m": 18.1, "source_document": "nfss-riaddendum-appendices12c-13a-2011-04.pdf", "source_page": "544"}}, {"type": "Feature", "geometry": {"type": "Point", "coordinates": [-78.9824278, 43.2159813]}, "properties": {"site": "Niagara-Falls-Storage-Site__932023", "site_id": "932023", "location_id": "SUMP35", "measured": false, "method": "similarity_from_hand_control_points", "figure_style": "untested", "fit_rms_m": 0.0, "loo_median_m": null, "loo_max_m": null, "n_control_points": "2", "outside_hull": true, "outside_boundary_by_m": 200.2, "source_document": "nfss-riaddendum-appendices12c-13a-2011-04.pdf", "source_page": "544"}}, {"type": "Feature", "geometry": {"type": "Point", "coordinates": [-78.9831444, 43.2159267]}, "properties": {"site": "Niagara-Falls-Storage-Site__932023", "site_id": "932023", "location_id": "EU081", "measured": false, "method": "similarity_from_hand_control_points", "figure_style": "untested", "fit_rms_m": 0.0, "loo_median_m": null, "loo_max_m": null, "n_control_points": "2", "outside_hull": true, "outside_boundary_by_m": 142.1, "source_document": "nfss-riaddendum-appendices12c-13a-2011-04.pdf", "source_page": "544"}}, {"type": "Feature", "geometry": {"type": "Point", "coordinates": [-78.9878113, 43.2155671]}, "properties": {"site": "Niagara-Falls-Storage-Site__932023", "site_id": "932023", "location_id": "917", "measured": false, "method": "similarity_from_hand_control_points", "figure_style": "untested", "fit_rms_m": 0.0, "loo_median_m": null, "loo_max_m": null, "n_control_points": "2", "outside_hull": true, "outside_boundary_by_m": 20.1, "source_document": "nfss-riaddendum-appendices12c-13a-2011-04.pdf", "source_page": "544"}}, {"type": "Feature", "geometry": {"type": "Point", "coordinates": [-78.9866296, 43.215603]}, "properties": {"site": "Niagara-Falls-Storage-Site__932023", "site_id": "932023", "location_id": "A13H", "measured": false, "method": "similarity_from_hand_control_points", "figure_style": "untested", "fit_rms_m": 0.0, "loo_median_m": null, "loo_max_m": null, "n_control_points": "2", "outside_hull": true, "outside_boundary_by_m": 0.0, "source_document": "nfss-riaddendum-appendices12c-13a-2011-04.pdf", "source_page": "544"}}, {"type": "Feature", "geometry": {"type": "Point", "coordinates": [-78.9858352, 43.2156091]}, "properties": {"site": "Niagara-Falls-Storage-Site__932023", "site_id": "932023", "location_id": "A11H", "measured": false, "method": "similarity_from_hand_control_points", "figure_style": "untested", "fit_rms_m": 0.0, "loo_median_m": null, "loo_max_m": null, "n_control_points": "2", "outside_hull": true, "outside_boundary_by_m": 0.0, "source_document": "nfss-riaddendum-appendices12c-13a-2011-04.pdf", "source_page": "544"}}, {"type": "Feature", "geometry": {"type": "Point", "coordinates": [-78.9859467, 43.2156255]}, "properties": {"site": "Niagara-Falls-Storage-Site__932023", "site_id": "932023", "location_id": "A44", "measured": false, "method": "similarity_from_hand_control_points", "figure_style": "untested", "fit_rms_m": 0.0, "loo_median_m": null, "loo_max_m": null, "n_control_points": "2", "outside_hull": true, "outside_boundary_by_m": 0.0, "source_document": "nfss-riaddendum-appendices12c-13a-2011-04.pdf", "source_page": "544"}}, {"type": "Feature", "geometry": {"type": "Point", "coordinates": [-78.9852625, 43.2156484]}, "properties": {"site": "Niagara-Falls-Storage-Site__932023", "site_id": "932023", "location_id": "A8H", "measured": false, "method": "similarity_from_hand_control_points", "figure_style": "untested", "fit_rms_m": 0.0, "loo_median_m": null, "loo_max_m": null, "n_control_points": "2", "outside_hull": true, "outside_boundary_by_m": 0.0, "source_document": "nfss-riaddendum-appendices12c-13a-2011-04.pdf", "source_page": "544"}}, {"type": "Feature", "geometry": {"type": "Point", "coordinates": [-78.9863572, 43.2155827]}, "properties": {"site": "Niagara-Falls-Storage-Site__932023", "site_id": "932023", "location_id": "A22", "measured": false, "method": "similarity_from_hand_control_points", "figure_style": "untested", "fit_rms_m": 0.0, "loo_median_m": null, "loo_max_m": null, "n_control_points": "2", "outside_hull": true, "outside_boundary_by_m": 0.0, "source_document": "nfss-riaddendum-appendices12c-13a-2011-04.pdf", "source_page": "544"}}, {"type": "Feature", "geometry": {"type": "Point", "coordinates": [-78.9798781, 43.2157518]}, "properties": {"site": "Niagara-Falls-Storage-Site__932023", "site_id": "932023", "location_id": "722", "measured": false, "method": "similarity_from_hand_control_points", "figure_style": "untested", "fit_rms_m": 0.0, "loo_median_m": null, "loo_max_m": null, "n_control_points": "2", "outside_hull": true, "outside_boundary_by_m": 407.1, "source_document": "nfss-riaddendum-appendices12c-13a-2011-04.pdf", "source_page": "544"}}, {"type": "Feature", "geometry": {"type": "Point", "coordinates": [-78.9867698, 43.2158533]}, "properties": {"site": "Niagara-Falls-Storage-Site__932023", "site_id": "932023", "location_id": "BH66", "measured": false, "method": "similarity_from_hand_control_points", "figure_style": "untested", "fit_rms_m": 0.0, "loo_median_m": null, "loo_max_m": null, "n_control_points": "2", "outside_hull": true, "outside_boundary_by_m": 0.0, "source_document": "nfss-riaddendum-appendices12c-13a-2011-04.pdf", "source_page": "544"}}, {"type": "Feature", "geometry": {"type": "Point", "coordinates": [-78.9876572, 43.2158605]}, "properties": {"site": "Niagara-Falls-Storage-Site__932023", "site_id": "932023", "location_id": "742", "measured": false, "method": "similarity_from_hand_control_points", "figure_style": "untested", "fit_rms_m": 0.0, "loo_median_m": null, "loo_max_m": null, "n_control_points": "2", "outside_hull": true, "outside_boundary_by_m": 7.8, "source_document": "nfss-riaddendum-appendices12c-13a-2011-04.pdf", "source_page": "544"}}, {"type": "Feature", "geometry": {"type": "Point", "coordinates": [-78.9851579, 43.215454]}, "properties": {"site": "Niagara-Falls-Storage-Site__932023", "site_id": "932023", "location_id": "707", "measured": false, "method": "similarity_from_hand_control_points", "figure_style": "untested", "fit_rms_m": 0.0, "loo_median_m": null, "loo_max_m": null, "n_control_points": "2", "outside_hull": true, "outside_boundary_by_m": 0.0, "source_document": "nfss-riaddendum-appendices12c-13a-2011-04.pdf", "source_page": "544"}}, {"type": "Feature", "geometry": {"type": "Point", "coordinates": [-78.9844812, 43.2153059]}, "properties": {"site": "Niagara-Falls-Storage-Site__932023", "site_id": "932023", "location_id": "EU111", "measured": false, "method": "similarity_from_hand_control_points", "figure_style": "untested", "fit_rms_m": 0.0, "loo_median_m": null, "loo_max_m": null, "n_control_points": "2", "outside_hull": true, "outside_boundary_by_m": 33.7, "source_document": "nfss-riaddendum-appendices12c-13a-2011-04.pdf", "source_page": "544"}}, {"type": "Feature", "geometry": {"type": "Point", "coordinates": [-78.9833087, 43.215348]}, "properties": {"site": "Niagara-Falls-Storage-Site__932023", "site_id": "932023", "location_id": "215", "measured": false, "method": "similarity_from_hand_control_points", "figure_style": "untested", "fit_rms_m": 0.0, "loo_median_m": null, "loo_max_m": null, "n_control_points": "2", "outside_hull": true, "outside_boundary_by_m": 128.8, "source_document": "nfss-riaddendum-appendices12c-13a-2011-04.pdf", "source_page": "544"}}, {"type": "Feature", "geometry": {"type": "Point", "coordinates": [-78.986602, 43.2153609]}, "properties": {"site": "Niagara-Falls-Storage-Site__932023", "site_id": "932023", "location_id": "A14H", "measured": false, "method": "similarity_from_hand_control_points", "figure_style": "untested", "fit_rms_m": 0.0, "loo_median_m": null, "loo_max_m": null, "n_control_points": "2", "outside_hull": true, "outside_boundary_by_m": 0.0, "source_document": "nfss-riaddendum-appendices12c-13a-2011-04.pdf", "source_page": "544"}}, {"type": "Feature", "geometry": {"type": "Point", "coordinates": [-78.9857034, 43.2155305]}, "properties": {"site": "Niagara-Falls-Storage-Site__932023", "site_id": "932023", "location_id": "A9H", "measured": false, "method": "similarity_from_hand_control_points", "figure_style": "untested", "fit_rms_m": 0.0, "loo_median_m": null, "loo_max_m": null, "n_control_points": "2", "outside_hull": true, "outside_boundary_by_m": 0.0, "source_document": "nfss-riaddendum-appendices12c-13a-2011-04.pdf", "source_page": "544"}}, {"type": "Feature", "geometry": {"type": "Point", "coordinates": [-78.9851393, 43.2154982]}, "properties": {"site": "Niagara-Falls-Storage-Site__932023", "site_id": "932023", "location_id": "CD2", "measured": false, "method": "similarity_from_hand_control_points", "figure_style": "untested", "fit_rms_m": 0.0, "loo_median_m": null, "loo_max_m": null, "n_control_points": "2", "outside_hull": true, "outside_boundary_by_m": 0.0, "source_document": "nfss-riaddendum-appendices12c-13a-2011-04.pdf", "source_page": "544"}}, {"type": "Feature", "geometry": {"type": "Point", "coordinates": [-78.9812334, 43.2155213]}, "properties": {"site": "Niagara-Falls-Storage-Site__932023", "site_id": "932023", "location_id": "721", "measured": false, "method": "similarity_from_hand_control_points", "figure_style": "untested", "fit_rms_m": 0.0, "loo_median_m": null, "loo_max_m": null, "n_control_points": "2", "outside_hull": true, "outside_boundary_by_m": 297.2, "source_document": "nfss-riaddendum-appendices12c-13a-2011-04.pdf", "source_page": "544"}}, {"type": "Feature", "geometry": {"type": "Point", "coordinates": [-78.9802713, 43.2155127]}, "properties": {"site": "Niagara-Falls-Storage-Site__932023", "site_id": "932023", "location_id": "EU122", "measured": false, "method": "similarity_from_hand_control_points", "figure_style": "untested", "fit_rms_m": 0.0, "loo_median_m": null, "loo_max_m": null, "n_control_points": "2", "outside_hull": true, "outside_boundary_by_m": 375.2, "source_document": "nfss-riaddendum-appendices12c-13a-2011-04.pdf", "source_page": "544"}}, {"type": "Feature", "geometry": {"type": "Point", "coordinates": [-78.9808944, 43.2152982]}, "properties": {"site": "Niagara-Falls-Storage-Site__932023", "site_id": "932023", "location_id": "719", "measured": false, "method": "similarity_from_hand_control_points", "figure_style": "untested", "fit_rms_m": 0.0, "loo_median_m": null, "loo_max_m": null, "n_control_points": "2", "outside_hull": true, "outside_boundary_by_m": 324.7, "source_document": "nfss-riaddendum-appendices12c-13a-2011-04.pdf", "source_page": "544"}}, {"type": "Feature", "geometry": {"type": "Point", "coordinates": [-78.9878076, 43.2151237]}, "properties": {"site": "Niagara-Falls-Storage-Site__932023", "site_id": "932023", "location_id": "916", "measured": false, "method": "similarity_from_hand_control_points", "figure_style": "untested", "fit_rms_m": 0.0, "loo_median_m": null, "loo_max_m": null, "n_control_points": "2", "outside_hull": true, "outside_boundary_by_m": 19.6, "source_document": "nfss-riaddendum-appendices12c-13a-2011-04.pdf", "source_page": "544"}}, {"type": "Feature", "geometry": {"type": "Point", "coordinates": [-78.9879116, 43.2148803]}, "properties": {"site": "Niagara-Falls-Storage-Site__932023", "site_id": "932023", "location_id": "907", "measured": false, "method": "similarity_from_hand_control_points", "figure_style": "untested", "fit_rms_m": 0.0, "loo_median_m": null, "loo_max_m": null, "n_control_points": "2", "outside_hull": true, "outside_boundary_by_m": 27.9, "source_document": "nfss-riaddendum-appendices12c-13a-2011-04.pdf", "source_page": "544"}}, {"type": "Feature", "geometry": {"type": "Point", "coordinates": [-78.985291, 43.2149232]}, "properties": {"site": "Niagara-Falls-Storage-Site__932023", "site_id": "932023", "location_id": "A47", "measured": false, "method": "similarity_from_hand_control_points", "figure_style": "untested", "fit_rms_m": 0.0, "loo_median_m": null, "loo_max_m": null, "n_control_points": "2", "outside_hull": true, "outside_boundary_by_m": 0.0, "source_document": "nfss-riaddendum-appendices12c-13a-2011-04.pdf", "source_page": "544"}}, {"type": "Feature", "geometry": {"type": "Point", "coordinates": [-78.9854407, 43.2150035]}, "properties": {"site": "Niagara-Falls-Storage-Site__932023", "site_id": "932023", "location_id": "A46", "measured": false, "method": "similarity_from_hand_control_points", "figure_style": "untested", "fit_rms_m": 0.0, "loo_median_m": null, "loo_max_m": null, "n_control_points": "2", "outside_hull": true, "outside_boundary_by_m": 0.0, "source_document": "nfss-riaddendum-appendices12c-13a-2011-04.pdf", "source_page": "544"}}, {"type": "Feature", "geometry": {"type": "Point", "coordinates": [-78.9821872, 43.2149981]}, "properties": {"site": "Niagara-Falls-Storage-Site__932023", "site_id": "932023", "location_id": "EU123", "measured": false, "method": "similarity_from_hand_control_points", "figure_style": "untested", "fit_rms_m": 0.0, "loo_median_m": null, "loo_max_m": null, "n_control_points": "2", "outside_hull": true, "outside_boundary_by_m": 219.9, "source_document": "nfss-riaddendum-appendices12c-13a-2011-04.pdf", "source_page": "544"}}, {"type": "Feature", "geometry": {"type": "Point", "coordinates": [-78.987272, 43.2149413]}, "properties": {"site": "Niagara-Falls-Storage-Site__932023", "site_id": "932023", "location_id": "TWP939", "measured": false, "method": "similarity_from_hand_control_points", "figure_style": "untested", "fit_rms_m": 0.0, "loo_median_m": null, "loo_max_m": null, "n_control_points": "2", "outside_hull": true, "outside_boundary_by_m": 0.0, "source_document": "nfss-riaddendum-appendices12c-13a-2011-04.pdf", "source_page": "544"}}, {"type": "Feature", "geometry": {"type": "Point", "coordinates": [-78.9798866, 43.2149622]}, "properties": {"site": "Niagara-Falls-Storage-Site__932023", "site_id": "932023", "location_id": "206", "measured": false, "method": "similarity_from_hand_control_points", "figure_style": "untested", "fit_rms_m": 0.0, "loo_median_m": null, "loo_max_m": null, "n_control_points": "2", "outside_hull": true, "outside_boundary_by_m": 406.5, "source_document": "nfss-riaddendum-appendices12c-13a-2011-04.pdf", "source_page": "544"}}, {"type": "Feature", "geometry": {"type": "Point", "coordinates": [-78.9845139, 43.2148457]}, "properties": {"site": "Niagara-Falls-Storage-Site__932023", "site_id": "932023", "location_id": "843", "measured": false, "method": "similarity_from_hand_control_points", "figure_style": "untested", "fit_rms_m": 0.0, "loo_median_m": null, "loo_max_m": null, "n_control_points": "2", "outside_hull": true, "outside_boundary_by_m": 31.1, "source_document": "nfss-riaddendum-appendices12c-13a-2011-04.pdf", "source_page": "544"}}, {"type": "Feature", "geometry": {"type": "Point", "coordinates": [-78.9861792, 43.2147003]}, "properties": {"site": "Niagara-Falls-Storage-Site__932023", "site_id": "932023", "location_id": "BH72", "measured": false, "method": "similarity_from_hand_control_points", "figure_style": "untested", "fit_rms_m": 0.0, "loo_median_m": null, "loo_max_m": null, "n_control_points": "2", "outside_hull": true, "outside_boundary_by_m": 0.0, "source_document": "nfss-riaddendum-appendices12c-13a-2011-04.pdf", "source_page": "544"}}, {"type": "Feature", "geometry": {"type": "Point", "coordinates": [-78.986961, 43.2145883]}, "properties": {"site": "Niagara-Falls-Storage-Site__932023", "site_id": "932023", "location_id": "A20", "measured": false, "method": "similarity_from_hand_control_points", "figure_style": "untested", "fit_rms_m": 0.0, "loo_median_m": null, "loo_max_m": null, "n_control_points": "2", "outside_hull": true, "outside_boundary_by_m": 0.0, "source_document": "nfss-riaddendum-appendices12c-13a-2011-04.pdf", "source_page": "544"}}, {"type": "Feature", "geometry": {"type": "Point", "coordinates": [-78.987025, 43.2147469]}, "properties": {"site": "Niagara-Falls-Storage-Site__932023", "site_id": "932023", "location_id": "A19", "measured": false, "method": "similarity_from_hand_control_points", "figure_style": "untested", "fit_rms_m": 0.0, "loo_median_m": null, "loo_max_m": null, "n_control_points": "2", "outside_hull": true, "outside_boundary_by_m": 0.0, "source_document": "nfss-riaddendum-appendices12c-13a-2011-04.pdf", "source_page": "544"}}, {"type": "Feature", "geometry": {"type": "Point", "coordinates": [-78.9868596, 43.2146825]}, "properties": {"site": "Niagara-Falls-Storage-Site__932023", "site_id": "932023", "location_id": "A21", "measured": false, "method": "similarity_from_hand_control_points", "figure_style": "untested", "fit_rms_m": 0.0, "loo_median_m": null, "loo_max_m": null, "n_control_points": "2", "outside_hull": true, "outside_boundary_by_m": 0.0, "source_document": "nfss-riaddendum-appendices12c-13a-2011-04.pdf", "source_page": "544"}}, {"type": "Feature", "geometry": {"type": "Point", "coordinates": [-78.9816353, 43.2146783]}, "properties": {"site": "Niagara-Falls-Storage-Site__932023", "site_id": "932023", "location_id": "209", "measured": false, "method": "similarity_from_hand_control_points", "figure_style": "untested", "fit_rms_m": 0.0, "loo_median_m": null, "loo_max_m": null, "n_control_points": "2", "outside_hull": true, "outside_boundary_by_m": 264.7, "source_document": "nfss-riaddendum-appendices12c-13a-2011-04.pdf", "source_page": "544"}}, {"type": "Feature", "geometry": {"type": "Point", "coordinates": [-78.9805863, 43.2146979]}, "properties": {"site": "Niagara-Falls-Storage-Site__932023", "site_id": "932023", "location_id": "EU121", "measured": false, "method": "similarity_from_hand_control_points", "figure_style": "untested", "fit_rms_m": 0.0, "loo_median_m": null, "loo_max_m": null, "n_control_points": "2", "outside_hull": true, "outside_boundary_by_m": 349.8, "source_document": "nfss-riaddendum-appendices12c-13a-2011-04.pdf", "source_page": "544"}}, {"type": "Feature", "geometry": {"type": "Point", "coordinates": [-78.9879583, 43.2141385]}, "properties": {"site": "Niagara-Falls-Storage-Site__932023", "site_id": "932023", "location_id": "906", "measured": false, "method": "similarity_from_hand_control_points", "figure_style": "untested", "fit_rms_m": 0.0, "loo_median_m": null, "loo_max_m": null, "n_control_points": "2", "outside_hull": true, "outside_boundary_by_m": 31.3, "source_document": "nfss-riaddendum-appendices12c-13a-2011-04.pdf", "source_page": "544"}}, {"type": "Feature", "geometry": {"type": "Point", "coordinates": [-78.9874823, 43.2143301]}, "properties": {"site": "Niagara-Falls-Storage-Site__932023", "site_id": "932023", "location_id": "16A", "measured": false, "method": "similarity_from_hand_control_points", "figure_style": "untested", "fit_rms_m": 0.0, "loo_median_m": null, "loo_max_m": null, "n_control_points": "2", "outside_hull": true, "outside_boundary_by_m": 0.0, "source_document": "nfss-riaddendum-appendices12c-13a-2011-04.pdf", "source_page": "544"}}, {"type": "Feature", "geometry": {"type": "Point", "coordinates": [-78.9869034, 43.2143293]}, "properties": {"site": "Niagara-Falls-Storage-Site__932023", "site_id": "932023", "location_id": "A17", "measured": false, "method": "similarity_from_hand_control_points", "figure_style": "untested", "fit_rms_m": 0.0, "loo_median_m": null, "loo_max_m": null, "n_control_points": "2", "outside_hull": true, "outside_boundary_by_m": 0.0, "source_document": "nfss-riaddendum-appendices12c-13a-2011-04.pdf", "source_page": "544"}}, {"type": "Feature", "geometry": {"type": "Point", "coordinates": [-78.9861365, 43.2144245]}, "properties": {"site": "Niagara-Falls-Storage-Site__932023", "site_id": "932023", "location_id": "BH77", "measured": false, "method": "similarity_from_hand_control_points", "figure_style": "untested", "fit_rms_m": 0.0, "loo_median_m": null, "loo_max_m": null, "n_control_points": "2", "outside_hull": true, "outside_boundary_by_m": 0.0, "source_document": "nfss-riaddendum-appendices12c-13a-2011-04.pdf", "source_page": "544"}}, {"type": "Feature", "geometry": {"type": "Point", "coordinates": [-78.9873435, 43.2141396]}, "properties": {"site": "Niagara-Falls-Storage-Site__932023", "site_id": "932023", "location_id": "856", "measured": false, "method": "similarity_from_hand_control_points", "figure_style": "untested", "fit_rms_m": 0.0, "loo_median_m": null, "loo_max_m": null, "n_control_points": "2", "outside_hull": true, "outside_boundary_by_m": 0.0, "source_document": "nfss-riaddendum-appendices12c-13a-2011-04.pdf", "source_page": "544"}}, {"type": "Feature", "geometry": {"type": "Point", "coordinates": [-78.9853326, 43.2144707]}, "properties": {"site": "Niagara-Falls-Storage-Site__932023", "site_id": "932023", "location_id": "A48", "measured": false, "method": "similarity_from_hand_control_points", "figure_style": "untested", "fit_rms_m": 0.0, "loo_median_m": null, "loo_max_m": null, "n_control_points": "2", "outside_hull": true, "outside_boundary_by_m": 0.0, "source_document": "nfss-riaddendum-appendices12c-13a-2011-04.pdf", "source_page": "544"}}, {"type": "Feature", "geometry": {"type": "Point", "coordinates": [-78.9846742, 43.2143889]}, "properties": {"site": "Niagara-Falls-Storage-Site__932023", "site_id": "932023", "location_id": "EU103", "measured": false, "method": "similarity_from_hand_control_points", "figure_style": "untested", "fit_rms_m": 0.0, "loo_median_m": null, "loo_max_m": null, "n_control_points": "2", "outside_hull": true, "outside_boundary_by_m": 18.2, "source_document": "nfss-riaddendum-appendices12c-13a-2011-04.pdf", "source_page": "544"}}, {"type": "Feature", "geometry": {"type": "Point", "coordinates": [-78.9846286, 43.214518]}, "properties": {"site": "Niagara-Falls-Storage-Site__932023", "site_id": "932023", "location_id": "844", "measured": false, "method": "similarity_from_hand_control_points", "figure_style": "untested", "fit_rms_m": 0.0, "loo_median_m": null, "loo_max_m": null, "n_control_points": "2", "outside_hull": true, "outside_boundary_by_m": 21.8, "source_document": "nfss-riaddendum-appendices12c-13a-2011-04.pdf", "source_page": "544"}}, {"type": "Feature", "geometry": {"type": "Point", "coordinates": [-78.9877414, 43.214182]}, "properties": {"site": "Niagara-Falls-Storage-Site__932023", "site_id": "932023", "location_id": "TWP940", "measured": false, "method": "similarity_from_hand_control_points", "figure_style": "untested", "fit_rms_m": 0.0, "loo_median_m": null, "loo_max_m": null, "n_control_points": "2", "outside_hull": true, "outside_boundary_by_m": 13.7, "source_document": "nfss-riaddendum-appendices12c-13a-2011-04.pdf", "source_page": "544"}}, {"type": "Feature", "geometry": {"type": "Point", "coordinates": [-78.9868935, 43.214202]}, "properties": {"site": "Niagara-Falls-Storage-Site__932023", "site_id": "932023", "location_id": "A18", "measured": false, "method": "similarity_from_hand_control_points", "figure_style": "untested", "fit_rms_m": 0.0, "loo_median_m": null, "loo_max_m": null, "n_control_points": "2", "outside_hull": true, "outside_boundary_by_m": 0.0, "source_document": "nfss-riaddendum-appendices12c-13a-2011-04.pdf", "source_page": "544"}}, {"type": "Feature", "geometry": {"type": "Point", "coordinates": [-78.987868, 43.2139033]}, "properties": {"site": "Niagara-Falls-Storage-Site__932023", "site_id": "932023", "location_id": "EU092", "measured": false, "method": "similarity_from_hand_control_points", "figure_style": "untested", "fit_rms_m": 0.0, "loo_median_m": null, "loo_max_m": null, "n_control_points": "2", "outside_hull": true, "outside_boundary_by_m": 23.8, "source_document": "nfss-riaddendum-appendices12c-13a-2011-04.pdf", "source_page": "544"}}, {"type": "Feature", "geometry": {"type": "Point", "coordinates": [-78.9842649, 43.2137574]}, "properties": {"site": "Niagara-Falls-Storage-Site__932023", "site_id": "932023", "location_id": "819", "measured": false, "method": "similarity_from_hand_control_points", "figure_style": "untested", "fit_rms_m": 0.0, "loo_median_m": null, "loo_max_m": null, "n_control_points": "2", "outside_hull": true, "outside_boundary_by_m": 51.4, "source_document": "nfss-riaddendum-appendices12c-13a-2011-04.pdf", "source_page": "544"}}, {"type": "Feature", "geometry": {"type": "Point", "coordinates": [-78.9868413, 43.2137054]}, "properties": {"site": "Niagara-Falls-Storage-Site__932023", "site_id": "932023", "location_id": "A28", "measured": false, "method": "similarity_from_hand_control_points", "figure_style": "untested", "fit_rms_m": 0.0, "loo_median_m": null, "loo_max_m": null, "n_control_points": "2", "outside_hull": true, "outside_boundary_by_m": 0.0, "source_document": "nfss-riaddendum-appendices12c-13a-2011-04.pdf", "source_page": "544"}}, {"type": "Feature", "geometry": {"type": "Point", "coordinates": [-78.987899, 43.2135351]}, "properties": {"site": "Niagara-Falls-Storage-Site__932023", "site_id": "932023", "location_id": "905", "measured": false, "method": "similarity_from_hand_control_points", "figure_style": "untested", "fit_rms_m": 0.0, "loo_median_m": null, "loo_max_m": null, "n_control_points": "2", "outside_hull": true, "outside_boundary_by_m": 26.1, "source_document": "nfss-riaddendum-appendices12c-13a-2011-04.pdf", "source_page": "544"}}, {"type": "Feature", "geometry": {"type": "Point", "coordinates": [-78.9849534, 43.2133661]}, "properties": {"site": "Niagara-Falls-Storage-Site__932023", "site_id": "932023", "location_id": "705", "measured": false, "method": "similarity_from_hand_control_points", "figure_style": "untested", "fit_rms_m": 0.0, "loo_median_m": null, "loo_max_m": null, "n_control_points": "2", "outside_hull": true, "outside_boundary_by_m": 0.0, "source_document": "nfss-riaddendum-appendices12c-13a-2011-04.pdf", "source_page": "544"}}, {"type": "Feature", "geometry": {"type": "Point", "coordinates": [-78.9879233, 43.21327]}, "properties": {"site": "Niagara-Falls-Storage-Site__932023", "site_id": "932023", "location_id": "904", "measured": false, "method": "similarity_from_hand_control_points", "figure_style": "untested", "fit_rms_m": 0.0, "loo_median_m": null, "loo_max_m": null, "n_control_points": "2", "outside_hull": true, "outside_boundary_by_m": 28.0, "source_document": "nfss-riaddendum-appendices12c-13a-2011-04.pdf", "source_page": "544"}}, {"type": "Feature", "geometry": {"type": "Point", "coordinates": [-78.9853556, 43.213298]}, "properties": {"site": "Niagara-Falls-Storage-Site__932023", "site_id": "932023", "location_id": "A25", "measured": false, "method": "similarity_from_hand_control_points", "figure_style": "untested", "fit_rms_m": 0.0, "loo_median_m": null, "loo_max_m": null, "n_control_points": "2", "outside_hull": true, "outside_boundary_by_m": 0.0, "source_document": "nfss-riaddendum-appendices12c-13a-2011-04.pdf", "source_page": "544"}}, {"type": "Feature", "geometry": {"type": "Point", "coordinates": [-78.9851547, 43.2132824]}, "properties": {"site": "Niagara-Falls-Storage-Site__932023", "site_id": "932023", "location_id": "CD5", "measured": false, "method": "similarity_from_hand_control_points", "figure_style": "untested", "fit_rms_m": 0.0, "loo_median_m": null, "loo_max_m": null, "n_control_points": "2", "outside_hull": true, "outside_boundary_by_m": 0.0, "source_document": "nfss-riaddendum-appendices12c-13a-2011-04.pdf", "source_page": "544"}}, {"type": "Feature", "geometry": {"type": "Point", "coordinates": [-78.9873207, 43.2132342]}, "properties": {"site": "Niagara-Falls-Storage-Site__932023", "site_id": "932023", "location_id": "741", "measured": false, "method": "similarity_from_hand_control_points", "figure_style": "untested", "fit_rms_m": 0.0, "loo_median_m": null, "loo_max_m": null, "n_control_points": "2", "outside_hull": true, "outside_boundary_by_m": 0.0, "source_document": "nfss-riaddendum-appendices12c-13a-2011-04.pdf", "source_page": "544"}}, {"type": "Feature", "geometry": {"type": "Point", "coordinates": [-78.986832, 43.213205]}, "properties": {"site": "Niagara-Falls-Storage-Site__932023", "site_id": "932023", "location_id": "A27", "measured": false, "method": "similarity_from_hand_control_points", "figure_style": "untested", "fit_rms_m": 0.0, "loo_median_m": null, "loo_max_m": null, "n_control_points": "2", "outside_hull": true, "outside_boundary_by_m": 0.0, "source_document": "nfss-riaddendum-appendices12c-13a-2011-04.pdf", "source_page": "544"}}, {"type": "Feature", "geometry": {"type": "Point", "coordinates": [-78.9798577, 43.2130229]}, "properties": {"site": "Niagara-Falls-Storage-Site__932023", "site_id": "932023", "location_id": "817", "measured": false, "method": "similarity_from_hand_control_points", "figure_style": "untested", "fit_rms_m": 0.0, "loo_median_m": null, "loo_max_m": null, "n_control_points": "2", "outside_hull": true, "outside_boundary_by_m": 409.1, "source_document": "nfss-riaddendum-appendices12c-13a-2011-04.pdf", "source_page": "544"}}, {"type": "Feature", "geometry": {"type": "Point", "coordinates": [-78.9813646, 43.2129683]}, "properties": {"site": "Niagara-Falls-Storage-Site__932023", "site_id": "932023", "location_id": "818", "measured": false, "method": "similarity_from_hand_control_points", "figure_style": "untested", "fit_rms_m": 0.0, "loo_median_m": null, "loo_max_m": null, "n_control_points": "2", "outside_hull": true, "outside_boundary_by_m": 286.8, "source_document": "nfss-riaddendum-appendices12c-13a-2011-04.pdf", "source_page": "544"}}, {"type": "Feature", "geometry": {"type": "Point", "coordinates": [-78.9856573, 43.2128973]}, "properties": {"site": "Niagara-Falls-Storage-Site__932023", "site_id": "932023", "location_id": "6A", "measured": false, "method": "similarity_from_hand_control_points", "figure_style": "untested", "fit_rms_m": 0.0, "loo_median_m": null, "loo_max_m": null, "n_control_points": "2", "outside_hull": true, "outside_boundary_by_m": 0.0, "source_document": "nfss-riaddendum-appendices12c-13a-2011-04.pdf", "source_page": "544"}}, {"type": "Feature", "geometry": {"type": "Point", "coordinates": [-78.9857944, 43.2129285]}, "properties": {"site": "Niagara-Falls-Storage-Site__932023", "site_id": "932023", "location_id": "A23", "measured": false, "method": "similarity_from_hand_control_points", "figure_style": "untested", "fit_rms_m": 0.0, "loo_median_m": null, "loo_max_m": null, "n_control_points": "2", "outside_hull": true, "outside_boundary_by_m": 0.0, "source_document": "nfss-riaddendum-appendices12c-13a-2011-04.pdf", "source_page": "544"}}, {"type": "Feature", "geometry": {"type": "Point", "coordinates": [-78.9843415, 43.212964]}, "properties": {"site": "Niagara-Falls-Storage-Site__932023", "site_id": "932023", "location_id": "EU112", "measured": false, "method": "similarity_from_hand_control_points", "figure_style": "untested", "fit_rms_m": 0.0, "loo_median_m": null, "loo_max_m": null, "n_control_points": "2", "outside_hull": true, "outside_boundary_by_m": 45.3, "source_document": "nfss-riaddendum-appendices12c-13a-2011-04.pdf", "source_page": "544"}}, {"type": "Feature", "geometry": {"type": "Point", "coordinates": [-78.9818305, 43.2126735]}, "properties": {"site": "Niagara-Falls-Storage-Site__932023", "site_id": "932023", "location_id": "EU141", "measured": false, "method": "similarity_from_hand_control_points", "figure_style": "untested", "fit_rms_m": 0.0, "loo_median_m": null, "loo_max_m": null, "n_control_points": "2", "outside_hull": true, "outside_boundary_by_m": 249.1, "source_document": "nfss-riaddendum-appendices12c-13a-2011-04.pdf", "source_page": "544"}}, {"type": "Feature", "geometry": {"type": "Point", "coordinates": [-78.9851619, 43.2121892]}, "properties": {"site": "Niagara-Falls-Storage-Site__932023", "site_id": "932023", "location_id": "CD1", "measured": false, "method": "similarity_from_hand_control_points", "figure_style": "untested", "fit_rms_m": 0.0, "loo_median_m": null, "loo_max_m": null, "n_control_points": "2", "outside_hull": true, "outside_boundary_by_m": 47.4, "source_document": "nfss-riaddendum-appendices12c-13a-2011-04.pdf", "source_page": "544"}}, {"type": "Feature", "geometry": {"type": "Point", "coordinates": [-78.9816484, 43.2118848]}, "properties": {"site": "Niagara-Falls-Storage-Site__932023", "site_id": "932023", "location_id": "815", "measured": false, "method": "similarity_from_hand_control_points", "figure_style": "untested", "fit_rms_m": 0.0, "loo_median_m": null, "loo_max_m": null, "n_control_points": "2", "outside_hull": true, "outside_boundary_by_m": 276.0, "source_document": "nfss-riaddendum-appendices12c-13a-2011-04.pdf", "source_page": "544"}}, {"type": "Feature", "geometry": {"type": "Point", "coordinates": [-78.9852127, 43.2119167]}, "properties": {"site": "Niagara-Falls-Storage-Site__932023", "site_id": "932023", "location_id": "704", "measured": false, "method": "similarity_from_hand_control_points", "figure_style": "untested", "fit_rms_m": 0.0, "loo_median_m": null, "loo_max_m": null, "n_control_points": "2", "outside_hull": true, "outside_boundary_by_m": 77.8, "source_document": "nfss-riaddendum-appendices12c-13a-2011-04.pdf", "source_page": "544"}}, {"type": "Feature", "geometry": {"type": "Point", "coordinates": [-78.9814113, 43.212068]}, "properties": {"site": "Niagara-Falls-Storage-Site__932023", "site_id": "932023", "location_id": "EU143", "measured": false, "method": "similarity_from_hand_control_points", "figure_style": "untested", "fit_rms_m": 0.0, "loo_median_m": null, "loo_max_m": null, "n_control_points": "2", "outside_hull": true, "outside_boundary_by_m": 289.5, "source_document": "nfss-riaddendum-appendices12c-13a-2011-04.pdf", "source_page": "544"}}, {"type": "Feature", "geometry": {"type": "Point", "coordinates": [-78.983526, 43.2119189]}, "properties": {"site": "Niagara-Falls-Storage-Site__932023", "site_id": "932023", "location_id": "814", "measured": false, "method": "similarity_from_hand_control_points", "figure_style": "untested", "fit_rms_m": 0.0, "loo_median_m": null, "loo_max_m": null, "n_control_points": "2", "outside_hull": true, "outside_boundary_by_m": 135.7, "source_document": "nfss-riaddendum-appendices12c-13a-2011-04.pdf", "source_page": "544"}}, {"type": "Feature", "geometry": {"type": "Point", "coordinates": [-78.9879383, 43.212063]}, "properties": {"site": "Niagara-Falls-Storage-Site__932023", "site_id": "932023", "location_id": "902", "measured": false, "method": "similarity_from_hand_control_points", "figure_style": "untested", "fit_rms_m": 0.0, "loo_median_m": null, "loo_max_m": null, "n_control_points": "2", "outside_hull": true, "outside_boundary_by_m": 69.1, "source_document": "nfss-riaddendum-appendices12c-13a-2011-04.pdf", "source_page": "544"}}, {"type": "Feature", "geometry": {"type": "Point", "coordinates": [-78.9796926, 43.212017]}, "properties": {"site": "Niagara-Falls-Storage-Site__932023", "site_id": "932023", "location_id": "EU142", "measured": false, "method": "similarity_from_hand_control_points", "figure_style": "untested", "fit_rms_m": 0.0, "loo_median_m": null, "loo_max_m": null, "n_control_points": "2", "outside_hull": true, "outside_boundary_by_m": 427.7, "source_document": "nfss-riaddendum-appendices12c-13a-2011-04.pdf", "source_page": "544"}}, {"type": "Feature", "geometry": {"type": "Point", "coordinates": [-78.9796529, 43.2117134]}, "properties": {"site": "Niagara-Falls-Storage-Site__932023", "site_id": "932023", "location_id": "PZ18S", "measured": false, "method": "similarity_from_hand_control_points", "figure_style": "untested", "fit_rms_m": 0.0, "loo_median_m": null, "loo_max_m": null, "n_control_points": "2", "outside_hull": true, "outside_boundary_by_m": 437.4, "source_document": "nfss-riaddendum-appendices12c-13a-2011-04.pdf", "source_page": "544"}}, {"type": "Feature", "geometry": {"type": "Point", "coordinates": [-78.9876206, 43.2149645]}, "properties": {"site": "Niagara-Falls-Storage-Site__932023", "site_id": "932023", "location_id": "701", "measured": false, "method": "similarity_from_hand_control_points", "figure_style": "untested", "fit_rms_m": 0.0, "loo_median_m": null, "loo_max_m": null, "n_control_points": "2", "outside_hull": true, "outside_boundary_by_m": 4.3, "source_document": "nfss-riaddendum-appendices12c-13a-2011-04.pdf", "source_page": "544"}}, {"type": "Feature", "geometry": {"type": "Point", "coordinates": [-78.9852832, 43.2136906]}, "properties": {"site": "Niagara-Falls-Storage-Site__932023", "site_id": "932023", "location_id": "A24", "measured": false, "method": "similarity_from_hand_control_points", "figure_style": "untested", "fit_rms_m": 0.0, "loo_median_m": null, "loo_max_m": null, "n_control_points": "2", "outside_hull": true, "outside_boundary_by_m": 0.0, "source_document": "nfss-riaddendum-appendices12c-13a-2011-04.pdf", "source_page": "544"}}, {"type": "Feature", "geometry": {"type": "Point", "coordinates": [-78.9786842, 43.2204422]}, "properties": {"site": "Niagara-Falls-Storage-Site__932023", "site_id": "932023", "location_id": "EW6", "measured": false, "method": "similarity_from_hand_control_points", "figure_style": "untested", "fit_rms_m": 0.0, "loo_median_m": null, "loo_max_m": null, "n_control_points": "2", "outside_hull": true, "outside_boundary_by_m": 691.0, "source_document": "nfss-riaddendum-appendices12c-13a-2011-04.pdf", "source_page": "544"}}, {"type": "Feature", "geometry": {"type": "Point", "coordinates": [-78.9788758, 43.2204119]}, "properties": {"site": "Niagara-Falls-Storage-Site__932023", "site_id": "932023", "location_id": "EW7", "measured": false, "method": "similarity_from_hand_control_points", "figure_style": "untested", "fit_rms_m": 0.0, "loo_median_m": null, "loo_max_m": null, "n_control_points": "2", "outside_hull": true, "outside_boundary_by_m": 677.4, "source_document": "nfss-riaddendum-appendices12c-13a-2011-04.pdf", "source_page": "544"}}, {"type": "Feature", "geometry": {"type": "Point", "coordinates": [-78.9754317, 43.2201144]}, "properties": {"site": "Niagara-Falls-Storage-Site__932023", "site_id": "932023", "location_id": "G15", "measured": false, "method": "similarity_from_hand_control_points", "figure_style": "untested", "fit_rms_m": 0.0, "loo_median_m": null, "loo_max_m": null, "n_control_points": "2", "outside_hull": true, "outside_boundary_by_m": 883.1, "source_document": "nfss-riaddendum-appendices12c-13a-2011-04.pdf", "source_page": "544"}}, {"type": "Feature", "geometry": {"type": "Point", "coordinates": [-78.9809836, 43.2197363]}, "properties": {"site": "Niagara-Falls-Storage-Site__932023", "site_id": "932023", "location_id": "B39", "measured": false, "method": "similarity_from_hand_control_points", "figure_style": "untested", "fit_rms_m": 0.0, "loo_median_m": null, "loo_max_m": null, "n_control_points": "2", "outside_hull": true, "outside_boundary_by_m": 506.1, "source_document": "nfss-riaddendum-appendices12c-13a-2011-04.pdf", "source_page": "544"}}, {"type": "Feature", "geometry": {"type": "Point", "coordinates": [-78.9799677, 43.2196378]}, "properties": {"site": "Niagara-Falls-Storage-Site__932023", "site_id": "932023", "location_id": "B110", "measured": false, "method": "similarity_from_hand_control_points", "figure_style": "untested", "fit_rms_m": 0.0, "loo_median_m": null, "loo_max_m": null, "n_control_points": "2", "outside_hull": true, "outside_boundary_by_m": 553.8, "source_document": "nfss-riaddendum-appendices12c-13a-2011-04.pdf", "source_page": "544"}}, {"type": "Feature", "geometry": {"type": "Point", "coordinates": [-78.9836922, 43.2177157]}, "properties": {"site": "Niagara-Falls-Storage-Site__932023", "site_id": "932023", "location_id": "RC07", "measured": false, "method": "similarity_from_hand_control_points", "figure_style": "untested", "fit_rms_m": 0.0, "loo_median_m": null, "loo_max_m": null, "n_control_points": "2", "outside_hull": true, "outside_boundary_by_m": 195.4, "source_document": "nfss-riaddendum-appendices12c-13a-2011-04.pdf", "source_page": "544"}}, {"type": "Feature", "geometry": {"type": "Point", "coordinates": [-78.9805853, 43.2175714]}, "properties": {"site": "Niagara-Falls-Storage-Site__932023", "site_id": "932023", "location_id": "725", "measured": false, "method": "similarity_from_hand_control_points", "figure_style": "untested", "fit_rms_m": 0.0, "loo_median_m": null, "loo_max_m": null, "n_control_points": "2", "outside_hull": true, "outside_boundary_by_m": 381.7, "source_document": "nfss-riaddendum-appendices12c-13a-2011-04.pdf", "source_page": "544"}}, {"type": "Feature", "geometry": {"type": "Point", "coordinates": [-78.9806591, 43.2167436]}, "properties": {"site": "Niagara-Falls-Storage-Site__932023", "site_id": "932023", "location_id": "BH7", "measured": false, "method": "similarity_from_hand_control_points", "figure_style": "untested", "fit_rms_m": 0.0, "loo_median_m": null, "loo_max_m": null, "n_control_points": "2", "outside_hull": true, "outside_boundary_by_m": 349.1, "source_document": "nfss-riaddendum-appendices12c-13a-2011-04.pdf", "source_page": "544"}}, {"type": "Feature", "geometry": {"type": "Point", "coordinates": [-78.9861424, 43.2130113]}, "properties": {"site": "Niagara-Falls-Storage-Site__932023", "site_id": "932023", "location_id": "A26", "measured": true, "method": "measured_control_point", "figure_style": "untested", "fit_rms_m": 0.0, "loo_median_m": null, "loo_max_m": null, "n_control_points": "2", "outside_hull": false, "outside_boundary_by_m": 0.0, "source_document": "nfss-riaddendum-appendices12c-13a-2011-04.pdf", "source_page": "544"}}, {"type": "Feature", "geometry": {"type": "Point", "coordinates": [-78.9866532, 43.2128046]}, "properties": {"site": "Niagara-Falls-Storage-Site__932023", "site_id": "932023", "location_id": "BH9", "measured": false, "method": "similarity_from_hand_control_points", "figure_style": "untested", "fit_rms_m": 0.0, "loo_median_m": null, "loo_max_m": null, "n_control_points": "2", "outside_hull": true, "outside_boundary_by_m": 0.0, "source_document": "nfss-riaddendum-appendices12c-13a-2011-04.pdf", "source_page": "544"}}, {"type": "Feature", "geometry": {"type": "Point", "coordinates": [-78.9850916, 43.2125337]}, "properties": {"site": "Niagara-Falls-Storage-Site__932023", "site_id": "932023", "location_id": "EU113", "measured": false, "method": "similarity_from_hand_control_points", "figure_style": "untested", "fit_rms_m": 0.0, "loo_median_m": null, "loo_max_m": null, "n_control_points": "2", "outside_hull": true, "outside_boundary_by_m": 9.0, "source_document": "nfss-riaddendum-appendices12c-13a-2011-04.pdf", "source_page": "544"}}, {"type": "Feature", "geometry": {"type": "Point", "coordinates": [-78.9796152, 43.2117559]}, "properties": {"site": "Niagara-Falls-Storage-Site__932023", "site_id": "932023", "location_id": "18D", "measured": false, "method": "similarity_from_hand_control_points", "figure_style": "untested", "fit_rms_m": 0.0, "loo_median_m": null, "loo_max_m": null, "n_control_points": "2", "outside_hull": true, "outside_boundary_by_m": 439.3, "source_document": "nfss-riaddendum-appendices12c-13a-2011-04.pdf", "source_page": "544"}}, {"type": "Feature", "geometry": {"type": "Point", "coordinates": [-78.9827118, 43.2096055]}, "properties": {"site": "Niagara-Falls-Storage-Site__932023", "site_id": "932023", "location_id": "EB1D", "measured": false, "method": "similarity_from_hand_control_points", "figure_style": "untested", "fit_rms_m": 0.0, "loo_median_m": null, "loo_max_m": null, "n_control_points": "2", "outside_hull": true, "outside_boundary_by_m": 379.0, "source_document": "nfss-riaddendum-appendices12c-13a-2011-04.pdf", "source_page": "544"}}, {"type": "Feature", "geometry": {"type": "Point", "coordinates": [-78.9742659, 43.2096341]}, "properties": {"site": "Niagara-Falls-Storage-Site__932023", "site_id": "932023", "location_id": "SP8D", "measured": false, "method": "similarity_from_hand_control_points", "figure_style": "untested", "fit_rms_m": 0.0, "loo_median_m": null, "loo_max_m": null, "n_control_points": "2", "outside_hull": true, "outside_boundary_by_m": 924.3, "source_document": "nfss-riaddendum-appendices12c-13a-2011-04.pdf", "source_page": "544"}}, {"type": "Feature", "geometry": {"type": "Point", "coordinates": [-78.9740779, 43.2096368]}, "properties": {"site": "Niagara-Falls-Storage-Site__932023", "site_id": "932023", "location_id": "W8R", "measured": false, "method": "similarity_from_hand_control_points", "figure_style": "untested", "fit_rms_m": 0.0, "loo_median_m": null, "loo_max_m": null, "n_control_points": "2", "outside_hull": true, "outside_boundary_by_m": 938.5, "source_document": "nfss-riaddendum-appendices12c-13a-2011-04.pdf", "source_page": "544"}}, {"type": "Feature", "geometry": {"type": "Point", "coordinates": [-78.9859392, 43.2153727]}, "properties": {"site": "Niagara-Falls-Storage-Site__932023", "site_id": "932023", "location_id": "A-10", "measured": true, "method": "measured_control_point", "figure_style": "untested", "fit_rms_m": 0.0, "loo_median_m": null, "loo_max_m": null, "n_control_points": "2", "outside_hull": false, "outside_boundary_by_m": 0.0, "source_document": "nfss-riaddendum-appendices12c-13a-2011-04.pdf", "source_page": "544"}}, {"type": "Feature", "geometry": {"type": "Point", "coordinates": [-78.9857921, 43.2154548]}, "properties": {"site": "Niagara-Falls-Storage-Site__932023", "site_id": "932023", "location_id": "A45", "measured": true, "method": "measured_control_point", "figure_style": "callout", "fit_rms_m": 3.01, "loo_median_m": 6.37, "loo_max_m": 7.82, "n_control_points": "4", "outside_hull": false, "outside_boundary_by_m": null, "source_document": "NFSS_01.19_0004_a.pdf", "source_page": "53"}}, {"type": "Feature", "geometry": {"type": "Point", "coordinates": [-78.9871393, 43.2140747]}, "properties": {"site": "Niagara-Falls-Storage-Site__932023", "site_id": "932023", "location_id": "A43", "measured": true, "method": "measured_control_point", "figure_style": "callout", "fit_rms_m": 3.01, "loo_median_m": 6.37, "loo_max_m": 7.82, "n_control_points": "4", "outside_hull": false, "outside_boundary_by_m": null, "source_document": "NFSS_01.19_0004_a.pdf", "source_page": "53"}}, {"type": "Feature", "geometry": {"type": "Point", "coordinates": [-78.9854324, 43.2141177]}, "properties": {"site": "Niagara-Falls-Storage-Site__932023", "site_id": "932023", "location_id": "A51", "measured": true, "method": "measured_control_point", "figure_style": "callout", "fit_rms_m": 3.01, "loo_median_m": 6.37, "loo_max_m": 7.82, "n_control_points": "4", "outside_hull": false, "outside_boundary_by_m": null, "source_document": "NFSS_01.19_0004_a.pdf", "source_page": "53"}}, {"type": "Feature", "geometry": {"type": "Point", "coordinates": [-78.9867368, 43.2130543]}, "properties": {"site": "Niagara-Falls-Storage-Site__932023", "site_id": "932023", "location_id": "A56", "measured": true, "method": "measured_control_point", "figure_style": "callout", "fit_rms_m": 3.01, "loo_median_m": 6.37, "loo_max_m": 7.82, "n_control_points": "4", "outside_hull": false, "outside_boundary_by_m": null, "source_document": "NFSS_01.19_0004_a.pdf", "source_page": "53"}}, {"type": "Feature", "geometry": {"type": "Point", "coordinates": [-79.0272707, 43.1267838]}, "properties": {"site": "Vanadium-Corporation-of-America__932001", "site_id": "932001", "location_id": "4A", "measured": false, "method": "similarity_from_hand_control_points", "figure_style": "untested", "fit_rms_m": 14.38, "loo_median_m": 11.71, "loo_max_m": 36.67, "n_control_points": "7", "outside_hull": false, "outside_boundary_by_m": 0.0, "source_document": "Report.HW.932001.2012-07-01.Remedial_Designs_003_Addendum.pdf", "source_page": "52"}}, {"type": "Feature", "geometry": {"type": "Point", "coordinates": [-79.0283154, 43.1250937]}, "properties": {"site": "Vanadium-Corporation-of-America__932001", "site_id": "932001", "location_id": "OU2", "measured": false, "method": "similarity_from_hand_control_points", "figure_style": "untested", "fit_rms_m": 14.38, "loo_median_m": 11.71, "loo_max_m": 36.67, "n_control_points": "7", "outside_hull": false, "outside_boundary_by_m": 0.0, "source_document": "Report.HW.932001.2012-07-01.Remedial_Designs_003_Addendum.pdf", "source_page": "52"}}, {"type": "Feature", "geometry": {"type": "Point", "coordinates": [-79.0251956, 43.1246104]}, "properties": {"site": "Vanadium-Corporation-of-America__932001", "site_id": "932001", "location_id": "C21", "measured": false, "method": "similarity_from_hand_control_points", "figure_style": "untested", "fit_rms_m": 14.38, "loo_median_m": 11.71, "loo_max_m": 36.67, "n_control_points": "7", "outside_hull": false, "outside_boundary_by_m": 0.0, "source_document": "Report.HW.932001.2012-07-01.Remedial_Designs_003_Addendum.pdf", "source_page": "52"}}, {"type": "Feature", "geometry": {"type": "Point", "coordinates": [-79.0279169, 43.1241806]}, "properties": {"site": "Vanadium-Corporation-of-America__932001", "site_id": "932001", "location_id": "4C", "measured": false, "method": "similarity_from_hand_control_points", "figure_style": "untested", "fit_rms_m": 14.38, "loo_median_m": 11.71, "loo_max_m": 36.67, "n_control_points": "7", "outside_hull": false, "outside_boundary_by_m": 0.0, "source_document": "Report.HW.932001.2012-07-01.Remedial_Designs_003_Addendum.pdf", "source_page": "52"}}, {"type": "Feature", "geometry": {"type": "Point", "coordinates": [-79.0187292, 43.1234516]}, "properties": {"site": "Vanadium-Corporation-of-America__932001", "site_id": "932001", "location_id": "MW18", "measured": false, "method": "similarity_from_hand_control_points", "figure_style": "untested", "fit_rms_m": 14.38, "loo_median_m": 11.71, "loo_max_m": 36.67, "n_control_points": "7", "outside_hull": true, "outside_boundary_by_m": 0.0, "source_document": "Report.HW.932001.2012-07-01.Remedial_Designs_003_Addendum.pdf", "source_page": "52"}}, {"type": "Feature", "geometry": {"type": "Point", "coordinates": [-79.0236657, 43.1222225]}, "properties": {"site": "Vanadium-Corporation-of-America__932001", "site_id": "932001", "location_id": "106", "measured": false, "method": "similarity_from_hand_control_points", "figure_style": "untested", "fit_rms_m": 14.38, "loo_median_m": 11.71, "loo_max_m": 36.67, "n_control_points": "7", "outside_hull": true, "outside_boundary_by_m": 0.0, "source_document": "Report.HW.932001.2012-07-01.Remedial_Designs_003_Addendum.pdf", "source_page": "52"}}, {"type": "Feature", "geometry": {"type": "Point", "coordinates": [-79.0263081, 43.1296161]}, "properties": {"site": "Vanadium-Corporation-of-America__932001", "site_id": "932001", "location_id": "INTERSECTION1", "measured": true, "method": "measured_control_point", "figure_style": "untested", "fit_rms_m": 14.38, "loo_median_m": 11.71, "loo_max_m": 36.67, "n_control_points": "7", "outside_hull": false, "outside_boundary_by_m": 0.0, "source_document": "Report.HW.932001.2012-07-01.Remedial_Designs_003_Addendum.pdf", "source_page": "52"}}, {"type": "Feature", "geometry": {"type": "Point", "coordinates": [-79.0215084, 43.1252468]}, "properties": {"site": "Vanadium-Corporation-of-America__932001", "site_id": "932001", "location_id": "PULLPAD2", "measured": true, "method": "measured_control_point", "figure_style": "untested", "fit_rms_m": 14.38, "loo_median_m": 11.71, "loo_max_m": 36.67, "n_control_points": "7", "outside_hull": false, "outside_boundary_by_m": 0.0, "source_document": "Report.HW.932001.2012-07-01.Remedial_Designs_003_Addendum.pdf", "source_page": "52"}}, {"type": "Feature", "geometry": {"type": "Point", "coordinates": [-79.0208086, 43.1253016]}, "properties": {"site": "Vanadium-Corporation-of-America__932001", "site_id": "932001", "location_id": "USGS3-6A", "measured": true, "method": "measured_control_point", "figure_style": "untested", "fit_rms_m": 14.38, "loo_median_m": 11.71, "loo_max_m": 36.67, "n_control_points": "7", "outside_hull": false, "outside_boundary_by_m": 0.0, "source_document": "Report.HW.932001.2012-07-01.Remedial_Designs_003_Addendum.pdf", "source_page": "52"}}, {"type": "Feature", "geometry": {"type": "Point", "coordinates": [-79.0340236, 43.1228114]}, "properties": {"site": "Vanadium-Corporation-of-America__932001", "site_id": "932001", "location_id": "MW-12A", "measured": true, "method": "measured_control_point", "figure_style": "untested", "fit_rms_m": 14.38, "loo_median_m": 11.71, "loo_max_m": 36.67, "n_control_points": "7", "outside_hull": false, "outside_boundary_by_m": 0.0, "source_document": "Report.HW.932001.2012-07-01.Remedial_Designs_003_Addendum.pdf", "source_page": "52"}}, {"type": "Feature", "geometry": {"type": "Point", "coordinates": [-79.0180768, 43.1244794]}, "properties": {"site": "Vanadium-Corporation-of-America__932001", "site_id": "932001", "location_id": "MW-29", "measured": true, "method": "measured_control_point", "figure_style": "untested", "fit_rms_m": 14.38, "loo_median_m": 11.71, "loo_max_m": 36.67, "n_control_points": "7", "outside_hull": false, "outside_boundary_by_m": 0.0, "source_document": "Report.HW.932001.2012-07-01.Remedial_Designs_003_Addendum.pdf", "source_page": "52"}}, {"type": "Feature", "geometry": {"type": "Point", "coordinates": [-79.0283972, 43.1255756]}, "properties": {"site": "Vanadium-Corporation-of-America__932001", "site_id": "932001", "location_id": "MW-3R-88", "measured": true, "method": "measured_control_point", "figure_style": "untested", "fit_rms_m": 14.38, "loo_median_m": 11.71, "loo_max_m": 36.67, "n_control_points": "7", "outside_hull": false, "outside_boundary_by_m": 0.0, "source_document": "Report.HW.932001.2012-07-01.Remedial_Designs_003_Addendum.pdf", "source_page": "52"}}, {"type": "Feature", "geometry": {"type": "Point", "coordinates": [-79.0206621, 43.1227997]}, "properties": {"site": "Vanadium-Corporation-of-America__932001", "site_id": "932001", "location_id": "MW-16", "measured": true, "method": "measured_control_point", "figure_style": "untested", "fit_rms_m": 14.38, "loo_median_m": 11.71, "loo_max_m": 36.67, "n_control_points": "7", "outside_hull": false, "outside_boundary_by_m": 0.0, "source_document": "Report.HW.932001.2012-07-01.Remedial_Designs_003_Addendum.pdf", "source_page": "52"}}, {"type": "Feature", "geometry": {"type": "Point", "coordinates": [-78.8787754, 43.0277898]}, "properties": {"site": "211-Main-Street__C932171", "site_id": "C932171", "location_id": "SB04", "measured": "", "method": "similarity_from_hand_control_points", "figure_style": "untested", "fit_rms_m": "4.49", "loo_median_m": "6.03", "loo_max_m": "9.32", "n_control_points": "6", "outside_hull": "", "outside_boundary_by_m": "0", "source_document": "Decision Document.BCP.C932171.2021-02-09.Decision_Document_Final.pdf", "source_page": "19"}}, {"type": "Feature", "geometry": {"type": "Point", "coordinates": [-78.8786486, 43.0277325]}, "properties": {"site": "211-Main-Street__C932171", "site_id": "C932171", "location_id": "SB05", "measured": "", "method": "similarity_from_hand_control_points", "figure_style": "untested", "fit_rms_m": "4.49", "loo_median_m": "6.03", "loo_max_m": "9.32", "n_control_points": "6", "outside_hull": "", "outside_boundary_by_m": "0", "source_document": "Decision Document.BCP.C932171.2021-02-09.Decision_Document_Final.pdf", "source_page": "19"}}, {"type": "Feature", "geometry": {"type": "Point", "coordinates": [-79.0551729, 43.0828728]}, "properties": {"site": "401-402-430-Buffalo-Avenue-Site__C932164", "site_id": "C932164", "location_id": "TP28", "measured": "", "method": "similarity_from_hand_control_points", "figure_style": "untested", "fit_rms_m": "4.28", "loo_median_m": "5.93", "loo_max_m": "9.1", "n_control_points": "7", "outside_hull": "", "outside_boundary_by_m": "0", "source_document": "Decision Document.BCP.C932164.2015-12-28.Decision Document - December 28, 2015.pdf | Work Plan.BCP.C932164.2015-12-17.Site Management Plan.pdf | Report.BCP.C932164.2015-12-01.FER.pdf", "source_page": "20 | 60 | 52"}}, {"type": "Feature", "geometry": {"type": "Point", "coordinates": [-79.0550873, 43.0825108]}, "properties": {"site": "401-402-430-Buffalo-Avenue-Site__C932164", "site_id": "C932164", "location_id": "MW7", "measured": "", "method": "similarity_from_hand_control_points", "figure_style": "untested", "fit_rms_m": "4.28", "loo_median_m": "5.93", "loo_max_m": "9.1", "n_control_points": "7", "outside_hull": "", "outside_boundary_by_m": "0", "source_document": "Decision Document.BCP.C932164.2015-12-28.Decision Document - December 28, 2015.pdf", "source_page": "20"}}, {"type": "Feature", "geometry": {"type": "Point", "coordinates": [-79.0572773, 43.0827244]}, "properties": {"site": "401-402-430-Buffalo-Avenue-Site__C932164", "site_id": "C932164", "location_id": "SB07", "measured": "", "method": "similarity_from_hand_control_points", "figure_style": "untested", "fit_rms_m": "13.98", "loo_median_m": "21.56", "loo_max_m": "40.2", "n_control_points": "5", "outside_hull": "", "outside_boundary_by_m": "49.2", "source_document": "Work Plan.BCP.C932164.2015-12-17.Site Management Plan.pdf", "source_page": "60"}}, {"type": "Feature", "geometry": {"type": "Point", "coordinates": [-79.0570096, 43.0822668]}, "properties": {"site": "401-402-430-Buffalo-Avenue-Site__C932164", "site_id": "C932164", "location_id": "SS1", "measured": "", "method": "similarity_from_hand_control_points", "figure_style": "untested", "fit_rms_m": "13.98", "loo_median_m": "21.56", "loo_max_m": "40.2", "n_control_points": "5", "outside_hull": "", "outside_boundary_by_m": "0", "source_document": "Work Plan.BCP.C932164.2015-12-17.Site Management Plan.pdf", "source_page": "60"}}, {"type": "Feature", "geometry": {"type": "Point", "coordinates": [-79.0559664, 43.0819534]}, "properties": {"site": "401-402-430-Buffalo-Avenue-Site__C932164", "site_id": "C932164", "location_id": "TP14", "measured": "", "method": "similarity_from_hand_control_points", "figure_style": "untested", "fit_rms_m": "13.98", "loo_median_m": "21.56", "loo_max_m": "40.2", "n_control_points": "5", "outside_hull": "", "outside_boundary_by_m": "0", "source_document": "Work Plan.BCP.C932164.2015-12-17.Site Management Plan.pdf", "source_page": "60"}}, {"type": "Feature", "geometry": {"type": "Point", "coordinates": [-79.0569737, 43.0814849]}, "properties": {"site": "401-402-430-Buffalo-Avenue-Site__C932164", "site_id": "C932164", "location_id": "TP20", "measured": "", "method": "similarity_from_hand_control_points", "figure_style": "untested", "fit_rms_m": "13.98", "loo_median_m": "21.56", "loo_max_m": "40.2", "n_control_points": "5", "outside_hull": "", "outside_boundary_by_m": "0", "source_document": "Work Plan.BCP.C932164.2015-12-17.Site Management Plan.pdf", "source_page": "60"}}, {"type": "Feature", "geometry": {"type": "Point", "coordinates": [-78.8877311, 43.036831]}, "properties": {"site": "624-River-Road__C932176", "site_id": "C932176", "location_id": "BH10", "measured": "", "method": "similarity_from_hand_control_points", "figure_style": "untested", "fit_rms_m": "4.5", "loo_median_m": "5.42", "loo_max_m": "10.21", "n_control_points": "6", "outside_hull": "", "outside_boundary_by_m": "0", "source_document": "Report.BCP.C932176.2021-10-29.Final RIAAR.pdf", "source_page": "42"}}, {"type": "Feature", "geometry": {"type": "Point", "coordinates": [-78.8859408, 43.0373332]}, "properties": {"site": "624-River-Road__C932176", "site_id": "C932176", "location_id": "TT1", "measured": "", "method": "similarity_from_hand_control_points", "figure_style": "untested", "fit_rms_m": "4.5", "loo_median_m": "5.42", "loo_max_m": "10.21", "n_control_points": "6", "outside_hull": "", "outside_boundary_by_m": "0", "source_document": "Report.BCP.C932176.2021-10-29.Final RIAAR.pdf", "source_page": "42"}}, {"type": "Feature", "geometry": {"type": "Point", "coordinates": [-78.8869038, 43.037013]}, "properties": {"site": "624-River-Road__C932176", "site_id": "C932176", "location_id": "TT11", "measured": "", "method": "similarity_from_hand_control_points", "figure_style": "untested", "fit_rms_m": "4.5", "loo_median_m": "5.42", "loo_max_m": "10.21", "n_control_points": "6", "outside_hull": "", "outside_boundary_by_m": "0", "source_document": "Report.BCP.C932176.2021-10-29.Final RIAAR.pdf", "source_page": "42"}}, {"type": "Feature", "geometry": {"type": "Point", "coordinates": [-78.8868182, 43.0368046]}, "properties": {"site": "624-River-Road__C932176", "site_id": "C932176", "location_id": "TP12", "measured": "", "method": "similarity_from_hand_control_points", "figure_style": "untested", "fit_rms_m": "4.5", "loo_median_m": "5.42", "loo_max_m": "10.21", "n_control_points": "6", "outside_hull": "", "outside_boundary_by_m": "0", "source_document": "Report.BCP.C932176.2021-10-29.Final RIAAR.pdf", "source_page": "42"}}, {"type": "Feature", "geometry": {"type": "Point", "coordinates": [-78.8855303, 43.0367336]}, "properties": {"site": "624-River-Road__C932176", "site_id": "C932176", "location_id": "BH1", "measured": "", "method": "similarity_from_hand_control_points", "figure_style": "untested", "fit_rms_m": "4.5", "loo_median_m": "5.42", "loo_max_m": "10.21", "n_control_points": "6", "outside_hull": "", "outside_boundary_by_m": "0", "source_document": "Report.BCP.C932176.2021-10-29.Final RIAAR.pdf", "source_page": "42"}}, {"type": "Feature", "geometry": {"type": "Point", "coordinates": [-79.0366989, 43.17328]}, "properties": {"site": "756-790-Center-Street-Site__C932168", "site_id": "C932168", "location_id": "SS3", "measured": "", "method": "similarity_from_hand_control_points", "figure_style": "untested", "fit_rms_m": "4.88", "loo_median_m": "7.29", "loo_max_m": "10.2", "n_control_points": "6", "outside_hull": "", "outside_boundary_by_m": "0", "source_document": "Work Plan.BCP.C932168.2016-06-01.Draft RI-IRM Work Plan.pdf", "source_page": "55"}}, {"type": "Feature", "geometry": {"type": "Point", "coordinates": [-78.9506346, 43.085703]}, "properties": {"site": "97th-St-Methodist-Church__932084A", "site_id": "932084A", "location_id": "GW3251", "measured": "", "method": "similarity_from_hand_control_points", "figure_style": "untested", "fit_rms_m": "2.76", "loo_median_m": "3.81", "loo_max_m": "6.93", "n_control_points": "6", "outside_hull": "", "outside_boundary_by_m": "4.2", "source_document": "Report.HW.932084A.1990-12-01.PHASE_I.pdf", "source_page": "36"}}, {"type": "Feature", "geometry": {"type": "Point", "coordinates": [-78.9514849, 43.0855967]}, "properties": {"site": "97th-St-Methodist-Church__932084A", "site_id": "932084A", "location_id": "GW3155", "measured": "", "method": "similarity_from_hand_control_points", "figure_style": "untested", "fit_rms_m": "2.76", "loo_median_m": "3.81", "loo_max_m": "6.93", "n_control_points": "6", "outside_hull": "", "outside_boundary_by_m": "0", "source_document": "Report.HW.932084A.1990-12-01.PHASE_I.pdf", "source_page": "36"}}, {"type": "Feature", "geometry": {"type": "Point", "coordinates": [-78.9512777, 43.0851329]}, "properties": {"site": "97th-St-Methodist-Church__932084A", "site_id": "932084A", "location_id": "GW3157", "measured": "", "method": "similarity_from_hand_control_points", "figure_style": "untested", "fit_rms_m": "2.76", "loo_median_m": "3.81", "loo_max_m": "6.93", "n_control_points": "6", "outside_hull": "", "outside_boundary_by_m": "0", "source_document": "Report.HW.932084A.1990-12-01.PHASE_I.pdf", "source_page": "36"}}, {"type": "Feature", "geometry": {"type": "Point", "coordinates": [-79.0326423, 43.1194037]}, "properties": {"site": "Carborundum-Company-Globar-Plant__932036", "site_id": "932036", "location_id": "5L", "measured": "", "method": "similarity_from_hand_control_points", "figure_style": "untested", "fit_rms_m": "1.62", "loo_median_m": "2.51", "loo_max_m": "4.06", "n_control_points": "6", "outside_hull": "", "outside_boundary_by_m": "", "source_document": "Report.HW.932036.2018-08-30.Periodic Review and ICEC.pdf", "source_page": "337"}}, {"type": "Feature", "geometry": {"type": "Point", "coordinates": [-79.0326404, 43.119383]}, "properties": {"site": "Carborundum-Company-Globar-Plant__932036", "site_id": "932036", "location_id": "5U", "measured": "", "method": "similarity_from_hand_control_points", "figure_style": "untested", "fit_rms_m": "1.62", "loo_median_m": "2.51", "loo_max_m": "4.06", "n_control_points": "6", "outside_hull": "", "outside_boundary_by_m": "", "source_document": "Report.HW.932036.2018-08-30.Periodic Review and ICEC.pdf", "source_page": "337"}}, {"type": "Feature", "geometry": {"type": "Point", "coordinates": [-79.032327, 43.1193789]}, "properties": {"site": "Carborundum-Company-Globar-Plant__932036", "site_id": "932036", "location_id": "MW7A", "measured": "", "method": "similarity_from_hand_control_points", "figure_style": "untested", "fit_rms_m": "1.62", "loo_median_m": "2.51", "loo_max_m": "4.06", "n_control_points": "6", "outside_hull": "", "outside_boundary_by_m": "", "source_document": "Report.HW.932036.2018-08-30.Periodic Review and ICEC.pdf", "source_page": "337"}}, {"type": "Feature", "geometry": {"type": "Point", "coordinates": [-79.0316016, 43.1193761]}, "properties": {"site": "Carborundum-Company-Globar-Plant__932036", "site_id": "932036", "location_id": "3B", "measured": "", "method": "similarity_from_hand_control_points", "figure_style": "untested", "fit_rms_m": "1.62", "loo_median_m": "2.51", "loo_max_m": "4.06", "n_control_points": "6", "outside_hull": "", "outside_boundary_by_m": "", "source_document": "Report.HW.932036.2018-08-30.Periodic Review and ICEC.pdf", "source_page": "337"}}, {"type": "Feature", "geometry": {"type": "Point", "coordinates": [-79.0326593, 43.1193464]}, "properties": {"site": "Carborundum-Company-Globar-Plant__932036", "site_id": "932036", "location_id": "2B", "measured": "", "method": "similarity_from_hand_control_points", "figure_style": "untested", "fit_rms_m": "1.62", "loo_median_m": "2.51", "loo_max_m": "4.06", "n_control_points": "6", "outside_hull": "", "outside_boundary_by_m": "", "source_document": "Report.HW.932036.2018-08-30.Periodic Review and ICEC.pdf", "source_page": "337"}}, {"type": "Feature", "geometry": {"type": "Point", "coordinates": [-79.0314877, 43.119326]}, "properties": {"site": "Carborundum-Company-Globar-Plant__932036", "site_id": "932036", "location_id": "3A", "measured": "", "method": "similarity_from_hand_control_points", "figure_style": "untested", "fit_rms_m": "1.62", "loo_median_m": "2.51", "loo_max_m": "4.06", "n_control_points": "6", "outside_hull": "", "outside_boundary_by_m": "", "source_document": "Report.HW.932036.2018-08-30.Periodic Review and ICEC.pdf", "source_page": "337"}}, {"type": "Feature", "geometry": {"type": "Point", "coordinates": [-79.0338102, 43.1193165]}, "properties": {"site": "Carborundum-Company-Globar-Plant__932036", "site_id": "932036", "location_id": "4B", "measured": "", "method": "similarity_from_hand_control_points", "figure_style": "untested", "fit_rms_m": "1.62", "loo_median_m": "2.51", "loo_max_m": "4.06", "n_control_points": "6", "outside_hull": "", "outside_boundary_by_m": "", "source_document": "Report.HW.932036.2018-08-30.Periodic Review and ICEC.pdf", "source_page": "337"}}, {"type": "Feature", "geometry": {"type": "Point", "coordinates": [-79.0337094, 43.1193174]}, "properties": {"site": "Carborundum-Company-Globar-Plant__932036", "site_id": "932036", "location_id": "INJ10", "measured": "", "method": "similarity_from_hand_control_points", "figure_style": "untested", "fit_rms_m": "1.62", "loo_median_m": "2.51", "loo_max_m": "4.06", "n_control_points": "6", "outside_hull": "", "outside_boundary_by_m": "", "source_document": "Report.HW.932036.2018-08-30.Periodic Review and ICEC.pdf", "source_page": "337"}}, {"type": "Feature", "geometry": {"type": "Point", "coordinates": [-79.033666, 43.119287]}, "properties": {"site": "Carborundum-Company-Globar-Plant__932036", "site_id": "932036", "location_id": "4A", "measured": "", "method": "similarity_from_hand_control_points", "figure_style": "untested", "fit_rms_m": "1.62", "loo_median_m": "2.51", "loo_max_m": "4.06", "n_control_points": "6", "outside_hull": "", "outside_boundary_by_m": "", "source_document": "Report.HW.932036.2018-08-30.Periodic Review and ICEC.pdf", "source_page": "337"}}, {"type": "Feature", "geometry": {"type": "Point", "coordinates": [-79.0326703, 43.1192891]}, "properties": {"site": "Carborundum-Company-Globar-Plant__932036", "site_id": "932036", "location_id": "2A", "measured": "", "method": "similarity_from_hand_control_points", "figure_style": "untested", "fit_rms_m": "1.62", "loo_median_m": "2.51", "loo_max_m": "4.06", "n_control_points": "6", "outside_hull": "", "outside_boundary_by_m": "", "source_document": "Report.HW.932036.2018-08-30.Periodic Review and ICEC.pdf", "source_page": "337"}}, {"type": "Feature", "geometry": {"type": "Point", "coordinates": [-79.032383, 43.1192398]}, "properties": {"site": "Carborundum-Company-Globar-Plant__932036", "site_id": "932036", "location_id": "MW7B", "measured": "", "method": "similarity_from_hand_control_points", "figure_style": "untested", "fit_rms_m": "1.62", "loo_median_m": "2.51", "loo_max_m": "4.06", "n_control_points": "6", "outside_hull": "", "outside_boundary_by_m": "", "source_document": "Report.HW.932036.2018-08-30.Periodic Review and ICEC.pdf", "source_page": "337"}}, {"type": "Feature", "geometry": {"type": "Point", "coordinates": [-79.0325495, 43.1192289]}, "properties": {"site": "Carborundum-Company-Globar-Plant__932036", "site_id": "932036", "location_id": "6L", "measured": "", "method": "similarity_from_hand_control_points", "figure_style": "untested", "fit_rms_m": "1.62", "loo_median_m": "2.51", "loo_max_m": "4.06", "n_control_points": "6", "outside_hull": "", "outside_boundary_by_m": "", "source_document": "Report.HW.932036.2018-08-30.Periodic Review and ICEC.pdf", "source_page": "337"}}, {"type": "Feature", "geometry": {"type": "Point", "coordinates": [-79.0325475, 43.1192082]}, "properties": {"site": "Carborundum-Company-Globar-Plant__932036", "site_id": "932036", "location_id": "6U", "measured": "", "method": "similarity_from_hand_control_points", "figure_style": "untested", "fit_rms_m": "1.62", "loo_median_m": "2.51", "loo_max_m": "4.06", "n_control_points": "6", "outside_hull": "", "outside_boundary_by_m": "", "source_document": "Report.HW.932036.2018-08-30.Periodic Review and ICEC.pdf", "source_page": "337"}}, {"type": "Feature", "geometry": {"type": "Point", "coordinates": [-79.0324132, 43.119167]}, "properties": {"site": "Carborundum-Company-Globar-Plant__932036", "site_id": "932036", "location_id": "MW16A", "measured": "", "method": "similarity_from_hand_control_points", "figure_style": "untested", "fit_rms_m": "1.62", "loo_median_m": "2.51", "loo_max_m": "4.06", "n_control_points": "6", "outside_hull": "", "outside_boundary_by_m": "", "source_document": "Report.HW.932036.2018-08-30.Periodic Review and ICEC.pdf", "source_page": "337"}}, {"type": "Feature", "geometry": {"type": "Point", "coordinates": [-79.0322879, 43.1191403]}, "properties": {"site": "Carborundum-Company-Globar-Plant__932036", "site_id": "932036", "location_id": "MW16B", "measured": "", "method": "similarity_from_hand_control_points", "figure_style": "untested", "fit_rms_m": "1.62", "loo_median_m": "2.51", "loo_max_m": "4.06", "n_control_points": "6", "outside_hull": "", "outside_boundary_by_m": "", "source_document": "Report.HW.932036.2018-08-30.Periodic Review and ICEC.pdf", "source_page": "337"}}, {"type": "Feature", "geometry": {"type": "Point", "coordinates": [-79.0325932, 43.1190529]}, "properties": {"site": "Carborundum-Company-Globar-Plant__932036", "site_id": "932036", "location_id": "MW17A", "measured": "", "method": "similarity_from_hand_control_points", "figure_style": "untested", "fit_rms_m": "1.62", "loo_median_m": "2.51", "loo_max_m": "4.06", "n_control_points": "6", "outside_hull": "", "outside_boundary_by_m": "", "source_document": "Report.HW.932036.2018-08-30.Periodic Review and ICEC.pdf", "source_page": "337"}}, {"type": "Feature", "geometry": {"type": "Point", "coordinates": [-79.0325758, 43.1189921]}, "properties": {"site": "Carborundum-Company-Globar-Plant__932036", "site_id": "932036", "location_id": "MW17B", "measured": "", "method": "similarity_from_hand_control_points", "figure_style": "untested", "fit_rms_m": "1.62", "loo_median_m": "2.51", "loo_max_m": "4.06", "n_control_points": "6", "outside_hull": "", "outside_boundary_by_m": "", "source_document": "Report.HW.932036.2018-08-30.Periodic Review and ICEC.pdf", "source_page": "337"}}, {"type": "Feature", "geometry": {"type": "Point", "coordinates": [-79.0316823, 43.1189705]}, "properties": {"site": "Carborundum-Company-Globar-Plant__932036", "site_id": "932036", "location_id": "MW19B", "measured": "", "method": "similarity_from_hand_control_points", "figure_style": "untested", "fit_rms_m": "1.62", "loo_median_m": "2.51", "loo_max_m": "4.06", "n_control_points": "6", "outside_hull": "", "outside_boundary_by_m": "", "source_document": "Report.HW.932036.2018-08-30.Periodic Review and ICEC.pdf", "source_page": "337"}}, {"type": "Feature", "geometry": {"type": "Point", "coordinates": [-79.031689, 43.1189295]}, "properties": {"site": "Carborundum-Company-Globar-Plant__932036", "site_id": "932036", "location_id": "MW19A", "measured": "", "method": "similarity_from_hand_control_points", "figure_style": "untested", "fit_rms_m": "1.62", "loo_median_m": "2.51", "loo_max_m": "4.06", "n_control_points": "6", "outside_hull": "", "outside_boundary_by_m": "", "source_document": "Report.HW.932036.2018-08-30.Periodic Review and ICEC.pdf", "source_page": "337"}}, {"type": "Feature", "geometry": {"type": "Point", "coordinates": [-79.0325375, 43.1187425]}, "properties": {"site": "Carborundum-Company-Globar-Plant__932036", "site_id": "932036", "location_id": "MW18A", "measured": "", "method": "similarity_from_hand_control_points", "figure_style": "untested", "fit_rms_m": "1.62", "loo_median_m": "2.51", "loo_max_m": "4.06", "n_control_points": "6", "outside_hull": "", "outside_boundary_by_m": "", "source_document": "Report.HW.932036.2018-08-30.Periodic Review and ICEC.pdf", "source_page": "337"}}, {"type": "Feature", "geometry": {"type": "Point", "coordinates": [-79.0342977, 43.1187079]}, "properties": {"site": "Carborundum-Company-Globar-Plant__932036", "site_id": "932036", "location_id": "MW12B", "measured": "", "method": "measured_control_point", "figure_style": "untested", "fit_rms_m": "1.62", "loo_median_m": "2.51", "loo_max_m": "4.06", "n_control_points": "6", "outside_hull": "", "outside_boundary_by_m": "", "source_document": "Report.HW.932036.2018-08-30.Periodic Review and ICEC.pdf", "source_page": "337"}}, {"type": "Feature", "geometry": {"type": "Point", "coordinates": [-79.0325536, 43.1186955]}, "properties": {"site": "Carborundum-Company-Globar-Plant__932036", "site_id": "932036", "location_id": "MW18B", "measured": "", "method": "similarity_from_hand_control_points", "figure_style": "untested", "fit_rms_m": "1.62", "loo_median_m": "2.51", "loo_max_m": "4.06", "n_control_points": "6", "outside_hull": "", "outside_boundary_by_m": "", "source_document": "Report.HW.932036.2018-08-30.Periodic Review and ICEC.pdf", "source_page": "337"}}, {"type": "Feature", "geometry": {"type": "Point", "coordinates": [-79.0343369, 43.1186779]}, "properties": {"site": "Carborundum-Company-Globar-Plant__932036", "site_id": "932036", "location_id": "MW12A", "measured": "", "method": "similarity_from_hand_control_points", "figure_style": "untested", "fit_rms_m": "1.62", "loo_median_m": "2.51", "loo_max_m": "4.06", "n_control_points": "6", "outside_hull": "", "outside_boundary_by_m": "", "source_document": "Report.HW.932036.2018-08-30.Periodic Review and ICEC.pdf", "source_page": "337"}}, {"type": "Feature", "geometry": {"type": "Point", "coordinates": [-79.0338317, 43.1184724]}, "properties": {"site": "Carborundum-Company-Globar-Plant__932036", "site_id": "932036", "location_id": "MW11B", "measured": "", "method": "similarity_from_hand_control_points", "figure_style": "untested", "fit_rms_m": "1.62", "loo_median_m": "2.51", "loo_max_m": "4.06", "n_control_points": "6", "outside_hull": "", "outside_boundary_by_m": "", "source_document": "Report.HW.932036.2018-08-30.Periodic Review and ICEC.pdf", "source_page": "337"}}, {"type": "Feature", "geometry": {"type": "Point", "coordinates": [-79.0339669, 43.1184922]}, "properties": {"site": "Carborundum-Company-Globar-Plant__932036", "site_id": "932036", "location_id": "MW11A", "measured": "", "method": "similarity_from_hand_control_points", "figure_style": "untested", "fit_rms_m": "1.62", "loo_median_m": "2.51", "loo_max_m": "4.06", "n_control_points": "6", "outside_hull": "", "outside_boundary_by_m": "", "source_document": "Report.HW.932036.2018-08-30.Periodic Review and ICEC.pdf", "source_page": "337"}}, {"type": "Feature", "geometry": {"type": "Point", "coordinates": [-79.0334632, 43.1184824]}, "properties": {"site": "Carborundum-Company-Globar-Plant__932036", "site_id": "932036", "location_id": "MW10B", "measured": "", "method": "similarity_from_hand_control_points", "figure_style": "untested", "fit_rms_m": "1.62", "loo_median_m": "2.51", "loo_max_m": "4.06", "n_control_points": "6", "outside_hull": "", "outside_boundary_by_m": "", "source_document": "Report.HW.932036.2018-08-30.Periodic Review and ICEC.pdf", "source_page": "337"}}, {"type": "Feature", "geometry": {"type": "Point", "coordinates": [-79.0329551, 43.1184846]}, "properties": {"site": "Carborundum-Company-Globar-Plant__932036", "site_id": "932036", "location_id": "5A", "measured": "", "method": "similarity_from_hand_control_points", "figure_style": "untested", "fit_rms_m": "1.62", "loo_median_m": "2.51", "loo_max_m": "4.06", "n_control_points": "6", "outside_hull": "", "outside_boundary_by_m": "", "source_document": "Report.HW.932036.2018-08-30.Periodic Review and ICEC.pdf", "source_page": "337"}}, {"type": "Feature", "geometry": {"type": "Point", "coordinates": [-79.0333255, 43.1184636]}, "properties": {"site": "Carborundum-Company-Globar-Plant__932036", "site_id": "932036", "location_id": "MW10A", "measured": "", "method": "similarity_from_hand_control_points", "figure_style": "untested", "fit_rms_m": "1.62", "loo_median_m": "2.51", "loo_max_m": "4.06", "n_control_points": "6", "outside_hull": "", "outside_boundary_by_m": "", "source_document": "Report.HW.932036.2018-08-30.Periodic Review and ICEC.pdf", "source_page": "337"}}, {"type": "Feature", "geometry": {"type": "Point", "coordinates": [-79.0316719, 43.1184488]}, "properties": {"site": "Carborundum-Company-Globar-Plant__932036", "site_id": "932036", "location_id": "1A", "measured": "", "method": "similarity_from_hand_control_points", "figure_style": "untested", "fit_rms_m": "1.62", "loo_median_m": "2.51", "loo_max_m": "4.06", "n_control_points": "6", "outside_hull": "", "outside_boundary_by_m": "", "source_document": "Report.HW.932036.2018-08-30.Periodic Review and ICEC.pdf", "source_page": "337"}}, {"type": "Feature", "geometry": {"type": "Point", "coordinates": [-79.0328455, 43.1184334]}, "properties": {"site": "Carborundum-Company-Globar-Plant__932036", "site_id": "932036", "location_id": "5B", "measured": "", "method": "similarity_from_hand_control_points", "figure_style": "untested", "fit_rms_m": "1.62", "loo_median_m": "2.51", "loo_max_m": "4.06", "n_control_points": "6", "outside_hull": "", "outside_boundary_by_m": "", "source_document": "Report.HW.932036.2018-08-30.Periodic Review and ICEC.pdf", "source_page": "337"}}, {"type": "Feature", "geometry": {"type": "Point", "coordinates": [-79.0315366, 43.1184287]}, "properties": {"site": "Carborundum-Company-Globar-Plant__932036", "site_id": "932036", "location_id": "1B", "measured": "", "method": "similarity_from_hand_control_points", "figure_style": "untested", "fit_rms_m": "1.62", "loo_median_m": "2.51", "loo_max_m": "4.06", "n_control_points": "6", "outside_hull": "", "outside_boundary_by_m": "", "source_document": "Report.HW.932036.2018-08-30.Periodic Review and ICEC.pdf", "source_page": "337"}}, {"type": "Feature", "geometry": {"type": "Point", "coordinates": [-79.0341176, 43.1183356]}, "properties": {"site": "Carborundum-Company-Globar-Plant__932036", "site_id": "932036", "location_id": "MW14B", "measured": "", "method": "similarity_from_hand_control_points", "figure_style": "untested", "fit_rms_m": "1.62", "loo_median_m": "2.51", "loo_max_m": "4.06", "n_control_points": "6", "outside_hull": "", "outside_boundary_by_m": "", "source_document": "Report.HW.932036.2018-08-30.Periodic Review and ICEC.pdf", "source_page": "337"}}, {"type": "Feature", "geometry": {"type": "Point", "coordinates": [-79.0339866, 43.1183372]}, "properties": {"site": "Carborundum-Company-Globar-Plant__932036", "site_id": "932036", "location_id": "MW14A", "measured": "", "method": "similarity_from_hand_control_points", "figure_style": "untested", "fit_rms_m": "1.62", "loo_median_m": "2.51", "loo_max_m": "4.06", "n_control_points": "6", "outside_hull": "", "outside_boundary_by_m": "", "source_document": "Report.HW.932036.2018-08-30.Periodic Review and ICEC.pdf", "source_page": "337"}}, {"type": "Feature", "geometry": {"type": "Point", "coordinates": [-79.033199, 43.1183157]}, "properties": {"site": "Carborundum-Company-Globar-Plant__932036", "site_id": "932036", "location_id": "MW13B", "measured": "", "method": "similarity_from_hand_control_points", "figure_style": "untested", "fit_rms_m": "1.62", "loo_median_m": "2.51", "loo_max_m": "4.06", "n_control_points": "6", "outside_hull": "", "outside_boundary_by_m": "", "source_document": "Report.HW.932036.2018-08-30.Periodic Review and ICEC.pdf", "source_page": "337"}}, {"type": "Feature", "geometry": {"type": "Point", "coordinates": [-79.034371, 43.1182388]}, "properties": {"site": "Carborundum-Company-Globar-Plant__932036", "site_id": "932036", "location_id": "MW15", "measured": "", "method": "similarity_from_hand_control_points", "figure_style": "untested", "fit_rms_m": "1.62", "loo_median_m": "2.51", "loo_max_m": "4.06", "n_control_points": "6", "outside_hull": "", "outside_boundary_by_m": "", "source_document": "Report.HW.932036.2018-08-30.Periodic Review and ICEC.pdf", "source_page": "337"}}, {"type": "Feature", "geometry": {"type": "Point", "coordinates": [-79.0316246, 43.1184358]}, "properties": {"site": "Carborundum-Company-Globar-Plant__932036", "site_id": "932036", "location_id": "MW-1B", "measured": "", "method": "measured_control_point", "figure_style": "untested", "fit_rms_m": "1.62", "loo_median_m": "2.51", "loo_max_m": "4.06", "n_control_points": "6", "outside_hull": "", "outside_boundary_by_m": "", "source_document": "Report.HW.932036.2018-08-30.Periodic Review and ICEC.pdf | ROD.HW.932036.2000-10-01.ROD_2000.pdf", "source_page": "337 | 63"}}, {"type": "Feature", "geometry": {"type": "Point", "coordinates": [-79.0315932, 43.1193388]}, "properties": {"site": "Carborundum-Company-Globar-Plant__932036", "site_id": "932036", "location_id": "MW-3A", "measured": "", "method": "measured_control_point", "figure_style": "untested", "fit_rms_m": "1.62", "loo_median_m": "2.51", "loo_max_m": "4.06", "n_control_points": "6", "outside_hull": "", "outside_boundary_by_m": "", "source_document": "Report.HW.932036.2018-08-30.Periodic Review and ICEC.pdf", "source_page": "337"}}, {"type": "Feature", "geometry": {"type": "Point", "coordinates": [-79.0337814, 43.1193599]}, "properties": {"site": "Carborundum-Company-Globar-Plant__932036", "site_id": "932036", "location_id": "INJ-9", "measured": "", "method": "measured_control_point", "figure_style": "untested", "fit_rms_m": "1.62", "loo_median_m": "2.51", "loo_max_m": "4.06", "n_control_points": "6", "outside_hull": "", "outside_boundary_by_m": "", "source_document": "Report.HW.932036.2018-08-30.Periodic Review and ICEC.pdf", "source_page": "337"}}, {"type": "Feature", "geometry": {"type": "Point", "coordinates": [-79.0324371, 43.1194049]}, "properties": {"site": "Carborundum-Company-Globar-Plant__932036", "site_id": "932036", "location_id": "PMW-4", "measured": "", "method": "measured_control_point", "figure_style": "untested", "fit_rms_m": "1.62", "loo_median_m": "2.51", "loo_max_m": "4.06", "n_control_points": "6", "outside_hull": "", "outside_boundary_by_m": "", "source_document": "Report.HW.932036.2018-08-30.Periodic Review and ICEC.pdf", "source_page": "337"}}, {"type": "Feature", "geometry": {"type": "Point", "coordinates": [-79.0328344, 43.1188019]}, "properties": {"site": "Carborundum-Company-Globar-Plant__932036", "site_id": "932036", "location_id": "PMW-9", "measured": "", "method": "measured_control_point", "figure_style": "untested", "fit_rms_m": "1.62", "loo_median_m": "2.51", "loo_max_m": "4.06", "n_control_points": "6", "outside_hull": "", "outside_boundary_by_m": "", "source_document": "Report.HW.932036.2018-08-30.Periodic Review and ICEC.pdf", "source_page": "337"}}, {"type": "Feature", "geometry": {"type": "Point", "coordinates": [-79.0326202, 43.1193787]}, "properties": {"site": "Carborundum-Company-Globar-Plant__932036", "site_id": "932036", "location_id": "541", "measured": "", "method": "similarity_from_hand_control_points", "figure_style": "untested", "fit_rms_m": "10.46", "loo_median_m": "9.52", "loo_max_m": "30.74", "n_control_points": "7", "outside_hull": "", "outside_boundary_by_m": "0", "source_document": "ROD.HW.932036.2000-10-01.ROD_2000.pdf", "source_page": "63"}}, {"type": "Feature", "geometry": {"type": "Point", "coordinates": [-79.0315803, 43.119399]}, "properties": {"site": "Carborundum-Company-Globar-Plant__932036", "site_id": "932036", "location_id": "MW3A", "measured": "", "method": "measured_control_point", "figure_style": "untested", "fit_rms_m": "10.46", "loo_median_m": "9.52", "loo_max_m": "30.74", "n_control_points": "7", "outside_hull": "", "outside_boundary_by_m": "0", "source_document": "ROD.HW.932036.2000-10-01.ROD_2000.pdf", "source_page": "63"}}, {"type": "Feature", "geometry": {"type": "Point", "coordinates": [-79.0318356, 43.1192953]}, "properties": {"site": "Carborundum-Company-Globar-Plant__932036", "site_id": "932036", "location_id": "MW8", "measured": "", "method": "similarity_from_hand_control_points", "figure_style": "untested", "fit_rms_m": "10.46", "loo_median_m": "9.52", "loo_max_m": "30.74", "n_control_points": "7", "outside_hull": "", "outside_boundary_by_m": "0", "source_document": "ROD.HW.932036.2000-10-01.ROD_2000.pdf", "source_page": "63"}}, {"type": "Feature", "geometry": {"type": "Point", "coordinates": [-79.0315764, 43.1193051]}, "properties": {"site": "Carborundum-Company-Globar-Plant__932036", "site_id": "932036", "location_id": "MW3B", "measured": "", "method": "similarity_from_hand_control_points", "figure_style": "untested", "fit_rms_m": "10.46", "loo_median_m": "9.52", "loo_max_m": "30.74", "n_control_points": "7", "outside_hull": "", "outside_boundary_by_m": "0", "source_document": "ROD.HW.932036.2000-10-01.ROD_2000.pdf", "source_page": "63"}}, {"type": "Feature", "geometry": {"type": "Point", "coordinates": [-79.0328097, 43.1187843]}, "properties": {"site": "Carborundum-Company-Globar-Plant__932036", "site_id": "932036", "location_id": "520", "measured": "", "method": "similarity_from_hand_control_points", "figure_style": "untested", "fit_rms_m": "10.46", "loo_median_m": "9.52", "loo_max_m": "30.74", "n_control_points": "7", "outside_hull": "", "outside_boundary_by_m": "0", "source_document": "ROD.HW.932036.2000-10-01.ROD_2000.pdf", "source_page": "63"}}, {"type": "Feature", "geometry": {"type": "Point", "coordinates": [-79.0317283, 43.1184674]}, "properties": {"site": "Carborundum-Company-Globar-Plant__932036", "site_id": "932036", "location_id": "MW1", "measured": "", "method": "similarity_from_hand_control_points", "figure_style": "untested", "fit_rms_m": "10.46", "loo_median_m": "9.52", "loo_max_m": "30.74", "n_control_points": "7", "outside_hull": "", "outside_boundary_by_m": "0", "source_document": "ROD.HW.932036.2000-10-01.ROD_2000.pdf", "source_page": "63"}}, {"type": "Feature", "geometry": {"type": "Point", "coordinates": [-79.0333239, 43.1184474]}, "properties": {"site": "Carborundum-Company-Globar-Plant__932036", "site_id": "932036", "location_id": "100", "measured": "", "method": "similarity_from_hand_control_points", "figure_style": "untested", "fit_rms_m": "10.46", "loo_median_m": "9.52", "loo_max_m": "30.74", "n_control_points": "7", "outside_hull": "", "outside_boundary_by_m": "0", "source_document": "ROD.HW.932036.2000-10-01.ROD_2000.pdf", "source_page": "63"}}, {"type": "Feature", "geometry": {"type": "Point", "coordinates": [-79.0314739, 43.1184022]}, "properties": {"site": "Carborundum-Company-Globar-Plant__932036", "site_id": "932036", "location_id": "5004", "measured": "", "method": "similarity_from_hand_control_points", "figure_style": "untested", "fit_rms_m": "10.46", "loo_median_m": "9.52", "loo_max_m": "30.74", "n_control_points": "7", "outside_hull": "", "outside_boundary_by_m": "3", "source_document": "ROD.HW.932036.2000-10-01.ROD_2000.pdf", "source_page": "63"}}, {"type": "Feature", "geometry": {"type": "Point", "coordinates": [-79.0329819, 43.1183009]}, "properties": {"site": "Carborundum-Company-Globar-Plant__932036", "site_id": "932036", "location_id": "MW13A", "measured": "", "method": "similarity_from_hand_control_points", "figure_style": "untested", "fit_rms_m": "10.46", "loo_median_m": "9.52", "loo_max_m": "30.74", "n_control_points": "7", "outside_hull": "", "outside_boundary_by_m": "11.3", "source_document": "ROD.HW.932036.2000-10-01.ROD_2000.pdf", "source_page": "63"}}, {"type": "Feature", "geometry": {"type": "Point", "coordinates": [-79.0323465, 43.119123]}, "properties": {"site": "Carborundum-Company-Globar-Plant__932036", "site_id": "932036", "location_id": "S-58", "measured": "", "method": "measured_control_point", "figure_style": "untested", "fit_rms_m": "10.46", "loo_median_m": "9.52", "loo_max_m": "30.74", "n_control_points": "7", "outside_hull": "", "outside_boundary_by_m": "0", "source_document": "ROD.HW.932036.2000-10-01.ROD_2000.pdf", "source_page": "63"}}, {"type": "Feature", "geometry": {"type": "Point", "coordinates": [-79.0328974, 43.1184681]}, "properties": {"site": "Carborundum-Company-Globar-Plant__932036", "site_id": "932036", "location_id": "MW-5A", "measured": "", "method": "measured_control_point", "figure_style": "untested", "fit_rms_m": "10.46", "loo_median_m": "9.52", "loo_max_m": "30.74", "n_control_points": "7", "outside_hull": "", "outside_boundary_by_m": "0", "source_document": "ROD.HW.932036.2000-10-01.ROD_2000.pdf", "source_page": "63"}}, {"type": "Feature", "geometry": {"type": "Point", "coordinates": [-79.0332914, 43.1184426]}, "properties": {"site": "Carborundum-Company-Globar-Plant__932036", "site_id": "932036", "location_id": "MW-10B", "measured": "", "method": "measured_control_point", "figure_style": "untested", "fit_rms_m": "10.46", "loo_median_m": "9.52", "loo_max_m": "30.74", "n_control_points": "7", "outside_hull": "", "outside_boundary_by_m": "0", "source_document": "ROD.HW.932036.2000-10-01.ROD_2000.pdf", "source_page": "63"}}, {"type": "Feature", "geometry": {"type": "Point", "coordinates": [-79.033815, 43.1193501]}, "properties": {"site": "Carborundum-Company-Globar-Plant__932036", "site_id": "932036", "location_id": "MW-4B", "measured": "", "method": "measured_control_point", "figure_style": "untested", "fit_rms_m": "10.46", "loo_median_m": "9.52", "loo_max_m": "30.74", "n_control_points": "7", "outside_hull": "", "outside_boundary_by_m": "0", "source_document": "ROD.HW.932036.2000-10-01.ROD_2000.pdf", "source_page": "63"}}, {"type": "Feature", "geometry": {"type": "Point", "coordinates": [-79.0327972, 43.1187911]}, "properties": {"site": "Carborundum-Company-Globar-Plant__932036", "site_id": "932036", "location_id": "S-20", "measured": "", "method": "measured_control_point", "figure_style": "untested", "fit_rms_m": "10.46", "loo_median_m": "9.52", "loo_max_m": "30.74", "n_control_points": "7", "outside_hull": "", "outside_boundary_by_m": "0", "source_document": "ROD.HW.932036.2000-10-01.ROD_2000.pdf", "source_page": "63"}}, {"type": "Feature", "geometry": {"type": "Point", "coordinates": [-79.0100908, 43.0875153]}, "properties": {"site": "Frontier-Chemical-Royal-Avenue__932110", "site_id": "932110", "location_id": "BH33-1", "measured": "", "method": "measured_control_point", "figure_style": "untested", "fit_rms_m": "7.06", "loo_median_m": "7.84", "loo_max_m": "21.57", "n_control_points": "9", "outside_hull": "", "outside_boundary_by_m": "0", "source_document": "Report.HW.932110.2014-05-01.FER and SMP.pdf", "source_page": "269"}}, {"type": "Feature", "geometry": {"type": "Point", "coordinates": [-79.0108423, 43.0882675]}, "properties": {"site": "Frontier-Chemical-Royal-Avenue__932110", "site_id": "932110", "location_id": "BH11-08", "measured": "", "method": "measured_control_point", "figure_style": "untested", "fit_rms_m": "7.06", "loo_median_m": "7.84", "loo_max_m": "21.57", "n_control_points": "9", "outside_hull": "", "outside_boundary_by_m": "0", "source_document": "Report.HW.932110.2014-05-01.FER and SMP.pdf", "source_page": "269"}}, {"type": "Feature", "geometry": {"type": "Point", "coordinates": [-79.0111111, 43.0872176]}, "properties": {"site": "Frontier-Chemical-Royal-Avenue__932110", "site_id": "932110", "location_id": "PZ-01-12", "measured": "", "method": "measured_control_point", "figure_style": "untested", "fit_rms_m": "7.06", "loo_median_m": "7.84", "loo_max_m": "21.57", "n_control_points": "9", "outside_hull": "", "outside_boundary_by_m": "0", "source_document": "Report.HW.932110.2014-05-01.FER and SMP.pdf", "source_page": "269"}}, {"type": "Feature", "geometry": {"type": "Point", "coordinates": [-79.0114247, 43.0878454]}, "properties": {"site": "Frontier-Chemical-Royal-Avenue__932110", "site_id": "932110", "location_id": "BH7-08", "measured": "", "method": "measured_control_point", "figure_style": "untested", "fit_rms_m": "7.06", "loo_median_m": "7.84", "loo_max_m": "21.57", "n_control_points": "9", "outside_hull": "", "outside_boundary_by_m": "0", "source_document": "Report.HW.932110.2014-05-01.FER and SMP.pdf", "source_page": "269"}}, {"type": "Feature", "geometry": {"type": "Point", "coordinates": [-79.010333, 43.0874801]}, "properties": {"site": "Frontier-Chemical-Royal-Avenue__932110", "site_id": "932110", "location_id": "BH32-10", "measured": "", "method": "measured_control_point", "figure_style": "untested", "fit_rms_m": "7.06", "loo_median_m": "7.84", "loo_max_m": "21.57", "n_control_points": "9", "outside_hull": "", "outside_boundary_by_m": "0", "source_document": "Report.HW.932110.2014-05-01.FER and SMP.pdf", "source_page": "269"}}, {"type": "Feature", "geometry": {"type": "Point", "coordinates": [-79.0107974, 43.0876759]}, "properties": {"site": "Frontier-Chemical-Royal-Avenue__932110", "site_id": "932110", "location_id": "BH12-08", "measured": "", "method": "measured_control_point", "figure_style": "untested", "fit_rms_m": "7.06", "loo_median_m": "7.84", "loo_max_m": "21.57", "n_control_points": "9", "outside_hull": "", "outside_boundary_by_m": "0", "source_document": "Report.HW.932110.2014-05-01.FER and SMP.pdf", "source_page": "269"}}, {"type": "Feature", "geometry": {"type": "Point", "coordinates": [-79.0109066, 43.0885535]}, "properties": {"site": "Frontier-Chemical-Royal-Avenue__932110", "site_id": "932110", "location_id": "B1", "measured": "", "method": "measured_control_point", "figure_style": "annotated", "fit_rms_m": "5.15", "loo_median_m": "10.89", "loo_max_m": "13.34", "n_control_points": "4", "outside_hull": "", "outside_boundary_by_m": "0", "source_document": "Report.HW.932110.2021-02-26.FinalCCR_ParkinglotProject.pdf", "source_page": "161"}}, {"type": "Feature", "geometry": {"type": "Point", "coordinates": [-79.0101418, 43.0879636]}, "properties": {"site": "Frontier-Chemical-Royal-Avenue__932110", "site_id": "932110", "location_id": "CB2", "measured": "", "method": "similarity_from_hand_control_points", "figure_style": "annotated", "fit_rms_m": "5.15", "loo_median_m": "10.89", "loo_max_m": "13.34", "n_control_points": "4", "outside_hull": "", "outside_boundary_by_m": "0", "source_document": "Report.HW.932110.2021-02-26.FinalCCR_ParkinglotProject.pdf", "source_page": "161"}}, {"type": "Feature", "geometry": {"type": "Point", "coordinates": [-79.011293, 43.0877098]}, "properties": {"site": "Frontier-Chemical-Royal-Avenue__932110", "site_id": "932110", "location_id": "ES1", "measured": "", "method": "similarity_from_hand_control_points", "figure_style": "annotated", "fit_rms_m": "5.15", "loo_median_m": "10.89", "loo_max_m": "13.34", "n_control_points": "4", "outside_hull": "", "outside_boundary_by_m": "0", "source_document": "Report.HW.932110.2021-02-26.FinalCCR_ParkinglotProject.pdf", "source_page": "161"}}, {"type": "Feature", "geometry": {"type": "Point", "coordinates": [-79.0121895, 43.0874766]}, "properties": {"site": "Frontier-Chemical-Royal-Avenue__932110", "site_id": "932110", "location_id": "575", "measured": "", "method": "similarity_from_hand_control_points", "figure_style": "annotated", "fit_rms_m": "5.15", "loo_median_m": "10.89", "loo_max_m": "13.34", "n_control_points": "4", "outside_hull": "", "outside_boundary_by_m": "0", "source_document": "Report.HW.932110.2021-02-26.FinalCCR_ParkinglotProject.pdf", "source_page": "161"}}, {"type": "Feature", "geometry": {"type": "Point", "coordinates": [-79.0106798, 43.0875196]}, "properties": {"site": "Frontier-Chemical-Royal-Avenue__932110", "site_id": "932110", "location_id": "B4", "measured": "", "method": "similarity_from_hand_control_points", "figure_style": "annotated", "fit_rms_m": "5.15", "loo_median_m": "10.89", "loo_max_m": "13.34", "n_control_points": "4", "outside_hull": "", "outside_boundary_by_m": "0", "source_document": "Report.HW.932110.2021-02-26.FinalCCR_ParkinglotProject.pdf", "source_page": "161"}}, {"type": "Feature", "geometry": {"type": "Point", "coordinates": [-79.0091917, 43.0875174]}, "properties": {"site": "Frontier-Chemical-Royal-Avenue__932110", "site_id": "932110", "location_id": "B5", "measured": "", "method": "similarity_from_hand_control_points", "figure_style": "annotated", "fit_rms_m": "5.15", "loo_median_m": "10.89", "loo_max_m": "13.34", "n_control_points": "4", "outside_hull": "", "outside_boundary_by_m": "0", "source_document": "Report.HW.932110.2021-02-26.FinalCCR_ParkinglotProject.pdf", "source_page": "161"}}, {"type": "Feature", "geometry": {"type": "Point", "coordinates": [-79.0101326, 43.0874638]}, "properties": {"site": "Frontier-Chemical-Royal-Avenue__932110", "site_id": "932110", "location_id": "DI3", "measured": "", "method": "similarity_from_hand_control_points", "figure_style": "annotated", "fit_rms_m": "5.15", "loo_median_m": "10.89", "loo_max_m": "13.34", "n_control_points": "4", "outside_hull": "", "outside_boundary_by_m": "0", "source_document": "Report.HW.932110.2021-02-26.FinalCCR_ParkinglotProject.pdf", "source_page": "161"}}, {"type": "Feature", "geometry": {"type": "Point", "coordinates": [-79.0093598, 43.0874803]}, "properties": {"site": "Frontier-Chemical-Royal-Avenue__932110", "site_id": "932110", "location_id": "DI2", "measured": "", "method": "similarity_from_hand_control_points", "figure_style": "annotated", "fit_rms_m": "5.15", "loo_median_m": "10.89", "loo_max_m": "13.34", "n_control_points": "4", "outside_hull": "", "outside_boundary_by_m": "0", "source_document": "Report.HW.932110.2021-02-26.FinalCCR_ParkinglotProject.pdf", "source_page": "161"}}, {"type": "Feature", "geometry": {"type": "Point", "coordinates": [-79.0108875, 43.0873489]}, "properties": {"site": "Frontier-Chemical-Royal-Avenue__932110", "site_id": "932110", "location_id": "TP2", "measured": "", "method": "similarity_from_hand_control_points", "figure_style": "annotated", "fit_rms_m": "5.15", "loo_median_m": "10.89", "loo_max_m": "13.34", "n_control_points": "4", "outside_hull": "", "outside_boundary_by_m": "0", "source_document": "Report.HW.932110.2021-02-26.FinalCCR_ParkinglotProject.pdf", "source_page": "161"}}, {"type": "Feature", "geometry": {"type": "Point", "coordinates": [-79.0112636, 43.0874176]}, "properties": {"site": "Frontier-Chemical-Royal-Avenue__932110", "site_id": "932110", "location_id": "TP5", "measured": "", "method": "similarity_from_hand_control_points", "figure_style": "annotated", "fit_rms_m": "5.15", "loo_median_m": "10.89", "loo_max_m": "13.34", "n_control_points": "4", "outside_hull": "", "outside_boundary_by_m": "0", "source_document": "Report.HW.932110.2021-02-26.FinalCCR_ParkinglotProject.pdf", "source_page": "161"}}, {"type": "Feature", "geometry": {"type": "Point", "coordinates": [-79.0112179, 43.0871941]}, "properties": {"site": "Frontier-Chemical-Royal-Avenue__932110", "site_id": "932110", "location_id": "IT2", "measured": "", "method": "measured_control_point", "figure_style": "annotated", "fit_rms_m": "5.15", "loo_median_m": "10.89", "loo_max_m": "13.34", "n_control_points": "4", "outside_hull": "", "outside_boundary_by_m": "0", "source_document": "Report.HW.932110.2021-02-26.FinalCCR_ParkinglotProject.pdf", "source_page": "161"}}, {"type": "Feature", "geometry": {"type": "Point", "coordinates": [-79.0123122, 43.0872946]}, "properties": {"site": "Frontier-Chemical-Royal-Avenue__932110", "site_id": "932110", "location_id": "B10", "measured": "", "method": "similarity_from_hand_control_points", "figure_style": "annotated", "fit_rms_m": "5.15", "loo_median_m": "10.89", "loo_max_m": "13.34", "n_control_points": "4", "outside_hull": "", "outside_boundary_by_m": "0", "source_document": "Report.HW.932110.2021-02-26.FinalCCR_ParkinglotProject.pdf", "source_page": "161"}}, {"type": "Feature", "geometry": {"type": "Point", "coordinates": [-79.0116818, 43.0872644]}, "properties": {"site": "Frontier-Chemical-Royal-Avenue__932110", "site_id": "932110", "location_id": "B9", "measured": "", "method": "similarity_from_hand_control_points", "figure_style": "annotated", "fit_rms_m": "5.15", "loo_median_m": "10.89", "loo_max_m": "13.34", "n_control_points": "4", "outside_hull": "", "outside_boundary_by_m": "0", "source_document": "Report.HW.932110.2021-02-26.FinalCCR_ParkinglotProject.pdf", "source_page": "161"}}, {"type": "Feature", "geometry": {"type": "Point", "coordinates": [-79.0120962, 43.0871037]}, "properties": {"site": "Frontier-Chemical-Royal-Avenue__932110", "site_id": "932110", "location_id": "577", "measured": "", "method": "similarity_from_hand_control_points", "figure_style": "annotated", "fit_rms_m": "5.15", "loo_median_m": "10.89", "loo_max_m": "13.34", "n_control_points": "4", "outside_hull": "", "outside_boundary_by_m": "0", "source_document": "Report.HW.932110.2021-02-26.FinalCCR_ParkinglotProject.pdf", "source_page": "161"}}, {"type": "Feature", "geometry": {"type": "Point", "coordinates": [-79.0092103, 43.0886789]}, "properties": {"site": "Frontier-Chemical-Royal-Avenue__932110", "site_id": "932110", "location_id": "B2", "measured": "", "method": "measured_control_point", "figure_style": "annotated", "fit_rms_m": "5.15", "loo_median_m": "10.89", "loo_max_m": "13.34", "n_control_points": "4", "outside_hull": "", "outside_boundary_by_m": "0", "source_document": "Report.HW.932110.2021-02-26.FinalCCR_ParkinglotProject.pdf", "source_page": "161"}}, {"type": "Feature", "geometry": {"type": "Point", "coordinates": [-79.0098068, 43.0884842]}, "properties": {"site": "Frontier-Chemical-Royal-Avenue__932110", "site_id": "932110", "location_id": "SD1", "measured": "", "method": "similarity_from_hand_control_points", "figure_style": "annotated", "fit_rms_m": "5.15", "loo_median_m": "10.89", "loo_max_m": "13.34", "n_control_points": "4", "outside_hull": "", "outside_boundary_by_m": "0", "source_document": "Report.HW.932110.2021-02-26.FinalCCR_ParkinglotProject.pdf", "source_page": "161"}}, {"type": "Feature", "geometry": {"type": "Point", "coordinates": [-79.0101597, 43.0884576]}, "properties": {"site": "Frontier-Chemical-Royal-Avenue__932110", "site_id": "932110", "location_id": "CB1", "measured": "", "method": "similarity_from_hand_control_points", "figure_style": "annotated", "fit_rms_m": "5.15", "loo_median_m": "10.89", "loo_max_m": "13.34", "n_control_points": "4", "outside_hull": "", "outside_boundary_by_m": "0", "source_document": "Report.HW.932110.2021-02-26.FinalCCR_ParkinglotProject.pdf", "source_page": "161"}}, {"type": "Feature", "geometry": {"type": "Point", "coordinates": [-79.0104246, 43.0883068]}, "properties": {"site": "Frontier-Chemical-Royal-Avenue__932110", "site_id": "932110", "location_id": "TP3", "measured": "", "method": "similarity_from_hand_control_points", "figure_style": "annotated", "fit_rms_m": "5.15", "loo_median_m": "10.89", "loo_max_m": "13.34", "n_control_points": "4", "outside_hull": "", "outside_boundary_by_m": "0", "source_document": "Report.HW.932110.2021-02-26.FinalCCR_ParkinglotProject.pdf", "source_page": "161"}}, {"type": "Feature", "geometry": {"type": "Point", "coordinates": [-79.0107046, 43.0870685]}, "properties": {"site": "Frontier-Chemical-Royal-Avenue__932110", "site_id": "932110", "location_id": "B7", "measured": "", "method": "similarity_from_hand_control_points", "figure_style": "annotated", "fit_rms_m": "5.15", "loo_median_m": "10.89", "loo_max_m": "13.34", "n_control_points": "4", "outside_hull": "", "outside_boundary_by_m": "0", "source_document": "Report.HW.932110.2021-02-26.FinalCCR_ParkinglotProject.pdf", "source_page": "161"}}, {"type": "Feature", "geometry": {"type": "Point", "coordinates": [-79.0098232, 43.0881073]}, "properties": {"site": "Frontier-Chemical-Royal-Avenue__932110", "site_id": "932110", "location_id": "B3", "measured": "", "method": "similarity_from_hand_control_points", "figure_style": "annotated", "fit_rms_m": "5.15", "loo_median_m": "10.89", "loo_max_m": "13.34", "n_control_points": "4", "outside_hull": "", "outside_boundary_by_m": "0", "source_document": "Report.HW.932110.2021-02-26.FinalCCR_ParkinglotProject.pdf", "source_page": "161"}}, {"type": "Feature", "geometry": {"type": "Point", "coordinates": [-79.0098219, 43.0871228]}, "properties": {"site": "Frontier-Chemical-Royal-Avenue__932110", "site_id": "932110", "location_id": "TP4", "measured": "", "method": "similarity_from_hand_control_points", "figure_style": "annotated", "fit_rms_m": "5.15", "loo_median_m": "10.89", "loo_max_m": "13.34", "n_control_points": "4", "outside_hull": "", "outside_boundary_by_m": "0", "source_document": "Report.HW.932110.2021-02-26.FinalCCR_ParkinglotProject.pdf", "source_page": "161"}}, {"type": "Feature", "geometry": {"type": "Point", "coordinates": [-79.0092479, 43.0871353]}, "properties": {"site": "Frontier-Chemical-Royal-Avenue__932110", "site_id": "932110", "location_id": "B6", "measured": "", "method": "measured_control_point", "figure_style": "annotated", "fit_rms_m": "5.15", "loo_median_m": "10.89", "loo_max_m": "13.34", "n_control_points": "4", "outside_hull": "", "outside_boundary_by_m": "0", "source_document": "Report.HW.932110.2021-02-26.FinalCCR_ParkinglotProject.pdf", "source_page": "161"}}, {"type": "Feature", "geometry": {"type": "Point", "coordinates": [-79.0098126, 43.0879846]}, "properties": {"site": "Frontier-Chemical-Royal-Avenue__932110", "site_id": "932110", "location_id": "SD4", "measured": "", "method": "similarity_from_hand_control_points", "figure_style": "annotated", "fit_rms_m": "5.15", "loo_median_m": "10.89", "loo_max_m": "13.34", "n_control_points": "4", "outside_hull": "", "outside_boundary_by_m": "0", "source_document": "Report.HW.932110.2021-02-26.FinalCCR_ParkinglotProject.pdf", "source_page": "161"}}, {"type": "Feature", "geometry": {"type": "Point", "coordinates": [-79.0094094, 43.0884872]}, "properties": {"site": "Frontier-Chemical-Royal-Avenue__932110", "site_id": "932110", "location_id": "DI1", "measured": "", "method": "similarity_from_hand_control_points", "figure_style": "annotated", "fit_rms_m": "5.15", "loo_median_m": "10.89", "loo_max_m": "13.34", "n_control_points": "4", "outside_hull": "", "outside_boundary_by_m": "0", "source_document": "Report.HW.932110.2021-02-26.FinalCCR_ParkinglotProject.pdf", "source_page": "161"}}, {"type": "Feature", "geometry": {"type": "Point", "coordinates": [-79.0110578, 43.088065]}, "properties": {"site": "Frontier-Chemical-Royal-Avenue__932110", "site_id": "932110", "location_id": "DI4", "measured": "", "method": "similarity_from_hand_control_points", "figure_style": "annotated", "fit_rms_m": "5.15", "loo_median_m": "10.89", "loo_max_m": "13.34", "n_control_points": "4", "outside_hull": "", "outside_boundary_by_m": "0", "source_document": "Report.HW.932110.2021-02-26.FinalCCR_ParkinglotProject.pdf", "source_page": "161"}}, {"type": "Feature", "geometry": {"type": "Point", "coordinates": [-79.0093775, 43.0879895]}, "properties": {"site": "Frontier-Chemical-Royal-Avenue__932110", "site_id": "932110", "location_id": "CB3", "measured": "", "method": "similarity_from_hand_control_points", "figure_style": "annotated", "fit_rms_m": "5.15", "loo_median_m": "10.89", "loo_max_m": "13.34", "n_control_points": "4", "outside_hull": "", "outside_boundary_by_m": "0", "source_document": "Report.HW.932110.2021-02-26.FinalCCR_ParkinglotProject.pdf", "source_page": "161"}}, {"type": "Feature", "geometry": {"type": "Point", "coordinates": [-79.0106479, 43.0878708]}, "properties": {"site": "Frontier-Chemical-Royal-Avenue__932110", "site_id": "932110", "location_id": "SD3", "measured": "", "method": "similarity_from_hand_control_points", "figure_style": "annotated", "fit_rms_m": "5.15", "loo_median_m": "10.89", "loo_max_m": "13.34", "n_control_points": "4", "outside_hull": "", "outside_boundary_by_m": "0", "source_document": "Report.HW.932110.2021-02-26.FinalCCR_ParkinglotProject.pdf", "source_page": "161"}}, {"type": "Feature", "geometry": {"type": "Point", "coordinates": [-79.0116304, 43.0886202]}, "properties": {"site": "Frontier-Chemical-Royal-Avenue__932110", "site_id": "932110", "location_id": "MW17", "measured": "", "method": "similarity_from_hand_control_points", "figure_style": "untested", "fit_rms_m": "2.33", "loo_median_m": "5.92", "loo_max_m": "21.26", "n_control_points": "3", "outside_hull": "", "outside_boundary_by_m": "", "source_document": "Work Plan.HW.932110.2007-11-28.Supplemental_Soil_Characterization_and_Pilot_Test.pdf", "source_page": "46"}}, {"type": "Feature", "geometry": {"type": "Point", "coordinates": [-79.0089628, 43.0870903]}, "properties": {"site": "Frontier-Chemical-Royal-Avenue__932110", "site_id": "932110", "location_id": "MW12", "measured": "", "method": "measured_control_point", "figure_style": "untested", "fit_rms_m": "2.33", "loo_median_m": "5.92", "loo_max_m": "21.26", "n_control_points": "3", "outside_hull": "", "outside_boundary_by_m": "", "source_document": "Work Plan.HW.932110.2007-11-28.Supplemental_Soil_Characterization_and_Pilot_Test.pdf", "source_page": "46"}}, {"type": "Feature", "geometry": {"type": "Point", "coordinates": [-79.0105461, 43.0870721]}, "properties": {"site": "Frontier-Chemical-Royal-Avenue__932110", "site_id": "932110", "location_id": "MW11", "measured": "", "method": "similarity_from_hand_control_points", "figure_style": "untested", "fit_rms_m": "2.33", "loo_median_m": "5.92", "loo_max_m": "21.26", "n_control_points": "3", "outside_hull": "", "outside_boundary_by_m": "", "source_document": "Work Plan.HW.932110.2007-11-28.Supplemental_Soil_Characterization_and_Pilot_Test.pdf", "source_page": "46"}}, {"type": "Feature", "geometry": {"type": "Point", "coordinates": [-79.0109137, 43.0874924]}, "properties": {"site": "Frontier-Chemical-Royal-Avenue__932110", "site_id": "932110", "location_id": "MW10", "measured": "", "method": "similarity_from_hand_control_points", "figure_style": "untested", "fit_rms_m": "2.33", "loo_median_m": "5.92", "loo_max_m": "21.26", "n_control_points": "3", "outside_hull": "", "outside_boundary_by_m": "", "source_document": "Work Plan.HW.932110.2007-11-28.Supplemental_Soil_Characterization_and_Pilot_Test.pdf", "source_page": "46"}}, {"type": "Feature", "geometry": {"type": "Point", "coordinates": [-79.0092045, 43.0893044]}, "properties": {"site": "Frontier-Chemical-Royal-Avenue__932110", "site_id": "932110", "location_id": "MW4", "measured": "", "method": "similarity_from_hand_control_points", "figure_style": "untested", "fit_rms_m": "2.33", "loo_median_m": "5.92", "loo_max_m": "21.26", "n_control_points": "3", "outside_hull": "", "outside_boundary_by_m": "", "source_document": "Work Plan.HW.932110.2007-11-28.Supplemental_Soil_Characterization_and_Pilot_Test.pdf", "source_page": "46"}}, {"type": "Feature", "geometry": {"type": "Point", "coordinates": [-79.010974, 43.0891325]}, "properties": {"site": "Frontier-Chemical-Royal-Avenue__932110", "site_id": "932110", "location_id": "BH87", "measured": "", "method": "similarity_from_hand_control_points", "figure_style": "untested", "fit_rms_m": "2.33", "loo_median_m": "5.92", "loo_max_m": "21.26", "n_control_points": "3", "outside_hull": "", "outside_boundary_by_m": "", "source_document": "Work Plan.HW.932110.2007-11-28.Supplemental_Soil_Characterization_and_Pilot_Test.pdf", "source_page": "46"}}, {"type": "Feature", "geometry": {"type": "Point", "coordinates": [-79.0118115, 43.0879379]}, "properties": {"site": "Frontier-Chemical-Royal-Avenue__932110", "site_id": "932110", "location_id": "MW15", "measured": "", "method": "similarity_from_hand_control_points", "figure_style": "untested", "fit_rms_m": "2.33", "loo_median_m": "5.92", "loo_max_m": "21.26", "n_control_points": "3", "outside_hull": "", "outside_boundary_by_m": "", "source_document": "Work Plan.HW.932110.2007-11-28.Supplemental_Soil_Characterization_and_Pilot_Test.pdf", "source_page": "46"}}, {"type": "Feature", "geometry": {"type": "Point", "coordinates": [-79.0109449, 43.0878264]}, "properties": {"site": "Frontier-Chemical-Royal-Avenue__932110", "site_id": "932110", "location_id": "MW16", "measured": "", "method": "similarity_from_hand_control_points", "figure_style": "untested", "fit_rms_m": "2.33", "loo_median_m": "5.92", "loo_max_m": "21.26", "n_control_points": "3", "outside_hull": "", "outside_boundary_by_m": "", "source_document": "Work Plan.HW.932110.2007-11-28.Supplemental_Soil_Characterization_and_Pilot_Test.pdf", "source_page": "46"}}, {"type": "Feature", "geometry": {"type": "Point", "coordinates": [-79.0089455, 43.0878131]}, "properties": {"site": "Frontier-Chemical-Royal-Avenue__932110", "site_id": "932110", "location_id": "MW5", "measured": "", "method": "measured_control_point", "figure_style": "untested", "fit_rms_m": "2.33", "loo_median_m": "5.92", "loo_max_m": "21.26", "n_control_points": "3", "outside_hull": "", "outside_boundary_by_m": "", "source_document": "Work Plan.HW.932110.2007-11-28.Supplemental_Soil_Characterization_and_Pilot_Test.pdf", "source_page": "46"}}, {"type": "Feature", "geometry": {"type": "Point", "coordinates": [-79.0113712, 43.0876536]}, "properties": {"site": "Frontier-Chemical-Royal-Avenue__932110", "site_id": "932110", "location_id": "MW7", "measured": "", "method": "similarity_from_hand_control_points", "figure_style": "untested", "fit_rms_m": "2.33", "loo_median_m": "5.92", "loo_max_m": "21.26", "n_control_points": "3", "outside_hull": "", "outside_boundary_by_m": "", "source_document": "Work Plan.HW.932110.2007-11-28.Supplemental_Soil_Characterization_and_Pilot_Test.pdf", "source_page": "46"}}, {"type": "Feature", "geometry": {"type": "Point", "coordinates": [-79.0114971, 43.0876111]}, "properties": {"site": "Frontier-Chemical-Royal-Avenue__932110", "site_id": "932110", "location_id": "MW2", "measured": "", "method": "similarity_from_hand_control_points", "figure_style": "untested", "fit_rms_m": "2.33", "loo_median_m": "5.92", "loo_max_m": "21.26", "n_control_points": "3", "outside_hull": "", "outside_boundary_by_m": "", "source_document": "Work Plan.HW.932110.2007-11-28.Supplemental_Soil_Characterization_and_Pilot_Test.pdf", "source_page": "46"}}, {"type": "Feature", "geometry": {"type": "Point", "coordinates": [-79.0090871, 43.0888543]}, "properties": {"site": "Frontier-Chemical-Royal-Avenue__932110", "site_id": "932110", "location_id": "MW13", "measured": "", "method": "similarity_from_hand_control_points", "figure_style": "untested", "fit_rms_m": "2.33", "loo_median_m": "5.92", "loo_max_m": "21.26", "n_control_points": "3", "outside_hull": "", "outside_boundary_by_m": "", "source_document": "Work Plan.HW.932110.2007-11-28.Supplemental_Soil_Characterization_and_Pilot_Test.pdf", "source_page": "46"}}, {"type": "Feature", "geometry": {"type": "Point", "coordinates": [-79.0112106, 43.0890632]}, "properties": {"site": "Frontier-Chemical-Royal-Avenue__932110", "site_id": "932110", "location_id": "MW8", "measured": "", "method": "similarity_from_hand_control_points", "figure_style": "untested", "fit_rms_m": "2.33", "loo_median_m": "5.92", "loo_max_m": "21.26", "n_control_points": "3", "outside_hull": "", "outside_boundary_by_m": "", "source_document": "Work Plan.HW.932110.2007-11-28.Supplemental_Soil_Characterization_and_Pilot_Test.pdf", "source_page": "46"}}, {"type": "Feature", "geometry": {"type": "Point", "coordinates": [-79.010413, 43.0892826]}, "properties": {"site": "Frontier-Chemical-Royal-Avenue__932110", "site_id": "932110", "location_id": "MW14", "measured": "", "method": "similarity_from_hand_control_points", "figure_style": "untested", "fit_rms_m": "2.33", "loo_median_m": "5.92", "loo_max_m": "21.26", "n_control_points": "3", "outside_hull": "", "outside_boundary_by_m": "", "source_document": "Work Plan.HW.932110.2007-11-28.Supplemental_Soil_Characterization_and_Pilot_Test.pdf", "source_page": "46"}}, {"type": "Feature", "geometry": {"type": "Point", "coordinates": [-79.0111824, 43.0890046]}, "properties": {"site": "Frontier-Chemical-Royal-Avenue__932110", "site_id": "932110", "location_id": "MW3", "measured": "", "method": "similarity_from_hand_control_points", "figure_style": "untested", "fit_rms_m": "2.33", "loo_median_m": "5.92", "loo_max_m": "21.26", "n_control_points": "3", "outside_hull": "", "outside_boundary_by_m": "", "source_document": "Work Plan.HW.932110.2007-11-28.Supplemental_Soil_Characterization_and_Pilot_Test.pdf", "source_page": "46"}}, {"type": "Feature", "geometry": {"type": "Point", "coordinates": [-79.0112734, 43.0871731]}, "properties": {"site": "Frontier-Chemical-Royal-Avenue__932110", "site_id": "932110", "location_id": "MW9", "measured": "", "method": "similarity_from_hand_control_points", "figure_style": "untested", "fit_rms_m": "2.33", "loo_median_m": "5.92", "loo_max_m": "21.26", "n_control_points": "3", "outside_hull": "", "outside_boundary_by_m": "", "source_document": "Work Plan.HW.932110.2007-11-28.Supplemental_Soil_Characterization_and_Pilot_Test.pdf", "source_page": "46"}}, {"type": "Feature", "geometry": {"type": "Point", "coordinates": [-79.0122974, 43.0870765]}, "properties": {"site": "Frontier-Chemical-Royal-Avenue__932110", "site_id": "932110", "location_id": "BH87-3D", "measured": "", "method": "measured_control_point", "figure_style": "untested", "fit_rms_m": "2.33", "loo_median_m": "5.92", "loo_max_m": "21.26", "n_control_points": "3", "outside_hull": "", "outside_boundary_by_m": "", "source_document": "Work Plan.HW.932110.2007-11-28.Supplemental_Soil_Characterization_and_Pilot_Test.pdf", "source_page": "46"}}, {"type": "Feature", "geometry": {"type": "Point", "coordinates": [-79.0253251, 43.125513]}, "properties": {"site": "SKW-Newco-Inc__932001C", "site_id": "932001C", "location_id": "MW1B", "measured": "", "method": "measured_control_point", "figure_style": "callout", "fit_rms_m": "13.29", "loo_median_m": "11.37", "loo_max_m": "28.73", "n_control_points": "11", "outside_hull": "", "outside_boundary_by_m": "0", "source_document": "Report.HW.932001C.2011-06-30.2nd_Bi-Annual_2010_Monitoring_Report.pdf", "source_page": "13"}}, {"type": "Feature", "geometry": {"type": "Point", "coordinates": [-79.0243491, 43.1250823]}, "properties": {"site": "SKW-Newco-Inc__932001C", "site_id": "932001C", "location_id": "MW2B", "measured": "", "method": "measured_control_point", "figure_style": "callout", "fit_rms_m": "13.29", "loo_median_m": "11.37", "loo_max_m": "28.73", "n_control_points": "11", "outside_hull": "", "outside_boundary_by_m": "0", "source_document": "Report.HW.932001C.2011-06-30.2nd_Bi-Annual_2010_Monitoring_Report.pdf", "source_page": "13"}}, {"type": "Feature", "geometry": {"type": "Point", "coordinates": [-79.0277717, 43.1247378]}, "properties": {"site": "SKW-Newco-Inc__932001C", "site_id": "932001C", "location_id": "MW8B", "measured": "", "method": "measured_control_point", "figure_style": "callout", "fit_rms_m": "13.29", "loo_median_m": "11.37", "loo_max_m": "28.73", "n_control_points": "11", "outside_hull": "", "outside_boundary_by_m": "0", "source_document": "Report.HW.932001C.2011-06-30.2nd_Bi-Annual_2010_Monitoring_Report.pdf", "source_page": "13"}}, {"type": "Feature", "geometry": {"type": "Point", "coordinates": [-79.0270951, 43.1237002]}, "properties": {"site": "SKW-Newco-Inc__932001C", "site_id": "932001C", "location_id": "MW7B", "measured": "", "method": "measured_control_point", "figure_style": "callout", "fit_rms_m": "13.29", "loo_median_m": "11.37", "loo_max_m": "28.73", "n_control_points": "11", "outside_hull": "", "outside_boundary_by_m": "0", "source_document": "Report.HW.932001C.2011-06-30.2nd_Bi-Annual_2010_Monitoring_Report.pdf", "source_page": "13"}}, {"type": "Feature", "geometry": {"type": "Point", "coordinates": [-79.0231145, 43.1235553]}, "properties": {"site": "SKW-Newco-Inc__932001C", "site_id": "932001C", "location_id": "MW3B", "measured": "", "method": "measured_control_point", "figure_style": "callout", "fit_rms_m": "13.29", "loo_median_m": "11.37", "loo_max_m": "28.73", "n_control_points": "11", "outside_hull": "", "outside_boundary_by_m": "0", "source_document": "Report.HW.932001C.2011-06-30.2nd_Bi-Annual_2010_Monitoring_Report.pdf", "source_page": "13"}}, {"type": "Feature", "geometry": {"type": "Point", "coordinates": [-79.026135, 43.1234653]}, "properties": {"site": "SKW-Newco-Inc__932001C", "site_id": "932001C", "location_id": "SS3", "measured": "", "method": "measured_control_point", "figure_style": "callout", "fit_rms_m": "13.29", "loo_median_m": "11.37", "loo_max_m": "28.73", "n_control_points": "11", "outside_hull": "", "outside_boundary_by_m": "0", "source_document": "Report.HW.932001C.2011-06-30.2nd_Bi-Annual_2010_Monitoring_Report.pdf", "source_page": "13"}}, {"type": "Feature", "geometry": {"type": "Point", "coordinates": [-79.02496, 43.1227135]}, "properties": {"site": "SKW-Newco-Inc__932001C", "site_id": "932001C", "location_id": "SS2", "measured": "", "method": "measured_control_point", "figure_style": "callout", "fit_rms_m": "13.29", "loo_median_m": "11.37", "loo_max_m": "28.73", "n_control_points": "11", "outside_hull": "", "outside_boundary_by_m": "0", "source_document": "Report.HW.932001C.2011-06-30.2nd_Bi-Annual_2010_Monitoring_Report.pdf", "source_page": "13"}}, {"type": "Feature", "geometry": {"type": "Point", "coordinates": [-79.0238005, 43.1227135]}, "properties": {"site": "SKW-Newco-Inc__932001C", "site_id": "932001C", "location_id": "MW5B", "measured": "", "method": "measured_control_point", "figure_style": "callout", "fit_rms_m": "13.29", "loo_median_m": "11.37", "loo_max_m": "28.73", "n_control_points": "11", "outside_hull": "", "outside_boundary_by_m": "0", "source_document": "Report.HW.932001C.2011-06-30.2nd_Bi-Annual_2010_Monitoring_Report.pdf", "source_page": "13"}}, {"type": "Feature", "geometry": {"type": "Point", "coordinates": [-79.0228031, 43.1226939]}, "properties": {"site": "SKW-Newco-Inc__932001C", "site_id": "932001C", "location_id": "MW4B", "measured": "", "method": "measured_control_point", "figure_style": "callout", "fit_rms_m": "13.29", "loo_median_m": "11.37", "loo_max_m": "28.73", "n_control_points": "11", "outside_hull": "", "outside_boundary_by_m": "0", "source_document": "Report.HW.932001C.2011-06-30.2nd_Bi-Annual_2010_Monitoring_Report.pdf", "source_page": "13"}}, {"type": "Feature", "geometry": {"type": "Point", "coordinates": [-79.0257156, 43.1227096]}, "properties": {"site": "SKW-Newco-Inc__932001C", "site_id": "932001C", "location_id": "SS-1", "measured": "", "method": "measured_control_point", "figure_style": "callout", "fit_rms_m": "13.29", "loo_median_m": "11.37", "loo_max_m": "28.73", "n_control_points": "11", "outside_hull": "", "outside_boundary_by_m": "0", "source_document": "Report.HW.932001C.2011-06-30.2nd_Bi-Annual_2010_Monitoring_Report.pdf", "source_page": "13"}}, {"type": "Feature", "geometry": {"type": "Point", "coordinates": [-79.0256355, 43.122739]}, "properties": {"site": "SKW-Newco-Inc__932001C", "site_id": "932001C", "location_id": "MW-6B", "measured": "", "method": "measured_control_point", "figure_style": "callout", "fit_rms_m": "13.29", "loo_median_m": "11.37", "loo_max_m": "28.73", "n_control_points": "11", "outside_hull": "", "outside_boundary_by_m": "0", "source_document": "Report.HW.932001C.2011-06-30.2nd_Bi-Annual_2010_Monitoring_Report.pdf", "source_page": "13"}}, {"type": "Feature", "geometry": {"type": "Point", "coordinates": [-79.0327167, 43.1450813]}, "properties": {"site": "Stauffer-Chemical-Plant-PASNY-Site__932053", "site_id": "932053", "location_id": "BH15", "measured": "", "method": "similarity_from_hand_control_points", "figure_style": "untested", "fit_rms_m": "2.27", "loo_median_m": "1.08", "loo_max_m": "6.1", "n_control_points": "5", "outside_hull": "", "outside_boundary_by_m": "0", "source_document": "Report.HW.932053.2017-04-19.2016 Annual OMM.pdf", "source_page": "36"}}, {"type": "Feature", "geometry": {"type": "Point", "coordinates": [-79.0313726, 43.1446758]}, "properties": {"site": "Stauffer-Chemical-Plant-PASNY-Site__932053", "site_id": "932053", "location_id": "BH21", "measured": "", "method": "similarity_from_hand_control_points", "figure_style": "untested", "fit_rms_m": "2.27", "loo_median_m": "1.08", "loo_max_m": "6.1", "n_control_points": "5", "outside_hull": "", "outside_boundary_by_m": "0", "source_document": "Report.HW.932053.2017-04-19.2016 Annual OMM.pdf", "source_page": "36"}}, {"type": "Feature", "geometry": {"type": "Point", "coordinates": [-79.0279004, 43.1446846]}, "properties": {"site": "Stauffer-Chemical-Plant-PASNY-Site__932053", "site_id": "932053", "location_id": "W4", "measured": "", "method": "similarity_from_hand_control_points", "figure_style": "untested", "fit_rms_m": "2.27", "loo_median_m": "1.08", "loo_max_m": "6.1", "n_control_points": "5", "outside_hull": "", "outside_boundary_by_m": "0.8", "source_document": "Report.HW.932053.2017-04-19.2016 Annual OMM.pdf", "source_page": "36"}}, {"type": "Feature", "geometry": {"type": "Point", "coordinates": [-79.0349414, 43.1443186]}, "properties": {"site": "Stauffer-Chemical-Plant-PASNY-Site__932053", "site_id": "932053", "location_id": "BH7", "measured": "", "method": "similarity_from_hand_control_points", "figure_style": "untested", "fit_rms_m": "2.27", "loo_median_m": "1.08", "loo_max_m": "6.1", "n_control_points": "5", "outside_hull": "", "outside_boundary_by_m": "0", "source_document": "Report.HW.932053.2017-04-19.2016 Annual OMM.pdf", "source_page": "36"}}, {"type": "Feature", "geometry": {"type": "Point", "coordinates": [-79.0334283, 43.1439446]}, "properties": {"site": "Stauffer-Chemical-Plant-PASNY-Site__932053", "site_id": "932053", "location_id": "BH29", "measured": "", "method": "similarity_from_hand_control_points", "figure_style": "untested", "fit_rms_m": "2.27", "loo_median_m": "1.08", "loo_max_m": "6.1", "n_control_points": "5", "outside_hull": "", "outside_boundary_by_m": "0", "source_document": "Report.HW.932053.2017-04-19.2016 Annual OMM.pdf", "source_page": "36"}}, {"type": "Feature", "geometry": {"type": "Point", "coordinates": [-79.0363544, 43.1439062]}, "properties": {"site": "Stauffer-Chemical-Plant-PASNY-Site__932053", "site_id": "932053", "location_id": "LR48", "measured": "", "method": "similarity_from_hand_control_points", "figure_style": "untested", "fit_rms_m": "2.27", "loo_median_m": "1.08", "loo_max_m": "6.1", "n_control_points": "5", "outside_hull": "", "outside_boundary_by_m": "13", "source_document": "Report.HW.932053.2017-04-19.2016 Annual OMM.pdf", "source_page": "36 | 39"}}, {"type": "Feature", "geometry": {"type": "Point", "coordinates": [-79.0339775, 43.143779]}, "properties": {"site": "Stauffer-Chemical-Plant-PASNY-Site__932053", "site_id": "932053", "location_id": "W18A", "measured": "", "method": "similarity_from_hand_control_points", "figure_style": "untested", "fit_rms_m": "2.27", "loo_median_m": "1.08", "loo_max_m": "6.1", "n_control_points": "5", "outside_hull": "", "outside_boundary_by_m": "0", "source_document": "Report.HW.932053.2017-04-19.2016 Annual OMM.pdf | Report.HW.932053.2019-04-22.Hydrogeologic Conceptual Site Model.pdf", "source_page": "36 | 53"}}, {"type": "Feature", "geometry": {"type": "Point", "coordinates": [-79.0359471, 43.1442551]}, "properties": {"site": "Stauffer-Chemical-Plant-PASNY-Site__932053", "site_id": "932053", "location_id": "EW2", "measured": "", "method": "similarity_from_hand_control_points", "figure_style": "untested", "fit_rms_m": "2.27", "loo_median_m": "1.08", "loo_max_m": "6.1", "n_control_points": "5", "outside_hull": "", "outside_boundary_by_m": "0", "source_document": "Report.HW.932053.2017-04-19.2016 Annual OMM.pdf", "source_page": "36"}}, {"type": "Feature", "geometry": {"type": "Point", "coordinates": [-79.035309, 43.1441873]}, "properties": {"site": "Stauffer-Chemical-Plant-PASNY-Site__932053", "site_id": "932053", "location_id": "LR2", "measured": "", "method": "similarity_from_hand_control_points", "figure_style": "untested", "fit_rms_m": "2.27", "loo_median_m": "1.08", "loo_max_m": "6.1", "n_control_points": "5", "outside_hull": "", "outside_boundary_by_m": "0", "source_document": "Report.HW.932053.2017-04-19.2016 Annual OMM.pdf", "source_page": "36 | 39"}}, {"type": "Feature", "geometry": {"type": "Point", "coordinates": [-79.0347807, 43.1450089]}, "properties": {"site": "Stauffer-Chemical-Plant-PASNY-Site__932053", "site_id": "932053", "location_id": "BH5", "measured": "", "method": "similarity_from_hand_control_points", "figure_style": "untested", "fit_rms_m": "2.27", "loo_median_m": "1.08", "loo_max_m": "6.1", "n_control_points": "5", "outside_hull": "", "outside_boundary_by_m": "0", "source_document": "Report.HW.932053.2017-04-19.2016 Annual OMM.pdf", "source_page": "36"}}, {"type": "Feature", "geometry": {"type": "Point", "coordinates": [-79.0341568, 43.1450086]}, "properties": {"site": "Stauffer-Chemical-Plant-PASNY-Site__932053", "site_id": "932053", "location_id": "BH9", "measured": "", "method": "similarity_from_hand_control_points", "figure_style": "untested", "fit_rms_m": "2.27", "loo_median_m": "1.08", "loo_max_m": "6.1", "n_control_points": "5", "outside_hull": "", "outside_boundary_by_m": "0", "source_document": "Report.HW.932053.2017-04-19.2016 Annual OMM.pdf", "source_page": "36"}}, {"type": "Feature", "geometry": {"type": "Point", "coordinates": [-79.0378036, 43.1447202]}, "properties": {"site": "Stauffer-Chemical-Plant-PASNY-Site__932053", "site_id": "932053", "location_id": "LR51", "measured": "", "method": "similarity_from_hand_control_points", "figure_style": "untested", "fit_rms_m": "2.27", "loo_median_m": "1.08", "loo_max_m": "6.1", "n_control_points": "5", "outside_hull": "", "outside_boundary_by_m": "41.3", "source_document": "Report.HW.932053.2017-04-19.2016 Annual OMM.pdf | Report.HW.932053.2019-04-22.Hydrogeologic Conceptual Site Model.pdf", "source_page": "36 | 53 | 39"}}, {"type": "Feature", "geometry": {"type": "Point", "coordinates": [-79.0342371, 43.1447429]}, "properties": {"site": "Stauffer-Chemical-Plant-PASNY-Site__932053", "site_id": "932053", "location_id": "BH8", "measured": "", "method": "similarity_from_hand_control_points", "figure_style": "untested", "fit_rms_m": "2.27", "loo_median_m": "1.08", "loo_max_m": "6.1", "n_control_points": "5", "outside_hull": "", "outside_boundary_by_m": "0", "source_document": "Report.HW.932053.2017-04-19.2016 Annual OMM.pdf", "source_page": "36"}}, {"type": "Feature", "geometry": {"type": "Point", "coordinates": [-79.0304902, 43.1447555]}, "properties": {"site": "Stauffer-Chemical-Plant-PASNY-Site__932053", "site_id": "932053", "location_id": "BH22", "measured": "", "method": "similarity_from_hand_control_points", "figure_style": "untested", "fit_rms_m": "2.27", "loo_median_m": "1.08", "loo_max_m": "6.1", "n_control_points": "5", "outside_hull": "", "outside_boundary_by_m": "0", "source_document": "Report.HW.932053.2017-04-19.2016 Annual OMM.pdf", "source_page": "36"}}, {"type": "Feature", "geometry": {"type": "Point", "coordinates": [-79.0295393, 43.1447399]}, "properties": {"site": "Stauffer-Chemical-Plant-PASNY-Site__932053", "site_id": "932053", "location_id": "4468", "measured": "", "method": "similarity_from_hand_control_points", "figure_style": "untested", "fit_rms_m": "2.27", "loo_median_m": "1.08", "loo_max_m": "6.1", "n_control_points": "5", "outside_hull": "", "outside_boundary_by_m": "75.3", "source_document": "Report.HW.932053.2017-04-19.2016 Annual OMM.pdf", "source_page": "36"}}, {"type": "Feature", "geometry": {"type": "Point", "coordinates": [-79.0356141, 43.1446995]}, "properties": {"site": "Stauffer-Chemical-Plant-PASNY-Site__932053", "site_id": "932053", "location_id": "BH2", "measured": "", "method": "similarity_from_hand_control_points", "figure_style": "untested", "fit_rms_m": "2.27", "loo_median_m": "1.08", "loo_max_m": "6.1", "n_control_points": "5", "outside_hull": "", "outside_boundary_by_m": "0", "source_document": "Report.HW.932053.2017-04-19.2016 Annual OMM.pdf", "source_page": "36"}}, {"type": "Feature", "geometry": {"type": "Point", "coordinates": [-79.031312, 43.1436956]}, "properties": {"site": "Stauffer-Chemical-Plant-PASNY-Site__932053", "site_id": "932053", "location_id": "W15A", "measured": "", "method": "similarity_from_hand_control_points", "figure_style": "untested", "fit_rms_m": "2.27", "loo_median_m": "1.08", "loo_max_m": "6.1", "n_control_points": "5", "outside_hull": "", "outside_boundary_by_m": "0", "source_document": "Report.HW.932053.2017-04-19.2016 Annual OMM.pdf | Report.HW.932053.2019-04-22.Hydrogeologic Conceptual Site Model.pdf", "source_page": "36 | 53"}}, {"type": "Feature", "geometry": {"type": "Point", "coordinates": [-79.0294511, 43.14367]}, "properties": {"site": "Stauffer-Chemical-Plant-PASNY-Site__932053", "site_id": "932053", "location_id": "W11", "measured": "", "method": "similarity_from_hand_control_points", "figure_style": "untested", "fit_rms_m": "2.27", "loo_median_m": "1.08", "loo_max_m": "6.1", "n_control_points": "5", "outside_hull": "", "outside_boundary_by_m": "37.8", "source_document": "Report.HW.932053.2017-04-19.2016 Annual OMM.pdf | Report.HW.932053.2019-04-22.Hydrogeologic Conceptual Site Model.pdf", "source_page": "36 | 53 | 39"}}, {"type": "Feature", "geometry": {"type": "Point", "coordinates": [-79.0354849, 43.1436723]}, "properties": {"site": "Stauffer-Chemical-Plant-PASNY-Site__932053", "site_id": "932053", "location_id": "W22A", "measured": "", "method": "similarity_from_hand_control_points", "figure_style": "untested", "fit_rms_m": "2.27", "loo_median_m": "1.08", "loo_max_m": "6.1", "n_control_points": "5", "outside_hull": "", "outside_boundary_by_m": "8.3", "source_document": "Report.HW.932053.2017-04-19.2016 Annual OMM.pdf | Report.HW.932053.2019-04-22.Hydrogeologic Conceptual Site Model.pdf", "source_page": "36 | 53 | 39"}}, {"type": "Feature", "geometry": {"type": "Point", "coordinates": [-79.0279246, 43.1437013]}, "properties": {"site": "Stauffer-Chemical-Plant-PASNY-Site__932053", "site_id": "932053", "location_id": "W8A", "measured": "", "method": "similarity_from_hand_control_points", "figure_style": "untested", "fit_rms_m": "2.27", "loo_median_m": "1.08", "loo_max_m": "6.1", "n_control_points": "5", "outside_hull": "", "outside_boundary_by_m": "50.9", "source_document": "Report.HW.932053.2017-04-19.2016 Annual OMM.pdf | Report.HW.932053.2019-04-22.Hydrogeologic Conceptual Site Model.pdf", "source_page": "36 | 53"}}, {"type": "Feature", "geometry": {"type": "Point", "coordinates": [-79.0343129, 43.1442093]}, "properties": {"site": "Stauffer-Chemical-Plant-PASNY-Site__932053", "site_id": "932053", "location_id": "W17", "measured": "", "method": "similarity_from_hand_control_points", "figure_style": "untested", "fit_rms_m": "2.27", "loo_median_m": "1.08", "loo_max_m": "6.1", "n_control_points": "5", "outside_hull": "", "outside_boundary_by_m": "0", "source_document": "Report.HW.932053.2017-04-19.2016 Annual OMM.pdf | Report.HW.932053.2019-04-22.Hydrogeologic Conceptual Site Model.pdf", "source_page": "36 | 53 | 39"}}, {"type": "Feature", "geometry": {"type": "Point", "coordinates": [-79.037852, 43.1447436]}, "properties": {"site": "Stauffer-Chemical-Plant-PASNY-Site__932053", "site_id": "932053", "location_id": "GPG51", "measured": "", "method": "similarity_from_hand_control_points", "figure_style": "untested", "fit_rms_m": "2.27", "loo_median_m": "1.08", "loo_max_m": "6.1", "n_control_points": "5", "outside_hull": "", "outside_boundary_by_m": "39.1", "source_document": "Report.HW.932053.2017-04-19.2016 Annual OMM.pdf | Report.HW.932053.2019-04-22.Hydrogeologic Conceptual Site Model.pdf", "source_page": "36 | 53"}}, {"type": "Feature", "geometry": {"type": "Point", "coordinates": [-79.0366475, 43.1445638]}, "properties": {"site": "Stauffer-Chemical-Plant-PASNY-Site__932053", "site_id": "932053", "location_id": "IR49", "measured": "", "method": "similarity_from_hand_control_points", "figure_style": "untested", "fit_rms_m": "2.27", "loo_median_m": "1.08", "loo_max_m": "6.1", "n_control_points": "5", "outside_hull": "", "outside_boundary_by_m": "0", "source_document": "Report.HW.932053.2017-04-19.2016 Annual OMM.pdf | Report.HW.932053.2019-04-22.Hydrogeologic Conceptual Site Model.pdf", "source_page": "36 | 53"}}, {"type": "Feature", "geometry": {"type": "Point", "coordinates": [-79.0365953, 43.1445022]}, "properties": {"site": "Stauffer-Chemical-Plant-PASNY-Site__932053", "site_id": "932053", "location_id": "OW6", "measured": "", "method": "similarity_from_hand_control_points", "figure_style": "untested", "fit_rms_m": "2.27", "loo_median_m": "1.08", "loo_max_m": "6.1", "n_control_points": "5", "outside_hull": "", "outside_boundary_by_m": "0", "source_document": "Report.HW.932053.2017-04-19.2016 Annual OMM.pdf | Report.HW.932053.2019-04-22.Hydrogeologic Conceptual Site Model.pdf", "source_page": "36 | 53"}}, {"type": "Feature", "geometry": {"type": "Point", "coordinates": [-79.0276913, 43.1445329]}, "properties": {"site": "Stauffer-Chemical-Plant-PASNY-Site__932053", "site_id": "932053", "location_id": "620", "measured": "", "method": "similarity_from_hand_control_points", "figure_style": "untested", "fit_rms_m": "2.27", "loo_median_m": "1.08", "loo_max_m": "6.1", "n_control_points": "5", "outside_hull": "", "outside_boundary_by_m": "0", "source_document": "Report.HW.932053.2017-04-19.2016 Annual OMM.pdf", "source_page": "36"}}, {"type": "Feature", "geometry": {"type": "Point", "coordinates": [-79.0369883, 43.1452839]}, "properties": {"site": "Stauffer-Chemical-Plant-PASNY-Site__932053", "site_id": "932053", "location_id": "LR50", "measured": "", "method": "similarity_from_hand_control_points", "figure_style": "untested", "fit_rms_m": "2.27", "loo_median_m": "1.08", "loo_max_m": "6.1", "n_control_points": "5", "outside_hull": "", "outside_boundary_by_m": "0", "source_document": "Report.HW.932053.2017-04-19.2016 Annual OMM.pdf", "source_page": "36 | 39"}}, {"type": "Feature", "geometry": {"type": "Point", "coordinates": [-79.035464, 43.1453034]}, "properties": {"site": "Stauffer-Chemical-Plant-PASNY-Site__932053", "site_id": "932053", "location_id": "BH4", "measured": "", "method": "similarity_from_hand_control_points", "figure_style": "untested", "fit_rms_m": "2.27", "loo_median_m": "1.08", "loo_max_m": "6.1", "n_control_points": "5", "outside_hull": "", "outside_boundary_by_m": "0", "source_document": "Report.HW.932053.2017-04-19.2016 Annual OMM.pdf", "source_page": "36"}}, {"type": "Feature", "geometry": {"type": "Point", "coordinates": [-79.0313854, 43.1452527]}, "properties": {"site": "Stauffer-Chemical-Plant-PASNY-Site__932053", "site_id": "932053", "location_id": "BH18", "measured": "", "method": "similarity_from_hand_control_points", "figure_style": "untested", "fit_rms_m": "2.27", "loo_median_m": "1.08", "loo_max_m": "6.1", "n_control_points": "5", "outside_hull": "", "outside_boundary_by_m": "0", "source_document": "Report.HW.932053.2017-04-19.2016 Annual OMM.pdf", "source_page": "36"}}, {"type": "Feature", "geometry": {"type": "Point", "coordinates": [-79.0360415, 43.1452576]}, "properties": {"site": "Stauffer-Chemical-Plant-PASNY-Site__932053", "site_id": "932053", "location_id": "W20", "measured": "", "method": "similarity_from_hand_control_points", "figure_style": "untested", "fit_rms_m": "2.27", "loo_median_m": "1.08", "loo_max_m": "6.1", "n_control_points": "5", "outside_hull": "", "outside_boundary_by_m": "0", "source_document": "Report.HW.932053.2017-04-19.2016 Annual OMM.pdf | Report.HW.932053.2019-04-22.Hydrogeologic Conceptual Site Model.pdf", "source_page": "36 | 53 | 39"}}, {"type": "Feature", "geometry": {"type": "Point", "coordinates": [-79.032576, 43.14526]}, "properties": {"site": "Stauffer-Chemical-Plant-PASNY-Site__932053", "site_id": "932053", "location_id": "BH14", "measured": "", "method": "similarity_from_hand_control_points", "figure_style": "untested", "fit_rms_m": "2.27", "loo_median_m": "1.08", "loo_max_m": "6.1", "n_control_points": "5", "outside_hull": "", "outside_boundary_by_m": "0", "source_document": "Report.HW.932053.2017-04-19.2016 Annual OMM.pdf", "source_page": "36"}}, {"type": "Feature", "geometry": {"type": "Point", "coordinates": [-79.0320282, 43.1452766]}, "properties": {"site": "Stauffer-Chemical-Plant-PASNY-Site__932053", "site_id": "932053", "location_id": "BH17", "measured": "", "method": "similarity_from_hand_control_points", "figure_style": "untested", "fit_rms_m": "2.27", "loo_median_m": "1.08", "loo_max_m": "6.1", "n_control_points": "5", "outside_hull": "", "outside_boundary_by_m": "0", "source_document": "Report.HW.932053.2017-04-19.2016 Annual OMM.pdf", "source_page": "36"}}, {"type": "Feature", "geometry": {"type": "Point", "coordinates": [-79.0341378, 43.1452821]}, "properties": {"site": "Stauffer-Chemical-Plant-PASNY-Site__932053", "site_id": "932053", "location_id": "BH10", "measured": "", "method": "similarity_from_hand_control_points", "figure_style": "untested", "fit_rms_m": "2.27", "loo_median_m": "1.08", "loo_max_m": "6.1", "n_control_points": "5", "outside_hull": "", "outside_boundary_by_m": "0", "source_document": "Report.HW.932053.2017-04-19.2016 Annual OMM.pdf", "source_page": "36"}}, {"type": "Feature", "geometry": {"type": "Point", "coordinates": [-79.0333532, 43.145277]}, "properties": {"site": "Stauffer-Chemical-Plant-PASNY-Site__932053", "site_id": "932053", "location_id": "BH11", "measured": "", "method": "similarity_from_hand_control_points", "figure_style": "untested", "fit_rms_m": "2.27", "loo_median_m": "1.08", "loo_max_m": "6.1", "n_control_points": "5", "outside_hull": "", "outside_boundary_by_m": "0", "source_document": "Report.HW.932053.2017-04-19.2016 Annual OMM.pdf", "source_page": "36"}}, {"type": "Feature", "geometry": {"type": "Point", "coordinates": [-79.0342247, 43.1451046]}, "properties": {"site": "Stauffer-Chemical-Plant-PASNY-Site__932053", "site_id": "932053", "location_id": "W16", "measured": "", "method": "similarity_from_hand_control_points", "figure_style": "untested", "fit_rms_m": "2.27", "loo_median_m": "1.08", "loo_max_m": "6.1", "n_control_points": "5", "outside_hull": "", "outside_boundary_by_m": "0", "source_document": "Report.HW.932053.2017-04-19.2016 Annual OMM.pdf | Report.HW.932053.2019-04-22.Hydrogeologic Conceptual Site Model.pdf", "source_page": "36 | 53 | 39"}}, {"type": "Feature", "geometry": {"type": "Point", "coordinates": [-79.0312212, 43.1451225]}, "properties": {"site": "Stauffer-Chemical-Plant-PASNY-Site__932053", "site_id": "932053", "location_id": "W13", "measured": "", "method": "similarity_from_hand_control_points", "figure_style": "untested", "fit_rms_m": "2.27", "loo_median_m": "1.08", "loo_max_m": "6.1", "n_control_points": "5", "outside_hull": "", "outside_boundary_by_m": "0", "source_document": "Report.HW.932053.2017-04-19.2016 Annual OMM.pdf | Report.HW.932053.2019-04-22.Hydrogeologic Conceptual Site Model.pdf", "source_page": "36 | 53"}}, {"type": "Feature", "geometry": {"type": "Point", "coordinates": [-79.0355618, 43.1450486]}, "properties": {"site": "Stauffer-Chemical-Plant-PASNY-Site__932053", "site_id": "932053", "location_id": "BH3", "measured": "", "method": "similarity_from_hand_control_points", "figure_style": "untested", "fit_rms_m": "2.27", "loo_median_m": "1.08", "loo_max_m": "6.1", "n_control_points": "5", "outside_hull": "", "outside_boundary_by_m": "0", "source_document": "Report.HW.932053.2017-04-19.2016 Annual OMM.pdf", "source_page": "36"}}, {"type": "Feature", "geometry": {"type": "Point", "coordinates": [-79.0334195, 43.1449632]}, "properties": {"site": "Stauffer-Chemical-Plant-PASNY-Site__932053", "site_id": "932053", "location_id": "BH12", "measured": "", "method": "similarity_from_hand_control_points", "figure_style": "untested", "fit_rms_m": "2.27", "loo_median_m": "1.08", "loo_max_m": "6.1", "n_control_points": "5", "outside_hull": "", "outside_boundary_by_m": "0", "source_document": "Report.HW.932053.2017-04-19.2016 Annual OMM.pdf", "source_page": "36"}}, {"type": "Feature", "geometry": {"type": "Point", "coordinates": [-79.0320397, 43.1449731]}, "properties": {"site": "Stauffer-Chemical-Plant-PASNY-Site__932053", "site_id": "932053", "location_id": "BH25", "measured": "", "method": "similarity_from_hand_control_points", "figure_style": "untested", "fit_rms_m": "2.27", "loo_median_m": "1.08", "loo_max_m": "6.1", "n_control_points": "5", "outside_hull": "", "outside_boundary_by_m": "0", "source_document": "Report.HW.932053.2017-04-19.2016 Annual OMM.pdf", "source_page": "36"}}, {"type": "Feature", "geometry": {"type": "Point", "coordinates": [-79.028333, 43.1449873]}, "properties": {"site": "Stauffer-Chemical-Plant-PASNY-Site__932053", "site_id": "932053", "location_id": "W3C", "measured": "", "method": "similarity_from_hand_control_points", "figure_style": "untested", "fit_rms_m": "2.27", "loo_median_m": "1.08", "loo_max_m": "6.1", "n_control_points": "5", "outside_hull": "", "outside_boundary_by_m": "49.1", "source_document": "Report.HW.932053.2017-04-19.2016 Annual OMM.pdf | Report.HW.932053.2019-04-22.Hydrogeologic Conceptual Site Model.pdf", "source_page": "36 | 53"}}, {"type": "Feature", "geometry": {"type": "Point", "coordinates": [-79.0378176, 43.144771]}, "properties": {"site": "Stauffer-Chemical-Plant-PASNY-Site__932053", "site_id": "932053", "location_id": "R51", "measured": "", "method": "similarity_from_hand_control_points", "figure_style": "untested", "fit_rms_m": "2.27", "loo_median_m": "1.08", "loo_max_m": "6.1", "n_control_points": "5", "outside_hull": "", "outside_boundary_by_m": "35.8", "source_document": "Report.HW.932053.2017-04-19.2016 Annual OMM.pdf | Report.HW.932053.2019-04-22.Hydrogeologic Conceptual Site Model.pdf", "source_page": "36 | 53 | 39"}}, {"type": "Feature", "geometry": {"type": "Point", "coordinates": [-79.0377522, 43.1447604]}, "properties": {"site": "Stauffer-Chemical-Plant-PASNY-Site__932053", "site_id": "932053", "location_id": "IR51", "measured": "", "method": "similarity_from_hand_control_points", "figure_style": "untested", "fit_rms_m": "2.27", "loo_median_m": "1.08", "loo_max_m": "6.1", "n_control_points": "5", "outside_hull": "", "outside_boundary_by_m": "36.6", "source_document": "Report.HW.932053.2017-04-19.2016 Annual OMM.pdf | Report.HW.932053.2019-04-22.Hydrogeologic Conceptual Site Model.pdf", "source_page": "36 | 53"}}, {"type": "Feature", "geometry": {"type": "Point", "coordinates": [-79.0333897, 43.1446408]}, "properties": {"site": "Stauffer-Chemical-Plant-PASNY-Site__932053", "site_id": "932053", "location_id": "BH13", "measured": "", "method": "similarity_from_hand_control_points", "figure_style": "untested", "fit_rms_m": "2.27", "loo_median_m": "1.08", "loo_max_m": "6.1", "n_control_points": "5", "outside_hull": "", "outside_boundary_by_m": "0", "source_document": "Report.HW.932053.2017-04-19.2016 Annual OMM.pdf", "source_page": "36"}}, {"type": "Feature", "geometry": {"type": "Point", "coordinates": [-79.0320362, 43.144656]}, "properties": {"site": "Stauffer-Chemical-Plant-PASNY-Site__932053", "site_id": "932053", "location_id": "BH20", "measured": "", "method": "similarity_from_hand_control_points", "figure_style": "untested", "fit_rms_m": "2.27", "loo_median_m": "1.08", "loo_max_m": "6.1", "n_control_points": "5", "outside_hull": "", "outside_boundary_by_m": "0", "source_document": "Report.HW.932053.2017-04-19.2016 Annual OMM.pdf", "source_page": "36"}}, {"type": "Feature", "geometry": {"type": "Point", "coordinates": [-79.0382228, 43.1445814]}, "properties": {"site": "Stauffer-Chemical-Plant-PASNY-Site__932053", "site_id": "932053", "location_id": "BO1", "measured": "", "method": "similarity_from_hand_control_points", "figure_style": "untested", "fit_rms_m": "2.27", "loo_median_m": "1.08", "loo_max_m": "6.1", "n_control_points": "5", "outside_hull": "", "outside_boundary_by_m": "59.4", "source_document": "Report.HW.932053.2017-04-19.2016 Annual OMM.pdf", "source_page": "36"}}, {"type": "Feature", "geometry": {"type": "Point", "coordinates": [-79.0365075, 43.1445825]}, "properties": {"site": "Stauffer-Chemical-Plant-PASNY-Site__932053", "site_id": "932053", "location_id": "LR49", "measured": "", "method": "similarity_from_hand_control_points", "figure_style": "untested", "fit_rms_m": "2.27", "loo_median_m": "1.08", "loo_max_m": "6.1", "n_control_points": "5", "outside_hull": "", "outside_boundary_by_m": "0", "source_document": "Report.HW.932053.2017-04-19.2016 Annual OMM.pdf", "source_page": "36 | 39"}}, {"type": "Feature", "geometry": {"type": "Point", "coordinates": [-79.036522, 43.144537]}, "properties": {"site": "Stauffer-Chemical-Plant-PASNY-Site__932053", "site_id": "932053", "location_id": "R49", "measured": "", "method": "similarity_from_hand_control_points", "figure_style": "untested", "fit_rms_m": "2.27", "loo_median_m": "1.08", "loo_max_m": "6.1", "n_control_points": "5", "outside_hull": "", "outside_boundary_by_m": "0", "source_document": "Report.HW.932053.2017-04-19.2016 Annual OMM.pdf | Report.HW.932053.2019-04-22.Hydrogeologic Conceptual Site Model.pdf", "source_page": "36 | 53"}}, {"type": "Feature", "geometry": {"type": "Point", "coordinates": [-79.0325055, 43.1446342]}, "properties": {"site": "Stauffer-Chemical-Plant-PASNY-Site__932053", "site_id": "932053", "location_id": "BH16", "measured": "", "method": "similarity_from_hand_control_points", "figure_style": "untested", "fit_rms_m": "2.27", "loo_median_m": "1.08", "loo_max_m": "6.1", "n_control_points": "5", "outside_hull": "", "outside_boundary_by_m": "0", "source_document": "Report.HW.932053.2017-04-19.2016 Annual OMM.pdf", "source_page": "36"}}, {"type": "Feature", "geometry": {"type": "Point", "coordinates": [-79.0365881, 43.1443078]}, "properties": {"site": "Stauffer-Chemical-Plant-PASNY-Site__932053", "site_id": "932053", "location_id": "IR3", "measured": "", "method": "similarity_from_hand_control_points", "figure_style": "untested", "fit_rms_m": "2.27", "loo_median_m": "1.08", "loo_max_m": "6.1", "n_control_points": "5", "outside_hull": "", "outside_boundary_by_m": "0", "source_document": "Report.HW.932053.2017-04-19.2016 Annual OMM.pdf", "source_page": "36"}}, {"type": "Feature", "geometry": {"type": "Point", "coordinates": [-79.0355518, 43.1441518]}, "properties": {"site": "Stauffer-Chemical-Plant-PASNY-Site__932053", "site_id": "932053", "location_id": "W23A", "measured": "", "method": "similarity_from_hand_control_points", "figure_style": "untested", "fit_rms_m": "2.27", "loo_median_m": "1.08", "loo_max_m": "6.1", "n_control_points": "5", "outside_hull": "", "outside_boundary_by_m": "0", "source_document": "Report.HW.932053.2017-04-19.2016 Annual OMM.pdf | Report.HW.932053.2019-04-22.Hydrogeologic Conceptual Site Model.pdf", "source_page": "36 | 53"}}, {"type": "Feature", "geometry": {"type": "Point", "coordinates": [-79.0309226, 43.1444676]}, "properties": {"site": "Stauffer-Chemical-Plant-PASNY-Site__932053", "site_id": "932053", "location_id": "W14", "measured": "", "method": "similarity_from_hand_control_points", "figure_style": "untested", "fit_rms_m": "2.27", "loo_median_m": "1.08", "loo_max_m": "6.1", "n_control_points": "5", "outside_hull": "", "outside_boundary_by_m": "0", "source_document": "Report.HW.932053.2017-04-19.2016 Annual OMM.pdf | Report.HW.932053.2019-04-22.Hydrogeologic Conceptual Site Model.pdf", "source_page": "36 | 53"}}, {"type": "Feature", "geometry": {"type": "Point", "coordinates": [-79.0325916, 43.144135]}, "properties": {"site": "Stauffer-Chemical-Plant-PASNY-Site__932053", "site_id": "932053", "location_id": "BH27", "measured": "", "method": "similarity_from_hand_control_points", "figure_style": "untested", "fit_rms_m": "2.27", "loo_median_m": "1.08", "loo_max_m": "6.1", "n_control_points": "5", "outside_hull": "", "outside_boundary_by_m": "0", "source_document": "Report.HW.932053.2017-04-19.2016 Annual OMM.pdf", "source_page": "36"}}, {"type": "Feature", "geometry": {"type": "Point", "coordinates": [-79.0320598, 43.1441307]}, "properties": {"site": "Stauffer-Chemical-Plant-PASNY-Site__932053", "site_id": "932053", "location_id": "BH26", "measured": "", "method": "similarity_from_hand_control_points", "figure_style": "untested", "fit_rms_m": "2.27", "loo_median_m": "1.08", "loo_max_m": "6.1", "n_control_points": "5", "outside_hull": "", "outside_boundary_by_m": "0", "source_document": "Report.HW.932053.2017-04-19.2016 Annual OMM.pdf", "source_page": "36"}}, {"type": "Feature", "geometry": {"type": "Point", "coordinates": [-79.0314531, 43.144093]}, "properties": {"site": "Stauffer-Chemical-Plant-PASNY-Site__932053", "site_id": "932053", "location_id": "BH24", "measured": "", "method": "similarity_from_hand_control_points", "figure_style": "untested", "fit_rms_m": "2.27", "loo_median_m": "1.08", "loo_max_m": "6.1", "n_control_points": "5", "outside_hull": "", "outside_boundary_by_m": "0", "source_document": "Report.HW.932053.2017-04-19.2016 Annual OMM.pdf", "source_page": "36"}}, {"type": "Feature", "geometry": {"type": "Point", "coordinates": [-79.0288352, 43.1440958]}, "properties": {"site": "Stauffer-Chemical-Plant-PASNY-Site__932053", "site_id": "932053", "location_id": "W12", "measured": "", "method": "similarity_from_hand_control_points", "figure_style": "untested", "fit_rms_m": "2.27", "loo_median_m": "1.08", "loo_max_m": "6.1", "n_control_points": "5", "outside_hull": "", "outside_boundary_by_m": "14.4", "source_document": "Report.HW.932053.2017-04-19.2016 Annual OMM.pdf | Report.HW.932053.2019-04-22.Hydrogeologic Conceptual Site Model.pdf", "source_page": "36 | 53"}}, {"type": "Feature", "geometry": {"type": "Point", "coordinates": [-79.0363187, 43.1439508]}, "properties": {"site": "Stauffer-Chemical-Plant-PASNY-Site__932053", "site_id": "932053", "location_id": "W48E", "measured": "", "method": "similarity_from_hand_control_points", "figure_style": "untested", "fit_rms_m": "2.27", "loo_median_m": "1.08", "loo_max_m": "6.1", "n_control_points": "5", "outside_hull": "", "outside_boundary_by_m": "7.5", "source_document": "Report.HW.932053.2017-04-19.2016 Annual OMM.pdf", "source_page": "36 | 39"}}, {"type": "Feature", "geometry": {"type": "Point", "coordinates": [-79.0312182, 43.1439858]}, "properties": {"site": "Stauffer-Chemical-Plant-PASNY-Site__932053", "site_id": "932053", "location_id": "BH19", "measured": "", "method": "similarity_from_hand_control_points", "figure_style": "untested", "fit_rms_m": "2.27", "loo_median_m": "1.08", "loo_max_m": "6.1", "n_control_points": "5", "outside_hull": "", "outside_boundary_by_m": "0", "source_document": "Report.HW.932053.2017-04-19.2016 Annual OMM.pdf", "source_page": "36"}}, {"type": "Feature", "geometry": {"type": "Point", "coordinates": [-79.0303166, 43.1439947]}, "properties": {"site": "Stauffer-Chemical-Plant-PASNY-Site__932053", "site_id": "932053", "location_id": "BH23", "measured": "", "method": "similarity_from_hand_control_points", "figure_style": "untested", "fit_rms_m": "2.27", "loo_median_m": "1.08", "loo_max_m": "6.1", "n_control_points": "5", "outside_hull": "", "outside_boundary_by_m": "10.5", "source_document": "Report.HW.932053.2017-04-19.2016 Annual OMM.pdf", "source_page": "36"}}, {"type": "Feature", "geometry": {"type": "Point", "coordinates": [-79.0322465, 43.1437711]}, "properties": {"site": "Stauffer-Chemical-Plant-PASNY-Site__932053", "site_id": "932053", "location_id": "BH28", "measured": "", "method": "similarity_from_hand_control_points", "figure_style": "untested", "fit_rms_m": "2.27", "loo_median_m": "1.08", "loo_max_m": "6.1", "n_control_points": "5", "outside_hull": "", "outside_boundary_by_m": "0", "source_document": "Report.HW.932053.2017-04-19.2016 Annual OMM.pdf", "source_page": "36"}}, {"type": "Feature", "geometry": {"type": "Point", "coordinates": [-79.0283325, 43.1434408]}, "properties": {"site": "Stauffer-Chemical-Plant-PASNY-Site__932053", "site_id": "932053", "location_id": "W9B", "measured": "", "method": "similarity_from_hand_control_points", "figure_style": "untested", "fit_rms_m": "2.27", "loo_median_m": "1.08", "loo_max_m": "6.1", "n_control_points": "5", "outside_hull": "", "outside_boundary_by_m": "44.1", "source_document": "Report.HW.932053.2017-04-19.2016 Annual OMM.pdf | Report.HW.932053.2019-04-22.Hydrogeologic Conceptual Site Model.pdf", "source_page": "36 | 53"}}, {"type": "Feature", "geometry": {"type": "Point", "coordinates": [-79.0344628, 43.1433701]}, "properties": {"site": "Stauffer-Chemical-Plant-PASNY-Site__932053", "site_id": "932053", "location_id": "W19B", "measured": "", "method": "similarity_from_hand_control_points", "figure_style": "untested", "fit_rms_m": "2.27", "loo_median_m": "1.08", "loo_max_m": "6.1", "n_control_points": "5", "outside_hull": "", "outside_boundary_by_m": "28.7", "source_document": "Report.HW.932053.2017-04-19.2016 Annual OMM.pdf | Report.HW.932053.2019-04-22.Hydrogeologic Conceptual Site Model.pdf", "source_page": "36 | 53 | 39"}}, {"type": "Feature", "geometry": {"type": "Point", "coordinates": [-79.0373303, 43.144981]}, "properties": {"site": "Stauffer-Chemical-Plant-PASNY-Site__932053", "site_id": "932053", "location_id": "BO2", "measured": "", "method": "similarity_from_hand_control_points", "figure_style": "untested", "fit_rms_m": "2.27", "loo_median_m": "1.08", "loo_max_m": "6.1", "n_control_points": "5", "outside_hull": "", "outside_boundary_by_m": "9.4", "source_document": "Report.HW.932053.2017-04-19.2016 Annual OMM.pdf", "source_page": "36"}}, {"type": "Feature", "geometry": {"type": "Point", "coordinates": [-79.0341524, 43.1449886]}, "properties": {"site": "Stauffer-Chemical-Plant-PASNY-Site__932053", "site_id": "932053", "location_id": "MW9", "measured": "", "method": "similarity_from_hand_control_points", "figure_style": "untested", "fit_rms_m": "2.27", "loo_median_m": "1.08", "loo_max_m": "6.1", "n_control_points": "5", "outside_hull": "", "outside_boundary_by_m": "0", "source_document": "Report.HW.932053.2017-04-19.2016 Annual OMM.pdf", "source_page": "36"}}, {"type": "Feature", "geometry": {"type": "Point", "coordinates": [-79.0386022, 43.1468712]}, "properties": {"site": "Stauffer-Chemical-Plant-PASNY-Site__932053", "site_id": "932053", "location_id": "OW10", "measured": "", "method": "similarity_from_hand_control_points", "figure_style": "untested", "fit_rms_m": "2.27", "loo_median_m": "1.08", "loo_max_m": "6.1", "n_control_points": "5", "outside_hull": "", "outside_boundary_by_m": "169.7", "source_document": "Report.HW.932053.2017-04-19.2016 Annual OMM.pdf | Report.HW.932053.2019-04-22.Hydrogeologic Conceptual Site Model.pdf", "source_page": "36 | 53"}}, {"type": "Feature", "geometry": {"type": "Point", "coordinates": [-79.0283818, 43.146128]}, "properties": {"site": "Stauffer-Chemical-Plant-PASNY-Site__932053", "site_id": "932053", "location_id": "100", "measured": "", "method": "similarity_from_hand_control_points", "figure_style": "untested", "fit_rms_m": "2.27", "loo_median_m": "1.08", "loo_max_m": "6.1", "n_control_points": "5", "outside_hull": "", "outside_boundary_by_m": "151.4", "source_document": "Report.HW.932053.2017-04-19.2016 Annual OMM.pdf", "source_page": "36"}}, {"type": "Feature", "geometry": {"type": "Point", "coordinates": [-79.0381964, 43.1459168]}, "properties": {"site": "Stauffer-Chemical-Plant-PASNY-Site__932053", "site_id": "932053", "location_id": "OW9", "measured": "", "method": "similarity_from_hand_control_points", "figure_style": "untested", "fit_rms_m": "2.27", "loo_median_m": "1.08", "loo_max_m": "6.1", "n_control_points": "5", "outside_hull": "", "outside_boundary_by_m": "62.8", "source_document": "Report.HW.932053.2017-04-19.2016 Annual OMM.pdf", "source_page": "36"}}, {"type": "Feature", "geometry": {"type": "Point", "coordinates": [-79.0380194, 43.1458348]}, "properties": {"site": "Stauffer-Chemical-Plant-PASNY-Site__932053", "site_id": "932053", "location_id": "OW11", "measured": "", "method": "similarity_from_hand_control_points", "figure_style": "untested", "fit_rms_m": "2.27", "loo_median_m": "1.08", "loo_max_m": "6.1", "n_control_points": "5", "outside_hull": "", "outside_boundary_by_m": "53.8", "source_document": "Report.HW.932053.2017-04-19.2016 Annual OMM.pdf | Report.HW.932053.2019-04-22.Hydrogeologic Conceptual Site Model.pdf", "source_page": "36 | 53"}}, {"type": "Feature", "geometry": {"type": "Point", "coordinates": [-79.0345382, 43.1448279]}, "properties": {"site": "Stauffer-Chemical-Plant-PASNY-Site__932053", "site_id": "932053", "location_id": "EW-5", "measured": "", "method": "measured_control_point", "figure_style": "untested", "fit_rms_m": "2.27", "loo_median_m": "1.08", "loo_max_m": "6.1", "n_control_points": "5", "outside_hull": "", "outside_boundary_by_m": "0", "source_document": "Report.HW.932053.2017-04-19.2016 Annual OMM.pdf", "source_page": "36"}}, {"type": "Feature", "geometry": {"type": "Point", "coordinates": [-79.0311993, 43.1451018]}, "properties": {"site": "Stauffer-Chemical-Plant-PASNY-Site__932053", "site_id": "932053", "location_id": "A-13", "measured": "", "method": "measured_control_point", "figure_style": "untested", "fit_rms_m": "2.27", "loo_median_m": "1.08", "loo_max_m": "6.1", "n_control_points": "5", "outside_hull": "", "outside_boundary_by_m": "0", "source_document": "Report.HW.932053.2017-04-19.2016 Annual OMM.pdf", "source_page": "36"}}, {"type": "Feature", "geometry": {"type": "Point", "coordinates": [-79.0361487, 43.1451527]}, "properties": {"site": "Stauffer-Chemical-Plant-PASNY-Site__932053", "site_id": "932053", "location_id": "OW-3", "measured": "", "method": "measured_control_point", "figure_style": "untested", "fit_rms_m": "2.27", "loo_median_m": "1.08", "loo_max_m": "6.1", "n_control_points": "5", "outside_hull": "", "outside_boundary_by_m": "0", "source_document": "Report.HW.932053.2017-04-19.2016 Annual OMM.pdf", "source_page": "36"}}, {"type": "Feature", "geometry": {"type": "Point", "coordinates": [-79.0338893, 43.144049]}, "properties": {"site": "Stauffer-Chemical-Plant-PASNY-Site__932053", "site_id": "932053", "location_id": "EW-3", "measured": "", "method": "measured_control_point", "figure_style": "untested", "fit_rms_m": "2.27", "loo_median_m": "1.08", "loo_max_m": "6.1", "n_control_points": "5", "outside_hull": "", "outside_boundary_by_m": "0", "source_document": "Report.HW.932053.2017-04-19.2016 Annual OMM.pdf", "source_page": "36"}}, {"type": "Feature", "geometry": {"type": "Point", "coordinates": [-79.0368523, 43.1449375]}, "properties": {"site": "Stauffer-Chemical-Plant-PASNY-Site__932053", "site_id": "932053", "location_id": "EW-1", "measured": "", "method": "measured_control_point", "figure_style": "untested", "fit_rms_m": "2.27", "loo_median_m": "1.08", "loo_max_m": "6.1", "n_control_points": "5", "outside_hull": "", "outside_boundary_by_m": "0", "source_document": "Report.HW.932053.2017-04-19.2016 Annual OMM.pdf", "source_page": "36"}}, {"type": "Feature", "geometry": {"type": "Point", "coordinates": [-79.0248599, 43.1463033]}, "properties": {"site": "Stauffer-Chemical-Plant-PASNY-Site__932053", "site_id": "932053", "location_id": "W2A", "measured": "", "method": "similarity_from_hand_control_points", "figure_style": "untested", "fit_rms_m": "2.64", "loo_median_m": "3.04", "loo_max_m": "5.52", "n_control_points": "7", "outside_hull": "", "outside_boundary_by_m": "444.7", "source_document": "Report.HW.932053.2019-04-22.Hydrogeologic Conceptual Site Model.pdf", "source_page": "53"}}, {"type": "Feature", "geometry": {"type": "Point", "coordinates": [-79.024797, 43.1461329]}, "properties": {"site": "Stauffer-Chemical-Plant-PASNY-Site__932053", "site_id": "932053", "location_id": "W2B", "measured": "", "method": "similarity_from_hand_control_points", "figure_style": "untested", "fit_rms_m": "2.64", "loo_median_m": "3.04", "loo_max_m": "5.52", "n_control_points": "7", "outside_hull": "", "outside_boundary_by_m": "445.8", "source_document": "Report.HW.932053.2019-04-22.Hydrogeologic Conceptual Site Model.pdf", "source_page": "53"}}, {"type": "Feature", "geometry": {"type": "Point", "coordinates": [-79.0253389, 43.1460818]}, "properties": {"site": "Stauffer-Chemical-Plant-PASNY-Site__932053", "site_id": "932053", "location_id": "W2C", "measured": "", "method": "similarity_from_hand_control_points", "figure_style": "untested", "fit_rms_m": "2.64", "loo_median_m": "3.04", "loo_max_m": "5.52", "n_control_points": "7", "outside_hull": "", "outside_boundary_by_m": "401.5", "source_document": "Report.HW.932053.2019-04-22.Hydrogeologic Conceptual Site Model.pdf", "source_page": "53"}}, {"type": "Feature", "geometry": {"type": "Point", "coordinates": [-79.0404497, 43.1457009]}, "properties": {"site": "Stauffer-Chemical-Plant-PASNY-Site__932053", "site_id": "932053", "location_id": "B03", "measured": "", "method": "similarity_from_hand_control_points", "figure_style": "untested", "fit_rms_m": "2.64", "loo_median_m": "3.04", "loo_max_m": "5.52", "n_control_points": "7", "outside_hull": "", "outside_boundary_by_m": "114", "source_document": "Report.HW.932053.2019-04-22.Hydrogeologic Conceptual Site Model.pdf", "source_page": "53"}}, {"type": "Feature", "geometry": {"type": "Point", "coordinates": [-79.0369401, 43.1456688]}, "properties": {"site": "Stauffer-Chemical-Plant-PASNY-Site__932053", "site_id": "932053", "location_id": "OW3", "measured": "", "method": "similarity_from_hand_control_points", "figure_style": "untested", "fit_rms_m": "2.64", "loo_median_m": "3.04", "loo_max_m": "5.52", "n_control_points": "7", "outside_hull": "", "outside_boundary_by_m": "22.3", "source_document": "Report.HW.932053.2019-04-22.Hydrogeologic Conceptual Site Model.pdf | Report.HW.932053.2017-04-19.2016 Annual OMM.pdf", "source_page": "53 | 39"}}, {"type": "Feature", "geometry": {"type": "Point", "coordinates": [-79.0380783, 43.1455771]}, "properties": {"site": "Stauffer-Chemical-Plant-PASNY-Site__932053", "site_id": "932053", "location_id": "R68", "measured": "", "method": "similarity_from_hand_control_points", "figure_style": "untested", "fit_rms_m": "2.64", "loo_median_m": "3.04", "loo_max_m": "5.52", "n_control_points": "7", "outside_hull": "", "outside_boundary_by_m": "10.4", "source_document": "Report.HW.932053.2019-04-22.Hydrogeologic Conceptual Site Model.pdf | Report.HW.932053.2017-04-19.2016 Annual OMM.pdf", "source_page": "53 | 39"}}, {"type": "Feature", "geometry": {"type": "Point", "coordinates": [-79.0354227, 43.1455451]}, "properties": {"site": "Stauffer-Chemical-Plant-PASNY-Site__932053", "site_id": "932053", "location_id": "DPA201", "measured": "", "method": "similarity_from_hand_control_points", "figure_style": "untested", "fit_rms_m": "2.64", "loo_median_m": "3.04", "loo_max_m": "5.52", "n_control_points": "7", "outside_hull": "", "outside_boundary_by_m": "10.8", "source_document": "Report.HW.932053.2019-04-22.Hydrogeologic Conceptual Site Model.pdf | Report.HW.932053.2017-04-19.2016 Annual OMM.pdf", "source_page": "53 | 39"}}, {"type": "Feature", "geometry": {"type": "Point", "coordinates": [-79.0340736, 43.1455758]}, "properties": {"site": "Stauffer-Chemical-Plant-PASNY-Site__932053", "site_id": "932053", "location_id": "LR16", "measured": "", "method": "similarity_from_hand_control_points", "figure_style": "untested", "fit_rms_m": "2.64", "loo_median_m": "3.04", "loo_max_m": "5.52", "n_control_points": "7", "outside_hull": "", "outside_boundary_by_m": "16.2", "source_document": "Report.HW.932053.2019-04-22.Hydrogeologic Conceptual Site Model.pdf | Report.HW.932053.2017-04-19.2016 Annual OMM.pdf", "source_page": "53 | 39"}}, {"type": "Feature", "geometry": {"type": "Point", "coordinates": [-79.0337873, 43.1447815]}, "properties": {"site": "Stauffer-Chemical-Plant-PASNY-Site__932053", "site_id": "932053", "location_id": "DPA202", "measured": "", "method": "similarity_from_hand_control_points", "figure_style": "untested", "fit_rms_m": "2.64", "loo_median_m": "3.04", "loo_max_m": "5.52", "n_control_points": "7", "outside_hull": "", "outside_boundary_by_m": "0", "source_document": "Report.HW.932053.2019-04-22.Hydrogeologic Conceptual Site Model.pdf | Report.HW.932053.2017-04-19.2016 Annual OMM.pdf", "source_page": "53 | 39"}}, {"type": "Feature", "geometry": {"type": "Point", "coordinates": [-79.0370293, 43.1448125]}, "properties": {"site": "Stauffer-Chemical-Plant-PASNY-Site__932053", "site_id": "932053", "location_id": "R60", "measured": "", "method": "similarity_from_hand_control_points", "figure_style": "untested", "fit_rms_m": "2.64", "loo_median_m": "3.04", "loo_max_m": "5.52", "n_control_points": "7", "outside_hull": "", "outside_boundary_by_m": "0", "source_document": "Report.HW.932053.2019-04-22.Hydrogeologic Conceptual Site Model.pdf", "source_page": "53"}}, {"type": "Feature", "geometry": {"type": "Point", "coordinates": [-79.0358944, 43.1448371]}, "properties": {"site": "Stauffer-Chemical-Plant-PASNY-Site__932053", "site_id": "932053", "location_id": "W66", "measured": "", "method": "similarity_from_hand_control_points", "figure_style": "untested", "fit_rms_m": "2.64", "loo_median_m": "3.04", "loo_max_m": "5.52", "n_control_points": "7", "outside_hull": "", "outside_boundary_by_m": "0", "source_document": "Report.HW.932053.2019-04-22.Hydrogeologic Conceptual Site Model.pdf | Report.HW.932053.2017-04-19.2016 Annual OMM.pdf", "source_page": "53 | 39"}}, {"type": "Feature", "geometry": {"type": "Point", "coordinates": [-79.0233156, 43.1449045]}, "properties": {"site": "Stauffer-Chemical-Plant-PASNY-Site__932053", "site_id": "932053", "location_id": "W34", "measured": "", "method": "similarity_from_hand_control_points", "figure_style": "untested", "fit_rms_m": "2.64", "loo_median_m": "3.04", "loo_max_m": "5.52", "n_control_points": "7", "outside_hull": "", "outside_boundary_by_m": "556", "source_document": "Report.HW.932053.2019-04-22.Hydrogeologic Conceptual Site Model.pdf", "source_page": "53"}}, {"type": "Feature", "geometry": {"type": "Point", "coordinates": [-79.038072, 43.1451729]}, "properties": {"site": "Stauffer-Chemical-Plant-PASNY-Site__932053", "site_id": "932053", "location_id": "B02", "measured": "", "method": "similarity_from_hand_control_points", "figure_style": "untested", "fit_rms_m": "2.64", "loo_median_m": "3.04", "loo_max_m": "5.52", "n_control_points": "7", "outside_hull": "", "outside_boundary_by_m": "18.9", "source_document": "Report.HW.932053.2019-04-22.Hydrogeologic Conceptual Site Model.pdf | Report.HW.932053.2017-04-19.2016 Annual OMM.pdf", "source_page": "53 | 39"}}, {"type": "Feature", "geometry": {"type": "Point", "coordinates": [-79.0324643, 43.1444948]}, "properties": {"site": "Stauffer-Chemical-Plant-PASNY-Site__932053", "site_id": "932053", "location_id": "LR67", "measured": "", "method": "similarity_from_hand_control_points", "figure_style": "untested", "fit_rms_m": "2.64", "loo_median_m": "3.04", "loo_max_m": "5.52", "n_control_points": "7", "outside_hull": "", "outside_boundary_by_m": "0", "source_document": "Report.HW.932053.2019-04-22.Hydrogeologic Conceptual Site Model.pdf | Report.HW.932053.2017-04-19.2016 Annual OMM.pdf", "source_page": "53 | 39"}}, {"type": "Feature", "geometry": {"type": "Point", "coordinates": [-79.0261491, 43.144563]}, "properties": {"site": "Stauffer-Chemical-Plant-PASNY-Site__932053", "site_id": "932053", "location_id": "W5C", "measured": "", "method": "similarity_from_hand_control_points", "figure_style": "untested", "fit_rms_m": "2.64", "loo_median_m": "3.04", "loo_max_m": "5.52", "n_control_points": "7", "outside_hull": "", "outside_boundary_by_m": "324.6", "source_document": "Report.HW.932053.2019-04-22.Hydrogeologic Conceptual Site Model.pdf", "source_page": "53"}}, {"type": "Feature", "geometry": {"type": "Point", "coordinates": [-79.0376625, 43.1452764]}, "properties": {"site": "Stauffer-Chemical-Plant-PASNY-Site__932053", "site_id": "932053", "location_id": "R50", "measured": "", "method": "similarity_from_hand_control_points", "figure_style": "untested", "fit_rms_m": "2.64", "loo_median_m": "3.04", "loo_max_m": "5.52", "n_control_points": "7", "outside_hull": "", "outside_boundary_by_m": "0", "source_document": "Report.HW.932053.2019-04-22.Hydrogeologic Conceptual Site Model.pdf", "source_page": "53"}}, {"type": "Feature", "geometry": {"type": "Point", "coordinates": [-79.0340501, 43.1452968]}, "properties": {"site": "Stauffer-Chemical-Plant-PASNY-Site__932053", "site_id": "932053", "location_id": "R16", "measured": "", "method": "similarity_from_hand_control_points", "figure_style": "untested", "fit_rms_m": "2.64", "loo_median_m": "3.04", "loo_max_m": "5.52", "n_control_points": "7", "outside_hull": "", "outside_boundary_by_m": "0", "source_document": "Report.HW.932053.2019-04-22.Hydrogeologic Conceptual Site Model.pdf | Report.HW.932053.2017-04-19.2016 Annual OMM.pdf", "source_page": "53 | 39"}}, {"type": "Feature", "geometry": {"type": "Point", "coordinates": [-79.0375469, 43.1446685]}, "properties": {"site": "Stauffer-Chemical-Plant-PASNY-Site__932053", "site_id": "932053", "location_id": "W60L", "measured": "", "method": "similarity_from_hand_control_points", "figure_style": "untested", "fit_rms_m": "2.64", "loo_median_m": "3.04", "loo_max_m": "5.52", "n_control_points": "7", "outside_hull": "", "outside_boundary_by_m": "9.6", "source_document": "Report.HW.932053.2019-04-22.Hydrogeologic Conceptual Site Model.pdf | Report.HW.932053.2017-04-19.2016 Annual OMM.pdf", "source_page": "53 | 39"}}, {"type": "Feature", "geometry": {"type": "Point", "coordinates": [-79.0371313, 43.1453435]}, "properties": {"site": "Stauffer-Chemical-Plant-PASNY-Site__932053", "site_id": "932053", "location_id": "W50L", "measured": "", "method": "similarity_from_hand_control_points", "figure_style": "untested", "fit_rms_m": "2.64", "loo_median_m": "3.04", "loo_max_m": "5.52", "n_control_points": "7", "outside_hull": "", "outside_boundary_by_m": "0", "source_document": "Report.HW.932053.2019-04-22.Hydrogeologic Conceptual Site Model.pdf", "source_page": "53"}}, {"type": "Feature", "geometry": {"type": "Point", "coordinates": [-79.036051, 43.1453852]}, "properties": {"site": "Stauffer-Chemical-Plant-PASNY-Site__932053", "site_id": "932053", "location_id": "LR20", "measured": "", "method": "similarity_from_hand_control_points", "figure_style": "untested", "fit_rms_m": "2.64", "loo_median_m": "3.04", "loo_max_m": "5.52", "n_control_points": "7", "outside_hull": "", "outside_boundary_by_m": "0", "source_document": "Report.HW.932053.2019-04-22.Hydrogeologic Conceptual Site Model.pdf | Report.HW.932053.2017-04-19.2016 Annual OMM.pdf", "source_page": "53 | 39"}}, {"type": "Feature", "geometry": {"type": "Point", "coordinates": [-79.0359859, 43.1450439]}, "properties": {"site": "Stauffer-Chemical-Plant-PASNY-Site__932053", "site_id": "932053", "location_id": "W66L", "measured": "", "method": "similarity_from_hand_control_points", "figure_style": "untested", "fit_rms_m": "2.64", "loo_median_m": "3.04", "loo_max_m": "5.52", "n_control_points": "7", "outside_hull": "", "outside_boundary_by_m": "0", "source_document": "Report.HW.932053.2019-04-22.Hydrogeologic Conceptual Site Model.pdf | Report.HW.932053.2017-04-19.2016 Annual OMM.pdf", "source_page": "53 | 39"}}, {"type": "Feature", "geometry": {"type": "Point", "coordinates": [-79.0342894, 43.1450481]}, "properties": {"site": "Stauffer-Chemical-Plant-PASNY-Site__932053", "site_id": "932053", "location_id": "OW7", "measured": "", "method": "similarity_from_hand_control_points", "figure_style": "untested", "fit_rms_m": "2.64", "loo_median_m": "3.04", "loo_max_m": "5.52", "n_control_points": "7", "outside_hull": "", "outside_boundary_by_m": "0", "source_document": "Report.HW.932053.2019-04-22.Hydrogeologic Conceptual Site Model.pdf", "source_page": "53"}}, {"type": "Feature", "geometry": {"type": "Point", "coordinates": [-79.0277828, 43.1451084]}, "properties": {"site": "Stauffer-Chemical-Plant-PASNY-Site__932053", "site_id": "932053", "location_id": "W3D", "measured": "", "method": "similarity_from_hand_control_points", "figure_style": "untested", "fit_rms_m": "2.64", "loo_median_m": "3.04", "loo_max_m": "5.52", "n_control_points": "7", "outside_hull": "", "outside_boundary_by_m": "194.1", "source_document": "Report.HW.932053.2019-04-22.Hydrogeologic Conceptual Site Model.pdf", "source_page": "53"}}, {"type": "Feature", "geometry": {"type": "Point", "coordinates": [-79.0359877, 43.1445527]}, "properties": {"site": "Stauffer-Chemical-Plant-PASNY-Site__932053", "site_id": "932053", "location_id": "W23B", "measured": "", "method": "similarity_from_hand_control_points", "figure_style": "untested", "fit_rms_m": "2.64", "loo_median_m": "3.04", "loo_max_m": "5.52", "n_control_points": "7", "outside_hull": "", "outside_boundary_by_m": "0", "source_document": "Report.HW.932053.2019-04-22.Hydrogeologic Conceptual Site Model.pdf | Report.HW.932053.2017-04-19.2016 Annual OMM.pdf", "source_page": "53 | 39"}}, {"type": "Feature", "geometry": {"type": "Point", "coordinates": [-79.032809, 43.1445656]}, "properties": {"site": "Stauffer-Chemical-Plant-PASNY-Site__932053", "site_id": "932053", "location_id": "R67", "measured": "", "method": "measured_control_point", "figure_style": "untested", "fit_rms_m": "2.64", "loo_median_m": "3.04", "loo_max_m": "5.52", "n_control_points": "7", "outside_hull": "", "outside_boundary_by_m": "0", "source_document": "Report.HW.932053.2019-04-22.Hydrogeologic Conceptual Site Model.pdf | Report.HW.932053.2017-04-19.2016 Annual OMM.pdf", "source_page": "53 | 39"}}, {"type": "Feature", "geometry": {"type": "Point", "coordinates": [-79.0231102, 43.1446195]}, "properties": {"site": "Stauffer-Chemical-Plant-PASNY-Site__932053", "site_id": "932053", "location_id": "D05", "measured": "", "method": "similarity_from_hand_control_points", "figure_style": "untested", "fit_rms_m": "2.64", "loo_median_m": "3.04", "loo_max_m": "5.52", "n_control_points": "7", "outside_hull": "", "outside_boundary_by_m": "571.5", "source_document": "Report.HW.932053.2019-04-22.Hydrogeologic Conceptual Site Model.pdf", "source_page": "53"}}, {"type": "Feature", "geometry": {"type": "Point", "coordinates": [-79.0338648, 43.1451151]}, "properties": {"site": "Stauffer-Chemical-Plant-PASNY-Site__932053", "site_id": "932053", "location_id": "W16L", "measured": "", "method": "similarity_from_hand_control_points", "figure_style": "untested", "fit_rms_m": "2.64", "loo_median_m": "3.04", "loo_max_m": "5.52", "n_control_points": "7", "outside_hull": "", "outside_boundary_by_m": "0", "source_document": "Report.HW.932053.2019-04-22.Hydrogeologic Conceptual Site Model.pdf | Report.HW.932053.2017-04-19.2016 Annual OMM.pdf", "source_page": "53 | 39"}}, {"type": "Feature", "geometry": {"type": "Point", "coordinates": [-79.033057, 43.1447332]}, "properties": {"site": "Stauffer-Chemical-Plant-PASNY-Site__932053", "site_id": "932053", "location_id": "W67L", "measured": "", "method": "similarity_from_hand_control_points", "figure_style": "untested", "fit_rms_m": "2.64", "loo_median_m": "3.04", "loo_max_m": "5.52", "n_control_points": "7", "outside_hull": "", "outside_boundary_by_m": "0", "source_document": "Report.HW.932053.2019-04-22.Hydrogeologic Conceptual Site Model.pdf | Report.HW.932053.2017-04-19.2016 Annual OMM.pdf", "source_page": "53 | 39"}}, {"type": "Feature", "geometry": {"type": "Point", "coordinates": [-79.0324997, 43.1447249]}, "properties": {"site": "Stauffer-Chemical-Plant-PASNY-Site__932053", "site_id": "932053", "location_id": "W67", "measured": "", "method": "similarity_from_hand_control_points", "figure_style": "untested", "fit_rms_m": "2.64", "loo_median_m": "3.04", "loo_max_m": "5.52", "n_control_points": "7", "outside_hull": "", "outside_boundary_by_m": "0", "source_document": "Report.HW.932053.2019-04-22.Hydrogeologic Conceptual Site Model.pdf | Report.HW.932053.2017-04-19.2016 Annual OMM.pdf", "source_page": "53 | 39"}}, {"type": "Feature", "geometry": {"type": "Point", "coordinates": [-79.0364233, 43.1451538]}, "properties": {"site": "Stauffer-Chemical-Plant-PASNY-Site__932053", "site_id": "932053", "location_id": "OW4", "measured": "", "method": "similarity_from_hand_control_points", "figure_style": "untested", "fit_rms_m": "2.64", "loo_median_m": "3.04", "loo_max_m": "5.52", "n_control_points": "7", "outside_hull": "", "outside_boundary_by_m": "0", "source_document": "Report.HW.932053.2019-04-22.Hydrogeologic Conceptual Site Model.pdf", "source_page": "53"}}, {"type": "Feature", "geometry": {"type": "Point", "coordinates": [-79.0239232, 43.1452588]}, "properties": {"site": "Stauffer-Chemical-Plant-PASNY-Site__932053", "site_id": "932053", "location_id": "W29B", "measured": "", "method": "similarity_from_hand_control_points", "figure_style": "untested", "fit_rms_m": "2.64", "loo_median_m": "3.04", "loo_max_m": "5.52", "n_control_points": "7", "outside_hull": "", "outside_boundary_by_m": "508", "source_document": "Report.HW.932053.2019-04-22.Hydrogeologic Conceptual Site Model.pdf", "source_page": "53"}}, {"type": "Feature", "geometry": {"type": "Point", "coordinates": [-79.0231686, 43.145264]}, "properties": {"site": "Stauffer-Chemical-Plant-PASNY-Site__932053", "site_id": "932053", "location_id": "W29A", "measured": "", "method": "similarity_from_hand_control_points", "figure_style": "untested", "fit_rms_m": "2.64", "loo_median_m": "3.04", "loo_max_m": "5.52", "n_control_points": "7", "outside_hull": "", "outside_boundary_by_m": "569.3", "source_document": "Report.HW.932053.2019-04-22.Hydrogeologic Conceptual Site Model.pdf", "source_page": "53"}}, {"type": "Feature", "geometry": {"type": "Point", "coordinates": [-79.0284031, 43.1449806]}, "properties": {"site": "Stauffer-Chemical-Plant-PASNY-Site__932053", "site_id": "932053", "location_id": "W3A", "measured": "", "method": "similarity_from_hand_control_points", "figure_style": "untested", "fit_rms_m": "2.64", "loo_median_m": "3.04", "loo_max_m": "5.52", "n_control_points": "7", "outside_hull": "", "outside_boundary_by_m": "143.3", "source_document": "Report.HW.932053.2019-04-22.Hydrogeologic Conceptual Site Model.pdf", "source_page": "53"}}, {"type": "Feature", "geometry": {"type": "Point", "coordinates": [-79.034475, 43.144368]}, "properties": {"site": "Stauffer-Chemical-Plant-PASNY-Site__932053", "site_id": "932053", "location_id": "EW6", "measured": "", "method": "similarity_from_hand_control_points", "figure_style": "untested", "fit_rms_m": "2.64", "loo_median_m": "3.04", "loo_max_m": "5.52", "n_control_points": "7", "outside_hull": "", "outside_boundary_by_m": "0", "source_document": "Report.HW.932053.2019-04-22.Hydrogeologic Conceptual Site Model.pdf | Report.HW.932053.2017-04-19.2016 Annual OMM.pdf", "source_page": "53 | 39"}}, {"type": "Feature", "geometry": {"type": "Point", "coordinates": [-79.026673, 43.144419]}, "properties": {"site": "Stauffer-Chemical-Plant-PASNY-Site__932053", "site_id": "932053", "location_id": "W5A", "measured": "", "method": "similarity_from_hand_control_points", "figure_style": "untested", "fit_rms_m": "2.64", "loo_median_m": "3.04", "loo_max_m": "5.52", "n_control_points": "7", "outside_hull": "", "outside_boundary_by_m": "281.6", "source_document": "Report.HW.932053.2019-04-22.Hydrogeologic Conceptual Site Model.pdf", "source_page": "53"}}, {"type": "Feature", "geometry": {"type": "Point", "coordinates": [-79.0260375, 43.1444188]}, "properties": {"site": "Stauffer-Chemical-Plant-PASNY-Site__932053", "site_id": "932053", "location_id": "W5B", "measured": "", "method": "similarity_from_hand_control_points", "figure_style": "untested", "fit_rms_m": "2.64", "loo_median_m": "3.04", "loo_max_m": "5.52", "n_control_points": "7", "outside_hull": "", "outside_boundary_by_m": "333.2", "source_document": "Report.HW.932053.2019-04-22.Hydrogeologic Conceptual Site Model.pdf", "source_page": "53"}}, {"type": "Feature", "geometry": {"type": "Point", "coordinates": [-79.0374813, 43.1440436]}, "properties": {"site": "Stauffer-Chemical-Plant-PASNY-Site__932053", "site_id": "932053", "location_id": "W65", "measured": "", "method": "similarity_from_hand_control_points", "figure_style": "untested", "fit_rms_m": "2.64", "loo_median_m": "3.04", "loo_max_m": "5.52", "n_control_points": "7", "outside_hull": "", "outside_boundary_by_m": "8.8", "source_document": "Report.HW.932053.2019-04-22.Hydrogeologic Conceptual Site Model.pdf", "source_page": "53"}}, {"type": "Feature", "geometry": {"type": "Point", "coordinates": [-79.0349257, 43.1440643]}, "properties": {"site": "Stauffer-Chemical-Plant-PASNY-Site__932053", "site_id": "932053", "location_id": "LR61", "measured": "", "method": "similarity_from_hand_control_points", "figure_style": "untested", "fit_rms_m": "2.64", "loo_median_m": "3.04", "loo_max_m": "5.52", "n_control_points": "7", "outside_hull": "", "outside_boundary_by_m": "0", "source_document": "Report.HW.932053.2019-04-22.Hydrogeologic Conceptual Site Model.pdf", "source_page": "53"}}, {"type": "Feature", "geometry": {"type": "Point", "coordinates": [-79.0368881, 43.1443268]}, "properties": {"site": "Stauffer-Chemical-Plant-PASNY-Site__932053", "site_id": "932053", "location_id": "LR69", "measured": "", "method": "similarity_from_hand_control_points", "figure_style": "untested", "fit_rms_m": "2.64", "loo_median_m": "3.04", "loo_max_m": "5.52", "n_control_points": "7", "outside_hull": "", "outside_boundary_by_m": "0", "source_document": "Report.HW.932053.2019-04-22.Hydrogeologic Conceptual Site Model.pdf | Report.HW.932053.2017-04-19.2016 Annual OMM.pdf", "source_page": "53 | 39"}}, {"type": "Feature", "geometry": {"type": "Point", "coordinates": [-79.0354382, 43.1443277]}, "properties": {"site": "Stauffer-Chemical-Plant-PASNY-Site__932053", "site_id": "932053", "location_id": "WQ2", "measured": "", "method": "similarity_from_hand_control_points", "figure_style": "untested", "fit_rms_m": "2.64", "loo_median_m": "3.04", "loo_max_m": "5.52", "n_control_points": "7", "outside_hull": "", "outside_boundary_by_m": "0", "source_document": "Report.HW.932053.2019-04-22.Hydrogeologic Conceptual Site Model.pdf", "source_page": "53"}}, {"type": "Feature", "geometry": {"type": "Point", "coordinates": [-79.031325, 43.144341]}, "properties": {"site": "Stauffer-Chemical-Plant-PASNY-Site__932053", "site_id": "932053", "location_id": "OW2", "measured": "", "method": "similarity_from_hand_control_points", "figure_style": "untested", "fit_rms_m": "2.64", "loo_median_m": "3.04", "loo_max_m": "5.52", "n_control_points": "7", "outside_hull": "", "outside_boundary_by_m": "0", "source_document": "Report.HW.932053.2019-04-22.Hydrogeologic Conceptual Site Model.pdf", "source_page": "53"}}, {"type": "Feature", "geometry": {"type": "Point", "coordinates": [-79.0273501, 43.1439948]}, "properties": {"site": "Stauffer-Chemical-Plant-PASNY-Site__932053", "site_id": "932053", "location_id": "W7C", "measured": "", "method": "similarity_from_hand_control_points", "figure_style": "untested", "fit_rms_m": "2.64", "loo_median_m": "3.04", "loo_max_m": "5.52", "n_control_points": "7", "outside_hull": "", "outside_boundary_by_m": "225", "source_document": "Report.HW.932053.2019-04-22.Hydrogeologic Conceptual Site Model.pdf", "source_page": "53"}}, {"type": "Feature", "geometry": {"type": "Point", "coordinates": [-79.0344699, 43.143976]}, "properties": {"site": "Stauffer-Chemical-Plant-PASNY-Site__932053", "site_id": "932053", "location_id": "R61", "measured": "", "method": "similarity_from_hand_control_points", "figure_style": "untested", "fit_rms_m": "2.64", "loo_median_m": "3.04", "loo_max_m": "5.52", "n_control_points": "7", "outside_hull": "", "outside_boundary_by_m": "0", "source_document": "Report.HW.932053.2019-04-22.Hydrogeologic Conceptual Site Model.pdf", "source_page": "53"}}, {"type": "Feature", "geometry": {"type": "Point", "coordinates": [-79.0354443, 43.1437504]}, "properties": {"site": "Stauffer-Chemical-Plant-PASNY-Site__932053", "site_id": "932053", "location_id": "W70L", "measured": "", "method": "similarity_from_hand_control_points", "figure_style": "untested", "fit_rms_m": "2.64", "loo_median_m": "3.04", "loo_max_m": "5.52", "n_control_points": "7", "outside_hull": "", "outside_boundary_by_m": "0", "source_document": "Report.HW.932053.2019-04-22.Hydrogeologic Conceptual Site Model.pdf | Report.HW.932053.2017-04-19.2016 Annual OMM.pdf", "source_page": "53 | 39"}}, {"type": "Feature", "geometry": {"type": "Point", "coordinates": [-79.027585, 43.1438086]}, "properties": {"site": "Stauffer-Chemical-Plant-PASNY-Site__932053", "site_id": "932053", "location_id": "W7A", "measured": "", "method": "similarity_from_hand_control_points", "figure_style": "untested", "fit_rms_m": "2.64", "loo_median_m": "3.04", "loo_max_m": "5.52", "n_control_points": "7", "outside_hull": "", "outside_boundary_by_m": "205.2", "source_document": "Report.HW.932053.2019-04-22.Hydrogeologic Conceptual Site Model.pdf", "source_page": "53"}}, {"type": "Feature", "geometry": {"type": "Point", "coordinates": [-79.0354408, 43.1438853]}, "properties": {"site": "Stauffer-Chemical-Plant-PASNY-Site__932053", "site_id": "932053", "location_id": "T4", "measured": "", "method": "similarity_from_hand_control_points", "figure_style": "untested", "fit_rms_m": "2.64", "loo_median_m": "3.04", "loo_max_m": "5.52", "n_control_points": "7", "outside_hull": "", "outside_boundary_by_m": "0", "source_document": "Report.HW.932053.2019-04-22.Hydrogeologic Conceptual Site Model.pdf | Report.HW.932053.2017-04-19.2016 Annual OMM.pdf", "source_page": "53 | 39"}}, {"type": "Feature", "geometry": {"type": "Point", "coordinates": [-79.033281, 43.1437096]}, "properties": {"site": "Stauffer-Chemical-Plant-PASNY-Site__932053", "site_id": "932053", "location_id": "R62", "measured": "", "method": "similarity_from_hand_control_points", "figure_style": "untested", "fit_rms_m": "2.64", "loo_median_m": "3.04", "loo_max_m": "5.52", "n_control_points": "7", "outside_hull": "", "outside_boundary_by_m": "0", "source_document": "Report.HW.932053.2019-04-22.Hydrogeologic Conceptual Site Model.pdf", "source_page": "53"}}, {"type": "Feature", "geometry": {"type": "Point", "coordinates": [-79.0336467, 43.144424]}, "properties": {"site": "Stauffer-Chemical-Plant-PASNY-Site__932053", "site_id": "932053", "location_id": "DPA203", "measured": "", "method": "similarity_from_hand_control_points", "figure_style": "untested", "fit_rms_m": "2.64", "loo_median_m": "3.04", "loo_max_m": "5.52", "n_control_points": "7", "outside_hull": "", "outside_boundary_by_m": "0", "source_document": "Report.HW.932053.2019-04-22.Hydrogeologic Conceptual Site Model.pdf | Report.HW.932053.2017-04-19.2016 Annual OMM.pdf", "source_page": "53 | 39"}}, {"type": "Feature", "geometry": {"type": "Point", "coordinates": [-79.0338547, 43.1437941]}, "properties": {"site": "Stauffer-Chemical-Plant-PASNY-Site__932053", "site_id": "932053", "location_id": "W18R", "measured": "", "method": "similarity_from_hand_control_points", "figure_style": "untested", "fit_rms_m": "2.64", "loo_median_m": "3.04", "loo_max_m": "5.52", "n_control_points": "7", "outside_hull": "", "outside_boundary_by_m": "0", "source_document": "Report.HW.932053.2019-04-22.Hydrogeologic Conceptual Site Model.pdf | Report.HW.932053.2017-04-19.2016 Annual OMM.pdf", "source_page": "53 | 39"}}, {"type": "Feature", "geometry": {"type": "Point", "coordinates": [-79.0268998, 43.143853]}, "properties": {"site": "Stauffer-Chemical-Plant-PASNY-Site__932053", "site_id": "932053", "location_id": "W7B", "measured": "", "method": "similarity_from_hand_control_points", "figure_style": "untested", "fit_rms_m": "2.64", "loo_median_m": "3.04", "loo_max_m": "5.52", "n_control_points": "7", "outside_hull": "", "outside_boundary_by_m": "261", "source_document": "Report.HW.932053.2019-04-22.Hydrogeologic Conceptual Site Model.pdf", "source_page": "53"}}, {"type": "Feature", "geometry": {"type": "Point", "coordinates": [-79.0265768, 43.1441573]}, "properties": {"site": "Stauffer-Chemical-Plant-PASNY-Site__932053", "site_id": "932053", "location_id": "W6", "measured": "", "method": "similarity_from_hand_control_points", "figure_style": "untested", "fit_rms_m": "2.64", "loo_median_m": "3.04", "loo_max_m": "5.52", "n_control_points": "7", "outside_hull": "", "outside_boundary_by_m": "288.4", "source_document": "Report.HW.932053.2019-04-22.Hydrogeologic Conceptual Site Model.pdf", "source_page": "53"}}, {"type": "Feature", "geometry": {"type": "Point", "coordinates": [-79.0235804, 43.1443642]}, "properties": {"site": "Stauffer-Chemical-Plant-PASNY-Site__932053", "site_id": "932053", "location_id": "D07", "measured": "", "method": "similarity_from_hand_control_points", "figure_style": "untested", "fit_rms_m": "2.64", "loo_median_m": "3.04", "loo_max_m": "5.52", "n_control_points": "7", "outside_hull": "", "outside_boundary_by_m": "532.4", "source_document": "Report.HW.932053.2019-04-22.Hydrogeologic Conceptual Site Model.pdf", "source_page": "53"}}, {"type": "Feature", "geometry": {"type": "Point", "coordinates": [-79.0363478, 43.1435511]}, "properties": {"site": "Stauffer-Chemical-Plant-PASNY-Site__932053", "site_id": "932053", "location_id": "W23C", "measured": "", "method": "similarity_from_hand_control_points", "figure_style": "untested", "fit_rms_m": "2.64", "loo_median_m": "3.04", "loo_max_m": "5.52", "n_control_points": "7", "outside_hull": "", "outside_boundary_by_m": "20.3", "source_document": "Report.HW.932053.2019-04-22.Hydrogeologic Conceptual Site Model.pdf | Report.HW.932053.2017-04-19.2016 Annual OMM.pdf", "source_page": "53 | 39"}}, {"type": "Feature", "geometry": {"type": "Point", "coordinates": [-79.0338134, 43.1435732]}, "properties": {"site": "Stauffer-Chemical-Plant-PASNY-Site__932053", "site_id": "932053", "location_id": "W18L", "measured": "", "method": "similarity_from_hand_control_points", "figure_style": "untested", "fit_rms_m": "2.64", "loo_median_m": "3.04", "loo_max_m": "5.52", "n_control_points": "7", "outside_hull": "", "outside_boundary_by_m": "10", "source_document": "Report.HW.932053.2019-04-22.Hydrogeologic Conceptual Site Model.pdf | Report.HW.932053.2017-04-19.2016 Annual OMM.pdf", "source_page": "53 | 39"}}, {"type": "Feature", "geometry": {"type": "Point", "coordinates": [-79.0326571, 43.1435675]}, "properties": {"site": "Stauffer-Chemical-Plant-PASNY-Site__932053", "site_id": "932053", "location_id": "LR62", "measured": "", "method": "similarity_from_hand_control_points", "figure_style": "untested", "fit_rms_m": "2.64", "loo_median_m": "3.04", "loo_max_m": "5.52", "n_control_points": "7", "outside_hull": "", "outside_boundary_by_m": "11", "source_document": "Report.HW.932053.2019-04-22.Hydrogeologic Conceptual Site Model.pdf", "source_page": "53"}}, {"type": "Feature", "geometry": {"type": "Point", "coordinates": [-79.031819, 43.1435184]}, "properties": {"site": "Stauffer-Chemical-Plant-PASNY-Site__932053", "site_id": "932053", "location_id": "W15C", "measured": "", "method": "similarity_from_hand_control_points", "figure_style": "untested", "fit_rms_m": "2.64", "loo_median_m": "3.04", "loo_max_m": "5.52", "n_control_points": "7", "outside_hull": "", "outside_boundary_by_m": "16.7", "source_document": "Report.HW.932053.2019-04-22.Hydrogeologic Conceptual Site Model.pdf", "source_page": "53"}}, {"type": "Feature", "geometry": {"type": "Point", "coordinates": [-79.0310299, 43.1435254]}, "properties": {"site": "Stauffer-Chemical-Plant-PASNY-Site__932053", "site_id": "932053", "location_id": "W15B", "measured": "", "method": "similarity_from_hand_control_points", "figure_style": "untested", "fit_rms_m": "2.64", "loo_median_m": "3.04", "loo_max_m": "5.52", "n_control_points": "7", "outside_hull": "", "outside_boundary_by_m": "16.2", "source_document": "Report.HW.932053.2019-04-22.Hydrogeologic Conceptual Site Model.pdf", "source_page": "53"}}, {"type": "Feature", "geometry": {"type": "Point", "coordinates": [-79.0351344, 43.1433276]}, "properties": {"site": "Stauffer-Chemical-Plant-PASNY-Site__932053", "site_id": "932053", "location_id": "W19D", "measured": "", "method": "similarity_from_hand_control_points", "figure_style": "untested", "fit_rms_m": "2.64", "loo_median_m": "3.04", "loo_max_m": "5.52", "n_control_points": "7", "outside_hull": "", "outside_boundary_by_m": "36.9", "source_document": "Report.HW.932053.2019-04-22.Hydrogeologic Conceptual Site Model.pdf | Report.HW.932053.2017-04-19.2016 Annual OMM.pdf", "source_page": "53 | 39"}}, {"type": "Feature", "geometry": {"type": "Point", "coordinates": [-79.0277663, 43.1432018]}, "properties": {"site": "Stauffer-Chemical-Plant-PASNY-Site__932053", "site_id": "932053", "location_id": "W9C", "measured": "", "method": "similarity_from_hand_control_points", "figure_style": "untested", "fit_rms_m": "2.64", "loo_median_m": "3.04", "loo_max_m": "5.52", "n_control_points": "7", "outside_hull": "", "outside_boundary_by_m": "197.2", "source_document": "Report.HW.932053.2019-04-22.Hydrogeologic Conceptual Site Model.pdf", "source_page": "53"}}, {"type": "Feature", "geometry": {"type": "Point", "coordinates": [-79.0349316, 43.143085]}, "properties": {"site": "Stauffer-Chemical-Plant-PASNY-Site__932053", "site_id": "932053", "location_id": "W19A", "measured": "", "method": "similarity_from_hand_control_points", "figure_style": "untested", "fit_rms_m": "2.64", "loo_median_m": "3.04", "loo_max_m": "5.52", "n_control_points": "7", "outside_hull": "", "outside_boundary_by_m": "64", "source_document": "Report.HW.932053.2019-04-22.Hydrogeologic Conceptual Site Model.pdf | Report.HW.932053.2017-04-19.2016 Annual OMM.pdf", "source_page": "53 | 39"}}, {"type": "Feature", "geometry": {"type": "Point", "coordinates": [-79.0341966, 43.143058]}, "properties": {"site": "Stauffer-Chemical-Plant-PASNY-Site__932053", "site_id": "932053", "location_id": "NX3", "measured": "", "method": "similarity_from_hand_control_points", "figure_style": "untested", "fit_rms_m": "2.64", "loo_median_m": "3.04", "loo_max_m": "5.52", "n_control_points": "7", "outside_hull": "", "outside_boundary_by_m": "67.2", "source_document": "Report.HW.932053.2019-04-22.Hydrogeologic Conceptual Site Model.pdf", "source_page": "53"}}, {"type": "Feature", "geometry": {"type": "Point", "coordinates": [-79.0311953, 43.1451097]}, "properties": {"site": "Stauffer-Chemical-Plant-PASNY-Site__932053", "site_id": "932053", "location_id": "MW-13", "measured": "", "method": "measured_control_point", "figure_style": "untested", "fit_rms_m": "2.64", "loo_median_m": "3.04", "loo_max_m": "5.52", "n_control_points": "7", "outside_hull": "", "outside_boundary_by_m": "0", "source_document": "Report.HW.932053.2019-04-22.Hydrogeologic Conceptual Site Model.pdf", "source_page": "53"}}, {"type": "Feature", "geometry": {"type": "Point", "coordinates": [-79.0293197, 43.143544]}, "properties": {"site": "Stauffer-Chemical-Plant-PASNY-Site__932053", "site_id": "932053", "location_id": "MW-11", "measured": "", "method": "measured_control_point", "figure_style": "untested", "fit_rms_m": "2.64", "loo_median_m": "3.04", "loo_max_m": "5.52", "n_control_points": "7", "outside_hull": "", "outside_boundary_by_m": "66", "source_document": "Report.HW.932053.2019-04-22.Hydrogeologic Conceptual Site Model.pdf", "source_page": "53"}}, {"type": "Feature", "geometry": {"type": "Point", "coordinates": [-79.0361691, 43.1442368]}, "properties": {"site": "Stauffer-Chemical-Plant-PASNY-Site__932053", "site_id": "932053", "location_id": "EW-2", "measured": "", "method": "measured_control_point", "figure_style": "untested", "fit_rms_m": "2.64", "loo_median_m": "3.04", "loo_max_m": "5.52", "n_control_points": "7", "outside_hull": "", "outside_boundary_by_m": "0", "source_document": "Report.HW.932053.2019-04-22.Hydrogeologic Conceptual Site Model.pdf", "source_page": "53"}}, {"type": "Feature", "geometry": {"type": "Point", "coordinates": [-79.0368875, 43.1446204]}, "properties": {"site": "Stauffer-Chemical-Plant-PASNY-Site__932053", "site_id": "932053", "location_id": "LR-49", "measured": "", "method": "measured_control_point", "figure_style": "untested", "fit_rms_m": "2.64", "loo_median_m": "3.04", "loo_max_m": "5.52", "n_control_points": "7", "outside_hull": "", "outside_boundary_by_m": "0", "source_document": "Report.HW.932053.2019-04-22.Hydrogeologic Conceptual Site Model.pdf", "source_page": "53"}}, {"type": "Feature", "geometry": {"type": "Point", "coordinates": [-79.032385, 43.1441038]}, "properties": {"site": "Stauffer-Chemical-Plant-PASNY-Site__932053", "site_id": "932053", "location_id": "OW-5", "measured": "", "method": "measured_control_point", "figure_style": "untested", "fit_rms_m": "2.64", "loo_median_m": "3.04", "loo_max_m": "5.52", "n_control_points": "7", "outside_hull": "", "outside_boundary_by_m": "0", "source_document": "Report.HW.932053.2019-04-22.Hydrogeologic Conceptual Site Model.pdf", "source_page": "53"}}, {"type": "Feature", "geometry": {"type": "Point", "coordinates": [-79.035211, 43.1449049]}, "properties": {"site": "Stauffer-Chemical-Plant-PASNY-Site__932053", "site_id": "932053", "location_id": "LR66", "measured": "", "method": "similarity_from_hand_control_points", "figure_style": "annotated", "fit_rms_m": "4.48", "loo_median_m": "8", "loo_max_m": "11.38", "n_control_points": "4", "outside_hull": "", "outside_boundary_by_m": "", "source_document": "Report.HW.932053.2017-04-19.2016 Annual OMM.pdf", "source_page": "39"}}, {"type": "Feature", "geometry": {"type": "Point", "coordinates": [-79.0367194, 43.1451843]}, "properties": {"site": "Stauffer-Chemical-Plant-PASNY-Site__932053", "site_id": "932053", "location_id": "W50", "measured": "", "method": "similarity_from_hand_control_points", "figure_style": "annotated", "fit_rms_m": "4.48", "loo_median_m": "8", "loo_max_m": "11.38", "n_control_points": "4", "outside_hull": "", "outside_boundary_by_m": "", "source_document": "Report.HW.932053.2017-04-19.2016 Annual OMM.pdf", "source_page": "39"}}, {"type": "Feature", "geometry": {"type": "Point", "coordinates": [-79.0352049, 43.1448103]}, "properties": {"site": "Stauffer-Chemical-Plant-PASNY-Site__932053", "site_id": "932053", "location_id": "R66", "measured": "", "method": "similarity_from_hand_control_points", "figure_style": "annotated", "fit_rms_m": "4.48", "loo_median_m": "8", "loo_max_m": "11.38", "n_control_points": "4", "outside_hull": "", "outside_boundary_by_m": "", "source_document": "Report.HW.932053.2017-04-19.2016 Annual OMM.pdf", "source_page": "39"}}, {"type": "Feature", "geometry": {"type": "Point", "coordinates": [-79.0344666, 43.1447858]}, "properties": {"site": "Stauffer-Chemical-Plant-PASNY-Site__932053", "site_id": "932053", "location_id": "EW5", "measured": "", "method": "similarity_from_hand_control_points", "figure_style": "annotated", "fit_rms_m": "4.48", "loo_median_m": "8", "loo_max_m": "11.38", "n_control_points": "4", "outside_hull": "", "outside_boundary_by_m": "", "source_document": "Report.HW.932053.2017-04-19.2016 Annual OMM.pdf", "source_page": "39"}}, {"type": "Feature", "geometry": {"type": "Point", "coordinates": [-79.0353564, 43.1439983]}, "properties": {"site": "Stauffer-Chemical-Plant-PASNY-Site__932053", "site_id": "932053", "location_id": "EW4", "measured": "", "method": "similarity_from_hand_control_points", "figure_style": "annotated", "fit_rms_m": "4.48", "loo_median_m": "8", "loo_max_m": "11.38", "n_control_points": "4", "outside_hull": "", "outside_boundary_by_m": "", "source_document": "Report.HW.932053.2017-04-19.2016 Annual OMM.pdf", "source_page": "39"}}]}