{"type":"FeatureCollection","features":[{"type":"Feature","geometry":{"type":"Point","coordinates":[-79.00856147,43.07815254]},"properties":{"site_name":"Occidental-Buffalo Avenue Plant","designation":"NY State Superfund","program_type":"","program_category":null,"acres":115.0,"chemicals":"1,2,4,5-tetrachlorobenzene | Chlorotoluene | Hexachlorocyclopentadiene | Trichloroethene (TCE) | Benzoic acid | Hexachlorobenzene | Tetrachloroethene (PCE) | 1,3-dichlorobenzene | Hexachlorocyclohexane (all isomers) | Benzene | Dioxin | 1,2-dichlorobenzene | 2,4,5-trichlorophenol | Mercury | Mirex | 1,4-dichlorobenzene | Benzene chloro- | Toluene | 1,2,4-trichlorobenzene | Chlorobenzene | Hexachlorobutadiene","narrative":"Occidental Chemical Corporation's (OCC) Buffalo Avenue Plant, located at 4700 Buffalo Avenue, was a major manufacturing facility in central Niagara Falls. The Niagara Scenic Parkway (formerly Robert Moses Parkway) and the upper Niagara River are adjacent to the facility on the south. Vacant land, the New York Power Authority conduits, and other chemical manufacturing facilities are to the west. A distributor of industrial gases and a waste-to-energy facility are north of the site. The\nS-Area\n EPA Superfund site (#932019A), N-Area, and V-Area, residential and light commercial areas, and the Nia…","website":"https://appfactory.dec.ny.gov/DERExternalSearch/ERDDetails?CameFromList=false&SiteCode=932019","address":"4700 Buffalo Avenue in the City of Niagara Falls, Niagara County.","city":"Niagara Falls","zip":"14302.0","lat":43.07815254,"lon":-79.00856147,"chems":["Dioxins / TCDD","Benzene","TCE","Lindane / BHC","Mercury","Hexachlorobenzene"],"rad_class":null,"rad_iso":[],"program_number":"nan","reports":[],"docs_url":null}},{"type":"Feature","geometry":{"type":"Point","coordinates":[-78.9497634,43.08135278]},"properties":{"site_name":"Occidental -Love Canal","designation":"Federal NPL - Deleted","program_type":"HW","program_category":"HW","acres":66.482,"chemicals":"naphthalenes, benzoyl chlorides, benzotrichlorides, Metal chlorides, liquid disulfides, Hexachlorocyclohexane (Y-BHC/Lindane), Chlorobenzenes, Benzylchlorides--including benzyl chloride, benzyl thiocyanate, dodecyl (Lauryl, Loral) mercaptans (DDM), chlorides and miscellaneous organic sulfur compounds, chlorotoluene, thionyl chloride, and trichlorophenol (TCP) containing significant amounts of 2,3,7,8-tetrachlorodibenzo-p-dioxin (TCDD, or dioxin)","narrative":"The Love Canal site is an approximately 70-acre site located in a residential area at 805 97th Street in the City of Niagara Falls, Niagara County. The site is bounded by Colvin Boulevard to the north, 100th Street to the east, Frontier Avenue to the south and 95th Street to the west.\nThe site was originally an abandoned excavation project by William T. Love, who, in the early 1890s, planned it as a power canal between the upper and lower sections of the Niagara River. The site filled with water and was used by local residents for swimming, ice skating, and other recreation purposes. From appr…","website":"https://appfactory.dec.ny.gov/DERExternalSearch/ERDDetails?CameFromList=false&SiteCode=932020","address":"805 97TH STREET","city":"NIAGARA FALLS","zip":"14304.0","lat":43.08135278,"lon":-78.9497634,"chems":["Dioxins / TCDD","Lindane / BHC"],"rad_class":null,"rad_iso":[],"program_number":"932020","reports":[{"title":"2017 Periodic Review Report — Love Canal (groundwater monitoring)","url":"https://extapps.dec.ny.gov/data/DecDocs/932020/Report.HW.932020.2018-01-31.2017%20Periodic%20Review%20Report.pdf"}],"docs_url":"https://extapps.dec.ny.gov/data/DecDocs/932020/"}},{"type":"Feature","geometry":{"type":"Point","coordinates":[-78.95514497,43.08719647]},"properties":{"site_name":"Love Canal 93rd Street School","designation":"Federal NPL - Deleted","program_type":"HW","program_category":"HW","acres":10.964,"chemicals":"FLY ASH AND BHC CAKES","narrative":"The USEPA conducted surface soil sampling during 1985.  A Remedial Investigation/ Feasibility Study (RI/FS) at this site was completed in1988. EPA signed a Record of Decision (ROD) in September 1988 which called for excavation and on-site solidification/ stabilization of soils. During the Remedial Investigation and other follow up supplementary investigations, dioxin was not detected at EPA's level of concern of 1 ppb for residential soils. Consequently a Post Decision Proposed Plan (PDPP) was prepared and EPA Issued an Amendment to the ROD in May 1991 replacing on site solidification/ stabili…","website":"","address":"93rd Street at Colvin Avenue","city":"Niagara Falls","zip":"14304.0","lat":43.08719647,"lon":-78.95514497,"chems":["Lindane / BHC"],"rad_class":null,"rad_iso":[],"program_number":"932078","reports":[],"docs_url":null}},{"type":"Feature","geometry":{"type":"Point","coordinates":[-78.9497663,43.07395179]},"properties":{"site_name":"Occidential-102nd Street","designation":"Federal NPL - Deleted","program_type":"","program_category":null,"acres":22.0,"chemicals":"1,2,4,5-tetrachlorobenzene, BHC Cake (includes Lindane), chlorobenzenes, Phosphorus, mercury brine, Hexachlorocyclohexane (all isomers, including 300 tons of hexachlorocyclohexane process cake, including lindane), benzene, Mercury, Mirex, 1,4-dichlorobenzene, 1,2,4-trichlorobenzene, organic compounds (SVOCs) such as phenol and polycyclic aromatic hydrocarbons (PAHs), polychlorinated biphenyls (PCBs) and dioxins","narrative":"The Hooker-102nd Street Landfill site is a 22-acre site located on the Niagara River at 102nd Street, at the eastern edge of the City of Niagara Falls, Niagara County. It is bounded by Buffalo Avenue to the north, the Belden Site (a.k.a. Niagara River Site# 932055) to the east, the Niagara River (and Cayuga Island, a residential community) to the south and Griffon Park (another waste site) to the west. Homes are across the street and nearby to the east. Occidental Chemical Corporation, formerly Hooker Chemical and Plastics Corporation, owns 15.6 acres. Olin Chemical Corporation owns the remain…","website":"","address":"102ND STREET, SOUTH OF RIVER ROAD","city":"NIAGARA FALLS","zip":"14304.0","lat":43.07395179,"lon":-78.9497663,"chems":["Dioxins / TCDD","Benzene","PCBs","Lindane / BHC","Mercury"],"rad_class":null,"rad_iso":[],"program_number":"nan","reports":[],"docs_url":null}},{"type":"Feature","geometry":{"type":"Point","coordinates":[-79.00686687,43.07815796]},"properties":{"site_name":"Occidental Chemical Buffalo Avenue, S-Area","designation":"Federal NPL - Active","program_type":"","program_category":null,"acres":8.0,"chemicals":"trans-1,2,-Dichloroethylene | Chloroform | Trichloroethylene | Benzene | Toluene | Chlorobenzene | Phenol | Dichlorobenzenes | Hexachloroethane | Hexachlorobutadiene | Hexachlorocyclopentadiene | Hexachlorobenzene | Carbon tetrachloride | Trichlorophenols | Mirex | 1,1,2,2-Tetrachloroethylene | Trichlorobenzenes | Tetrachlorobenzenes | Monochlorotoluenes | Dichlorotoluenes | Octachlorocyclopentene | Pentachlorobenzene","narrative":"The Occidental/Hooker Chemical S-Area site is an 8-acre industrial landfill owned by the Occidental Chemical Corporation (OCC). It is located at the southeast corner of OCC's Buffalo Avenue chemical plant in Niagara Falls, New York, along the Niagara River. Until it was moved one parcel over in 1997, the city\ns drinking water treatment plant was next to this site. The site is located in an industrialized area of Niagara Falls. There is also a large residential community within 1/4 mile of the site.\nThe landfill lies atop approximately 30 feet of soil, clay, till, and manmade fill on an area re…","website":"","address":"4700 Buffalo Avenue","city":"Niagara Falls","zip":"14303.0","lat":43.07815796,"lon":-79.00686687,"chems":["Benzene","Hexachlorobenzene"],"rad_class":null,"rad_iso":[],"program_number":"nan","reports":[],"docs_url":null}},{"type":"Feature","geometry":{"type":"Point","coordinates":[-78.99586167,43.07645458]},"properties":{"site_name":"Buffalo Avenue: Former Drinking Water Plant","designation":"NY State Superfund","program_type":"HW","program_category":"HW","acres":10.02,"chemicals":"incinerator ash, lead waste, chlorinated benzene compounds ( | S-Area VOCs | ), PAHs, pesticides, heavy metals","narrative":"This nine acre site is located immediately south of Buffalo Avenue between 55th and 56th Streets. The Robert Moses Parkway is located to the south between the site and the Niagara River. The site contains facilities for the treatment of residuals from the Niagara Falls Wastewater Treatment Plant, which is located immediately east of the site. This site is a former wetland area that was filled to reclaim land to facilitate construction for the city and chemical plants. (Filling activities have extended the shoreline of the Niagara River up to 1000 feet south relative to its original location). …","website":"","address":"Between Buffalo Ave. and Niagara R., 55th - 56th St.","city":"Niagara Falls","zip":"14304.0","lat":43.07645458,"lon":-78.99586167,"chems":["Benzene","Lead"],"rad_class":null,"rad_iso":[],"program_number":"932080A","reports":[],"docs_url":null}},{"type":"Feature","geometry":{"type":"Point","coordinates":[-78.995245676,43.075564836]},"properties":{"site_name":"V-Area of former DWTP (Occidental)","designation":"NY State Superfund","program_type":"HW","program_category":"HW","acres":1.0,"chemicals":"","narrative":"This site is a separate contaminated portion of the former City of Niagara Falls Drinking Water Treatment Plant (DWTP). It is now owned by Occidental Chemical Corporation and is referred to as the V-Area. It is the subject of various remedial efforts.\nThe natural overburden groundwater flow direction across the V-Area is from north to south, toward the Niagara River, picking up S-Area chemicals as it moved southward through the area of contamination. A collection system was installed across this flow path to intercept overburden groundwater (APL) and limit potential migration of S-Area chemica…","website":"","address":"Between Buffalo Ave. and Niagara R., 56th - 61st St.","city":"Niagara Falls","zip":"14304.0","lat":43.075564836,"lon":-78.995245676,"chems":[],"rad_class":null,"rad_iso":[],"program_number":"932080B","reports":[],"docs_url":null}},{"type":"Feature","geometry":{"type":"Point","coordinates":[-78.995245676,43.075564836]},"properties":{"site_name":"Buffalo Avenue Drinking Water Treatment Plant Site","designation":"NY State Superfund","program_type":"HW","program_category":"HW","acres":1.0,"chemicals":"non-combustibles, incinerator residue, dredging material, power project spoil material","narrative":"This is the location of the current Niagara Falls Drinking Water Plant. The site consists of a 1.0 acre parcel of land located within the City of Niagara Falls, 400 feet north of the Niagara River.\n      This site is a former wetland area that was used from 1930's to 1960's by Niagara Falls for the disposal of noncombustibles and incinerator residue, and by the NYPA for the disposal of dredging and power project spoil material.  The U.S.G.S. collected soil samples in 1982 and 1983 with positive results for chlorinated organics.  A field investigation was undertaken by NYPA in 1987. Trace conta…","website":"","address":"Between Buffalo Ave./Niagara R., 56th - 61st St.","city":"Niagara Falls","zip":"14304.0","lat":43.075564836,"lon":-78.995245676,"chems":[],"rad_class":null,"rad_iso":[],"program_number":"932080B","reports":[],"docs_url":null}},{"type":"Feature","geometry":{"type":"Point","coordinates":[-79.028958552,43.124854024]},"properties":{"site_name":"SKW Newco Inc.","designation":"NY State Superfund","program_type":"HW","program_category":"HW","acres":6.373,"chemicals":"calcium hydroxide, ferromanganese slag, ferrochromium slag, ferrochromium dust","narrative":"The SKW Newco, Inc. site is located in the Town of Niagara, which is adjacent to the City of Niagara Falls. The 9.76 acre site is bounded on the north and south by portions of the larger Vanadium Site (#932001), on the east by the Airco Properties Site (#932001B) and to the west by Witmer Road (NYS Rt. 31).\n      The site consists of a capped landfill. The lower Niagara River is approximately 1.4 miles west of the property; the New York Power Authority (NYPA) reservoir, located approximately 0.8 miles north of the property; and Gill Creek, located approximately 1,000 feet east of the Site.\n   …","website":"","address":"Witmer Road","city":"Niagara","zip":"14305.0","lat":43.124854024,"lon":-79.028958552,"chems":["Hexavalent chromium"],"rad_class":null,"rad_iso":[],"program_number":"932001C","reports":[],"docs_url":null}},{"type":"Feature","geometry":{"type":"Point","coordinates":[-79.02555,43.124236]},"properties":{"site_name":"Airco Properties Inc.","designation":"NY State Superfund","program_type":"HW","program_category":"HW","acres":25.17,"chemicals":"Beryllium, Chromium, Zinc, and Copper","narrative":"The Airco Properties, Inc. site is located in the Town of Niagara.  The 25.142 acre site is bounded on the north, south and east by the larger Vanadium Site (#932001) and by the SKW Newco Inc. site (#932001C) to the west.\nThe nearest water bodies are the Lower Niagara River, located approximately 1.4 miles west of the property; the New York Power Authority (NYPA) reservoir, located approximately 0.8 miles north of the property; and Gill Creek, located approximately 1,000 feet east of the Site.\nFrom 1920 to 1964, the larger approximately 150 acre site was owned by the Vanadium Corporation of Am…","website":"https://extapps.dec.ny.gov/data/DecDocs/932001B/Report.HW.932001B.2022-04-07.2021-PRR.pdf","address":"4201 Witmer Road","city":"Niagara","zip":"14305.0","lat":43.124236,"lon":-79.02555,"chems":["Hexavalent chromium","Beryllium"],"rad_class":null,"rad_iso":[],"program_number":"932001B","reports":[],"docs_url":null}},{"type":"Feature","geometry":{"type":"Point","coordinates":[-79.021394875,43.124263433]},"properties":{"site_name":"Vanadium Corporation of America","designation":"NY State Superfund","program_type":"HW","program_category":"HW","acres":104.108,"chemicals":"calcium hydroxide, ferromanganese slag, ferrochromium slag, and ferrochromium dust, vinyl chloride, trichloroethene, phenol, chromium, manganese, hexavalent chromium, cyanide, magnesium, sodium and zinc","narrative":"Operable Unit #3 (Site #932001), consists of approximately 88 acres of the eastern portion of the Vanadium site.\nVanadium Corporation site is located in an industrialized urban area at 4400 Lockport Road in the Town of Niagara, Niagara County. This 88-acre site was once part of a larger Vanadium site that included the SKW Site (932001C) and the Airco Properties Site (932001B). It is bounded on the north by an automobile depot and vacant property, on the west by Witmer Road (Route 31), on the east by Interstate 190, and on the south by vacant land and industrial facilities. The New York Power A…","website":"","address":"4400 Lockport Road","city":"Niagara","zip":"14305.0","lat":43.124263433,"lon":-79.021394875,"chems":["Vinyl chloride","Hexavalent chromium","TCE","Cyanide"],"rad_class":null,"rad_iso":[],"program_number":"932001","reports":[],"docs_url":null}},{"type":"Feature","geometry":{"type":"Point","coordinates":[-79.00395,43.095202778]},"properties":{"site_name":"Airco Speer Carbon-Graphite","designation":"NY State Superfund","program_type":"HW","program_category":"HW","acres":52.782,"chemicals":"PCBs, PAHs, Arcoclor 1248, Acetone","narrative":"The Airco Speer Carbon-Graphite site is located at Packard Road and 47th Street in the City of Niagara Falls, Niagara County on three parcels of property totaling 62 acres.\nThe site consists of a former electrode-manufacturing plant, including a 29-acre disposal area near the center of the property where placement of industrial fill likely occurred. The principal product manufactured at the site was graphite electrodes that were used in electric arc furnaces to manufacture steel and chemicals. Electrodes were manufactured at the site since 1930, when the Speer Carbon Company and Exelon Company…","website":"","address":"Packard Road at 47th Street","city":"Niagara Falls","zip":"14304.0","lat":43.095202778,"lon":-79.00395,"chems":["PCBs"],"rad_class":null,"rad_iso":[],"program_number":"932002","reports":[],"docs_url":null}},{"type":"Feature","geometry":{"type":"Point","coordinates":[-78.993836111,43.09205]},"properties":{"site_name":"Basic Carbon Co.","designation":"NY State Superfund","program_type":"HW","program_category":"HW","acres":1.432,"chemicals":"","narrative":"The general area of the Basic Carbon site (932004) is in Niagara Falls is 820 and/or 1100 Connecting Road and/or 1120 Connecting Road. The small graphite specialty company operated from 1951 to 1960, at which time the plant changed corporate names, owners, and relocated to Corey Road in Wheatfield, New York. During the active years, Basic Carbon disposed of waste materials generated on-site in an area located between the plant building and Great Lakes Carbon. These waste materials consisted of coal tar, carbon, graphite and refuse. The quantity of material disposed of is unknown. Past soil stu…","website":"https://appfactory.dec.ny.gov/DERExternalSearch/ERDDetails?CameFromList=false&SiteCode=932004","address":"820 Connecting Road","city":"Niagara Falls","zip":"14304.0","lat":43.09205,"lon":-78.993836111,"chems":[],"rad_class":null,"rad_iso":[],"program_number":"932004","reports":[],"docs_url":null}},{"type":"Feature","geometry":{"type":"Point","coordinates":[-78.928361111,43.102672222]},"properties":{"site_name":"Bell Aerospace Impoundment Pond","designation":"NY State Superfund","program_type":"","program_category":null,"acres":0.14,"chemicals":"dichloroethylene, trichloroethylene, methyl chloride, and vinyl chloride. | Methylene chloride | Trichlorofluoromethane | 1,1-Dichloroethylene | 1,1-Dichloroethane | Trans-1,2-dichloroethylene | Chloroform | 1,2-Dichloroethane | 1,1,1-Trichloroethane | Trans-1,3-dichloropropylene | Trichloroethylene | Benzene | Tetrachloroethylene | Toluene | Ethyl benzene | Vinyl chloride","narrative":"The Bell Aerospace Textron plant is located approximately 2.5 miles north of the Niagara\nRiver, adjacent to the Niagara Falls International Airport. Between 1948 and 1984, the company used an unlined 60' X 100' surface impoundment (pond) to collect wash water from rocket engine test firings, storm run-off, and solvent drippings from cleaning, degreasing, and anodizing operations. Hazardous waste and constituents of concern include trichloroethylene and dichloroethylene. The wastes were discharged to a sanitary sewer after pH adjustment.\nSome of polluted groundwater discharged to Bergholtz Cree…","website":"","address":"ROUTE 62 AND WALMORE RD.","city":"Wheatfield","zip":"14150.0","lat":43.102672222,"lon":-78.928361111,"chems":["Benzene","Vinyl chloride"],"rad_class":null,"rad_iso":[],"program_number":"nan","reports":[],"docs_url":null}},{"type":"Feature","geometry":{"type":"Point","coordinates":[-79.038966667,43.078777778]},"properties":{"site_name":"Carborundum-South of Building 89","designation":"NY State Superfund","program_type":"HW","program_category":"HW","acres":1.073,"chemicals":"iron compounds, nitrate compounds","narrative":"The Carborundum south site is located in an industrial and residential area between Buffalo Ave., and Robert Moses Parkway in Niagara Falls, Niagara County. The Carborundum Building 89 Site is less than 1 acre area located on a 40 acre parcel of land\nFrom 1901 to 1978, the Carborundum Company owned the property. The site consists of an area where approximately 5200 gallons per year of a coolant were dumped on the ground south of Bldg. 89 and 330' north of the Niagara River.\nSampling in 1980 showed iron and nitrite compounds consistent with use of the property.\nRemedial work was completed.","website":"","address":"1801 Buffalo Avenue","city":"Niagara Falls","zip":"14302.0","lat":43.078777778,"lon":-79.038966667,"chems":[],"rad_class":"MED-AEC","rad_iso":["U"],"program_number":"932048A","reports":[],"docs_url":null,"rad_basis":"Carborundum Buffalo Avenue complex (1801 Buffalo Ave): a location of the Manhattan Engineer District uranium-rod forming/coating/canning work (1943-44). EEOICPA-covered."}},{"type":"Feature","geometry":{"type":"Point","coordinates":[-78.93337928,43.104372758]},"properties":{"site_name":"Carborundum","designation":"NY State Superfund","program_type":"HW","program_category":"HW","acres":1.02,"chemicals":"","narrative":"This Carborundum - Abrasive Division site is located on Walmore Road in the Town of Wheatfield, Niagara County. It is bordered by the Niagara Falls Air Reserve Station and Cayuga Creek to the north, light industrial complexes or undeveloped areas to the east and south, and the Niagara Falls International Airport to the west.\nThe site is a rectangular 1-acre clay capped landfill. It measures approximately 450 by 25 feet.\nThe landfill formerly served the adjacent 60-acre Carborundum Abrasives Division facility from 1968-1976. Reports state that 800-1,600 pounds of phenols and 400 tons of solid r…","website":"https://appfactory.dec.ny.gov/DERExternalSearch/ERDDetails?CameFromList=false&SiteCode=932007","address":"6600 WALMORE ROAD","city":"WHEATFIELD","zip":"14304.0","lat":43.104372758,"lon":-78.93337928,"chems":[],"rad_class":null,"rad_iso":[],"program_number":"932007","reports":[],"docs_url":null}},{"type":"Feature","geometry":{"type":"Point","coordinates":[-79.03276872,43.11925666]},"properties":{"site_name":"Carborundum Company, Globar Plant","designation":"NY State Superfund","program_type":"HW","program_category":"HW","acres":7.044,"chemicals":"1,2-dichloroethane | Benzo(k)fluoranthene | Ethylbenzene | Trichloroethene (TCE) | Acenapthylene | Phenanthrene | Pyrene | Anthracene | Benzene | Benzo(a)pyrene | Fluorene | Indeno(1,2,3-cd)pyrene | Vinyl chloride | Benzo(b)fluoranthene | Chrysene | Naphthalene | Toluene | Acetone | Benzo(a)anthracene | Xylene (mixed)","narrative":"Distance of site to the nearest points of community interest School:  1,773.20 Ft\nThe Carborundum Company\ns Globar site is a 7.00-acre site, located in a mixed industrial/residential area at 3425 Hyde Park Boulevard in the Town of Niagara, Niagara County. The site is at the northeast corner of the intersection of Hyde Park Boulevard and Rhode Island Street and is bounded by residential properties to the south and east, mixed industrial properties to the north, and Hyde Park Boulevard to the west. The Belden Center neighborhood is adjacent to this site.\nThe site consists of a vacant former manu…","website":"https://appfactory.dec.ny.gov/DERExternalSearch/ERDDetails?CameFromList=false&SiteCode=932036","address":"3425 Hyde Park Blvd.","city":"Niagara","zip":"14305.0","lat":43.11925666,"lon":-79.03276872,"chems":["Benzene","Vinyl chloride","TCE","Benzo(a)pyrene"],"rad_class":"MED-AEC","rad_iso":["U","Th"],"program_number":"932036","reports":[],"docs_url":null,"rad_basis":"Carborundum Globar Plant: fabricated uranium rods for the Manhattan Engineer District (1943-44) and manufactured uranium, plutonium and carbide pellets + zirconium/hafnium/titanium for AEC reactor-materials programs (1959-67). EEOICPA-covered AWE/DOE facility."}},{"type":"Feature","geometry":{"type":"Point","coordinates":[-79.04456833,43.12323658]},"properties":{"site_name":"Chisholm Ryder","designation":"NY State Superfund","program_type":"HW","program_category":"HW","acres":20.0,"chemicals":"","narrative":"The Chisholm-Ryder Company, a manufacturer of food harvesting and processing equipment, was located at 3800 Highland Avenue in Niagara Falls, from approximately 1985 to 1986. From the mid 1940s until about 1959, approximately two acres of the 20-acre property was used as a landfill for plant wastes\nCombustible plant refuse was burned and the ash was disposed in the landfill. Other\nwastes suspected to have been disposed in the landfill were sludges from vapor degreasing and\nplating operations, boiler ash, coolant fluids, and paint filters. Spent solvents from the painting and degreasing operati…","website":"https://appfactory.dec.ny.gov/DERExternalSearch/ERDDetails?CameFromList=false&SiteCode=932009","address":"3800 Highland Avenue","city":"Niagara Falls","zip":"","lat":43.12323658,"lon":-79.04456833,"chems":[],"rad_class":null,"rad_iso":[],"program_number":"932009","reports":[],"docs_url":null}},{"type":"Feature","geometry":{"type":"Point","coordinates":[-78.99825853,43.09515198]},"properties":{"site_name":"Dupont -Necco Park","designation":"NY State Superfund","program_type":"HW","program_category":"HW","acres":22.293,"chemicals":"1,2-dichloroethane | Calcium | Chloroform | Perchloroethane | Trichloroethene (TCE) | Hexachlorobenzene | Phenol | Methylene chloride | 1,1-dichloroethane | 2,4,6-trichlorophenol | Barium | RUBBLE, OTHER CHEMICALS | 2,4,5-trichlorophenol | Vinyl chloride | 1,1,2,2-tetrachloroethane | Carbon tetrachloride | CHLORINATED COMPOUNDS (CHLOROBUTANES, | CHLOROETHANES | Hexachloroethane | 1,1,2-TCA | BRINE SLUDGE, BARIUM SALTS | CHLOROETHYLENES), METHANOL, TOLUENE, ACETATES, | Hexachlorobutadiene","narrative":"The Necco Park site is an approximately 25.00-acre site, located in an industrial area, at 5600B Niagara Falls Boulevard in the City of Niagara Falls, Niagara County. It within the boundaries of the Allied Waste Facility at Niagara Falls Boulevard and 56th Street. The site is bounded on the north and east by The Allied Waste Niagara Falls Landfill, to the south by three inactive hazardous waste landfill cells and a wastewater treatment facility, and to the west by an access road and a railroad right-of-way.\nThe site is a rectangular shaped landfill. It has an upgraded cap, five groundwater rec…","website":"https://appfactory.dec.ny.gov/DERExternalSearch/ERDDetails?CameFromList=false&SiteCode=932047","address":"5600B Niagara Falls Boulevard","city":"Niagara Falls","zip":"14302.0","lat":43.09515198,"lon":-78.99825853,"chems":["Vinyl chloride","TCE","Hexachlorobenzene"],"rad_class":null,"rad_iso":[],"program_number":"932047","reports":[],"docs_url":null}},{"type":"Feature","geometry":{"type":"Point","coordinates":[-79.02226596,43.08055199]},"properties":{"site_name":"Chemours Plant (former DuPont Plant Site)","designation":"RCRA Corrective Action","program_type":"HW","program_category":"HW","acres":65.301,"chemicals":"Barium | Copper | Cyanide | PCBs | Zinc","narrative":"","website":"","address":"Buffalo Avenue","city":"Niagara Falls","zip":"14302","lat":43.08055199,"lon":-79.02226596,"chems":["PCBs","Cyanide"],"rad_class":null,"rad_iso":[],"program_number":"932013","reports":[],"docs_url":null}},{"type":"Feature","geometry":{"type":"Point","coordinates":[-79.00269845,43.10269541]},"properties":{"site_name":"Frontier Bronze","designation":"NY State Superfund","program_type":"HW","program_category":"HW","acres":1.0,"chemicals":"","narrative":"The Frontier Bronze Company, located at 4870 Packard Road, Niagara Falls, was a storage area for spent foundry sand. The site began operation in the 1960's and continued to receive sand at a rate of 5 tons per day. The foundry sand had phenolic binders. Some organic priority pollutants were detected in soil samples, but hydrogeologic data are lacking. The potential for contaminant migration is indeterminable.\nSamples contained low concentrations of phenols and 10 organic priority pollutants,\nfour organic nonpriority pollutants, and some unknown hydrocarbons. Later testing of ten soil samples f…","website":"https://appfactory.dec.ny.gov/DERExternalSearch/ERDDetails?CameFromList=false&SiteCode=932015","address":"4870 Packard Road","city":"Niagara","zip":"","lat":43.10269541,"lon":-79.00269845,"chems":[],"rad_class":null,"rad_iso":[],"program_number":"932015","reports":[],"docs_url":null}},{"type":"Feature","geometry":{"type":"Point","coordinates":[-78.99970019,43.0919433]},"properties":{"site_name":"Great Lakes Carbon","designation":"NY State Superfund","program_type":"HW","program_category":"HW","acres":15.0,"chemicals":"","narrative":"Great Lakes Carbon used this area to dispose of plant wastes from the time operations began in 1939 until 1966. The disposal site is an area of approximately 7 acres located north of Pine Avenue/Niagara Falls Boulevard, between plant buildings 103 and 238. Disposed wastes include carbon graphite, coal dust, carbon fines, brick concrete, charred wood, sand, electrodes, black graphite and solid pitch mold stock. The quantity is unknown. Limited sampling polynuclear aromatic hydrocarbons (PNAs) in surface water, soil, and sediment samples. In sediment samples, concentrations of mercury and barium…","website":"https://appfactory.dec.ny.gov/DERExternalSearch/ERDDetails?CameFromList=false&SiteCode=932016","address":"6200 Niagara Falls Boulevard","city":"NIAGARA FALLS","zip":"14304.0","lat":43.0919433,"lon":-78.99970019,"chems":[],"rad_class":null,"rad_iso":[],"program_number":"932016","reports":[],"docs_url":null}},{"type":"Feature","geometry":{"type":"Point","coordinates":[-78.993944444,43.091111111]},"properties":{"site_name":"6100-6200 Niagara Falls Boulevard","designation":"Brownfield","program_type":"BCP","program_category":"BCP","acres":15.156,"chemicals":"PAHs","narrative":"The Site is comprised of two adjacent property parcels with the addresses of 6100 and 6200 Niagara Falls Blvd., in the City of Niagara Falls consisting of 17.1 acres. The Site is located in a mixed industrial/commercial area and is immediately adjacent to and is bordered immediately to the north by an active solid waste landfill (Browning Ferris Industries) and a closed hazardous waste landfill (DuPont Necco Park Landfill).\nThe site consists of two parcels that were used from 1939 to 1998 for the manufacturing of extruded graphite products such as the production of anodes, grounding rods, and …","website":"https://appfactory.dec.ny.gov/DERExternalSearch/ERDDetails?SiteName=&County=All%20Counties&City=Niagara%20Falls&Position=6&CameFromList=true&EngineeringControls=All&InstitutionalControls=All&Region=All%20Regions&ControlType3=All&Street=&Program=All%20Programs&SiteClass=All%20Classes&SiteCode=C932146","address":"6200 Niagara Falls Boulevard","city":"NIAGARA FALLS","zip":"14304.0","lat":43.091111111,"lon":-78.993944444,"chems":[],"rad_class":null,"rad_iso":[],"program_number":"C932146","reports":[],"docs_url":null}},{"type":"Feature","geometry":{"type":"Point","coordinates":[-79.03366667,43.12935381]},"properties":{"site_name":"TAM Ceramics, Inc.","designation":"NY State Superfund","program_type":"HW","program_category":"HW","acres":32.539,"chemicals":"concentrations phenol, monochlorobenzene, trichlorobenzene, hexachlorocyclopentadiene, trichlorophenol, tetrachlorobenzene, and hexachlorocyclohexane","narrative":"The Tam Ceramics Inc Facility in located on a 30 acre site on Hyde Park Boulevard in the Town of Niagara, Niagara County. It is located in a mixed residential/industrial area. The Hooker Hyde Park Landfill/Bloody Run  (#932021) dumpsite is located directly adjacent to the site along the north property line. There are industrial facilities to the east and south and populated residential neighborhoods to the west. Residences are 300 feet west of the facility. Other nearby residences were razed. Niagara University is proximate to the far side of the Hyde Park/Bloody Run Landfill.\nThe site include…","website":"https://appfactory.dec.ny.gov/DERExternalSearch/ERDDetails?CameFromList=false&SiteCode=932028","address":"4511 Hyde Park Boulevard","city":"Niagara Falls","zip":"14305.0","lat":43.12935381,"lon":-79.03366667,"chems":["Lindane / BHC"],"rad_class":"TENORM","rad_iso":["U","Th","Ra"],"program_number":"932028","reports":[],"docs_url":null}},{"type":"Feature","geometry":{"type":"Point","coordinates":[-78.946452,43.072888]},"properties":{"site_name":"102nd Street Landfill (Olin)","designation":"Federal NPL - Deleted","program_type":"HW","program_category":"HW","acres":7.574,"chemicals":"\"Black Cake\" | Graphite | Benzene hexachloride and | trichlorophenol mixture | Trichlorbenzene | a- and S-BHC cake | Tetrachlorobenzene | Lime sludge | Brine sludge | Hexachlorobenzene | Trichloroanisole | Concrete","narrative":"The 102nd Street Landfill (Olin) site is an approximately 7.00-acre site located in the City of Niagara Falls, Niagara County. The site is bounded by the Niagara River to the south, Griffon Park to the west and the Belden Site (#932055) to the east. The related program for this site is Hooker-102nd Street Landfill (#932022).\nThe site is generally rectangular and orientated east and west..\nThe combined 22 acre site is currently owned by Occidental Chemical Corporation (OCC) and the Olin Corporation. Olin and Hooker/Occidental dumped more than 80,000\n 93,000 tons of waste on the larger site. Oli…","website":"https://appfactory.dec.ny.gov/DERExternalSearch/ERDDetails?CameFromList=false&SiteCode=932031","address":"102ND STREET, SOUTH OF RIVER ROAD","city":"NIAGARA FALLS","zip":"14304.0","lat":43.072888,"lon":-78.946452,"chems":["Benzene","Lindane / BHC","Hexachlorobenzene"],"rad_class":null,"rad_iso":[],"program_number":"932031","reports":[],"docs_url":null}},{"type":"Feature","geometry":{"type":"Point","coordinates":[-79.026173,43.083772]},"properties":{"site_name":"Olin Corporation-Industrial Welding","designation":"RCRA Corrective Action","program_type":"HW","program_category":"HW","acres":3.829,"chemicals":"","narrative":"The Olin Corporation Industrial Welding site is an approximately 13.29-acre site located on Packard Road, near 30th Street, in the City of Niagara Falls, Niagara County. The site is bordered by commercial and residential properties to the north and west, Veterans Drive and Gill Creek to the east and Buffalo Avenue to the south.\nThe site is relatively flat with asphalt cover except in the OU-2 area, which is mounded, lined with a synthetic liner and clay and a grass cover. The site includes a former American Legion Post property that was purchased by Olin Corporation in 1999.\nOlin used the site…","website":"https://appfactory.dec.ny.gov/DERExternalSearch/ERDDetails?CameFromList=false&SiteCode=932050","address":"126 PACKARD RD","city":"Niagara Falls","zip":"14302.0","lat":43.083772,"lon":-79.026173,"chems":[],"rad_class":null,"rad_iso":[],"program_number":"932050","reports":[],"docs_url":null}},{"type":"Feature","geometry":{"type":"Point","coordinates":[-79.028238889,43.082105556]},"properties":{"site_name":"Olin Corporation Plant","designation":"RCRA Corrective Action","program_type":"HW","program_category":"HW","acres":23.111,"chemicals":"aromatic compounds, benzene hexachlorides (BHCs), mercury, chlorinated solvents (primarily tetrachloroethene (PCE), trichloroethene (TCE)","narrative":"The Olin Corporation Plant Site is located at 2400 Buffalo Avenue, in an industrialized and residential area in the City of Niagara Falls, New York. The Plant is bounded by Buffalo Avenue to the north, the DuPont Chemical Corporation Plant Site to the south, the former Solvent Chemical facility to the east, and vacant land to the west. Populated residential neighborhoods are across the street to the north.\nThe Olin Corporation Plant Site is divided into three distinct parcels.\nThe western parcel, formerly known as Plant 1, is a 6.5 acre parcel bounded on the north by Buffalo Avenue, on the sou…","website":"","address":"2400 Buffalo Avenue","city":"Niagara Falls","zip":"14302.0","lat":43.082105556,"lon":-79.028238889,"chems":["Benzene","TCE","Mercury"],"rad_class":null,"rad_iso":[],"program_number":"932051B","reports":[],"docs_url":null}},{"type":"Feature","geometry":{"type":"Point","coordinates":[-79.029968085,43.08357637]},"properties":{"site_name":"Olin Corporation Parking Lot","designation":"RCRA Corrective Action","program_type":"HW","program_category":"HW","acres":2.08,"chemicals":"","narrative":"","website":"","address":"Buffalo Avenue","city":"Niagara Falls","zip":"14302","lat":43.08357637,"lon":-79.029968085,"chems":[],"rad_class":null,"rad_iso":[],"program_number":"932051A","reports":[],"docs_url":null}},{"type":"Feature","geometry":{"type":"Point","coordinates":[-78.997688889,43.168130556]},"properties":{"site_name":"Stauffer Chemical, Whittaker Subdivision","designation":"NY State Superfund","program_type":"HW","program_category":"HW","acres":22.91,"chemicals":"Asbestos | Cyanide | Manganese | Nitrates | PCBs | Phenol | Sulfates","narrative":"The Stauffer Chemical, Whittaker Subdivision Site is located the Town of Lewiston, New York. The site is approximately 1.92 miles northeast of the intersection of Upper Mountain Road and Military Road on the north side of Upper Mountain Road.  The site is also adjacent to the Tuscarora Indian Reservation to the East.\nThis site is referred to as Love Canal North because the trench itself dates back to William T. Love and his excavations in the early 1890s. His efforts to build a power canal resulted in to large excavations, one on the upper Niagara River, which became the infamous Love Canal an…","website":"","address":"1169 Upper Mountain Road","city":"Lewiston","zip":"14092.0","lat":43.168130556,"lon":-78.997688889,"chems":["Asbestos","PCBs","Cyanide"],"rad_class":null,"rad_iso":[],"program_number":"932034","reports":[],"docs_url":null}},{"type":"Feature","geometry":{"type":"Point","coordinates":[-79.045130556,43.164163889]},"properties":{"site_name":"Stauffer Chemical - Art Park Site","designation":"NY State Superfund","program_type":"HW","program_category":"HW","acres":6.487,"chemicals":"","narrative":"This 3.5 acre site is located within the Art Park facility (beneath the facility\ns outdoor amphitheater complex), along the top of the Niagara Gorge. The site is approximately 185 feet from the edge of the Niagara River and 1000 feet south from the end of 4th Street in the Village of Lewiston.\nThis site was once used as a quarry from 1953 to 1969. During its ownership by the Stauffer Chemical Company, the company used one of the quarry sites to dispose of wastes generated by its Lewiston Facility, including an unknown quantity of asbestos, graphite, cinders, reactor linings, scrap sulphur, met…","website":"","address":"4th Street","city":"Lewiston","zip":"14092.0","lat":43.164163889,"lon":-79.045130556,"chems":[],"rad_class":null,"rad_iso":[],"program_number":"932049","reports":[],"docs_url":null}},{"type":"Feature","geometry":{"type":"Point","coordinates":[-79.02556341,43.12145553]},"properties":{"site_name":"GrafTech Intl. Hlds. Inc. (formerly Union Carbide)","designation":"NY State Superfund","program_type":"HW","program_category":"HW","acres":15.778,"chemicals":"Trichloroethene (TCE), Hexachlorobenzene","narrative":"The GrafTech International Holdings Inc. site is a 61.8-acre site, located in an urban area, north of Rhode Island Avenue and 0.25-miles east of Hyde Park Boulevard in the Town of Niagara, Niagara County. The surrounding parcels are currently used for a combination of residential, industrial, and utility rights-of-way (ROWs). The nearest residential area is located on the southern border of the site.\nThe site includes a 16.48-acre landfill in the northeast section of the Landfill Site. The landfill was closed and capped in 1987. The entire parcel is owned, operated, maintained, and monitored b…","website":"https://appfactory.dec.ny.gov/DERExternalSearch/ERDDetails?CameFromList=false&SiteCode=932035","address":"Hyde Park Boulevard","city":"Niagara","zip":"14303.0","lat":43.12145553,"lon":-79.02556341,"chems":["TCE","Hexachlorobenzene"],"rad_class":null,"rad_iso":[],"program_number":"932035","reports":[],"docs_url":null}},{"type":"Feature","geometry":{"type":"Point","coordinates":[-79.00276711,43.09985597]},"properties":{"site_name":"Occidental Durez Engineered Materials","designation":"NY State Superfund","program_type":"HW","program_category":"HW","acres":4.642,"chemicals":"","narrative":"This site is located in the City of Niagara Falls at 5000 Packard Road.\nOccidental Chemical Corporation (OCC) operated a phenol-formaldehyde resin\nmanufacturing plant at this site until June 1986. It previously operated as the Varcum Chemical Division of Reichhold Chemicals, Inc. and BTL Specialty Resins.(George E. Lewis, a former executive of the Carborundum Company, founded the Varcum Chemical Company in 1932). The 5-acre site is approximately 3 miles north of the Niagara River.\nSoil and groundwater at this site are contaminated with phenols and other organic compounds.  Corrective measures …","website":"","address":"5000 Packard Road","city":"Niagara","zip":"14304.0","lat":43.09985597,"lon":-79.00276711,"chems":[],"rad_class":null,"rad_iso":[],"program_number":"932040","reports":[],"docs_url":null}},{"type":"Feature","geometry":{"type":"Point","coordinates":[-78.95257335,43.07792613]},"properties":{"site_name":"La Salle Expressway","designation":"NY State Superfund","program_type":"HW","program_category":"HW","acres":0.0,"chemicals":"","narrative":"During construction of the LaSalle Expressway, Spaulding Fibre had vulcanized fibre and fibre sheet, thermosetting plastic and trimmings (about 20,000 tons) that was used as fill material. The material is reported to be non-hazardous. No soil or groundwater sampling has been undertaken, however, as the precise location of the disposal area has never been identified.\n\tMoreover, during the construction of the parkway, 200 to 300 drums of unknown material from a chemical firm were allegedly deposited in trenches, but their exact location is unknown. Large quantities of fill from the Niagara Power…","website":"https://appfactory.dec.ny.gov/DERExternalSearch/ERDDetails?CameFromList=false&SiteCode=932067","address":"Between I-90 and River Road (Buffalo Avenue)","city":"Niagara Falls","zip":"","lat":43.07792613,"lon":-78.95257335,"chems":[],"rad_class":null,"rad_iso":[],"program_number":"932067","reports":[],"docs_url":null}},{"type":"Feature","geometry":{"type":"Point","coordinates":[-78.94255093,43.07045687]},"properties":{"site_name":"Brzezinski Property","designation":"NY State Superfund","program_type":"HW","program_category":"HW","acres":null,"chemicals":"Acetone | Anthracene | Benzo(a)anthracene | Benzo(a)pyrene | Benzo(b)fluoranthene | Chrysene | PAHs | PCBs | Phenanthrene | Pyrene | Trichloroethene (TCE) | VOCs","narrative":"","website":"","address":"2040 River Road","city":"Wheatfield","zip":"","lat":43.07045687,"lon":-78.94255093,"chems":["PCBs","TCE","Benzo(a)pyrene"],"rad_class":null,"rad_iso":[],"program_number":"932006","reports":[],"docs_url":null}},{"type":"Feature","geometry":{"type":"Point","coordinates":[-78.9431603,43.0723132]},"properties":{"site_name":"2020 River Road","designation":"NY State Superfund","program_type":"ERP","program_category":"ERP","acres":3.953,"chemicals":"PCBs | SVOCs | VOCs","narrative":"","website":"","address":"2020 River Road","city":"Wheatfield","zip":"14304","lat":43.0723132,"lon":-78.9431603,"chems":["PCBs"],"rad_class":null,"rad_iso":[],"program_number":"E932135","reports":[],"docs_url":null}},{"type":"Feature","geometry":{"type":"Point","coordinates":[-78.987088889,43.181180556]},"properties":{"site_name":"Modern Disposal Services, Inc.","designation":"NY State Superfund","program_type":"HW","program_category":"HW","acres":28.529,"chemicals":"SEWER SUMPS | POLYMER BLENDS, ACCELERATOR | CARBON, GRAPHITE, PULCE EMULSION, | BATTERIES, TAR, ASBESTOS, THIAZOLE","narrative":"The Modern Disposal Landfill site is an approximately 30.5-acre site located in a commercial area at 4746 Model City Road in the Town of Lewiston, Niagara County. Site access from Model City Road is approximately 800 feet northwest from the intersection of Model City Road and Route 104 (Ridge Road).\nThe site is an inactive landfill used for the disposal of carbon, graphite, metal scrap, concrete, fly-ash, PVC by-products, wastewater treatment sludges, gelled phenolic resins, foundry sands and general refuse. Groundwater monitoring at began in 1979 using two on-site monitoring wells. The landfi…","website":"https://appfactory.dec.ny.gov/DERExternalSearch/ERDDetails?CameFromList=false&SiteCode=932025","address":"4746 Model City Road","city":"Lewiston","zip":"14092.0","lat":43.181180556,"lon":-78.987088889,"chems":["Asbestos"],"rad_class":null,"rad_iso":[],"program_number":"932025","reports":[],"docs_url":null}},{"type":"Feature","geometry":{"type":"Point","coordinates":[-78.98964948,43.10157953]},"properties":{"site_name":"Cecos Recycling","designation":"RCRA Corrective Action","program_type":"RCRA","program_category":"RCRA","acres":390.193,"chemicals":"","narrative":"General information and chemical-migration potential.--These two sites (Cecos & Niagara Recycling), on the border of the city of Niagara Falls and the town of Niagara, are adjacent to each other and abut the Necco Park landfill (site 14). The CECOS site is an active municipal, industrial, and chemical waste management facility operating under New York State Department of Environmental Conservation permits.\nSite Features: 1 Active sanitary (part 360) landfill, 7 closed sanitary landfills, 6 closed hazardous waste (part 373) landfills\nCurrent Zoning Uses: Industrial\nCECOS International, Inc. ope…","website":"https://appfactory.dec.ny.gov/DERExternalSearch/ERDDetails?CameFromList=false&SiteCode=932046","address":"Pine Avenue at 59th Street","city":"Niagara","zip":"14304.0","lat":43.10157953,"lon":-78.98964948,"chems":[],"rad_class":null,"rad_iso":[],"program_number":"932046","reports":[{"title":"EPA Groundwater Task Force — Evaluation of CECOS International","url":"https://nepis.epa.gov/Exe/ZyPURL.cgi?Dockey=2000H96Z.TXT"}],"docs_url":"https://extapps.dec.ny.gov/data/DecDocs/932046/"}},{"type":"Feature","geometry":{"type":"Point","coordinates":[-78.98836021,43.10126017]},"properties":{"site_name":"Niagara Recycling","designation":"NY State Superfund","program_type":"HW","program_category":"HW","acres":371.668,"chemicals":"CHLORINATED HYDROCARBONS","narrative":"Niagara Recycling (Sanitary Landfills) is located at the Allied Niagara Falls Facility on 56th St. in Niagara Falls, NY.  It is located in an industrialized area with Packard Road to the North, Niagara Falls Blvd, to the south, Rail lines to the west and the NYS 190 expressway to the east.\nSite Features:\nThe main site features consists of numerous active and closed landfills containing both hazardous, non-hazardous and municipal wastes within the boundaries of the adjacent sites.\nHistorical Uses:\nThe 10 acre landfill is the oldest of the Sanitary Landfills (I&amp;II) at the site and received m…","website":"","address":"56th Street","city":"Niagara Falls","zip":"14304.0","lat":43.10126017,"lon":-78.98836021,"chems":[],"rad_class":null,"rad_iso":[],"program_number":"932042","reports":[],"docs_url":null}},{"type":"Feature","geometry":{"type":"Point","coordinates":[-78.906412,43.066249]},"properties":{"site_name":"Niagara Co. Refuse Disp.-Wheatfield","designation":"NY State Superfund","program_type":"HW","program_category":"HW","acres":76.564,"chemicals":"","narrative":"The Niagara County Refuse Disposal site is an approximately 65-acre site in a residential and agricultural area on Witmer Road, Town of Wheatfield, Niagara County. It is bounded by Witmer Road to the east, low density residences, woodlands, and two large ponds from a former clay mining operations to the north, agricultural fields to the west, and railroad tracks, River Road, and Gratwick Riverside Park to the south. The Niagara River is approximately 500 feet south of the site. Niagara Falls is down gradient from this site.\n\tDuring its operation period (1968-1976), the Niagara County Refuse Di…","website":"https://appfactory.dec.ny.gov/DERExternalSearch/ERDDetails?CameFromList=false&SiteCode=932026","address":"Witmer Road","city":"Wheatfield","zip":"14305.0","lat":43.066249,"lon":-78.906412,"chems":[],"rad_class":null,"rad_iso":[],"program_number":"932026","reports":[{"title":"EPA Third Five-Year Review, 2014 — Niagara County Refuse Site","url":"https://extapps.dec.ny.gov/data/DecDocs/932026/Report.HW.932026.2014-09-04.EPA%20Third%205%20Year%20Review.pdf"}],"docs_url":"https://extapps.dec.ny.gov/data/DecDocs/932026/"}},{"type":"Feature","geometry":{"type":"Point","coordinates":[-79.04698112,43.08197064]},"properties":{"site_name":"Adams Generating Plant","designation":"NY State Superfund","program_type":"HW","program_category":"HW","acres":1.0,"chemicals":"","narrative":"This one acre site is located on Niagara River, Buffalo Ave., at 13th Street, at the site of the historic Niagara Falls Power Co. / Edward Dean Adams Power Station\nBuffalo Ave. The City of Niagara Falls filled a forebay and two penstocks (444 cubic yards each) with layers of incinerator residue, construction debris, and fill soil in the early 1960s pursuant to an agreement with the Niagara Mohawk Power Corp. In 1982 the U.S.G.S. conducted soil sampling to the northwest of the old Forebay. Heavy metals and organics were detected, but only iron exceeded the ranges typical of this area.  In 1988,…","website":"https://appfactory.dec.ny.gov/DERExternalSearch/ERDDetails?CameFromList=false&SiteCode=932079","address":"On Niagara River, Buffalo Ave., at 13th Street","city":"Niagara Falls","zip":"14303.0","lat":43.08197064,"lon":-79.04698112,"chems":[],"rad_class":null,"rad_iso":[],"program_number":"932079","reports":[],"docs_url":null}},{"type":"Feature","geometry":{"type":"Point","coordinates":[-78.995245676,43.075564836]},"properties":{"site_name":"NFWB Water Treatment Plant","designation":"NY State Superfund","program_type":"HW","program_category":"HW","acres":1.0,"chemicals":"","narrative":"The Buffalo Avenue site consists of a 1.0 acre parcel of land located between Buffalo Ave./Niagara R., 56th - 61st, in Niagara Falls, about 400 feet north of the Niagara River.\nThis site was a former wetland area that was used from 1930's to 1960's by Niagara Falls for the disposal of non-combustibles and incinerator residue, and by the NYPA for the disposal of dredging and power project spoil material\nTraprock fill was used along the southern part of the area during construction of the\nparkway.\nTesting in the early 1980s confirmed chlorinated organics. Subsequent testing confirmed contaminati…","website":"","address":"Between 5815 Buffalo Ave./Niagara R., 56th - 61st St.","city":"Niagara Falls","zip":"14304.0","lat":43.075564836,"lon":-78.995245676,"chems":[],"rad_class":null,"rad_iso":[],"program_number":"932080B","reports":[],"docs_url":null}},{"type":"Feature","geometry":{"type":"Point","coordinates":[-78.98042846,43.07107334]},"properties":{"site_name":"Cayuga Island","designation":"NY State Superfund","program_type":"HW","program_category":"HW","acres":10.0,"chemicals":"","narrative":"Cayuga Island is in the Niagara River at the outlet of Cayuga Creek in the city of Niagara Falls. The site itself is approximately 5-acres and located in the Niagara River in the southeastern portion of the city of Niagara Falls. The site originally consisted of two areas, the western tip of the island and portions of the southern shoreline, however, after initial investigations only the western tip was identified as the site. The site is bounded by the Niagara River to the north, south, and west; with the remaining portion of the island to the east. The site is located approximately 0.65-mile…","website":"https://appfactory.dec.ny.gov/DERExternalSearch/ERDDetails?SiteName=&County=All%20Counties&City=Niagara%20Falls&Position=30&CameFromList=true&EngineeringControls=All&InstitutionalControls=All&Region=All%20Regions&ControlType3=All&Street=&Program=All%20Programs&SiteClass=All%20Classes&SiteCode=932008%20%20","address":"WEST RIVERSHORE DRIVE","city":"NIAGARA FALLS","zip":"14304.0","lat":43.07107334,"lon":-78.98042846,"chems":[],"rad_class":null,"rad_iso":[],"program_number":"932008","reports":[],"docs_url":null}},{"type":"Feature","geometry":{"type":"Point","coordinates":[-78.95138389,43.07478316]},"properties":{"site_name":"Griffon Park","designation":"NY State Superfund","program_type":"HW","program_category":"HW","acres":10.0,"chemicals":"1,1,1-Trichloroethane (TCA) | 1,1-Dichloroethene | 1,2-Dichlorobenzene | 1,2-Dichloroethane | 1,4-Dichlorobenzene | Acenaphthylene | Acetone | Ammonia | Anthracene | Arsenic | Barium | Benzene | Benzo(a)anthracene | Benzo(a)pyrene | Benzo(b)fluoranthene | Beryllium | Carbon tetrachloride | Chlorobenzene | Chloroform | Chromium | Chrysene | Copper | Ethylbenzene | Fluorene | Lead | Manganese | Mercury | Methylene chloride | Naphthalene | Nickel | PAHs | PAHs (polycyclic aromatic hydrocarbons) | Phenanthrene | Pyrene | Selenium | Sulfates | Tetrachloroethene (PCE) | Thallium | Toluene | Trichloroethene (TCE) | VOCs | Vinyl chloride | Xylenes | Zinc","narrative":"The site is located along Buffalo Ave at the foot of 95th Street in the LaSalle section of the City of Niagara Falls.  The site is adjacent to the 102nd Street Landfill, which is directly east of the property. The Niagara River forms the southern boundary of the property.\nThe property consists of a developed City Park that has passive recreational uses including walking trails and a City boat launch.\nThe site was used to dispose of an unknown quantity of municipal and domestic wastes. While some industrial material was dumped, no drummed wastes or hazardous material is known to have been dispo…","website":"","address":"Between Buffalo Ave./Niagara R. at 95 St.","city":"Niagara Falls","zip":"14305.0","lat":43.07478316,"lon":-78.95138389,"chems":["Benzene","Vinyl chloride","Arsenic","Hexavalent chromium","TCE","Lead","Benzo(a)pyrene","Beryllium","Mercury"],"rad_class":null,"rad_iso":[],"program_number":"932081","reports":[],"docs_url":null}},{"type":"Feature","geometry":{"type":"Point","coordinates":[-79.05452712,43.08693516]},"properties":{"site_name":"Hydraulic Canal","designation":"NY State Superfund","program_type":"HW","program_category":"HW","acres":3.1,"chemicals":"","narrative":"Following the collapse of the Schoellkopf Power Generating Station in 1956, Niagara Falls\n famous hydraulic canal was filled in.  The canal was filled by the City of Niagara Falls using municipal refuse, demolition debris and other materials.  Industrial wastes are reported to have been disposed of here, although the type and quantity of these wastes are unknown.  To assess the site, monitoring wells were installed in the fill of the canal - one at each end.  The USGS collected water samples from the southern well. Two volatile organic priority pollutants were\nfound, but at concentrations less…","website":"https://appfactory.dec.ny.gov/DERExternalSearch/ERDDetails?CameFromList=false&SiteCode=932082","address":"Between Buffalo Ave. and 2nd Street","city":"Niagara Falls","zip":"","lat":43.08693516,"lon":-79.05452712,"chems":[],"rad_class":null,"rad_iso":[],"program_number":"932082","reports":[],"docs_url":null}},{"type":"Feature","geometry":{"type":"Point","coordinates":[-79.00426801,43.11129112]},"properties":{"site_name":"New Road","designation":"NY State Superfund","program_type":"HW","program_category":"HW","acres":49.0,"chemicals":"","narrative":"The site was used by the City of Niagara Falls during the 1950's as a dump for non-combustibles and incinerator refuse.  A fishkill in Gill Creek in 1954 or 1955 was attributed to the leachate from this site. PASNY used this site for disposal of rock spoils and clean fill from the power project excavations from 1958 to 1962.  USGS collected water samples from each of three monitoring wells at the site.  Results indicate the presence of an organic compound in the samples in low concentration. Iron, lead, and manganese concentrations\nexceeded USEPA criteria for drinking water in all three sample…","website":"https://appfactory.dec.ny.gov/DERExternalSearch/ERDDetails?CameFromList=false&SiteCode=932083","address":"New Road North of Porter Road","city":"Niagara Falls","zip":"","lat":43.11129112,"lon":-79.00426801,"chems":[],"rad_class":null,"rad_iso":[],"program_number":"932083","reports":[],"docs_url":null}},{"type":"Feature","geometry":{"type":"Point","coordinates":[-78.99018029,43.08691315]},"properties":{"site_name":"64th Street","designation":"NY State Superfund","program_type":"HW","program_category":"HW","acres":30.0,"chemicals":"","narrative":"The site includes an area of 20 acres on the north of Pine Ave., and 10 acres on the south of Pine Ave.  This land was originally farmland before being used as a landfill. The City of Niagara Falls operated a municipal landfill on this site during the 1940's and 1950's and possibly the early 1960's. Domestic and commercial refuse are suspected to be the principal wastes, although the disposal of industrial wastes is a possibility. In 1985, EPA conducted a boring/sampling program at the south site. Results confirmed polyaromatic hydrocarbons and phthalates up to 61,000 ppb.  Pesticides were als…","website":"https://appfactory.dec.ny.gov/DERExternalSearch/ERDDetails?CameFromList=false&SiteCode=932085","address":"North and South of Pine Avenue at 64th Street","city":"Niagara Falls","zip":"14301.0","lat":43.08691315,"lon":-78.99018029,"chems":[],"rad_class":null,"rad_iso":[],"program_number":"932085","reports":[],"docs_url":null}},{"type":"Feature","geometry":{"type":"Point","coordinates":[-78.986362159,43.091772398]},"properties":{"site_name":"64th Street North Site","designation":"NY State Superfund","program_type":"","program_category":null,"acres":15.0,"chemicals":"","narrative":"The 64th Street North Site is located in an urban area to the north of Pine Ave. at the northeast intersection of Factory Outlet Blvd and ------Drive in Niagara Falls, Niagara County.\nApproximately 60 percent of this land is covered by pavement or commercial buildings.\nSince the late 1930s, the area now known as the 64th Street site has been used intermittently for the disposal of municipal, commercial, construction/demolition, and alleged industrial and hazardous wastes. This disposal has taken place within drainage swales crossing the site and within surrounding wetland areas.\nBetween the la…","website":"","address":"North of Pine Avenue","city":"Niagara Falls","zip":"14304.0","lat":43.091772398,"lon":-78.986362159,"chems":[],"rad_class":null,"rad_iso":[],"program_number":"nan","reports":[],"docs_url":null}},{"type":"Feature","geometry":{"type":"Point","coordinates":[-78.992790993,43.088725627]},"properties":{"site_name":"64th Street South","designation":"NY State Superfund","program_type":"","program_category":null,"acres":10.0,"chemicals":"","narrative":"The 64th Street South site is bound by Girard Avenue to the south, 61st Street to the west, Niagara Falls Boulevard (Route 62) to the north, and Chevy Place to the east in the City of Niagara Falls, Niagara County.\nThis 10 acre site includes commercial buildings, parking areas, and small parcels of both commercial and residential land.\nOriginally farmland, the City of Niagara Falls operated a municipal landfill on this site during the 1940's and 1950's and possibly the 1960's.  Domestic and commercial wastes are suspected to be the principal wastes, although the disposal of industrial wastes i…","website":"","address":"South of Pine Avenue","city":"Niagara Falls","zip":"","lat":43.088725627,"lon":-78.992790993,"chems":[],"rad_class":null,"rad_iso":[],"program_number":"nan","reports":[],"docs_url":null}},{"type":"Feature","geometry":{"type":"Point","coordinates":[-79.033963326,43.126390205]},"properties":{"site_name":"Witmer Road Site","designation":"NY State Superfund","program_type":"HW","program_category":"HW","acres":0.999,"chemicals":"1,1-dichloroethene, 1,1-dichloroethane, 1,1,2 trichloroethene, benzene, toluene","narrative":"The Witmer Road site is a 1-acre parcel in the Town of Niagara, Niagara County.  This site is located in an urban area. The site is now a scrapyard and is bordered by scrap yards. The potential for contaminant migration is indeterminable.\n      From the early 1950s to 1965, the Witmer Road disposal site reportedly was used to dump various types of waste including lime clean-outs from the International Mineral and Chemical Company, wastes from air pollution control equipment owned and operated by Airco Alloys, and slag materials from the Vanadium Corporation. The City of Niagara Falls reportedl…","website":"https://appfactory.dec.ny.gov/DERExternalSearch/ERDDetails?CameFromList=false&SiteCode=932027","address":"James Avenue at Witmer Road","city":"Niagara","zip":"14305.0","lat":43.126390205,"lon":-79.033963326,"chems":["Benzene","TCE"],"rad_class":null,"rad_iso":[],"program_number":"932027","reports":[],"docs_url":null}},{"type":"Feature","geometry":{"type":"Point","coordinates":[-78.931229955,43.108065216]},"properties":{"site_name":"Niagara Frontier Transportation Auth.","designation":"NY State Superfund","program_type":"HW","program_category":"HW","acres":2.75,"chemicals":"Acetone | Phenol | Tetrachloroethene (PCE) | Zinc","narrative":"This site is the location of a former lagoon located on Niagara Frontier Transportation Authority\ns property, in the town of Wheatfield, adjacent to Niagara Falls. The basin collected an unknown amount of phenolic spills from the adjacent abrasive plant. A phenol spill from Carborundum in 1978 released an unknown amount of phenol to this pond. Phenol was detected at high concentrations in sediment in 1979 (when a clean up was effected) and in surface water in 1991.\n      The pond drains across the airport to Cayuga Creek.\n\n      The potential for contaminant migration is indeterminable. Priori…","website":"","address":"Niagara Falls Boulevard","city":"Wheatfield","zip":"14304.0","lat":43.108065216,"lon":-78.931229955,"chems":[],"rad_class":null,"rad_iso":[],"program_number":"932090","reports":[],"docs_url":null}},{"type":"Feature","geometry":{"type":"Point","coordinates":[-78.944676824,43.070993599]},"properties":{"site_name":"Niagara River","designation":"NY State Superfund","program_type":"","program_category":null,"acres":2.7,"chemicals":"","narrative":"The Belden site is a residential property located at 2006 Wildwood Parkway on the boundary of the City of Niagara Falls and Town of Wheatfield, New York. The site is located in a residential neighborhood on the Niagara River. This site was used by the Goodyear Company for the deposition of fill, rubble, and thiazole polymer blends in unknown quantities.\n\n      Leachate has been noted leaving this site in surface water, but the\nchemical composition is unknown.\n      Soil samples at the site were analyzed for volatile organic compounds (VOCs), semi-volatile organic compounds, metals, and pestici…","website":"https://appfactory.dec.ny.gov/DERExternalSearch/ERDDetails?CameFromList=false&SiteCode=932055","address":"East of Olin's 102nd Street Site","city":"Wheatfield","zip":"14240.0","lat":43.070993599,"lon":-78.944676824,"chems":[],"rad_class":null,"rad_iso":[],"program_number":"nan","reports":[],"docs_url":null}},{"type":"Feature","geometry":{"type":"Point","coordinates":[-78.98933465,43.10524555]},"properties":{"site_name":"Old Creek Bed","designation":"NY State Superfund","program_type":"HW","program_category":"HW","acres":0.0,"chemicals":"","narrative":"This site is located in a residential area at Porter Road and Tuscarora Road, Niagara, Niagara County. Cayuga Creek used to flow here; the creek is nearby. There are apparent raised fill areas behind two addresses on Packard Road.\n      The site has been used for disposal of fill with rocks, broken concrete, and some inert wastes from a Carborundum Warehouse that burned in 1977. Also, Hooker Chemical indicated that some hexachlorocyclopentadiene (C-56) catalyst may have been disposed here. Water samples from adjacent Cayuga Creek indicated trace quantities of copper, lead, and organic compound…","website":"","address":"6421 Packard Road","city":"Niagara Falls","zip":"14302.0","lat":43.10524555,"lon":-78.98933465,"chems":[],"rad_class":null,"rad_iso":[],"program_number":"932056D","reports":[],"docs_url":null}},{"type":"Feature","geometry":{"type":"Point","coordinates":[-79.04178098,43.08521167]},"properties":{"site_name":"Silbergeld Junk Yard","designation":"NY State Superfund","program_type":"HW","program_category":"HW","acres":2.0,"chemicals":"","narrative":"The Hyman Silbergeld Scrap Iron and Metal Company used the site to dispose of steel and nickel drums, unusable equipment, wire, pipe and other waste material from Hooker Chemicals, Oldbury Electrochemical, and Olin Matheson during the period from the mid-1930's to the mid-1950's.  Hooker and Olin have stated that no chemicals were disposed at this site. Later investigations revealed slightly elevated levels of Polynuclear Aromatic Hydrocarbons (PAHs). High metal concentrations were confirmed by the Phase II investigation. Recently, the site has been used for storage of soil by a private citize…","website":"https://appfactory.dec.ny.gov/DERExternalSearch/ERDDetails?CameFromList=false&SiteCode=932093","address":"South end of 14th Street","city":"Niagara Falls","zip":"14303.0","lat":43.08521167,"lon":-79.04178098,"chems":[],"rad_class":null,"rad_iso":[],"program_number":"932093","reports":[],"docs_url":null}},{"type":"Feature","geometry":{"type":"Point","coordinates":[-78.98415817,43.07378974]},"properties":{"site_name":"Rodeway Inn/LaSalle Yacht Club","designation":"NY State Superfund","program_type":"HW","program_category":"HW","acres":2.0,"chemicals":"","narrative":"The site was used primarily to dispose of incinerator waste.  Also, an unknown quantity of broken concrete was reported to be disposed of at this site.  The broken concrete came from Olin Chemicals. Investigations reveals no significant contamination. No further action is required.\n      Authorities concluded that there is little exposure risk since the area is covered with soil and access is limited to hotel employees and guests, and the western portion is fenced off and limited to LaSalle yacht club employees and members. There is a swimming pool in the hotel portion. Surface and ground wate…","website":"https://appfactory.dec.ny.gov/DERExternalSearch/ERDDetails?CameFromList=false&SiteCode=932086","address":"BUFFALO AVENUE","city":"NIAGARA FALLS","zip":"14304.0","lat":43.07378974,"lon":-78.98415817,"chems":[],"rad_class":null,"rad_iso":[],"program_number":"932086","reports":[],"docs_url":null}},{"type":"Feature","geometry":{"type":"Point","coordinates":[-78.98978944,43.0824701]},"properties":{"site_name":"St. Marys and Bishop Duffy School","designation":"Brownfield","program_type":"","program_category":null,"acres":2.0,"chemicals":"","narrative":"The site was reportedly used by Hooker Chemical Company to dispose of fly ash during the 1950's. The site later became the parking lot for Niagara Catholic High School. In August of 1982 and May of 1983, the USGS collected soil samples in the approximate area of suspected disposal. The results indicated low levels of some organic chemicals. Further investigation revealed elevated levels of radiation in the parking lot and football field, which is suspected to be from TENORM (human enhanced radioactive material) slag material.\n      New York State Department of Health has recommended that the r…","website":"https://appfactory.dec.ny.gov/DERExternalSearch/ERDDetails?CameFromList=false&SiteCode=932087","address":"66th Street","city":"Niagara Falls","zip":"","lat":43.0824701,"lon":-78.98978944,"chems":[],"rad_class":"TENORM","rad_iso":[],"program_number":"nan","reports":[],"docs_url":null}},{"type":"Feature","geometry":{"type":"Point","coordinates":[-78.963663889,43.093077778]},"properties":{"site_name":"Charles Gibson Site","designation":"NY State Superfund","program_type":"HW","program_category":"HW","acres":1.628,"chemicals":"","narrative":"The Charles Gibson Site is an approximately 2.00-acre site in a commercial and residential area of Niagara Falls. Cayuga Creek borders the site to the north and east.\n      In the fall of 1957, Olin Chemical dumped approximately 438 drums of hexachlorobenzene and then 101 truckloads of hexachlorocyclohexane (BHC) alpha-beta cake at the site. HCB was used as a fungicide and generated as a by-product or impurity in related chemical syntheses. The alpha-beta cake was residue from Olin's manufacturing process that produced a mixture of isomeric forms, which included the alpha, beta, delta and gamm…","website":"https://appfactory.dec.ny.gov/DERExternalSearch/ERDDetails?CameFromList=false&SiteCode=932063","address":"N.E. Cnr. of Niagara Falls Blvd. & Tuscarora Rd.","city":"Niagara Falls","zip":"14304.0","lat":43.093077778,"lon":-78.963663889,"chems":[],"rad_class":null,"rad_iso":[],"program_number":"932063","reports":[],"docs_url":null}},{"type":"Feature","geometry":{"type":"Point","coordinates":[-78.95514497,43.08719647]},"properties":{"site_name":"93rd Street School","designation":"NY State Superfund","program_type":"HW","program_category":"HW","acres":10.964,"chemicals":"FLY ASH AND BHC CAKES","narrative":"The USEPA conducted surface soil sampling during 1985.  A Remedial Investigation/ Feasibility Study (RI/FS) at this site was completed in1988. EPA signed a Record of Decision (ROD) in September 1988 which called for excavation and on-site solidification/ stabilization of soils. During the Remedial Investigation and other follow up supplementary investigations, dioxin was not detected at EPA's level of concern of 1 ppb for residential soils. Consequently a Post Decision Proposed Plan (PDPP) was prepared and EPA Issued an Amendment to the ROD in May 1991 replacing on site solidification/ stabili…","website":"","address":"93rd Street at Colvin Avenue","city":"Niagara Falls","zip":"14304.0","lat":43.08719647,"lon":-78.95514497,"chems":["Lindane / BHC"],"rad_class":null,"rad_iso":[],"program_number":"932078","reports":[],"docs_url":null}},{"type":"Feature","geometry":{"type":"Point","coordinates":[-78.951086111,43.085272222]},"properties":{"site_name":"97th St. Methodist Church","designation":"NY State Superfund","program_type":"HW","program_category":"HW","acres":0.0,"chemicals":"","narrative":"The 97th Street Methodist Church Site is located in a suburban area at the corner of 97th Street and Colvin Blvd., Niagara Falls, Niagara County.\nThis site is occupied by a religious center and paved parking area.\nOlin Chemicals was alleged to have used this site to dispose of 23 tons of broken concrete cells in August and September of 1958.  The Love Canal site is also located 400 feet southeast of this property.  In August of 1982, USGS drilled four test borings to take soil and water samples.  The result indicates heavy concentration of iron and organic compounds in the water samples.  The …","website":"https://appfactory.dec.ny.gov/DERExternalSearch/ERDDetails?CameFromList=false&SiteCode=932084","address":"97th Street","city":"Niagara Falls","zip":"14202.0","lat":43.085272222,"lon":-78.951086111,"chems":[],"rad_class":null,"rad_iso":[],"program_number":"932084A","reports":[],"docs_url":null}},{"type":"Feature","geometry":{"type":"Point","coordinates":[-79.028238889,43.082105556]},"properties":{"site_name":"Olin Corporation Plant Site","designation":"RCRA Corrective Action","program_type":"HW","program_category":"HW","acres":23.111,"chemicals":"aromatic compounds, benzene hexachlorides (BHCs), mercury, chlorinated solvents (primarily tetrachloroethene (PCE), trichloroethene (TCE)","narrative":"The Olin Corporation Plant Site is located at 2400 Buffalo Avenue, in an industrialized and residential area in the City of Niagara Falls, New York. The Plant is bounded by Buffalo Avenue to the north, the DuPont Chemical Corporation Plant Site to the south, the former Solvent Chemical facility to the east, and vacant land to the west. Populated residential neighborhoods are across the street to the north.\nThe Olin Corporation Plant Site is divided into three distinct parcels.\nThe western parcel, formerly known as Plant 1, is a 6.5 acre parcel bounded on the north by Buffalo Avenue, on the sou…","website":"","address":"2400 Buffalo Avenue","city":"Niagara Falls","zip":"14302.0","lat":43.082105556,"lon":-79.028238889,"chems":["Benzene","TCE","Mercury"],"rad_class":null,"rad_iso":[],"program_number":"932051B","reports":[],"docs_url":null}},{"type":"Feature","geometry":{"type":"Point","coordinates":[-79.026467746,43.081099076]},"properties":{"site_name":"Olin Corporation - Disposal Well","designation":"RCRA Corrective Action","program_type":"HW","program_category":"HW","acres":0.385,"chemicals":"","narrative":"The Olin Corporation - Deepwell site is located in the City of Niagara Falls, within the Olin Plant Complex on Buffalo Avenue. Residences are in close proximity. The well is technically an industrial water supply well where approximately 130,000 tons of end liquor (60-65% water, 30% sulfuric acid, 5-10% sodium chlorite) was disposed. Disposal was halted in 1977. The well was capped and covered with fill. The government concluded that the end liquor was not hazardous based on chemical content and that pH was the only issue. Implementation of the Remedial Program began in 1997 and is comprised o…","website":"https://appfactory.dec.ny.gov/DERExternalSearch/ERDDetails?CameFromList=false&SiteCode=932037","address":"Buffalo Avenue","city":"Niagara Falls","zip":"14302.0","lat":43.081099076,"lon":-79.026467746,"chems":[],"rad_class":null,"rad_iso":[],"program_number":"932037","reports":[],"docs_url":null}},{"type":"Feature","geometry":{"type":"Point","coordinates":[-78.94116611,43.12955729]},"properties":{"site_name":"Carborundum Specialty Products","designation":"NY State Superfund","program_type":"HW","program_category":"HW","acres":38.749,"chemicals":"TCE, Vinyl Chloride, Cis-1-2 Dichloroethene","narrative":"This is a significant manufacturing facility located at 2050 Cory Road, Wheatfield, New York, close to the Niagara Falls border. The main site features include several large active manufacturing buildings surrounded by parking areas and roadways. A 93,000 square foot facility expansion was completed in 2011; new adjoining buildings at the north end of the site were built.\n      Operations at the Carborundum Site began in 1963. Trichloroethene (TCE) was in use at the Carborundum Company as a degreaser in the manufacture of specialty abrasive carbon and\ngraphite cloths from 1963 to 1983. Other c…","website":"https://appfactory.dec.ny.gov/DERExternalSearch/ERDDetails?CameFromList=false&SiteCode=932102","address":"2050 Cory Dr","city":"Sanborn","zip":"14132.0","lat":43.12955729,"lon":-78.94116611,"chems":["Vinyl chloride","TCE"],"rad_class":null,"rad_iso":[],"program_number":"932102","reports":[],"docs_url":null}},{"type":"Feature","geometry":{"type":"Point","coordinates":[-79.0125664,43.0938123]},"properties":{"site_name":"ROSS STEEL","designation":"Information Not Available","program_type":"","program_category":null,"acres":1.5,"chemicals":"Heavy metals","narrative":"[business address site was supposedly contaminated, plus two sites on Connecting Road and Pine Avenue, where NYPA conduits pass, were used and chemical dump sites:\n\n      In 1982, two soil samples were obtained from the Ross Steel Company\ns property, which was located south of CECOS (near 1120 Connecting Road), that revealed heavy metal contamination.\n      The former company site is the location through which the Power Authority Conduits pass. Large excavations were made in order to place these conduits. As a result of that construction, the Ross Steel site is now either excavated or covered …","website":"","address":"4237 Pine Avenue","city":"Niagara Falls","zip":"14301.0","lat":43.0938123,"lon":-79.0125664,"chems":[],"rad_class":null,"rad_iso":[],"program_number":"nan","reports":[],"docs_url":null}},{"type":"Feature","geometry":{"type":"Point","coordinates":[-79.00945944,43.08945639]},"properties":{"site_name":"Frontier Chemical - Royal Avenue","designation":"RCRA Corrective Action","program_type":"HW","program_category":"HW","acres":9.844,"chemicals":"1,2-dichloroethane | Chlorotoluene | Trichloroethene (TCE) | 1,1,1-Trichloroethane(TCA) | Phenol | 1,1 dichloroethene | 1,3-dichlorobenzene | Methylene chloride | 1,1-dichloroethane | Benzene | SOLVENT CHEMICALS (CHLOROBENZENES, TRICHLORO & | 1,2-dichlorobenzene | Tetrachlorethene | Vinyl chloride | 1,4-dichlorobenzene | TETRACHLOROETHENE, BENZOYL CHLORIDE) | Toluene | 1,2,4-trichlorobenzene | Acetone | Chlorobenzene | Xylene (mixed)","narrative":"The Frontier Chemical - Royal Avenue site is an approximately 9.8-acre site located at the northwestern corner of Royal Avenue and 47th Street in the City of Niagara Falls, Niagara County.\nThe Frontier Chemical Waste Process Corporation operated a permitted Waste Treatment, Storage, and Disposal (TSD) facility at the Royal Avenue Site from 1974 to December 1992. While operating, this facility treated or stored approximately 25,000 tons of chemical wastes per year. Several major spills were documented during the facility operations, and in December 1992, following documented releases of hazardo…","website":"","address":"4626 Royal Avenue","city":"Niagara Falls","zip":"14303.0","lat":43.08945639,"lon":-79.00945944,"chems":["Benzene","Vinyl chloride","TCE"],"rad_class":null,"rad_iso":[],"program_number":"932110","reports":[],"docs_url":null}},{"type":"Feature","geometry":{"type":"Point","coordinates":[-79.0205,43.0858]},"properties":{"site_name":"Ni-Mo Harper Substation","designation":"NY State Superfund","program_type":"","program_category":null,"acres":25.0,"chemicals":"","narrative":"The Harper Substation is located on Royal Avenue in the City of Niagara Falls, New York. It is a 25-acre rectangular parcel that is surrounded by industrial facilities to the north, east and south. Homes are 300 feet away. The twin buried conduits of the New York Power Authority Power Project lie to the west and the City\ns Falls Street Tunnel, a large combined sewer, lies to the north. Both systems influence groundwater flow on the site\nThe substation was originally constructed in the early 1920s by the Niagara Falls Power Corporation (a predecessor to Niagara Mohawk, and National Grid Company…","website":"https://appfactory.dec.ny.gov/DERExternalSearch/ERDDetails?SiteName=Harper%20substation&County=All%20Counties&City=&Position=0&CameFromList=true&EngineeringControls=All&InstitutionalControls=All&Region=All%20Regions&ControlType3=All&Street=&Program=All%20Programs&SiteClass=All%20Classes&SiteCode=932123%20%20","address":"47th st and Hyde Park Blvd","city":"Niagara","zip":"14303.0","lat":43.0858,"lon":-79.0205,"chems":[],"rad_class":null,"rad_iso":[],"program_number":"nan","reports":[],"docs_url":null}},{"type":"Feature","geometry":{"type":"Point","coordinates":[-79.02386934,43.08215216]},"properties":{"site_name":"Solvent Chemical","designation":"NY State Superfund","program_type":"HW","program_category":"HW","acres":5.429,"chemicals":"","narrative":"The Solvent Chemical site is a 5.7 acre site located at 3163 Buffalo Avenue in Niagara Falls, N.Y. The site is adjacent to several industrial facilities and a residential neighborhood. It is bordered to the north by Buffalo Avenue, to the west by the Olin Corporation, and to the south and east by the Olin. Gill Creek, which flows into the Niagara River, is situated approximately 400 feet west of the site. The Niagara River is approximately 800 feet south of the site. The nearest residential area, the historic Echota neighborhood and surrounding homes, is only\n mile north of the site.\nThe Solve…","website":"https://appfactory.dec.ny.gov/DERExternalSearch/ERDDetails?CameFromList=false&SiteCode=932096","address":"3163 Buffalo Avenue","city":"Niagara Falls","zip":"14303.0","lat":43.08215216,"lon":-79.02386934,"chems":[],"rad_class":null,"rad_iso":[],"program_number":"932096","reports":[],"docs_url":null}},{"type":"Feature","geometry":{"type":"Point","coordinates":[-78.9475,43.1133]},"properties":{"site_name":"Niagara Falls Air Reserve Station","designation":"Federal Facility","program_type":"","program_category":null,"acres":550.0,"chemicals":"PFAS","narrative":"Niagara Falls Air Reserve Station is of the worst polluted military sites in the nation with PFAS. Per- and polyfluoroalkyl chemicals are present in groundwater at the station in levels up to 300,000 times greater than drinking water standards set by the U.S. Environmental Protection Agency. The pollution came from foam, called aqueous film-forming foam, or AFFF, that firefighters used mostly in training activities at the station from the 1960s through late 1990s. PFAS chemicals have since made their way into Cayuga Creek, according to studies by Buffalo Niagara Waterkeeper and the state Depar…","website":"","address":"10405 Lockport rd","city":"Niagara Falls","zip":"14304.0","lat":43.1133,"lon":-78.9475,"chems":[],"rad_class":null,"rad_iso":[],"program_number":"nan","reports":[],"docs_url":null}},{"type":"Feature","geometry":{"type":"Point","coordinates":[-78.97911098,43.10252599]},"properties":{"site_name":"Alcliff Landscaping","designation":"NY State Superfund","program_type":"HW","program_category":"HW","acres":9.9,"chemicals":"","narrative":"This site is located at 1975 Military Road, Niagara Falls. It is adjacent to Cayuga Creek. Approximately 15 tandem dump loads of contaminated top soil excavated from the baseball and football fields at the 93rd Street School (Love Canal) were stored at this site during September 1979. The soil was later reported to be removed and transported to CECOS where it was used for landfill material. There is a question as to whether any sampling has been performed.","website":"","address":"1975 Military Road","city":"Niagara","zip":"","lat":43.10252599,"lon":-78.97911098,"chems":[],"rad_class":null,"rad_iso":[],"program_number":"932070","reports":[],"docs_url":null}},{"type":"Feature","geometry":{"type":"Point","coordinates":[-78.978241987,43.08771157]},"properties":{"site_name":"7503 Niagara Falls Blvd.","designation":"Brownfield","program_type":"BCP","program_category":"BCP","acres":0.889,"chemicals":"Tetrachloroethene (PCE) | 1,1,2-trichlorethylene","narrative":"The 7503 Niagara Falls Blvd. site is a 0.89-acre site located in a commercial corridor at 7515 Niagara Falls Blvd. in Niagara Falls, Niagara County. The site was formerly addressed as 7503 Niagara Falls, Blvd.\nThe property was formerly occupied by several commercial establishments, including various auto parts retail and auto repair facilities. Investigations revealed contamination, including:\nTetrachloroethene (PCE)\n1,1,2-trichlorethylene\nThe groundwater and saturated soils in two small areas of the site have been impacted. There is no evidence of any off site migration of ground water contam…","website":"","address":"7515 Niagara Falls Blvd","city":"Niagara Falls","zip":"14302.0","lat":43.08771157,"lon":-78.978241987,"chems":[],"rad_class":null,"rad_iso":[],"program_number":"C932126","reports":[],"docs_url":null}},{"type":"Feature","geometry":{"type":"Point","coordinates":[-78.980038889,43.100375]},"properties":{"site_name":"2250 Factory Outlet Boulevard Site","designation":"Brownfield","program_type":"BCP","program_category":"BCP","acres":1.805,"chemicals":"","narrative":"The 2250 Factory Outlet Boulevard site is a 1.810-acre site located in the Town of Niagara, Niagara County. It is at the northwest corner of Military Road and Factory Outlet Boulevard, east of the I-190 Expressway. It is currently a Niagara Frontier Transportation Authority (NFTA) bus terminal. Residences are .3 miles east.\nThe principal site contaminant was chromium, which was detected less than 5 feet below ground surface (fbgs) in soils in several areas of the site. The chromium appears to have been from past filling activities. Approximately 1,569 tons of chromium contaminated soils were d…","website":"","address":"2250 Factory Outlet Boulevard","city":"Niagara Falls","zip":"14304.0","lat":43.100375,"lon":-78.980038889,"chems":[],"rad_class":null,"rad_iso":[],"program_number":"C932127","reports":[],"docs_url":null}},{"type":"Feature","geometry":{"type":"Point","coordinates":[-79.041666667,43.120805556]},"properties":{"site_name":"1501 College Avenue Site","designation":"Brownfield","program_type":"BCP","program_category":"BCP","acres":12.332,"chemicals":"Chromium | Polychlorinated biphenyls (PCB) | Zinc | Benzo(k)fluoranthene | Arsenic | Phenanthrene | Pyrene | Acenaphthene | Dibenz[a,h]anthracene | Dibenzofuran | Benzo(a)pyrene | Fluorene | Indeno(1,2,3-cd)pyrene | Copper | Mercury | Nickel | Benzo(b)fluoranthene | Benzo(g,h,i)perylene | Chrysene | Fluoranthene | Naphthalene | Benzo(a)anthracene","narrative":"The 1501 College Avenue Site is a 12.357-acre site, located at 1501 College Avenue in the City of Niagara Falls, Niagara County. The site is bounded by College Avenue to the north, a private access road to the west and vacant industrial properties to the east and south. Residences are approximately 650 feet to the southwest.\nThe site consists of most of the former Union Carbide facility and previously contained several abandoned manufacturing buildings which have since been removed. There is evidence of illegal vehicle stripping and dumping occurring on the site.\nUnion Carbide operated the sit…","website":"https://appfactory.dec.ny.gov/DERExternalSearch/ERDDetails?SiteName=&County=All%20Counties&City=Niagara%20Falls&Position=3&CameFromList=true&EngineeringControls=All&InstitutionalControls=All&Region=All%20Regions&ControlType3=All&Street=&Program=All%20Programs&SiteClass=All%20Classes&SiteCode=C932134","address":"1501 College Avenue","city":"Niagara Falls","zip":"14304.0","lat":43.120805556,"lon":-79.041666667,"chems":["Arsenic","PCBs","Hexavalent chromium","Benzo(a)pyrene","Mercury"],"rad_class":null,"rad_iso":[],"program_number":"C932134","reports":[],"docs_url":null}},{"type":"Feature","geometry":{"type":"Point","coordinates":[-79.041138889,43.122191667]},"properties":{"site_name":"3807 Highland Avenue Site","designation":"Brownfield","program_type":"BCP","program_category":"BCP","acres":22.479,"chemicals":"Chromium | Iron | Benzo(k)fluoranthene | Arsenic | Phenanthrene | Pyrene | Dibenz[a,h]anthracene | Anthracene | Benzo(a)pyrene | Indeno(1,2,3-cd)pyrene | Manganese | Nickel | Sodium | Benzo(b)fluoranthene | Chrysene | Fluoranthene | Benzo(a)anthracene | Magnesium","narrative":"The 3807 Highland Avenue Site is a 22.25-acre site located in an urban area at 3807 Highland Avenue in the City of Niagara Falls, Niagara County. The site is bounded by Highland Avenue to the west, College Avenue to the south and industrial properties to the north and east. Residences are nearby.\nSince at least 1913 the site was used for industrial manufacturing, with the most recent use of the site for manufacturing silicon metal and ferrosilicon metal.\nThe fill materials consist of silt, sand, and gravel with varying amounts of slag, metal, and cinder-like materials at depths ranging from su…","website":"","address":"3807 Highland Avenue","city":"Niagara Falls","zip":"14305.0","lat":43.122191667,"lon":-79.041138889,"chems":["Arsenic","Hexavalent chromium","Benzo(a)pyrene"],"rad_class":null,"rad_iso":[],"program_number":"C932145","reports":[],"docs_url":null}},{"type":"Feature","geometry":{"type":"Point","coordinates":[-79.041483,43.122504]},"properties":{"site_name":"Solsil Site","designation":"Brownfield","program_type":"BCP","program_category":"BCP","acres":22.25,"chemicals":"SVOCs, VOCs, PCBs, petroleum contaminants","narrative":"This site is the Solsil 4.9 acre property located at 3801 Highland Avenue, Niagara Falls, Niagara County.\nThe site is a former heavy industrial facility since approximately 1910. Several environmental conditions related to the historic industrial manufacturing, including multiple current and historical underground storage tanks, drums, maintenance/repair buildings, current/former electrical substations, former waste battery storage area and a former smoke stack area. Contamination detected on site in the soil and sediment include elevated levels of inorganic compounds above the industrial and …","website":"","address":"3801 Highland Avenue","city":"Niagara Falls","zip":"14305.0","lat":43.122504,"lon":-79.041483,"chems":["PCBs"],"rad_class":null,"rad_iso":[],"program_number":"C932148","reports":[],"docs_url":null}},{"type":"Feature","geometry":{"type":"Point","coordinates":[-79.013258844,43.088215315]},"properties":{"site_name":"Former Mill No. 2","designation":"Brownfield","program_type":"BCP","program_category":"BCP","acres":18.484,"chemicals":"Iron | Antimony | Arsenic | 1,1 dichloroethene | 1,3-dichlorobenzene | Dibenz[a,h]anthracene | Benzo(a)pyrene | Indeno(1,2,3-cd)pyrene | 1,2-dichlorobenzene | Bis(2-ethylhexyl)phthalate | Manganese | Mercury | Sodium | 1,4-dichlorobenzene | Benzo(b)fluoranthene | Benzo(a)anthracene | Chlorobenzene | Magnesium","narrative":"The Former Mill #2 site, now known as Greenpac Mill, LLC/Cascades is a facility located at 4400 Royal Ave, Niagara Falls, Niagara County. The Greenpac Mill Site which includes the Former Mill #2, Northern Extension, and CSX Right of Way is 18.52 acres. The site is bounded by the active Norampac facility to the north, open land owned by Power Authority State of New York (PASNY) to the west, Royal Avenue to the south and industrial land along 47th street to the east. The site is adjacent to the Frontier Chemical Royal Ave inactive hazardous waste site #932110. Residences are within a quarter mil…","website":"https://appfactory.dec.ny.gov/DERExternalSearch/ERDDetails?SiteName=&County=All%20Counties&City=Niagara%20Falls&Position=8&CameFromList=true&EngineeringControls=All&InstitutionalControls=All&Region=All%20Regions&ControlType3=All&Street=&Program=All%20Programs&SiteClass=All%20Classes&SiteCode=C932150","address":"4400 Royal Avenue","city":"Niagara Falls","zip":"14303.0","lat":43.088215315,"lon":-79.013258844,"chems":["Arsenic","Benzo(a)pyrene","Mercury"],"rad_class":"TENORM","rad_iso":[],"program_number":"C932150","reports":[],"docs_url":null}},{"type":"Feature","geometry":{"type":"Point","coordinates":[-79.045761201,43.116379107]},"properties":{"site_name":"Tract I Highland Avenue","designation":"Brownfield","program_type":"BCP","program_category":"BCP","acres":6.078,"chemicals":"Polychlorinated biphenyls (PCB) | Lead | Arsenic | Dibenz[a,h]anthracene | Barium | Benzo(a)pyrene | Indeno(1,2,3-cd)pyrene | Copper | Benzo(b)fluoranthene","narrative":"The Tract I Site is located in a mixed light industrial, commercial and residential area at 3123 Highland Avenue in the City of Niagara Falls, Niagara County. It is approximately 5.9 acres and is bounded by Highland Avenue to the west; the Tulip Corporation, a plastics recycling company to the north; a 60 foot wide National Grid/Niagara Mohawk Power Corp. utility right-of-way to the east; and the Tract II Highland Avenue State Superfund Site (DEC Site Number 932136) to the south and east.  Several commercial establishments and the Niagara Falls Alternative School are located to the west of the…","website":"","address":"3123 HIGHLAND AVENUE","city":"NIAGARA FALLS","zip":"14305.0","lat":43.116379107,"lon":-79.045761201,"chems":["Arsenic","PCBs","Lead","Benzo(a)pyrene"],"rad_class":"TENORM","rad_iso":[],"program_number":"C932157","reports":[],"docs_url":null}},{"type":"Feature","geometry":{"type":"Point","coordinates":[-79.053655556,43.088847222]},"properties":{"site_name":"Niagara Street Market","designation":"Brownfield","program_type":"BCP","program_category":"BCP","acres":0.345,"chemicals":"Gasoline | PAHs","narrative":"The property is a combination of three adjacent parcels that total 0.3 acres.  Located in the City of Niagara Falls, on the northwest corner of 8th Street and Niagara Street, the property is just west of the intersection of John Daily Blvd. and Niagara Street. While the building formerly functioned as a gasoline service station and vehicle repair facility, and there was petroleum contamination on the site under site number, investigations also revealed elevated TENORM (human enhanced radioactive material) material in the eastern portion of the site.\nThe brownfield program was terminated due to…","website":"","address":"710 Niagara Street","city":"Niagara Falls","zip":"14303.0","lat":43.088847222,"lon":-79.053655556,"chems":[],"rad_class":"TENORM","rad_iso":[],"program_number":"C932159","reports":[],"docs_url":null}},{"type":"Feature","geometry":{"type":"Point","coordinates":[-79.007944444,43.090444444]},"properties":{"site_name":"Niacet Site","designation":"Brownfield","program_type":"BCP","program_category":"BCP","acres":19.134,"chemicals":"Mercury","narrative":"The Niacet Site is an approximately 19.15-acre parcel located at 400 47th Street in the City of Niagara Falls, Niagara County. It is immediately southeast of the intersection of 47th Street and Niagara Falls Boulevard. The site is bordered by the former Electro Metals facility to the east, Simmons Avenue and other industrial properties to the south, Niagara Falls Boulevard to the north and 47th Street to the west. Residences are within a quarter mile.\nThe facility was initially constructed in 1925-26 and operated as the Niacet Chemical Company. The plant originally produced acetaldehyde, paral…","website":"https://appfactory.dec.ny.gov/DERExternalSearch/ERDDetails?SiteName=&County=All%20Counties&City=Niagara%20Falls&Position=16&CameFromList=true&EngineeringControls=All&InstitutionalControls=All&Region=All%20Regions&ControlType3=All&Street=&Program=All%20Programs&SiteClass=All%20Classes&SiteCode=C932172","address":"400 47TH STREET","city":"NIAGARA FALLS","zip":"14304.0","lat":43.090444444,"lon":-79.007944444,"chems":["Mercury"],"rad_class":null,"rad_iso":[],"program_number":"C932172","reports":[],"docs_url":null}},{"type":"Feature","geometry":{"type":"Point","coordinates":[-79.005138889,43.08475]},"properties":{"site_name":"Covanta Niagara Rail-to-Truck Intermodal Facility","designation":"Brownfield","program_type":"BCP","program_category":"BCP","acres":14.548,"chemicals":"Chromium | Zinc | Benzo(k)fluoranthene | Cadmium | Endosulfan | Lead | Selenium | Alpha-BHC | Arsenic | Dibenz[a,h]anthracene | Barium | Benzo(a)pyrene | Beta-BHC | Indeno(1,2,3-cd)pyrene | Cobalt | Copper | Heptachlor epoxide | Manganese | Mercury | Nickel | Benzo(b)fluoranthene | Chrysene | Silver | Acetone | Benzo(a)anthracene | Dieldrin | Site Environmental Assessment","narrative":"The Covanta Niagara Rail-to-Truck Intermodal Facility site is an approximately 15.04-acre site located at the eastern edge of a larger former industrial complex at 137 47th Street in the City of Niagara Falls, Niagara County.\nThe site previously housed a building used for the maintenance and repair of locomotives, an inactive rail yard, and concrete floor slabs from the former industrial complex. Portions of the site consisted of aged asphalt, concrete and gravel surfaces with some vegetation occurring along the eastern site boundary. The former building, rail yard and other site features were…","website":"","address":"139 47th Street Rear","city":"Niagara Falls","zip":"14304.0","lat":43.08475,"lon":-79.005138889,"chems":["Arsenic","Hexavalent chromium","Cadmium","Lead","Benzo(a)pyrene","Lindane / BHC","Mercury"],"rad_class":"TENORM","rad_iso":["Th","Ra","U"],"program_number":"C932160","reports":[],"docs_url":null,"rad_basis":"Former Praxair / Union Carbide \"15-Acre\" site, adjacent to the ex-Electro Metallurgical (Electromet) plant on 47th St. Radioactive slag is interspersed in the surface soil/fill: naturally-occurring radioactive material enhanced by industrial processing (TENORM), primarily THORIUM and RADIUM (Th-232 and U-238/Ra-226 decay chains), tied to the Electromet uranium/thorium legacy — 1965-72 processing produced 505 tons of slag bearing 9,212 lb thorium dioxide + 1,293 lb U3O8 yellowcake, land-disposed at the Lake Ontario Ordnance Works. A MARSSIM gamma walkover survey (Ludlum NaI, Bicron) delineated the impacted-slag zones; gamma-spectroscopy of slag samples (EPA 901.1m) detected Radium-226, Radium-228, Actinium-228, Thallium-208, Thorium-234, Uranium-235 and Bismuth/Lead daughters. Source: Covanta/Praxair Remedial Investigation Report (LaBella, 2013)."}},{"type":"Feature","geometry":{"type":"Point","coordinates":[-79.056111111,43.082222222]},"properties":{"site_name":"401, 402, 430 Buffalo Avenue Site","designation":"Brownfield","program_type":"BCP","program_category":"BCP","acres":6.393,"chemicals":"Chromium | Lead | Dibenz[a,h]anthracene | Barium | Benzo(a)pyrene | Indeno(1,2,3-cd)pyrene | Mercury | Benzo(b)fluoranthene | PCB aroclor 1260 | 1,2,4-trimethylbenzene | Benzo(a)anthracene","narrative":"The 401, 402, and 430 Buffalo Avenue site is a 6.2-acre property located in an urban area in Niagara Falls, Niagara County. The site is bound by 4th Street to the west, 6th Street and Holly Place to the east, a public alleyway from 4th Street and 6th Street to the north, and the Robert Moses State Parkway with the Niagara River beyond to the south. Buffalo Avenue intersects the site.\n The 401 Buffalo Avenue parcel has been redeveloped with a hotel and parking lot.\nBeginning in 1901, Nabisco Shredded Wheat occupied the 402 and 430 parcels. Operations included use of underground fuel oil storage…","website":"https://appfactory.dec.ny.gov/DERExternalSearch/ERDDetails?SiteName=&County=All%20Counties&City=Niagara%20Falls&Position=12&CameFromList=true&EngineeringControls=All&InstitutionalControls=All&Region=All%20Regions&ControlType3=All&Street=&Program=All%20Programs&SiteClass=All%20Classes&SiteCode=C932164","address":"401, 402 and 430 Buffalo Avenue","city":"Niagara Falls","zip":"14303.0","lat":43.082222222,"lon":-79.056111111,"chems":["PCBs","Hexavalent chromium","Lead","Benzo(a)pyrene","Mercury"],"rad_class":null,"rad_iso":[],"program_number":"C932164","reports":[],"docs_url":null}},{"type":"Feature","geometry":{"type":"Point","coordinates":[-79.045238349,43.11750128]},"properties":{"site_name":"3125 Highland Avenue","designation":"Brownfield","program_type":"BCP","program_category":"BCP","acres":7.927,"chemicals":"","narrative":"The 3125 Highland Avenue Site is located in an urban area of Niagara Falls, New York and comprises (1) 3301 Highland Avenue (Section 140; Block 18; Lot-24) and (2) 3219 Highland Avenue (Section 144; Block 06; Lot 2-1).\nThe Site encompasses approximately 8.4 acres and includes several vacant former manufacturing buildings, parking areas, roadways, and small vegetated areas. The Site is bounded to the south by the former Power City Warehouse (Tract I Site Brownfield Cleanup Program [BCP] Site No. C932157), to the east by a narrow strip of land owned by National Grid and beyond by Tract II Site (…","website":"https://appfactory.dec.ny.gov/DERExternalSearch/ERDDetails?SiteName=&County=All%20Counties&City=Niagara%20Falls&Position=14&CameFromList=true&EngineeringControls=All&InstitutionalControls=All&Region=All%20Regions&ControlType3=All&Street=&Program=All%20Programs&SiteClass=All%20Classes&SiteCode=C932169","address":"3219 and 3301 Highland Avenue","city":"Niagara Falls","zip":"14305.0","lat":43.11750128,"lon":-79.045238349,"chems":[],"rad_class":null,"rad_iso":[],"program_number":"C932169","reports":[],"docs_url":null}},{"type":"Feature","geometry":{"type":"Point","coordinates":[-79.045833333,43.115555556]},"properties":{"site_name":"Tract II Highland Ave","designation":"NY State Superfund","program_type":"HW","program_category":"HW","acres":13.06,"chemicals":"","narrative":"The Tract II Highland Avenue Site is an approximately 13.046-acre site made up of three separate parcels in an urban area of the City of Niagara Falls, Niagara County. The western parcel is bordered by Highland Avenue and residential properties to the west, the Tract I Highland Avenue Site (BCP Site No. C932157), the Tulip Corporation Site (932170) to the north, and the delisted portion of the Tract II Highland Avenue Site to the east, and Beech Avenue and residential properties to the south. The eastern parcel is bordered by vacant industrial property to the north, a church and residential pr…","website":"","address":"3001 and 3079 Highland Ave/1300 and 1500 Beech Ave","city":"Niagara Falls","zip":"14305.0","lat":43.115555556,"lon":-79.045833333,"chems":[],"rad_class":"TENORM","rad_iso":[],"program_number":"932136","reports":[],"docs_url":null}},{"type":"Feature","geometry":{"type":"Point","coordinates":[-79.053201139,43.107072184]},"properties":{"site_name":"Building #42","designation":"Brownfield","program_type":"BCP","program_category":"BCP","acres":0.479,"chemicals":"polycyclic aromatic hydrocarbons, mercury, lead","narrative":"The Building #42 site is an approximately 0.478-acre site, located in a commercial area, at 2001 and 2011 Main Street in the City of Niagara Falls, Niagara County.\nThe site was occupied by several commercial businesses from 1888 to 2002, including a sausage factory, a dyeing company, a paint shop, a dry cleaner, and a commercial store. It has since been used as a parking lot.\nContaminants of concern at the site are polycyclic aromatic hydrocarbons, mercury, and lead. Additional investigation is required to determine the full extent of these contaminants and if other contaminants are present at…","website":"https://appfactory.dec.ny.gov/DERExternalSearch/ERDDetails?SiteName=&County=All%20Counties&City=Niagara%20Falls&Position=19&CameFromList=true&EngineeringControls=All&InstitutionalControls=All&Region=All%20Regions&ControlType3=All&Street=&Program=All%20Programs&SiteClass=All%20Classes&SiteCode=C932179","address":"2001 and 2011 Main Street","city":"Niagara Falls","zip":"14305.0","lat":43.107072184,"lon":-79.053201139,"chems":["Lead","Mercury"],"rad_class":null,"rad_iso":[],"program_number":"C932179","reports":[],"docs_url":null}},{"type":"Feature","geometry":{"type":"Point","coordinates":[-78.99807059,43.11055447]},"properties":{"site_name":"Forest Glen Subdivision","designation":"Federal NPL - Active","program_type":"HW","program_category":"HW","acres":27.075,"chemicals":"Trichloroethene (TCE) | Benzo(a)pyrene","narrative":"The Forest Glen Subdivision Site is a 39-acre site and is located in a suburban area in Niagara County NY. The site is approximately 0.5 miles north of Porter Road with the Expressway Village mobile home subdivision adjacent to the Site's southern boundary. The site is also bound by the Railroad yard.  Access to the Site is through Edgewood Drive.\nThe site includes one 38,400 sq. ft., one-story commercial/light-industrial building and a small shed that houses the extraction well control panel. The surrounding areas include an asphalt parking lot, maintained grass lawn, and undeveloped woodland…","website":"","address":"SERVICE ROAD","city":"NIAGARA FALLS","zip":"14304.0","lat":43.11055447,"lon":-78.99807059,"chems":["TCE","Benzo(a)pyrene"],"rad_class":null,"rad_iso":[],"program_number":"932097","reports":[{"title":"Third Quarter 2023 Groundwater Monitoring Report — Forest Glen (well locations)","url":"https://extapps.dec.ny.gov/data/DecDocs/932097/Report.HW.932097.2023-11-09.Third%20Quarter%202023%20Groundwater%20Sampling%20Report%20.pdf"}],"docs_url":"https://extapps.dec.ny.gov/data/DecDocs/932097/"}},{"type":"Feature","geometry":{"type":"Point","coordinates":[-78.9686,43.2201]},"properties":{"site_name":"Balmer Road School","designation":"Federal Facility","program_type":"","program_category":null,"acres":39.4,"chemicals":"","narrative":"Former U.S. Airforce Plant 68,  LAKE ONTARIO ORDNANCE WORKS, Lewiston, NY, 1966-1970\n\n      People who attended school in the 1960s at the Balmer Road Temporary Elementary School in Lewiston, New York, nearby Niagara Falls, are seeking information about exposure to radioactivity when they attended the school. A high percentage are battling cancer and other chronic illnesses. They believe that they were exposed to radioactive isotopes that were strewn about the school property, which was part of the Lake Ontario Ordnance Works (LOOW) site. This matter is developing.","website":"","address":"1600 Balmer Road","city":"","zip":"","lat":43.2201,"lon":-78.9686,"chems":[],"rad_class":"FUSRAP","rad_iso":["U","Th","Ra"],"program_number":"nan","reports":[],"docs_url":null}},{"type":"Feature","geometry":{"type":"Point","coordinates":[-79.003777778,43.127472222]},"properties":{"site_name":"4435-4445 Military Road Site","designation":"Brownfield","program_type":"BCP","program_category":"BCP","acres":1.148,"chemicals":"","narrative":"The 4435-4445 Military Road site is an approximately 1.19-acre site located at 4435-4445 Military Road in the Town of Niagara, Niagara County, which is adjacent to Niagara Falls. It is just south of the Niagara Reservoir and is owned by the Town of Niagara. The site is bounded by residential properties to the north and east, Military Road to the west and Grauer Road to the south. residential properties and Military and Grauer Roads.\nThe structure at the site has been used for a variety of commercial uses. Fill materials was deposited in the upper one to three feet.\n\tThe site was found to be co…","website":"","address":"4435-4445 Military Road","city":"Niagara","zip":"14035.0","lat":43.127472222,"lon":-79.003777778,"chems":[],"rad_class":null,"rad_iso":[],"program_number":"C932174","reports":[],"docs_url":null}},{"type":"Feature","geometry":{"type":"Point","coordinates":[-79.000841667,43.124577778]},"properties":{"site_name":"Former Military Road School","designation":"Brownfield","program_type":"BCP","program_category":"BCP","acres":3.998,"chemicals":"Acetone | Anthracene | Arsenic | Asbestos | Barium | Benzene | Benzo(a)anthracene | Benzo(a)pyrene | Benzo(b)fluoranthene | Cadmium | Carbon tetrachloride | Chromium | Chrysene | Cyanide | Ethylbenzene | Fluorene | Fuel oil | Furans | Gasoline | Lead | Lindane (HCH) | Mercury | Methylene chloride | Naphthalene | PAHs | PCBs | Phenanthrene | Pyrene | SVOCs | Selenium | Tetrachloroethene (PCE) | Toluene | Trichloroethene (TCE) | VOCs | Xylenes","narrative":"The Former Military Road School Site comprises 4.1-acres at 4185 Military Road in the Town of Niagara adjacent to Niagara Falls. The site is approximately 0.5-miles southeast of the intersection of Military Road with NYS Route 31. Currently, it is undeveloped land with grasses, scattered shrubs or trees, and a small paved area.\nThe site was used from 1940 to 1993. The site was found to be contaminated. The contamination is believed to be related to the use of contaminated fill materials, which materials underlay the majority of the site. The fill is largely industrial debris, slag, and reworke…","website":"","address":"4185 Military Road","city":"Niagara","zip":"14305.0","lat":43.124577778,"lon":-79.000841667,"chems":["Asbestos","Benzene","Arsenic","PCBs","Hexavalent chromium","TCE","Cadmium","Lead","Benzo(a)pyrene","Lindane / BHC","Mercury","Cyanide"],"rad_class":null,"rad_iso":[],"program_number":"C932175","reports":[],"docs_url":null}},{"type":"Feature","geometry":{"type":"Point","coordinates":[-78.718331,43.216586]},"properties":{"site_name":"Eighteenmile Creek Sediments","designation":"NY State Superfund","program_type":"HW","program_category":"HW","acres":240.54,"chemicals":"Dioxins | Furans | Lead | Mercury | PAHs (polycyclic aromatic hydrocarbons) | PCBs | SVOCs | TCDD (dioxin) | Trichloroethene (TCE) | VOCs | Vinyl chloride","narrative":"","website":"","address":"Eighteenmile Creek","city":"Lockport","zip":"14094","lat":43.216586,"lon":-78.718331,"chems":["Dioxins / TCDD","Vinyl chloride","PCBs","TCE","Lead","Mercury"],"rad_class":null,"rad_iso":[],"program_number":"932156","reports":[{"title":"OU3 Phase II Data Evaluation Report, 2020 — Eighteenmile Creek","url":"https://extapps.dec.ny.gov/data/DecDocs/932156/Report.HW.932156.2020-04-21.Phase_II_Data_Evaluation_Report_for_OU3.pdf"}],"docs_url":"https://extapps.dec.ny.gov/data/DecDocs/932156/"}},{"type":"Feature","geometry":{"type":"Point","coordinates":[-78.97852213,43.22280069]},"properties":{"site_name":"CWM Chemical Services, LLC","designation":"NY State Superfund","program_type":"HW","program_category":"HW","acres":508.939,"chemicals":"","narrative":"","website":"","address":"Balmer Road, Model City","city":"Porter","zip":"14107","lat":43.22280069,"lon":-78.97852213,"chems":[],"rad_class":null,"rad_iso":[],"program_number":"932045","reports":[],"docs_url":null}},{"type":"Feature","geometry":{"type":"Point","coordinates":[-78.918742702,43.078629661]},"properties":{"site_name":"Kozdranski Property","designation":"NY State Superfund","program_type":"HW","program_category":"HW","acres":18.473,"chemicals":"Cyanide | PCBs | PCBs (polychlorinated biphenyls) | SVOCs | VOCs","narrative":"","website":"","address":"Liberty Drive","city":"Wheatfield","zip":"14120-","lat":43.078629661,"lon":-78.918742702,"chems":["PCBs","Cyanide"],"rad_class":null,"rad_iso":[],"program_number":"932117","reports":[],"docs_url":null}},{"type":"Feature","geometry":{"type":"Point","coordinates":[-78.4730427,43.20805931]},"properties":{"site_name":"FMC Corporation","designation":"NY State Superfund","program_type":"HW","program_category":"HW","acres":112.914,"chemicals":"Arsenic | Furans | Lead | PCBs | SVOCs | VOCs","narrative":"","website":"","address":"100 NIAGARA STREET","city":"MIDDLEPORT","zip":"14105","lat":43.20805931,"lon":-78.4730427,"chems":["Arsenic","PCBs","Lead"],"rad_class":null,"rad_iso":[],"program_number":"932014","reports":[],"docs_url":null}},{"type":"Feature","geometry":{"type":"Point","coordinates":[-78.9497634,43.08135278]},"properties":{"site_name":"Love Canal","designation":"NY State Superfund","program_type":"HW","program_category":"HW","acres":66.482,"chemicals":"naphthalenes, benzoyl chlorides, benzotrichlorides, Metal chlorides, liquid disulfides, Hexachlorocyclohexane (Y-BHC/Lindane), Chlorobenzenes, Benzylchlorides--including benzyl chloride, benzyl thiocyanate, dodecyl (Lauryl, Loral) mercaptans (DDM), chlorides and miscellaneous organic sulfur compounds, chlorotoluene, thionyl chloride, and trichlorophenol (TCP) containing significant amounts of 2,3,7,8-tetrachlorodibenzo-p-dioxin (TCDD, or dioxin)","narrative":"The Love Canal site is an approximately 70-acre site located in a residential area at 805 97th Street in the City of Niagara Falls, Niagara County. The site is bounded by Colvin Boulevard to the north, 100th Street to the east, Frontier Avenue to the south and 95th Street to the west.\nThe site was originally an abandoned excavation project by William T. Love, who, in the early 1890s, planned it as a power canal between the upper and lower sections of the Niagara River. The site filled with water and was used by local residents for swimming, ice skating, and other recreation purposes. From appr…","website":"https://appfactory.dec.ny.gov/DERExternalSearch/ERDDetails?CameFromList=false&SiteCode=932020","address":"805 97TH STREET","city":"NIAGARA FALLS","zip":"14304.0","lat":43.08135278,"lon":-78.9497634,"chems":["Dioxins / TCDD","Lindane / BHC"],"rad_class":null,"rad_iso":[],"program_number":"932020","reports":[{"title":"2017 Periodic Review Report — Love Canal (groundwater monitoring)","url":"https://extapps.dec.ny.gov/data/DecDocs/932020/Report.HW.932020.2018-01-31.2017%20Periodic%20Review%20Report.pdf"}],"docs_url":"https://extapps.dec.ny.gov/data/DecDocs/932020/"}},{"type":"Feature","geometry":{"type":"Point","coordinates":[-78.56205,43.326230556]},"properties":{"site_name":"Barker Chemical","designation":"NY State Superfund","program_type":"HW","program_category":"HW","acres":10.548,"chemicals":"","narrative":"","website":"","address":"8473 West Somerset Rd.","city":"Barker (V)","zip":"14012","lat":43.326230556,"lon":-78.56205,"chems":[],"rad_class":null,"rad_iso":[],"program_number":"932119","reports":[],"docs_url":null}},{"type":"Feature","geometry":{"type":"Point","coordinates":[-78.724411012,43.166269819]},"properties":{"site_name":"Old Upper Mountain Road Site","designation":"NY State Superfund","program_type":"HW","program_category":"HW","acres":9.07,"chemicals":"","narrative":"","website":"","address":"Old Upper Mountain Road","city":"Lockport","zip":"14094","lat":43.166269819,"lon":-78.724411012,"chems":[],"rad_class":null,"rad_iso":[],"program_number":"932112","reports":[],"docs_url":null}},{"type":"Feature","geometry":{"type":"Point","coordinates":[-78.69949328,43.16526]},"properties":{"site_name":"NYSEG - Lockport State Road MGP","designation":"NY State Superfund","program_type":"HW","program_category":"HW","acres":0.97,"chemicals":"","narrative":"","website":"","address":"State Road","city":"Lockport","zip":"14094-","lat":43.16526,"lon":-78.69949328,"chems":[],"rad_class":null,"rad_iso":[],"program_number":"932109","reports":[],"docs_url":null}},{"type":"Feature","geometry":{"type":"Point","coordinates":[-78.688011042,43.178864902]},"properties":{"site_name":"Eighteenmile Creek Corridor","designation":"NY State Superfund","program_type":"HW","program_category":"HW","acres":25.815,"chemicals":"","narrative":"","website":"","address":"62, 70, 198 & 300 Mill Street","city":"Lockport","zip":"14094","lat":43.178864902,"lon":-78.688011042,"chems":[],"rad_class":null,"rad_iso":[],"program_number":"932121","reports":[],"docs_url":null}},{"type":"Feature","geometry":{"type":"Point","coordinates":[-78.98365,43.121033333]},"properties":{"site_name":"Niagara Highway Garage","designation":"NY State Superfund","program_type":"HW","program_category":"HW","acres":1.072,"chemicals":"Lead | Methanol | Sulfates","narrative":"","website":"","address":"7105 Lockport Road","city":"Niagara Falls","zip":"14305","lat":43.121033333,"lon":-78.98365,"chems":["Lead"],"rad_class":null,"rad_iso":[],"program_number":"932163","reports":[],"docs_url":null}},{"type":"Feature","geometry":{"type":"Point","coordinates":[-78.71725032,43.18116152]},"properties":{"site_name":"Lockport City Landfill","designation":"NY State Superfund","program_type":"HW","program_category":"HW","acres":32.629,"chemicals":"","narrative":"","website":"","address":"Oakhurst Road","city":"Lockport","zip":"14094","lat":43.18116152,"lon":-78.71725032,"chems":[],"rad_class":null,"rad_iso":[],"program_number":"932010","reports":[],"docs_url":null}},{"type":"Feature","geometry":{"type":"Point","coordinates":[-78.99825853,43.09515198]},"properties":{"site_name":"Necco Park","designation":"NY State Superfund","program_type":"HW","program_category":"HW","acres":22.293,"chemicals":"1,2-dichloroethane | Calcium | Chloroform | Perchloroethane | Trichloroethene (TCE) | Hexachlorobenzene | Phenol | Methylene chloride | 1,1-dichloroethane | 2,4,6-trichlorophenol | Barium | RUBBLE, OTHER CHEMICALS | 2,4,5-trichlorophenol | Vinyl chloride | 1,1,2,2-tetrachloroethane | Carbon tetrachloride | CHLORINATED COMPOUNDS (CHLOROBUTANES, | CHLOROETHANES | Hexachloroethane | 1,1,2-TCA | BRINE SLUDGE, BARIUM SALTS | CHLOROETHYLENES), METHANOL, TOLUENE, ACETATES, | Hexachlorobutadiene","narrative":"The Necco Park site is an approximately 25.00-acre site, located in an industrial area, at 5600B Niagara Falls Boulevard in the City of Niagara Falls, Niagara County. It within the boundaries of the Allied Waste Facility at Niagara Falls Boulevard and 56th Street. The site is bounded on the north and east by The Allied Waste Niagara Falls Landfill, to the south by three inactive hazardous waste landfill cells and a wastewater treatment facility, and to the west by an access road and a railroad right-of-way.\nThe site is a rectangular shaped landfill. It has an upgraded cap, five groundwater rec…","website":"https://appfactory.dec.ny.gov/DERExternalSearch/ERDDetails?CameFromList=false&SiteCode=932047","address":"5600B Niagara Falls Boulevard","city":"Niagara Falls","zip":"14302.0","lat":43.09515198,"lon":-78.99825853,"chems":["Vinyl chloride","TCE","Hexachlorobenzene"],"rad_class":null,"rad_iso":[],"program_number":"932047","reports":[],"docs_url":null}},{"type":"Feature","geometry":{"type":"Point","coordinates":[-79.00856147,43.07815254]},"properties":{"site_name":"Former Hooker Main Plant","designation":"NY State Superfund","program_type":"HW","program_category":"HW","acres":144.322,"chemicals":"","narrative":"","website":"","address":"Buffalo Avenue","city":"Niagara Falls","zip":"14302","lat":43.07815254,"lon":-79.00856147,"chems":[],"rad_class":null,"rad_iso":[],"program_number":"932019","reports":[],"docs_url":null}},{"type":"Feature","geometry":{"type":"Point","coordinates":[-78.958336111,43.100269444]},"properties":{"site_name":"Dibacco Site - Old Creek Bed #1","designation":"NY State Superfund","program_type":"HW","program_category":"HW","acres":null,"chemicals":"Chromium | Copper | Lead | Nickel | PAHs","narrative":"","website":"","address":"Porter Road and Tuscarora Road","city":"Niagara","zip":"14302","lat":43.100269444,"lon":-78.958336111,"chems":["Hexavalent chromium","Lead"],"rad_class":null,"rad_iso":[],"program_number":"932056A","reports":[],"docs_url":null}},{"type":"Feature","geometry":{"type":"Point","coordinates":[-79.052733333,43.081777778]},"properties":{"site_name":"Robert Moses Parkway-South Site","designation":"NY State Superfund","program_type":"HW","program_category":"HW","acres":15.522,"chemicals":"","narrative":"","website":"","address":"SW Corner of Intersection of John Daly Blvd","city":"Niagara Falls","zip":"14303","lat":43.081777778,"lon":-79.052733333,"chems":[],"rad_class":null,"rad_iso":[],"program_number":"932166","reports":[],"docs_url":null}},{"type":"Feature","geometry":{"type":"Point","coordinates":[-78.928361111,43.102672222]},"properties":{"site_name":"Bell Aerospace - Textron","designation":"NY State Superfund","program_type":"HW","program_category":"HW","acres":0.225,"chemicals":"Acetone | Benzene | Carbon tetrachloride | Chloroform | Methylene chloride | Toluene | Trichloroethene (TCE) | VOCs | Vinyl chloride","narrative":"","website":"","address":"Niagara Falls Boulevard and Walmore Road","city":"Wheatfield","zip":"14240","lat":43.102672222,"lon":-78.928361111,"chems":["Benzene","Vinyl chloride","TCE"],"rad_class":null,"rad_iso":[],"program_number":"932052","reports":[],"docs_url":null}},{"type":"Feature","geometry":{"type":"Point","coordinates":[-79.03276872,43.11925666]},"properties":{"site_name":"Carborundum Company, Globar","designation":"NY State Superfund","program_type":"HW","program_category":"HW","acres":7.044,"chemicals":"1,2-dichloroethane | Benzo(k)fluoranthene | Ethylbenzene | Trichloroethene (TCE) | Acenapthylene | Phenanthrene | Pyrene | Anthracene | Benzene | Benzo(a)pyrene | Fluorene | Indeno(1,2,3-cd)pyrene | Vinyl chloride | Benzo(b)fluoranthene | Chrysene | Naphthalene | Toluene | Acetone | Benzo(a)anthracene | Xylene (mixed)","narrative":"Distance of site to the nearest points of community interest School:  1,773.20 Ft\nThe Carborundum Company\ns Globar site is a 7.00-acre site, located in a mixed industrial/residential area at 3425 Hyde Park Boulevard in the Town of Niagara, Niagara County. The site is at the northeast corner of the intersection of Hyde Park Boulevard and Rhode Island Street and is bounded by residential properties to the south and east, mixed industrial properties to the north, and Hyde Park Boulevard to the west. The Belden Center neighborhood is adjacent to this site.\nThe site consists of a vacant former manu…","website":"https://appfactory.dec.ny.gov/DERExternalSearch/ERDDetails?CameFromList=false&SiteCode=932036","address":"3425 Hyde Park Blvd.","city":"Niagara","zip":"14305.0","lat":43.11925666,"lon":-79.03276872,"chems":["Benzene","Vinyl chloride","TCE","Benzo(a)pyrene"],"rad_class":"MED-AEC","rad_iso":["U","Th"],"program_number":"932036","reports":[],"docs_url":null,"rad_basis":"Carborundum Globar Plant: fabricated uranium rods for the Manhattan Engineer District (1943-44) and manufactured uranium, plutonium and carbide pellets + zirconium/hafnium/titanium for AEC reactor-materials programs (1959-67). EEOICPA-covered AWE/DOE facility."}},{"type":"Feature","geometry":{"type":"Point","coordinates":[-78.742012511,43.165618767]},"properties":{"site_name":"Harrison Radiator Division, GMC","designation":"NY State Superfund","program_type":"HW","program_category":"HW","acres":18.975,"chemicals":"","narrative":"","website":"","address":"Upper Mountain Road","city":"Lockport","zip":"14094","lat":43.165618767,"lon":-78.742012511,"chems":[],"rad_class":null,"rad_iso":[],"program_number":"932017","reports":[],"docs_url":null}},{"type":"Feature","geometry":{"type":"Point","coordinates":[-78.92604522,43.11593095]},"properties":{"site_name":"Walmore Road - Johnson Property","designation":"NY State Superfund","program_type":"HW","program_category":"HW","acres":null,"chemicals":"Asbestos | Cadmium | Chromium | Copper | Lead","narrative":"","website":"","address":"6373 Walmore Road","city":"Wheatfield","zip":"14304","lat":43.11593095,"lon":-78.92604522,"chems":["Asbestos","Hexavalent chromium","Cadmium","Lead"],"rad_class":null,"rad_iso":[],"program_number":"932101","reports":[],"docs_url":null}},{"type":"Feature","geometry":{"type":"Point","coordinates":[-79.00686687,43.07815796]},"properties":{"site_name":"Hooker Plant - S Area","designation":"NY State Superfund","program_type":"HW","program_category":"HW","acres":24.032,"chemicals":"Chlorobenzene | Hexachlorocyclohexane (HCH/Lindane) | TCDD (dioxin)","narrative":"","website":"","address":"Buffalo Avenue","city":"Niagara Falls","zip":"14303","lat":43.07815796,"lon":-79.00686687,"chems":["Dioxins / TCDD","Lindane / BHC"],"rad_class":null,"rad_iso":[],"program_number":"932019A","reports":[{"title":"S-Area Remedial Program Evaluation Report, 2020 (RRT well network)","url":"https://extapps.dec.ny.gov/data/DecDocs/932019A/Report.HW.932019A.2020-06-30.Eval_Rpt_SArea_Remedial_Program_Revised.pdf"}],"docs_url":"https://extapps.dec.ny.gov/data/DecDocs/932019A/"}},{"type":"Feature","geometry":{"type":"Point","coordinates":[-78.96976786,43.22355309]},"properties":{"site_name":"U.S. Airforce Plant 68","designation":"NY State Superfund","program_type":"HW","program_category":"HW","acres":382.685,"chemicals":"","narrative":"","website":"","address":"Balmer Road","city":"Porter","zip":"14131","lat":43.22355309,"lon":-78.96976786,"chems":[],"rad_class":null,"rad_iso":[],"program_number":"932061B","reports":[],"docs_url":null}},{"type":"Feature","geometry":{"type":"Point","coordinates":[-78.96996929,43.22665226]},"properties":{"site_name":"U.S. Airforce Plant 68","designation":"NY State Superfund","program_type":"HW","program_category":"HW","acres":382.685,"chemicals":"","narrative":"","website":"","address":"Balmer Road","city":"Porter","zip":"14131","lat":43.22665226,"lon":-78.96996929,"chems":[],"rad_class":null,"rad_iso":[],"program_number":"932061A","reports":[],"docs_url":null}},{"type":"Feature","geometry":{"type":"Point","coordinates":[-78.77586176,43.23315259]},"properties":{"site_name":"Wilson-Cambria-Newfane SLF","designation":"NY State Superfund","program_type":"HW","program_category":"HW","acres":63.196,"chemicals":"","narrative":"","website":"","address":"Chestnut Street","city":"Wilson","zip":"14172","lat":43.23315259,"lon":-78.77586176,"chems":[],"rad_class":null,"rad_iso":[],"program_number":"932069","reports":[],"docs_url":null}},{"type":"Feature","geometry":{"type":"Point","coordinates":[-79.03366879,43.13125345]},"properties":{"site_name":"Hooker-Hyde Park Landfill","designation":"NY State Superfund","program_type":"HW","program_category":"HW","acres":31.476,"chemicals":"Chlorobenzene | Chloroform | Chlorophenols | Dioxins | Furans | Hexachlorobenzene | PCBs | PCDDs/PCDFs (dioxins/furans) | Phenol | TCDD (dioxin) | Toluene","narrative":"","website":"","address":"4825 Hyde Park Boulevard","city":"Town of Niagara","zip":"14305","lat":43.13125345,"lon":-79.03366879,"chems":["Dioxins / TCDD","PCBs","Hexachlorobenzene"],"rad_class":null,"rad_iso":[],"program_number":"932021","reports":[{"title":"2018 Periodic Review Report — Hyde Park Landfill (bedrock well data)","url":"https://extapps.dec.ny.gov/data/DecDocs/932021/Report.HW.932021.2019-04-30.2018%20Periodic%20Review%20with%20ICEC.pdf"}],"docs_url":"https://extapps.dec.ny.gov/data/DecDocs/932021/"}},{"type":"Feature","geometry":{"type":"Point","coordinates":[-78.69624243,43.16692061]},"properties":{"site_name":"NYSEG - Lockport Transit Street MGP","designation":"NY State Superfund","program_type":"HW","program_category":"HW","acres":0.875,"chemicals":"","narrative":"","website":"","address":"Between LaGrange & Saxton St./South Transit St.","city":"Lockport","zip":"14094","lat":43.16692061,"lon":-78.69624243,"chems":[],"rad_class":null,"rad_iso":[],"program_number":"932098","reports":[],"docs_url":null}},{"type":"Feature","geometry":{"type":"Point","coordinates":[-78.8591536,43.06945814]},"properties":{"site_name":"Niagara Sanitation Company","designation":"NY State Superfund","program_type":"HW","program_category":"HW","acres":19.799,"chemicals":"","narrative":"","website":"","address":"Nash Road","city":"Wheatfield","zip":"14120","lat":43.06945814,"lon":-78.8591536,"chems":[],"rad_class":null,"rad_iso":[],"program_number":"932054","reports":[],"docs_url":null}},{"type":"Feature","geometry":{"type":"Point","coordinates":[-79.0556662,43.11205567]},"properties":{"site_name":"Whirlpool Site","designation":"NY State Superfund","program_type":"HW","program_category":"HW","acres":null,"chemicals":"","narrative":"","website":"","address":"Along Niagara River, North of Whirlpool Bridge","city":"Niagara Falls","zip":"","lat":43.11205567,"lon":-79.0556662,"chems":[],"rad_class":null,"rad_iso":[],"program_number":"932088","reports":[],"docs_url":null}},{"type":"Feature","geometry":{"type":"Point","coordinates":[-78.9497663,43.07395179]},"properties":{"site_name":"Hooker-102nd Street Landfill","designation":"NY State Superfund","program_type":"HW","program_category":"HW","acres":17.473,"chemicals":"","narrative":"","website":"","address":"102ND STREET, SOUTH OF RIVER ROAD","city":"NIAGARA FALLS","zip":"14304","lat":43.07395179,"lon":-78.9497663,"chems":[],"rad_class":null,"rad_iso":[],"program_number":"932022","reports":[{"title":"2015 Periodic Review Report — 102nd Street Landfill (monitoring wells)","url":"https://extapps.dec.ny.gov/data/DecDocs/932022/Report.HW.932022.2016-02-29.2015%20Periodic%20Review.pdf"}],"docs_url":"https://extapps.dec.ny.gov/data/DecDocs/932022/"}},{"type":"Feature","geometry":{"type":"Point","coordinates":[-78.954603,43.101197]},"properties":{"site_name":"Niagara Falls Armed Forces Reserve Center","designation":"NY State Superfund","program_type":"HW","program_category":"HW","acres":19.27,"chemicals":"PCBs | PCBs (polychlorinated biphenyls)","narrative":"","website":"","address":"9400 Porter Road","city":"Niagara Falls","zip":"14304-5713","lat":43.101197,"lon":-78.954603,"chems":["PCBs"],"rad_class":null,"rad_iso":[],"program_number":"932152","reports":[],"docs_url":null}},{"type":"Feature","geometry":{"type":"Point","coordinates":[-78.962188,43.229216]},"properties":{"site_name":"Youngstown Test Annex","designation":"NY State Superfund","program_type":"HW","program_category":"HW","acres":null,"chemicals":"","narrative":"","website":"","address":"Balmer Road","city":"Youngstown","zip":"14124","lat":43.229216,"lon":-78.962188,"chems":[],"rad_class":null,"rad_iso":[],"program_number":"932107","reports":[],"docs_url":null}},{"type":"Feature","geometry":{"type":"Point","coordinates":[-79.03306918,43.14455465]},"properties":{"site_name":"Stauffer Chemical Plant-PASNY Site","designation":"NY State Superfund","program_type":"HW","program_category":"HW","acres":22.91,"chemicals":"carbon disulfide, carbon tetrachloride, chloroform, methylene chloride, tetrachloroethene, benzene, chlorobenzene, toluene, trichloroethene","narrative":"The Stauffer Chemical Plant\n PASNY site is a 22.91-acre site located at 5715 Lewiston Road in the Town of Lewiston, Niagara County. It is adjacent to the north side of the New York Power Authority\ns (NYPA) Robert Moses Power Plant forebay canal, east of the Robert Moses Parkway and the Niagara River, south of the Riverdale Cemetery, and west of Interstate 190.\n      It contains the old plant site (Area A) that is about 20 acres in size and two former disposal areas (Areas B and C) that are about 2 acres in size combined.\n      The site is the location of the former Stauffer Chemical Company. T…","website":"","address":"5715 Lewiston Road","city":"Lewiston","zip":"14092","lat":43.14455465,"lon":-79.03306918,"chems":["Benzene","TCE"],"rad_class":null,"rad_iso":[],"program_number":"932053","reports":[],"docs_url":null}},{"type":"Feature","geometry":{"type":"Point","coordinates":[-78.87915633,43.03265842]},"properties":{"site_name":"Booth Oil Co.","designation":"NY State Superfund","program_type":"HW","program_category":"HW","acres":6.89,"chemicals":"Gasoline | Lead | PAHs | PAHs (polycyclic aromatic hydrocarbons) | PCBs | PCBs (polychlorinated biphenyls) | SVOCs | VOCs","narrative":"","website":"","address":"76 Robinson Street","city":"North Tonawanda","zip":"14210","lat":43.03265842,"lon":-78.87915633,"chems":["PCBs","Lead"],"rad_class":null,"rad_iso":[],"program_number":"932100","reports":[],"docs_url":null}},{"type":"Feature","geometry":{"type":"Point","coordinates":[-78.90005545,43.05545541]},"properties":{"site_name":"Gratwick - Riverside Park","designation":"NY State Superfund","program_type":"HW","program_category":"HW","acres":52.649,"chemicals":"","narrative":"","website":"","address":"River Road","city":"North Tonawanda","zip":"14120","lat":43.05545541,"lon":-78.90005545,"chems":[],"rad_class":null,"rad_iso":[],"program_number":"932060","reports":[],"docs_url":null}},{"type":"Feature","geometry":{"type":"Point","coordinates":[-78.84412117,43.0409383]},"properties":{"site_name":"Holiday Park","designation":"NY State Superfund","program_type":"HW","program_category":"HW","acres":370.0,"chemicals":"","narrative":"","website":"","address":"Walck Road","city":"North Tonawanda","zip":"14120","lat":43.0409383,"lon":-78.84412117,"chems":[],"rad_class":null,"rad_iso":[],"program_number":"932033","reports":[],"docs_url":null}},{"type":"Feature","geometry":{"type":"Point","coordinates":[-78.86006033,43.04655837]},"properties":{"site_name":"Durez Div. - Occidental Chemical Corp.","designation":"NY State Superfund","program_type":"HW","program_category":"HW","acres":66.94,"chemicals":"Benzene | Dioxins | Phenol | TCDD (dioxin)","narrative":"","website":"","address":"Walck Road/River Road","city":"North Tonawanda","zip":"14120","lat":43.04655837,"lon":-78.86006033,"chems":["Dioxins / TCDD","Benzene"],"rad_class":null,"rad_iso":[],"program_number":"932018","reports":[{"title":"Durez Inlet 2024 Periodic Review Report (groundwater wells)","url":"https://extapps.dec.ny.gov/data/DecDocs/932018/Report.HW.932018.2025-05-07.Revised%202024%20PRR%20Inlet.pdf"}],"docs_url":"https://extapps.dec.ny.gov/data/DecDocs/932018/"}},{"type":"Feature","geometry":{"type":"Point","coordinates":[-78.703079404,43.185673307]},"properties":{"site_name":"Vanchlor Company, Inc.","designation":"NY State Superfund","program_type":"HW","program_category":"HW","acres":2.168,"chemicals":"","narrative":"","website":"","address":"600 Mill Street","city":"Lockport","zip":"14094","lat":43.185673307,"lon":-78.703079404,"chems":[],"rad_class":null,"rad_iso":[],"program_number":"932039","reports":[],"docs_url":null}},{"type":"Feature","geometry":{"type":"Point","coordinates":[-78.980505556,43.099183333]},"properties":{"site_name":"Vacant land adj. to 1865 Connecting Road","designation":"NY State Superfund","program_type":"HW","program_category":"HW","acres":0.827,"chemicals":"","narrative":"","website":"","address":"Connecting Road","city":"Niagara","zip":"14304","lat":43.099183333,"lon":-78.980505556,"chems":[],"rad_class":null,"rad_iso":[],"program_number":"932103","reports":[],"docs_url":null}},{"type":"Feature","geometry":{"type":"Point","coordinates":[-78.982122222,43.094336111]},"properties":{"site_name":"Sabre Park - Anthony Drive Area","designation":"NY State Superfund","program_type":"HW","program_category":"HW","acres":32.3,"chemicals":"Mercury | PAHs | PAHs (polycyclic aromatic hydrocarbons)","narrative":"","website":"","address":"1705 Factory Outlet Boulevard","city":"Niagara","zip":"14304","lat":43.094336111,"lon":-78.982122222,"chems":["Mercury"],"rad_class":null,"rad_iso":[],"program_number":"932104","reports":[],"docs_url":null}},{"type":"Feature","geometry":{"type":"Point","coordinates":[-78.986362159,43.091772398]},"properties":{"site_name":"64th Street - North","designation":"NY State Superfund","program_type":"HW","program_category":"HW","acres":null,"chemicals":"","narrative":"","website":"","address":"North of Pine Avenue","city":"Niagara Falls","zip":"14304","lat":43.091772398,"lon":-78.986362159,"chems":[],"rad_class":null,"rad_iso":[],"program_number":"932085A","reports":[],"docs_url":null}},{"type":"Feature","geometry":{"type":"Point","coordinates":[-78.70975161,43.16015675]},"properties":{"site_name":"Guterl Specialty Steel Corp.","designation":"Federal Facility","program_type":"HW","program_category":"HW","acres":49.735,"chemicals":"","narrative":"","website":"","address":"695 Ohio Street","city":"Lockport","zip":"14094","lat":43.16015675,"lon":-78.70975161,"chems":[],"rad_class":"FUSRAP","rad_iso":["U","Th"],"program_number":"932032","reports":[],"docs_url":null,"rad_basis":"Guterl Specialty Steel (formerly Simonds Saw & Steel), Lockport — under Manhattan Engineer District/Atomic Energy Commission contracts the mill hot-rolled uranium and thorium metal (late 1940s-1950s), leaving residual U and Th contamination in buildings and soils. Designated a FUSRAP site for federal cleanup. Source: DOE/USACE FUSRAP record."}},{"type":"Feature","geometry":{"type":"Point","coordinates":[-78.995245676,43.075564836]},"properties":{"site_name":"Buffalo Avenue","designation":"NY State Superfund","program_type":"HW","program_category":"HW","acres":1.0,"chemicals":"non-combustibles, incinerator residue, dredging material, power project spoil material","narrative":"This is the location of the current Niagara Falls Drinking Water Plant. The site consists of a 1.0 acre parcel of land located within the City of Niagara Falls, 400 feet north of the Niagara River.\n      This site is a former wetland area that was used from 1930's to 1960's by Niagara Falls for the disposal of noncombustibles and incinerator residue, and by the NYPA for the disposal of dredging and power project spoil material.  The U.S.G.S. collected soil samples in 1982 and 1983 with positive results for chlorinated organics.  A field investigation was undertaken by NYPA in 1987. Trace conta…","website":"","address":"Between Buffalo Ave./Niagara R., 56th - 61st St.","city":"Niagara Falls","zip":"14304.0","lat":43.075564836,"lon":-78.995245676,"chems":[],"rad_class":null,"rad_iso":[],"program_number":"932080B","reports":[],"docs_url":null}},{"type":"Feature","geometry":{"type":"Point","coordinates":[-78.992790993,43.088725627]},"properties":{"site_name":"64th Street - South","designation":"NY State Superfund","program_type":"HW","program_category":"HW","acres":null,"chemicals":"PAHs","narrative":"","website":"","address":"South of Pine Avenue","city":"Niagara Falls","zip":"","lat":43.088725627,"lon":-78.992790993,"chems":[],"rad_class":null,"rad_iso":[],"program_number":"932085B","reports":[],"docs_url":null}},{"type":"Feature","geometry":{"type":"Point","coordinates":[-78.828474579,43.040273785]},"properties":{"site_name":"Botanical Gardens","designation":"NY State Superfund","program_type":"HW","program_category":"HW","acres":370.0,"chemicals":"1,1,1-Trichloroethane (TCA) | 1,1-Dichloroethene | 1,2-Dichlorobenzene | 1,2-Dichloroethane | 1,4-Dichlorobenzene | 2,4,5-Trichlorophenol | 2,4,6-Trichlorophenol | Acenaphthylene | Acetone | Anthracene | Antimony | Arsenic | Barium | Benzene | Benzo(a)anthracene | Benzo(a)pyrene | Benzo(b)fluoranthene | Beryllium | Cadmium | Carbon tetrachloride | Chlorobenzene | Chloroform | Chlorophenols | Chromium | Chrysene | Cobalt | Copper | Ethylbenzene | Fluorene | Furans | Hexachlorobenzene | Hexachlorobutadiene | Lead | MTBE | Mercury | Methylene chloride | Naphthalene | Nickel | PCBs | PCBs (polychlorinated biphenyls) | Pentachlorophenol (PCP) | Phenanthrene | Phenol | Pyrene | SVOCs | Selenium | Silver | Tetrachloroethene (PCE) | Thallium | Toluene | Trichloroethene (TCE) | VOCs | Vanadium | Vinyl chloride | Xylenes | Zinc","narrative":"","website":"","address":"Old Falls Boulevard","city":"North Tonawanda","zip":"14120","lat":43.040273785,"lon":-78.828474579,"chems":["Benzene","Vinyl chloride","Arsenic","PCBs","Hexavalent chromium","TCE","Cadmium","Lead","Benzo(a)pyrene","Beryllium","Mercury","Hexachlorobenzene"],"rad_class":null,"rad_iso":[],"program_number":"932068","reports":[],"docs_url":null}},{"type":"Feature","geometry":{"type":"Point","coordinates":[-78.821419444,43.087527778]},"properties":{"site_name":"Frontier Chemical - Pendleton","designation":"NY State Superfund","program_type":"HW","program_category":"HW","acres":10.479,"chemicals":"","narrative":"","website":"","address":"Townline Road","city":"North Tonawanda","zip":"14120","lat":43.087527778,"lon":-78.821419444,"chems":[],"rad_class":null,"rad_iso":[],"program_number":"932043","reports":[],"docs_url":null}},{"type":"Feature","geometry":{"type":"Point","coordinates":[-78.721791667,43.156352778]},"properties":{"site_name":"Niagara Co. Refuse Disp. District","designation":"NY State Superfund","program_type":"HW","program_category":"HW","acres":39.191,"chemicals":"","narrative":"","website":"","address":"Richfield Street","city":"Lockport","zip":"14094","lat":43.156352778,"lon":-78.721791667,"chems":[],"rad_class":null,"rad_iso":[],"program_number":"932024","reports":[],"docs_url":null}},{"type":"Feature","geometry":{"type":"Point","coordinates":[-78.93337928,43.104372758]},"properties":{"site_name":"Carborundum-Abrasive Division","designation":"NY State Superfund","program_type":"HW","program_category":"HW","acres":1.02,"chemicals":"","narrative":"This Carborundum - Abrasive Division site is located on Walmore Road in the Town of Wheatfield, Niagara County. It is bordered by the Niagara Falls Air Reserve Station and Cayuga Creek to the north, light industrial complexes or undeveloped areas to the east and south, and the Niagara Falls International Airport to the west.\nThe site is a rectangular 1-acre clay capped landfill. It measures approximately 450 by 25 feet.\nThe landfill formerly served the adjacent 60-acre Carborundum Abrasives Division facility from 1968-1976. Reports state that 800-1,600 pounds of phenols and 400 tons of solid r…","website":"https://appfactory.dec.ny.gov/DERExternalSearch/ERDDetails?CameFromList=false&SiteCode=932007","address":"6600 WALMORE ROAD","city":"WHEATFIELD","zip":"14304.0","lat":43.104372758,"lon":-78.93337928,"chems":[],"rad_class":null,"rad_iso":[],"program_number":"932007","reports":[],"docs_url":null}},{"type":"Feature","geometry":{"type":"Point","coordinates":[-79.036180556,43.079266667]},"properties":{"site_name":"Carborundum Corp, Bldg. 82,30,32","designation":"NY State Superfund","program_type":"HW","program_category":"HW","acres":null,"chemicals":"Acetone | Copper | Mercury | Methanol | Phenol | Toluene","narrative":"","website":"","address":"BUFFALO AVENUE","city":"NIAGARA FALLS","zip":"","lat":43.079266667,"lon":-79.036180556,"chems":["Mercury"],"rad_class":"MED-AEC","rad_iso":["U"],"program_number":"932048B","reports":[],"docs_url":null,"rad_basis":"Carborundum Buffalo Avenue complex (Bldg 82/30/32): part of the Buffalo Avenue plant that performed Manhattan Engineer District uranium work. EEOICPA-covered."}},{"type":"Feature","geometry":{"type":"Point","coordinates":[-78.88665745,43.04395515]},"properties":{"site_name":"Roblin Steel","designation":"NY State Superfund","program_type":"HW","program_category":"HW","acres":25.906,"chemicals":"Acetone | Asbestos | Benzo(a)pyrene | Chromium | Lead | Manganese | PAHs | PAHs (polycyclic aromatic hydrocarbons) | PCBs | PCBs (polychlorinated biphenyls) | Pyrene | SVOCs | Tetrachloroethene (PCE) | Trichloroethene (TCE) | VOCs","narrative":"","website":"","address":"101 East Avenue","city":"North Tonawanda","zip":"14120","lat":43.04395515,"lon":-78.88665745,"chems":["Asbestos","PCBs","Hexavalent chromium","TCE","Lead","Benzo(a)pyrene"],"rad_class":null,"rad_iso":[],"program_number":"932059","reports":[],"docs_url":null}},{"type":"Feature","geometry":{"type":"Point","coordinates":[-78.70885161,43.16335982]},"properties":{"site_name":"Diversified Manufacturing","designation":"NY State Superfund","program_type":"HW","program_category":"HW","acres":null,"chemicals":"1,1,1-Trichloroethane (TCA) | Ammonia | Asbestos | Benzene | Chloroform | Chromium | Diesel fuel | Fuel oil | Furans | Gasoline | Lead | Methanol | PAHs | PAHs (polycyclic aromatic hydrocarbons) | PCBs | PCBs (polychlorinated biphenyls) | Petroleum hydrocarbons | Phenol | Toluene | Trichloroethene (TCE) | VOCs | Vinyl chloride | Xylenes","narrative":"","website":"","address":"410 OHIO STREET","city":"LOCKPORT","zip":"14094","lat":43.16335982,"lon":-78.70885161,"chems":["Asbestos","Benzene","Vinyl chloride","PCBs","Hexavalent chromium","TCE","Lead"],"rad_class":null,"rad_iso":[],"program_number":"932011","reports":[],"docs_url":null}},{"type":"Feature","geometry":{"type":"Point","coordinates":[-78.710987384,43.312288733]},"properties":{"site_name":"Noury Chemicals","designation":"NY State Superfund","program_type":"HW","program_category":"HW","acres":null,"chemicals":"","narrative":"","website":"","address":"2153 Lockport-Olcott Road","city":"Burt","zip":"14028","lat":43.312288733,"lon":-78.710987384,"chems":[],"rad_class":null,"rad_iso":[],"program_number":"932030A","reports":[],"docs_url":null}},{"type":"Feature","geometry":{"type":"Point","coordinates":[-78.708133333,43.168277778]},"properties":{"site_name":"MRS Plating","designation":"NY State Superfund","program_type":"HW","program_category":"HW","acres":0.715,"chemicals":"Chromium","narrative":"","website":"","address":"310 Park Ave","city":"Lockport","zip":"14094","lat":43.168277778,"lon":-78.708133333,"chems":["Hexavalent chromium"],"rad_class":null,"rad_iso":[],"program_number":"932129","reports":[],"docs_url":null}},{"type":"Feature","geometry":{"type":"Point","coordinates":[-78.87785661,43.02975835]},"properties":{"site_name":"Schreck's Scrapyard","designation":"NY State Superfund","program_type":"HW","program_category":"HW","acres":1.489,"chemicals":"","narrative":"","website":"","address":"55 Schenck Street","city":"North Tonawanda","zip":"14120","lat":43.02975835,"lon":-78.87785661,"chems":[],"rad_class":null,"rad_iso":[],"program_number":"932099","reports":[],"docs_url":null}},{"type":"Feature","geometry":{"type":"Point","coordinates":[-78.997490172,43.084326213]},"properties":{"site_name":"59th Street","designation":"NY State Superfund","program_type":"HW","program_category":"HW","acres":1.25,"chemicals":"Anthracene | Arsenic | Benzo(a)anthracene | Benzo(a)pyrene | Benzo(b)fluoranthene | Beryllium | Cadmium | Chlorobenzene | Chromium | Chrysene | Cobalt | Copper | Furans | Gasoline | Hexachlorobenzene | Lead | Mercury | Nickel | PAHs | PAHs (polycyclic aromatic hydrocarbons) | PCBs | PCBs (polychlorinated biphenyls) | Phenol | Pyrene | SVOCs | Selenium | Silver | Sulfates | Thallium | VOCs | Zinc","narrative":"","website":"","address":"5652 Keis Avenue","city":"Niagara Falls","zip":"14304-","lat":43.084326213,"lon":-78.997490172,"chems":["Arsenic","PCBs","Hexavalent chromium","Cadmium","Lead","Benzo(a)pyrene","Beryllium","Mercury","Hexachlorobenzene"],"rad_class":null,"rad_iso":[],"program_number":"932116","reports":[],"docs_url":null}},{"type":"Feature","geometry":{"type":"Point","coordinates":[-78.730234677,43.16770752]},"properties":{"site_name":"Delphi Harrison Thermal Systems","designation":"NY State Superfund","program_type":"HW","program_category":"HW","acres":22.653,"chemicals":"Lead | Tetrachloroethene (PCE) | Trichloroethene (TCE)","narrative":"","website":"","address":"350 Upper Mountain Road","city":"Lockport","zip":"14094","lat":43.16770752,"lon":-78.730234677,"chems":["TCE","Lead"],"rad_class":null,"rad_iso":[],"program_number":"932113","reports":[],"docs_url":null}},{"type":"Feature","geometry":{"type":"Point","coordinates":[-78.842669664,43.06070797]},"properties":{"site_name":"Wurlitzer","designation":"NY State Superfund","program_type":"HW","program_category":"HW","acres":15.917,"chemicals":"1,2-Dichlorobenzene | 1,4-Dichlorobenzene | Acetone | Antimony | Asbestos | Barium | Cadmium | Chlorobenzene | Copper | Cyanide | Ethylbenzene | Furans | Lead | Manganese | Methanol | Nickel | PAHs | PCBs | SVOCs | Toluene | Trichloroethene (TCE) | VOCs | Vinyl chloride | Xylenes | Zinc","narrative":"","website":"","address":"Niagara Falls Boulevard","city":"North Tonawanda","zip":"14120","lat":43.06070797,"lon":-78.842669664,"chems":["Asbestos","Vinyl chloride","PCBs","TCE","Cadmium","Lead","Cyanide"],"rad_class":null,"rad_iso":[],"program_number":"932041","reports":[],"docs_url":null}},{"type":"Feature","geometry":{"type":"Point","coordinates":[-78.699352778,43.185552778]},"properties":{"site_name":"Norton Labs","designation":"NY State Superfund","program_type":"HW","program_category":"HW","acres":null,"chemicals":"","narrative":"","website":"","address":"520-21 Mill Street","city":"Lockport","zip":"14094","lat":43.185552778,"lon":-78.699352778,"chems":[],"rad_class":null,"rad_iso":[],"program_number":"932029","reports":[],"docs_url":null}},{"type":"Feature","geometry":{"type":"Point","coordinates":[-78.856102778,43.047452778]},"properties":{"site_name":"National Grinding Wheel","designation":"NY State Superfund","program_type":"HW","program_category":"HW","acres":14.712,"chemicals":"","narrative":"","website":"","address":"WALCK ROAD","city":"NORTH TONAWANDA","zip":"","lat":43.047452778,"lon":-78.856102778,"chems":[],"rad_class":null,"rad_iso":[],"program_number":"932066","reports":[],"docs_url":null}},{"type":"Feature","geometry":{"type":"Point","coordinates":[-79.014466667,43.084644444]},"properties":{"site_name":"NiMo Harper Substation","designation":"NY State Superfund","program_type":"HW","program_category":"HW","acres":28.132,"chemicals":"1,1-Dichloroethene | 1,2-Dichlorobenzene | 1,4-Dichlorobenzene | Acetone | Benzene | Chlorobenzene | Chloroform | Methylene chloride | PCBs | PCBs (polychlorinated biphenyls) | Tetrachloroethene (PCE) | Toluene | Trichloroethene (TCE) | VOCs | Vinyl chloride | Xylenes","narrative":"","website":"","address":"4043 Royal Avenue","city":"Niagara Falls","zip":"14303","lat":43.084644444,"lon":-79.014466667,"chems":["Benzene","Vinyl chloride","PCBs","TCE"],"rad_class":null,"rad_iso":[],"program_number":"932123","reports":[],"docs_url":null}},{"type":"Feature","geometry":{"type":"Point","coordinates":[-79.045224142,43.11728596]},"properties":{"site_name":"Tulip Molded Plastics Corporation","designation":"NY State Superfund","program_type":"HW","program_category":"HW","acres":9.043,"chemicals":"Cyanide | Lead | Mercury | PCBs | SVOCs | VOCs","narrative":"","website":"","address":"3125 HIGHLAND AVENUE","city":"NIAGARA FALLS","zip":"14305","lat":43.11728596,"lon":-79.045224142,"chems":["PCBs","Lead","Mercury","Cyanide"],"rad_class":null,"rad_iso":[],"program_number":"932169","reports":[],"docs_url":null}},{"type":"Feature","geometry":{"type":"Point","coordinates":[-79.05038964,43.25553679]},"properties":{"site_name":"Fort Niagara","designation":"NY State Superfund","program_type":"HW","program_category":"HW","acres":279.019,"chemicals":"Arsenic | Barium | Cadmium | Chromium | Gasoline | Lead | Mercury | PCBs | PCBs (polychlorinated biphenyls) | SVOCs | Selenium | VOCs","narrative":"","website":"","address":"Ripley Avenue","city":"Niagara Falls","zip":"14301","lat":43.25553679,"lon":-79.05038964,"chems":["Arsenic","PCBs","Hexavalent chromium","Cadmium","Lead","Mercury"],"rad_class":null,"rad_iso":[],"program_number":"932144","reports":[],"docs_url":null}},{"type":"Feature","geometry":{"type":"Point","coordinates":[-78.70883936,43.16052294]},"properties":{"site_name":"Diamond Shamrock","designation":"NY State Superfund","program_type":"HW","program_category":"HW","acres":6.4,"chemicals":"","narrative":"","website":"","address":"500 Ohio Street","city":"Lockport","zip":"14094","lat":43.16052294,"lon":-78.70883936,"chems":[],"rad_class":null,"rad_iso":[],"program_number":"932071","reports":[],"docs_url":null}},{"type":"Feature","geometry":{"type":"Point","coordinates":[-78.993836111,43.09205]},"properties":{"site_name":"Basic Carbon","designation":"NY State Superfund","program_type":"HW","program_category":"HW","acres":1.432,"chemicals":"","narrative":"The general area of the Basic Carbon site (932004) is in Niagara Falls is 820 and/or 1100 Connecting Road and/or 1120 Connecting Road. The small graphite specialty company operated from 1951 to 1960, at which time the plant changed corporate names, owners, and relocated to Corey Road in Wheatfield, New York. During the active years, Basic Carbon disposed of waste materials generated on-site in an area located between the plant building and Great Lakes Carbon. These waste materials consisted of coal tar, carbon, graphite and refuse. The quantity of material disposed of is unknown. Past soil stu…","website":"https://appfactory.dec.ny.gov/DERExternalSearch/ERDDetails?CameFromList=false&SiteCode=932004","address":"820 Connecting Road","city":"Niagara Falls","zip":"14304.0","lat":43.09205,"lon":-78.993836111,"chems":[],"rad_class":null,"rad_iso":[],"program_number":"932004","reports":[],"docs_url":null}},{"type":"Feature","geometry":{"type":"Point","coordinates":[-79.045633333,43.116388889]},"properties":{"site_name":"Power City Warehouse","designation":"NY State Superfund","program_type":"HW","program_category":"HW","acres":3.406,"chemicals":"Asbestos | Lead | PCBs | PCBs (polychlorinated biphenyls)","narrative":"","website":"","address":"3123 HIGHLAND AVENUE","city":"NIAGARA FALLS","zip":"14305","lat":43.116388889,"lon":-79.045633333,"chems":["Asbestos","PCBs","Lead"],"rad_class":null,"rad_iso":[],"program_number":"932131","reports":[],"docs_url":null}},{"type":"Feature","geometry":{"type":"Point","coordinates":[-79.014544444,43.092830556]},"properties":{"site_name":"Ross Steel Company, Inc.","designation":"NY State Superfund","program_type":"HW","program_category":"HW","acres":null,"chemicals":"","narrative":"","website":"","address":"8555 PACKARD ROAD","city":"NIAGARA FALLS","zip":"","lat":43.092830556,"lon":-79.014544444,"chems":[],"rad_class":null,"rad_iso":[],"program_number":"932058","reports":[],"docs_url":null}},{"type":"Feature","geometry":{"type":"Point","coordinates":[-78.72692473,43.15873825]},"properties":{"site_name":"Niagara Materials Company","designation":"NY State Superfund","program_type":"HW","program_category":"HW","acres":null,"chemicals":"Anthracene | Chrysene | Lead | Phenol | Pyrene","narrative":"","website":"","address":"West Avenue","city":"Lockport","zip":"","lat":43.15873825,"lon":-78.72692473,"chems":["Lead"],"rad_class":null,"rad_iso":[],"program_number":"932073","reports":[],"docs_url":null}},{"type":"Feature","geometry":{"type":"Point","coordinates":[-78.70805989,43.3123535]},"properties":{"site_name":"AKZO Chemicals Inc.","designation":"NY State Superfund","program_type":"HW","program_category":"HW","acres":75.477,"chemicals":"1,1,1-Trichloroethane (TCA) | 1,2-Dichlorobenzene | 1,2-Dichloroethane | 1,4-Dichlorobenzene | Acetone | Benzene | Benzo(a)pyrene | Chlorobenzene | Ethylbenzene | Naphthalene | Pyrene | Toluene | Vinyl chloride | Xylenes","narrative":"","website":"","address":"2153 Lockport-Olcott Road","city":"Burt","zip":"14028","lat":43.3123535,"lon":-78.70805989,"chems":["Benzene","Vinyl chloride","Benzo(a)pyrene"],"rad_class":null,"rad_iso":[],"program_number":"932030B","reports":[],"docs_url":null}},{"type":"Feature","geometry":{"type":"Point","coordinates":[-78.490800891,43.201314611]},"properties":{"site_name":"Royalton Town Landfill","designation":"NY State Superfund","program_type":"HW","program_category":"HW","acres":5.0,"chemicals":"1,1,1-Trichloroethane (TCA) | Antimony | Arsenic | Beryllium | Cadmium | Chromium | Copper | Lead | Lindane | Mercury | Nickel | Selenium | VOCs | Zinc","narrative":"","website":"","address":"Griswald Rd. (1/2 mi. south of Rochester Road)","city":"Royalton","zip":"14105","lat":43.201314611,"lon":-78.490800891,"chems":["Arsenic","Hexavalent chromium","Cadmium","Lead","Lindane / BHC","Beryllium","Mercury"],"rad_class":null,"rad_iso":[],"program_number":"932092","reports":[],"docs_url":null}},{"type":"Feature","geometry":{"type":"Point","coordinates":[-78.951086111,43.085272222]},"properties":{"site_name":"97th St. Methodist Chruch","designation":"NY State Superfund","program_type":"HW","program_category":"HW","acres":0.0,"chemicals":"","narrative":"The 97th Street Methodist Church Site is located in a suburban area at the corner of 97th Street and Colvin Blvd., Niagara Falls, Niagara County.\nThis site is occupied by a religious center and paved parking area.\nOlin Chemicals was alleged to have used this site to dispose of 23 tons of broken concrete cells in August and September of 1958.  The Love Canal site is also located 400 feet southeast of this property.  In August of 1982, USGS drilled four test borings to take soil and water samples.  The result indicates heavy concentration of iron and organic compounds in the water samples.  The …","website":"https://appfactory.dec.ny.gov/DERExternalSearch/ERDDetails?CameFromList=false&SiteCode=932084","address":"97th Street","city":"Niagara Falls","zip":"14202.0","lat":43.085272222,"lon":-78.951086111,"chems":[],"rad_class":null,"rad_iso":[],"program_number":"932084","reports":[],"docs_url":null}},{"type":"Feature","geometry":{"type":"Point","coordinates":[-78.88597654,43.04729457]},"properties":{"site_name":"Buffalo Pumps Div-Buf. Forge Comp","designation":"NY State Superfund","program_type":"HW","program_category":"HW","acres":null,"chemicals":"Acetone | Arsenic | Barium | Benzene | Beryllium | Cadmium | Chromium | Copper | Lead | Manganese | Methylene chloride | Nickel | PAHs | PCBs | Phenol | Sulfates | VOCs | Vanadium | Zinc","narrative":"","website":"","address":"874 Oliver Street","city":"North Tonawanda","zip":"","lat":43.04729457,"lon":-78.88597654,"chems":["Benzene","Arsenic","PCBs","Hexavalent chromium","Cadmium","Lead","Beryllium"],"rad_class":null,"rad_iso":[],"program_number":"932044","reports":[],"docs_url":null}},{"type":"Feature","geometry":{"type":"Point","coordinates":[-78.56677357,43.27760906]},"properties":{"site_name":"Hartland Town Landfill","designation":"NY State Superfund","program_type":"HW","program_category":"HW","acres":null,"chemicals":"","narrative":"","website":"","address":"Ryan Road between Hartland & Hosmer Roads","city":"Hartland","zip":"","lat":43.27760906,"lon":-78.56677357,"chems":[],"rad_class":null,"rad_iso":[],"program_number":"932075","reports":[],"docs_url":null}},{"type":"Feature","geometry":{"type":"Point","coordinates":[-78.83708869,43.07904199]},"properties":{"site_name":"Harvey Newman & Son","designation":"NY State Superfund","program_type":"HW","program_category":"HW","acres":20.0,"chemicals":"","narrative":"","website":"","address":"SHAWNEE ROAD","city":"WHEATFIELD","zip":"","lat":43.07904199,"lon":-78.83708869,"chems":[],"rad_class":null,"rad_iso":[],"program_number":"932062","reports":[],"docs_url":null}},{"type":"Feature","geometry":{"type":"Point","coordinates":[-79.047824798,43.244947112]},"properties":{"site_name":"Youngstown Cold Storage","designation":"NY State Superfund","program_type":"HW","program_category":"HW","acres":2.612,"chemicals":"Ammonia | Arsenic | Asbestos | Copper | Fuel oil | Gasoline | Lead | PAHs | PAHs (polycyclic aromatic hydrocarbons) | PCBs | PCBs (polychlorinated biphenyls) | SVOCs | VOCs","narrative":"","website":"","address":"701 THIRD STREET","city":"YOUNGSTOWN","zip":"14174","lat":43.244947112,"lon":-79.047824798,"chems":["Asbestos","Arsenic","PCBs","Lead"],"rad_class":null,"rad_iso":[],"program_number":"932122","reports":[],"docs_url":null}},{"type":"Feature","geometry":{"type":"Point","coordinates":[-78.99586167,43.07645458]},"properties":{"site_name":"Buffalo Avenue","designation":"NY State Superfund","program_type":"HW","program_category":"HW","acres":1.0,"chemicals":"non-combustibles, incinerator residue, dredging material, power project spoil material","narrative":"This is the location of the current Niagara Falls Drinking Water Plant. The site consists of a 1.0 acre parcel of land located within the City of Niagara Falls, 400 feet north of the Niagara River.\n      This site is a former wetland area that was used from 1930's to 1960's by Niagara Falls for the disposal of noncombustibles and incinerator residue, and by the NYPA for the disposal of dredging and power project spoil material.  The U.S.G.S. collected soil samples in 1982 and 1983 with positive results for chlorinated organics.  A field investigation was undertaken by NYPA in 1987. Trace conta…","website":"","address":"Between Buffalo Ave./Niagara R., 56th - 61st St.","city":"Niagara Falls","zip":"14304.0","lat":43.07645458,"lon":-78.99586167,"chems":[],"rad_class":null,"rad_iso":[],"program_number":"932080B","reports":[],"docs_url":null}},{"type":"Feature","geometry":{"type":"Point","coordinates":[-78.99653123,43.23143389]},"properties":{"site_name":"J.& T. Salvage","designation":"NY State Superfund","program_type":"HW","program_category":"HW","acres":10.0,"chemicals":"Anthracene | Cadmium | Chromium | Chrysene | Copper | Lead | Mercury | Nickel | Pyrene | VOCs","narrative":"","website":"","address":"BALMER ROAD","city":"PORTER","zip":"","lat":43.23143389,"lon":-78.99653123,"chems":["Hexavalent chromium","Cadmium","Lead","Mercury"],"rad_class":null,"rad_iso":[],"program_number":"932074","reports":[],"docs_url":null}},{"type":"Feature","geometry":{"type":"Point","coordinates":[-78.92207502,43.12075643]},"properties":{"site_name":"Lockport Road - Struzik Property","designation":"NY State Superfund","program_type":"HW","program_category":"HW","acres":0.34,"chemicals":"Arsenic | Chromium | Copper | Lead | Nickel | Zinc","narrative":"","website":"","address":"South of Lockport Road, East of Cayuga Creek","city":"Wheatfield","zip":"14304","lat":43.12075643,"lon":-78.92207502,"chems":["Arsenic","Hexavalent chromium","Lead"],"rad_class":null,"rad_iso":[],"program_number":"932094","reports":[],"docs_url":null}},{"type":"Feature","geometry":{"type":"Point","coordinates":[-79.032447111,43.1224012]},"properties":{"site_name":"Niagara Mohawk Right of Way","designation":"NY State Superfund","program_type":"HW","program_category":"HW","acres":8.0,"chemicals":"Anthracene | Arsenic | Barium | Benzene | Benzo(a)anthracene | Benzo(a)pyrene | Cadmium | Chromium | Ethylbenzene | Fuel oil | Lead | Mercury | PAHs | Phenol | Pyrene | SVOCs | Tetrachloroethene (PCE) | Toluene | Trichloroethene (TCE) | VOCs | Vanadium | Vinyl chloride | Xylenes","narrative":"","website":"","address":"Witmer Road","city":"Niagara Falls","zip":"14300-","lat":43.1224012,"lon":-79.032447111,"chems":["Benzene","Vinyl chloride","Arsenic","Hexavalent chromium","TCE","Cadmium","Lead","Benzo(a)pyrene","Mercury"],"rad_class":null,"rad_iso":[],"program_number":"932115","reports":[],"docs_url":null}},{"type":"Feature","geometry":{"type":"Point","coordinates":[-79.066273224,43.088691577]},"properties":{"site_name":"Niagara Falls Former MGP","designation":"NY State Superfund","program_type":"HW","program_category":"HW","acres":0.21,"chemicals":"","narrative":"","website":"","address":"Niagara Falls State Park (Prospect Park)","city":"Niagara Falls","zip":"14303","lat":43.088691577,"lon":-79.066273224,"chems":[],"rad_class":null,"rad_iso":[],"program_number":"932147","reports":[],"docs_url":null}},{"type":"Feature","geometry":{"type":"Point","coordinates":[-79.033595571,43.13312874]},"properties":{"site_name":"Power Authority Road Site","designation":"NY State Superfund","program_type":"HW","program_category":"HW","acres":25.9,"chemicals":"","narrative":"General information and chemical-migration potential.--The Power Authority Road Site, north of the Power Authority storage reservoir in the town of Lewiston, was a landfill for mostly general municipal refuse. No geologic, hydrologic, or chemical information is available; thus, the potential for contaminant migration is indeterminable.","website":"https://appfactory.dec.ny.gov/DERExternalSearch/ERDDetails?SiteName=Power%20Authority&County=All%20Counties&City=&Position=0&CameFromList=true&EngineeringControls=All&InstitutionalControls=All&Region=All%20Regions&ControlType3=All&Street=&Program=All%20Programs&SiteClass=All%20Classes&SiteCode=932091%20%20","address":"North of Hooker's Hyde Park Landfill","city":"Niagara Falls","zip":"14305.0","lat":43.13312874,"lon":-79.033595571,"chems":[],"rad_class":null,"rad_iso":[],"program_number":"932091","reports":[],"docs_url":null}},{"type":"Feature","geometry":{"type":"Point","coordinates":[-79.03212274,43.15424587]},"properties":{"site_name":"Mt. St. Mary's Hospital","designation":"NY State Superfund","program_type":"HW","program_category":"HW","acres":null,"chemicals":"","narrative":"","website":"","address":"5300 MILITARY ROAD","city":"LEWISTON","zip":"","lat":43.15424587,"lon":-79.03212274,"chems":[],"rad_class":null,"rad_iso":[],"program_number":"932065","reports":[],"docs_url":null}},{"type":"Feature","geometry":{"type":"Point","coordinates":[-78.63101547,43.19210607]},"properties":{"site_name":"Lockport Town Landfill","designation":"NY State Superfund","program_type":"HW","program_category":"HW","acres":null,"chemicals":"","narrative":"","website":"","address":"Off Canal Road","city":"Lockport","zip":"","lat":43.19210607,"lon":-78.63101547,"chems":[],"rad_class":null,"rad_iso":[],"program_number":"932077","reports":[],"docs_url":null}},{"type":"Feature","geometry":{"type":"Point","coordinates":[-78.889632746,43.09736909]},"properties":{"site_name":"Ward Road","designation":"NY State Superfund","program_type":"HW","program_category":"HW","acres":null,"chemicals":"Acetone | Barium | Beryllium | Cadmium | Chlordane | Chloroform | Chromium | Copper | Lead | Manganese | Mercury | Nickel | PAHs | PCBs | Selenium | Xylenes | Zinc","narrative":"","website":"","address":"6759 Ward Road","city":"North Tonawanda","zip":"14120-","lat":43.09736909,"lon":-78.889632746,"chems":["PCBs","Hexavalent chromium","Cadmium","Lead","Beryllium","Mercury"],"rad_class":null,"rad_iso":[],"program_number":"932114","reports":[],"docs_url":null}},{"type":"Feature","geometry":{"type":"Point","coordinates":[-78.98978944,43.0824701]},"properties":{"site_name":"St. Mary's and Bishop Duffy School","designation":"NY State Superfund","program_type":"HW","program_category":"HW","acres":null,"chemicals":"","narrative":"","website":"","address":"66th Street","city":"Niagara Falls","zip":"","lat":43.0824701,"lon":-78.98978944,"chems":[],"rad_class":null,"rad_iso":[],"program_number":"932087","reports":[],"docs_url":null}},{"type":"Feature","geometry":{"type":"Point","coordinates":[-79.00170014,43.16167121]},"properties":{"site_name":"PASNY Upper Mountain Rd. site","designation":"NY State Superfund","program_type":"HW","program_category":"HW","acres":null,"chemicals":"","narrative":"","website":"","address":"Upper Mountain Road","city":"Lewiston","zip":"14092","lat":43.16167121,"lon":-79.00170014,"chems":[],"rad_class":null,"rad_iso":[],"program_number":"932091B","reports":[],"docs_url":null}},{"type":"Feature","geometry":{"type":"Point","coordinates":[-78.689327778,43.181347222]},"properties":{"site_name":"Flintkote","designation":"NY State Superfund","program_type":"HW","program_category":"HW","acres":6.0,"chemicals":"","narrative":"","website":"","address":"198 & 300 Mill Street","city":"Lockport","zip":"14094","lat":43.181347222,"lon":-78.689327778,"chems":[],"rad_class":null,"rad_iso":[],"program_number":"932072","reports":[],"docs_url":null}},{"type":"Feature","geometry":{"type":"Point","coordinates":[-78.98933465,43.10524555]},"properties":{"site_name":"Dibacco Site No. 2 (UPS Site)","designation":"NY State Superfund","program_type":"HW","program_category":"HW","acres":0.0,"chemicals":"","narrative":"This site is located in a residential area at Porter Road and Tuscarora Road, Niagara, Niagara County. Cayuga Creek used to flow here; the creek is nearby. There are apparent raised fill areas behind two addresses on Packard Road.\n      The site has been used for disposal of fill with rocks, broken concrete, and some inert wastes from a Carborundum Warehouse that burned in 1977. Also, Hooker Chemical indicated that some hexachlorocyclopentadiene (C-56) catalyst may have been disposed here. Water samples from adjacent Cayuga Creek indicated trace quantities of copper, lead, and organic compound…","website":"","address":"6421 Packard Road","city":"Niagara Falls","zip":"14302.0","lat":43.10524555,"lon":-78.98933465,"chems":[],"rad_class":null,"rad_iso":[],"program_number":"932056D","reports":[],"docs_url":null}},{"type":"Feature","geometry":{"type":"Point","coordinates":[-79.011561,43.129615]},"properties":{"site_name":"Witmer Road Drive In","designation":"NY State Superfund","program_type":"HW","program_category":"HW","acres":4.165,"chemicals":"1,2-Dichlorobenzene | Aldrin | Antimony | Arsenic | Barium | Benzene | Beryllium | Chlorobenzene | Chlorophenols | Chromium | Cobalt | Copper | Cyanide | Dioxins | Ethylbenzene | Furans | Gasoline | Lead | Lindane | Manganese | Mercury | Nickel | PCBs | Pentachlorophenol (PCP) | Phenol | Pyrene | Selenium | Toluene | Trichloroethene (TCE) | Xylenes | Zinc","narrative":"","website":"","address":"4287 Witmer Road","city":"Niagara Falls","zip":"14305","lat":43.129615,"lon":-79.011561,"chems":["Dioxins / TCDD","Benzene","Arsenic","PCBs","Hexavalent chromium","TCE","Lead","Lindane / BHC","Beryllium","Mercury","Cyanide"],"rad_class":null,"rad_iso":[],"program_number":"932118","reports":[],"docs_url":null}},{"type":"Feature","geometry":{"type":"Point","coordinates":[-78.687330556,43.169263889]},"properties":{"site_name":"Commerce Square","designation":"NY State Superfund","program_type":"HW","program_category":"HW","acres":6.025,"chemicals":"Acetone | Asbestos | Copper | Diesel fuel | Fuel oil | Gasoline | Mercury | Methanol | PCBs | SVOCs | VOCs","narrative":"","website":"","address":"210 Walnut Street","city":"Lockport","zip":"14094","lat":43.169263889,"lon":-78.687330556,"chems":["Asbestos","PCBs","Mercury"],"rad_class":null,"rad_iso":[],"program_number":"932141","reports":[],"docs_url":null}},{"type":"Feature","geometry":{"type":"Point","coordinates":[-79.00858626,43.11974308]},"properties":{"site_name":"Niagara Town Landfill","designation":"NY State Superfund","program_type":"HW","program_category":"HW","acres":null,"chemicals":"","narrative":"","website":"","address":"Lockport Road","city":"Niagara","zip":"14304","lat":43.11974308,"lon":-79.00858626,"chems":[],"rad_class":null,"rad_iso":[],"program_number":"932089","reports":[],"docs_url":null}},{"type":"Feature","geometry":{"type":"Point","coordinates":[-78.83047701,43.13947936]},"properties":{"site_name":"Lockport Air Force Station","designation":"NY State Superfund","program_type":"HW","program_category":"HW","acres":44.506,"chemicals":"","narrative":"","website":"","address":"Old Shawnee Road","city":"Cambria","zip":"14132","lat":43.13947936,"lon":-78.83047701,"chems":[],"rad_class":null,"rad_iso":[],"program_number":"932064","reports":[],"docs_url":null}},{"type":"Feature","geometry":{"type":"Point","coordinates":[-79.02151078,43.078639538]},"properties":{"site_name":"Robert Moses Parkway","designation":"NY State Superfund","program_type":"HW","program_category":"HW","acres":null,"chemicals":"SVOCs | VOCs","narrative":"","website":"","address":"932057 Robert Moses Parkway","city":"Niagara Falls","zip":"","lat":43.078639538,"lon":-79.02151078,"chems":[],"rad_class":null,"rad_iso":[],"program_number":"932057","reports":[],"docs_url":null}},{"type":"Feature","geometry":{"type":"Point","coordinates":[-79.052680556,43.106802778]},"properties":{"site_name":"915 Cleveland Avenue Off-Site Bedrock GW Plume","designation":"NY State Superfund","program_type":"HW","program_category":"HW","acres":null,"chemicals":"","narrative":"","website":"","address":"Cleveland Avenue","city":"Niagara Falls","zip":"14305-2637","lat":43.106802778,"lon":-79.052680556,"chems":[],"rad_class":null,"rad_iso":[],"program_number":"932151","reports":[],"docs_url":null}},{"type":"Feature","geometry":{"type":"Point","coordinates":[-79.057374066,43.109039855]},"properties":{"site_name":"Whirlpool-Rapids Bridge","designation":"NY State Superfund","program_type":"HW","program_category":"HW","acres":null,"chemicals":"","narrative":"","website":"","address":"Whirlpool Street","city":"Niagara Falls","zip":"14302-","lat":43.109039855,"lon":-79.057374066,"chems":[],"rad_class":null,"rad_iso":[],"program_number":"932120","reports":[],"docs_url":null}},{"type":"Feature","geometry":{"type":"Point","coordinates":[-78.944676824,43.070993599]},"properties":{"site_name":"Niagara River Site (Belden Site)","designation":"NY State Superfund","program_type":"HW","program_category":"HW","acres":2.693,"chemicals":"1,4-Dichlorobenzene | 2,4,6-Trichlorophenol | Arsenic | Chlorobenzene | Chlorophenols | Chromium | Hexachlorobenzene | Lead | Mercury | PCBs | Phenanthrene | Phenol | Pyrene","narrative":"","website":"","address":"East of Olin's 102nd Street Site","city":"Wheatfield","zip":"14240","lat":43.070993599,"lon":-78.944676824,"chems":["Arsenic","PCBs","Hexavalent chromium","Lead","Mercury","Hexachlorobenzene"],"rad_class":null,"rad_iso":[],"program_number":"932055","reports":[],"docs_url":null}},{"type":"Feature","geometry":{"type":"Point","coordinates":[-78.68687046,43.17429377]},"properties":{"site_name":"Dussault Foundry","designation":"NY State Superfund","program_type":"HW","program_category":"HW","acres":5.6,"chemicals":"Acetone | Chromium | Copper | Gasoline | Mercury | Nickel | PAHs | PAHs (polycyclic aromatic hydrocarbons) | PCBs | PCBs (polychlorinated biphenyls) | Phenol | SVOCs | Trichloroethene (TCE) | VOCs | Zinc","narrative":"","website":"","address":"2 Washburn  Street","city":"Lockport","zip":"14094","lat":43.17429377,"lon":-78.68687046,"chems":["PCBs","Hexavalent chromium","TCE","Mercury"],"rad_class":null,"rad_iso":[],"program_number":"932012","reports":[],"docs_url":null}},{"type":"Feature","geometry":{"type":"Point","coordinates":[-78.97552382,43.2082008]},"properties":{"site_name":"Lewiston Town Landfill","designation":"NY State Superfund","program_type":"HW","program_category":"HW","acres":380.0,"chemicals":"","narrative":"","website":"","address":"Harold and Pletcher Roads","city":"Lewiston","zip":"14107","lat":43.2082008,"lon":-78.97552382,"chems":[],"rad_class":null,"rad_iso":[],"program_number":"932076","reports":[],"docs_url":null}},{"type":"Feature","geometry":{"type":"Point","coordinates":[-78.722275,43.16745]},"properties":{"site_name":"South Niagara Street Quarry","designation":"NY State Superfund","program_type":"HW","program_category":"HW","acres":1.6,"chemicals":"Anthracene | Arsenic | Benzo(a)anthracene | Benzo(a)pyrene | Benzo(b)fluoranthene | Beryllium | Cadmium | Chromium | Chrysene | Copper | Furans | Gasoline | Lead | Mercury | Methylene chloride | Nickel | PAHs | PCBs | PCBs (polychlorinated biphenyls) | Pyrene | SVOCs | Selenium | Sulfates | VOCs | Zinc","narrative":"","website":"","address":"456 South Niagara Street","city":"Lockport","zip":"14094","lat":43.16745,"lon":-78.722275,"chems":["Arsenic","PCBs","Hexavalent chromium","Cadmium","Lead","Benzo(a)pyrene","Beryllium","Mercury"],"rad_class":null,"rad_iso":[],"program_number":"932111","reports":[],"docs_url":null}},{"type":"Feature","geometry":{"type":"Point","coordinates":[-78.983117,43.214051]},"properties":{"site_name":"Niagara Falls Storage Site","designation":"Federal Facility","program_type":"RCRA","program_category":"RCRA","acres":180.643,"chemicals":"","narrative":"","website":"","address":"932023 Niagara Falls Storage Site","city":"Lewiston","zip":"14092","lat":43.214051,"lon":-78.983117,"chems":[],"rad_class":"FUSRAP","rad_iso":["U","Th","Ra"],"program_number":"932023","reports":[{"title":"USACE Remedial Investigation Report Addendum — Niagara Falls Storage Site","url":"https://usace.contentdm.oclc.org/utils/getfile/collection/p16021coll7/id/27306"}],"docs_url":null,"rad_basis":"The Niagara Falls Storage Site is the Manhattan Project's principal radioactive-waste legacy in the region. Its Interim Waste Containment Structure (IWCS) holds the highest-activity material — including K-65 residues (radium-rich byproducts of pitchblende uranium-ore processing, among the most radioactive wastes in the U.S. weapons complex) together with R-10 and other MED/AEC residues — plus contaminated soils and rubble. The USACE Buffalo District Remedial Investigation (released Dec 14, 2007) documents radiological (U, Th, Ra) and chemical contamination from the Manhattan Engineer District and Atomic Energy Commission. Source: USACE NFSS RI (2007), DOE/USACE FUSRAP record."}},{"type":"Feature","geometry":{"type":"Point","coordinates":[-78.939970225,43.119359338]},"properties":{"site_name":"914 Tactical Airlift Group","designation":"Federal Facility","program_type":"RCRA","program_category":"RCRA","acres":629.908,"chemicals":"Cyanide | PCBs (polychlorinated biphenyls) | Trichloroethene (TCE) | VOCs | Vinyl chloride","narrative":"","website":"","address":"Niagara Falls International Airport","city":"Niagara Falls","zip":"14304-","lat":43.119359338,"lon":-78.939970225,"chems":["Vinyl chloride","PCBs","TCE","Cyanide"],"rad_class":null,"rad_iso":[],"program_number":"932106","reports":[],"docs_url":null}},{"type":"Feature","geometry":{"type":"Point","coordinates":[-78.869503608,43.265339084]},"properties":{"site_name":"DAL Specialties Inc.","designation":"RCRA Corrective Action","program_type":"RCRA","program_category":"RCRA","acres":null,"chemicals":"","narrative":"","website":"","address":"3119 Randall Road","city":"Ransomville","zip":"14131","lat":43.265339084,"lon":-78.869503608,"chems":[],"rad_class":null,"rad_iso":[],"program_number":"932003","reports":[],"docs_url":null}},{"type":"Feature","geometry":{"type":"Point","coordinates":[-78.697895285,43.183977471]},"properties":{"site_name":"Van De Mark Chemical","designation":"RCRA Corrective Action","program_type":"RCRA","program_category":"RCRA","acres":10.25,"chemicals":"2,4,5-Trichlorophenol | 2,4,6-Trichlorophenol | Acenaphthylene | Anthracene | Benzo(a)anthracene | Chlorobenzene | Chlorophenols | Chrysene | Fluorene | Furans | Hexachlorobenzene | Hexachlorobutadiene | Naphthalene | PAHs | Pentachlorophenol (PCP) | Phenanthrene | Phenol | Pyrene | Radon | VOCs","narrative":"","website":"","address":"One North Transit Road","city":"Lockport","zip":"14094","lat":43.183977471,"lon":-78.697895285,"chems":["Hexachlorobenzene"],"rad_class":null,"rad_iso":[],"program_number":"932149","reports":[],"docs_url":null}},{"type":"Feature","geometry":{"type":"Point","coordinates":[-78.98964948,43.10157953]},"properties":{"site_name":"CECOS","designation":"RCRA Corrective Action","program_type":"RCRA","program_category":"RCRA","acres":390.193,"chemicals":"","narrative":"General information and chemical-migration potential.--These two sites (Cecos & Niagara Recycling), on the border of the city of Niagara Falls and the town of Niagara, are adjacent to each other and abut the Necco Park landfill (site 14). The CECOS site is an active municipal, industrial, and chemical waste management facility operating under New York State Department of Environmental Conservation permits.\nSite Features: 1 Active sanitary (part 360) landfill, 7 closed sanitary landfills, 6 closed hazardous waste (part 373) landfills\nCurrent Zoning Uses: Industrial\nCECOS International, Inc. ope…","website":"https://appfactory.dec.ny.gov/DERExternalSearch/ERDDetails?CameFromList=false&SiteCode=932046","address":"Pine Avenue at 59th Street","city":"Niagara","zip":"14304.0","lat":43.10157953,"lon":-78.98964948,"chems":[],"rad_class":null,"rad_iso":[],"program_number":"932046","reports":[{"title":"EPA Groundwater Task Force — Evaluation of CECOS International","url":"https://nepis.epa.gov/Exe/ZyPURL.cgi?Dockey=2000H96Z.TXT"}],"docs_url":"https://extapps.dec.ny.gov/data/DecDocs/932046/"}},{"type":"Feature","geometry":{"type":"Point","coordinates":[-79.010185,43.087979]},"properties":{"site_name":"Resource Recovery Inc","designation":"RCRA Corrective Action","program_type":"RCRA","program_category":"RCRA","acres":null,"chemicals":"","narrative":"","website":"","address":"4626 Royal Avenue","city":"Niagara Falls","zip":"14303-2138","lat":43.087979,"lon":-79.010185,"chems":[],"rad_class":null,"rad_iso":[],"program_number":"932155","reports":[],"docs_url":null}},{"type":"Feature","geometry":{"type":"Point","coordinates":[-78.899517,43.090512]},"properties":{"site_name":"Safety-Kleen Corp Niagara Falls","designation":"RCRA Corrective Action","program_type":"RCRA","program_category":"RCRA","acres":null,"chemicals":"Methylene chloride","narrative":"","website":"","address":"2720 Niagara Falls Boulevard","city":"Niagara Falls","zip":"14304-4517","lat":43.090512,"lon":-78.899517,"chems":[],"rad_class":null,"rad_iso":[],"program_number":"932154","reports":[],"docs_url":null}},{"type":"Feature","geometry":{"type":"Point","coordinates":[-78.6949,43.170286111]},"properties":{"site_name":"Zimmie's Tire Store","designation":"Environmental Restoration Program","program_type":"ERP","program_category":"ERP","acres":0.307,"chemicals":"Asbestos | Cyanide | Fuel oil | Gasoline | PCBs | SVOCs | VOCs","narrative":"","website":"","address":"7 Niagara Street","city":"Lockport","zip":"14094","lat":43.170286111,"lon":-78.6949,"chems":["Asbestos","PCBs","Cyanide"],"rad_class":null,"rad_iso":[],"program_number":"E932124","reports":[],"docs_url":null}},{"type":"Feature","geometry":{"type":"Point","coordinates":[-78.88447966,43.04315597]},"properties":{"site_name":"Former Roblin Steel Site","designation":"Environmental Restoration Program","program_type":"ERP","program_category":"ERP","acres":24.24,"chemicals":"","narrative":"","website":"","address":"101 East Avenue","city":"North Tonawanda","zip":"14120","lat":43.04315597,"lon":-78.88447966,"chems":[],"rad_class":null,"rad_iso":[],"program_number":"B00025","reports":[],"docs_url":null}},{"type":"Feature","geometry":{"type":"Point","coordinates":[-79.04590442,43.11556233]},"properties":{"site_name":"Tract II Highland Ave.","designation":"Environmental Restoration Program","program_type":"ERP","program_category":"ERP","acres":18.942,"chemicals":"","narrative":"","website":"","address":"3001 HIGHLAND AVENUE","city":"NIAGARA FALLS","zip":"14305","lat":43.11556233,"lon":-79.04590442,"chems":[],"rad_class":null,"rad_iso":[],"program_number":"B00022","reports":[],"docs_url":null}},{"type":"Feature","geometry":{"type":"Point","coordinates":[-78.88771129,43.04262077]},"properties":{"site_name":"815 River Road Investigation","designation":"Environmental Restoration Program","program_type":"ERP","program_category":"ERP","acres":0.888,"chemicals":"","narrative":"","website":"","address":"815 River Road","city":"North Tonawanda","zip":"14120","lat":43.04262077,"lon":-78.88771129,"chems":[],"rad_class":null,"rad_iso":[],"program_number":"B00178","reports":[],"docs_url":null}},{"type":"Feature","geometry":{"type":"Point","coordinates":[-78.69416169,43.17064941]},"properties":{"site_name":"Richmond Avenue Project","designation":"Environmental Restoration Program","program_type":"ERP","program_category":"ERP","acres":1.452,"chemicals":"","narrative":"","website":"","address":"Canal, Church, and Niagara Streets","city":"Lockport","zip":"14094","lat":43.17064941,"lon":-78.69416169,"chems":[],"rad_class":null,"rad_iso":[],"program_number":"B00154","reports":[],"docs_url":null}},{"type":"Feature","geometry":{"type":"Point","coordinates":[-78.935018586,43.069848131]},"properties":{"site_name":"River Road Park","designation":"Environmental Restoration Program","program_type":"ERP","program_category":"ERP","acres":null,"chemicals":"","narrative":"","website":"","address":"River Road","city":"Wheatfield","zip":"14304-","lat":43.069848131,"lon":-78.935018586,"chems":[],"rad_class":null,"rad_iso":[],"program_number":"B00182","reports":[],"docs_url":null}},{"type":"Feature","geometry":{"type":"Point","coordinates":[-79.0420481,43.10874874]},"properties":{"site_name":"2201 Lockport Street","designation":"Environmental Restoration Program","program_type":"ERP","program_category":"ERP","acres":0.029,"chemicals":"","narrative":"","website":"","address":"2201 Lockport Street","city":"Niagara Falls (c)","zip":"14305","lat":43.10874874,"lon":-79.0420481,"chems":[],"rad_class":null,"rad_iso":[],"program_number":"B00107","reports":[],"docs_url":null}},{"type":"Feature","geometry":{"type":"Point","coordinates":[-79.04927792,43.10720955]},"properties":{"site_name":"2014 11th Street","designation":"Environmental Restoration Program","program_type":"ERP","program_category":"ERP","acres":0.533,"chemicals":"","narrative":"","website":"","address":"2014 11th Street","city":"Niagara Falls (c)","zip":"14305","lat":43.10720955,"lon":-79.04927792,"chems":[],"rad_class":null,"rad_iso":[],"program_number":"B00108","reports":[],"docs_url":null}},{"type":"Feature","geometry":{"type":"Point","coordinates":[-79.04436165,43.12021823]},"properties":{"site_name":"Union Carbide Site","designation":"Environmental Restoration Program","program_type":"ERP","program_category":"ERP","acres":5.5,"chemicals":"1,2-Dichlorobenzene | 2,4,5-Trichlorophenol | 2,4,6-Trichlorophenol | Anthracene | Benzene | Benzo(a)pyrene | Carbon tetrachloride | Chlorobenzene | Chloroform | Chlorophenols | Fluorene | Hexachlorobutadiene | Methylene chloride | Naphthalene | Phenanthrene | Phenol | Pyrene | Toluene | Trichloroethene (TCE) | Vinyl chloride | Xylenes","narrative":"","website":"","address":"3625 Highland Avenue","city":"Niagara Falls (c)","zip":"14305-","lat":43.12021823,"lon":-79.04436165,"chems":["Benzene","Vinyl chloride","TCE","Benzo(a)pyrene"],"rad_class":null,"rad_iso":[],"program_number":"B00079","reports":[],"docs_url":null}},{"type":"Feature","geometry":{"type":"Point","coordinates":[-79.045944,43.116466]},"properties":{"site_name":"Power City Warehouse","designation":"NY State Superfund","program_type":"HW","program_category":"HW","acres":3.406,"chemicals":"Asbestos | Lead | PCBs | PCBs (polychlorinated biphenyls)","narrative":"","website":"","address":"3123 HIGHLAND AVENUE","city":"NIAGARA FALLS","zip":"14305","lat":43.116466,"lon":-79.045944,"chems":["Asbestos","PCBs","Lead"],"rad_class":null,"rad_iso":[],"program_number":"932131","reports":[],"docs_url":null}},{"type":"Feature","geometry":{"type":"Point","coordinates":[-78.689260521,43.181978706]},"properties":{"site_name":"Former Flintkote Site Investigation","designation":"Environmental Restoration Program","program_type":"ERP","program_category":"ERP","acres":6.932,"chemicals":"","narrative":"","website":"","address":"198 & 300 Mill Street","city":"Lockport","zip":"14094","lat":43.181978706,"lon":-78.689260521,"chems":[],"rad_class":null,"rad_iso":[],"program_number":"B00161","reports":[],"docs_url":null}},{"type":"Feature","geometry":{"type":"Point","coordinates":[-78.7466,43.1677]},"properties":{"site_name":"Former Electruk Battery Site","designation":"Environmental Restoration Program","program_type":"ERP","program_category":"ERP","acres":1.348,"chemicals":"Lead","narrative":"","website":"","address":"4922 IDA Park Drive","city":"Lockport","zip":"14094","lat":43.1677,"lon":-78.7466,"chems":["Lead"],"rad_class":null,"rad_iso":[],"program_number":"E932132","reports":[],"docs_url":null}},{"type":"Feature","geometry":{"type":"Point","coordinates":[-78.706273439,43.169770731]},"properties":{"site_name":"1 Bristol Street","designation":"Environmental Restoration Program","program_type":"ERP","program_category":"ERP","acres":0.979,"chemicals":"","narrative":"","website":"","address":"1 Bristol Street","city":"Lockport","zip":"14094","lat":43.169770731,"lon":-78.706273439,"chems":[],"rad_class":null,"rad_iso":[],"program_number":"E932125","reports":[],"docs_url":null}},{"type":"Feature","geometry":{"type":"Point","coordinates":[-78.943611111,43.070555556]},"properties":{"site_name":"2020 River Road","designation":"NY State Superfund","program_type":"ERP","program_category":"ERP","acres":3.953,"chemicals":"PCBs | SVOCs | VOCs","narrative":"","website":"","address":"2020 River Road","city":"Wheatfield","zip":"14304","lat":43.070555556,"lon":-78.943611111,"chems":["PCBs"],"rad_class":null,"rad_iso":[],"program_number":"E932135","reports":[],"docs_url":null}},{"type":"Feature","geometry":{"type":"Point","coordinates":[-78.687433502,43.169324742]},"properties":{"site_name":"Commerce Square","designation":"NY State Superfund","program_type":"HW","program_category":"HW","acres":6.025,"chemicals":"Acetone | Asbestos | Copper | Diesel fuel | Fuel oil | Gasoline | Mercury | Methanol | PCBs | SVOCs | VOCs","narrative":"","website":"","address":"210 Walnut Street","city":"Lockport","zip":"14094","lat":43.169324742,"lon":-78.687433502,"chems":["Asbestos","PCBs","Mercury"],"rad_class":null,"rad_iso":[],"program_number":"932141","reports":[],"docs_url":null}},{"type":"Feature","geometry":{"type":"Point","coordinates":[-78.9301471,43.10541615]},"properties":{"site_name":"Ekonol Polyester Resins","designation":"Voluntary Cleanup Program","program_type":"VCP","program_category":"VCP","acres":15.806,"chemicals":"1,1,1-Trichloroethane (TCA) | 1,1-Dichloroethene | Arsenic | Lead | Methanol | Nitrates | Sulfates | Tetrachloroethene (PCE) | Trichloroethene (TCE) | VOCs | Vinyl chloride","narrative":"","website":"","address":"6600 Walmore Road (yard south of Ekonol bldg.)","city":"Wheatfield","zip":"14304","lat":43.10541615,"lon":-78.9301471,"chems":["Vinyl chloride","Arsenic","TCE","Lead"],"rad_class":null,"rad_iso":[],"program_number":"V00653","reports":[],"docs_url":null}},{"type":"Feature","geometry":{"type":"Point","coordinates":[-79.00804508,43.09155254]},"properties":{"site_name":"Niacet Corporation","designation":"Voluntary Cleanup Program","program_type":"VCP","program_category":"VCP","acres":19.017,"chemicals":"Arsenic | Mercury | PCBs","narrative":"","website":"","address":"400 47TH STREET","city":"NIAGARA FALLS","zip":"14304","lat":43.09155254,"lon":-79.00804508,"chems":["Arsenic","PCBs","Mercury"],"rad_class":null,"rad_iso":[],"program_number":"V00373","reports":[],"docs_url":null}},{"type":"Feature","geometry":{"type":"Point","coordinates":[-79.057316667,43.109275]},"properties":{"site_name":"Whirlpool Rapids Bridge","designation":"Voluntary Cleanup Program","program_type":"VCP","program_category":"VCP","acres":0.964,"chemicals":"Arsenic | Cadmium | Chromium | Lead | Zinc","narrative":"","website":"","address":"East of Whirlpool Street","city":"Niagara Falls","zip":"14301-","lat":43.109275,"lon":-79.057316667,"chems":["Arsenic","Hexavalent chromium","Cadmium","Lead"],"rad_class":null,"rad_iso":[],"program_number":"V00655","reports":[],"docs_url":null}},{"type":"Feature","geometry":{"type":"Point","coordinates":[-78.47385815,43.20602771]},"properties":{"site_name":"Royalton Commerce Ctr., Inc.","designation":"Voluntary Cleanup Program","program_type":"VCP","program_category":"VCP","acres":null,"chemicals":"","narrative":"","website":"","address":"140 Telegraph Rd.","city":"Middleport","zip":"14105","lat":43.20602771,"lon":-78.47385815,"chems":[],"rad_class":null,"rad_iso":[],"program_number":"V00287","reports":[],"docs_url":null}},{"type":"Feature","geometry":{"type":"Point","coordinates":[-78.96490926,43.07806097]},"properties":{"site_name":"Schrack Oil Property","designation":"Voluntary Cleanup Program","program_type":"VCP","program_category":"VCP","acres":null,"chemicals":"","narrative":"","website":"","address":"161 86th Street","city":"Niagara Falls","zip":"14304","lat":43.07806097,"lon":-78.96490926,"chems":[],"rad_class":null,"rad_iso":[],"program_number":"V00439","reports":[],"docs_url":null}},{"type":"Feature","geometry":{"type":"Point","coordinates":[-79.056111111,43.082222222]},"properties":{"site_name":"401,402 and 430 Buffalo Avenue Site","designation":"Brownfield","program_type":"BCP","program_category":"BCP","acres":6.393,"chemicals":"Chromium | Lead | Dibenz[a,h]anthracene | Barium | Benzo(a)pyrene | Indeno(1,2,3-cd)pyrene | Mercury | Benzo(b)fluoranthene | PCB aroclor 1260 | 1,2,4-trimethylbenzene | Benzo(a)anthracene","narrative":"The 401, 402, and 430 Buffalo Avenue site is a 6.2-acre property located in an urban area in Niagara Falls, Niagara County. The site is bound by 4th Street to the west, 6th Street and Holly Place to the east, a public alleyway from 4th Street and 6th Street to the north, and the Robert Moses State Parkway with the Niagara River beyond to the south. Buffalo Avenue intersects the site.\n The 401 Buffalo Avenue parcel has been redeveloped with a hotel and parking lot.\nBeginning in 1901, Nabisco Shredded Wheat occupied the 402 and 430 parcels. Operations included use of underground fuel oil storage…","website":"https://appfactory.dec.ny.gov/DERExternalSearch/ERDDetails?SiteName=&County=All%20Counties&City=Niagara%20Falls&Position=12&CameFromList=true&EngineeringControls=All&InstitutionalControls=All&Region=All%20Regions&ControlType3=All&Street=&Program=All%20Programs&SiteClass=All%20Classes&SiteCode=C932164","address":"401, 402 and 430 Buffalo Avenue","city":"Niagara Falls","zip":"14303.0","lat":43.082222222,"lon":-79.056111111,"chems":["PCBs","Hexavalent chromium","Lead","Benzo(a)pyrene","Mercury"],"rad_class":null,"rad_iso":[],"program_number":"C932164","reports":[],"docs_url":null}},{"type":"Feature","geometry":{"type":"Point","coordinates":[-78.873875172,43.023172562]},"properties":{"site_name":"Remington Rand Building","designation":"Brownfield","program_type":"BCP","program_category":"BCP","acres":1.861,"chemicals":"","narrative":"","website":"","address":"184 Sweeney Street","city":"North Tonawanda","zip":"14120","lat":43.023172562,"lon":-78.873875172,"chems":[],"rad_class":null,"rad_iso":[],"program_number":"C932142","reports":[],"docs_url":null}},{"type":"Feature","geometry":{"type":"Point","coordinates":[-78.981716667,43.0947]},"properties":{"site_name":"Fashion Outlets of Niagara Falls Expansion","designation":"Brownfield","program_type":"BCP","program_category":"BCP","acres":47.741,"chemicals":"","narrative":"","website":"","address":"1705 Factory Outlet Boulevard","city":"Niagara","zip":"14304","lat":43.0947,"lon":-78.981716667,"chems":[],"rad_class":null,"rad_iso":[],"program_number":"C932162","reports":[],"docs_url":null}},{"type":"Feature","geometry":{"type":"Point","coordinates":[-79.061115886,43.087046594]},"properties":{"site_name":"The Nest","designation":"Brownfield","program_type":"BCP","program_category":"BCP","acres":0.852,"chemicals":"","narrative":"","website":"","address":"333 1st Street","city":"Niagara Falls","zip":"14303","lat":43.087046594,"lon":-79.061115886,"chems":[],"rad_class":null,"rad_iso":[],"program_number":"C932183","reports":[],"docs_url":null}},{"type":"Feature","geometry":{"type":"Point","coordinates":[-79.052769444,43.106619444]},"properties":{"site_name":"915 Cleveland Avenue","designation":"Brownfield","program_type":"BCP","program_category":"BCP","acres":0.802,"chemicals":"","narrative":"","website":"","address":"1925 Main Street","city":"Niagara Falls","zip":"14305-2637","lat":43.106619444,"lon":-79.052769444,"chems":[],"rad_class":null,"rad_iso":[],"program_number":"C932133","reports":[],"docs_url":null}},{"type":"Feature","geometry":{"type":"Point","coordinates":[-78.992016667,43.090402778]},"properties":{"site_name":"6200-6390 Niagara Falls Boulevard","designation":"Brownfield","program_type":"BCP","program_category":"BCP","acres":6.884,"chemicals":"","narrative":"","website":"","address":"6200-6390 Niagara Falls Boulevard","city":"Niagara Falls","zip":"14304","lat":43.090402778,"lon":-78.992016667,"chems":[],"rad_class":null,"rad_iso":[],"program_number":"C932170","reports":[],"docs_url":null}},{"type":"Feature","geometry":{"type":"Point","coordinates":[-78.886533333,43.035925]},"properties":{"site_name":"600 River Road Apartments","designation":"Brownfield","program_type":"BCP","program_category":"BCP","acres":5.94,"chemicals":"","narrative":"","website":"","address":"600 River Road","city":"North Tonawanda","zip":"14120-6809","lat":43.035925,"lon":-78.886533333,"chems":[],"rad_class":null,"rad_iso":[],"program_number":"C932161","reports":[],"docs_url":null}},{"type":"Feature","geometry":{"type":"Point","coordinates":[-78.691875192,43.123443307]},"properties":{"site_name":"6157 South Transit Road Site","designation":"Brownfield","program_type":"BCP","program_category":"BCP","acres":27.266,"chemicals":"","narrative":"","website":"","address":"6157 South Transit Road","city":"Lockport","zip":"14094","lat":43.123443307,"lon":-78.691875192,"chems":[],"rad_class":null,"rad_iso":[],"program_number":"C932130","reports":[],"docs_url":null}},{"type":"Feature","geometry":{"type":"Point","coordinates":[-78.878361111,43.02775]},"properties":{"site_name":"211 Main Street","designation":"Brownfield","program_type":"BCP","program_category":"BCP","acres":0.665,"chemicals":"","narrative":"","website":"","address":"211 Main Street","city":"North Tonawanda","zip":"14120","lat":43.02775,"lon":-78.878361111,"chems":[],"rad_class":null,"rad_iso":[],"program_number":"C932171","reports":[],"docs_url":null}},{"type":"Feature","geometry":{"type":"Point","coordinates":[-78.734166667,43.165277778]},"properties":{"site_name":"GM Components Holdings, LLC","designation":"Brownfield","program_type":"BCP","program_category":"BCP","acres":16.289,"chemicals":"","narrative":"","website":"","address":"200 UPPER MOUNTAIN ROAD","city":"LOCKPORT","zip":"14094","lat":43.165277778,"lon":-78.734166667,"chems":[],"rad_class":null,"rad_iso":[],"program_number":"C932138","reports":[],"docs_url":null}},{"type":"Feature","geometry":{"type":"Point","coordinates":[-78.686666667,43.169166667]},"properties":{"site_name":"Harrison Place","designation":"Brownfield","program_type":"BCP","program_category":"BCP","acres":1.396,"chemicals":"","narrative":"","website":"","address":"210 Walnut Street","city":"Lockport","zip":"14094","lat":43.169166667,"lon":-78.686666667,"chems":[],"rad_class":null,"rad_iso":[],"program_number":"C932177","reports":[],"docs_url":null}},{"type":"Feature","geometry":{"type":"Point","coordinates":[-78.886944444,43.03675]},"properties":{"site_name":"624 River Road","designation":"Brownfield","program_type":"BCP","program_category":"BCP","acres":4.999,"chemicals":"","narrative":"","website":"","address":"622 & 624 River Road","city":"North Tonawanda","zip":"14120","lat":43.03675,"lon":-78.886944444,"chems":[],"rad_class":null,"rad_iso":[],"program_number":"C932176","reports":[],"docs_url":null}},{"type":"Feature","geometry":{"type":"Point","coordinates":[-78.927944444,43.107111111]},"properties":{"site_name":"Ekonol Polyester Resins","designation":"Voluntary Cleanup Program","program_type":"VCP","program_category":"VCP","acres":15.806,"chemicals":"1,1,1-Trichloroethane (TCA) | 1,1-Dichloroethene | Arsenic | Lead | Methanol | Nitrates | Sulfates | Tetrachloroethene (PCE) | Trichloroethene (TCE) | VOCs | Vinyl chloride","narrative":"","website":"","address":"6600 Walmore Road (yard south of Ekonol bldg.)","city":"Wheatfield","zip":"14304","lat":43.107111111,"lon":-78.927944444,"chems":["Vinyl chloride","Arsenic","TCE","Lead"],"rad_class":null,"rad_iso":[],"program_number":"V00653","reports":[],"docs_url":null}},{"type":"Feature","geometry":{"type":"Point","coordinates":[-78.735,43.168333333]},"properties":{"site_name":"GM Components Holdings, LLC Building 8","designation":"Brownfield","program_type":"BCP","program_category":"BCP","acres":13.662,"chemicals":"","narrative":"","website":"","address":"200 UPPER MOUNTAIN ROAD","city":"LOCKPORT","zip":"14094","lat":43.168333333,"lon":-78.735,"chems":[],"rad_class":null,"rad_iso":[],"program_number":"C932139","reports":[],"docs_url":null}},{"type":"Feature","geometry":{"type":"Point","coordinates":[-78.686666667,43.169166667]},"properties":{"site_name":"Harrison Place - Off Site","designation":"Brownfield","program_type":"BCP","program_category":"BCP","acres":1.396,"chemicals":"1,1,1-Trichloroethane (TCA) | 1,1-Dichloroethene | 1,2-Dichlorobenzene | 1,2-Dichloroethane | 1,4-Dichlorobenzene | Acetone | Benzene | Carbon tetrachloride | Chlorobenzene | Chloroform | Ethylbenzene | Furans | Lead | Mercury | Methylene chloride | Toluene | Trichloroethene (TCE) | VOCs | Vinyl chloride | Xylenes","narrative":"","website":"","address":"210 Walnut Street","city":"Lockport","zip":"14094","lat":43.169166667,"lon":-78.686666667,"chems":["Benzene","Vinyl chloride","TCE","Lead","Mercury"],"rad_class":null,"rad_iso":[],"program_number":"C932177A","reports":[],"docs_url":null}},{"type":"Feature","geometry":{"type":"Point","coordinates":[-79.036444444,43.173333333]},"properties":{"site_name":"756-790 Center Street Site","designation":"Brownfield","program_type":"BCP","program_category":"BCP","acres":4.142,"chemicals":"Anthracene | Arsenic | Barium | Benzene | Benzo(a)anthracene | Benzo(a)pyrene | Benzo(b)fluoranthene | Cadmium | Chromium | Chrysene | Ethylbenzene | Fluorene | Gasoline | Lead | Mercury | PAHs | PCBs | Phenanthrene | Pyrene | SVOCs | Toluene | VOCs | Xylenes","narrative":"","website":"","address":"756, 784-790 Center Street and 0 Onondaga Street","city":"Lewiston","zip":"14092","lat":43.173333333,"lon":-79.036444444,"chems":["Benzene","Arsenic","PCBs","Hexavalent chromium","Cadmium","Lead","Benzo(a)pyrene","Mercury"],"rad_class":null,"rad_iso":[],"program_number":"C932168","reports":[],"docs_url":null}},{"type":"Feature","geometry":{"type":"Point","coordinates":[-78.733055556,43.169444444]},"properties":{"site_name":"Delphi Lockport Building 6 Tank Area","designation":"Brownfield","program_type":"BCP","program_category":"BCP","acres":0.472,"chemicals":"","narrative":"","website":"","address":"200 UPPER MOUNTAIN ROAD","city":"LOCKPORT","zip":"14094","lat":43.169444444,"lon":-78.733055556,"chems":[],"rad_class":null,"rad_iso":[],"program_number":"C932137","reports":[],"docs_url":null}},{"type":"Feature","geometry":{"type":"Point","coordinates":[-79.055138889,43.0915]},"properties":{"site_name":"Mount St Marys Revitalization","designation":"Brownfield","program_type":"BCP","program_category":"BCP","acres":1.584,"chemicals":"Asbestos | Silver","narrative":"","website":"","address":"515 6th Street, 620, 624 and 626 Ferry Avenue","city":"Niagara Falls","zip":"14301","lat":43.0915,"lon":-79.055138889,"chems":["Asbestos"],"rad_class":null,"rad_iso":[],"program_number":"C932180","reports":[],"docs_url":null}},{"type":"Feature","geometry":{"type":"Point","coordinates":[-79.005897222,43.087527778]},"properties":{"site_name":"Northern Ethanol Redevelopment Site","designation":"Brownfield","program_type":"BCP","program_category":"BCP","acres":73.802,"chemicals":"Chromium | Gasoline | Mercury | PAHs | PCBs | SVOCs | Thorium | Uranium | VOCs | Vanadium","narrative":"","website":"","address":"137 47TH STREET","city":"Niagara Falls","zip":"14304","lat":43.087527778,"lon":-79.005897222,"chems":["PCBs","Hexavalent chromium","Mercury"],"rad_class":"TENORM","rad_iso":["U","Th"],"program_number":"C932143","reports":[],"docs_url":null,"rad_basis":"Former Electro Metallurgical (Electromet) plant. Produced uranium metal from UF4 (green salt) for the Manhattan Project / AEC 1942-53, then processed uranium AND thorium commercially under NYS radioactive-material license 950-0139 — 1965-72 Union Carbide made 505 tons of slag bearing 9,212 lb thorium dioxide + 1,293 lb uranium oxide. Surface soil around Buildings 163/166 (and wall/floor seams of Bldg 163) carries gamma-emitting radionuclides above DOE guidelines in the thorium-232 and uranium-238 decay chains. Per the DOE FUSRAP Elimination Report, the U-238/Ra-226 ratio indicates NATURAL uranium — i.e. the contamination is TENORM from the licensed commercial operations, NOT the MED/AEC weapons work, so DOE eliminated the site from FUSRAP (no federal remedial authority)."}},{"type":"Feature","geometry":{"type":"Point","coordinates":[-78.737035533,43.165469029]},"properties":{"site_name":"GM Components Holdings, LLC Building 10","designation":"Brownfield","program_type":"BCP","program_category":"BCP","acres":4.837,"chemicals":"","narrative":"","website":"","address":"200 UPPER MOUNTAIN ROAD","city":"LOCKPORT","zip":"14094","lat":43.165469029,"lon":-78.737035533,"chems":[],"rad_class":null,"rad_iso":[],"program_number":"C932140","reports":[],"docs_url":null}},{"type":"Feature","geometry":{"type":"Point","coordinates":[-78.883355556,43.027002778]},"properties":{"site_name":"Bridge Street Landing","designation":"Brownfield","program_type":"BCP","program_category":"BCP","acres":3.351,"chemicals":"1,1,1-Trichloroethane (TCA) | 1,1-Dichloroethene | 1,2-Dichlorobenzene | 1,2-Dichloroethane | 1,2-Dichloroethylene | 1,4-Dichlorobenzene | 2,4,5-Trichlorophenol | 2,4,6-Trichlorophenol | Acenaphthylene | Acetone | Anthracene | Antimony | Arsenic | Barium | Benzene | Benzo(a)anthracene | Benzo(a)pyrene | Benzo(b)fluoranthene | Beryllium | Cadmium | Carbon tetrachloride | Chlorobenzene | Chloroform | Chlorophenols | Chromium | Chrysene | Cobalt | Copper | Cyanide | Ethylbenzene | Fluorene | Furans | Hexachlorobenzene | Hexachlorobutadiene | Lead | Lindane (HCH) | Manganese | Mercury | Methylene chloride | Naphthalene | Nickel | PCBs | PCBs (polychlorinated biphenyls) | Pentachlorophenol (PCP) | Phenanthrene | Phenol | Pyrene | SVOCs | Selenium | Silver | Sulfates | Tetrachloroethene (PCE) | Thallium | Toluene | Trichloroethene (TCE) | VOCs | Vanadium | Vinyl chloride | Xylenes | Zinc | cis-1,2-Dichloroethylene","narrative":"","website":"","address":"78 Bridge Street","city":"North Tonawanda","zip":"14120","lat":43.027002778,"lon":-78.883355556,"chems":["Benzene","Vinyl chloride","Arsenic","PCBs","Hexavalent chromium","TCE","Cadmium","Lead","Benzo(a)pyrene","Lindane / BHC","Beryllium","Mercury","Hexachlorobenzene","Cyanide"],"rad_class":null,"rad_iso":[],"program_number":"C932181","reports":[],"docs_url":null}},{"type":"Feature","geometry":{"type":"Point","coordinates":[-78.87932,43.02725]},"properties":{"site_name":"NT Main Street Redevelopment Site","designation":"Brownfield","program_type":"BCP","program_category":"BCP","acres":3.135,"chemicals":"1,1,1-Trichloroethane (TCA) | 1,1-Dichloroethene | 1,2-Dichlorobenzene | 1,2-Dichloroethane | 1,4-Dichlorobenzene | 2,4,5-Trichlorophenol | 2,4,6-Trichlorophenol | Acenaphthylene | Acetone | Anthracene | Antimony | Arsenic | Asbestos | Barium | Benzene | Benzo(a)anthracene | Benzo(a)pyrene | Benzo(b)fluoranthene | Beryllium | Cadmium | Carbon tetrachloride | Chlorobenzene | Chloroform | Chlorophenols | Chromium | Chrysene | Cobalt | Copper | Dioxins | Ethylbenzene | Fluorene | Furans | Hexachlorobenzene | Hexachlorobutadiene | Lead | Manganese | Mercury | Methylene chloride | Naphthalene | Nickel | PCBs | PCBs (polychlorinated biphenyls) | Pentachlorophenol (PCP) | Phenanthrene | Phenol | Pyrene | SVOCs | Selenium | Silver | Tetrachloroethene (PCE) | Thallium | Toluene | Trichloroethene (TCE) | VOCs | Vanadium | Vinyl chloride | Xylenes | Zinc","narrative":"","website":"","address":"235 River Road","city":"North Tonawanda","zip":"14120","lat":43.02725,"lon":-78.87932,"chems":["Dioxins / TCDD","Asbestos","Benzene","Vinyl chloride","Arsenic","PCBs","Hexavalent chromium","TCE","Cadmium","Lead","Benzo(a)pyrene","Beryllium","Mercury","Hexachlorobenzene"],"rad_class":null,"rad_iso":[],"program_number":"C932184","reports":[],"docs_url":null}},{"type":"Feature","geometry":{"type":"Point","coordinates":[-78.757858624,43.156441779]},"properties":{"site_name":"Lockport Junction Road","designation":"Brownfield","program_type":"BCP","program_category":"BCP","acres":16.834,"chemicals":"VOCs","narrative":"","website":"","address":"5222 LOCKPORT JUNCTION ROAD","city":"Cambria","zip":"14094","lat":43.156441779,"lon":-78.757858624,"chems":[],"rad_class":null,"rad_iso":[],"program_number":"C932185","reports":[],"docs_url":null}},{"type":"Feature","geometry":{"type":"Point","coordinates":[-79.054647222,43.105008333]},"properties":{"site_name":"Building #40","designation":"Brownfield","program_type":"BCP","program_category":"BCP","acres":0.362,"chemicals":"Acetone | Anthracene | Arsenic | Barium | Benzo(a)anthracene | Benzo(a)pyrene | Benzo(b)fluoranthene | Cadmium | Chloroform | Chromium | Chrysene | Fluorene | Lead | Mercury | PCBs | Phenanthrene | Pyrene | SVOCs | Selenium | VOCs","narrative":"","website":"","address":"717 and 723 Division Avenue","city":"Niagara Falls","zip":"14305","lat":43.105008333,"lon":-79.054647222,"chems":["Arsenic","PCBs","Hexavalent chromium","Cadmium","Lead","Benzo(a)pyrene","Mercury"],"rad_class":null,"rad_iso":[],"program_number":"C932178","reports":[],"docs_url":null}},{"type":"Feature","geometry":{"type":"Point","coordinates":[-78.977872222,43.090280556]},"properties":{"site_name":"7416 Niagara Falls Blvd Site","designation":"Brownfield","program_type":"BCP","program_category":"BCP","acres":6.433,"chemicals":"PCBs | SVOCs | VOCs","narrative":"","website":"","address":"7416 Niagara Falls Blvd","city":"Niagara Falls","zip":"14304","lat":43.090280556,"lon":-78.977872222,"chems":["PCBs"],"rad_class":null,"rad_iso":[],"program_number":"C932167","reports":[],"docs_url":null}},{"type":"Feature","geometry":{"type":"Point","coordinates":[-79.049022222,43.081869444]},"properties":{"site_name":"1001 Buffalo Avenue","designation":"Brownfield","program_type":"BCP","program_category":"BCP","acres":3.822,"chemicals":"Anthracene | Antimony | Arsenic | Asbestos | Barium | Benzo(a)anthracene | Benzo(a)pyrene | Benzo(b)fluoranthene | Cadmium | Copper | Fuel oil | Gasoline | Lead | Manganese | Mercury | PCBs | Phenol | Pyrene | SVOCs | VOCs | Zinc","narrative":"","website":"","address":"1001 Buffalo Avenue","city":"Niagara Falls","zip":"14303","lat":43.081869444,"lon":-79.049022222,"chems":["Asbestos","Arsenic","PCBs","Cadmium","Lead","Benzo(a)pyrene","Mercury"],"rad_class":null,"rad_iso":[],"program_number":"C932182","reports":[],"docs_url":null}},{"type":"Feature","geometry":{"type":"Point","coordinates":[-78.877411,43.022638]},"properties":{"site_name":"Vacant Office Space","designation":"Brownfield","program_type":"BCP","program_category":"BCP","acres":0.397,"chemicals":"Benzene | Ethylbenzene | Gasoline | MTBE | Naphthalene | SVOCs | Toluene | VOCs | Xylenes","narrative":"","website":"","address":"31 WEBSTER STREET","city":"NORTH TONAWANDA","zip":"14120","lat":43.022638,"lon":-78.877411,"chems":["Benzene"],"rad_class":null,"rad_iso":[],"program_number":"C932165","reports":[],"docs_url":null}},{"type":"Feature","geometry":{"type":"Point","coordinates":[-78.9764,43.2275]},"properties":{"site_name":"Lake Ontario Ordnance Works (LOOW) Main Site","designation":"Federal Facility","program_type":"FUSRAP","program_category":"FUSRAP","acres":7500.0,"chemicals":"","narrative":"","website":"","address":"1397 Balmer Road","city":"Lewiston","zip":"14092","lat":43.2275,"lon":-78.9764,"chems":[],"rad_class":"FUSRAP","rad_iso":["U","Th","Ra"],"program_number":"FUSRAP-LOOW","reports":[],"docs_url":null,"rad_basis":"Lake Ontario Ordnance Works — a ~7,500-acre WWII TNT plant whose central area the Atomic Energy Commission used to store radioactive residues and wastes from uranium-ore processing (the tract later subdivided, with the most-contaminated core becoming the Niagara Falls Storage Site). Residual FUSRAP contamination (U, Th, Ra) persists across portions of the former property. Source: DOE/USACE FUSRAP record; USACE NFSS RI (2007)."}},{"type":"Feature","geometry":{"type":"Point","coordinates":[-78.96556487,43.24035534]},"properties":{"site_name":"Bell Test Center - Air Force Plant #38","designation":"Federal Facility","program_type":"HW","program_category":"HW","acres":800.8733380266136,"chemicals":"","narrative":"","website":"","address":"Balmer Road","city":"Porter","zip":"14131","lat":43.24035534,"lon":-78.96556487,"chems":[],"rad_class":null,"rad_iso":[],"program_number":"932005","reports":[],"docs_url":null}},{"type":"Feature","geometry":{"type":"Point","coordinates":[-79.044,43.1714]},"properties":{"site_name":"Nike NF-03 Launch Site","designation":"Federal Facility","program_type":"FUDS","program_category":"FUDS","acres":null,"chemicals":"","narrative":"","website":"","address":"Lewiston-Porter area","city":"Lewiston","zip":"14092","lat":43.1714,"lon":-79.044,"chems":[],"rad_class":null,"rad_iso":[],"program_number":"FUDS-C02NY0074","reports":[],"docs_url":null}},{"type":"Feature","geometry":{"type":"Point","coordinates":[-79.04,43.11]},"properties":{"site_name":"Niagara Falls Army Reserve Chemical Plant","designation":"Federal Facility","program_type":"FUDS","program_category":"FUDS","acres":null,"chemicals":"","narrative":"","website":"","address":"Niagara Falls","city":"Niagara Falls","zip":"14304","lat":43.11,"lon":-79.04,"chems":[],"rad_class":null,"rad_iso":[],"program_number":"FUDS-C02NY0205","reports":[],"docs_url":null}},{"type":"Feature","geometry":{"type":"Point","coordinates":[-78.972,43.148]},"properties":{"site_name":"Lockport Air Force Station (Site 01 - CON/HTRW)","designation":"Federal Facility","program_type":"FUDS","program_category":"FUDS","acres":null,"chemicals":"","narrative":"","website":"","address":"Sanborn","city":"Sanborn","zip":"14132","lat":43.148,"lon":-78.972,"chems":[],"rad_class":null,"rad_iso":[],"program_number":"FUDS-C02NY0868-01","reports":[],"docs_url":null}},{"type":"Feature","geometry":{"type":"Point","coordinates":[-78.972,43.148]},"properties":{"site_name":"Lockport Air Force Station (Site 02 - HTRW)","designation":"Federal Facility","program_type":"FUDS","program_category":"FUDS","acres":null,"chemicals":"","narrative":"","website":"","address":"Sanborn","city":"Sanborn","zip":"14132","lat":43.148,"lon":-78.972,"chems":[],"rad_class":null,"rad_iso":[],"program_number":"FUDS-C02NY0868-02","reports":[],"docs_url":null}},{"type":"Feature","geometry":{"type":"Point","coordinates":[-78.97,43.15]},"properties":{"site_name":"Nike Battery NF-16","designation":"Federal Facility","program_type":"FUDS","program_category":"FUDS","acres":null,"chemicals":"","narrative":"","website":"","address":"Sanborn","city":"Sanborn","zip":"14132","lat":43.15,"lon":-78.97,"chems":[],"rad_class":null,"rad_iso":[],"program_number":"FUDS-C02NY0093","reports":[],"docs_url":null}},{"type":"Feature","geometry":{"type":"Point","coordinates":[-79.02,43.26]},"properties":{"site_name":"Air Force Plant No. 68 (AFPLT 68)","designation":"Federal Facility","program_type":"FUDS","program_category":"FUDS","acres":null,"chemicals":"","narrative":"","website":"","address":"Youngstown","city":"Youngstown","zip":"14174","lat":43.26,"lon":-79.02,"chems":[],"rad_class":null,"rad_iso":[],"program_number":"FUDS-C02NY0576","reports":[],"docs_url":null}},{"type":"Feature","geometry":{"type":"Point","coordinates":[-79.0503,43.2636]},"properties":{"site_name":"Fort Niagara (FUDS - 3 sub-sites)","designation":"Federal Facility","program_type":"FUDS","program_category":"FUDS","acres":null,"chemicals":"","narrative":"","website":"","address":"1 Scott Ave","city":"Youngstown","zip":"14174","lat":43.2636,"lon":-79.0503,"chems":[],"rad_class":null,"rad_iso":[],"program_number":"FUDS-C02NY0613","reports":[],"docs_url":null}},{"type":"Feature","geometry":{"type":"Point","coordinates":[-78.97,43.225]},"properties":{"site_name":"NFSS Vicinity Property H-Prime (VP H')","designation":"FUSRAP-LM","program_type":"FUSRAP-LM","program_category":"FUSRAP-LM","acres":null,"chemicals":"","narrative":"","website":"","address":"Pletcher Road area","city":"Lewiston","zip":"14092","lat":43.225,"lon":-78.97,"chems":[],"rad_class":"FUSRAP","rad_iso":["U","Th","Ra"],"program_number":"NFSS-VP-H-PRIME","reports":[],"docs_url":null,"rad_basis":"Vicinity property adjacent to the Niagara Falls Storage Site with residual FUSRAP contamination (U, Th, Ra) associated with the NFSS/LOOW radioactive-waste legacy. Source: DOE/USACE FUSRAP record; USACE NFSS RI (2007)."}},{"type":"Feature","geometry":{"type":"Point","coordinates":[-78.968,43.224]},"properties":{"site_name":"NFSS Vicinity Property X (VP X)","designation":"FUSRAP-LM","program_type":"FUSRAP-LM","program_category":"FUSRAP-LM","acres":null,"chemicals":"","narrative":"","website":"","address":"Former LOOW area, Pletcher Road corridor","city":"Lewiston","zip":"14092","lat":43.224,"lon":-78.968,"chems":[],"rad_class":"FUSRAP","rad_iso":["U","Th","Ra"],"program_number":"NFSS-VP-X","reports":[],"docs_url":null,"rad_basis":"Vicinity property adjacent to the Niagara Falls Storage Site with residual FUSRAP contamination (U, Th, Ra) associated with the NFSS/LOOW radioactive-waste legacy. Source: DOE/USACE FUSRAP record; USACE NFSS RI (2007)."}},{"type":"Feature","geometry":{"type":"Point","coordinates":[-79.02,43.095]},"properties":{"site_name":"NFSS Vicinity Property Anomaly CC (City of Niagara Falls)","designation":"FUSRAP-LM","program_type":"FUSRAP-LM","program_category":"FUSRAP-LM","acres":null,"chemicals":"","narrative":"","website":"","address":"City of Niagara Falls (location not publicly specified)","city":"Niagara Falls","zip":"14301","lat":43.095,"lon":-79.02,"chems":[],"rad_class":"FUSRAP","rad_iso":["U","Th","Ra"],"program_number":"NFSS-ANOMALY-CC","reports":[],"docs_url":null,"rad_basis":"Vicinity property adjacent to the Niagara Falls Storage Site with residual FUSRAP contamination (U, Th, Ra) associated with the NFSS/LOOW radioactive-waste legacy. Source: DOE/USACE FUSRAP record; USACE NFSS RI (2007)."}},{"type":"Feature","geometry":{"type":"Point","coordinates":[-78.975,43.22]},"properties":{"site_name":"NFSS Central Drainage Ditch (Supplemental Limits Area)","designation":"FUSRAP-LM","program_type":"FUSRAP-LM","program_category":"FUSRAP-LM","acres":null,"chemicals":"","narrative":"","website":"","address":"Former LOOW area, Lewiston","city":"Lewiston","zip":"14092","lat":43.22,"lon":-78.975,"chems":[],"rad_class":"FUSRAP","rad_iso":["U","Th","Ra"],"program_number":"NFSS-CENTRAL-DITCH","reports":[],"docs_url":null,"rad_basis":"Vicinity property adjacent to the Niagara Falls Storage Site with residual FUSRAP contamination (U, Th, Ra) associated with the NFSS/LOOW radioactive-waste legacy. Source: DOE/USACE FUSRAP record; USACE NFSS RI (2007)."}},{"type":"Feature","geometry":{"type":"Point","coordinates":[-79.0466044,43.0825703]},"properties":{"site_name":"Former Mill No. 2","designation":"Brownfield","program_type":"BCP","program_category":"BCP","acres":18.484,"chemicals":"Iron | Antimony | Arsenic | 1,1 dichloroethene | 1,3-dichlorobenzene | Dibenz[a,h]anthracene | Benzo(a)pyrene | Indeno(1,2,3-cd)pyrene | 1,2-dichlorobenzene | Bis(2-ethylhexyl)phthalate | Manganese | Mercury | Sodium | 1,4-dichlorobenzene | Benzo(b)fluoranthene | Benzo(a)anthracene | Chlorobenzene | Magnesium","narrative":"The Former Mill #2 site, now known as Greenpac Mill, LLC/Cascades is a facility located at 4400 Royal Ave, Niagara Falls, Niagara County. The Greenpac Mill Site which includes the Former Mill #2, Northern Extension, and CSX Right of Way is 18.52 acres. The site is bounded by the active Norampac facility to the north, open land owned by Power Authority State of New York (PASNY) to the west, Royal Avenue to the south and industrial land along 47th street to the east. The site is adjacent to the Frontier Chemical Royal Ave inactive hazardous waste site #932110. Residences are within a quarter mil…","website":"https://appfactory.dec.ny.gov/DERExternalSearch/ERDDetails?SiteName=&County=All%20Counties&City=Niagara%20Falls&Position=8&CameFromList=true&EngineeringControls=All&InstitutionalControls=All&Region=All%20Regions&ControlType3=All&Street=&Program=All%20Programs&SiteClass=All%20Classes&SiteCode=C932150","address":"4400 Royal Avenue","city":"Niagara Falls","zip":"14303.0","lat":43.0825703,"lon":-79.0466044,"chems":["Arsenic","Benzo(a)pyrene","Mercury"],"rad_class":"TENORM","rad_iso":[],"program_number":"C932150","reports":[],"docs_url":null}},{"type":"Feature","geometry":{"type":"Point","coordinates":[-79.0187238,43.0899636]},"properties":{"site_name":"Unnamed Site","designation":"Information Not Available","program_type":"","program_category":null,"acres":null,"chemicals":"","narrative":"","website":"","address":"","city":"","zip":"","lat":43.0899636,"lon":-79.0187238,"chems":[],"rad_class":null,"rad_iso":[],"program_number":"UNKNOWN-VITULLO-NF","reports":[],"docs_url":null}},{"type":"Feature","geometry":{"type":"Point","coordinates":[-79.0283214,43.1153247]},"properties":{"site_name":"Sevenson Environmental Service","designation":"Federal CERCLA (Non-NPL)","program_type":"CERCLA","program_category":"CERCLA","acres":null,"chemicals":"","narrative":"Sevenson Environmental Service is located at 2749 Lockport Road, Niagara Falls, NY 14305 (EPA ID: NYD980534267). Listed as a CERCLA (Superfund) site that does not qualify for the National Priorities List (NPL). Status: NFRAP (No Further Remedial Action Planned). The site was identified as a contaminated location in EPA Region 2. The facility was presumably a remediation services company that itself became a contaminated site. No further EPA action is planned based on existing information.","website":"https://cumulis.epa.gov/supercpad/CurSites/csitinfo.cfm?id=0203354","address":"2749 Lockport Road","city":"Niagara Falls","zip":"14305.0","lat":43.1153247,"lon":-79.0283214,"chems":[],"rad_class":null,"rad_iso":[],"program_number":"EPA-NYD980534267","reports":[],"docs_url":null}},{"type":"Feature","geometry":{"type":"Point","coordinates":[-78.9959923,43.1030038]},"properties":{"site_name":"Pyron Metal","designation":"Federal CERCLA (Non-NPL)","program_type":"CERCLA","program_category":"CERCLA","acres":22.0,"chemicals":"","narrative":"Pyron Metal is a Superfund site located at 5950 Packard Road, Niagara Falls, NY 14304 (EPA ID: NYD055054191). The Environmental Protection Agency (EPA) identifies sites such as Pyron Metal because they pose or had once posed a potential risk to human health and/or the environment due to contamination by one or more hazardous wastes. Pyron Metal is currently registered as an Active superfund site by the EPA. However, it is not on the NPL (National Priorities List), which means the EPA does not consider it one of the nations most hazardous waste sites. The facility is also known as the North Ame…","website":"https://cumulis.epa.gov/supercpad/CurSites/csitinfo.cfm?id=0201566","address":"5950 Packard Road","city":"Niagara Falls","zip":"14304.0","lat":43.1030038,"lon":-78.9959923,"chems":[],"rad_class":null,"rad_iso":[],"program_number":"EPA-NYD055054191","reports":[],"docs_url":null}},{"type":"Feature","geometry":{"type":"Point","coordinates":[-79.001645,43.090509]},"properties":{"site_name":"Apollo Steel","designation":"Federal CERCLA (Non-NPL)","program_type":"CERCLA","program_category":"CERCLA","acres":null,"chemicals":"","narrative":"Apollo Steel is a Superfund site located at 4800 Wilton Avenue (also referenced as 4800 Tomson Avenue), Niagara Falls, NY 14301 (EPA ID: NYD051812170). The site is classified as a non-NPL CERCLA site that does not qualify for the National Priorities List based on existing information. Apollo Steel Corporation is a structural steel fabrication and construction company that has operated in Niagara Falls since approximately 1970. The EPA record indicates contamination at this location requiring monitoring or remediation review, though no further remedial action is currently planned.","website":"https://cumulis.epa.gov/supercpad/CurSites/csitinfo.cfm?id=0201555","address":"4800 Wilton Avenue","city":"Niagara Falls","zip":"14301.0","lat":43.090509,"lon":-79.001645,"chems":[],"rad_class":null,"rad_iso":[],"program_number":"EPA-NYD051812170","reports":[],"docs_url":null}},{"type":"Feature","geometry":{"type":"Point","coordinates":[-78.9798,43.0995]},"properties":{"site_name":"Sabre Park","designation":"Federal CERCLA / Brownfield","program_type":"CERCLA / BCP","program_category":"CERCLA / BCP","acres":34.0,"chemicals":"","narrative":"Sabre Park (EPA ID: NYD030222103) is located at 1705 Third Avenue (also known as 1705 Factory Outlet Boulevard / Fashion Outlet Boulevard / Third Avenue Extension / Connection Boulevard), Niagara Falls, NY 14304. The site encompasses a 34-acre former mobile home community that was owned by Union Carbide from 1949 to 1969, then became a mobile home community in 1972 with approximately 250+ housing units. In September 1978, Amherst Paving - under contract to Hooker Chemical - inadvertently deposited contaminated fill from Hookers property at Sabre Park during site expansion work. The fill contai…","website":"https://extapps.dec.ny.gov/docs/remediation_hudson_pdf/fonfri1.pdf","address":"1705 Third Avenue","city":"Niagara Falls","zip":"14304.0","lat":43.0995,"lon":-78.9798,"chems":[],"rad_class":null,"rad_iso":[],"program_number":"EPA-NYD030222103","reports":[],"docs_url":null}},{"type":"Feature","geometry":{"type":"Point","coordinates":[-79.03082038,43.1326603]},"properties":{"site_name":"Power Authority Road Site","designation":"NY State Superfund","program_type":"HW","program_category":"HW","acres":25.9,"chemicals":"","narrative":"General information and chemical-migration potential.--The Power Authority Road Site, north of the Power Authority storage reservoir in the town of Lewiston, was a landfill for mostly general municipal refuse. No geologic, hydrologic, or chemical information is available; thus, the potential for contaminant migration is indeterminable.","website":"https://appfactory.dec.ny.gov/DERExternalSearch/ERDDetails?SiteName=Power%20Authority&County=All%20Counties&City=&Position=0&CameFromList=true&EngineeringControls=All&InstitutionalControls=All&Region=All%20Regions&ControlType3=All&Street=&Program=All%20Programs&SiteClass=All%20Classes&SiteCode=932091%20%20","address":"North of Hooker's Hyde Park Landfill","city":"Niagara Falls","zip":"14305.0","lat":43.1326603,"lon":-79.03082038,"chems":[],"rad_class":null,"rad_iso":[],"program_number":"932091A","reports":[],"docs_url":null}}]}