{"type":"FeatureCollection","features":[{"type":"Feature","geometry":{"type":"LineString","coordinates":[[-79.008868,43.07944199999999],[-79.00892,43.079351999999986],[-79.009077,43.079084],[-79.00913,43.078995]]},"properties":{"name":"Energy Blvd","anchor":[-79.00913,43.078995]}},{"type":"Feature","geometry":{"type":"LineString","coordinates":[[-79.008868,43.07944199999999],[-79.008479,43.079316999999996],[-79.007624,43.079043999999996],[-79.007312,43.078956],[-79.00692,43.078847]]},"properties":{"name":"Buffalo Ave","anchor":[-79.007967,43.079153]}},{"type":"Feature","geometry":{"type":"LineString","coordinates":[[-79.00890100000001,43.081174],[-79.00890100000001,43.08115299999999],[-79.008906,43.08037499999999],[-79.008833,43.079865],[-79.008829,43.079837],[-79.008859,43.07975100000001],[-79.00904,43.079497]]},"properties":{"name":"47th St","anchor":[-79.00904,43.079497]}},{"type":"Feature","geometry":{"type":"LineString","coordinates":[[-78.950435,43.08133200000001],[-78.950205,43.081335],[-78.949062,43.081335]]},"properties":{"name":"Read Ave","anchor":[-78.949763,43.081335]}},{"type":"Feature","geometry":{"type":"LineString","coordinates":[[-78.950373,43.079390999999994],[-78.950396,43.07982599999999],[-78.95040500000002,43.079976],[-78.95043,43.081134],[-78.950435,43.08133200000001]]},"properties":{"name":"97th St","anchor":[-78.950435,43.081332]}},{"type":"Feature","geometry":{"type":"LineString","coordinates":[[-78.951383,43.081324],[-78.951392,43.08174900000001],[-78.951442,43.081905],[-78.951523,43.082013999999994],[-78.951597,43.082081999999986],[-78.951714,43.082148],[-78.952995,43.082874999999994],[-78.953135,43.082949],[-78.953323,43.083086],[-78.953422,43.083214],[-78.953461,43.083328999999985],[-78.953472,43.08362399999999],[-78.95348,43.08406099999999],[-78.953499,43.085021]]},"properties":{"name":"95th St","anchor":[-78.951383,43.081334]}},{"type":"Feature","geometry":{"type":"LineString","coordinates":[[-78.955577,43.086884],[-78.95558,43.08709999999999],[-78.95559,43.087749999999986],[-78.955594,43.087967000000006]]},"properties":{"name":"93rd St","anchor":[-78.955581,43.087193]}},{"type":"Feature","geometry":{"type":"LineString","coordinates":[[-78.956812,43.086884],[-78.956565,43.08688399999998],[-78.955824,43.086884],[-78.955577,43.086884]]},"properties":{"name":"Shantz Ave","anchor":[-78.955577,43.086884]}},{"type":"Feature","geometry":{"type":"LineString","coordinates":[[-78.955565,43.08836499999999],[-78.955407,43.088384999999995],[-78.954936,43.088445],[-78.954779,43.08846599999999]]},"properties":{"name":"Cayuga Dr","anchor":[-78.955425,43.088383]}},{"type":"Feature","geometry":{"type":"LineString","coordinates":[[-78.957667,43.077847],[-78.95634600000001,43.07753799999998],[-78.955975,43.077431],[-78.955155,43.077165],[-78.955065,43.077133999999994],[-78.95423,43.076849],[-78.953082,43.076479],[-78.952417,43.07623299999999],[-78.951725,43.076000999999984],[-78.951243,43.07582299999999],[-78.950539,43.075537999999995],[-78.949237,43.07498300000001],[-78.948764,43.074789],[-78.947505,43.074243],[-78.946506,43.073811],[-78.945348,43.07332199999999]]},"properties":{"name":"Buffalo Ave","anchor":[-78.949041,43.074903]}},{"type":"Feature","geometry":{"type":"LineString","coordinates":[[-78.95010000000002,43.07622599999999],[-78.950019,43.07619999999999],[-78.949694,43.07609799999999],[-78.948477,43.075715],[-78.948072,43.07558799999999],[-78.947947,43.075548999999995],[-78.947573,43.075432],[-78.947449,43.07539399999999]]},"properties":{"name":"Frontier Ave","anchor":[-78.948694,43.075783]}},{"type":"Feature","geometry":{"type":"LineString","coordinates":[[-78.952492,43.073117999999994],[-78.95247,43.07304],[-78.952469,43.073029999999996],[-78.952448,43.072761],[-78.95244400000001,43.072698],[-78.95245,43.07267199999999]]},"properties":{"name":"Council St","anchor":[-78.952492,43.073118]}},{"type":"Feature","geometry":{"type":"LineString","coordinates":[[-79.00692,43.078847],[-79.006268,43.078663999999996],[-79.005885,43.078557],[-79.005512,43.078465],[-79.00455,43.07828399999999],[-79.004288,43.07823199999999],[-79.003625,43.078103000000006]]},"properties":{"name":"Buffalo Ave","anchor":[-79.00656,43.078746]}},{"type":"Feature","geometry":{"type":"LineString","coordinates":[[-78.996553,43.076814000000006],[-78.996286,43.076764],[-78.995486,43.076614000000006],[-78.99522,43.076564]]},"properties":{"name":"Buffalo Ave","anchor":[-78.995786,43.07667]}},{"type":"Feature","geometry":{"type":"LineString","coordinates":[[-78.99522,43.076564],[-78.995208,43.077014999999996],[-78.99520300000002,43.077309],[-78.995173,43.07909000000001],[-78.995156,43.079545],[-78.995152,43.07967099999998],[-78.995145,43.080291]]},"properties":{"name":"60th St","anchor":[-78.99522,43.076564]}},{"type":"Feature","geometry":{"type":"LineString","coordinates":[[-78.996553,43.076814000000006],[-78.996542,43.077261],[-78.996534,43.077527],[-78.996492,43.078927],[-78.996485,43.079665999999996],[-78.99648,43.08037999999999]]},"properties":{"name":"59th St","anchor":[-78.996553,43.076814]}},{"type":"Feature","geometry":{"type":"LineString","coordinates":[[-78.993768,43.074638],[-78.994127,43.074676999999994],[-78.994512,43.07469400000001],[-78.994841,43.07468399999998],[-78.994984,43.074675],[-78.995691,43.074592]]},"properties":{"name":"Niagara Scenic Pkwy","anchor":[-78.99505,43.074667]}},{"type":"Feature","geometry":{"type":"LineString","coordinates":[[-78.99522,43.076564],[-78.994942,43.07650999999999],[-78.994111,43.076351],[-78.993834,43.076298]]},"properties":{"name":"Buffalo Ave","anchor":[-78.994911,43.076504]}},{"type":"Feature","geometry":{"type":"LineString","coordinates":[[-79.030753,43.126023999999994],[-79.029878,43.12673999999999]]},"properties":{"name":"Witmer Rd","anchor":[-79.030749,43.126028]}},{"type":"Feature","geometry":{"type":"LineString","coordinates":[[-79.029878,43.12673999999999],[-79.025298,43.126753]]},"properties":{"name":"Delaware Ave","anchor":[-79.028969,43.126743]}},{"type":"Feature","geometry":{"type":"LineString","coordinates":[[-79.034478,43.12520099999999],[-79.034353,43.125201000000004],[-79.034114,43.12519699999999],[-79.03299,43.12518099999999],[-79.032159,43.12518099999999],[-79.03205,43.12517099999999],[-79.031959,43.125145999999994],[-79.03185900000001,43.12508999999999]]},"properties":{"name":"Maryland Ave","anchor":[-79.031859,43.12509]}},{"type":"Feature","geometry":{"type":"LineString","coordinates":[[-79.028927,43.12751999999999],[-79.028857,43.127485],[-79.028747,43.127466999999996],[-79.028569,43.127456],[-79.028383,43.127457],[-79.026723,43.127469],[-79.02617,43.12747399999999]]},"properties":{"name":"Pennsylvania Ave","anchor":[-79.02617,43.127474]}},{"type":"Feature","geometry":{"type":"LineString","coordinates":[[-79.005206,43.097229000000006],[-79.005269,43.097681],[-79.005564,43.099352999999994],[-79.005948,43.102231999999994],[-79.006031,43.102975999999984],[-79.006052,43.103502999999996],[-79.006194,43.104583],[-79.006528,43.107155]]},"properties":{"name":"New Rd","anchor":[-79.005206,43.097229]}},{"type":"Feature","geometry":{"type":"LineString","coordinates":[[-79.008781,43.093365999999996],[-79.008778,43.09370800000001],[-79.008771,43.09473399999999],[-79.00877,43.095076999999996]]},"properties":{"name":"47th St","anchor":[-79.00877,43.095077]}},{"type":"Feature","geometry":{"type":"LineString","coordinates":[[-78.994803,43.087258],[-78.994806,43.08783199999999],[-78.994809,43.088231999999984],[-78.994823,43.088826999999995],[-78.994824,43.089556],[-78.994825,43.09007799999999],[-78.994824,43.09013099999999]]},"properties":{"name":"61st St","anchor":[-78.994824,43.090131]}},{"type":"Feature","geometry":{"type":"LineString","coordinates":[[-78.995918,43.087288],[-78.995903,43.087877],[-78.995875,43.088989999999995],[-78.995867,43.08964699999999],[-78.995861,43.090183999999994],[-78.995861,43.090237999999985]]},"properties":{"name":"60th St","anchor":[-78.995861,43.090238]}},{"type":"Feature","geometry":{"type":"LineString","coordinates":[[-78.990929,43.089703],[-78.990884,43.089772999999994],[-78.990855,43.089853],[-78.990764,43.09022099999999],[-78.99072,43.090401],[-78.990641,43.090796999999995],[-78.990562,43.091052],[-78.990428,43.09138199999999],[-78.990247,43.091741],[-78.990232,43.091764],[-78.990085,43.09200999999999],[-78.989907,43.09219999999999]]},"properties":{"name":"Connecting Rd","anchor":[-78.990456,43.091313]}},{"type":"Feature","geometry":{"type":"LineString","coordinates":[[-78.926944,43.108427999999996],[-78.926991,43.106569],[-78.927057,43.10400799999999],[-78.927109,43.102002000000006]]},"properties":{"name":"Walmore Rd","anchor":[-78.927092,43.102655]}},{"type":"Feature","geometry":{"type":"LineString","coordinates":[[-78.927195,43.09913699999999],[-78.927126,43.099175],[-78.927005,43.09922300000001],[-78.92688400000002,43.099271],[-78.926523,43.099406999999985],[-78.926167,43.099527],[-78.925872,43.099628],[-78.923851,43.100181000000006],[-78.923224,43.100351999999994],[-78.922989,43.10041400000001],[-78.921927,43.1007]]},"properties":{"name":"Niagara Rd","anchor":[-78.926348,43.099466]}},{"type":"Feature","geometry":{"type":"LineString","coordinates":[[-79.040033,43.07833999999999],[-79.039085,43.078297],[-79.037772,43.07831899999999],[-79.032861,43.07844399999999],[-79.031678,43.078483999999996],[-79.028668,43.078548999999995],[-79.027251,43.078588],[-79.02657500000001,43.078599999999994],[-79.025916,43.078612]]},"properties":{"name":"Niagara Scenic Pkwy","anchor":[-79.038952,43.078299]}},{"type":"Feature","geometry":{"type":"LineString","coordinates":[[-79.03452,43.11835],[-79.034449,43.118362],[-79.034189,43.118373999999996],[-79.033884,43.118369],[-79.031973,43.118342],[-79.031336,43.118332999999986]]},"properties":{"name":"Rhode Island Ave","anchor":[-79.032792,43.118354]}},{"type":"Feature","geometry":{"type":"LineString","coordinates":[[-79.03134100000001,43.11749999999999],[-79.031339,43.117666],[-79.031336,43.118166],[-79.031336,43.118332999999986]]},"properties":{"name":"Portland St","anchor":[-79.031336,43.118333]}},{"type":"Feature","geometry":{"type":"LineString","coordinates":[[-79.037929,43.119285999999995],[-79.037515,43.119274999999995],[-79.037318,43.11926600000001],[-79.03613,43.11921499999999],[-79.035487,43.119210999999986],[-79.035183,43.11920999999999],[-79.034945,43.11922500000001],[-79.034877,43.119232]]},"properties":{"name":"Connecticut Ave","anchor":[-79.034877,43.119232]}},{"type":"Feature","geometry":{"type":"LineString","coordinates":[[-79.044555,43.12186899999999],[-79.044251,43.12221400000001],[-79.043341,43.123251999999994],[-79.043038,43.123597999999994]]},"properties":{"name":"Highland Ave","anchor":[-79.043709,43.122832]}},{"type":"Feature","geometry":{"type":"LineString","coordinates":[[-79.046162,43.12345899999999],[-79.045995,43.12372299999999],[-79.045752,43.124205],[-79.045664,43.124431],[-79.04561,43.12460500000001]]},"properties":{"name":"Hudson Dr","anchor":[-79.045996,43.123721]}},{"type":"Feature","geometry":{"type":"LineString","coordinates":[[-79.043038,43.123597999999994],[-79.042911,43.123560000000005],[-79.042673,43.123540999999996],[-79.04086,43.12352399999999]]},"properties":{"name":"Massachusetts Ave","anchor":[-79.043038,43.123598]}},{"type":"Feature","geometry":{"type":"LineString","coordinates":[[-79.01751600000001,43.07868599999998],[-79.017708,43.078699],[-79.01788,43.07871199999999],[-79.0214,43.078708999999996],[-79.025338,43.078624999999995]]},"properties":{"name":"Niagara Scenic Pkwy","anchor":[-79.022192,43.078692]}},{"type":"Feature","geometry":{"type":"LineString","coordinates":[[-79.025451,43.082736999999995],[-79.024062,43.08263699999999],[-79.023744,43.08261499999999],[-79.019897,43.08234499999999],[-79.019699,43.082331999999994],[-79.018509,43.08225699999999]]},"properties":{"name":"Buffalo Ave","anchor":[-79.022012,43.082493]}},{"type":"Feature","geometry":{"type":"LineString","coordinates":[[-79.018159,43.080284000000006],[-79.018226,43.080679],[-79.01842700000002,43.081863999999996],[-79.018475,43.08214100000001],[-79.018509,43.08225699999999]]},"properties":{"name":"S Hyde Park Blvd","anchor":[-79.018266,43.080917]}},{"type":"Feature","geometry":{"type":"LineString","coordinates":[[-78.999874,43.090385999999995],[-78.999872,43.090464],[-78.999868,43.090697000000006],[-78.999867,43.09077599999999]]},"properties":{"name":"56th St","anchor":[-78.999867,43.090776]}},{"type":"Feature","geometry":{"type":"LineString","coordinates":[[-79.001819,43.090434],[-79.00143,43.090418],[-79.00140400000001,43.090417],[-79.001086,43.090410999999996],[-79.000263,43.090394],[-78.999874,43.090385999999995]]},"properties":{"name":"Tomson Ave","anchor":[-78.999874,43.090386]}},{"type":"Feature","geometry":{"type":"LineString","coordinates":[[-78.999888,43.089625],[-78.999581,43.089631],[-78.999566,43.089634],[-78.999417,43.089665999999994],[-78.999047,43.089786],[-78.998917,43.089798],[-78.998623,43.089796],[-78.998547,43.089796],[-78.998517,43.08980399999999],[-78.998452,43.089855],[-78.99841300000001,43.089981],[-78.998406,43.09049499999998]]},"properties":{"name":"Henry Ave","anchor":[-78.998406,43.090495]}},{"type":"Feature","geometry":{"type":"LineString","coordinates":[[-79.03848000000002,43.127767],[-79.038252,43.12780200000001],[-79.036685,43.12780800000001],[-79.036537,43.127804000000005],[-79.034987,43.127767],[-79.03350900000001,43.12778899999999],[-79.032066,43.12777899999999],[-79.031604,43.12774799999999],[-79.031253,43.12774299999999],[-79.030971,43.127758],[-79.030703,43.12774999999999],[-79.029883,43.127728999999995],[-79.028972,43.127714],[-79.028855,43.127698999999986],[-79.02877800000002,43.127642]]},"properties":{"name":"Pennsylvania Ave","anchor":[-79.033623,43.127787]}},{"type":"Feature","geometry":{"type":"LineString","coordinates":[[-79.032801,43.127344],[-79.032095,43.12732700000001],[-79.031745,43.12731899999999],[-79.031253,43.127301],[-79.030286,43.127284],[-79.02998,43.127284],[-79.029462,43.127284],[-79.029353,43.12726199999999],[-79.029287,43.127224]]},"properties":{"name":"Delaware Ave","anchor":[-79.032801,43.127344]}},{"type":"Feature","geometry":{"type":"LineString","coordinates":[[-79.03114,43.13203099999999],[-79.034898,43.13206699999999],[-79.034916,43.132068],[-79.035378,43.132096000000004],[-79.035831,43.132135],[-79.037027,43.132324999999994],[-79.037384,43.132356]]},"properties":{"name":"Power Auth Svc Rd","anchor":[-79.033618,43.132055]}},{"type":"Feature","geometry":{"type":"LineString","coordinates":[[-78.945348,43.07332199999999],[-78.945022,43.07318599999999]]},"properties":{"name":"River Rd","anchor":[-78.945348,43.073322]}},{"type":"Feature","geometry":{"type":"LineString","coordinates":[[-78.945348,43.07332199999999],[-78.945382,43.074252]]},"properties":{"name":"102nd St","anchor":[-78.945348,43.073322]}},{"type":"Feature","geometry":{"type":"LineString","coordinates":[[-79.026011,43.082779],[-79.025868,43.083002],[-79.025772,43.08310999999999],[-79.025549,43.08329499999999],[-79.025215,43.083518999999995],[-79.023433,43.08525800000001],[-79.023302,43.085423],[-79.023114,43.08571299999999],[-79.02293900000001,43.085978],[-79.022713,43.086335],[-79.022659,43.08644199999999]]},"properties":{"name":"Veterans Dr","anchor":[-79.025549,43.083295]}},{"type":"Feature","geometry":{"type":"LineString","coordinates":[[-79.028812,43.08298999999999],[-79.028252,43.082943],[-79.027527,43.082884],[-79.02657100000002,43.08281699999999],[-79.026011,43.082779]]},"properties":{"name":"Buffalo Ave","anchor":[-79.026296,43.082798]}},{"type":"Feature","geometry":{"type":"LineString","coordinates":[[-79.02244,43.083553],[-79.022793,43.083578],[-79.023855,43.083655999999976],[-79.024082,43.083673000000005],[-79.024135,43.08369499999999],[-79.024138,43.08374100000001],[-79.024127,43.083761999999986]]},"properties":{"name":"A St","anchor":[-79.024138,43.083741]}},{"type":"Feature","geometry":{"type":"LineString","coordinates":[[-79.028812,43.08298999999999],[-79.028811,43.08319399999999],[-79.02881,43.08380899999999],[-79.02881,43.084013999999996]]},"properties":{"name":"27th St","anchor":[-79.028812,43.08299]}},{"type":"Feature","geometry":{"type":"LineString","coordinates":[[-79.033091,43.08317600000001],[-79.032344,43.083194],[-79.032233,43.08319200000001],[-79.031582,43.083185],[-79.030016,43.083077],[-79.029666,43.083051],[-79.028812,43.08298999999999]]},"properties":{"name":"Buffalo Ave","anchor":[-79.030032,43.083078]}},{"type":"Feature","geometry":{"type":"LineString","coordinates":[[-79.032553,43.084253999999994],[-79.032257,43.08424099999999],[-79.032242,43.08424],[-79.029668,43.08406999999999],[-79.029316,43.084047]]},"properties":{"name":"Allen Ave","anchor":[-79.029905,43.084086]}},{"type":"Feature","geometry":{"type":"LineString","coordinates":[[-79.000223,43.166537000000005],[-78.999545,43.166876],[-78.999084,43.16710799999999],[-78.997508,43.167884],[-78.997018,43.168125999999994]]},"properties":{"name":"Upper Mountain Rd","anchor":[-78.997476,43.1679]}},{"type":"Feature","geometry":{"type":"LineString","coordinates":[[-79.000893,43.167846000000004],[-79.00071200000001,43.167915],[-79.00017,43.16816699999999],[-78.998017,43.169168],[-78.997609,43.16935899999999],[-78.997383,43.169475],[-78.997348,43.169501999999994],[-78.997329,43.169539999999984]]},"properties":{"name":"Jarrett Dr","anchor":[-78.998425,43.168978]}},{"type":"Feature","geometry":{"type":"LineString","coordinates":[[-78.997647,43.170961],[-78.997575,43.17067699999999],[-78.997361,43.169827000000005],[-78.997352,43.169788],[-78.997321,43.16958399999999],[-78.997329,43.169539999999984]]},"properties":{"name":"Cleghorn Dr","anchor":[-78.997329,43.16954]}},{"type":"Feature","geometry":{"type":"LineString","coordinates":[[-79.045048,43.168276],[-79.045075,43.168072],[-79.04513,43.167659],[-79.045134,43.167606000000006],[-79.045207,43.166828],[-79.04520300000001,43.166723999999995],[-79.045177,43.166644999999995],[-79.045091,43.166535],[-79.044955,43.166408000000004],[-79.044803,43.16632799999999],[-79.044279,43.16612599999999],[-79.044207,43.166098999999996],[-79.04407900000001,43.16601899999999],[-79.043991,43.16593],[-79.043955,43.165828999999995],[-79.043948,43.16568500000001],[-79.043973,43.165619]]},"properties":{"name":"S 4th St","anchor":[-79.043973,43.165619]}},{"type":"Feature","geometry":{"type":"LineString","coordinates":[[-79.042643,43.160703],[-79.042614,43.160804],[-79.042547,43.160968999999994],[-79.042326,43.161396],[-79.042222,43.161556],[-79.041931,43.161925999999994],[-79.041553,43.16233100000001],[-79.04121,43.16263699999999],[-79.040889,43.162898000000006],[-79.040294,43.163337999999996],[-79.039625,43.163785],[-79.039544,43.163836999999994],[-79.039525,43.163851],[-79.038453,43.164505],[-79.038318,43.164581],[-79.038203,43.164646]]},"properties":{"name":"Niagara Scenic Pkwy","anchor":[-79.041553,43.162331]}},{"type":"Feature","geometry":{"type":"LineString","coordinates":[[-79.048232,43.168463],[-79.048047,43.16823999999999],[-79.04749200000002,43.16757199999999],[-79.047307,43.167350000000006]]},"properties":{"name":"Guard St","anchor":[-79.047307,43.16735]}},{"type":"Feature","geometry":{"type":"LineString","coordinates":[[-79.02626800000002,43.11827199999999],[-79.026069,43.118266999999996],[-79.025472,43.118255],[-79.025274,43.11825100000001]]},"properties":{"name":"Rhode Island Ave","anchor":[-79.025683,43.118259]}},{"type":"Feature","geometry":{"type":"LineString","coordinates":[[-79.025274,43.11825100000001],[-79.025277,43.11818199999999],[-79.025286,43.117977999999994],[-79.02529,43.117911]]},"properties":{"name":"Duquesne St","anchor":[-79.025274,43.118251]}},{"type":"Feature","geometry":{"type":"LineString","coordinates":[[-79.026303,43.115764],[-79.026297,43.11626499999999],[-79.026283,43.117451],[-79.026277,43.11776999999999],[-79.02626800000002,43.11827199999999]]},"properties":{"name":"Petroleum St","anchor":[-79.026268,43.118272]}},{"type":"Feature","geometry":{"type":"LineString","coordinates":[[-78.953348,43.077256999999996],[-78.952159,43.076878],[-78.951323,43.07661199999999]]},"properties":{"name":"Frontier Ave","anchor":[-78.95303,43.077156]}},{"type":"Feature","geometry":{"type":"LineString","coordinates":[[-78.951323,43.07661199999999],[-78.951325,43.07715799999999],[-78.951327,43.077642999999995],[-78.951336,43.07809299999999]]},"properties":{"name":"95th St","anchor":[-78.951333,43.077939]}},{"type":"Feature","geometry":{"type":"LineString","coordinates":[[-78.944503,43.072517],[-78.944502,43.07245199999999],[-78.944491,43.072369999999985],[-78.944468,43.07229999999999],[-78.944409,43.07216700000001],[-78.944366,43.07211800000001],[-78.944314,43.072067],[-78.944112,43.07199499999999],[-78.944009,43.071951],[-78.943952,43.071889999999996],[-78.943914,43.07183899999999],[-78.94391100000001,43.071787],[-78.943919,43.07112499999999]]},"properties":{"name":"Wildwood Dr","anchor":[-78.943919,43.071125]}},{"type":"Feature","geometry":{"type":"LineString","coordinates":[[-78.944286,43.07287800000001],[-78.943502,43.072551],[-78.94317,43.072412999999976],[-78.941157,43.07156],[-78.94108,43.071528],[-78.940379,43.071224]]},"properties":{"name":"River Rd","anchor":[-78.94155,43.071727]}},{"type":"Feature","geometry":{"type":"LineString","coordinates":[[-78.94039600000002,43.072205999999994],[-78.940387,43.07179],[-78.940386,43.071523],[-78.940379,43.071224]]},"properties":{"name":"Williams Rd","anchor":[-78.940379,43.071224]}},{"type":"Feature","geometry":{"type":"LineString","coordinates":[[-78.983541,43.18505399999999],[-78.983539,43.183811],[-78.983537,43.18184699999999],[-78.983573,43.180929000000006],[-78.983597,43.180507],[-78.983584,43.18008700000001],[-78.983549,43.17884599999999]]},"properties":{"name":"Model City Rd","anchor":[-78.983566,43.181107]}},{"type":"Feature","geometry":{"type":"LineString","coordinates":[[-78.990731,43.176466],[-78.990484,43.176551],[-78.989494,43.17689000000001],[-78.986549,43.177929],[-78.985949,43.178129999999996],[-78.98498500000001,43.178454],[-78.984479,43.178611999999994],[-78.983549,43.17884599999999]]},"properties":{"name":"Ridge Rd","anchor":[-78.985309,43.178345]}},{"type":"Feature","geometry":{"type":"LineString","coordinates":[[-79.048241,43.082583000000014],[-79.047992,43.082593],[-79.047248,43.082625],[-79.047,43.082636]]},"properties":{"name":"Buffalo Ave","anchor":[-79.047036,43.082634]}},{"type":"Feature","geometry":{"type":"LineString","coordinates":[[-79.047,43.082636],[-79.047,43.08274899999999],[-79.047002,43.082977],[-79.047013,43.083998999999984],[-79.047016,43.084228],[-79.047016,43.084340999999995]]},"properties":{"name":"12th St","anchor":[-79.047,43.082636]}},{"type":"Feature","geometry":{"type":"LineString","coordinates":[[-79.048241,43.082583000000014],[-79.048247,43.082649999999994],[-79.048247,43.082662],[-79.048247,43.082903],[-79.048247,43.082984]]},"properties":{"name":"Memorial Pkwy","anchor":[-79.048241,43.082583]}},{"type":"Feature","geometry":{"type":"LineString","coordinates":[[-78.98067,43.073680999999986],[-78.980435,43.073669],[-78.980098,43.07367699999999],[-78.979693,43.073699000000005],[-78.979449,43.073713]]},"properties":{"name":"Buffalo Ave","anchor":[-78.980435,43.073669]}},{"type":"Feature","geometry":{"type":"LineString","coordinates":[[-78.98067,43.073680999999986],[-78.980671,43.074073000000006],[-78.980677,43.075253000000004],[-78.980679,43.075646]]},"properties":{"name":"73rd St","anchor":[-78.98067,43.073681]}},{"type":"Feature","geometry":{"type":"LineString","coordinates":[[-78.979449,43.073713],[-78.979449,43.07409899999998],[-78.97945,43.07466799999999],[-78.979457,43.07525999999999],[-78.979463,43.075647]]},"properties":{"name":"74th St","anchor":[-78.979449,43.073713]}},{"type":"Feature","geometry":{"type":"LineString","coordinates":[[-78.953987,43.074927],[-78.953787,43.074757999999996],[-78.9532,43.07426199999999],[-78.953191,43.07424999999999],[-78.953094,43.074122999999986],[-78.953044,43.074034999999995]]},"properties":{"name":"Council St","anchor":[-78.953094,43.074123]}},{"type":"Feature","geometry":{"type":"LineString","coordinates":[[-78.95530200000002,43.07389299999999],[-78.954848,43.073913],[-78.953489,43.07397299999999],[-78.953267,43.073982999999984],[-78.953144,43.073998],[-78.953044,43.074034999999995]]},"properties":{"name":"Hennepin Ave","anchor":[-78.953044,43.074035]}},{"type":"Feature","geometry":{"type":"LineString","coordinates":[[-79.053868,43.086466],[-79.05395,43.08758099999998]]},"properties":{"name":"7th St","anchor":[-79.053904,43.08696]}},{"type":"Feature","geometry":{"type":"LineString","coordinates":[[-79.055174,43.08640599999998],[-79.054693,43.086428],[-79.053868,43.086466]]},"properties":{"name":"Falls St","anchor":[-79.054484,43.086438]}},{"type":"Feature","geometry":{"type":"LineString","coordinates":[[-79.055174,43.08640599999998],[-79.055256,43.08761999999999],[-79.055315,43.08843099999999],[-79.055315,43.088445]]},"properties":{"name":"6th St","anchor":[-79.055208,43.08691]}},{"type":"Feature","geometry":{"type":"LineString","coordinates":[[-79.006528,43.107155],[-79.006654,43.10807499999999],[-79.006818,43.10898799999998],[-79.006996,43.11014399999999],[-79.00701,43.110399999999984],[-79.00698,43.111594000000004],[-79.007004,43.112053]]},"properties":{"name":"New Rd","anchor":[-79.006987,43.111328]}},{"type":"Feature","geometry":{"type":"LineString","coordinates":[[-79.000553,43.111989],[-79.00049,43.111899],[-79.000476,43.11185799999999],[-79.00048700000002,43.11154999999999],[-79.00049,43.11148899999999],[-79.00059,43.110808000000006],[-79.00058,43.110741999999995],[-79.000535,43.110688],[-79.000464,43.110668],[-79.00004,43.110668999999994],[-78.999689,43.11067],[-78.999624,43.110689999999984],[-78.999592,43.11071599999999]]},"properties":{"name":"Lisa Ln","anchor":[-79.000562,43.110999]}},{"type":"Feature","geometry":{"type":"LineString","coordinates":[[-79.000471,43.11282],[-79.00035,43.112866],[-79.000288,43.112876],[-79.000167,43.112896],[-78.999716,43.11292099999999],[-78.99964,43.112926],[-78.999604,43.11292099999999],[-78.999563,43.11289599999999],[-78.999545,43.112870999999984]]},"properties":{"name":"Carrie Dr","anchor":[-79.000471,43.11282]}},{"type":"Feature","geometry":{"type":"LineString","coordinates":[[-78.990251,43.087228999999994],[-78.98988200000001,43.08724],[-78.989826,43.087239999999994],[-78.988552,43.087244],[-78.988128,43.087246]]},"properties":{"name":"John Ave","anchor":[-78.990198,43.087231]}},{"type":"Feature","geometry":{"type":"LineString","coordinates":[[-78.991443,43.086304],[-78.991447,43.08653300000001],[-78.991465,43.087478999999995]]},"properties":{"name":"Builders Way","anchor":[-78.991454,43.0869]}},{"type":"Feature","geometry":{"type":"LineString","coordinates":[[-78.990668,43.08575299999999],[-78.990146,43.085755],[-78.988991,43.08576],[-78.988857,43.085742999999994],[-78.988685,43.085657999999995],[-78.98861700000002,43.085614],[-78.988502,43.085538],[-78.988425,43.0855],[-78.988299,43.08547500000001],[-78.988131,43.085473]]},"properties":{"name":"Girard Ave","anchor":[-78.990172,43.085755]}},{"type":"Feature","geometry":{"type":"LineString","coordinates":[[-78.98814800000001,43.09091800000001],[-78.987397,43.09091],[-78.985145,43.090887999999985],[-78.984395,43.090880999999996]]},"properties":{"name":"Mooradian Dr","anchor":[-78.986378,43.0909]}},{"type":"Feature","geometry":{"type":"LineString","coordinates":[[-78.98814800000001,43.09091800000001],[-78.98816,43.091308999999995],[-78.988131,43.09157199999999],[-78.988078,43.09178399999998],[-78.987984,43.092000999999996],[-78.987851,43.092203],[-78.987712,43.092364],[-78.987606,43.092487999999996],[-78.987453,43.09265800000001]]},"properties":{"name":"66th St","anchor":[-78.987695,43.092384]}},{"type":"Feature","geometry":{"type":"LineString","coordinates":[[-78.987358,43.09276],[-78.987314,43.092803],[-78.986901,43.093239000000004],[-78.9868,43.093343],[-78.986364,43.093799],[-78.985169,43.09513100000001],[-78.984969,43.095355000000005]]},"properties":{"name":"Factory Outlet Blvd","anchor":[-78.987358,43.09276]}},{"type":"Feature","geometry":{"type":"LineString","coordinates":[[-78.991492,43.088699999999996],[-78.991497,43.088947],[-78.991499,43.08901099999999],[-78.991503,43.08967599999999],[-78.991496,43.08975199999998]]},"properties":{"name":"Builders Way","anchor":[-78.991493,43.08874]}},{"type":"Feature","geometry":{"type":"LineString","coordinates":[[-79.037716,43.12608099999999],[-79.037647,43.126079999999995],[-79.035863,43.12607799999999],[-79.034518,43.12604699999999]]},"properties":{"name":"James Ave","anchor":[-79.034518,43.126047]}},{"type":"Feature","geometry":{"type":"LineString","coordinates":[[-79.034568,43.12434899999999],[-79.034478,43.12520099999999]]},"properties":{"name":"Montgomery","anchor":[-79.034478,43.125201]}},{"type":"Feature","geometry":{"type":"LineString","coordinates":[[-79.040968,43.08518699999999],[-79.039908,43.085161]]},"properties":{"name":"Mackenna Ave","anchor":[-79.040968,43.085187]}},{"type":"Feature","geometry":{"type":"LineString","coordinates":[[-79.041795,43.08604799999999],[-79.041629,43.086069],[-79.041336,43.086078999999984]]},"properties":{"name":"Cudaback Ave","anchor":[-79.041795,43.086048]}},{"type":"Feature","geometry":{"type":"LineString","coordinates":[[-79.043313,43.08435599999999],[-79.043327,43.085007999999995],[-79.043334,43.086877999999984]]},"properties":{"name":"15th St","anchor":[-79.043328,43.085209]}},{"type":"Feature","geometry":{"type":"LineString","coordinates":[[-78.984111,43.074479000000004],[-78.984035,43.074447],[-78.983809,43.07435299999999],[-78.983734,43.074322]]},"properties":{"name":"Buffalo Ave","anchor":[-78.983745,43.074327]}},{"type":"Feature","geometry":{"type":"LineString","coordinates":[[-78.983734,43.074322],[-78.983735,43.07459099999999],[-78.983736,43.07480100000001],[-78.983738,43.07540100000001],[-78.983739,43.07567199999999]]},"properties":{"name":"70th St","anchor":[-78.983734,43.074322]}},{"type":"Feature","geometry":{"type":"LineString","coordinates":[[-78.982753,43.074041],[-78.982754,43.07436499999999],[-78.982756,43.07480999999999],[-78.98276,43.07533699999998],[-78.982763,43.07566099999998]]},"properties":{"name":"71st St","anchor":[-78.982753,43.074041]}},{"type":"Feature","geometry":{"type":"LineString","coordinates":[[-78.96447,43.09256799999999],[-78.964862,43.09303200000001],[-78.965013,43.093275],[-78.96513500000002,43.093549]]},"properties":{"name":"Tuscarora Rd","anchor":[-78.964558,43.092672]}},{"type":"Feature","geometry":{"type":"LineString","coordinates":[[-78.970144,43.092467],[-78.969803,43.092502],[-78.967691,43.092499],[-78.965025,43.09251199999998],[-78.964601,43.092525],[-78.96447,43.09256799999999]]},"properties":{"name":"Homestead Ave","anchor":[-78.96447,43.092568]}},{"type":"Feature","geometry":{"type":"LineString","coordinates":[[-78.971238,43.09351399999999],[-78.971209,43.093527],[-78.97115,43.09355499999999],[-78.971042,43.093594999999986],[-78.970774,43.093605999999994],[-78.969622,43.09361299999998],[-78.96834500000001,43.09355800000001],[-78.967451,43.093537000000005],[-78.96513500000002,43.093549]]},"properties":{"name":"Richmond Ave","anchor":[-78.965135,43.093549]}},{"type":"Feature","geometry":{"type":"LineString","coordinates":[[-78.951655,43.084948999999995],[-78.951056,43.084921],[-78.950746,43.084908],[-78.950654,43.084908]]},"properties":{"name":"Colvin Blvd","anchor":[-78.951116,43.084924]}},{"type":"Feature","geometry":{"type":"LineString","coordinates":[[-78.950522,43.084907],[-78.950566,43.086808]]},"properties":{"name":"97th St","anchor":[-78.950531,43.085279]}},{"type":"Feature","geometry":{"type":"LineString","coordinates":[[-78.951655,43.084948999999995],[-78.951663,43.08535],[-78.95169,43.08655399999999],[-78.951695,43.08677099999999],[-78.951667,43.08679699999999],[-78.951521,43.086805]]},"properties":{"name":"96th St","anchor":[-78.951661,43.085266]}},{"type":"Feature","geometry":{"type":"LineString","coordinates":[[-78.939559,43.130326],[-78.937987,43.130326000000004],[-78.935554,43.130326000000004],[-78.935298,43.130322],[-78.934875,43.130276000000016],[-78.934584,43.130257],[-78.933504,43.130229],[-78.933276,43.130227],[-78.931705,43.130219]]},"properties":{"name":"Cory Dr","anchor":[-78.939559,43.130326]}},{"type":"Feature","geometry":{"type":"LineString","coordinates":[[-78.944455,43.12807399999999],[-78.94366,43.128198],[-78.943372,43.12824399999999],[-78.943261,43.128286],[-78.943183,43.12835299999999],[-78.943152,43.12845300000001],[-78.943142,43.129672],[-78.943138,43.130225],[-78.943145,43.13024599999999],[-78.943175,43.130337999999995],[-78.943228,43.130411],[-78.943311,43.130492],[-78.943714,43.130791]]},"properties":{"name":"Steele Cir","anchor":[-78.943143,43.129566]}},{"type":"Feature","geometry":{"type":"LineString","coordinates":[[-78.943275,43.131117999999994],[-78.943242,43.13112399999999],[-78.943024,43.13129],[-78.942969,43.13137],[-78.942965,43.131406],[-78.943003,43.131493999999996],[-78.943068,43.131535],[-78.943141,43.131546],[-78.943189,43.131539],[-78.943269,43.13149400000001],[-78.943304,43.13142899999999],[-78.943311,43.131199],[-78.943302,43.131136],[-78.943275,43.131117999999994]]},"properties":{"name":"Thomas Loop","anchor":[-78.943242,43.131124]}},{"type":"Feature","geometry":{"type":"LineString","coordinates":[[-79.00880900000001,43.088806000000005],[-79.008788,43.092086999999985],[-79.008781,43.093365999999996]]},"properties":{"name":"47th St","anchor":[-79.008805,43.089454]}},{"type":"Feature","geometry":{"type":"LineString","coordinates":[[-79.013088,43.086954],[-79.012493,43.086954],[-79.010507,43.086964999999985],[-79.008812,43.08697499999999]]},"properties":{"name":"Royal Ave","anchor":[-79.009432,43.086971]}},{"type":"Feature","geometry":{"type":"LineString","coordinates":[[-79.020167,43.085927999999996],[-79.020713,43.08579000000001]]},"properties":{"name":"D St","anchor":[-79.020518,43.085839]}},{"type":"Feature","geometry":{"type":"LineString","coordinates":[[-79.019796,43.08513299999999],[-79.020364,43.08499599999998]]},"properties":{"name":"C St","anchor":[-79.020161,43.085045]}},{"type":"Feature","geometry":{"type":"LineString","coordinates":[[-79.02196,43.086026999999994],[-79.021989,43.086226999999994],[-79.021965,43.086282999999995],[-79.02193400000002,43.08629799999999],[-79.021881,43.08630999999999],[-79.02085500000001,43.086552],[-79.020514,43.08663399999999]]},"properties":{"name":"Falls St","anchor":[-79.020838,43.086556]}},{"type":"Feature","geometry":{"type":"LineString","coordinates":[[-79.023886,43.084073999999994],[-79.02402000000001,43.08389999999999],[-79.024127,43.083761999999986]]},"properties":{"name":"D St","anchor":[-79.024127,43.083762]}},{"type":"Feature","geometry":{"type":"LineString","coordinates":[[-78.979316,43.10167499999999],[-78.979177,43.101750999999986],[-78.979006,43.101765999999984],[-78.977916,43.10179899999999],[-78.977349,43.101808999999996],[-78.975584,43.101842999999995],[-78.973237,43.10189400000001],[-78.972446,43.101902999999986],[-78.971388,43.10193],[-78.970841,43.101943999999996],[-78.969902,43.10195899999999]]},"properties":{"name":"4th Ave","anchor":[-78.979006,43.101766]}},{"type":"Feature","geometry":{"type":"LineString","coordinates":[[-78.978614,43.100946],[-78.978531,43.100989999999996],[-78.97844,43.101002],[-78.977813,43.101027],[-78.975434,43.101073],[-78.973615,43.101108999999994]]},"properties":{"name":"3rd Ave","anchor":[-78.978531,43.10099]}},{"type":"Feature","geometry":{"type":"LineString","coordinates":[[-78.98182200000001,43.098580999999996],[-78.98099100000002,43.099201999999984],[-78.980754,43.099374],[-78.979676,43.100162],[-78.979463,43.100318],[-78.978826,43.100789],[-78.978666,43.100908],[-78.978614,43.100946]]},"properties":{"name":"Factory Outlet Blvd","anchor":[-78.978614,43.100946]}},{"type":"Feature","geometry":{"type":"LineString","coordinates":[[-79.046373,43.115151000000004],[-79.04584,43.115142999999996],[-79.044241,43.11512100000001],[-79.043708,43.11511399999999]]},"properties":{"name":"Beech Ave","anchor":[-79.045845,43.115143]}},{"type":"Feature","geometry":{"type":"LineString","coordinates":[[-79.046372,43.114788999999995],[-79.046372,43.115003],[-79.046373,43.115151000000004]]},"properties":{"name":"13th St","anchor":[-79.046373,43.115151]}},{"type":"Feature","geometry":{"type":"LineString","coordinates":[[-79.046865,43.114792],[-79.046372,43.114788999999995]]},"properties":{"name":"Jordan Gdns","anchor":[-79.046372,43.114789]}},{"type":"Feature","geometry":{"type":"LineString","coordinates":[[-78.997845,43.109787],[-78.998013,43.10989800000001],[-78.998084,43.10993599999999],[-78.998236,43.109988],[-78.998417,43.11001799999999],[-78.998487,43.11001299999999],[-78.998556,43.110009999999996],[-78.998723,43.109970999999994],[-78.998797,43.109939],[-78.998896,43.10986599999999],[-78.998991,43.109769],[-78.99904,43.10967399999999],[-78.999088,43.109477],[-78.999094,43.10934399999999],[-78.999102,43.10915199999999],[-78.999074,43.108993000000005],[-78.999036,43.10889499999999],[-78.998955,43.10879099999999],[-78.998857,43.108712],[-78.99876,43.108666],[-78.998679,43.108638],[-78.998575,43.108616],[-78.998523,43.10861200000001],[-78.998447,43.10860799999999],[-78.998343,43.108611],[-78.998149,43.10864600000001],[-78.998012,43.108703999999996],[-78.997867,43.10879299999999]]},"properties":{"name":"Expy Vlg","anchor":[-78.998245,43.109989]}},{"type":"Feature","geometry":{"type":"LineString","coordinates":[[-78.999523,43.11241099999999],[-78.999533,43.111493],[-78.999559,43.110777000000006],[-78.999592,43.11071599999999]]},"properties":{"name":"Tmark Dr","anchor":[-78.999559,43.110777]}},{"type":"Feature","geometry":{"type":"LineString","coordinates":[[-78.719936,43.21932799999999],[-78.718975,43.21932399999999],[-78.717764,43.219320999999994],[-78.716307,43.219322]]},"properties":{"name":"Ridge Rd","anchor":[-78.718318,43.219322]}},{"type":"Feature","geometry":{"type":"LineString","coordinates":[[-78.713529,43.219324],[-78.713529,43.218852],[-78.713464,43.217022],[-78.713419,43.21572799999999],[-78.713317,43.21359300000001],[-78.71324900000002,43.211879],[-78.713177,43.210121],[-78.713123,43.208772],[-78.713098,43.20781999999999]]},"properties":{"name":"Purdy Rd","anchor":[-78.713452,43.216677]}},{"type":"Feature","geometry":{"type":"LineString","coordinates":[[-78.469981,43.20698799999999],[-78.47064,43.207071],[-78.471014,43.207069999999995],[-78.472754,43.20706999999999],[-78.474131,43.207069999999995],[-78.475171,43.20707]]},"properties":{"name":"Niagara St","anchor":[-78.473043,43.20707]}},{"type":"Feature","geometry":{"type":"LineString","coordinates":[[-78.475171,43.20707],[-78.475176,43.20739],[-78.475191,43.20835],[-78.475197,43.208671]]},"properties":{"name":"S Vernon St","anchor":[-78.475186,43.208041]}},{"type":"Feature","geometry":{"type":"LineString","coordinates":[[-78.475197,43.208671],[-78.475459,43.208664999999996],[-78.476245,43.208649],[-78.476508,43.20864499999999]]},"properties":{"name":"South St","anchor":[-78.475197,43.208671]}},{"type":"Feature","geometry":{"type":"LineString","coordinates":[[-78.572864,43.32562300000001],[-78.571812,43.32564099999999],[-78.570697,43.32564399999998],[-78.570503,43.32564699999999],[-78.569078,43.32567199999999],[-78.568106,43.325672],[-78.56559,43.325706000000004],[-78.563477,43.325759],[-78.563421,43.325759],[-78.561778,43.325776000000005],[-78.561061,43.32579500000001]]},"properties":{"name":"W Somerset Rd","anchor":[-78.562041,43.325773]}},{"type":"Feature","geometry":{"type":"LineString","coordinates":[[-78.72786,43.16734099999999],[-78.727733,43.167395],[-78.72766,43.167413],[-78.727608,43.167413],[-78.727535,43.16739799999999],[-78.727456,43.16735],[-78.727214,43.167131999999995],[-78.727008,43.166947],[-78.725592,43.16554],[-78.725337,43.165287],[-78.725116,43.165093999999996],[-78.725031,43.16503399999999]]},"properties":{"name":"Old Upper Mt Rd","anchor":[-78.725653,43.1656]}},{"type":"Feature","geometry":{"type":"LineString","coordinates":[[-78.725796,43.164263999999996],[-78.725191,43.16444299999999],[-78.724681,43.16459499999999],[-78.723584,43.164936],[-78.72346,43.16497499999999],[-78.723381,43.164995],[-78.723218,43.165037],[-78.723134,43.165032],[-78.723095,43.165018],[-78.723071,43.164995],[-78.722912,43.164737]]},"properties":{"name":"Otto Park Pl","anchor":[-78.723629,43.164922]}},{"type":"Feature","geometry":{"type":"LineString","coordinates":[[-78.72085,43.16562299999998],[-78.721017,43.165664],[-78.721257,43.165603999999995],[-78.721426,43.165562],[-78.721627,43.16549099999999],[-78.721882,43.165391],[-78.722079,43.165295],[-78.722405,43.16510100000001],[-78.722417,43.165094],[-78.722748,43.16485899999999]]},"properties":{"name":"West Ave","anchor":[-78.722642,43.164934]}},{"type":"Feature","geometry":{"type":"LineString","coordinates":[[-78.69887100000001,43.16534],[-78.699017,43.165224000000016],[-78.699458,43.164878],[-78.699605,43.164764]]},"properties":{"name":"State Rd","anchor":[-78.699214,43.165069]}},{"type":"Feature","geometry":{"type":"LineString","coordinates":[[-78.69887100000001,43.16534],[-78.698823,43.16529500000001],[-78.698679,43.165162999999986],[-78.698632,43.165119]]},"properties":{"name":"Ransom Ct","anchor":[-78.698871,43.16534]}},{"type":"Feature","geometry":{"type":"LineString","coordinates":[[-78.698199,43.16473899999999],[-78.69848,43.16474399999999],[-78.699323,43.164759],[-78.699605,43.164764]]},"properties":{"name":"W High St","anchor":[-78.69951,43.164762]}},{"type":"Feature","geometry":{"type":"LineString","coordinates":[[-78.687161,43.177986],[-78.687502,43.178675999999996],[-78.68786700000001,43.17951399999999]]},"properties":{"name":"Mill St","anchor":[-78.687624,43.178955]}},{"type":"Feature","geometry":{"type":"LineString","coordinates":[[-78.688881,43.177879],[-78.688878,43.177952],[-78.688821,43.17811699999999],[-78.688793,43.17833699999999],[-78.68881500000002,43.17874499999999],[-78.688876,43.179124999999985],[-78.688939,43.17927100000001],[-78.689238,43.179639],[-78.68928,43.17969],[-78.689585,43.180102999999995],[-78.68979,43.180348999999985],[-78.690105,43.180767999999986],[-78.690339,43.18107800000001],[-78.690391,43.181096],[-78.690423,43.181096]]},"properties":{"name":"Water St","anchor":[-78.688823,43.178795]}},{"type":"Feature","geometry":{"type":"LineString","coordinates":[[-78.68786700000001,43.17951399999999],[-78.68769300000001,43.179559999999995],[-78.687174,43.17969999999999],[-78.68700100000001,43.179748]]},"properties":{"name":"Olcott St","anchor":[-78.687867,43.179514]}},{"type":"Feature","geometry":{"type":"LineString","coordinates":[[-78.982864,43.120554999999996],[-78.982671,43.120573],[-78.982092,43.12062799999999],[-78.9819,43.120647]]},"properties":{"name":"E Britton Dr","anchor":[-78.982864,43.120555]}},{"type":"Feature","geometry":{"type":"LineString","coordinates":[[-78.992199,43.12054199999999],[-78.990822,43.120774],[-78.990103,43.120888],[-78.98554800000001,43.121617999999984],[-78.984519,43.12179899999999],[-78.983815,43.12191099999999],[-78.981719,43.122246999999994]]},"properties":{"name":"Lockport Rd","anchor":[-78.983906,43.121897]}},{"type":"Feature","geometry":{"type":"LineString","coordinates":[[-78.98744600000002,43.118518],[-78.987474,43.118691999999996],[-78.987472,43.118878],[-78.987437,43.11904400000001],[-78.987349,43.11918099999998],[-78.987289,43.11925199999999],[-78.98717,43.119359],[-78.987006,43.11945999999998],[-78.986926,43.11948999999999],[-78.986834,43.119524999999996],[-78.985718,43.119724999999995],[-78.983498,43.120082999999994],[-78.983303,43.1201],[-78.983031,43.12012399999999],[-78.982813,43.12011499999999],[-78.982655,43.120098999999996],[-78.982303,43.120023],[-78.982098,43.119958]]},"properties":{"name":"Joanne Cir N","anchor":[-78.983496,43.120083]}},{"type":"Feature","geometry":{"type":"LineString","coordinates":[[-78.72356500000001,43.18200399999999],[-78.72335000000001,43.182041999999996],[-78.722735,43.182151],[-78.721112,43.18242299999999],[-78.720167,43.182582],[-78.718668,43.18284399999999],[-78.717818,43.182987],[-78.714637,43.18353199999999],[-78.714399,43.18357000000001],[-78.714187,43.18360500000001],[-78.71342700000001,43.183739],[-78.713145,43.18378],[-78.712699,43.18385],[-78.712506,43.183886],[-78.71216200000002,43.18395099999999]]},"properties":{"name":"W Jackson St","anchor":[-78.717823,43.182986]}},{"type":"Feature","geometry":{"type":"LineString","coordinates":[[-78.962774,43.09843000000001],[-78.962273,43.098811],[-78.960771,43.09995699999999],[-78.960334,43.100292],[-78.960314,43.10033500000001],[-78.960326,43.100363999999985]]},"properties":{"name":"Roberts Rd","anchor":[-78.960314,43.100335]}},{"type":"Feature","geometry":{"type":"LineString","coordinates":[[-78.961705,43.10073800000001],[-78.960402,43.100405999999985],[-78.960326,43.100363999999985]]},"properties":{"name":"Disney Dr","anchor":[-78.960326,43.100364]}},{"type":"Feature","geometry":{"type":"LineString","coordinates":[[-78.958353,43.09778000000001],[-78.957422,43.09778899999999]]},"properties":{"name":"Elderberry Pl","anchor":[-78.958291,43.097781]}},{"type":"Feature","geometry":{"type":"LineString","coordinates":[[-79.05364400000002,43.08242199999999],[-79.053267,43.082436999999985],[-79.052137,43.082483999999994],[-79.051761,43.08250099999999]]},"properties":{"name":"Buffalo Ave","anchor":[-79.052786,43.082457]}},{"type":"Feature","geometry":{"type":"LineString","coordinates":[[-79.054822,43.081413000000005],[-79.054486,43.08152700000001],[-79.054046,43.08167799999998],[-79.053875,43.081744],[-79.053767,43.081816999999994],[-79.053702,43.081886],[-79.053667,43.081967],[-79.053647,43.08206699999999],[-79.05364400000002,43.082086],[-79.05364400000002,43.08242199999999]]},"properties":{"name":"Riverside Dr","anchor":[-79.053667,43.081967]}},{"type":"Feature","geometry":{"type":"LineString","coordinates":[[-79.053404,43.081116999999985],[-79.051963,43.080814],[-79.051878,43.080796],[-79.051822,43.080787],[-79.051757,43.080783999999994],[-79.051692,43.08078199999999],[-79.051634,43.080785000000006],[-79.051582,43.08079399999999],[-79.05153,43.08080799999999],[-79.051457,43.080834],[-79.051409,43.080856999999995],[-79.05135700000001,43.080888],[-79.051321,43.080919],[-79.051236,43.080986]]},"properties":{"name":"Riverway","anchor":[-79.053023,43.081037]}},{"type":"Feature","geometry":{"type":"LineString","coordinates":[[-78.746142,43.166277],[-78.74615,43.16592],[-78.746159,43.165802],[-78.74617700000002,43.165595],[-78.74615,43.164865],[-78.746127,43.164635999999994],[-78.746071,43.164385],[-78.746011,43.164116],[-78.745953,43.16392599999999]]},"properties":{"name":"I D A Park Dr","anchor":[-78.746159,43.165802]}},{"type":"Feature","geometry":{"type":"LineString","coordinates":[[-78.748821,43.16744500000001],[-78.748413,43.167436],[-78.74611,43.16740899999999]]},"properties":{"name":"Enterprise Dr","anchor":[-78.74611,43.167409]}},{"type":"Feature","geometry":{"type":"LineString","coordinates":[[-78.926866,43.117695],[-78.926869,43.117274999999985],[-78.926875,43.116536],[-78.926875,43.116015],[-78.926876,43.115596]]},"properties":{"name":"Walmore Rd","anchor":[-78.926875,43.115932]}},{"type":"Feature","geometry":{"type":"LineString","coordinates":[[-78.927462,43.11653600000001],[-78.927795,43.116522],[-78.928603,43.11652999999999],[-78.929063,43.11653600000001],[-78.930421,43.116550999999994],[-78.931424,43.11663699999999],[-78.932251,43.11668099999999],[-78.932302,43.116681],[-78.933514,43.116688999999994]]},"properties":{"name":"Utzig Dr","anchor":[-78.927462,43.116536]}},{"type":"Feature","geometry":{"type":"LineString","coordinates":[[-78.917977,43.111895999999994],[-78.918054,43.111850999999994],[-78.918215,43.11180999999999],[-78.918346,43.11179899999999],[-78.91999500000001,43.111819],[-78.920159,43.11182699999999],[-78.920297,43.111864],[-78.920349,43.111898],[-78.9204,43.111948000000005],[-78.920493,43.11213099999999],[-78.920691,43.11264599999999],[-78.920842,43.11300200000001],[-78.921192,43.113738999999995],[-78.921509,43.11434],[-78.921963,43.115096],[-78.922235,43.115499],[-78.922842,43.11632899999999],[-78.92328900000001,43.116887000000006],[-78.923326,43.116973],[-78.923345,43.117062000000004],[-78.923348,43.11719999999999],[-78.923319,43.117406],[-78.92329,43.11748599999999],[-78.92324200000002,43.11757499999999],[-78.923171,43.11766900000001],[-78.923003,43.117814],[-78.922865,43.11789999999999],[-78.922741,43.11795999999999],[-78.922476,43.118041999999996],[-78.922397,43.118055],[-78.922346,43.118064],[-78.922207,43.11807600000001],[-78.91991300000001,43.118059]]},"properties":{"name":"Inducon Dr W","anchor":[-78.923289,43.116887]}},{"type":"Feature","geometry":{"type":"LineString","coordinates":[[-79.032215,43.13525],[-79.032298,43.13524999999999],[-79.032387,43.135243],[-79.032448,43.135207],[-79.032509,43.135146000000006],[-79.032656,43.134983999999996],[-79.032724,43.134855],[-79.032803,43.13464399999999],[-79.032861,43.13442499999999],[-79.032889,43.13424299999999],[-79.032893,43.134124],[-79.032878,43.134041999999994],[-79.032832,43.133834],[-79.032764,43.133647999999994],[-79.032696,43.133544],[-79.032642,43.133486],[-79.032602,43.133458000000005],[-79.03257,43.13344299999999],[-79.032506,43.13344699999999],[-79.032197,43.13357899999999],[-79.031746,43.133779999999994]]},"properties":{"name":"Eagle Cir","anchor":[-79.03257,43.133443]}},{"type":"Feature","geometry":{"type":"LineString","coordinates":[[-79.036282,43.133658999999994],[-79.036297,43.13365000000001],[-79.03688700000001,43.13363900000001],[-79.037017,43.133639],[-79.037656,43.133644],[-79.038466,43.133689000000004],[-79.039229,43.133692999999994],[-79.039967,43.133698]]},"properties":{"name":"Sherman Ave","anchor":[-79.036297,43.13365]}},{"type":"Feature","geometry":{"type":"LineString","coordinates":[[-78.696853,43.16717199999999],[-78.696591,43.167169],[-78.695806,43.16715999999999],[-78.695545,43.167157999999986]]},"properties":{"name":"Lagrange St","anchor":[-78.696237,43.167165]}},{"type":"Feature","geometry":{"type":"LineString","coordinates":[[-78.696854,43.166938999999985],[-78.696853,43.16473899999999]]},"properties":{"name":"S Transit St","anchor":[-78.696854,43.16692]}},{"type":"Feature","geometry":{"type":"LineString","coordinates":[[-78.696854,43.166938999999985],[-78.697257,43.166619],[-78.698467,43.16565899999999],[-78.69887100000001,43.16534]]},"properties":{"name":"State Rd","anchor":[-78.696854,43.166939]}},{"type":"Feature","geometry":{"type":"LineString","coordinates":[[-78.865924,43.06695299999999],[-78.865149,43.06694199999999],[-78.86392,43.066942000000004],[-78.859192,43.066945],[-78.858444,43.066956999999995],[-78.857911,43.066953],[-78.85643,43.06694199999999],[-78.85628,43.066934],[-78.856241,43.06696399999999],[-78.856182,43.06709499999999],[-78.856123,43.067263999999994]]},"properties":{"name":"Forbes St","anchor":[-78.859079,43.066947]}},{"type":"Feature","geometry":{"type":"LineString","coordinates":[[-78.856123,43.067263999999994],[-78.856075,43.06733899999998],[-78.855969,43.067420999999996],[-78.855876,43.067462],[-78.855804,43.067483],[-78.855716,43.067496],[-78.855262,43.06750799999999],[-78.855162,43.06750699999999],[-78.854088,43.0675],[-78.852484,43.067508],[-78.852034,43.067502],[-78.852019,43.067502],[-78.851811,43.067477000000004],[-78.8517,43.06744200000001],[-78.851619,43.06739300000001],[-78.851533,43.06731],[-78.85149,43.06722399999999],[-78.85138,43.06684899999999]]},"properties":{"name":"Forbes Ter","anchor":[-78.856075,43.067339]}},{"type":"Feature","geometry":{"type":"LineString","coordinates":[[-79.055033,43.11177399999999],[-79.055645,43.11382700000001]]},"properties":{"name":"Main St","anchor":[-79.055142,43.11214]}},{"type":"Feature","geometry":{"type":"LineString","coordinates":[[-79.056301,43.111454],[-79.056159,43.11147999999999],[-79.056045,43.11150900000001],[-79.055286,43.111706999999996],[-79.055033,43.11177399999999]]},"properties":{"name":"Bellevue Ave","anchor":[-79.055473,43.111658]}},{"type":"Feature","geometry":{"type":"LineString","coordinates":[[-79.056301,43.111454],[-79.056346,43.111574000000005],[-79.056437,43.111816000000005],[-79.056487,43.11193399999999],[-79.056538,43.112052999999996]]},"properties":{"name":"Whirlpool St","anchor":[-79.056462,43.111875]}},{"type":"Feature","geometry":{"type":"LineString","coordinates":[[-78.956492,43.09779699999999],[-78.955622,43.097809000000005],[-78.955595,43.097798000000004],[-78.955566,43.097736000000005],[-78.95547,43.09705699999999]]},"properties":{"name":"Elderberry Pl","anchor":[-78.955622,43.097809]}},{"type":"Feature","geometry":{"type":"LineString","coordinates":[[-78.987713,43.23105799999999],[-78.985881,43.231057],[-78.984564,43.231052],[-78.983373,43.231042999999985],[-78.983042,43.231041000000005],[-78.980186,43.231038000000005],[-78.97666500000001,43.231023],[-78.970474,43.23100000000001],[-78.970354,43.23099799999999],[-78.968739,43.23097899999999],[-78.966532,43.23096999999999],[-78.966015,43.230968000000004],[-78.965255,43.230965],[-78.964043,43.230961],[-78.96297700000001,43.230957],[-78.962218,43.23095500000001],[-78.961658,43.230954],[-78.961341,43.23094999999999],[-78.959787,43.230934],[-78.958711,43.230932],[-78.957835,43.230932]]},"properties":{"name":"Balmer Rd","anchor":[-78.962182,43.230955]}},{"type":"Feature","geometry":{"type":"LineString","coordinates":[[-78.957835,43.230932],[-78.957855,43.22944600000001],[-78.957873,43.22813299999999],[-78.9579,43.226668],[-78.95791,43.224987999999996],[-78.957912,43.224739],[-78.95794100000002,43.223502999999994]]},"properties":{"name":"Porter Center Rd","anchor":[-78.957859,43.229184]}},{"type":"Feature","geometry":{"type":"LineString","coordinates":[[-79.037693,43.14433299999999],[-79.036926,43.14417900000001],[-79.03619300000001,43.14403299999999],[-79.03619300000001,43.144833],[-79.03695,43.14458],[-79.037693,43.14433299999999]]},"properties":{"name":"Old Lewiston Rd","anchor":[-79.036193,43.144555]}},{"type":"Feature","geometry":{"type":"LineString","coordinates":[[-79.034535,43.140505],[-79.034277,43.140675],[-79.033832,43.14101699999999],[-79.033628,43.141162],[-79.033534,43.141206999999994],[-79.033445,43.141248999999995],[-79.033231,43.141316999999994],[-79.032965,43.14137600000001],[-79.03281,43.141400000000004],[-79.031497,43.141422999999996],[-79.029758,43.14141699999999],[-79.027884,43.141436],[-79.027227,43.14143299999999],[-79.025947,43.141428],[-79.025774,43.141412],[-79.02561300000002,43.14136500000001],[-79.025491,43.14130999999999],[-79.025414,43.141251],[-79.025381,43.141205],[-79.025368,43.14114999999999],[-79.025351,43.14055399999999]]},"properties":{"name":"Power Vista Dr","anchor":[-79.03281,43.1414]}},{"type":"Feature","geometry":{"type":"LineString","coordinates":[[-79.034925,43.14807099999999],[-79.034458,43.14806399999999],[-79.034422,43.148064],[-79.033056,43.148064999999995],[-79.032637,43.148066],[-79.032609,43.14807199999999],[-79.032595,43.14808399999999]]},"properties":{"name":"Riverdale Ave","anchor":[-79.033074,43.148065]}},{"type":"Feature","geometry":{"type":"LineString","coordinates":[[-78.879115,43.03189299999999],[-78.877782,43.03217399999999]]},"properties":{"name":"Robinson St","anchor":[-78.878876,43.031943]}},{"type":"Feature","geometry":{"type":"LineString","coordinates":[[-78.877782,43.03217399999999],[-78.87815,43.033061]]},"properties":{"name":"N Marion St","anchor":[-78.878082,43.032898]}},{"type":"Feature","geometry":{"type":"LineString","coordinates":[[-78.87815,43.033061],[-78.8767,43.03336800000001]]},"properties":{"name":"Keil St","anchor":[-78.87815,43.033061]}},{"type":"Feature","geometry":{"type":"LineString","coordinates":[[-78.893811,43.051861],[-78.894076,43.052057],[-78.894708,43.05252],[-78.895091,43.052794999999996],[-78.89524,43.052903],[-78.896154,43.05358499999999],[-78.896742,43.053993999999996],[-78.89711,43.05423],[-78.897789,43.054618999999995],[-78.8991,43.055337],[-78.89980700000001,43.055724000000005],[-78.900182,43.055934],[-78.900491,43.056099]]},"properties":{"name":"River Rd","anchor":[-78.899791,43.055715]}},{"type":"Feature","geometry":{"type":"LineString","coordinates":[[-78.900491,43.056099],[-78.900479,43.05617999999998],[-78.900456,43.056340999999996],[-78.900452,43.056426999999985],[-78.900452,43.056447000000006]]},"properties":{"name":"Witmer Rd","anchor":[-78.900491,43.056099]}},{"type":"Feature","geometry":{"type":"LineString","coordinates":[[-78.898526,43.057435999999996],[-78.89854,43.058749],[-78.898579,43.060696]]},"properties":{"name":"Doyle Dr","anchor":[-78.898526,43.057436]}},{"type":"Feature","geometry":{"type":"LineString","coordinates":[[-78.860175,43.04547],[-78.859839,43.045468],[-78.858832,43.045463999999996],[-78.858693,43.045463999999996],[-78.858497,43.045463999999996]]},"properties":{"name":"Walck Rd","anchor":[-78.860072,43.045469]}},{"type":"Feature","geometry":{"type":"LineString","coordinates":[[-78.860193,43.04403999999999],[-78.860142,43.04408099999999],[-78.86012,43.044148],[-78.860126,43.044303],[-78.86016200000002,43.045178],[-78.860175,43.04547]]},"properties":{"name":"Plastic Dr","anchor":[-78.860175,43.04547]}},{"type":"Feature","geometry":{"type":"LineString","coordinates":[[-78.861972,43.047804000000006],[-78.861775,43.047805],[-78.861186,43.047810000000005],[-78.86099,43.04781199999999]]},"properties":{"name":"Wilson Ave","anchor":[-78.86099,43.047812]}},{"type":"Feature","geometry":{"type":"LineString","coordinates":[[-78.703787,43.18447],[-78.70407,43.18467700000001],[-78.704187,43.184782999999996],[-78.70423700000002,43.184828],[-78.704461,43.185086999999996],[-78.70458,43.185275999999995],[-78.704986,43.186075],[-78.705218,43.18652999999999]]},"properties":{"name":"Stone Rd","anchor":[-78.704524,43.185186]}},{"type":"Feature","geometry":{"type":"LineString","coordinates":[[-78.702985,43.184116999999986],[-78.703412,43.184286],[-78.703512,43.18432999999999],[-78.703649,43.184391],[-78.703787,43.18447]]},"properties":{"name":"W Jackson St","anchor":[-78.703787,43.18447]}},{"type":"Feature","geometry":{"type":"LineString","coordinates":[[-78.70436,43.189828],[-78.703809,43.18867199999999],[-78.703694,43.188257],[-78.703655,43.18816899999999],[-78.703499,43.188006999999985],[-78.703029,43.18761099999999],[-78.702783,43.187403999999994],[-78.702475,43.18716999999999],[-78.701934,43.186822]]},"properties":{"name":"Mill St","anchor":[-78.701934,43.186822]}},{"type":"Feature","geometry":{"type":"LineString","coordinates":[[-78.9736,43.10034999999999],[-78.975079,43.100308000000005],[-78.975401,43.100299],[-78.97652,43.10026599999999],[-78.977529,43.10023799999998],[-78.977785,43.100218],[-78.977884,43.10020100000001]]},"properties":{"name":"2nd Ave","anchor":[-78.977884,43.100201]}},{"type":"Feature","geometry":{"type":"LineString","coordinates":[[-78.981821,43.09418],[-78.982298,43.09418200000001],[-78.983729,43.094188],[-78.983954,43.094189],[-78.984081,43.09419799999999],[-78.984197,43.094246000000005]]},"properties":{"name":"Paul Dr","anchor":[-78.982123,43.094181]}},{"type":"Feature","geometry":{"type":"LineString","coordinates":[[-78.981821,43.09418],[-78.98182000000001,43.09423899999999],[-78.981818,43.094417],[-78.981818,43.09447699999999]]},"properties":{"name":"Spina Dr","anchor":[-78.981819,43.094334]}},{"type":"Feature","geometry":{"type":"LineString","coordinates":[[-78.981818,43.09447699999999],[-78.980284,43.09447699999999]]},"properties":{"name":"Manny Dr","anchor":[-78.981818,43.094477]}},{"type":"Feature","geometry":{"type":"LineString","coordinates":[[-78.829055,43.039818],[-78.829369,43.040473],[-78.829551,43.040853],[-78.829602,43.040965],[-78.829888,43.041580999999994],[-78.830091,43.042037999999984],[-78.830296,43.042533000000006],[-78.830512,43.04297300000001],[-78.830775,43.043448],[-78.831313,43.044368],[-78.831524,43.04466300000001],[-78.831923,43.04514100000001],[-78.832045,43.04532999999999],[-78.83207,43.04538599999999]]},"properties":{"name":"Old Falls Blvd","anchor":[-78.829186,43.04009]}},{"type":"Feature","geometry":{"type":"LineString","coordinates":[[-78.828372,43.03818799999999],[-78.828387,43.038337],[-78.828436,43.03851],[-78.82857,43.038815],[-78.828709,43.039102],[-78.828905,43.039506],[-78.829055,43.039818]]},"properties":{"name":"Sweeney St","anchor":[-78.829055,43.039818]}},{"type":"Feature","geometry":{"type":"LineString","coordinates":[[-78.823541,43.09149600000001],[-78.823506,43.090184999999984],[-78.82338,43.086254],[-78.823376,43.086129]]},"properties":{"name":"Townline Rd","anchor":[-78.82342,43.087493]}},{"type":"Feature","geometry":{"type":"LineString","coordinates":[[-78.82328,43.083346],[-78.822499,43.083906000000006],[-78.82111,43.084864],[-78.820536,43.08523799999999],[-78.819648,43.085853],[-78.819131,43.08621200000001],[-78.816179,43.088228],[-78.815742,43.088499999999996],[-78.812852,43.090406],[-78.812156,43.090850999999994],[-78.810581,43.091894],[-78.809842,43.09235999999999],[-78.808578,43.093115],[-78.806847,43.094151999999994],[-78.804805,43.095405]]},"properties":{"name":"Beach Ridge Rd","anchor":[-78.819441,43.085997]}},{"type":"Feature","geometry":{"type":"LineString","coordinates":[[-78.827131,43.084866],[-78.82559200000001,43.084894999999996],[-78.823337,43.084944]]},"properties":{"name":"Loveland Rd","anchor":[-78.823337,43.084944]}},{"type":"Feature","geometry":{"type":"LineString","coordinates":[[-78.719871,43.157748],[-78.718685,43.15774199999999],[-78.718501,43.157747],[-78.718387,43.157768],[-78.718289,43.157831],[-78.718244,43.157906999999994],[-78.718236,43.158196999999994],[-78.718266,43.158834999999996],[-78.718282,43.15951700000001],[-78.718313,43.160425]]},"properties":{"name":"Richfield St","anchor":[-78.719871,43.157748]}},{"type":"Feature","geometry":{"type":"LineString","coordinates":[[-78.886866,43.044229],[-78.886189,43.044463999999984],[-78.885319,43.04476700000001],[-78.884155,43.045157999999994],[-78.883577,43.045353],[-78.883485,43.045405]]},"properties":{"name":"East Ave","anchor":[-78.88684,43.044238]}},{"type":"Feature","geometry":{"type":"LineString","coordinates":[[-78.887128,43.039701999999984],[-78.887387,43.040121],[-78.887587,43.04057099999999],[-78.887721,43.04090799999999],[-78.888581,43.043071],[-78.888706,43.04352399999999],[-78.888965,43.044745999999996],[-78.889055,43.045166],[-78.889158,43.045562999999994],[-78.889321,43.046004],[-78.889337,43.04604],[-78.889418,43.046219],[-78.889473,43.046322],[-78.889634,43.04662199999999],[-78.889955,43.04713099999999],[-78.890123,43.047397000000004]]},"properties":{"name":"River Rd","anchor":[-78.888747,43.043717]}},{"type":"Feature","geometry":{"type":"LineString","coordinates":[[-78.887006,43.047042],[-78.887489,43.04650699999999],[-78.887979,43.045968000000016]]},"properties":{"name":"Industrial Dr","anchor":[-78.887979,43.045968]}},{"type":"Feature","geometry":{"type":"LineString","coordinates":[[-78.709645,43.164328999999995],[-78.709626,43.1638],[-78.709587,43.16265799999999]]},"properties":{"name":"Ohio St","anchor":[-78.70961,43.163346]}},{"type":"Feature","geometry":{"type":"LineString","coordinates":[[-78.707907,43.164348999999994],[-78.708033,43.163316],[-78.708062,43.163163999999995],[-78.708103,43.16295099999999],[-78.708145,43.162819999999996],[-78.708203,43.162755000000004],[-78.70826800000002,43.162728],[-78.708734,43.162682000000004],[-78.709587,43.16265799999999]]},"properties":{"name":"S New York St","anchor":[-78.70804,43.163277]}},{"type":"Feature","geometry":{"type":"LineString","coordinates":[[-78.707907,43.164348999999994],[-78.708318,43.164350000000006],[-78.709645,43.164328999999995]]},"properties":{"name":"Stevens St","anchor":[-78.708881,43.164341]}},{"type":"Feature","geometry":{"type":"LineString","coordinates":[[-78.713989,43.316234999999985],[-78.714154,43.315847999999995],[-78.714325,43.315368],[-78.714453,43.314893],[-78.714479,43.31473899999999],[-78.714786,43.31298899999999],[-78.714843,43.312515],[-78.714851,43.312241],[-78.714833,43.312042999999996],[-78.714799,43.31183699999999],[-78.71472,43.31156299999999],[-78.714528,43.311096],[-78.714294,43.31061199999999],[-78.714103,43.31017999999999],[-78.714081,43.310129],[-78.713961,43.309743],[-78.713928,43.309421],[-78.713914,43.308627]]},"properties":{"name":"Lockport Olcott Rd","anchor":[-78.714762,43.311708]}},{"type":"Feature","geometry":{"type":"LineString","coordinates":[[-78.710515,43.316669999999995],[-78.710544,43.31659199999999],[-78.710668,43.31626200000001],[-78.710911,43.315687],[-78.710964,43.315563],[-78.71103,43.31554499999999],[-78.71115,43.315563000000004]]},"properties":{"name":"Charles St","anchor":[-78.71103,43.315545]}},{"type":"Feature","geometry":{"type":"LineString","coordinates":[[-78.71115,43.315563000000004],[-78.711182,43.31557],[-78.71128,43.315593],[-78.711313,43.315601],[-78.711358,43.315611],[-78.711495,43.315642],[-78.711541,43.31565299999999]]},"properties":{"name":"Van Horn St","anchor":[-78.71115,43.315563]}},{"type":"Feature","geometry":{"type":"LineString","coordinates":[[-78.707696,43.16881599999999],[-78.707696,43.168296999999995],[-78.707696,43.16794699999999]]},"properties":{"name":"New York St","anchor":[-78.707696,43.168278]}},{"type":"Feature","geometry":{"type":"LineString","coordinates":[[-78.70973600000002,43.167618],[-78.708597,43.167815],[-78.708236,43.167895],[-78.708006,43.167937],[-78.707854,43.167953],[-78.707696,43.16794699999999]]},"properties":{"name":"Rene Pl","anchor":[-78.708017,43.167935]}},{"type":"Feature","geometry":{"type":"LineString","coordinates":[[-78.707696,43.16881599999999],[-78.708105,43.168722],[-78.708961,43.168527],[-78.709333,43.168432],[-78.709741,43.16832999999999]]},"properties":{"name":"Park Ave","anchor":[-78.708303,43.168677]}},{"type":"Feature","geometry":{"type":"LineString","coordinates":[[-78.878441,43.030121],[-78.877693,43.030281],[-78.87753900000001,43.030316]]},"properties":{"name":"Schenck St","anchor":[-78.878035,43.030208]}},{"type":"Feature","geometry":{"type":"LineString","coordinates":[[-78.877066,43.030415],[-78.877563,43.03166199999999],[-78.877782,43.03217399999999]]},"properties":{"name":"N Marion St","anchor":[-78.877066,43.030415]}},{"type":"Feature","geometry":{"type":"LineString","coordinates":[[-78.877879,43.028372999999995],[-78.877486,43.028453999999996],[-78.876304,43.02869599999998],[-78.876101,43.028738],[-78.87591,43.02877699999999]]},"properties":{"name":"Thompson St","anchor":[-78.87737,43.028478]}},{"type":"Feature","geometry":{"type":"LineString","coordinates":[[-78.999985,43.08425400000001],[-78.99808,43.084232],[-78.997114,43.084239000000004]]},"properties":{"name":"Kies Ave","anchor":[-78.997489,43.084236]}},{"type":"Feature","geometry":{"type":"LineString","coordinates":[[-78.997114,43.084239000000004],[-78.997109,43.084392],[-78.997094,43.08485300000001],[-78.997091,43.084982999999994],[-78.997091,43.085007]]},"properties":{"name":"59th St","anchor":[-78.997111,43.08432]}},{"type":"Feature","geometry":{"type":"LineString","coordinates":[[-78.999967,43.085004],[-78.997689,43.085001000000005]]},"properties":{"name":"Baker Ave","anchor":[-78.997689,43.085001]}},{"type":"Feature","geometry":{"type":"LineString","coordinates":[[-78.729915,43.169413999999996],[-78.729721,43.16925799999999],[-78.729576,43.169141],[-78.729142,43.16878700000001],[-78.72895,43.16862999999999],[-78.728697,43.168402],[-78.728625,43.168337],[-78.728231,43.16791],[-78.728045,43.16762499999999],[-78.72786,43.16734099999999]]},"properties":{"name":"Upper Mountain Rd","anchor":[-78.728844,43.168534]}},{"type":"Feature","geometry":{"type":"LineString","coordinates":[[-78.732027,43.171658],[-78.731968,43.171271999999995],[-78.731942,43.171217],[-78.731838,43.171062],[-78.731723,43.170869999999994]]},"properties":{"name":"Sunset Dr","anchor":[-78.731723,43.17087]}},{"type":"Feature","geometry":{"type":"LineString","coordinates":[[-78.842632,43.05877],[-78.842242,43.05910599999999],[-78.841863,43.059479],[-78.840662,43.060801999999995]]},"properties":{"name":"Melody Ln","anchor":[-78.841338,43.060058]}},{"type":"Feature","geometry":{"type":"LineString","coordinates":[[-78.846699,43.06223999999999],[-78.846039,43.062244],[-78.845938,43.062245],[-78.845078,43.062228999999995],[-78.844513,43.06223499999999],[-78.844361,43.062245000000004],[-78.84432,43.062255],[-78.844239,43.06232299999999],[-78.844225,43.06247499999999],[-78.844223,43.06250000000001],[-78.844216,43.063134999999996]]},"properties":{"name":"Deerfield Dr","anchor":[-78.84432,43.062255]}},{"type":"Feature","geometry":{"type":"LineString","coordinates":[[-78.848617,43.05724099999999],[-78.847876,43.058053],[-78.846457,43.05960999999999],[-78.84566,43.060497000000005],[-78.84565,43.06051],[-78.845631,43.060570999999996],[-78.845646,43.060632999999996],[-78.845664,43.06065100000001],[-78.846328,43.060992999999996],[-78.846495,43.061067999999985]]},"properties":{"name":"Fairmont Ave","anchor":[-78.845631,43.060571]}},{"type":"Feature","geometry":{"type":"LineString","coordinates":[[-78.698355,43.185481],[-78.698735,43.185592],[-78.698802,43.185586],[-78.698899,43.18554999999999],[-78.698948,43.185515],[-78.699023,43.18541299999999],[-78.69938900000001,43.184716],[-78.699442,43.184653999999995],[-78.699517,43.184623],[-78.699596,43.184615],[-78.699651,43.184614999999994],[-78.700134,43.184692]]},"properties":{"name":"Mill St","anchor":[-78.699017,43.185421]}},{"type":"Feature","geometry":{"type":"LineString","coordinates":[[-78.69684,43.18501599999999],[-78.696828,43.18536099999999],[-78.696831,43.186618999999986]]},"properties":{"name":"Transit Rd","anchor":[-78.696828,43.185556]}},{"type":"Feature","geometry":{"type":"LineString","coordinates":[[-78.696831,43.186618999999986],[-78.696146,43.18648699999999],[-78.695406,43.186363],[-78.69484200000001,43.18625699999999],[-78.694775,43.18625699999999],[-78.694706,43.186268999999996],[-78.694646,43.186302]]},"properties":{"name":"Plum St","anchor":[-78.696831,43.186619]}},{"type":"Feature","geometry":{"type":"LineString","coordinates":[[-78.858497,43.045463999999996],[-78.858273,43.045463999999996],[-78.857975,43.04546499999999],[-78.856412,43.045473000000015],[-78.855891,43.045476]]},"properties":{"name":"Walck Rd","anchor":[-78.856082,43.045475]}},{"type":"Feature","geometry":{"type":"LineString","coordinates":[[-78.855881,43.04489399999999],[-78.855878,43.04501],[-78.855877,43.045054],[-78.855887,43.04535900000001],[-78.855891,43.045476]]},"properties":{"name":"Zimmerman St","anchor":[-78.855891,43.045476]}},{"type":"Feature","geometry":{"type":"LineString","coordinates":[[-78.854805,43.04548299999999],[-78.854101,43.04600800000001],[-78.851992,43.047585],[-78.851289,43.048111999999996],[-78.851212,43.048168],[-78.850983,43.048337999999994],[-78.850907,43.048395]]},"properties":{"name":"Erie Ave","anchor":[-78.854098,43.04601]}},{"type":"Feature","geometry":{"type":"LineString","coordinates":[[-79.017722,43.083228999999996],[-79.015938,43.083102999999994],[-79.01251,43.082860999999994],[-79.010587,43.082724999999996],[-79.010479,43.08271800000001],[-79.008916,43.08262],[-79.008879,43.08263199999998],[-79.008851,43.08265600000001],[-79.00884,43.082692]]},"properties":{"name":"A St","anchor":[-79.014681,43.083014]}},{"type":"Feature","geometry":{"type":"LineString","coordinates":[[-79.01756,43.084418],[-79.017519,43.08471599999999],[-79.017496,43.084886]]},"properties":{"name":"G St","anchor":[-79.017499,43.084865]}},{"type":"Feature","geometry":{"type":"LineString","coordinates":[[-79.018604,43.084967999999996],[-79.01838200000002,43.084951],[-79.017717,43.08490199999999],[-79.017496,43.084886]]},"properties":{"name":"C St","anchor":[-79.017496,43.084886]}},{"type":"Feature","geometry":{"type":"LineString","coordinates":[[-79.046314,43.11752499999999],[-79.046224,43.117676],[-79.046137,43.11776600000001],[-79.046094,43.117788],[-79.04596,43.117808000000004],[-79.045424,43.117789999999985],[-79.044786,43.117794]]},"properties":{"name":"Virginia Ave","anchor":[-79.04523,43.117791]}},{"type":"Feature","geometry":{"type":"LineString","coordinates":[[-79.044786,43.117794],[-79.044213,43.117799]]},"properties":{"name":"Neehan Pl","anchor":[-79.044786,43.117794]}},{"type":"Feature","geometry":{"type":"LineString","coordinates":[[-79.047427,43.116683999999985],[-79.047288,43.11666699999999],[-79.04715000000002,43.116652],[-79.04704,43.116652],[-79.046937,43.116663],[-79.046875,43.11668499999998],[-79.046811,43.116708999999986],[-79.046749,43.116744000000004],[-79.046675,43.11681099999999],[-79.046358,43.117437],[-79.046314,43.11752499999999]]},"properties":{"name":"Tennessee Ave","anchor":[-79.046314,43.117525]}},{"type":"Feature","geometry":{"type":"LineString","coordinates":[[-79.050167,43.25624199999999],[-79.050174,43.256124],[-79.050242,43.255852],[-79.050429,43.25529099999999],[-79.05048900000001,43.255163]]},"properties":{"name":"Scott Ave","anchor":[-79.050349,43.25553]}},{"type":"Feature","geometry":{"type":"LineString","coordinates":[[-79.05048900000001,43.255163],[-79.050497,43.25509399999999],[-79.050312,43.254488]]},"properties":{"name":"Main St","anchor":[-79.050489,43.255163]}},{"type":"Feature","geometry":{"type":"LineString","coordinates":[[-79.050312,43.254488],[-79.04988,43.254583000000004],[-79.049669,43.254616999999996],[-79.048356,43.254833000000005],[-79.047905,43.254923],[-79.047737,43.254971999999995],[-79.047549,43.255043],[-79.047379,43.255141],[-79.047174,43.25530199999999]]},"properties":{"name":"Jackson St","anchor":[-79.049987,43.254559]}},{"type":"Feature","geometry":{"type":"LineString","coordinates":[[-78.709559,43.161684],[-78.709511,43.160171],[-78.709506,43.159989]]},"properties":{"name":"Ohio St","anchor":[-78.709522,43.160511]}},{"type":"Feature","geometry":{"type":"LineString","coordinates":[[-78.712445,43.161628],[-78.71186700000001,43.161642],[-78.71059,43.161674],[-78.710136,43.161677999999995],[-78.709559,43.161684]]},"properties":{"name":"Simonds St","anchor":[-78.709559,43.161684]}},{"type":"Feature","geometry":{"type":"LineString","coordinates":[[-78.706391,43.16434300000001],[-78.70639,43.16376999999999],[-78.706388,43.162051999999996],[-78.706388,43.16147999999999]]},"properties":{"name":"S Bristol Ave","anchor":[-78.706388,43.16148]}},{"type":"Feature","geometry":{"type":"LineString","coordinates":[[-79.04772,43.116108000000004],[-79.047576,43.116096000000006],[-79.047451,43.116085999999996],[-79.047147,43.116095],[-79.047005,43.116116]]},"properties":{"name":"Carolina Ave","anchor":[-79.047005,43.116116]}},{"type":"Feature","geometry":{"type":"LineString","coordinates":[[-79.047037,43.11745299999999],[-79.046925,43.117450000000005],[-79.046592,43.117442],[-79.046481,43.11744]]},"properties":{"name":"Virginia Ave","anchor":[-79.046481,43.11744]}},{"type":"Feature","geometry":{"type":"LineString","coordinates":[[-79.014109,43.094461],[-79.013175,43.094274999999996],[-79.013022,43.094256999999985],[-79.012905,43.094257],[-79.012735,43.09426599999999],[-79.01267,43.094284],[-79.012518,43.094319],[-79.01227500000002,43.09442299999999],[-79.011969,43.09459699999999],[-79.011607,43.094804999999994],[-79.010579,43.095423000000004],[-79.01012,43.09568900000001],[-79.010084,43.09572300000001],[-79.010082,43.09578499999999],[-79.010104,43.095814],[-79.010505,43.096085],[-79.011003,43.09639200000001],[-79.011308,43.09655099999999],[-79.011558,43.09666399999999],[-79.011914,43.096803],[-79.012282,43.096916],[-79.012597,43.096993],[-79.01292,43.09705199999999],[-79.013438,43.09711600000001],[-79.013848,43.09714099999999],[-79.014019,43.097136],[-79.014064,43.097097],[-79.014074,43.097030999999994],[-79.014077,43.09680099999999],[-79.014094,43.095617000000004],[-79.014094,43.094913000000005],[-79.014109,43.09451399999999],[-79.014114,43.09448700000001],[-79.014109,43.094461]]},"properties":{"name":"Packard Ct","anchor":[-79.013952,43.09443]}},{"type":"Feature","geometry":{"type":"LineString","coordinates":[[-79.0171,43.092213],[-79.017102,43.09235199999999],[-79.017108,43.09277199999998],[-79.017111,43.09291199999999]]},"properties":{"name":"39th St","anchor":[-79.017109,43.092801]}},{"type":"Feature","geometry":{"type":"LineString","coordinates":[[-79.019928,43.09289699999999],[-79.019364,43.0929],[-79.017674,43.09290799999999],[-79.017111,43.09291199999999]]},"properties":{"name":"Chapin Ave","anchor":[-79.017111,43.092912]}},{"type":"Feature","geometry":{"type":"LineString","coordinates":[[-78.738279,43.155924],[-78.734343,43.157324],[-78.733928,43.157478],[-78.733202,43.15777599999999],[-78.732585,43.15804800000001],[-78.731671,43.158486],[-78.731148,43.15875499999999],[-78.730176,43.15931099999999],[-78.729858,43.159510999999995],[-78.729744,43.159584],[-78.729286,43.15988799999999],[-78.728707,43.16029],[-78.727034,43.161503],[-78.726297,43.162029],[-78.72603600000001,43.162214000000006],[-78.725472,43.16261799999999],[-78.725257,43.16277399999999],[-78.724999,43.162963]]},"properties":{"name":"Saunders Settlement Rd","anchor":[-78.728827,43.160207]}},{"type":"Feature","geometry":{"type":"LineString","coordinates":[[-78.490939,43.200637],[-78.490877,43.201596],[-78.490716,43.20414],[-78.490699,43.20447399999999],[-78.490654,43.205434999999994]]},"properties":{"name":"Griswold St","anchor":[-78.490895,43.201318]}},{"type":"Feature","geometry":{"type":"LineString","coordinates":[[-78.885334,43.048379],[-78.88585900000001,43.048207],[-78.885989,43.048128],[-78.886007,43.048113],[-78.886067,43.04806699999999],[-78.887006,43.047042]]},"properties":{"name":"Industrial Dr","anchor":[-78.886526,43.047566]}},{"type":"Feature","geometry":{"type":"LineString","coordinates":[[-78.884839,43.04758000000001],[-78.884924,43.047717999999996],[-78.885182,43.04813499999999],[-78.885268,43.04827399999999]]},"properties":{"name":"Oliver St","anchor":[-78.884886,43.047656]}},{"type":"Feature","geometry":{"type":"LineString","coordinates":[[-78.884839,43.04758000000001],[-78.88434,43.047744],[-78.882844,43.048236999999986],[-78.88234600000001,43.04840200000001]]},"properties":{"name":"16th Ave","anchor":[-78.884839,43.04758]}},{"type":"Feature","geometry":{"type":"LineString","coordinates":[[-78.835935,43.082837],[-78.835841,43.07995199999999],[-78.835806,43.078863000000005]]},"properties":{"name":"Shawnee Rd","anchor":[-78.835812,43.079064]}},{"type":"Feature","geometry":{"type":"LineString","coordinates":[[-78.835806,43.078863000000005],[-78.835521,43.078873],[-78.834197,43.078891],[-78.831809,43.078925000000005],[-78.83109100000001,43.078939999999996],[-78.82962300000001,43.07897099999999]]},"properties":{"name":"Hill Rd","anchor":[-78.835806,43.078863]}},{"type":"Feature","geometry":{"type":"LineString","coordinates":[[-78.82962300000001,43.07897099999999],[-78.829621,43.078790999999995],[-78.82962,43.078679],[-78.829662,43.078586999999985],[-78.830676,43.077456999999995],[-78.830758,43.077399],[-78.830884,43.07735499999999],[-78.831059,43.077335999999995],[-78.831932,43.07733600000001],[-78.835763,43.07732599999999]]},"properties":{"name":"Fritz Rd","anchor":[-78.835763,43.077326]}},{"type":"Feature","geometry":{"type":"LineString","coordinates":[[-79.048712,43.24542600000001],[-79.048357,43.24540199999999],[-79.047293,43.24532999999999],[-79.04693900000001,43.24530599999999]]},"properties":{"name":"Elliot St","anchor":[-79.047772,43.245362]}},{"type":"Feature","geometry":{"type":"LineString","coordinates":[[-79.04693900000001,43.24530599999999],[-79.04697400000002,43.245045999999995],[-79.047079,43.244266999999994],[-79.04709,43.244189],[-79.047086,43.244101999999984],[-79.04706600000002,43.24400899999999]]},"properties":{"name":"3rd St","anchor":[-79.046995,43.244887]}},{"type":"Feature","geometry":{"type":"LineString","coordinates":[[-79.048712,43.24542600000001],[-79.048736,43.245201],[-79.048804,43.24458399999999],[-79.048825,43.24456300000001],[-79.048853,43.24456099999998],[-79.04893,43.24455699999999],[-79.049079,43.24456300000001]]},"properties":{"name":"2nd St","anchor":[-79.048758,43.245002]}},{"type":"Feature","geometry":{"type":"LineString","coordinates":[[-79.005956,43.23108299999999],[-79.003078,43.231091],[-79.002307,43.23108700000001],[-79.001698,43.23108499999999],[-78.99933,43.231085],[-78.998215,43.231077],[-78.99592,43.23108299999999],[-78.992721,43.23106599999999],[-78.991361,43.231067],[-78.990352,43.23106899999999],[-78.989562,43.231059999999985],[-78.987713,43.23105799999999]]},"properties":{"name":"Balmer Rd","anchor":[-78.99653,43.231081]}},{"type":"Feature","geometry":{"type":"LineString","coordinates":[[-78.922987,43.121407],[-78.922582,43.12140399999999],[-78.92152,43.121396999999995]]},"properties":{"name":"Lockport Rd","anchor":[-78.922067,43.121401]}},{"type":"Feature","geometry":{"type":"LineString","coordinates":[[-78.920964,43.121395],[-78.920957,43.12101299999999],[-78.920931,43.12081899999999],[-78.920904,43.12075099999999],[-78.920856,43.12067699999999],[-78.92035,43.120104],[-78.919958,43.11967899999999],[-78.919902,43.119582],[-78.919888,43.119444],[-78.919899,43.118802],[-78.91991300000001,43.118059]]},"properties":{"name":"Inducon Corporate Dr","anchor":[-78.920934,43.120839]}},{"type":"Feature","geometry":{"type":"LineString","coordinates":[[-79.035926,43.121817],[-79.035867,43.121841],[-79.035766,43.12189399999999],[-79.035661,43.121968999999986],[-79.033895,43.123434]]},"properties":{"name":"Witmer Rd","anchor":[-79.03396,43.12338]}},{"type":"Feature","geometry":{"type":"LineString","coordinates":[[-79.033895,43.123434],[-79.034568,43.12434899999999]]},"properties":{"name":"Montgomery","anchor":[-79.033895,43.123434]}},{"type":"Feature","geometry":{"type":"LineString","coordinates":[[-79.036622,43.12349799999999],[-79.03621,43.12350200000001],[-79.035893,43.123538],[-79.035433,43.12366899999999],[-79.035247,43.123705],[-79.034682,43.123749]]},"properties":{"name":"Massachusetts Ave","anchor":[-79.034682,43.123749]}},{"type":"Feature","geometry":{"type":"LineString","coordinates":[[-79.066574,43.089484999999996],[-79.066002,43.08889700000001]]},"properties":{"name":"Rainbow Brg","anchor":[-79.066002,43.088897]}},{"type":"Feature","geometry":{"type":"LineString","coordinates":[[-79.064985,43.088712],[-79.064839,43.088772],[-79.064759,43.088793],[-79.064675,43.08880799999999],[-79.064579,43.08881399999999],[-79.064491,43.088808],[-79.064344,43.088788],[-79.064197,43.088748],[-79.064047,43.08873899999999],[-79.063986,43.088739],[-79.06382,43.088753999999994],[-79.063653,43.088792000000005],[-79.063597,43.08881600000001]]},"properties":{"name":"Main St","anchor":[-79.064985,43.088712]}},{"type":"Feature","geometry":{"type":"LineString","coordinates":[[-79.064985,43.088712],[-79.064856,43.088693]]},"properties":{"name":"Niagara St","anchor":[-79.064985,43.088712]}},{"type":"Feature","geometry":{"type":"LineString","coordinates":[[-79.036282,43.133658999999994],[-79.036269,43.133698],[-79.036256,43.13440899999999]]},"properties":{"name":"Penrose St","anchor":[-79.036282,43.133659]}},{"type":"Feature","geometry":{"type":"LineString","coordinates":[[-79.036958,43.156305999999994],[-79.036983,43.155357],[-79.036963,43.155274],[-79.036902,43.15521499999999],[-79.03687,43.155198],[-79.036817,43.15517799999999],[-79.036677,43.155166],[-79.036188,43.15515800000001],[-79.035036,43.155166],[-79.034698,43.155182],[-79.034279,43.155227000000004],[-79.033975,43.15527399999999],[-79.033468,43.155404000000004],[-79.033207,43.155491999999995],[-79.032672,43.155707],[-79.032498,43.155795]]},"properties":{"name":"Fairway Dr","anchor":[-79.033092,43.155538]}},{"type":"Feature","geometry":{"type":"LineString","coordinates":[[-79.036958,43.156305999999994],[-79.036742,43.15628],[-79.036014,43.156116],[-79.035878,43.156099],[-79.035499,43.156113000000005],[-79.035375,43.156124999999996],[-79.034738,43.156251],[-79.034244,43.156349],[-79.033946,43.15642299999999],[-79.033818,43.156437999999994],[-79.033573,43.15643099999999],[-79.033356,43.156393],[-79.033172,43.15632699999999],[-79.033016,43.15623599999999],[-79.032498,43.155795]]},"properties":{"name":"Meadowbrook Dr","anchor":[-79.032498,43.155795]}},{"type":"Feature","geometry":{"type":"LineString","coordinates":[[-79.030362,43.15189199999999],[-79.030152,43.151999999999994],[-79.030079,43.152041],[-79.029096,43.15259999999999]]},"properties":{"name":"Upper Mountain Rd","anchor":[-79.029895,43.152146]}},{"type":"Feature","geometry":{"type":"LineString","coordinates":[[-78.633064,43.193236],[-78.632739,43.19327499999999],[-78.63234,43.193348],[-78.631659,43.19345299999999],[-78.630989,43.19350500000001],[-78.6306,43.19352599999999],[-78.630118,43.19355399999999],[-78.62944,43.19355399999999],[-78.62874,43.19348099999999],[-78.627565,43.193253],[-78.627279,43.193205],[-78.627083,43.193189999999994],[-78.626362,43.193095],[-78.62567,43.19302999999999],[-78.624623,43.19290999999998],[-78.623206,43.192765],[-78.621905,43.192633],[-78.620741,43.192477]]},"properties":{"name":"Canal Rd","anchor":[-78.631216,43.193487]}},{"type":"Feature","geometry":{"type":"LineString","coordinates":[[-78.635315,43.192941999999995],[-78.634865,43.193003999999995],[-78.633857,43.193145],[-78.633515,43.193183999999995],[-78.633064,43.193236]]},"properties":{"name":"Groff Rd","anchor":[-78.633064,43.193236]}},{"type":"Feature","geometry":{"type":"LineString","coordinates":[[-78.63316,43.193559],[-78.633156,43.193548],[-78.633147,43.193514999999984],[-78.63314400000002,43.193504999999995]]},"properties":{"name":"N Canal Rd","anchor":[-78.633144,43.193505]}},{"type":"Feature","geometry":{"type":"LineString","coordinates":[[-78.889809,43.09956799999999],[-78.889767,43.09787599999999],[-78.889749,43.09710099999999],[-78.889688,43.09445799999999],[-78.889658,43.092802999999996],[-78.889629,43.091112]]},"properties":{"name":"Ward Rd","anchor":[-78.889755,43.097368]}},{"type":"Feature","geometry":{"type":"LineString","coordinates":[[-78.889809,43.09956799999999],[-78.8888,43.09959],[-78.888574,43.09959499999999]]},"properties":{"name":"Pearce Rd","anchor":[-78.889722,43.09957]}},{"type":"Feature","geometry":{"type":"LineString","coordinates":[[-78.889825,43.100567],[-78.889298,43.100579999999994]]},"properties":{"name":"Walck Dr","anchor":[-78.88978,43.100568]}},{"type":"Feature","geometry":{"type":"LineString","coordinates":[[-78.989829,43.081456],[-78.989488,43.081419],[-78.988466,43.08131],[-78.988126,43.08127400000001]]},"properties":{"name":"Frontier Ave","anchor":[-78.989829,43.081456]}},{"type":"Feature","geometry":{"type":"LineString","coordinates":[[-78.988126,43.08127400000001],[-78.988125,43.08147099999999],[-78.988124,43.08206499999999],[-78.988124,43.08226299999999],[-78.988124,43.08237200000001],[-78.988124,43.082698999999984],[-78.988124,43.08280799999999]]},"properties":{"name":"66th St","anchor":[-78.988124,43.08247]}},{"type":"Feature","geometry":{"type":"LineString","coordinates":[[-78.988124,43.08280799999999],[-78.987902,43.08280099999999],[-78.98749,43.08279],[-78.987239,43.082791],[-78.987018,43.08279300000001]]},"properties":{"name":"Lindbergh Ave","anchor":[-78.988124,43.082808]}},{"type":"Feature","geometry":{"type":"LineString","coordinates":[[-79.008921,43.16061999999999],[-79.008421,43.160924999999985],[-79.007024,43.161862],[-79.006353,43.162333],[-79.003364,43.16472000000001],[-79.002743,43.165178999999995],[-79.002066,43.16560799999999],[-79.001614,43.165850999999996]]},"properties":{"name":"Upper Mountain Rd","anchor":[-79.004679,43.16367]}},{"type":"Feature","geometry":{"type":"LineString","coordinates":[[-78.690284,43.18116099999999],[-78.68877000000002,43.181468999999986]]},"properties":{"name":"William St","anchor":[-78.689331,43.181355]}},{"type":"Feature","geometry":{"type":"LineString","coordinates":[[-78.68877000000002,43.181468999999986],[-78.689176,43.18232399999999]]},"properties":{"name":"Mill St","anchor":[-78.688779,43.181487]}},{"type":"Feature","geometry":{"type":"LineString","coordinates":[[-78.68877000000002,43.181468999999986],[-78.688581,43.18152899999999],[-78.6875,43.181826],[-78.68692,43.181965]]},"properties":{"name":"Porter St","anchor":[-78.68877,43.181469]}},{"type":"Feature","geometry":{"type":"LineString","coordinates":[[-79.012983,43.12998499999999],[-79.012337,43.129982],[-79.010897,43.129976]]},"properties":{"name":"Witmer Rd","anchor":[-79.011558,43.129979]}},{"type":"Feature","geometry":{"type":"LineString","coordinates":[[-79.012983,43.12998499999999],[-79.012984,43.129654999999985],[-79.012987,43.12927400000001],[-79.012965,43.129138999999995],[-79.012826,43.12868699999999],[-79.012757,43.12846],[-79.012732,43.12837199999999],[-79.012614,43.127953999999995],[-79.0125,43.127547],[-79.012243,43.126708],[-79.012218,43.12662499999999],[-79.012106,43.126297]]},"properties":{"name":"Witmer Industrial Ests","anchor":[-79.012984,43.129621]}},{"type":"Feature","geometry":{"type":"LineString","coordinates":[[-79.009907,43.129143],[-79.009754,43.12915699999999],[-79.00955,43.129155],[-79.008479,43.12914899999999],[-79.008123,43.129147]]},"properties":{"name":"Fox Ave","anchor":[-79.009907,43.129143]}},{"type":"Feature","geometry":{"type":"LineString","coordinates":[[-78.687677,43.168618],[-78.687348,43.168694],[-78.686364,43.168924],[-78.686036,43.169000999999994]]},"properties":{"name":"South St","anchor":[-78.687107,43.16875]}},{"type":"Feature","geometry":{"type":"LineString","coordinates":[[-78.688165,43.169698],[-78.68775,43.169795],[-78.686504,43.170089000000004],[-78.68609000000001,43.170187]]},"properties":{"name":"Walnut St","anchor":[-78.687582,43.169835]}},{"type":"Feature","geometry":{"type":"LineString","coordinates":[[-78.687677,43.168618],[-78.687598,43.168432],[-78.687521,43.16824900000001],[-78.687463,43.16815499999999],[-78.687437,43.16814],[-78.687359,43.168134],[-78.687176,43.168159999999986],[-78.686977,43.16818899999999]]},"properties":{"name":"Elm Ct","anchor":[-78.687677,43.168618]}},{"type":"Feature","geometry":{"type":"LineString","coordinates":[[-79.010772,43.11822599999999],[-79.009998,43.118352],[-79.00829300000001,43.11863],[-79.007678,43.11873099999999],[-79.006905,43.118860000000005]]},"properties":{"name":"Lockport Rd","anchor":[-79.008248,43.118637]}},{"type":"Feature","geometry":{"type":"LineString","coordinates":[[-79.006939,43.117871],[-79.006938,43.117892999999995],[-79.006913,43.118617999999984],[-79.006905,43.118860000000005]]},"properties":{"name":"New Rd","anchor":[-79.006905,43.11886]}},{"type":"Feature","geometry":{"type":"LineString","coordinates":[[-78.830579,43.140316999999996],[-78.83421,43.140245]]},"properties":{"name":"Shawnee Cambria Rd","anchor":[-78.830579,43.140317]}},{"type":"Feature","geometry":{"type":"LineString","coordinates":[[-78.83041,43.14212299999999],[-78.83039,43.141748],[-78.830359,43.14097400000001],[-78.830375,43.140812000000004],[-78.830425,43.14063599999999],[-78.830502,43.140371],[-78.830529,43.140336],[-78.830579,43.140316999999996]]},"properties":{"name":"Fairview Dr","anchor":[-78.830579,43.140317]}},{"type":"Feature","geometry":{"type":"LineString","coordinates":[[-78.83089,43.142136],[-78.830943,43.142084],[-78.831042,43.14203599999998],[-78.831177,43.14200999999999],[-78.831375,43.142019],[-78.831455,43.142027999999996],[-78.831577,43.142059999999994]]},"properties":{"name":"Fair Ct W","anchor":[-78.831177,43.14201]}},{"type":"Feature","geometry":{"type":"LineString","coordinates":[[-79.018641,43.078519],[-79.018795,43.078528000000006],[-79.019013,43.07854199999999],[-79.019503,43.078573],[-79.02037400000002,43.078593],[-79.021272,43.078588],[-79.023051,43.078548000000005],[-79.023941,43.078517999999995],[-79.024127,43.07851300000001],[-79.025338,43.078487],[-79.025905,43.078474]]},"properties":{"name":"Niagara Scenic Pkwy","anchor":[-79.021508,43.078583]}},{"type":"Feature","geometry":{"type":"LineString","coordinates":[[-79.052852,43.106778000000006],[-79.052478,43.106778999999996]]},"properties":{"name":"Cleveland Ave","anchor":[-79.05268,43.106778]}},{"type":"Feature","geometry":{"type":"LineString","coordinates":[[-79.052852,43.106778000000006],[-79.052864,43.10708999999999]]},"properties":{"name":"American Legion Pl","anchor":[-79.052853,43.106799]}},{"type":"Feature","geometry":{"type":"LineString","coordinates":[[-79.052475,43.106396],[-79.052478,43.106778999999996]]},"properties":{"name":"S Avenue Pl","anchor":[-79.052478,43.106779]}},{"type":"Feature","geometry":{"type":"LineString","coordinates":[[-79.057662,43.109308999999996],[-79.056171,43.109491999999996],[-79.056111,43.109501]]},"properties":{"name":"Bridge Ave","anchor":[-79.057442,43.109336]}},{"type":"Feature","geometry":{"type":"LineString","coordinates":[[-79.05677000000001,43.110133999999995],[-79.056733,43.11010799999999],[-79.056693,43.110098],[-79.056567,43.110088],[-79.056437,43.110089],[-79.056352,43.110091]]},"properties":{"name":"Bath Ave","anchor":[-79.056733,43.110108]}},{"type":"Feature","geometry":{"type":"LineString","coordinates":[[-79.055711,43.109229],[-79.055737,43.10933599999999]]},"properties":{"name":"Whirlpool St","anchor":[-79.055718,43.109256]}},{"type":"Feature","geometry":{"type":"LineString","coordinates":[[-78.686259,43.174085],[-78.686257,43.174027],[-78.686253,43.173854],[-78.686252,43.173797]]},"properties":{"name":"Washburn St","anchor":[-78.686259,43.174085]}},{"type":"Feature","geometry":{"type":"LineString","coordinates":[[-78.688863,43.17348799999999],[-78.688784,43.17366999999999],[-78.688701,43.173775],[-78.688601,43.173872999999986],[-78.688293,43.174124],[-78.68824,43.174165],[-78.686941,43.17517599999999],[-78.686349,43.17563100000001],[-78.68602,43.175888],[-78.685879,43.175999],[-78.685377,43.17636099999999],[-78.685262,43.17643799999999]]},"properties":{"name":"Market St","anchor":[-78.687509,43.174734]}},{"type":"Feature","geometry":{"type":"LineString","coordinates":[[-78.688008,43.173298],[-78.687581,43.173428],[-78.687496,43.173443],[-78.686809,43.173460999999996],[-78.686244,43.17347699999999]]},"properties":{"name":"Union St","anchor":[-78.68683,43.17346]}},{"type":"Feature","geometry":{"type":"LineString","coordinates":[[-78.98108,43.208779],[-78.980751,43.208822000000005],[-78.980442,43.208830000000006],[-78.980173,43.20885299999999],[-78.98012,43.20887399999999],[-78.980033,43.20895600000001]]},"properties":{"name":"Pletcher Rd","anchor":[-78.980033,43.208956]}},{"type":"Feature","geometry":{"type":"LineString","coordinates":[[-78.719134,43.168238],[-78.719664,43.168139],[-78.719832,43.16810799999999],[-78.720912,43.167928],[-78.72126,43.167874999999995],[-78.721794,43.167794]]},"properties":{"name":"S Niagara St","anchor":[-78.721794,43.167794]}},{"type":"Feature","geometry":{"type":"LineString","coordinates":[[-78.718727,43.166157999999996],[-78.718902,43.166157999999996],[-78.720206,43.16589599999999],[-78.720633,43.16565999999999]]},"properties":{"name":"Park Ave","anchor":[-78.720503,43.165732]}},{"type":"Feature","geometry":{"type":"LineString","coordinates":[[-78.870265,43.273464],[-78.870283,43.272357],[-78.870306,43.26905],[-78.870319,43.2673],[-78.870346,43.26614500000001],[-78.870356,43.26403899999998]]},"properties":{"name":"Randall Rd","anchor":[-78.87035,43.265341]}},{"type":"Feature","geometry":{"type":"LineString","coordinates":[[-78.870356,43.26403899999998],[-78.86942,43.264044],[-78.867615,43.26407699999999],[-78.866442,43.26408099999999],[-78.866239,43.264082],[-78.86555,43.264093],[-78.863639,43.264091],[-78.856075,43.264179],[-78.854699,43.264180999999994],[-78.854516,43.264181999999984],[-78.853755,43.264196],[-78.853067,43.26419500000001],[-78.851579,43.264214],[-78.850786,43.264215]]},"properties":{"name":"Braley Rd","anchor":[-78.869491,43.264044]}},{"type":"Feature","geometry":{"type":"LineString","coordinates":[[-78.696788,43.183685999999994],[-78.696826,43.18374],[-78.69684,43.18379299999999],[-78.696856,43.18418399999999],[-78.69684,43.18501599999999]]},"properties":{"name":"Transit Rd","anchor":[-78.696848,43.184]}},{"type":"Feature","geometry":{"type":"LineString","coordinates":[[-78.69531100000002,43.18318699999998],[-78.695303,43.183243999999995],[-78.69531100000002,43.183299000000005],[-78.695337,43.183347],[-78.695384,43.183395999999995],[-78.695451,43.183441],[-78.695471,43.183449],[-78.695508,43.18346499999999],[-78.695587,43.183483],[-78.696424,43.18355399999999],[-78.696475,43.183567],[-78.696682,43.183620000000005],[-78.696788,43.183685999999994]]},"properties":{"name":"Gooding St","anchor":[-78.696788,43.183686]}},{"type":"Feature","geometry":{"type":"LineString","coordinates":[[-78.696555,43.18272799999999],[-78.699202,43.182816]]},"properties":{"name":"W Jackson St","anchor":[-78.69797,43.182775]}},{"type":"Feature","geometry":{"type":"LineString","coordinates":[[-79.008812,43.08697499999999],[-79.00880900000001,43.088253],[-79.00880900000001,43.088806000000005]]},"properties":{"name":"47th St","anchor":[-79.00881,43.087977]}},{"type":"Feature","geometry":{"type":"LineString","coordinates":[[-78.899712,43.08911],[-78.89977,43.08911200000001],[-78.89980300000002,43.08912599999999],[-78.899839,43.08916500000001],[-78.899856,43.08922199999999],[-78.89985200000001,43.08924300000001],[-78.899834,43.089285],[-78.899774,43.089317999999984],[-78.899708,43.08932499999999],[-78.899693,43.089326],[-78.899615,43.08930800000001],[-78.899585,43.089274999999994],[-78.899569,43.089248],[-78.899575,43.08917799999999],[-78.89962900000002,43.089126],[-78.899712,43.08911]]},"properties":{"name":"Oppenheim Ct","anchor":[-78.899693,43.089326]}},{"type":"Feature","geometry":{"type":"LineString","coordinates":[[-78.90143,43.091075999999994],[-78.901428,43.091016],[-78.90140800000002,43.089463],[-78.901403,43.089277]]},"properties":{"name":"Witmer Rd","anchor":[-78.901421,43.090499]}},{"type":"Feature","geometry":{"type":"LineString","coordinates":[[-78.901403,43.089277],[-78.90148,43.08924],[-78.901667,43.08922199999999],[-78.90175000000002,43.08922099999999],[-78.90184200000002,43.08921900000001],[-78.901939,43.089217],[-78.902039,43.089216],[-78.902141,43.08921399999999],[-78.902244,43.089212],[-78.902348,43.089209999999994],[-78.902454,43.089208],[-78.902564,43.089206],[-78.902676,43.089204],[-78.90279200000002,43.08920100000001],[-78.902911,43.08919899999999],[-78.903034,43.08919699999999],[-78.903159,43.089194],[-78.903286,43.089191],[-78.903415,43.08918899999999],[-78.903545,43.089186999999995],[-78.903674,43.089185],[-78.903804,43.089183]]},"properties":{"name":"Crestwood Ct","anchor":[-78.901403,43.089277]}},{"type":"Feature","geometry":{"type":"LineString","coordinates":[[-78.688379,43.170205],[-78.68833600000002,43.170103],[-78.68820700000002,43.169799],[-78.688165,43.169698]]},"properties":{"name":"Elm St","anchor":[-78.688165,43.169698]}},{"type":"Feature","geometry":{"type":"LineString","coordinates":[[-79.019928,43.093601],[-79.019926,43.093911999999996],[-79.01992,43.094847],[-79.019919,43.095124],[-79.019919,43.095159]]},"properties":{"name":"36th St","anchor":[-79.019919,43.095]}},{"type":"Feature","geometry":{"type":"LineString","coordinates":[[-79.020921,43.093603],[-79.020948,43.094183],[-79.020945,43.095121],[-79.020946,43.095157]]},"properties":{"name":"35th St","anchor":[-79.020945,43.095002]}},{"type":"Feature","geometry":{"type":"LineString","coordinates":[[-79.018986,43.093603],[-79.018984,43.093913999999984],[-79.01898,43.09485],[-79.018979,43.095127999999995],[-79.018979,43.095163]]},"properties":{"name":"37th St","anchor":[-79.018979,43.094998]}},{"type":"Feature","geometry":{"type":"LineString","coordinates":[[-79.029323,43.11527999999999],[-79.029276,43.115287],[-79.029136,43.115309999999994],[-79.02909,43.115318],[-79.028935,43.11534300000001],[-79.02847,43.115417],[-79.028316,43.11544299999999]]},"properties":{"name":"Lockport Rd","anchor":[-79.028356,43.115436]}},{"type":"Feature","geometry":{"type":"LineString","coordinates":[[-79.028316,43.11544299999999],[-79.028327,43.115751999999986],[-79.028322,43.11601299999999],[-79.028296,43.11772299999999],[-79.028288,43.118294]]},"properties":{"name":"Panama St","anchor":[-79.028316,43.115443]}},{"type":"Feature","geometry":{"type":"LineString","coordinates":[[-79.027379,43.114861999999995],[-79.027407,43.114982000000005],[-79.027412,43.115002000000004],[-79.027521,43.11542300000001],[-79.027558,43.115563999999985]]},"properties":{"name":"29th St","anchor":[-79.027525,43.115437]}},{"type":"Feature","geometry":{"type":"LineString","coordinates":[[-79.00191,43.089653999999996],[-79.001505,43.089638],[-79.001323,43.08963099999999],[-79.000292,43.089625999999996],[-78.999888,43.089625]]},"properties":{"name":"Henry Ave","anchor":[-79.001708,43.089646]}},{"type":"Feature","geometry":{"type":"LineString","coordinates":[[-79.030756,43.132139],[-79.030627,43.132192999999994],[-79.030511,43.13226900000001],[-79.030401,43.13234699999999]]},"properties":{"name":"Power Auth Svc Rd","anchor":[-79.030404,43.132345]}},{"type":"Feature","geometry":{"type":"LineString","coordinates":[[-79.031746,43.133779999999994],[-79.031452,43.133888],[-79.031276,43.13392699999999],[-79.03121200000001,43.133931],[-79.03107500000002,43.133934]]},"properties":{"name":"Eagle Cir","anchor":[-79.031075,43.133934]}},{"type":"Feature","geometry":{"type":"LineString","coordinates":[[-79.031027,43.135489],[-79.029024,43.135466000000015]]},"properties":{"name":"University Dr","anchor":[-79.03076,43.135486]}}]}