{"type":"FeatureCollection","features":[{"type":"Feature","geometry":{"type":"Polygon","coordinates":[[[-78.696855,43.16787399999999],[-78.696854,43.167654999999996],[-78.697153,43.16765499999999],[-78.696855,43.16787399999999]]]},"properties":{"name":null}},{"type":"Feature","geometry":{"type":"Polygon","coordinates":[[[-78.535379,43.209811],[-78.531188,43.2103],[-78.530147,43.210409],[-78.526765,43.21076699999999],[-78.525314,43.210971999999984],[-78.523885,43.211146],[-78.52245500000001,43.21126999999999],[-78.521472,43.211369],[-78.521019,43.211396999999984],[-78.520326,43.211415],[-78.518071,43.211411],[-78.51742500000002,43.211429],[-78.516759,43.21147499999999],[-78.516027,43.21157099999999],[-78.515613,43.211648],[-78.51534,43.21172599999999],[-78.514457,43.211933999999985],[-78.514183,43.21199899999999],[-78.51378300000002,43.212102],[-78.51218800000001,43.21248099999999],[-78.510764,43.212845999999985],[-78.509356,43.21323699999999],[-78.509103,43.213311999999995],[-78.508615,43.21348899999999],[-78.507955,43.21373],[-78.507259,43.213932],[-78.506385,43.214227],[-78.505644,43.214478999999976],[-78.505629,43.21445599999999],[-78.505585,43.21438799999999],[-78.505571,43.214366000000005],[-78.505628,43.21434899999999],[-78.506226,43.214153],[-78.50633100000002,43.214117],[-78.508606,43.21334800000001],[-78.508834,43.213271999999996],[-78.509372,43.213117],[-78.510632,43.21277999999999],[-78.513565,43.212068],[-78.514467,43.211822],[-78.515044,43.211664999999996],[-78.516452,43.211368],[-78.517088,43.211299999999994],[-78.5178,43.211271999999994],[-78.519222,43.211251],[-78.520696,43.21124700000001],[-78.52115,43.21126099999999],[-78.52166,43.211265],[-78.522166,43.211226],[-78.52356,43.211063],[-78.524969,43.210876],[-78.526334,43.21073],[-78.52912100000002,43.210408],[-78.530125,43.21028299999998],[-78.532488,43.209991],[-78.534105,43.209802999999994],[-78.535344,43.209644],[-78.535351,43.20967699999999],[-78.535372,43.209777],[-78.535379,43.209811]]]},"properties":{"name":"Johnson Crk"}},{"type":"Feature","geometry":{"type":"Polygon","coordinates":[[[-78.620992,43.194294],[-78.620975,43.194293999999985],[-78.620927,43.19429499999999],[-78.620911,43.194295999999994],[-78.620557,43.194306999999995],[-78.619498,43.194342],[-78.619197,43.194352],[-78.619145,43.194354000000004],[-78.616366,43.19446099999998],[-78.615817,43.19445799999999],[-78.615202,43.19443700000001],[-78.614814,43.194406],[-78.61188,43.194027999999996],[-78.610378,43.193866],[-78.608882,43.19382199999999],[-78.608505,43.19386299999999],[-78.608184,43.19391399999999],[-78.608069,43.193943999999995],[-78.60753,43.19408800000001],[-78.60607300000001,43.194494],[-78.605392,43.194692999999994],[-78.604582,43.194931],[-78.603489,43.19523899999999],[-78.603059,43.195361],[-78.601511,43.19581599999999],[-78.599947,43.19623099999998],[-78.599086,43.196477],[-78.598378,43.196691],[-78.597786,43.196892],[-78.597653,43.196938],[-78.59711,43.197167],[-78.596655,43.19743699999999],[-78.596357,43.19763999999999],[-78.596043,43.197814],[-78.596023,43.197821999999995],[-78.595963,43.197849],[-78.595944,43.19785900000001],[-78.595679,43.19797899999999],[-78.595362,43.19809899999999],[-78.593965,43.198570999999994],[-78.592498,43.198983999999996],[-78.592066,43.19906499999999],[-78.592032,43.199070000000006],[-78.591674,43.199124999999995],[-78.591397,43.199152999999995],[-78.590717,43.199192999999994],[-78.58985900000002,43.199163999999996],[-78.589546,43.199125],[-78.58902,43.199001999999986],[-78.588294,43.198845],[-78.58640100000001,43.19848199999999],[-78.585784,43.19837499999999],[-78.585095,43.19833000000001],[-78.584821,43.198319999999995],[-78.584449,43.19833500000001],[-78.583733,43.198379],[-78.581781,43.198696999999996],[-78.580874,43.19886399999999],[-78.579973,43.199001],[-78.579871,43.199029],[-78.579201,43.199221999999985],[-78.578559,43.199358999999994],[-78.577893,43.199480999999984],[-78.577376,43.199555],[-78.576935,43.19964799999999],[-78.575839,43.19970099999999],[-78.575837,43.19965199999999],[-78.57583100000001,43.199508],[-78.57583,43.19946000000001],[-78.575985,43.199445999999995],[-78.578964,43.19892399999999],[-78.579849,43.198755],[-78.58041,43.198649],[-78.582984,43.198197],[-78.583779,43.198081],[-78.584472,43.19803],[-78.584775,43.19802099999999],[-78.585235,43.19802099999999],[-78.585496,43.198035],[-78.586206,43.19813],[-78.587051,43.198309999999985],[-78.588635,43.198628],[-78.589798,43.19884999999999],[-78.590112,43.198899],[-78.5905,43.19892799999999],[-78.5908,43.198931],[-78.591363,43.198891999999994],[-78.591752,43.19885299999999],[-78.591944,43.198820999999995],[-78.592225,43.198776],[-78.592989,43.198557],[-78.593649,43.198314],[-78.595017,43.197778],[-78.595765,43.19747],[-78.595785,43.197464],[-78.595807,43.197452999999996],[-78.595905,43.197412],[-78.597204,43.196877],[-78.597899,43.196608999999995],[-78.598824,43.196303],[-78.599414,43.196147999999994],[-78.600298,43.19588499999998],[-78.602316,43.19528699999999],[-78.60680400000001,43.194013999999996],[-78.608271,43.193644],[-78.608492,43.193615],[-78.608852,43.193583999999994],[-78.6096,43.193562],[-78.610015,43.19357699999999],[-78.611201,43.193682],[-78.614191,43.194095],[-78.614312,43.19410799999999],[-78.615534,43.19424699999999],[-78.615977,43.194268],[-78.617748,43.19416999999999],[-78.618471,43.194134000000005],[-78.619087,43.19411199999999],[-78.619464,43.194098000000004],[-78.619682,43.194091],[-78.620598,43.194048],[-78.620976,43.194031],[-78.620976,43.194052],[-78.620978,43.19411499999999],[-78.620979,43.194137000000005],[-78.620981,43.194168],[-78.620989,43.194262],[-78.620992,43.194294]]]},"properties":{"name":null}},{"type":"Feature","geometry":{"type":"Polygon","coordinates":[[[-78.580406,43.188942],[-78.580292,43.18932],[-78.580192,43.189491],[-78.58002,43.18969399999999],[-78.579921,43.18977399999999],[-78.579841,43.189840000000004],[-78.579642,43.189969999999995],[-78.579493,43.190046999999986],[-78.579358,43.190068],[-78.579172,43.190068],[-78.578917,43.190021],[-78.578712,43.18999999999999],[-78.578146,43.190009],[-78.577766,43.19003899999999],[-78.577436,43.190130999999994],[-78.577154,43.190208999999996],[-78.576937,43.19029700000001],[-78.576828,43.190371999999996],[-78.576673,43.190512999999996],[-78.576658,43.190528],[-78.57647400000002,43.19058299999999],[-78.575869,43.19080700000001],[-78.575754,43.1908],[-78.57572,43.190759],[-78.575693,43.190637],[-78.575693,43.190481],[-78.575733,43.19037899999999],[-78.575815,43.19033099999999],[-78.576073,43.190284],[-78.57627,43.19019599999999],[-78.576473,43.190085],[-78.576923,43.189842000000006],[-78.577222,43.189761],[-78.57744,43.18972699999999],[-78.57764900000001,43.18974199999998],[-78.577945,43.189775],[-78.578203,43.18977999999999],[-78.57842,43.189775],[-78.578622,43.189754],[-78.57886500000001,43.189660999999994],[-78.579093,43.18954200000001],[-78.57946300000002,43.189260999999995],[-78.579946,43.188896],[-78.580153,43.188777999999985],[-78.580241,43.188747],[-78.580313,43.188751999999994],[-78.580365,43.188783],[-78.580391,43.18884499999999],[-78.580406,43.188942]]]},"properties":{"name":"East Branch Eighteenmile Crk"}},{"type":"Feature","geometry":{"type":"Polygon","coordinates":[[[-78.565227,43.207436],[-78.565195,43.207831999999996],[-78.565201,43.207923],[-78.565227,43.208029999999994],[-78.564997,43.20800899999999],[-78.564799,43.207961],[-78.564558,43.207816],[-78.564483,43.20768799999999],[-78.564408,43.207301999999984],[-78.564397,43.207156999999995],[-78.564418,43.20701300000001],[-78.56445,43.206938],[-78.564483,43.206906],[-78.5646,43.20689500000001],[-78.564745,43.20690599999999],[-78.564943,43.206954],[-78.565064,43.20705199999999],[-78.565179,43.207174],[-78.565217,43.20729099999999],[-78.565227,43.207436]]]},"properties":{"name":"East Branch Eighteenmile Crk"}},{"type":"Feature","geometry":{"type":"Polygon","coordinates":[[[-78.561932,43.199414],[-78.561893,43.19954099999999],[-78.561761,43.19970199999999],[-78.561621,43.19975399999999],[-78.561578,43.199771000000005],[-78.561415,43.19984299999999],[-78.56127,43.19990599999999],[-78.561128,43.19993399999999],[-78.561043,43.199976],[-78.560972,43.20009999999999],[-78.560965,43.20032700000001],[-78.560877,43.200458],[-78.560775,43.20055099999999],[-78.560522,43.200652],[-78.560237,43.20068899999999],[-78.56009400000002,43.200709],[-78.559927,43.20072],[-78.559708,43.20070599999999],[-78.559634,43.200666],[-78.559608,43.200651999999984],[-78.559552,43.200571],[-78.55958,43.200467999999994],[-78.559661,43.200354],[-78.559824,43.20016799999999],[-78.559853,43.200136],[-78.559961,43.19997299999999],[-78.559979,43.199849],[-78.560021,43.19977799999999],[-78.560148,43.199659999999994],[-78.56028,43.199573],[-78.56052800000002,43.199473999999995],[-78.560698,43.199452],[-78.560836,43.199456],[-78.561073,43.199498],[-78.561162,43.199527],[-78.56125,43.199522999999985],[-78.561331,43.199496],[-78.561378,43.19948099999998],[-78.561737,43.199279],[-78.561833,43.199279000000004],[-78.561891,43.199308],[-78.561911,43.19931799999999],[-78.561936,43.19935699999999],[-78.561932,43.199414]]]},"properties":{"name":"Mirror Lk"}},{"type":"Feature","geometry":{"type":"Polygon","coordinates":[[[-78.490975,43.12468299999998],[-78.490846,43.127523],[-78.490791,43.129486],[-78.490707,43.13043999999999],[-78.4907,43.131142000000004],[-78.490639,43.131171999999985],[-78.490593,43.131175999999996],[-78.490555,43.131161],[-78.490501,43.1311],[-78.490481,43.130663000000006],[-78.490448,43.130210999999996],[-78.490417,43.130146],[-78.490257,43.130047],[-78.489998,43.129971],[-78.489357,43.129871],[-78.48912,43.12981],[-78.488792,43.12974499999999],[-78.488205,43.12956599999998],[-78.487798,43.129517],[-78.487679,43.129536],[-78.487267,43.129127999999994],[-78.487198,43.128838],[-78.487038,43.127354],[-78.486954,43.127266],[-78.486778,43.12719],[-78.485817,43.12706399999999],[-78.485582,43.12696399999999],[-78.485352,43.12677399999999],[-78.485294,43.12664999999999],[-78.485397,43.126637],[-78.486542,43.126549000000004],[-78.486716,43.12653699999999],[-78.486885,43.12647200000001],[-78.4869,43.126335],[-78.486816,43.125778],[-78.486801,43.125705999999994],[-78.486641,43.125651999999995],[-78.486044,43.12552199999999],[-78.48596,43.12541199999999],[-78.486038,43.125350999999995],[-78.486229,43.125313],[-78.486267,43.125240000000005],[-78.486198,43.125065],[-78.48613,43.124893],[-78.486069,43.12474099999999],[-78.48566800000002,43.124447999999994],[-78.485413,43.124371000000004],[-78.485184,43.12443199999999],[-78.484539,43.124617999999984],[-78.484192,43.124679999999984],[-78.484001,43.124618999999996],[-78.483604,43.124355],[-78.483269,43.123741],[-78.482994,43.12305099999999],[-78.483017,43.12284900000001],[-78.483223,43.12271100000001],[-78.483917,43.12237199999999],[-78.48389100000001,43.12218399999999],[-78.483879,43.12198599999999],[-78.484001,43.12196],[-78.485924,43.121895],[-78.486107,43.12183399999999],[-78.486069,43.121681],[-78.485603,43.121483],[-78.485542,43.121356999999996],[-78.485565,43.121234999999984],[-78.485687,43.12108200000001],[-78.485878,43.121021],[-78.487595,43.12096],[-78.490341,43.120865],[-78.490494,43.120804],[-78.490578,43.120667],[-78.490555,43.11931200000001],[-78.490494,43.119189999999996],[-78.490303,43.119113999999996],[-78.489624,43.118991999999984],[-78.48925,43.11839299999999],[-78.489204,43.118190999999996],[-78.489227,43.11803799999999],[-78.489479,43.117915999999994],[-78.489563,43.11780899999999],[-78.489502,43.117682999999985],[-78.488174,43.117271],[-78.488003,43.117157999999996],[-78.487889,43.11686199999998],[-78.487755,43.11673],[-78.487541,43.116687999999996],[-78.48716,43.11668800000001],[-78.487061,43.11668],[-78.486984,43.116668999999995],[-78.486931,43.11661899999999],[-78.486771,43.11659999999999],[-78.486687,43.116619],[-78.486626,43.116673000000006],[-78.486557,43.11668800000001],[-78.486488,43.11668800000001],[-78.486427,43.116665],[-78.486351,43.116631],[-78.486237,43.116581],[-78.486153,43.11651599999998],[-78.486069,43.11646699999999],[-78.486053,43.11639799999999],[-78.486046,43.116336999999994],[-78.491142,43.11633699999999],[-78.490975,43.12468299999998]]]},"properties":{"name":null}},{"type":"Feature","geometry":{"type":"Polygon","coordinates":[[[-78.623329,43.25972699999999],[-78.623239,43.259976],[-78.623156,43.260372],[-78.623186,43.260556],[-78.623281,43.260800999999994],[-78.62326,43.260919],[-78.623218,43.261036999999995],[-78.623097,43.261185999999995],[-78.623027,43.261216],[-78.622785,43.261254999999984],[-78.622608,43.261255],[-78.62233,43.261171999999995],[-78.622101,43.26105399999999],[-78.622059,43.261019999999995],[-78.621897,43.260887999999994],[-78.621772,43.26068999999999],[-78.62175500000001,43.26056899999999],[-78.621758,43.260493],[-78.62180000000001,43.26041699999999],[-78.621848,43.260364999999986],[-78.621869,43.260281000000006],[-78.621852,43.26014299999999],[-78.62172,43.259844999999984],[-78.621608,43.259487],[-78.621595,43.259415],[-78.621602,43.259221],[-78.621626,43.25914499999999],[-78.621675,43.25909299999999],[-78.621737,43.259079],[-78.621928,43.259075],[-78.622229,43.25911],[-78.622601,43.25915499999999],[-78.622649,43.259186],[-78.62292,43.25947699999999],[-78.623017,43.25954699999999],[-78.623218,43.25954],[-78.623295,43.25956699999998],[-78.623329,43.25963699999999],[-78.623329,43.25972699999999]]]},"properties":{"name":null}},{"type":"Feature","geometry":{"type":"Polygon","coordinates":[[[-79.039596,43.141400999999995],[-79.039462,43.142709],[-79.039368,43.14407399999999],[-79.039317,43.144069999999985],[-79.03926600000001,43.144065],[-79.039216,43.144061],[-79.039185,43.14405899999999],[-79.039115,43.14405399999999],[-79.039089,43.14405299999999],[-79.039316,43.141398],[-79.039343,43.141398],[-79.03943,43.141400000000004],[-79.039463,43.141400000000004],[-79.039502,43.141400000000004],[-79.039556,43.141401],[-79.039596,43.141400999999995]]]},"properties":{"name":null}},{"type":"Feature","geometry":{"type":"Polygon","coordinates":[[[-78.475952,43.332958000000005],[-78.475924,43.333051999999995],[-78.47583700000001,43.33319399999999],[-78.475782,43.33326],[-78.475733,43.333291],[-78.47564,43.333311],[-78.475518,43.333321999999995],[-78.475426,43.333337],[-78.475303,43.333357],[-78.475185,43.33338800000001],[-78.474953,43.333543999999996],[-78.474776,43.33360299999999],[-78.474255,43.333619],[-78.473787,43.33363400000001],[-78.473673,43.333627],[-78.473617,43.33360199999999],[-78.473583,43.333568],[-78.473558,43.333454],[-78.473525,43.333064],[-78.473534,43.33298899999999],[-78.47362400000002,43.33280200000001],[-78.473662,43.332767000000004],[-78.473725,43.332756999999994],[-78.473801,43.33276399999999],[-78.474124,43.332756999999994],[-78.474228,43.33275999999999],[-78.474315,43.33279199999999],[-78.474498,43.33282599999999],[-78.474517,43.33282499999999],[-78.474648,43.332819],[-78.474762,43.33274999999999],[-78.474821,43.33273599999999],[-78.475574,43.332719],[-78.475862,43.33272600000001],[-78.475902,43.332739999999994],[-78.475941,43.33277399999999],[-78.475959,43.332833],[-78.475952,43.332958000000005]]]},"properties":{"name":null}},{"type":"Feature","geometry":{"type":"Polygon","coordinates":[[[-78.626036,43.261178],[-78.626001,43.26121299999999],[-78.62573700000002,43.26131699999999],[-78.625705,43.26133699999999],[-78.625688,43.26138599999999],[-78.625697,43.261455999999995],[-78.625726,43.26149899999999],[-78.625944,43.26162999999999],[-78.625965,43.261725],[-78.625965,43.261829000000006],[-78.625957,43.261897999999995],[-78.625929,43.26214599999999],[-78.625891,43.26223900000001],[-78.625808,43.26236],[-78.625763,43.26240200000001],[-78.6257,43.262439999999984],[-78.625624,43.262464],[-78.625538,43.262468],[-78.625451,43.262461],[-78.625295,43.262409],[-78.625205,43.262349999999984],[-78.625004,43.26218399999999],[-78.624893,43.262240000000006],[-78.624765,43.262267999999985],[-78.624609,43.262246999999995],[-78.624515,43.26222599999999],[-78.62447,43.262199],[-78.62443900000001,43.262154],[-78.624411,43.262032],[-78.624408,43.26187699999999],[-78.624408,43.26186599999999],[-78.62443,43.26160699999999],[-78.62448400000001,43.26114799999999],[-78.624567,43.261083],[-78.624706,43.26100299999999],[-78.624814,43.260986],[-78.625004,43.26098799999999],[-78.625601,43.26101599999999],[-78.62601,43.261101999999994],[-78.626036,43.261134000000006],[-78.626036,43.261178]]]},"properties":{"name":null}},{"type":"Feature","geometry":{"type":"Polygon","coordinates":[[[-78.624545,43.25625999999999],[-78.624456,43.25633899999999],[-78.62441,43.256392000000005],[-78.624393,43.256447],[-78.6244,43.256624],[-78.624358,43.256716999999995],[-78.624309,43.256783],[-78.624251,43.256828],[-78.624192,43.256853],[-78.624153,43.256884],[-78.623976,43.25729299999999],[-78.62391100000002,43.25738999999999],[-78.623869,43.257431000000004],[-78.623831,43.257449],[-78.623796,43.257448999999994],[-78.623755,43.257435],[-78.623692,43.257355],[-78.623623,43.257213],[-78.623619,43.25719899999999],[-78.623595,43.25709499999999],[-78.623609,43.256835],[-78.623668,43.25651599999999],[-78.623671,43.25641399999999],[-78.623678,43.256208],[-78.62369,43.256190999999994],[-78.62374700000001,43.25619400000001],[-78.623841,43.256288],[-78.623924,43.256312],[-78.624074,43.256311999999994],[-78.624167,43.25625599999999],[-78.624185,43.256229000000005],[-78.624209,43.256197],[-78.624233,43.25610699999999],[-78.624299,43.25606599999999],[-78.62435500000001,43.25606899999999],[-78.624466,43.256099999999996],[-78.624538,43.256181999999995],[-78.624552,43.256211],[-78.624545,43.25625999999999]]]},"properties":{"name":null}},{"type":"Feature","geometry":{"type":"Polygon","coordinates":[[[-78.921144,43.18119099999999],[-78.921063,43.181257999999985],[-78.92086,43.181312],[-78.920765,43.181353],[-78.920659,43.181425],[-78.920496,43.18147900000001],[-78.918965,43.18156],[-78.918749,43.181587],[-78.918681,43.181668999999985],[-78.918667,43.181844000000005],[-78.918705,43.18194199999999],[-78.918857,43.182331999999995],[-78.918911,43.18254799999999],[-78.918911,43.182669999999995],[-78.918708,43.18289999999998],[-78.918502,43.182939],[-78.918302,43.182914000000004],[-78.918112,43.182751],[-78.917882,43.18264299999999],[-78.917719,43.182657],[-78.917557,43.18273799999999],[-78.917367,43.182981999999996],[-78.917079,43.18340799999999],[-78.916998,43.18345499999999],[-78.916862,43.183502999999995],[-78.916632,43.18347599999999],[-78.916483,43.183408],[-78.916395,43.18333299999998],[-78.916321,43.18322500000001],[-78.916233,43.183232],[-78.916117,43.183286],[-78.916023,43.183407999999986],[-78.915948,43.183421],[-78.915853,43.18341499999999],[-78.915566,43.183332],[-78.915413,43.183317],[-78.915234,43.183279],[-78.913581,43.182520999999994],[-78.913418,43.18242699999999],[-78.91331,43.18220999999999],[-78.91331,43.181973],[-78.913325,43.181866],[-78.913341,43.181759],[-78.913404,43.181577],[-78.913473,43.181479],[-78.914163,43.181031999999995],[-78.914651,43.18073499999999],[-78.915328,43.18038299999999],[-78.915545,43.18030099999999],[-78.916128,43.18030099999999],[-78.916426,43.180288],[-78.91700800000001,43.180057999999995],[-78.917293,43.179962999999994],[-78.917455,43.179949],[-78.917496,43.179936],[-78.917672,43.179949],[-78.918024,43.18012499999999],[-78.918965,43.18042299999999],[-78.919751,43.18073499999999],[-78.919954,43.18085599999999],[-78.920076,43.180883],[-78.920252,43.180883],[-78.920753,43.180815999999986],[-78.920914,43.180879],[-78.921036,43.18097399999999],[-78.921117,43.18105500000001],[-78.921144,43.18119099999999]]]},"properties":{"name":"Bond Lk"}},{"type":"Feature","geometry":{"type":"Polygon","coordinates":[[[-78.9932,43.21184499999998],[-78.993181,43.211956],[-78.992609,43.21229399999999],[-78.990794,43.21323499999999],[-78.990471,43.213421000000004],[-78.99035,43.213491999999995],[-78.990045,43.21357999999999],[-78.988528,43.21357399999999],[-78.988374,43.21356200000001],[-78.988345,43.21355299999999],[-78.988318,43.21348600000001],[-78.988317,43.213351],[-78.988317,43.213087],[-78.988315,43.21268],[-78.988326,43.21264000000001],[-78.988362,43.212525],[-78.988417,43.212437],[-78.988427,43.21242899999999],[-78.988538,43.21234199999999],[-78.988755,43.21221999999999],[-78.98978800000002,43.211679],[-78.990282,43.211386999999995],[-78.990499,43.211259000000005],[-78.990872,43.21104899999999],[-78.991021,43.211029],[-78.99117,43.211056],[-78.991346,43.211137],[-78.99165100000002,43.211306],[-78.992023,43.211462],[-78.992436,43.21157699999999],[-78.992829,43.211657999999986],[-78.993147,43.21176],[-78.993181,43.211786999999994],[-78.9932,43.21184499999998]]]},"properties":{"name":null}},{"type":"Feature","geometry":{"type":"Polygon","coordinates":[[[-78.740657,43.10765899999999],[-78.740554,43.108438],[-78.740245,43.109677],[-78.740041,43.11040599999999],[-78.739826,43.111074],[-78.739681,43.111428],[-78.739665,43.11146800000001],[-78.739292,43.112282],[-78.738949,43.112773000000004],[-78.73886,43.112913999999996],[-78.738852,43.112928],[-78.738841,43.112943],[-78.738592,43.113337],[-78.738513,43.113469],[-78.738156,43.114073],[-78.737635,43.11514899999999],[-78.737628,43.11516499999999],[-78.737529,43.11543199999998],[-78.737402,43.115567000000006],[-78.737265,43.115664],[-78.737253,43.115677],[-78.737156,43.115773999999995],[-78.73709,43.11584299999999],[-78.736948,43.116012999999995],[-78.73683,43.11610299999999],[-78.736708,43.116198999999995],[-78.736547,43.116322999999994],[-78.73646,43.116413],[-78.736013,43.11710300000001],[-78.735972,43.117171],[-78.734893,43.11900599999999],[-78.734078,43.12033799999999],[-78.73374600000001,43.12088399999999],[-78.73343,43.12138399999999],[-78.733402,43.121427000000004],[-78.733286,43.121604000000005],[-78.732431,43.122912],[-78.731929,43.12370899999999],[-78.731579,43.12426599999999],[-78.731315,43.12468499999999],[-78.731032,43.125108999999995],[-78.730071,43.126729999999995],[-78.72875,43.128634999999996],[-78.727478,43.130545999999995],[-78.727401,43.130667],[-78.725916,43.133003],[-78.72503700000001,43.134371],[-78.722596,43.138171],[-78.722402,43.13847700000001],[-78.721535,43.139852999999995],[-78.721,43.140698999999984],[-78.720202,43.141966],[-78.719367,43.14322],[-78.718868,43.14397099999999],[-78.718812,43.144054],[-78.717945,43.145337],[-78.717802,43.14553099999999],[-78.717552,43.145894999999996],[-78.717397,43.146133],[-78.7151,43.14968999999999],[-78.713644,43.151515999999994],[-78.713002,43.15225],[-78.711363,43.15413],[-78.71135,43.154146000000004],[-78.711337,43.15415899999999],[-78.711205,43.154309999999995],[-78.710784,43.15479299999999],[-78.710772,43.154804999999996],[-78.71063,43.154972],[-78.708922,43.156954000000006],[-78.708808,43.157088],[-78.70714,43.159000000000006],[-78.706388,43.15979599999999],[-78.705847,43.160367999999984],[-78.705315,43.160931999999995],[-78.703491,43.162611],[-78.703293,43.162793999999984],[-78.70152,43.164332],[-78.701217,43.164588],[-78.70099,43.16477999999999],[-78.700708,43.16501900000001],[-78.70066,43.16505999999999],[-78.698623,43.16661400000001],[-78.698185,43.166972],[-78.697474,43.16755499999999],[-78.697369,43.16765399999998],[-78.696854,43.167978999999995],[-78.696443,43.168277999999994],[-78.695585,43.168864],[-78.695528,43.168912],[-78.695513,43.168924],[-78.695032,43.169288999999985],[-78.695001,43.169309999999996],[-78.694639,43.169578],[-78.694299,43.169832],[-78.692931,43.17090999999999],[-78.692415,43.17132599999999],[-78.692345,43.17137600000001],[-78.69219500000001,43.171485999999994],[-78.69193300000002,43.17180799999999],[-78.691801,43.171931999999984],[-78.691432,43.17219399999999],[-78.691326,43.17229399999999],[-78.691007,43.172683],[-78.690758,43.172947],[-78.69024600000002,43.17349399999999],[-78.689764,43.174049],[-78.689356,43.17441399999999],[-78.68864300000001,43.174907],[-78.688032,43.17533099999999],[-78.687657,43.175555],[-78.687501,43.17565],[-78.686476,43.176346],[-78.686064,43.17662700000001],[-78.685765,43.176841],[-78.685159,43.177181999999995],[-78.685097,43.177218],[-78.683687,43.178135],[-78.683412,43.178322],[-78.68283900000002,43.178715],[-78.682302,43.17908299999999],[-78.682141,43.179187000000006],[-78.680026,43.18057199999999],[-78.679322,43.18103399999999],[-78.679291,43.18105400000001],[-78.678805,43.18137499999999],[-78.677258,43.1824],[-78.67694900000001,43.182604999999995],[-78.676747,43.182749],[-78.676516,43.182913],[-78.676121,43.18316199999999],[-78.675422,43.18351499999999],[-78.67533,43.183555999999996],[-78.674646,43.18386499999999],[-78.67399500000002,43.184114],[-78.673278,43.184355999999994],[-78.671152,43.184923999999995],[-78.67067,43.18503499999999],[-78.669604,43.185283999999996],[-78.669084,43.18542099999999],[-78.668569,43.185554999999994],[-78.667893,43.185733],[-78.667035,43.18599499999999],[-78.66667,43.18610699999999],[-78.666532,43.18616399999999],[-78.666033,43.18636999999999],[-78.665209,43.18691],[-78.66444,43.187505],[-78.663898,43.187808999999994],[-78.663828,43.18783500000001],[-78.663562,43.187937999999995],[-78.663044,43.188137999999995],[-78.6627,43.188231],[-78.661287,43.18854199999999],[-78.658385,43.18915799999999],[-78.656904,43.18948399999999],[-78.655412,43.189826999999994],[-78.653949,43.19022],[-78.653415,43.190346999999996],[-78.65245,43.19057800000001],[-78.650927,43.19100300000001],[-78.650051,43.191231],[-78.649421,43.19139499999999],[-78.64917600000001,43.191455],[-78.647898,43.191771],[-78.646555,43.192137],[-78.646382,43.192184999999995],[-78.646098,43.192224],[-78.64567,43.19230799999999],[-78.645369,43.192340999999985],[-78.644858,43.19237599999999],[-78.643166,43.19252299999999],[-78.637553,43.193013],[-78.636292,43.193197],[-78.636001,43.19325],[-78.635672,43.19329899999999],[-78.63553300000001,43.19332099999999],[-78.634772,43.19343499999999],[-78.634456,43.193474],[-78.633187,43.19366699999999],[-78.632848,43.193692999999996],[-78.631491,43.19385199999999],[-78.630755,43.193898],[-78.629922,43.193951],[-78.62842,43.193994],[-78.626896,43.19406500000001],[-78.625383,43.19412499999999],[-78.62500000000001,43.194131000000006],[-78.623832,43.194194],[-78.623433,43.19421],[-78.622864,43.194233],[-78.620992,43.194294],[-78.620989,43.194262],[-78.620981,43.194168],[-78.620979,43.194137000000005],[-78.620978,43.19411499999999],[-78.620976,43.194052],[-78.620976,43.194031],[-78.621263,43.194017999999986],[-78.623411,43.193932],[-78.625057,43.193867000000004],[-78.62786000000001,43.19386299999999],[-78.629295,43.19381699999999],[-78.630694,43.193742999999984],[-78.63071800000002,43.193739999999984],[-78.632072,43.19361899999999],[-78.63314400000002,43.193504999999995],[-78.633589,43.193446],[-78.633621,43.193442000000005],[-78.634921,43.193231999999995],[-78.635274,43.193175999999994],[-78.635365,43.19315999999999],[-78.636622,43.192936],[-78.638212,43.192772999999995],[-78.63829,43.192766999999996],[-78.639612,43.19267],[-78.641043,43.192539],[-78.642464,43.192429],[-78.64388800000002,43.192305],[-78.645323,43.19216399999999],[-78.645907,43.19201199999999],[-78.646811,43.191824],[-78.647077,43.191748],[-78.648238,43.191419999999994],[-78.649927,43.190972],[-78.651105,43.190670000000004],[-78.652561,43.19028],[-78.653256,43.190101999999996],[-78.655466,43.18953700000001],[-78.656904,43.18918599999999],[-78.658574,43.188819],[-78.659735,43.18857800000001],[-78.662569,43.187964999999984],[-78.663307,43.187758],[-78.663692,43.187650999999995],[-78.663947,43.187561999999986],[-78.664116,43.18750500000001],[-78.665428,43.186536],[-78.665934,43.186249],[-78.666226,43.186111000000004],[-78.666279,43.186089],[-78.66633000000002,43.18606299999999],[-78.666427,43.18601699999999],[-78.666487,43.18596699999999],[-78.666603,43.185796],[-78.666622,43.18576199999998],[-78.666714,43.185606],[-78.666769,43.185573999999995],[-78.666862,43.18558799999999],[-78.66701,43.18573999999999],[-78.667088,43.185776999999995],[-78.667199,43.185776999999995],[-78.667894,43.185598999999996],[-78.668368,43.185478999999994],[-78.668721,43.185389],[-78.669425,43.185191],[-78.669618,43.185121],[-78.67006,43.185010000000005],[-78.671987,43.184526999999996],[-78.672461,43.184405],[-78.673424,43.184128],[-78.674379,43.18376799999999],[-78.675077,43.183440999999995],[-78.675616,43.183189999999996],[-78.676371,43.18278200000001],[-78.676581,43.182645],[-78.676625,43.18261400000001],[-78.676673,43.18258500000001],[-78.67715800000002,43.182268],[-78.678756,43.18122699999999],[-78.67928900000001,43.18088],[-78.679795,43.18054999999999],[-78.679975,43.180428],[-78.682019,43.179055000000005],[-78.682458,43.178760999999994],[-78.682713,43.178617],[-78.683315,43.17827599999998],[-78.683383,43.178239],[-78.685031,43.177107],[-78.685329,43.17690299999999],[-78.685598,43.176708999999995],[-78.686476,43.176095999999994],[-78.687392,43.175459],[-78.687853,43.175157],[-78.68803,43.175042999999995],[-78.688841,43.17445999999999],[-78.689105,43.17425],[-78.689394,43.17402299999999],[-78.689854,43.173489999999994],[-78.690497,43.172704],[-78.69058800000002,43.172592999999985],[-78.690794,43.172309999999996],[-78.69112,43.17169400000001],[-78.691268,43.17143899999999],[-78.691311,43.171403999999995],[-78.691346,43.17141099999999],[-78.69136,43.17146],[-78.691353,43.171516999999994],[-78.691294,43.171607],[-78.691276,43.17169299999999],[-78.691285,43.171886999999984],[-78.69132700000002,43.17193399999999],[-78.691382,43.171935000000005],[-78.69206400000002,43.171421],[-78.692239,43.17128999999999],[-78.692858,43.170788],[-78.693181,43.170528],[-78.694152,43.169748000000006],[-78.694475,43.169487999999994],[-78.694618,43.169378],[-78.69477,43.169261],[-78.69522700000002,43.16891299999999],[-78.695379,43.16879699999999],[-78.695687,43.168525],[-78.696704,43.16777799999999],[-78.696854,43.167654999999996],[-78.697143,43.16748599999999],[-78.698064,43.16686599999999],[-78.698796,43.166321],[-78.69973900000001,43.16555299999999],[-78.700353,43.164996999999985],[-78.70053,43.164854999999996],[-78.700649,43.16475700000001],[-78.700783,43.16464499999999],[-78.701185,43.164311999999995],[-78.701216,43.164286],[-78.70132,43.164201000000006],[-78.701853,43.163723],[-78.702537,43.163113],[-78.702969,43.162788000000006],[-78.703475,43.16231799999999],[-78.704,43.161832],[-78.70467300000001,43.161209],[-78.705014,43.16091899999999],[-78.705355,43.160554],[-78.705484,43.16041499999999],[-78.706388,43.159451999999995],[-78.706537,43.15928799999999],[-78.708159,43.1574],[-78.70906,43.15636299999999],[-78.710285,43.154956999999996],[-78.710414,43.15480899999999],[-78.710466,43.15474900000001],[-78.711012,43.154127],[-78.711194,43.15391999999999],[-78.71143300000001,43.153648],[-78.711687,43.153373],[-78.713158,43.151793],[-78.713187,43.151751999999995],[-78.713624,43.151159],[-78.713866,43.15083],[-78.714685,43.149882000000005],[-78.71551,43.14863099999999],[-78.715928,43.147998],[-78.71849800000001,43.144163999999996],[-78.71970800000001,43.142313],[-78.720704,43.140704],[-78.720909,43.140373999999994],[-78.722386,43.13803],[-78.722466,43.137904],[-78.72265800000001,43.137604],[-78.723477,43.13633],[-78.723701,43.135984],[-78.723751,43.135906000000006],[-78.724128,43.13532399999999],[-78.72526,43.133578],[-78.725638,43.13299699999999],[-78.726766,43.13121799999998],[-78.727126,43.13065300000001],[-78.729549,43.126887],[-78.730193,43.125907999999995],[-78.730842,43.12492499999999],[-78.731339,43.12414099999998],[-78.73171,43.123566999999994],[-78.732627,43.12215],[-78.73282,43.121844],[-78.733105,43.121394],[-78.733186,43.121266999999996],[-78.733719,43.120424],[-78.733817,43.12026099999999],[-78.735669,43.11721500000001],[-78.736214,43.116319],[-78.736276,43.116195000000005],[-78.736328,43.116089999999986],[-78.736486,43.11577799999999],[-78.736539,43.115674000000006],[-78.736585,43.115581999999996],[-78.736845,43.115120000000005],[-78.73712000000002,43.114633],[-78.737811,43.11348699999999],[-78.738139,43.112945999999994],[-78.73848,43.112382000000004],[-78.739036,43.111515],[-78.739109,43.11140299999999],[-78.739185,43.111261],[-78.739369,43.11086],[-78.739805,43.109493],[-78.74009,43.10790999999999],[-78.740073,43.107248],[-78.739921,43.106641],[-78.739885,43.106495],[-78.739757,43.106200999999984],[-78.739458,43.10565599999999],[-78.739237,43.105194999999995],[-78.739189,43.10512599999999],[-78.738749,43.104495],[-78.738305,43.10394399999999],[-78.73759900000002,43.10333000000001],[-78.737394,43.10315200000001],[-78.735639,43.101747999999986],[-78.734431,43.100736000000005],[-78.733945,43.100252999999995],[-78.733748,43.10003100000001],[-78.733308,43.099426],[-78.732869,43.09853400000001],[-78.732703,43.098154],[-78.73174,43.095943999999996],[-78.731374,43.095150000000004],[-78.731204,43.09452700000001],[-78.731165,43.09395299999999],[-78.731161,43.093889999999995],[-78.73118900000001,43.093281],[-78.731255,43.092785000000006],[-78.73147,43.09180299999999],[-78.732004,43.090094999999984],[-78.732507,43.08828799999999],[-78.732628,43.087949],[-78.732647,43.08786899999999],[-78.73289,43.08690199999999],[-78.733191,43.085939],[-78.733231,43.085858999999985],[-78.733361,43.085879],[-78.733529,43.08590499999999],[-78.733754,43.085939],[-78.733885,43.08595999999999],[-78.733639,43.086505],[-78.73354,43.087057],[-78.733282,43.08804799999999],[-78.732793,43.089697999999984],[-78.732647,43.09021400000001],[-78.732265,43.09157400000001],[-78.73183600000002,43.093429],[-78.73179,43.093712],[-78.73184,43.093988],[-78.731967,43.094525999999995],[-78.732007,43.094868999999996],[-78.732091,43.09527699999999],[-78.732254,43.095581],[-78.732736,43.096713999999984],[-78.733335,43.09817199999999],[-78.733461,43.098504],[-78.733653,43.09871],[-78.733877,43.098908],[-78.734118,43.099219999999995],[-78.734302,43.099574],[-78.735003,43.10045900000001],[-78.735223,43.10064299999999],[-78.736072,43.10130399999999],[-78.736652,43.10177899999999],[-78.736821,43.10191799999999],[-78.737587,43.10245799999999],[-78.738364,43.10306500000001],[-78.739137,43.10380000000001],[-78.739258,43.10396999999999],[-78.73959,43.1045],[-78.73959,43.104718],[-78.73963800000001,43.104892],[-78.739649,43.104932000000005],[-78.739746,43.105157],[-78.739945,43.105506999999996],[-78.740364,43.106448],[-78.740494,43.10673899999999],[-78.740622,43.10719199999999],[-78.740657,43.10765899999999]],[[-78.696854,43.167654999999996],[-78.696855,43.16787399999999],[-78.697153,43.16765499999999],[-78.696854,43.167654999999996]]]},"properties":{"name":"Erie Barge Cnl"}},{"type":"Feature","geometry":{"type":"Polygon","coordinates":[[[-79.02522600000002,43.098767],[-79.025176,43.098921000000004],[-79.025165,43.098941],[-79.02505200000002,43.09915499999999],[-79.024813,43.09943599999999],[-79.024764,43.09954699999999],[-79.024677,43.099650999999994],[-79.024612,43.09970700000001],[-79.024456,43.09976499999999],[-79.024264,43.099819],[-79.024064,43.09985900000001],[-79.02381,43.09989699999999],[-79.023568,43.09998699999999],[-79.02310300000002,43.10018299999999],[-79.023087,43.100191],[-79.023067,43.10019799999999],[-79.022999,43.10022699999999],[-79.022907,43.10035599999999],[-79.022791,43.100652999999994],[-79.022749,43.100853999999984],[-79.022739,43.100993],[-79.022766,43.101113999999995],[-79.022808,43.10120400000001],[-79.022863,43.10128],[-79.022909,43.101377],[-79.02292900000002,43.10150600000001],[-79.022919,43.10159899999999],[-79.022891,43.101686],[-79.022822,43.10178299999999],[-79.022648,43.101897],[-79.02254400000001,43.101939],[-79.02243,43.10196299999999],[-79.022364,43.101967],[-79.022291,43.102001],[-79.02223900000001,43.10205299999999],[-79.022201,43.10212899999999],[-79.022201,43.102163999999995],[-79.022236,43.102216],[-79.022395,43.102319999999985],[-79.022624,43.10251099999999],[-79.02271800000001,43.102638999999996],[-79.022749,43.10275299999999],[-79.022759,43.102896],[-79.022752,43.10300999999999],[-79.022711,43.103114],[-79.022617,43.103225],[-79.02251,43.10331099999999],[-79.022392,43.10337400000001],[-79.022281,43.10340200000001],[-79.022191,43.103398],[-79.022066,43.10336699999999],[-79.021937,43.103315],[-79.021698,43.103131],[-79.021604,43.10308999999998],[-79.021407,43.103030999999994],[-79.02097,43.10304500000001],[-79.020942,43.10305300000001],[-79.020931,43.103105],[-79.020956,43.103135],[-79.021336,43.103341],[-79.021405,43.103357999999986],[-79.021466,43.103358],[-79.021563,43.10334099999999],[-79.021655,43.10334299999999],[-79.021705,43.10335299999999],[-79.02176,43.103376],[-79.021812,43.10341199999999],[-79.021943,43.103564],[-79.022179,43.103836999999984],[-79.022243,43.103911],[-79.022711,43.104279000000005],[-79.022752,43.104333999999994],[-79.022766,43.10444800000001],[-79.022816,43.104651999999994],[-79.022853,43.104802],[-79.022947,43.10492300000001],[-79.022973,43.10497099999999],[-79.022995,43.10501],[-79.023017,43.10507299999999],[-79.02303,43.105197],[-79.023013,43.105266],[-79.022863,43.105439999999994],[-79.022766,43.105518999999994],[-79.022683,43.10555399999999],[-79.022288,43.10561],[-79.021903,43.10571699999999],[-79.021608,43.105851999999985],[-79.021542,43.10589399999999],[-79.021525,43.105935],[-79.021518,43.10603199999999],[-79.021532,43.106091000000006],[-79.021649,43.106265],[-79.021684,43.106334],[-79.021691,43.10646599999999],[-79.021672,43.106517],[-79.021663,43.10654199999999],[-79.021514,43.106811999999984],[-79.02135,43.106964],[-79.02128,43.106988],[-79.021255,43.106989],[-79.021228,43.106975999999996],[-79.021237,43.10694199999999],[-79.021362,43.106739],[-79.021396,43.106651],[-79.021528,43.106565],[-79.021544,43.106505999999996],[-79.021544,43.10645399999999],[-79.02153,43.106404000000005],[-79.021471,43.106296],[-79.021381,43.106200999999984],[-79.021342,43.10618000000001],[-79.021249,43.10618],[-79.021015,43.10622],[-79.02089200000002,43.10621799999999],[-79.02069,43.106171999999994],[-79.02054800000002,43.106106],[-79.020534,43.106071],[-79.020538,43.106052],[-79.020572,43.106031],[-79.02059700000001,43.10602999999999],[-79.020727,43.106100999999995],[-79.020827,43.106134999999995],[-79.020926,43.106151000000004],[-79.020964,43.106158],[-79.021058,43.10615399999999],[-79.021216,43.10612799999999],[-79.021325,43.106073],[-79.021342,43.10603999999999],[-79.021351,43.105986],[-79.021384,43.105903999999995],[-79.021436,43.105856],[-79.021731,43.10563599999999],[-79.022048,43.105488],[-79.022223,43.10537199999999],[-79.022269,43.105313],[-79.022383,43.105008],[-79.022387,43.104935000000005],[-79.022369,43.104851999999994],[-79.022269,43.10470699999999],[-79.02223700000002,43.104640999999994],[-79.022217,43.104309999999984],[-79.022171,43.104234],[-79.022095,43.104172],[-79.021995,43.10412999999999],[-79.02188700000002,43.104060999999994],[-79.021585,43.10377],[-79.021408,43.10367300000001],[-79.021301,43.103599999999986],[-79.021159,43.103558],[-79.020989,43.103474999999996],[-79.020801,43.103419],[-79.020683,43.103416],[-79.020496,43.103460999999996],[-79.020416,43.10349599999999],[-79.020392,43.10353],[-79.020389,43.103575000000006],[-79.020406,43.103634],[-79.020611,43.10383199999999],[-79.020631,43.10387699999999],[-79.020635,43.10392599999998],[-79.02059,43.10405],[-79.020375,43.104248000000005],[-79.020346,43.104302],[-79.020331,43.104383000000006],[-79.020335,43.10464099999999],[-79.020302,43.104710999999995],[-79.020222,43.10479499999999],[-79.020167,43.104820000000004],[-79.020138,43.10482400000001],[-79.020083,43.104786999999995],[-79.020029,43.10476499999999],[-79.019959,43.104776],[-79.019882,43.104864],[-79.019815,43.10499500000001],[-79.01981,43.105005999999996],[-79.019795,43.10508999999999],[-79.019817,43.10517899999999],[-79.019828,43.105346999999995],[-79.019772,43.10550999999999],[-79.019782,43.105562],[-79.01977600000001,43.105636],[-79.01973100000001,43.10573000000001],[-79.019664,43.105808999999994],[-79.019577,43.10587699999999],[-79.019504,43.105906],[-79.01944,43.10591999999999],[-79.019391,43.105920000000005],[-79.019308,43.10590499999999],[-79.019246,43.105884],[-79.019135,43.105874],[-79.019027,43.105904999999986],[-79.018968,43.10593399999999],[-79.018839,43.10594499999999],[-79.018748,43.10597599999999],[-79.018565,43.106089999999995],[-79.018436,43.106142000000006],[-79.018388,43.106147],[-79.018319,43.106113999999984],[-79.018265,43.10605600000002],[-79.01825100000002,43.106004],[-79.018256,43.105986],[-79.018508,43.10591699999999],[-79.018749,43.105900000000005],[-79.01885,43.10585999999999],[-79.018867,43.105839],[-79.018876,43.105772999999985],[-79.018923,43.10573999999999],[-79.018948,43.105737999999995],[-79.018987,43.105757],[-79.019006,43.10578199999999],[-79.019066,43.105802],[-79.019376,43.105678],[-79.01941,43.105644999999996],[-79.019442,43.105549],[-79.019423,43.105501999999994],[-79.01939,43.105461999999996],[-79.019368,43.1054],[-79.019319,43.105342],[-79.019258,43.105242999999994],[-79.019256,43.10519899999999],[-79.019284,43.105151],[-79.019338,43.10510599999999],[-79.019402,43.10503099999999],[-79.019665,43.10451],[-79.019667,43.104456],[-79.019599,43.104334],[-79.019586,43.10421999999999],[-79.019596,43.104181],[-79.019669,43.104088999999995],[-79.019887,43.103939999999994],[-79.020106,43.103852999999994],[-79.02013,43.103818999999994],[-79.020134,43.10377699999999],[-79.020089,43.103593],[-79.020023,43.103433],[-79.019974,43.10334300000001],[-79.019953,43.103263],[-79.019957,43.103214],[-79.020019,43.103155],[-79.02022,43.103017],[-79.020411,43.102923000000004],[-79.020512,43.102854],[-79.020644,43.10272899999999],[-79.020772,43.102677],[-79.021022,43.10269799999998],[-79.021171,43.102649],[-79.021254,43.10263200000001],[-79.021313,43.10260399999999],[-79.021341,43.102558999999985],[-79.02133400000001,43.10217],[-79.021358,43.102031],[-79.021434,43.10190999999999],[-79.021701,43.10166],[-79.021889,43.101508],[-79.02197900000002,43.101386999999995],[-79.022021,43.10124099999999],[-79.022017,43.101167999999994],[-79.021993,43.101064],[-79.021822,43.100695999999985],[-79.021834,43.100508],[-79.021885,43.100413],[-79.022076,43.10023900000001],[-79.022503,43.099917],[-79.022815,43.09978199999999],[-79.022832,43.099773],[-79.02285,43.099767],[-79.023006,43.09969900000001],[-79.023575,43.099342],[-79.02363,43.099296],[-79.023654,43.09924099999999],[-79.023686,43.099106000000006],[-79.023689,43.09844600000001],[-79.023661,43.09831399999999],[-79.023547,43.098150999999994],[-79.023269,43.097826000000005],[-79.023099,43.09768699999999],[-79.02295,43.097541],[-79.022825,43.097398999999996],[-79.022759,43.097264],[-79.02271800000001,43.09715],[-79.022662,43.09692999999999],[-79.022662,43.09681899999999],[-79.0227,43.096688],[-79.022805,43.09654200000001],[-79.023157,43.095923000000006],[-79.02323,43.09582999999999],[-79.02337,43.095727],[-79.023501,43.09568999999999],[-79.023569,43.09568],[-79.023669,43.095698000000006],[-79.023748,43.09573799999999],[-79.023821,43.095837999999986],[-79.023897,43.09599099999999],[-79.023932,43.096171000000005],[-79.02396,43.09649199999999],[-79.023931,43.096946],[-79.023935,43.09708499999999],[-79.02396,43.097176],[-79.024084,43.097428999999984],[-79.024393,43.09771400000001],[-79.024938,43.09805699999998],[-79.025017,43.098122999999994],[-79.025056,43.098184999999994],[-79.025115,43.098431000000005],[-79.025198,43.098608],[-79.025222,43.098698],[-79.02522600000002,43.098767]],[[-79.022491,43.102836999999994],[-79.022461,43.102783],[-79.0224,43.102749],[-79.022324,43.10272199999999],[-79.022274,43.10256300000001],[-79.022247,43.10253899999999],[-79.022179,43.10254299999999],[-79.021845,43.102653999999994],[-79.021706,43.102653999999994],[-79.021667,43.102673],[-79.02162900000002,43.102748999999996],[-79.021571,43.102813999999995],[-79.021461,43.102898],[-79.021461,43.102920999999995],[-79.021484,43.10293600000001],[-79.021523,43.102936],[-79.021606,43.102959],[-79.021843,43.103072999999995],[-79.022023,43.10317899999999],[-79.022118,43.10319500000001],[-79.022247,43.10317599999999],[-79.022308,43.103145999999995],[-79.022328,43.10309399999999],[-79.02232900000001,43.103009],[-79.02233100000001,43.102985],[-79.022392,43.10297],[-79.022453,43.102946999999986],[-79.022484,43.102894000000006],[-79.022491,43.102836999999994]]]},"properties":{"name":"Gill Crk"}},{"type":"Feature","geometry":{"type":"Polygon","coordinates":[[[-78.758177,43.11993899999999],[-78.758163,43.11997],[-78.757955,43.12015699999999],[-78.757572,43.120439],[-78.756526,43.121211],[-78.755975,43.121570999999996],[-78.755656,43.121809999999996],[-78.755364,43.12197],[-78.755229,43.122063000000004],[-78.755163,43.122094999999995],[-78.755073,43.12210799999998],[-78.755042,43.122091],[-78.755017,43.12202899999999],[-78.754993,43.121672000000004],[-78.755004,43.121557],[-78.755024,43.121488],[-78.755059,43.121421999999995],[-78.755361,43.12114799999999],[-78.75602,43.12067499999999],[-78.756391,43.12040999999999],[-78.756859,43.120036],[-78.757217,43.119820999999995],[-78.7573,43.119797],[-78.757393,43.11978299999999],[-78.757487,43.11978299999999],[-78.758118,43.11983099999999],[-78.758154,43.119853000000006],[-78.758177,43.11988],[-78.758177,43.11993899999999]]]},"properties":{"name":null}},{"type":"Feature","geometry":{"type":"Polygon","coordinates":[[[-78.569289,43.209908],[-78.569251,43.20995299999999],[-78.569215,43.209996],[-78.569127,43.210027999999994],[-78.56889,43.210018],[-78.568765,43.20997899999998],[-78.568604,43.20992900000001],[-78.56851,43.209889999999994],[-78.56829,43.20979700000001],[-78.567979,43.20964200000001],[-78.567698,43.209481999999994],[-78.567586,43.20937899999999],[-78.567547,43.209287],[-78.567487,43.209216999999995],[-78.567463,43.209203999999986],[-78.567392,43.209168000000005],[-78.567226,43.209125],[-78.567123,43.209041],[-78.567081,43.20894500000001],[-78.567082,43.20891699999999],[-78.567083,43.20888099999999],[-78.567109,43.20886099999999],[-78.567252,43.208864000000005],[-78.567568,43.208895],[-78.567641,43.208903],[-78.567789,43.208938],[-78.568308,43.209178],[-78.568968,43.209531],[-78.569004,43.209559],[-78.569128,43.20965400000001],[-78.569264,43.209799],[-78.569293,43.209848],[-78.569289,43.209908]]]},"properties":{"name":"East Branch Eighteenmile Crk"}},{"type":"Feature","geometry":{"type":"Polygon","coordinates":[[[-78.827666,43.063182999999995],[-78.827681,43.063357],[-78.827511,43.06363],[-78.827411,43.063888999999996],[-78.827396,43.064089],[-78.827419,43.064267],[-78.82737300000001,43.064479],[-78.827087,43.06455599999999],[-78.82682,43.06454899999999],[-78.826678,43.064445000000006],[-78.82669,43.06434399999999],[-78.826841,43.06436299999999],[-78.826987,43.06443600000001],[-78.827083,43.06441300000001],[-78.82711,43.06428199999999],[-78.82696,43.06418599999999],[-78.826752,43.06415499999999],[-78.826547,43.064251],[-78.82641300000002,43.064382],[-78.826474,43.064513],[-78.82659,43.064633],[-78.82650500000001,43.06466],[-78.826324,43.064655999999985],[-78.826185,43.06448299999999],[-78.82627,43.06426999999999],[-78.826297,43.064078],[-78.82627,43.063916],[-78.826197,43.063649999999996],[-78.826173,43.06349499999999],[-78.826293,43.063224999999996],[-78.826582,43.06309799999998],[-78.82692900000002,43.06297099999999],[-78.827245,43.062917000000006],[-78.827423,43.06283999999999],[-78.827562,43.06279],[-78.827658,43.062786],[-78.827731,43.06288599999999],[-78.827666,43.063182999999995]]]},"properties":{"name":null}},{"type":"Feature","geometry":{"type":"Polygon","coordinates":[[[-79.173811,43.460402],[-79.172346,43.460929],[-79.157905,43.46625099999999],[-79.12477,43.478464],[-79.063719,43.50001999999999],[-78.998166,43.522499999999994],[-78.87424700000001,43.565946],[-78.775043,43.60045699999999],[-78.754516,43.60759699999999],[-78.749761,43.60925799999998],[-78.711567,43.625413],[-78.70643,43.627527],[-78.704909,43.628157],[-78.70173100000001,43.629440999999986],[-78.69929,43.630403999999984],[-78.695928,43.63172399999999],[-78.694544,43.63226499999998],[-78.694213,43.63240100000001],[-78.69365,43.632632],[-78.688295,43.634742],[-78.685264,43.63473799999999],[-78.685215,43.634738],[-78.648357,43.634775000000005],[-78.624745,43.63479900000001],[-78.508467,43.633604],[-78.499752,43.63351899999998],[-78.468711,43.633427999999995],[-78.467832,43.60675299999998],[-78.465198,43.526728999999996],[-78.46432,43.50005499999999],[-78.464486,43.474715999999994],[-78.464565,43.462756000000006],[-78.464994,43.421069],[-78.46522200000001,43.398704],[-78.465302,43.390967],[-78.465598,43.375056],[-78.465541,43.373369999999994],[-78.46552700000001,43.37298],[-78.465488,43.371811],[-78.465475,43.371421999999995],[-78.465515,43.371423],[-78.466259,43.37132299999998],[-78.46679,43.371238999999996],[-78.467471,43.371124],[-78.467521,43.371116],[-78.468364,43.370962999999996],[-78.469762,43.370793],[-78.47116,43.370759],[-78.4726,43.370762000000006],[-78.473318,43.37078299999999],[-78.473505,43.370796],[-78.474004,43.370831],[-78.474417,43.370897],[-78.474579,43.370967],[-78.474672,43.371039],[-78.474751,43.371207],[-78.474802,43.37136199999999],[-78.474841,43.371399999999994],[-78.47491,43.37142399999999],[-78.474986,43.37142399999999],[-78.475012,43.37140300000001],[-78.475048,43.371374],[-78.475056,43.371199],[-78.475088,43.371207999999996],[-78.475185,43.37123699999999],[-78.475218,43.371247],[-78.475232,43.371334999999995],[-78.475248,43.37135499999999],[-78.475317,43.37139199999999],[-78.475486,43.37139999999999],[-78.475603,43.37139500000001],[-78.476221,43.37137200000001],[-78.476519,43.37138600000001],[-78.47700800000001,43.371514],[-78.477024,43.371517],[-78.477495,43.37160699999999],[-78.477841,43.371674],[-78.478236,43.371764],[-78.478524,43.371867999999985],[-78.47930500000001,43.372298],[-78.480391,43.373011999999996],[-78.480915,43.373334],[-78.481532,43.37376],[-78.481837,43.37402399999999],[-78.482767,43.37444300000001],[-78.483305,43.374568],[-78.484514,43.37479900000001],[-78.484722,43.374839],[-78.485204,43.374870999999985],[-78.486466,43.374896],[-78.486626,43.374898999999985],[-78.487011,43.374885],[-78.487074,43.37487099999999],[-78.487115,43.374846999999995],[-78.487174,43.37482999999999],[-78.487263,43.37482999999999],[-78.487785,43.37482999999999],[-78.488707,43.37471899999999],[-78.489137,43.374681],[-78.48953,43.37466299999999],[-78.48968,43.374648],[-78.490216,43.374598999999996],[-78.490429,43.374613],[-78.490486,43.37461499999999],[-78.490884,43.37463000000001],[-78.491271,43.374569999999984],[-78.491809,43.374409],[-78.492447,43.374246],[-78.492884,43.374179999999996],[-78.493605,43.374030999999995],[-78.494518,43.373960999999994],[-78.495094,43.373895],[-78.495479,43.373816],[-78.496742,43.373600999999994],[-78.497095,43.37353199999999],[-78.497754,43.37335099999999],[-78.498639,43.37316799999999],[-78.500001,43.37298100000001],[-78.501054,43.372871],[-78.501477,43.372791],[-78.502559,43.372673],[-78.50291,43.372617999999996],[-78.504002,43.37251],[-78.504738,43.372384999999994],[-78.50548,43.37238200000001],[-78.505997,43.372333000000005],[-78.50685700000001,43.372281],[-78.507481,43.372202],[-78.508397,43.372055999999986],[-78.508657,43.372028],[-78.508987,43.37197299999998],[-78.509767,43.37190999999999],[-78.510659,43.371897],[-78.511269,43.371796],[-78.512251,43.37177199999999],[-78.51270200000002,43.371809999999996],[-78.51300700000002,43.37180299999999],[-78.513326,43.371812999999996],[-78.51411,43.37189300000001],[-78.514776,43.37197299999999],[-78.515556,43.37212199999999],[-78.516961,43.372243000000005],[-78.517058,43.372246],[-78.518366,43.372288],[-78.519299,43.372375],[-78.51993,43.372361],[-78.52136600000001,43.372215],[-78.522833,43.372153],[-78.52352,43.37206299999998],[-78.52375,43.372049999999994],[-78.524088,43.37203099999999],[-78.524211,43.372025],[-78.524949,43.371931],[-78.525097,43.371914999999994],[-78.525434,43.371880999999995],[-78.525882,43.37183399999999],[-78.526177,43.37175099999999],[-78.527024,43.37168499999999],[-78.527576,43.371634],[-78.528439,43.371557],[-78.52898,43.37153300000001],[-78.530322,43.37140399999999],[-78.530659,43.37138999999999],[-78.531661,43.3713],[-78.532168,43.37122099999999],[-78.53274,43.371162],[-78.534021,43.37095699999999],[-78.534159,43.37093599999999],[-78.534381,43.370936],[-78.53462,43.37091199999998],[-78.534942,43.370843],[-78.535442,43.370794],[-78.535608,43.37075999999999],[-78.53575400000001,43.370715],[-78.535869,43.37070099999999],[-78.536027,43.37069699999999],[-78.536158,43.37068000000001],[-78.536256,43.370644999999996],[-78.536448,43.370540999999996],[-78.536628,43.37048200000001],[-78.53683300000002,43.370433999999996],[-78.537048,43.370371],[-78.537169,43.37031199999999],[-78.538154,43.37018799999999],[-78.539632,43.37003899999999],[-78.53973600000002,43.37001099999999],[-78.539892,43.369949],[-78.539974,43.369928],[-78.540007,43.36992099999999],[-78.540641,43.369938],[-78.541862,43.369855],[-78.542575,43.369788],[-78.543115,43.369722999999986],[-78.545126,43.369578000000004],[-78.545792,43.36951899999999],[-78.546607,43.36949399999999],[-78.547076,43.369431],[-78.547314,43.36944799999999],[-78.547804,43.369460999999994],[-78.547943,43.369403],[-78.548006,43.36936799999998],[-78.548054,43.369326000000015],[-78.548175,43.36928300000001],[-78.548685,43.369217],[-78.549285,43.369165],[-78.54958,43.369113],[-78.549896,43.36903699999999],[-78.550211,43.369016],[-78.550354,43.368995],[-78.550551,43.368992],[-78.551269,43.368864],[-78.551627,43.368807999999994],[-78.551918,43.368763],[-78.552275,43.368732],[-78.553319,43.36867],[-78.554013,43.36861799999999],[-78.554426,43.368523999999994],[-78.554932,43.368461999999994],[-78.555524,43.36844399999998],[-78.555966,43.36838199999999],[-78.55642,43.36835799999999],[-78.556611,43.36835399999999],[-78.557599,43.36817700000001],[-78.557724,43.36814599999999],[-78.557905,43.36812199999999],[-78.558089,43.36811499999998],[-78.558512,43.368039],[-78.558763,43.367985],[-78.559192,43.36792100000001],[-78.559729,43.36786200000001],[-78.55991,43.367831],[-78.560277,43.367793],[-78.560537,43.367786],[-78.560721,43.36776499999999],[-78.561134,43.367670999999994],[-78.561391,43.367632999999984],[-78.561914,43.36763299999999],[-78.562931,43.36744599999999],[-78.563216,43.367408999999995],[-78.563275,43.36740399999999],[-78.56436,43.36731799999999],[-78.564849,43.367165],[-78.565095,43.36710600000001],[-78.565324,43.367016],[-78.565983,43.36688399999999],[-78.566566,43.366812],[-78.567402,43.36667299999999],[-78.567652,43.366656000000006],[-78.567985,43.36665899999999],[-78.56813,43.366635],[-78.568949,43.366441],[-78.569244,43.366412999999994],[-78.569871,43.366309],[-78.570128,43.36628799999999],[-78.570385,43.366288],[-78.570655,43.36625699999999],[-78.571346,43.366091],[-78.571973,43.365987],[-78.57257,43.365914],[-78.57316,43.36581299999999],[-78.573364,43.36576099999999],[-78.573621,43.365678],[-78.574245,43.365515],[-78.5747,43.36546],[-78.575199,43.365422],[-78.575317,43.365424999999995],[-78.575428,43.365439],[-78.575574,43.365436],[-78.575744,43.36541099999999],[-78.576361,43.36528999999999],[-78.57692,43.365279999999984],[-78.57701,43.36525499999999],[-78.577111,43.36521],[-78.577534,43.365155],[-78.577756,43.365117],[-78.578189,43.365027],[-78.578866,43.36494],[-78.579164,43.364919],[-78.579382,43.364874],[-78.579917,43.36472799999999],[-78.580139,43.364694],[-78.580496,43.364663],[-78.580805,43.364618],[-78.581439,43.36444099999999],[-78.581578,43.364429999999984],[-78.582223,43.36426000000001],[-78.582733,43.364167],[-78.582844,43.364139],[-78.583077,43.364045999999995],[-78.583292,43.364000999999995],[-78.583732,43.36395199999999],[-78.583808,43.36395199999999],[-78.583906,43.363931],[-78.583985,43.36389999999999],[-78.584121,43.363879000000004],[-78.584381,43.363869],[-78.584568,43.36382699999999],[-78.585016,43.36376499999999],[-78.585456,43.36368199999999],[-78.585775,43.36354999999999],[-78.586157,43.36347399999999],[-78.58635400000001,43.36341500000001],[-78.586868,43.363293],[-78.58709300000001,43.363247999999984],[-78.587381,43.36320299999999],[-78.588241,43.363092],[-78.588682,43.362981],[-78.58965,43.36278000000001],[-78.58983,43.36272099999999],[-78.589972,43.36268699999998],[-78.590121,43.362672999999994],[-78.590336,43.36263799999999],[-78.590614,43.36263100000001],[-78.591023,43.362493],[-78.59128,43.36244099999999],[-78.59172,43.362398999999996],[-78.592435,43.36230200000001],[-78.592574,43.36229500000001],[-78.59308,43.36220500000001],[-78.593441,43.362163],[-78.593829,43.362093999999985],[-78.594051,43.362066999999996],[-78.594374,43.36204599999999],[-78.594925,43.361976],[-78.595498,43.361788999999995],[-78.595834,43.361743999999995],[-78.596023,43.361731],[-78.596202,43.36171999999999],[-78.59636100000002,43.36172299999999],[-78.596639,43.361701999999994],[-78.597107,43.361619],[-78.597558,43.36157099999999],[-78.597773,43.36153299999999],[-78.59787400000002,43.361505],[-78.598547,43.36143200000001],[-78.599077,43.36139],[-78.599872,43.36129999999999],[-78.600808,43.361141],[-78.60138,43.361081999999996],[-78.602003,43.361007],[-78.602164,43.360988000000006],[-78.60273,43.36094],[-78.603441,43.36085],[-78.603847,43.360831999999995],[-78.604005,43.360831999999995],[-78.604103,43.360831999999995],[-78.604981,43.360694],[-78.605279,43.36070399999999],[-78.60555,43.360679999999995],[-78.607482,43.360395999999994],[-78.607796,43.360353],[-78.608377,43.360274000000004],[-78.608616,43.360281],[-78.608772,43.360336999999994],[-78.608935,43.360343999999984],[-78.609494,43.36025399999999],[-78.60983400000002,43.360218999999994],[-78.610191,43.36015700000001],[-78.610541,43.360111],[-78.611655,43.36005599999999],[-78.61282700000001,43.35996899999999],[-78.613483,43.359865],[-78.61494600000002,43.35974099999999],[-78.615494,43.359649999999995],[-78.616448,43.35957099999999],[-78.617569,43.35938399999999],[-78.618196,43.359303999999995],[-78.618578,43.359297000000005],[-78.619193,43.35925999999999],[-78.619227,43.359258999999994],[-78.621283,43.359008999999986],[-78.623001,43.35889099999999],[-78.62309000000002,43.358887],[-78.623361,43.35887499999999],[-78.623451,43.358871999999984],[-78.623465,43.35887099999999],[-78.62371,43.358840999999984],[-78.624088,43.35879500000001],[-78.62449,43.358753],[-78.624751,43.358726],[-78.625001,43.3587],[-78.625371,43.35863899999999],[-78.625585,43.35861499999999],[-78.626048,43.35859200000001],[-78.626711,43.35853399999999],[-78.626735,43.35853000000001],[-78.628267,43.358343999999995],[-78.628934,43.35827999999999],[-78.629442,43.35827999999999],[-78.629684,43.358229],[-78.630017,43.358101],[-78.630383,43.35804],[-78.631116,43.35796499999999],[-78.63253,43.357836999999996],[-78.63266500000002,43.35783099999999],[-78.63314600000001,43.357813],[-78.633387,43.35777300000001],[-78.634035,43.35770099999999],[-78.634598,43.357691],[-78.634653,43.357684],[-78.634967,43.35764699999999],[-78.635216,43.357641],[-78.6357,43.357573],[-78.636201,43.357545999999985],[-78.636536,43.357556],[-78.636697,43.357539],[-78.637063,43.357478],[-78.63728,43.35743099999999],[-78.637584,43.3574],[-78.637888,43.357321999999996],[-78.638345,43.357220999999996],[-78.638429,43.357195999999995],[-78.639223,43.356966999999976],[-78.639877,43.35682499999999],[-78.640236,43.35667899999999],[-78.640597,43.35659499999999],[-78.640891,43.356541],[-78.64101,43.356500999999994],[-78.641562,43.356321],[-78.64197,43.35619899999999],[-78.642105,43.35618899999999],[-78.642734,43.35606],[-78.642852,43.356047],[-78.644361,43.35560300000001],[-78.644567,43.355532],[-78.644754,43.355481999999995],[-78.644919,43.35542399999999],[-78.645189,43.355299],[-78.645571,43.355089],[-78.645771,43.355035],[-78.64605600000002,43.355015],[-78.646381,43.35497399999999],[-78.646553,43.35491999999999],[-78.646873,43.354784],[-78.647138,43.354713],[-78.647908,43.35440199999999],[-78.648362,43.35418500000001],[-78.648812,43.354094],[-78.648944,43.354057],[-78.649053,43.354009],[-78.649318,43.353835],[-78.649332,43.35382700000001],[-78.649623,43.35368799999999],[-78.649711,43.35366399999999],[-78.65005,43.35362399999999],[-78.650638,43.35347499999999],[-78.651237,43.35324800000001],[-78.651311,43.353177],[-78.651393,43.35304500000001],[-78.651484,43.35298099999999],[-78.651802,43.352861999999995],[-78.652056,43.35278099999999],[-78.652168,43.352757],[-78.652321,43.352747],[-78.652598,43.352747],[-78.652873,43.35268099999999],[-78.653274,43.35258499999999],[-78.65356,43.352503],[-78.653736,43.352453],[-78.654535,43.352171],[-78.655128,43.351905],[-78.655202,43.351887999999995],[-78.655407,43.35186399999999],[-78.655572,43.351835],[-78.655925,43.35177599999999],[-78.656074,43.35173499999999],[-78.656254,43.351698999999996],[-78.656268,43.35169599999999],[-78.65652,43.35163399999999],[-78.657863,43.351203999999996],[-78.658032,43.351133],[-78.658384,43.351025],[-78.658916,43.350885999999996],[-78.659534,43.350739999999995],[-78.659717,43.35071],[-78.660032,43.35063199999999],[-78.660286,43.350604999999995],[-78.660717,43.350541],[-78.660866,43.350507000000015],[-78.661161,43.35038200000001],[-78.661425,43.35029999999999],[-78.661999,43.350189],[-78.662524,43.350073999999985],[-78.663467,43.34989099999999],[-78.663996,43.349757000000004],[-78.664955,43.34951499999999],[-78.667177,43.349002],[-78.668603,43.348663],[-78.668975,43.348597999999996],[-78.669346,43.34851399999999],[-78.670756,43.34813499999999],[-78.671315,43.347964999999995],[-78.67216,43.347779],[-78.672414,43.347756],[-78.672604,43.347712],[-78.67287100000001,43.347634],[-78.674112,43.347306],[-78.674532,43.347245],[-78.674951,43.34713],[-78.67558,43.34693699999999],[-78.676109,43.34674700000001],[-78.67646600000002,43.346635000000006],[-78.676872,43.346459],[-78.677028,43.34639199999999],[-78.67741800000002,43.34626],[-78.6776,43.346211999999994],[-78.677914,43.34603],[-78.678559,43.34574999999999],[-78.678602,43.34573399999999],[-78.67955,43.34539099999999],[-78.682125,43.34464],[-78.682738,43.344406],[-78.683414,43.34423399999999],[-78.683712,43.344173],[-78.683979,43.344129],[-78.68613300000001,43.343533],[-78.686665,43.343435],[-78.687019,43.34333199999998],[-78.687051,43.34332299999999],[-78.687475,43.343141],[-78.687958,43.34302999999999],[-78.68829100000002,43.342932999999995],[-78.688825,43.342856],[-78.68947,43.342801],[-78.689865,43.34273199999999],[-78.690975,43.342377999999975],[-78.691746,43.342177],[-78.693313,43.34183],[-78.694786,43.341579],[-78.6952,43.341491],[-78.695533,43.341421],[-78.696429,43.341169],[-78.696519,43.341144],[-78.69682,43.34108099999998],[-78.696843,43.34107699999999],[-78.69769800000002,43.340908],[-78.698829,43.34067299999999],[-78.699308,43.34056199999999],[-78.699717,43.34052],[-78.69998,43.340478999999995],[-78.700362,43.340361],[-78.700813,43.340276999999986],[-78.701021,43.34026399999998],[-78.701213,43.34022199999998],[-78.701562,43.34014599999999],[-78.70203400000001,43.340069],[-78.70279,43.340014],[-78.703012,43.340020999999986],[-78.703415,43.34004900000001],[-78.703671,43.340075999999996],[-78.704004,43.340069],[-78.704226,43.34002799999999],[-78.704407,43.33997199999999],[-78.704865,43.339868],[-78.704982,43.33985499999999],[-78.7051,43.339881999999996],[-78.705225,43.339923999999996],[-78.705371,43.33993799999999],[-78.705732,43.339875],[-78.706294,43.339881999999996],[-78.706389,43.33988],[-78.707452,43.33986099999999],[-78.707512,43.33985299999999],[-78.707681,43.339834],[-78.707876,43.33979899999999],[-78.708358,43.339795],[-78.709568,43.339785],[-78.709915,43.339771],[-78.71029,43.33973],[-78.710761,43.33964700000001],[-78.711282,43.339583999999995],[-78.711767,43.33954899999999],[-78.712038,43.339542],[-78.712322,43.339487000000005],[-78.71304,43.33944300000001],[-78.713488,43.339355],[-78.713863,43.339258],[-78.71446900000001,43.339116],[-78.714542,43.339099000000004],[-78.71593,43.33890499999999],[-78.716194,43.338912],[-78.717429,43.33922400000001],[-78.71799,43.339397],[-78.718358,43.33954199999999],[-78.718436,43.33955399999999],[-78.71882,43.339544999999994],[-78.719142,43.33953699999999],[-78.719404,43.339508999999985],[-78.719454,43.33950399999999],[-78.72009300000002,43.33937999999999],[-78.721085,43.33908799999999],[-78.721106,43.339083],[-78.721678,43.338957],[-78.721766,43.338948],[-78.722034,43.33892199999999],[-78.722123,43.33891399999999],[-78.722139,43.338912],[-78.722215,43.338908999999994],[-78.722494,43.33890100000001],[-78.722588,43.338899],[-78.722628,43.338897999999986],[-78.723204,43.33893900000001],[-78.723711,43.33902599999999],[-78.724377,43.339172],[-78.72477900000001,43.339212999999994],[-78.724949,43.339217000000005],[-78.725712,43.339199],[-78.726229,43.339144],[-78.726531,43.339102],[-78.726878,43.33897799999999],[-78.726972,43.33892199999999],[-78.727308,43.338815000000004],[-78.727478,43.33877699999999],[-78.727682,43.338770000000004],[-78.727927,43.33874999999998],[-78.728817,43.33863799999999],[-78.73025,43.338385],[-78.730711,43.338277],[-78.73103,43.338221999999995],[-78.731197,43.338167],[-78.731505,43.33813899999999],[-78.731821,43.33812799999998],[-78.73213,43.33809399999999],[-78.73244200000002,43.33802799999999],[-78.733548,43.33773999999999],[-78.733677,43.33772299999999],[-78.733857,43.33772299999999],[-78.734062,43.337758],[-78.734159,43.33774399999999],[-78.735061,43.337522],[-78.735279,43.33750799999999],[-78.73539,43.337511],[-78.73555,43.337487],[-78.735817,43.337413999999995],[-78.736016,43.337341999999985],[-78.736237,43.337262],[-78.736729,43.337129999999995],[-78.737725,43.336831999999994],[-78.738207,43.336718],[-78.738734,43.33662700000001],[-78.739244,43.336516999999986],[-78.740035,43.33630199999999],[-78.740715,43.33613499999999],[-78.742025,43.335725],[-78.742134,43.335691],[-78.74255,43.335549],[-78.742748,43.33547299999999],[-78.742956,43.335407000000004],[-78.74373,43.335203],[-78.744084,43.335137],[-78.744822,43.33491899999999],[-78.745606,43.334664999999994],[-78.745988,43.334634],[-78.746345,43.334579],[-78.746825,43.334462],[-78.747016,43.334411],[-78.748316,43.333997999999994],[-78.748829,43.333835999999984],[-78.749766,43.333543],[-78.750259,43.333416],[-78.750794,43.33333700000001],[-78.751137,43.333267],[-78.751997,43.332989999999995],[-78.752543,43.33283399999999],[-78.752826,43.33276],[-78.753161,43.332673],[-78.753591,43.33262499999999],[-78.754259,43.332481],[-78.754355,43.332451999999996],[-78.754808,43.332316000000006],[-78.755175,43.332196],[-78.756025,43.33193700000001],[-78.756786,43.331779999999995],[-78.757071,43.331751999999994],[-78.757261,43.331756],[-78.757373,43.331773],[-78.757449,43.331752],[-78.757529,43.33166899999999],[-78.75761500000002,43.331620999999984],[-78.7583,43.33140899999999],[-78.759797,43.331020999999986],[-78.7606,43.330853999999995],[-78.761194,43.330705],[-78.762794,43.33026900000001],[-78.763367,43.33013999999999],[-78.763719,43.33010900000001],[-78.765615,43.32961699999999],[-78.766834,43.329332999999984],[-78.767437,43.32919999999999],[-78.768206,43.32903099999999],[-78.769623,43.328666999999996],[-78.771817,43.32807499999999],[-78.77260300000002,43.32783200000001],[-78.773279,43.32766899999999],[-78.77403,43.327523],[-78.775614,43.327242999999996],[-78.775943,43.327228999999996],[-78.776436,43.32715300000001],[-78.77694100000001,43.32701399999999],[-78.777277,43.32695799999998],[-78.778458,43.326826999999994],[-78.778902,43.32676399999999],[-78.779454,43.326674],[-78.780875,43.32650199999999],[-78.782063,43.326359000000004],[-78.782963,43.32626900000001],[-78.784439,43.326070999999985],[-78.786439,43.325866999999995],[-78.78665,43.32585999999999],[-78.787377,43.32577700000001],[-78.78771,43.325676],[-78.787977,43.32557899999998],[-78.788822,43.325416],[-78.789367,43.325364],[-78.790218,43.325315999999994],[-78.790721,43.32526699999998],[-78.791965,43.325119],[-78.792655,43.325038],[-78.793162,43.32502800000001],[-78.793354,43.32498599999999],[-78.793936,43.32488799999999],[-78.794917,43.324698],[-78.795392,43.32466399999999],[-78.795991,43.32463599999999],[-78.796202,43.324653000000005],[-78.796986,43.324647],[-78.797477,43.324601],[-78.797828,43.324532000000005],[-78.799283,43.324324],[-78.799408,43.32429599999998],[-78.799748,43.324189000000004],[-78.799845,43.32416799999999],[-78.800422,43.324113],[-78.801036,43.324113000000004],[-78.801123,43.324095],[-78.801317,43.324036],[-78.801477,43.324005],[-78.802287,43.32392899999999],[-78.802953,43.32385599999999],[-78.80343,43.323824999999985],[-78.803812,43.323763],[-78.804429,43.323682999999996],[-78.804913,43.323645],[-78.804993,43.323613],[-78.805114,43.323544],[-78.80540200000002,43.323463999999994],[-78.805652,43.323451],[-78.806138,43.32352],[-78.806736,43.32338099999999],[-78.807395,43.323277000000004],[-78.80744100000001,43.323266],[-78.80849,43.323038000000004],[-78.808635,43.323024],[-78.808736,43.322993],[-78.808826,43.322936999999996],[-78.809188,43.322754],[-78.809348,43.32264999999999],[-78.80957,43.322615],[-78.809952,43.322591],[-78.810357,43.322503999999995],[-78.810567,43.32242799999999],[-78.810859,43.322286000000005],[-78.81114,43.322109],[-78.811335,43.32201499999999],[-78.811615,43.321917999999975],[-78.811719,43.321911],[-78.811802,43.32191499999999],[-78.811969,43.321946],[-78.812069,43.321946],[-78.812167,43.321925],[-78.81236,43.321798],[-78.812561,43.321690999999994],[-78.813142,43.32156699999999],[-78.813843,43.321358999999994],[-78.814447,43.321206000000004],[-78.816178,43.320696999999996],[-78.81763,43.320329],[-78.82006,43.319695],[-78.820359,43.31961],[-78.821094,43.31939999999999],[-78.821711,43.31924099999999],[-78.8222,43.319160999999994],[-78.822925,43.31917099999999],[-78.823133,43.319137],[-78.823586,43.318956],[-78.82385,43.31888699999999],[-78.823985,43.31888699999999],[-78.824186,43.31890400000001],[-78.824318,43.318894],[-78.824561,43.31884899999999],[-78.824944,43.31868899999999],[-78.82506600000002,43.318648],[-78.825232,43.318617],[-78.825624,43.318626999999985],[-78.825714,43.31864099999999],[-78.825815,43.318678999999996],[-78.825916,43.31873499999999],[-78.825999,43.318796999999996],[-78.826061,43.318818],[-78.826204,43.318827999999996],[-78.826462,43.318768999999996],[-78.826736,43.31872799999999],[-78.82753900000002,43.318412],[-78.827685,43.318398],[-78.827858,43.318409],[-78.82798,43.318398],[-78.828486,43.318259999999995],[-78.82880200000001,43.318159],[-78.82927,43.318053],[-78.829706,43.317964999999994],[-78.830224,43.317916],[-78.830727,43.31785099999999],[-78.831648,43.31776],[-78.831926,43.317705],[-78.83262,43.31748300000002],[-78.832776,43.317466],[-78.833043,43.31747599999999],[-78.833246,43.31743399999999],[-78.833332,43.317402999999985],[-78.833447,43.31739999999999],[-78.833717,43.31742400000001],[-78.834026,43.31748],[-78.834193,43.31749299999999],[-78.834318,43.317521000000006],[-78.834496,43.31758699999999],[-78.834628,43.317662999999996],[-78.834658,43.317709999999984],[-78.834671,43.317755000000005],[-78.834704,43.31779],[-78.834766,43.317826],[-78.835016,43.31788999999999],[-78.835541,43.317956],[-78.835634,43.317961],[-78.83565,43.31794299999999],[-78.83564,43.31772],[-78.835673,43.317629999999994],[-78.835673,43.31757799999998],[-78.83555400000002,43.31718999999998],[-78.83550900000002,43.317126],[-78.83525900000001,43.316962999999994],[-78.834995,43.316921],[-78.83455,43.316912],[-78.834333,43.316925000000005],[-78.834159,43.31695800000001],[-78.833974,43.316958],[-78.833939,43.316937],[-78.833922,43.31691399999999],[-78.833863,43.316743],[-78.833758,43.316592],[-78.83373800000001,43.31654],[-78.833749,43.316464999999994],[-78.833889,43.316278],[-78.833954,43.316225],[-78.833982,43.31621],[-78.834015,43.316199],[-78.834393,43.316079],[-78.834667,43.31600400000001],[-78.834741,43.315968],[-78.83484,43.315935],[-78.834859,43.315912],[-78.834845,43.315871],[-78.834809,43.315852],[-78.83475,43.315841],[-78.834599,43.315838],[-78.83455900000001,43.315767],[-78.834569,43.31568500000001],[-78.834584,43.31565700000001],[-78.834623,43.31558999999999],[-78.83466,43.315555],[-78.835014,43.315429],[-78.835061,43.315393],[-78.835157,43.31528299999999],[-78.835273,43.315216],[-78.835447,43.315175999999994],[-78.835666,43.315096],[-78.835909,43.31505099999999],[-78.836189,43.31505799999999],[-78.836271,43.31507299999999],[-78.836328,43.315084],[-78.836377,43.315104],[-78.836445,43.315116],[-78.836546,43.31508199999999],[-78.83659600000001,43.31504699999999],[-78.836622,43.315017],[-78.836724,43.314816],[-78.836838,43.314643],[-78.837019,43.31448],[-78.83714,43.314423999999995],[-78.837435,43.314369],[-78.837647,43.31435499999999],[-78.8382,43.314448999999996],[-78.838226,43.314461],[-78.838346,43.31451799999999],[-78.838485,43.31460799999999],[-78.838835,43.314733000000004],[-78.839341,43.31485099999998],[-78.83954000000001,43.31484999999999],[-78.839739,43.31482700000001],[-78.840103,43.314812999999994],[-78.840446,43.31478],[-78.840637,43.314743],[-78.840694,43.314733],[-78.841346,43.314494],[-78.842977,43.313844],[-78.842982,43.313825],[-78.842816,43.313394],[-78.842687,43.313173],[-78.84270300000001,43.313128999999996],[-78.842722,43.313119],[-78.842747,43.31310800000001],[-78.843169,43.31298600000001],[-78.843225,43.312959],[-78.843258,43.312926999999995],[-78.843305,43.31284399999999],[-78.843331,43.31278300000001],[-78.843362,43.312605999999995],[-78.843377,43.312576],[-78.843397,43.312560999999995],[-78.843464,43.312552000000004],[-78.843526,43.312554999999996],[-78.843547,43.31256099999999],[-78.843559,43.312577],[-78.84356,43.312608999999995],[-78.843484,43.31305799999999],[-78.843445,43.31314100000001],[-78.84343800000002,43.313193],[-78.843473,43.31327999999999],[-78.84357,43.31340099999999],[-78.843605,43.313425],[-78.843674,43.31341799999999],[-78.843737,43.313422],[-78.843789,43.313436],[-78.84387600000001,43.313525999999996],[-78.843907,43.313584999999996],[-78.843915,43.31362600000001],[-78.843909,43.31372999999999],[-78.843942,43.313814],[-78.844026,43.31386],[-78.84409500000001,43.31386599999999],[-78.84423,43.313758],[-78.844345,43.31369699999999],[-78.844701,43.313651],[-78.845142,43.31355],[-78.84534,43.31347],[-78.84573,43.31333499999999],[-78.845858,43.313241999999995],[-78.845907,43.313172],[-78.846063,43.313037],[-78.846257,43.312943],[-78.846309,43.312902],[-78.846334,43.312843],[-78.846376,43.31260799999999],[-78.84639,43.312535],[-78.846417,43.312496],[-78.846464,43.31247700000001],[-78.84673400000001,43.312464999999996],[-78.847031,43.31247299999999],[-78.847154,43.312458],[-78.847521,43.312295999999996],[-78.84764,43.312273],[-78.847779,43.31226899999999],[-78.848787,43.312431],[-78.848887,43.312481000000005],[-78.848911,43.31253099999999],[-78.848938,43.31263899999999],[-78.848945,43.31280400000001],[-78.848926,43.312854],[-78.84888,43.312884999999994],[-78.848741,43.312924],[-78.848212,43.312961999999985],[-78.848054,43.31299700000002],[-78.84757,43.31319200000001],[-78.847416,43.31328800000001],[-78.847289,43.313392],[-78.84666,43.314054999999996],[-78.846428,43.314224999999986],[-78.846261,43.31432499999999],[-78.845976,43.31446399999999],[-78.845598,43.314618],[-78.845351,43.314703],[-78.845118,43.31474600000001],[-78.84461300000001,43.314793],[-78.844493,43.314781],[-78.84400300000001,43.31463899999999],[-78.84387200000002,43.31463899999999],[-78.842929,43.314693],[-78.842605,43.314735000000006],[-78.842177,43.314836],[-78.841841,43.314963],[-78.84171,43.315028000000005],[-78.841022,43.315541999999986],[-78.840825,43.31564200000001],[-78.840559,43.315730999999985],[-78.840226,43.315858999999996],[-78.839938,43.31593899999999],[-78.839633,43.315956],[-78.839305,43.315962000000006],[-78.839279,43.315962999999996],[-78.838585,43.315868999999985],[-78.838355,43.315868999999985],[-78.837914,43.31591800000001],[-78.837723,43.31592799999999],[-78.837567,43.315972999999985],[-78.837418,43.316036],[-78.837373,43.31607699999999],[-78.837312,43.316206],[-78.83719,43.31656999999999],[-78.837154,43.316743],[-78.837154,43.316909],[-78.837203,43.317151999999986],[-78.8372,43.317246],[-78.837088,43.31741600000001],[-78.836759,43.317696000000005],[-78.836473,43.317882],[-78.836428,43.317925],[-78.836386,43.318005],[-78.836362,43.318205],[-78.836397,43.318351],[-78.836412,43.31837199999999],[-78.836475,43.318391],[-78.836499,43.31837600000001],[-78.836499,43.318324],[-78.83646,43.31828899999999],[-78.836466,43.318246],[-78.836482,43.318229],[-78.836568,43.318185],[-78.836911,43.318048],[-78.837013,43.318008000000006],[-78.8379,43.317724],[-78.838306,43.317583],[-78.839058,43.31721799999999],[-78.839594,43.317023999999996],[-78.839983,43.31688499999999],[-78.840448,43.316695],[-78.84186,43.31623399999999],[-78.843015,43.315828],[-78.843688,43.315543999999996],[-78.844147,43.31532500000001],[-78.844446,43.31514899999999],[-78.845056,43.31492000000001],[-78.845425,43.31476399999999],[-78.846405,43.31439499999998],[-78.84713,43.314164],[-78.847425,43.314105000000005],[-78.847616,43.31405],[-78.847758,43.313959],[-78.848018,43.313698999999986],[-78.848752,43.313220999999984],[-78.84904,43.313058000000005],[-78.850013,43.31269399999999],[-78.850533,43.312501],[-78.852357,43.311891],[-78.853056,43.311728],[-78.853641,43.31165899999999],[-78.854023,43.31159099999999],[-78.85407,43.311583],[-78.854347,43.311522999999994],[-78.854818,43.311370000000004],[-78.855038,43.311313999999996],[-78.855148,43.311293],[-78.855493,43.311231],[-78.85553100000001,43.31122499999999],[-78.855969,43.311152],[-78.856379,43.31108399999999],[-78.856554,43.311036],[-78.85667,43.31097599999998],[-78.85692,43.310880999999995],[-78.857253,43.31081799999999],[-78.857559,43.31076100000001],[-78.857693,43.310756999999995],[-78.857832,43.310751999999994],[-78.857869,43.310751],[-78.85825,43.310754],[-78.858366,43.31075599999999],[-78.85839,43.31075400000001],[-78.8585,43.310745],[-78.858572,43.31072],[-78.858937,43.310598999999996],[-78.85911,43.310582],[-78.85929600000001,43.310565],[-78.859324,43.31056199999999],[-78.859459,43.310545],[-78.859737,43.310511],[-78.859901,43.310459],[-78.859938,43.31044299999999],[-78.86009,43.310379999999995],[-78.860248,43.310312999999994],[-78.860353,43.31026899999999],[-78.860745,43.310173999999996],[-78.860856,43.31014799999999],[-78.860913,43.310135999999986],[-78.86109,43.310096999999985],[-78.861621,43.30998199999999],[-78.861799,43.309944],[-78.861968,43.30990700000001],[-78.862048,43.309889999999996],[-78.862216,43.309864],[-78.862448,43.309867999999994],[-78.862483,43.309871],[-78.862656,43.309887],[-78.86271700000002,43.309892999999995],[-78.862825,43.309889],[-78.862941,43.309886],[-78.86332700000001,43.309813999999996],[-78.863494,43.30978400000001],[-78.863515,43.30978],[-78.86462500000002,43.309506],[-78.864823,43.309445999999994],[-78.86498,43.309383],[-78.86526,43.309191999999996],[-78.865813,43.308991],[-78.866683,43.308724],[-78.86687,43.308678999999984],[-78.866997,43.308679],[-78.867613,43.308771],[-78.867759,43.308767],[-78.867804,43.308747999999994],[-78.867845,43.308677],[-78.867882,43.30863999999999],[-78.867949,43.308606999999995],[-78.869186,43.308240999999995],[-78.869585,43.308105999999995],[-78.870594,43.30773000000001],[-78.870702,43.307713],[-78.87083,43.307709],[-78.870967,43.307705000000006],[-78.871027,43.30769],[-78.871135,43.307627],[-78.871289,43.307582],[-78.872581,43.307351],[-78.873387,43.30718999999999],[-78.873843,43.30707299999999],[-78.874291,43.306916],[-78.87519500000002,43.30657099999999],[-78.875886,43.306327999999986],[-78.876812,43.306071],[-78.878209,43.30572900000001],[-78.881186,43.30485600000001],[-78.882303,43.304558],[-78.884114,43.30410200000001],[-78.885018,43.303886000000006],[-78.886796,43.30349],[-78.887147,43.303425],[-78.887453,43.303391],[-78.887916,43.303388000000005],[-78.88811,43.303356],[-78.8895,43.302984999999985],[-78.890485,43.302696000000005],[-78.891632,43.302468],[-78.893272,43.30210799999999],[-78.893343,43.302097],[-78.893839,43.302022],[-78.894306,43.30190099999999],[-78.895923,43.30136499999999],[-78.896667,43.301106],[-78.897608,43.30083],[-78.898332,43.30063],[-78.899154,43.30046999999999],[-78.899751,43.300373],[-78.900345,43.300225000000005],[-78.900825,43.300133],[-78.901062,43.30008699999999],[-78.901936,43.29987299999999],[-78.902982,43.29959999999999],[-78.903079,43.29959300000001],[-78.903434,43.2996],[-78.904547,43.29941899999999],[-78.905242,43.29928099999999],[-78.90554,43.29925],[-78.905809,43.299246],[-78.90613100000002,43.29922],[-78.906523,43.299156],[-78.906948,43.299054],[-78.907339,43.298983],[-78.907703,43.298919000000005],[-78.909212,43.298716],[-78.90985,43.298589],[-78.911172,43.29824399999999],[-78.912442,43.29797099999999],[-78.914048,43.29760799999999],[-78.915838,43.297073],[-78.916143,43.296988],[-78.91742,43.29674199999999],[-78.918078,43.296626],[-78.918421,43.296548],[-78.919068,43.29634399999999],[-78.919848,43.29602400000001],[-78.920087,43.295945],[-78.920266,43.295911999999994],[-78.920853,43.295838999999994],[-78.921279,43.29577200000001],[-78.921532,43.295719],[-78.922832,43.295233999999994],[-78.923867,43.29495599999999],[-78.924887,43.294702],[-78.925148,43.294627999999996],[-78.925312,43.294616999999995],[-78.925417,43.294639],[-78.925462,43.29466499999999],[-78.925536,43.294763999999994],[-78.925566,43.294790000000006],[-78.925641,43.294809],[-78.925727,43.29481599999999],[-78.925805,43.294805],[-78.925895,43.294734],[-78.925951,43.294645],[-78.926022,43.29458100000001],[-78.926347,43.29449499999999],[-78.926486,43.29444999999999],[-78.928943,43.293668000000004],[-78.929722,43.29338500000001],[-78.930537,43.293200999999996],[-78.930724,43.29316699999999],[-78.931873,43.29293199999999],[-78.932857,43.292629999999996],[-78.935014,43.29196799999999],[-78.935709,43.291803],[-78.936524,43.291523],[-78.93686,43.29142299999999],[-78.938676,43.29088399999999],[-78.938775,43.29085499999999],[-78.93896700000002,43.290798],[-78.940412,43.290331],[-78.943519,43.28928999999999],[-78.946576,43.288107999999994],[-78.948039,43.287655],[-78.94863400000001,43.28748499999999],[-78.948759,43.287459999999996],[-78.949534,43.287308],[-78.952492,43.28643699999999],[-78.952783,43.28633],[-78.953702,43.28599100000001],[-78.955628,43.285282999999986],[-78.956483,43.285055],[-78.95743,43.28480299999999],[-78.957655,43.28474299999999],[-78.958332,43.284567],[-78.958558,43.284508],[-78.958632,43.28448900000001],[-78.958986,43.284407],[-78.960261,43.284113],[-78.961359,43.28385999999999],[-78.962915,43.283485999999996],[-78.963608,43.28337299999999],[-78.964317,43.283258],[-78.965378,43.282966999999985],[-78.967066,43.282506],[-78.967368,43.282423],[-78.968854,43.28203899999999],[-78.970021,43.28188500000001],[-78.970844,43.28172299999999],[-78.971184,43.281637],[-78.971679,43.281512],[-78.972445,43.281304],[-78.973557,43.281031000000006],[-78.974811,43.280751],[-78.975292,43.280652],[-78.976226,43.280354],[-78.976988,43.280171],[-78.977695,43.28006199999999],[-78.97911,43.279737999999995],[-78.979526,43.279654],[-78.980112,43.27948799999999],[-78.980944,43.27921199999999],[-78.98121000000002,43.279146000000004],[-78.981597,43.27908399999999],[-78.981899,43.279022],[-78.982059,43.278964],[-78.98222,43.27887599999999],[-78.982289,43.278825000000005],[-78.982388,43.278777999999996],[-78.98269,43.27869399999999],[-78.983109,43.278603000000004],[-78.983418,43.27855399999999],[-78.983478,43.278544999999994],[-78.98393,43.278512],[-78.984273,43.278509],[-78.984754,43.27855900000001],[-78.984863,43.27855899999999],[-78.98494000000001,43.27853799999999],[-78.985064,43.278487000000005],[-78.985232,43.278395],[-78.985334,43.278355],[-78.987125,43.27796399999999],[-78.987536,43.277891999999994],[-78.988873,43.277659],[-78.989897,43.27758699999999],[-78.989912,43.277585],[-78.990542,43.27750899999998],[-78.99211,43.277333],[-78.993453,43.27724599999999],[-78.99596,43.27724099999999],[-78.99637,43.277217],[-78.997089,43.277134],[-78.997763,43.277057],[-78.99806300000002,43.27702399999999],[-78.999482,43.277074999999996],[-78.999514,43.277075],[-78.99961,43.27707500000001],[-78.999643,43.277075999999994],[-78.999898,43.27707699999999],[-78.999945,43.277077999999996],[-79.000156,43.277070999999985],[-79.000659,43.27699199999999],[-79.000688,43.27698800000002],[-79.000911,43.276946],[-79.001241,43.276885],[-79.001599,43.27672200000001],[-79.002416,43.276633999999994],[-79.003113,43.276532],[-79.004126,43.276299],[-79.004339,43.27626800000001],[-79.004947,43.276182],[-79.006176,43.27611699999999],[-79.007284,43.27608399999999],[-79.007474,43.27607],[-79.007568,43.27604799999999],[-79.007678,43.275997],[-79.00797,43.27580700000001],[-79.008123,43.275752999999995],[-79.00825,43.275734],[-79.00842200000001,43.275723],[-79.008728,43.27573799999998],[-79.008808,43.275723],[-79.009034,43.27563200000001],[-79.00957,43.275454],[-79.009694,43.275421],[-79.00997800000002,43.275403],[-79.010569,43.275301],[-79.011546,43.275082],[-79.01171400000001,43.27505699999999],[-79.011772,43.27503499999999],[-79.011823,43.27500199999999],[-79.011955,43.27485299999999],[-79.011986,43.274834999999996],[-79.012163,43.27479399999999],[-79.012939,43.274667],[-79.013759,43.27450699999999],[-79.01454,43.27427399999998],[-79.015156,43.27409099999999],[-79.016191,43.273822],[-79.017486,43.27350100000001],[-79.017947,43.27344599999999],[-79.018394,43.273439],[-79.01855800000001,43.273465],[-79.019061,43.273624999999996],[-79.01924,43.273658000000005],[-79.019323,43.27365799999999],[-79.019451,43.27362899999999],[-79.019628,43.273557999999994],[-79.019673,43.273541],[-79.01979,43.273505],[-79.020002,43.27347199999999],[-79.020709,43.273391999999994],[-79.021092,43.273374],[-79.021271,43.27338099999999],[-79.021406,43.27339899999999],[-79.021533,43.273438999999996],[-79.021573,43.273424999999996],[-79.021661,43.27333000000001],[-79.021715,43.273312],[-79.021952,43.27327199999999],[-79.022051,43.27323899999999],[-79.022116,43.273199],[-79.022208,43.273097],[-79.022277,43.27305],[-79.022328,43.273028000000004],[-79.023732,43.272649],[-79.024399,43.27250699999999],[-79.024589,43.27247299999999],[-79.025073,43.272389999999994],[-79.02531800000001,43.272361000000004],[-79.025606,43.272338999999995],[-79.025996,43.272335],[-79.026236,43.272317],[-79.026305,43.27230099999999],[-79.026426,43.272273],[-79.026477,43.272254999999994],[-79.026983,43.27208099999999],[-79.027041,43.272061999999984],[-79.027154,43.272029],[-79.027305,43.271985999999984],[-79.027505,43.27195299999999],[-79.027961,43.27191599999999],[-79.028719,43.271810999999985],[-79.02927,43.271770999999994],[-79.029537,43.27177699999999],[-79.02998,43.27178699999999],[-79.03029700000002,43.27182299999999],[-79.030472,43.27182299999999],[-79.030654,43.271786999999996],[-79.030818,43.271739],[-79.031008,43.27166299999999],[-79.031358,43.271443999999995],[-79.031424,43.271422],[-79.031752,43.271386],[-79.031891,43.271339],[-79.032011,43.27126599999998],[-79.03208000000001,43.27118899999999],[-79.032146,43.271087],[-79.032263,43.27098199999999],[-79.032372,43.270916],[-79.032726,43.27075599999999],[-79.03349900000002,43.27045],[-79.034199,43.270206],[-79.034403,43.270151000000006],[-79.034917,43.270044999999996],[-79.035486,43.269946999999995],[-79.036022,43.26988899999999],[-79.036309,43.269877],[-79.037947,43.269809],[-79.038213,43.26977600000001],[-79.03841,43.26973599999999],[-79.038693,43.269654],[-79.040134,43.26923699999998],[-79.04055,43.269152999999996],[-79.041334,43.269025],[-79.041542,43.26896299999999],[-79.041896,43.26882100000001],[-79.042063,43.268776999999986],[-79.042282,43.26875199999999],[-79.042632,43.268733999999995],[-79.042822,43.26870799999999],[-79.04295300000001,43.268661],[-79.043135,43.26855899999999],[-79.043263,43.268514],[-79.043365,43.26849299999999],[-79.044732,43.26840599999999],[-79.044969,43.268379999999986],[-79.045086,43.26837999999998],[-79.045148,43.26838599999999],[-79.045239,43.268395],[-79.045407,43.26842800000001],[-79.045502,43.268432],[-79.046388,43.268212999999996],[-79.046533,43.268162],[-79.046606,43.26812199999999],[-79.046661,43.26806299999999],[-79.046752,43.267881],[-79.046785,43.26784099999999],[-79.046829,43.267815999999996],[-79.047445,43.267615],[-79.04909700000002,43.267165],[-79.04995,43.26694100000001],[-79.050993,43.266714999999984],[-79.052039,43.266573],[-79.05238900000002,43.266537],[-79.052801,43.266456999999996],[-79.053993,43.266150999999994],[-79.055503,43.26579],[-79.056119,43.265619],[-79.056487,43.265506],[-79.058544,43.264726],[-79.059988,43.26426399999999],[-79.060294,43.26418],[-79.060538,43.264133],[-79.061238,43.264063],[-79.061508,43.264019999999995],[-79.0625,43.263794000000004],[-79.063169,43.263653999999995],[-79.06467,43.262754],[-79.06426,43.262021999999995],[-79.064038,43.26175799999999],[-79.063832,43.26135],[-79.062449,43.261528999999996],[-79.06223000000001,43.261503],[-79.060769,43.261334999999995],[-79.060131,43.261252],[-79.059923,43.26121200000001],[-79.059683,43.26111300000001],[-79.059402,43.260912999999995],[-79.059264,43.260792999999985],[-79.058407,43.25992599999999],[-79.058184,43.25975499999999],[-79.05794,43.259616],[-79.057655,43.259484999999984],[-79.05596,43.258883999999995],[-79.055184,43.258516],[-79.054965,43.25838099999999],[-79.05460400000001,43.258104],[-79.053838,43.25744799999999],[-79.053776,43.25738899999999],[-79.053313,43.256945999999985],[-79.052923,43.25651899999998],[-79.05277,43.25638099999999],[-79.052398,43.256079],[-79.052019,43.255729],[-79.051953,43.25564499999999],[-79.051858,43.255469999999995],[-79.05184,43.25537899999999],[-79.051829,43.255095],[-79.05183600000001,43.25497500000001],[-79.05268,43.25480999999999],[-79.055215,43.254319],[-79.055834,43.25419999999998],[-79.055932,43.254674],[-79.070452,43.262455],[-79.071532,43.263997],[-79.074774,43.26862499999999],[-79.075855,43.270168000000005],[-79.08562200000001,43.284226999999994],[-79.105302,43.312555],[-79.114442,43.32564899999999],[-79.114956,43.326385],[-79.124757,43.340422],[-79.148772,43.375055],[-79.200936,43.450421999999996],[-79.173811,43.460402]],[[-78.836623,43.31534499999999],[-78.836606,43.315205999999996],[-78.836574,43.315193],[-78.836495,43.315183000000005],[-78.836283,43.315189],[-78.836264,43.315191],[-78.836214,43.31519299999999],[-78.835967,43.315269],[-78.83587,43.31532099999999],[-78.835759,43.315414],[-78.835209,43.315979],[-78.835132,43.316072999999996],[-78.835053,43.31612199999999],[-78.835014,43.316137],[-78.834425,43.31636099999999],[-78.83438,43.31641599999999],[-78.834387,43.316638000000005],[-78.834403,43.316687],[-78.834486,43.31672799999999],[-78.834632,43.316739],[-78.834948,43.316734],[-78.835401,43.31672699999999],[-78.83550900000002,43.316703999999994],[-78.835561,43.31666599999999],[-78.83563800000002,43.316572],[-78.835891,43.31618699999999],[-78.836091,43.31591299999999],[-78.836148,43.315834],[-78.836294,43.315597999999994],[-78.836366,43.315536],[-78.836425,43.31551099999999],[-78.836574,43.31551099999999],[-78.836606,43.315501000000005],[-78.836623,43.31534499999999]]]},"properties":{"name":"Lk Ontario"}},{"type":"Feature","geometry":{"type":"Polygon","coordinates":[[[-78.548541,43.302795],[-78.548458,43.30330099999998],[-78.548389,43.30343299999999],[-78.548319,43.303468],[-78.548257,43.303485],[-78.548076,43.303502],[-78.547965,43.303502],[-78.547775,43.30347499999999],[-78.547688,43.30343599999999],[-78.547632,43.30337099999999],[-78.547588,43.30322499999998],[-78.54757,43.30310399999999],[-78.54759,43.30281],[-78.547601,43.30266],[-78.54765,43.302449],[-78.547664,43.302327],[-78.547612,43.302147],[-78.54762200000002,43.302049999999994],[-78.547653,43.302012000000005],[-78.547681,43.30200500000001],[-78.547782,43.302012000000005],[-78.547851,43.302032999999994],[-78.54809,43.30219199999999],[-78.54833,43.30241699999999],[-78.548448,43.30256],[-78.548497,43.30264699999999],[-78.548534,43.302736],[-78.548541,43.302795]]]},"properties":{"name":null}},{"type":"Feature","geometry":{"type":"Polygon","coordinates":[[[-79.022103,43.143936999999994],[-79.02197900000002,43.143935],[-79.02188700000002,43.14393399999999],[-79.021783,43.143934],[-79.021611,43.143904],[-79.02149,43.14388399999999],[-79.021405,43.14387],[-79.021306,43.143842],[-79.021221,43.14384199999999],[-79.02115,43.14386999999999],[-79.021107,43.143969],[-79.021171,43.14548400000001],[-79.021114,43.145711000000006],[-79.020243,43.147536999999986],[-79.018798,43.15095],[-79.01864200000001,43.15114799999999],[-79.018422,43.151346000000004],[-79.011741,43.154928],[-79.006051,43.15801499999999],[-79.004025,43.159091],[-79.003643,43.15920499999999],[-79.001831,43.159372],[-79.001608,43.15939999999999],[-79.000005,43.159601999999985],[-78.99759200000001,43.159884000000005],[-78.996097,43.160083],[-78.994864,43.160236],[-78.994806,43.160243000000015],[-78.99154,43.160665],[-78.988789,43.160996],[-78.98874800000002,43.161001],[-78.98684800000001,43.16125100000001],[-78.983675,43.161647],[-78.983348,43.16167699999999],[-78.983222,43.16165],[-78.9831,43.161589000000006],[-78.983009,43.16152199999999],[-78.982921,43.16139299999999],[-78.982774,43.161146999999985],[-78.982494,43.160679],[-78.98195100000001,43.159721000000005],[-78.980894,43.15799299999998],[-78.980782,43.15780999999999],[-78.979648,43.15589],[-78.979094,43.154928999999996],[-78.978611,43.153980999999995],[-78.978332,43.153406],[-78.97823,43.15323699999999],[-78.97822300000001,43.153013],[-78.978122,43.15283000000001],[-78.977912,43.1526],[-78.97781,43.152458],[-78.977011,43.150855],[-78.97518900000001,43.147301],[-78.974224,43.145379],[-78.973652,43.144282],[-78.97359,43.14412000000001],[-78.97357,43.144011],[-78.97359,43.143924],[-78.973658,43.14385599999999],[-78.974667,43.143442999999984],[-78.977455,43.14224500000001],[-78.986181,43.138576],[-78.987339,43.138037999999995],[-78.987515,43.13801099999999],[-78.989449,43.138022],[-78.992387,43.13806799999999],[-78.995498,43.138038],[-78.996758,43.13804700000001],[-78.998508,43.13795399999999],[-79.000005,43.137995000000004],[-79.002267,43.138025000000006],[-79.003141,43.13803600000001],[-79.003972,43.138034999999995],[-79.006128,43.138029],[-79.006312,43.138029],[-79.009447,43.137994],[-79.012603,43.138014999999996],[-79.014753,43.137975999999995],[-79.016581,43.137942],[-79.018002,43.137916],[-79.018314,43.137944000000005],[-79.018527,43.137972999999995],[-79.019752,43.13948799999999],[-79.020692,43.140768],[-79.020957,43.14113],[-79.021212,43.141555000000004],[-79.021495,43.141597999999995],[-79.021861,43.141598999999985],[-79.022094,43.141601],[-79.022103,43.143936999999994]]]},"properties":{"name":"Tuscarora Resv"}},{"type":"Feature","geometry":{"type":"Polygon","coordinates":[[[-79.075367,43.08135499999999],[-79.074003,43.083012],[-79.069151,43.08803],[-79.067852,43.0894],[-79.067333,43.089946999999995],[-79.067222,43.09003599999999],[-79.066676,43.090476],[-79.066222,43.09084099999999],[-79.065961,43.09105199999999],[-79.064196,43.094578999999996],[-79.063559,43.095855000000014],[-79.062287,43.098375999999995],[-79.058473,43.10594],[-79.057961,43.10695699999999],[-79.058037,43.10820099999999],[-79.058067,43.108455000000006],[-79.058088,43.108544],[-79.05811,43.10863299999998],[-79.05814,43.108762],[-79.058184,43.108943999999994],[-79.058232,43.109149],[-79.058257,43.10925599999999],[-79.058262,43.10927900000001],[-79.058647,43.110919999999986],[-79.060105,43.113866],[-79.062563,43.11609199999999],[-79.069649,43.120321999999994],[-79.05940900000002,43.126476],[-79.057087,43.127036999999994],[-79.05412300000002,43.12936899999999],[-79.052548,43.13163900000001],[-79.05218,43.13206199999999],[-79.04949,43.135149],[-79.043673,43.138405999999996],[-79.042299,43.143663],[-79.042824,43.14927599999999],[-79.044217,43.15187900000001],[-79.044414,43.15297],[-79.044429,43.153067],[-79.044948,43.155924],[-79.04663,43.162373999999986],[-79.048469,43.164545999999994],[-79.051069,43.16761699999999],[-79.053185,43.173567000000006],[-79.053305,43.173905],[-79.052958,43.179849],[-79.052713,43.18405899999999],[-79.050514,43.192867],[-79.048694,43.200158],[-79.05655900000001,43.210316999999996],[-79.05438,43.218468],[-79.05304600000001,43.22346],[-79.054418,43.23127699999999],[-79.05538800000001,43.236754],[-79.055528,43.237601],[-79.05579,43.23909400000001],[-79.054679,43.24875899999999],[-79.055668,43.253427000000016],[-79.055834,43.25419999999998],[-79.055215,43.254319],[-79.05268,43.25480999999999],[-79.05183600000001,43.25497500000001],[-79.051839,43.254911],[-79.051858,43.254819999999995],[-79.051887,43.254777],[-79.051906,43.25475099999999],[-79.051944,43.254721],[-79.051948,43.254681],[-79.051594,43.254383999999995],[-79.051566,43.254349],[-79.051534,43.25431],[-79.051493,43.25415799999998],[-79.051381,43.253738999999996],[-79.051361,43.253721],[-79.051175,43.25366100000001],[-79.051111,43.25362799999999],[-79.050994,43.25353199999999],[-79.050903,43.25344199999999],[-79.050825,43.25328799999998],[-79.05071,43.252731999999995],[-79.050626,43.25255700000001],[-79.050606,43.252493],[-79.050604,43.25236900000001],[-79.050633,43.25226],[-79.05092300000001,43.25167],[-79.050939,43.251605999999995],[-79.050927,43.25143500000001],[-79.050905,43.251406],[-79.050768,43.25135500000001],[-79.050728,43.25132599999999],[-79.050711,43.251301999999995],[-79.050708,43.25126399999999],[-79.050733,43.25118899999999],[-79.05095,43.25085700000001],[-79.051027,43.250675],[-79.051074,43.25051299999999],[-79.051091,43.250402999999984],[-79.051119,43.25022700000002],[-79.05116,43.249904],[-79.051266,43.24954499999999],[-79.05128,43.249325],[-79.051231,43.248816],[-79.051216,43.247839],[-79.051227,43.247661],[-79.051245,43.247370999999994],[-79.051358,43.246961],[-79.051684,43.245998],[-79.051769,43.24557299999999],[-79.05186,43.24453299999998],[-79.052145,43.243718],[-79.052224,43.24329199999999],[-79.05218,43.24315099999998],[-79.052162,43.24301],[-79.052189,43.242473000000004],[-79.052201,43.241735999999996],[-79.052228,43.240987],[-79.052162,43.24038300000001],[-79.052221,43.239517],[-79.052237,43.239299999999986],[-79.052226,43.239108],[-79.05218,43.238281],[-79.052208,43.237899],[-79.052209,43.237694999999995],[-79.052214,43.236754999999995],[-79.052215,43.236582],[-79.052292,43.23628599999999],[-79.0523,43.23625599999999],[-79.052357,43.23574599999999],[-79.0523,43.235251],[-79.052215,43.234939000000004],[-79.052088,43.234161],[-79.051775,43.23305700000002],[-79.051755,43.232985],[-79.051415,43.23196599999999],[-79.05116,43.230975],[-79.05087600000002,43.230309000000005],[-79.050402,43.22899199999999],[-79.049792,43.226458],[-79.049261,43.224801],[-79.049176,43.224419],[-79.049034,43.22407900000001],[-79.048939,43.223707999999995],[-79.048864,43.22256399999999],[-79.048868,43.222156999999996],[-79.048885,43.22082199999999],[-79.048904,43.22061299999999],[-79.048943,43.220361999999994],[-79.048999,43.220178999999995],[-79.049008,43.220074999999994],[-79.04896800000002,43.21998899999999],[-79.048949,43.219892999999985],[-79.048949,43.21982199999999],[-79.049089,43.21916399999999],[-79.049135,43.21888299999999],[-79.049301,43.218450000000004],[-79.049324,43.21838900000001],[-79.049543,43.217919],[-79.049617,43.21778299999999],[-79.049646,43.217730999999986],[-79.049779,43.21756399999999],[-79.049912,43.21725499999998],[-79.050138,43.216979999999985],[-79.050181,43.21686899999999],[-79.050196,43.21676399999999],[-79.050224,43.216665],[-79.050279,43.21652999999999],[-79.050552,43.216002],[-79.050656,43.215852],[-79.051079,43.21524699999999],[-79.05123,43.215030999999996],[-79.051646,43.21437799999999],[-79.052088,43.213686],[-79.052584,43.21265199999999],[-79.052683,43.212327],[-79.05274,43.21200099999999],[-79.052768,43.21167500000001],[-79.052745,43.211530999999994],[-79.052697,43.211221999999985],[-79.052591,43.210925],[-79.052417,43.210555],[-79.052364,43.21044299999999],[-79.051429,43.209311],[-79.050612,43.208382],[-79.04966000000002,43.20729799999999],[-79.046986,43.203434],[-79.046653,43.20300999999999],[-79.046483,43.20269799999999],[-79.046356,43.202273],[-79.046285,43.20191899999999],[-79.046172,43.20149399999999],[-79.04610800000002,43.201297999999994],[-79.04603,43.201055999999994],[-79.045846,43.200163],[-79.045775,43.19992299999999],[-79.04564,43.199270999999996],[-79.045471,43.198544999999996],[-79.045456,43.198479],[-79.045456,43.198322999999995],[-79.045456,43.198082],[-79.045481,43.197655999999995],[-79.045484,43.197615],[-79.045523,43.197438],[-79.04573,43.196498],[-79.045853,43.19594399999999],[-79.046386,43.19368600000001],[-79.046504,43.19319],[-79.046567,43.192742],[-79.046653,43.19213499999999],[-79.046859,43.19039300000001],[-79.046908,43.18993999999999],[-79.047071,43.188468],[-79.047248,43.18750099999999],[-79.04737100000001,43.187023999999994],[-79.047442,43.186626999999994],[-79.04749200000002,43.186202999999985],[-79.047655,43.185826999999996],[-79.047864,43.18559399999999],[-79.047885,43.185522999999996],[-79.04785,43.18538900000001],[-79.047786,43.185296],[-79.04775,43.18521899999999],[-79.04775800000002,43.185098],[-79.047928,43.18438999999999],[-79.048133,43.18368199999999],[-79.048268,43.18305899999999],[-79.048669,43.18179899999999],[-79.048679,43.18177099999998],[-79.048834,43.18090699999998],[-79.04893,43.18022],[-79.048916,43.180021999999994],[-79.048951,43.17993],[-79.049008,43.179881],[-79.049005,43.179838999999994],[-79.049011,43.179787999999995],[-79.049059,43.17942199999999],[-79.049065,43.179404000000005],[-79.049051,43.17929300000001],[-79.049104,43.179072999999995],[-79.049095,43.17904599999999],[-79.04909,43.179030999999995],[-79.049004,43.17893200000001],[-79.048969,43.17884700000001],[-79.048965,43.178799000000005],[-79.048955,43.178641999999996],[-79.048976,43.178557],[-79.048962,43.178329999999995],[-79.048969,43.17821000000001],[-79.049019,43.178033],[-79.049059,43.177959],[-79.04909,43.177904999999996],[-79.049111,43.17781999999998],[-79.04909,43.177749999999996],[-79.049055,43.17769599999998],[-79.048934,43.17750899999999],[-79.048877,43.177381],[-79.04887,43.17730399999999],[-79.04888400000002,43.177219],[-79.04889,43.177025],[-79.048895,43.17687900000001],[-79.048923,43.176518],[-79.048966,43.176348],[-79.049008,43.176284],[-79.049128,43.17618499999998],[-79.049136,43.176092999999995],[-79.049093,43.175901999999994],[-79.049093,43.17575999999998],[-79.04915,43.17530699999998],[-79.049231,43.174989],[-79.049244,43.174963],[-79.049352,43.174762],[-79.049479,43.174585],[-79.049536,43.174535],[-79.049619,43.174533999999994],[-79.049656,43.174521],[-79.04966000000002,43.174445],[-79.04967,43.174254999999995],[-79.049688,43.17395],[-79.04963,43.173915],[-79.049525,43.17387399999999],[-79.049511,43.173838999999994],[-79.049507,43.173793999999994],[-79.049503,43.17374],[-79.049528,43.173607],[-79.049557,43.173452000000005],[-79.049633,43.172883],[-79.049646,43.172793999999996],[-79.049679,43.172691],[-79.049717,43.172518],[-79.049724,43.172256],[-79.049706,43.17181699999999],[-79.049713,43.171725],[-79.049685,43.17168899999999],[-79.049649,43.171668000000004],[-79.049628,43.17163299999999],[-79.049635,43.171575999999995],[-79.049678,43.171518999999996],[-79.049699,43.17146299999999],[-79.049678,43.17135],[-79.049571,43.171166],[-79.049543,43.171065999999996],[-79.049543,43.170791],[-79.049543,43.170712],[-79.049635,43.170386999999984],[-79.049642,43.170224],[-79.049597,43.17007999999999],[-79.049589,43.170054],[-79.049518,43.16996199999999],[-79.049493,43.169887],[-79.049481,43.16980399999999],[-79.049469,43.169707],[-79.049511,43.169218999999984],[-79.049511,43.16902],[-79.049476,43.16889299999999],[-79.049412,43.16865199999999],[-79.049388,43.16860099999999],[-79.04927,43.168348],[-79.048944,43.167789],[-79.048911,43.16775199999999],[-79.048863,43.167696],[-79.048735,43.167596999999994],[-79.048671,43.167476999999984],[-79.04857900000002,43.167342],[-79.048466,43.167243],[-79.048069,43.166847],[-79.047672,43.16637999999999],[-79.047354,43.165918999999995],[-79.047182,43.165441999999985],[-79.047166,43.165395999999994],[-79.047017,43.165105],[-79.046918,43.16494999999999],[-79.046826,43.16464899999999],[-79.04679,43.16455599999999],[-79.046695,43.164311999999995],[-79.04656,43.164114],[-79.046192,43.16364699999999],[-79.046142,43.163595],[-79.045937,43.163377999999994],[-79.045745,43.163101999999995],[-79.045589,43.16280399999999],[-79.04533400000001,43.162167],[-79.045317,43.161934],[-79.045281,43.161842],[-79.045246,43.161806],[-79.04521,43.16158699999998],[-79.045225,43.161232999999996],[-79.045217,43.16098499999999],[-79.045182,43.16081499999999],[-79.04509,43.16053899999999],[-79.04498200000002,43.160402000000005],[-79.044973,43.16039],[-79.044923,43.160276999999994],[-79.044831,43.15998],[-79.04471,43.159273],[-79.044716,43.157945999999995],[-79.044712,43.15778699999999],[-79.044621,43.15751199999999],[-79.044526,43.157382],[-79.044451,43.15732499999999],[-79.044294,43.15704999999999],[-79.044191,43.156767],[-79.044149,43.156447],[-79.044054,43.155907],[-79.04403400000001,43.15564100000001],[-79.044042,43.15523700000001],[-79.043976,43.154863],[-79.043988,43.154641999999996],[-79.044038,43.15445799999999],[-79.044058,43.154330999999985],[-79.044041,43.15414099999999],[-79.044038,43.15409600000001],[-79.044001,43.153987],[-79.04385600000002,43.15316999999999],[-79.043843,43.153008],[-79.04384,43.152969000000006],[-79.043837,43.15292699999999],[-79.043835,43.152900999999986],[-79.04381,43.15284100000001],[-79.043814,43.152795999999995],[-79.043799,43.15276800000001],[-79.043794,43.152753],[-79.043782,43.15273599999999],[-79.04374,43.152657],[-79.043492,43.152044],[-79.043393,43.151706],[-79.043182,43.15136900000001],[-79.042746,43.150857],[-79.042152,43.150159],[-79.041912,43.14989700000001],[-79.04178,43.149731],[-79.04173500000002,43.149619],[-79.041664,43.14939],[-79.041673,43.14914799999999],[-79.041743,43.148861999999994],[-79.041784,43.14841799999999],[-79.04182100000001,43.148312000000004],[-79.041896,43.147642999999995],[-79.041896,43.14750699999999],[-79.041859,43.147389],[-79.041854,43.147148],[-79.04183,43.147003],[-79.041801,43.14696099999999],[-79.04178,43.146846],[-79.041652,43.144718999999995],[-79.041621,43.14463399999999],[-79.041578,43.144556],[-79.04151400000002,43.14449199999999],[-79.041489,43.144483],[-79.04111,43.14435799999999],[-79.04094,43.144329000000006],[-79.040891,43.14428],[-79.040877,43.14420299999998],[-79.040097,43.14413600000001],[-79.039945,43.144122999999986],[-79.039368,43.14407399999999],[-79.039462,43.142709],[-79.039596,43.141400999999995],[-79.039809,43.14140299999998],[-79.039891,43.141402],[-79.0406,43.14140199999999],[-79.040896,43.141384],[-79.041231,43.141364],[-79.041245,43.14131599999999],[-79.041288,43.141286],[-79.04133,43.141270999999996],[-79.041443,43.141271],[-79.041762,43.14131900000001],[-79.041892,43.141285999999994],[-79.041925,43.14124499999999],[-79.041954,43.141155],[-79.041982,43.14070400000001],[-79.041925,43.140266000000004],[-79.041904,43.139784],[-79.041943,43.139422999999994],[-79.041978,43.13934499999999],[-79.042,43.13924600000001],[-79.041886,43.139075999999996],[-79.041886,43.138997999999994],[-79.041922,43.138899],[-79.041964,43.13882099999999],[-79.042113,43.138651],[-79.042134,43.13853799999999],[-79.042134,43.138467],[-79.042262,43.138354],[-79.042439,43.13823399999998],[-79.042517,43.13812],[-79.042588,43.137979],[-79.0428,43.13772399999999],[-79.042914,43.137631999999996],[-79.043378,43.137342],[-79.04342,43.137299],[-79.043434,43.137242],[-79.04342,43.137193999999994],[-79.043392,43.13714299999999],[-79.043406,43.137100999999994],[-79.043427,43.13708],[-79.043533,43.13703000000001],[-79.044051,43.13671899999999],[-79.044178,43.136591],[-79.044299,43.136527000000015],[-79.044518,43.136449999999996],[-79.04522,43.136159],[-79.045772,43.135742],[-79.046236,43.135549999999995],[-79.046513,43.135458],[-79.04674,43.135409],[-79.046924,43.135401999999985],[-79.047101,43.13537299999999],[-79.047257,43.135317],[-79.047576,43.135119],[-79.047809,43.13488499999999],[-79.047951,43.13476500000001],[-79.048277,43.13458800000001],[-79.048887,43.134118999999984],[-79.049127,43.13393599999999],[-79.049641,43.133596],[-79.049981,43.133271],[-79.050201,43.13298799999998],[-79.050689,43.13240699999999],[-79.050987,43.132096],[-79.051034,43.132055],[-79.051224,43.13189],[-79.051274,43.131869],[-79.051345,43.131812],[-79.051515,43.131564999999995],[-79.05182,43.131388],[-79.052025,43.131189],[-79.052231,43.131012],[-79.052379,43.130827999999994],[-79.052634,43.130581],[-79.052705,43.130446],[-79.05279,43.130156],[-79.05299900000001,43.129802],[-79.053155,43.129639],[-79.053318,43.129326999999996],[-79.053998,43.128804],[-79.054467,43.128288],[-79.055114,43.127727],[-79.055334,43.127607],[-79.055716,43.127365999999995],[-79.056,43.127160999999994],[-79.056059,43.12711199999999],[-79.05646,43.126786],[-79.056691,43.126558],[-79.056868,43.126484],[-79.057375,43.12623399999998],[-79.057611,43.12609500000001],[-79.05775,43.12606499999998],[-79.058052,43.126028],[-79.058626,43.125926],[-79.05892,43.12588899999999],[-79.059185,43.125874],[-79.059428,43.125801],[-79.060102,43.12535599999999],[-79.060306,43.125155],[-79.060728,43.124791],[-79.060942,43.124638999999995],[-79.061019,43.124551999999994],[-79.061077,43.124456],[-79.061244,43.124296],[-79.061642,43.124057999999984],[-79.062037,43.12379099999998],[-79.062237,43.12364199999999],[-79.062496,43.123486],[-79.063317,43.12291799999999],[-79.063583,43.122762],[-79.063978,43.122402],[-79.064227,43.122249],[-79.064881,43.121968999999986],[-79.065124,43.121879],[-79.065262,43.12185799999999],[-79.065595,43.12185799999999],[-79.065761,43.121817],[-79.065941,43.12175500000001],[-79.067333,43.121125],[-79.067499,43.121021],[-79.067551,43.120920999999996],[-79.067579,43.120726999999995],[-79.067579,43.120499],[-79.067558,43.120298],[-79.067427,43.11995199999999],[-79.067253,43.119281],[-79.06715,43.119127999999996],[-79.067087,43.11908],[-79.066938,43.11904199999999],[-79.066876,43.119056],[-79.066841,43.119082999999996],[-79.066786,43.11908999999999],[-79.066717,43.11907],[-79.066613,43.11897300000001],[-79.066447,43.11886199999999],[-79.06635,43.118737],[-79.066211,43.118674999999996],[-79.06608,43.11863999999999],[-79.065581,43.118612999999996],[-79.065352,43.11858499999999],[-79.064909,43.11844000000001],[-79.064643,43.118297999999996],[-79.064469,43.11819399999999],[-79.063825,43.117868999999985],[-79.063645,43.117751],[-79.063496,43.11757999999999],[-79.063381,43.117401999999984],[-79.063168,43.11711499999999],[-79.063022,43.116857999999986],[-79.062993,43.116818],[-79.062333,43.116018],[-79.061585,43.115334999999995],[-79.060951,43.114855999999996],[-79.06065,43.114522],[-79.060041,43.113969],[-79.05988800000002,43.113622],[-79.059775,43.11343499999999],[-79.059179,43.112398],[-79.059009,43.112032000000006],[-79.058798,43.111439],[-79.05861,43.110998],[-79.05846,43.110751],[-79.058297,43.11046],[-79.05810900000002,43.110245],[-79.057959,43.110161000000005],[-79.057906,43.110116],[-79.057862,43.110030999999985],[-79.057856,43.110020999999996],[-79.057827,43.10997499999999],[-79.057758,43.10978899999999],[-79.057705,43.10951699999999],[-79.057687,43.10942099999999],[-79.05768,43.10934199999999],[-79.057662,43.109308999999996],[-79.057641,43.109229],[-79.057553,43.108883],[-79.057535,43.10881199999999],[-79.057522,43.10876799999998],[-79.057519,43.108748],[-79.057514,43.10872799999999],[-79.057512,43.108703],[-79.057482,43.108625999999994],[-79.057326,43.108484],[-79.057181,43.10829699999999],[-79.057147,43.108202999999996],[-79.057132,43.107964],[-79.05715,43.107867000000006],[-79.05728,43.107676],[-79.057395,43.107314],[-79.057423,43.107166],[-79.057393,43.106967000000004],[-79.057305,43.106876],[-79.057234,43.106769],[-79.057224,43.10673799999999],[-79.057229,43.10667000000001],[-79.057214,43.106631],[-79.057168,43.106610999999994],[-79.057106,43.106597999999984],[-79.057043,43.10654199999999],[-79.05692,43.106383999999984],[-79.056804,43.106075000000004],[-79.056747,43.10592299999999],[-79.056734,43.10580899999999],[-79.056769,43.10562000000001],[-79.056818,43.105483],[-79.056882,43.10535999999999],[-79.056976,43.10525299999999],[-79.056981,43.105144],[-79.056972,43.105126999999996],[-79.057089,43.10488200000001],[-79.057196,43.104696],[-79.05720600000001,43.104624],[-79.057186,43.10455499999999],[-79.057073,43.10443599999999],[-79.057048,43.104374],[-79.057074,43.10391499999999],[-79.057095,43.10373499999999],[-79.05715,43.103528000000004],[-79.057261,43.103362000000004],[-79.057476,43.103083999999996],[-79.057702,43.102851],[-79.058042,43.10262499999999],[-79.058325,43.102487],[-79.05863300000001,43.10226699999998],[-79.058823,43.10204999999999],[-79.058954,43.10185],[-79.059186,43.101189],[-79.059318,43.100774],[-79.059442,43.100483],[-79.05956,43.100351],[-79.05971200000002,43.10020600000001],[-79.059927,43.100033],[-79.060232,43.09981199999999],[-79.06037,43.099687],[-79.060564,43.099466],[-79.060789,43.099234],[-79.06142,43.09872899999999],[-79.061429,43.098717],[-79.06169,43.098382999999984],[-79.061821,43.098029999999994],[-79.061863,43.09784299999998],[-79.061856,43.097635],[-79.061762,43.097389],[-79.061693,43.097257999999975],[-79.061652,43.09711300000001],[-79.06165900000002,43.096753],[-79.061686,43.096599999999995],[-79.061769,43.096447999999995],[-79.061929,43.096254000000016],[-79.062147,43.09602999999999],[-79.062213,43.095946000000005],[-79.062496,43.095584999999986],[-79.062741,43.095313000000004],[-79.062858,43.095128],[-79.062955,43.09493899999999],[-79.06308,43.094628],[-79.0631,43.094595999999996],[-79.063381,43.094168],[-79.063492,43.093765999999995],[-79.063596,43.093337],[-79.063883,43.092759],[-79.063932,43.09269],[-79.064036,43.092621],[-79.064139,43.09252399999999],[-79.064209,43.09242],[-79.064396,43.09207399999999],[-79.064479,43.091971],[-79.064603,43.091881],[-79.06477,43.09178399999998],[-79.064922,43.091735],[-79.065005,43.09166599999999],[-79.065068,43.09152799999999],[-79.065116,43.091319999999996],[-79.065334,43.090810999999995],[-79.065492,43.090513],[-79.065604,43.090305999999984],[-79.065701,43.09018799999999],[-79.06581900000002,43.09008499999999],[-79.066106,43.089856999999995],[-79.066574,43.089484999999996],[-79.066652,43.089423],[-79.066668,43.08941099999999],[-79.066682,43.089398999999986],[-79.06693,43.08920200000001],[-79.067162,43.089031],[-79.067353,43.088891000000004],[-79.068364,43.08804000000001],[-79.068643,43.08773600000001],[-79.069025,43.08732299999999],[-79.069261,43.087095],[-79.069566,43.08690099999999],[-79.069753,43.08679699999999],[-79.069954,43.086651999999994],[-79.070016,43.08655499999999],[-79.07007100000001,43.08641000000001],[-79.070113,43.08619499999999],[-79.07012,43.08604999999999],[-79.070106,43.08593899999999],[-79.070044,43.085863],[-79.069947,43.08580099999999],[-79.069794,43.085766],[-79.069206,43.085752],[-79.069032,43.085732],[-79.068627,43.085514],[-79.06853,43.08547200000001],[-79.068413,43.08543800000001],[-79.067762,43.085188],[-79.067678,43.085133],[-79.067512,43.085070999999985],[-79.067408,43.085064],[-79.067249,43.085071],[-79.067041,43.08505],[-79.066792,43.085009],[-79.066335,43.084884],[-79.065992,43.084734999999995],[-79.06566,43.084618000000006],[-79.065536,43.084563999999986],[-79.065216,43.084424],[-79.065115,43.08435899999999],[-79.06478700000001,43.084147],[-79.064171,43.08366899999999],[-79.06363,43.08331700000001],[-79.063471,43.083198999999986],[-79.063149,43.08289099999999],[-79.063073,43.08280399999999],[-79.063061,43.082789],[-79.063048,43.08277499999999],[-79.062496,43.082143],[-79.062309,43.082029999999996],[-79.062173,43.081808999999986],[-79.062049,43.08164],[-79.061831,43.08149],[-79.061765,43.081362000000006],[-79.061689,43.081278999999995],[-79.061578,43.08122399999999],[-79.061391,43.081189],[-79.061177,43.08116900000001],[-79.061024,43.08113399999999],[-79.061,43.081118999999994],[-79.060913,43.081064999999995],[-79.060789,43.081022999999995],[-79.06056,43.08099599999999],[-79.060117,43.08096799999999],[-79.059861,43.080933],[-79.058701,43.080735999999995],[-79.057987,43.080653],[-79.056955,43.080556],[-79.056214,43.080529],[-79.055241,43.080518000000005],[-79.054452,43.080448999999994],[-79.053919,43.080373],[-79.053462,43.080324],[-79.052752,43.08020299999999],[-79.052733,43.080197999999996],[-79.050285,43.079581000000005],[-79.050038,43.079516],[-79.049652,43.079414],[-79.048934,43.07925999999998],[-79.048345,43.07925999999999],[-79.047775,43.079222],[-79.046558,43.079783],[-79.045993,43.079514999999994],[-79.046404,43.07920299999999],[-79.046778,43.078816],[-79.046813,43.078704999999985],[-79.04682,43.078614999999985],[-79.046785,43.07847699999999],[-79.046681,43.07835899999999],[-79.04619,43.078151],[-79.045528,43.077975],[-79.04485,43.077906],[-79.043873,43.07784999999999],[-79.043222,43.07785],[-79.040045,43.077903],[-79.039989,43.077904],[-79.03735600000002,43.077925999999984],[-79.031656,43.078086],[-79.028651,43.07814799999999],[-79.02657100000002,43.078205],[-79.02626,43.07817999999999],[-79.026177,43.078188999999995],[-79.02614,43.078211999999986],[-79.026016,43.07834499999999],[-79.025966,43.07835899999999],[-79.025893,43.07835899999999],[-79.025806,43.07833999999999],[-79.025746,43.07830799999999],[-79.025709,43.078244],[-79.025673,43.078220999999985],[-79.025594,43.078212],[-79.025457,43.078211999999986],[-79.025184,43.078228999999986],[-79.023508,43.078255],[-79.02241100000002,43.07822399999999],[-79.02194,43.078182999999996],[-79.021552,43.078134],[-79.021032,43.078044],[-79.02056,43.07794499999999],[-79.020284,43.077901],[-79.018817,43.07762799999999],[-79.018577,43.077584],[-79.016823,43.07730300000001],[-79.014453,43.07690899999999],[-79.012074,43.076525],[-79.011562,43.076428],[-79.010762,43.076196],[-79.010028,43.075953999999996],[-79.008698,43.075463],[-79.005813,43.074449],[-79.005484,43.074349],[-79.004044,43.073996],[-79.0038,43.073965],[-79.003711,43.073954],[-79.003414,43.073968],[-79.00297,43.073891999999994],[-79.00197,43.07377799999999],[-79.00073,43.07368799999999],[-79.000197,43.07367399999998],[-78.999992,43.07365],[-78.999147,43.073634],[-78.998318,43.07365599999999],[-78.997781,43.07370699999999],[-78.997543,43.07372999999999],[-78.995595,43.073868],[-78.99490000000002,43.07390699999999],[-78.993873,43.073996],[-78.993594,43.074006000000004],[-78.993296,43.074006],[-78.993186,43.073985],[-78.992881,43.07396],[-78.991504,43.074042],[-78.990945,43.074045999999996],[-78.990925,43.07404699999999],[-78.990904,43.074046],[-78.990597,43.074049],[-78.990516,43.07404899999999],[-78.989592,43.074048999999995],[-78.989109,43.074048999999995],[-78.98874800000002,43.07405599999999],[-78.9885,43.07407],[-78.988408,43.074055999999985],[-78.988394,43.074012999999994],[-78.988394,43.073971],[-78.988458,43.07388600000001],[-78.988458,43.073828999999996],[-78.988387,43.073737],[-78.988302,43.073681],[-78.988188,43.073652],[-78.987636,43.073659],[-78.98731700000002,43.073652],[-78.986906,43.073609999999995],[-78.98689,43.073611],[-78.986715,43.07363099999999],[-78.986634,43.07361999999999],[-78.986503,43.073559999999986],[-78.98636500000002,43.07355],[-78.986194,43.07357799999999],[-78.985885,43.073551999999985],[-78.985588,43.07352800000001],[-78.98544,43.073505],[-78.985068,43.073449999999994],[-78.985004,43.073421999999994],[-78.98499,43.07328799999999],[-78.98498300000001,43.07266499999999],[-78.984969,43.072615],[-78.984883,43.07262599999999],[-78.98444,43.072685],[-78.984187,43.07271899999999],[-78.983615,43.072787999999996],[-78.98283,43.072884],[-78.981958,43.07295500000001],[-78.981774,43.072962],[-78.981604,43.072919],[-78.981139,43.072877],[-78.980903,43.072855999999994],[-78.980712,43.07286299999999],[-78.980682,43.072875],[-78.980669,43.072918],[-78.980665,43.073039],[-78.98064,43.073105],[-78.98057,43.073111],[-78.980507,43.073102999999996],[-78.980456,43.07309600000001],[-78.980187,43.073047],[-78.980157,43.073034],[-78.980131,43.073004],[-78.980118,43.07289299999999],[-78.980104,43.07287799999999],[-78.97962,43.07288299999998],[-78.979591,43.072874000000006],[-78.979544,43.072858999999994],[-78.97952500000001,43.07284],[-78.979373,43.07284099999999],[-78.979051,43.07286299999999],[-78.978998,43.072873],[-78.978842,43.07298299999999],[-78.9787,43.073047],[-78.978544,43.07309599999999],[-78.978048,43.073167],[-78.977729,43.073166999999984],[-78.97746,43.073181000000005],[-78.977269,43.07314599999999],[-78.97666,43.07314599999999],[-78.976538,43.07315299999999],[-78.976304,43.073168],[-78.975903,43.073179999999994],[-78.975712,43.073161999999996],[-78.975631,43.073162],[-78.975564,43.073136999999996],[-78.975551,43.07307499999998],[-78.975551,43.073007],[-78.975601,43.072958],[-78.975699,43.072939999999996],[-78.975806,43.072935],[-78.975896,43.072931],[-78.976834,43.07282],[-78.97687,43.07280699999999],[-78.976933,43.072658999999994],[-78.976974,43.072519],[-78.976994,43.07245299999999],[-78.977146,43.072236999999994],[-78.977192,43.072099],[-78.977192,43.072056999999994],[-78.977171,43.072011],[-78.977086,43.071968],[-78.97699,43.071968],[-78.976887,43.07191499999999],[-78.974761,43.071878],[-78.974433,43.07187299999998],[-78.974188,43.07187299999999],[-78.97332800000001,43.07184099999999],[-78.972474,43.071873],[-78.972301,43.071905],[-78.972084,43.07199700000001],[-78.971985,43.07201400000001],[-78.971805,43.072025],[-78.971493,43.072004],[-78.971294,43.07206399999999],[-78.971094,43.072187],[-78.97059,43.07239200000001],[-78.970385,43.072450999999994],[-78.969957,43.072520999999995],[-78.969734,43.072515],[-78.969564,43.07249800000001],[-78.96878,43.072553],[-78.968553,43.07259499999999],[-78.967441,43.07273699999998],[-78.967073,43.072751],[-78.966719,43.072751],[-78.966301,43.072708],[-78.966173,43.072679999999984],[-78.966109,43.072652000000005],[-78.965982,43.07262999999999],[-78.9659,43.07263600000001],[-78.965881,43.072638000000005],[-78.965755,43.07262999999998],[-78.965528,43.072515],[-78.965429,43.072503],[-78.965316,43.07255299999999],[-78.965247,43.07254999999999],[-78.965139,43.072495999999994],[-78.964997,43.072482],[-78.96482,43.072482],[-78.964742,43.07245299999998],[-78.964636,43.072375999999984],[-78.964579,43.07229100000001],[-78.964473,43.072247999999995],[-78.964126,43.072213],[-78.96341,43.07219099999999],[-78.96312,43.072191],[-78.963035,43.07218799999999],[-78.962539,43.07217],[-78.96215,43.072134999999996],[-78.962057,43.07209199999999],[-78.96193,43.072007],[-78.96188,43.07193],[-78.961866,43.07184399999999],[-78.961873,43.071646],[-78.961795,43.071611],[-78.961484,43.07161099999999],[-78.96124300000001,43.071631999999994],[-78.961044,43.071665],[-78.960932,43.071648],[-78.960879,43.071619],[-78.960783,43.07146199999999],[-78.960669,43.07141299999999],[-78.960513,43.071376999999984],[-78.95933,43.07119299999999],[-78.958714,43.071186],[-78.958282,43.07119999999999],[-78.958041,43.071193],[-78.95797,43.07117900000001],[-78.95790600000001,43.071121999999995],[-78.957807,43.070924],[-78.957708,43.07084600000001],[-78.957581,43.070810999999985],[-78.957177,43.070789999999995],[-78.957127,43.070810999999985],[-78.957106,43.070882000000005],[-78.957049,43.070994999999996],[-78.956964,43.071065999999995],[-78.95683,43.07108],[-78.956716,43.071037],[-78.956589,43.071009],[-78.956263,43.07104399999999],[-78.956148,43.071043999999986],[-78.956044,43.071029999999986],[-78.955951,43.07104399999999],[-78.955859,43.071044],[-78.95568900000002,43.07101599999999],[-78.955307,43.071002],[-78.954719,43.070967],[-78.954379,43.070967],[-78.954329,43.070987999999986],[-78.954315,43.071186],[-78.95428,43.07132100000001],[-78.954216,43.071405999999996],[-78.95382600000002,43.071632],[-78.95355,43.07173799999999],[-78.953281,43.07176],[-78.952976,43.071724],[-78.952744,43.071748],[-78.952608,43.07180199999999],[-78.95236000000001,43.07188],[-78.95202,43.072070999999994],[-78.95171500000001,43.07222000000001],[-78.951648,43.07230500000001],[-78.951616,43.072413000000005],[-78.951599,43.072582999999995],[-78.951525,43.07281700000001],[-78.951446,43.072922999999996],[-78.951333,43.072970999999995],[-78.951173,43.07298999999998],[-78.950889,43.073001999999995],[-78.950624,43.072964999999996],[-78.949721,43.072721],[-78.948943,43.072504999999985],[-78.948759,43.072533],[-78.948518,43.072632000000006],[-78.948383,43.07266799999999],[-78.948312,43.072668],[-78.948142,43.07261799999999],[-78.947675,43.072597],[-78.947571,43.07254999999999],[-78.947498,43.072483999999996],[-78.947207,43.072292],[-78.946761,43.072100999999996],[-78.946591,43.07207299999999],[-78.94642100000002,43.072066],[-78.946216,43.07204500000001],[-78.946131,43.072016],[-78.945897,43.071902999999985],[-78.945715,43.07170899999999],[-78.945676,43.071606],[-78.945717,43.071501],[-78.945854,43.07128],[-78.945854,43.071215999999986],[-78.94572,43.07114599999999],[-78.945351,43.07099000000001],[-78.945302,43.070947000000004],[-78.945274,43.07088400000001],[-78.945359,43.070677999999994],[-78.945337,43.070608],[-78.94516600000001,43.070543],[-78.944962,43.07046599999999],[-78.944381,43.070288999999995],[-78.944268,43.070289],[-78.944161,43.070274999999995],[-78.944062,43.07014699999999],[-78.943885,43.07006899999999],[-78.94300000000001,43.0698],[-78.942504,43.06961600000001],[-78.942185,43.069452999999996],[-78.941746,43.06930499999999],[-78.941045,43.06899299999999],[-78.940698,43.068816],[-78.939996,43.068505],[-78.939692,43.068341999999994],[-78.939161,43.06803699999999],[-78.93875,43.06791699999999],[-78.938487,43.06788199999998],[-78.93838,43.067902999999994],[-78.938246,43.067991],[-78.93814,43.06809399999999],[-78.938006,43.068321],[-78.937949,43.068532999999995],[-78.937857,43.06868199999999],[-78.9378,43.068717],[-78.937694,43.06871699999999],[-78.9375,43.068651999999986],[-78.937276,43.068651],[-78.937239,43.06865099999999],[-78.937168,43.068672],[-78.937107,43.068678],[-78.937083,43.068672],[-78.937065,43.068158999999994],[-78.937037,43.068141],[-78.936853,43.06814099999999],[-78.936243,43.068183999999995],[-78.936045,43.068255],[-78.93562,43.06833199999999],[-78.935358,43.068347],[-78.935209,43.068346999999996],[-78.935032,43.068283],[-78.934954,43.068205],[-78.934926,43.06811999999999],[-78.934813,43.06807799999999],[-78.934522,43.06804199999999],[-78.934196,43.068035],[-78.933998,43.06799999999999],[-78.933934,43.067935999999996],[-78.933849,43.06791499999999],[-78.93360100000001,43.067901],[-78.933205,43.06790099999999],[-78.932999,43.06788600000001],[-78.932758,43.067844],[-78.932546,43.067829999999994],[-78.932234,43.067823],[-78.93171,43.06775199999999],[-78.931554,43.06770199999999],[-78.931448,43.067708999999994],[-78.93134900000001,43.06770199999999],[-78.931172,43.06760999999999],[-78.930732,43.067482999999996],[-78.93047,43.067483],[-78.930208,43.067432999999994],[-78.929812,43.06729199999999],[-78.929762,43.067255999999986],[-78.929755,43.067093],[-78.92972,43.06707899999999],[-78.929606,43.06709299999999],[-78.929528,43.067093],[-78.929422,43.067079],[-78.929266,43.06698],[-78.92918100000001,43.06695899999998],[-78.929125,43.06698],[-78.92905400000001,43.06707900000001],[-78.928997,43.06710100000001],[-78.92874900000001,43.067086],[-78.9286,43.067129],[-78.928515,43.067115],[-78.928459,43.067072],[-78.928473,43.06695899999998],[-78.92843,43.066894999999995],[-78.927821,43.06678199999999],[-78.92712,43.066555],[-78.926192,43.066293],[-78.925873,43.066223],[-78.925739,43.066222999999994],[-78.925625,43.066208],[-78.925356,43.066081],[-78.924747,43.065826],[-78.924598,43.065706],[-78.924173,43.065542999999984],[-78.92355,43.065359],[-78.923047,43.064969999999995],[-78.922856,43.0648],[-78.922168,43.06411299999999],[-78.921814,43.06387899999999],[-78.921219,43.063568000000004],[-78.920978,43.063483],[-78.92083,43.063391],[-78.92066,43.063326999999994],[-78.920475,43.063341],[-78.920256,43.063334],[-78.920143,43.063269999999996],[-78.920093,43.063199999999995],[-78.920093,43.06298],[-78.919633,43.062676],[-78.919548,43.062583999999994],[-78.919399,43.06250099999999],[-78.918917,43.06226499999999],[-78.918747,43.062158],[-78.918677,43.062081],[-78.91862,43.061946],[-78.918556,43.061918],[-78.918492,43.06191799999999],[-78.9184,43.061861],[-78.918337,43.061804],[-78.918329,43.061772999999995],[-78.918354,43.061727000000005],[-78.918358,43.061684],[-78.918322,43.061623999999995],[-78.918121,43.061488999999995],[-78.917989,43.061429],[-78.917805,43.06129099999999],[-78.917685,43.061167],[-78.917635,43.06109999999999],[-78.917455,43.06098699999998],[-78.917221,43.06088099999999],[-78.916934,43.06069300000001],[-78.916413,43.060332],[-78.916194,43.06022599999999],[-78.91584,43.060095],[-78.915581,43.060013],[-78.915376,43.05998099999999],[-78.915294,43.059960000000004],[-78.915206,43.059918],[-78.915131,43.059864999999995],[-78.91505,43.05982199999999],[-78.914908,43.05981499999999],[-78.914805,43.059868],[-78.914703,43.059956999999976],[-78.914589,43.06002699999999],[-78.914483,43.060059],[-78.91438,43.06005899999999],[-78.914249,43.060031],[-78.914125,43.059977999999994],[-78.914107,43.059976],[-78.914047,43.05997099999999],[-78.913923,43.06001299999999],[-78.913849,43.059993999999996],[-78.913789,43.05995299999999],[-78.91369,43.05982600000001],[-78.913601,43.05977999999999],[-78.91353,43.059723],[-78.91353,43.059687999999994],[-78.913566,43.05963499999999],[-78.913576,43.059578],[-78.913389,43.05952099999999],[-78.913265,43.05958499999999],[-78.913166,43.059574],[-78.913116,43.059538999999994],[-78.913091,43.059486],[-78.912985,43.059425999999995],[-78.912889,43.05934799999999],[-78.912776,43.059319],[-78.912287,43.05930200000002],[-78.912202,43.05928099999999],[-78.91210700000002,43.05924199999999],[-78.912004,43.059227],[-78.91189,43.059224],[-78.911798,43.05919899999999],[-78.911575,43.059185],[-78.910424,43.05893700000001],[-78.910233,43.058905],[-78.910013,43.058831],[-78.90978,43.058824],[-78.90933300000002,43.058707],[-78.909061,43.05862199999999],[-78.908806,43.05857600000001],[-78.90865,43.058533999999995],[-78.90849,43.05854399999999],[-78.908129,43.058594],[-78.907417,43.05863599999999],[-78.907265,43.058636],[-78.907127,43.05860799999999],[-78.907013,43.05854399999999],[-78.906928,43.05846999999999],[-78.906861,43.05839199999999],[-78.90679,43.05827899999999],[-78.906748,43.058168999999985],[-78.906748,43.058063],[-78.906716,43.05799600000001],[-78.906652,43.057957],[-78.906606,43.057911],[-78.906514,43.057764999999996],[-78.906472,43.057764999999996],[-78.90643600000001,43.05778699999999],[-78.906266,43.05795199999999],[-78.906047,43.058165],[-78.905983,43.058168999999985],[-78.905816,43.05808799999999],[-78.905792,43.058059],[-78.905802,43.05803099999999],[-78.90616,43.057692],[-78.906188,43.05766599999999],[-78.906195,43.05762],[-78.906171,43.057584999999996],[-78.906008,43.05749999999999],[-78.905926,43.057446999999996],[-78.905852,43.057362],[-78.905738,43.057263],[-78.905675,43.057219999999994],[-78.905494,43.05717099999999],[-78.905377,43.057078999999995],[-78.905274,43.05703999999999],[-78.905168,43.05703599999998],[-78.904152,43.056785],[-78.90411,43.05676700000001],[-78.903801,43.05664],[-78.903252,43.05635],[-78.902955,43.056123],[-78.902813,43.05599200000001],[-78.902717,43.05588199999999],[-78.902384,43.055644999999984],[-78.902193,43.055553],[-78.90208,43.05553499999999],[-78.901687,43.05539],[-78.90124,43.05526599999999],[-78.901099,43.055189],[-78.900794,43.054934],[-78.900323,43.054649999999995],[-78.899714,43.05415099999999],[-78.899399,43.053945999999996],[-78.899264,43.05380399999999],[-78.899246,43.05375099999999],[-78.899271,43.053716],[-78.899367,43.053681],[-78.899399,43.053631],[-78.899384,43.05359200000001],[-78.899328,43.053571],[-78.899041,43.05358499999999],[-78.898959,43.053535],[-78.898697,43.05321299999999],[-78.898534,43.052859],[-78.898364,43.052597],[-78.898216,43.05222899999999],[-78.897812,43.051854],[-78.897564,43.05174099999999],[-78.897373,43.051691],[-78.89720300000002,43.05163499999999],[-78.897139,43.051550000000006],[-78.897061,43.051492999999994],[-78.896912,43.051415],[-78.896785,43.05136499999998],[-78.89648,43.05122399999998],[-78.896275,43.051089],[-78.896107,43.05094],[-78.896027,43.05087],[-78.89555,43.050365000000006],[-78.895311,43.05019699999999],[-78.894879,43.04999200000001],[-78.894376,43.04964499999999],[-78.894199,43.049468],[-78.893378,43.04890499999999],[-78.893316,43.048854999999996],[-78.893108,43.048689],[-78.892882,43.048441999999994],[-78.892667,43.04815399999999],[-78.892528,43.047967],[-78.89245,43.04781200000001],[-78.89243500000002,43.047656],[-78.892379,43.047520999999996],[-78.892265,43.047329999999995],[-78.892088,43.047068],[-78.891812,43.04675700000001],[-78.8916,43.04665],[-78.891451,43.04652999999999],[-78.891323,43.046324999999996],[-78.891099,43.04582899999998],[-78.891033,43.045680999999995],[-78.890962,43.04555299999999],[-78.890849,43.045532],[-78.890707,43.045553000000005],[-78.890665,43.04555],[-78.890555,43.045465],[-78.890502,43.045393999999995],[-78.890472,43.045275],[-78.890402,43.045001],[-78.890427,43.04491599999999],[-78.890512,43.04478099999999],[-78.890562,43.044675],[-78.890519,43.044342],[-78.890452,43.044144],[-78.890417,43.044073],[-78.890402,43.043963999999995],[-78.890339,43.04373699999999],[-78.890328,43.043656],[-78.890336,43.04358200000001],[-78.890367,43.043297999999986],[-78.89036,43.043192000000005],[-78.890286,43.04297999999999],[-78.89023200000001,43.042778],[-78.890229,43.042679],[-78.890282,43.04257299999999],[-78.890328,43.04237799999999],[-78.890342,43.04224299999999],[-78.89031400000002,43.041934999999995],[-78.890254,43.04173699999999],[-78.889949,43.040888],[-78.889871,43.04079599999999],[-78.889744,43.040619],[-78.88939,43.040201],[-78.889303,43.04001100000001],[-78.889212,43.03978],[-78.889159,43.03970499999999],[-78.888982,43.03962400000001],[-78.888819,43.039626999999996],[-78.88854300000001,43.039702],[-78.888153,43.039743999999985],[-78.8881,43.03973800000001],[-78.887966,43.039723],[-78.88793,43.039673],[-78.887959,43.03964899999999],[-78.888076,43.039620000000006],[-78.88875600000001,43.03954999999999],[-78.888943,43.039499999999975],[-78.889039,43.03946500000001],[-78.889103,43.03940099999999],[-78.88911,43.039305],[-78.889062,43.03909999999999],[-78.88905,43.03906],[-78.889035,43.039011],[-78.888972,43.038923],[-78.888872,43.038856],[-78.888785,43.038833999999994],[-78.888663,43.03882699999999],[-78.88837,43.03885199999999],[-78.888269,43.038867999999994],[-78.88815600000001,43.03886700000001],[-78.888124,43.038847000000004],[-78.888116,43.038807999999996],[-78.888138,43.038779],[-78.888212,43.038762000000006],[-78.88858000000002,43.038740000000004],[-78.88878,43.038714999999996],[-78.888875,43.038704],[-78.888942,43.03866599999999],[-78.888956,43.038645],[-78.888956,43.03858499999998],[-78.888786,43.037962],[-78.888811,43.037936999999985],[-78.888828,43.037901],[-78.888793,43.03768199999999],[-78.888729,43.037440999999994],[-78.888042,43.035976],[-78.888014,43.03589100000001],[-78.887886,43.035734999999995],[-78.887842,43.035638999999996],[-78.887766,43.035472999999996],[-78.887709,43.03528200000001],[-78.887695,43.03513300000001],[-78.887596,43.035006],[-78.887242,43.034679999999994],[-78.886674,43.03437099999999],[-78.886512,43.03428399999999],[-78.886307,43.03426999999999],[-78.886094,43.03432599999999],[-78.885619,43.03452500000001],[-78.88559100000002,43.034503],[-78.88557,43.034468000000004],[-78.88559100000002,43.03441099999999],[-78.885641,43.034362],[-78.885917,43.034206],[-78.885975,43.034158999999995],[-78.885991,43.03412500000001],[-78.886144,43.034110000000005],[-78.886605,43.034068999999995],[-78.886759,43.034055999999985],[-78.887711,43.034662000000004],[-78.887749,43.034685999999994],[-78.887859,43.03475600000001],[-78.888759,43.03495599999999],[-78.89096900000001,43.034353],[-78.892059,43.034056],[-78.893011,43.037779],[-78.89326,43.038756],[-78.89626,43.044155999999994],[-78.90586,43.05155599999999],[-78.91152,43.05474000000001],[-78.945262,43.06695599999999],[-78.949962,43.067856000000006],[-78.975611,43.068236],[-78.976963,43.06825599999999],[-78.985764,43.068555999999994],[-78.990464,43.068754999999996],[-78.990521,43.06875900000001],[-78.99060900000002,43.068765],[-78.990845,43.06877999999999],[-78.990915,43.06878499999999],[-78.998538,43.069282],[-78.999664,43.069355],[-78.999768,43.069355999999985],[-78.999873,43.06935599999999],[-79.001737,43.069401],[-79.003602,43.069439],[-79.005516,43.06947599999999],[-79.007431,43.069513],[-79.009664,43.06955799999999],[-79.016326,43.06844499999998],[-79.019228,43.067958],[-79.020755,43.068198999999986],[-79.025336,43.068921999999986],[-79.026863,43.069163999999994],[-79.028654,43.06948299999999],[-79.032771,43.070215999999995],[-79.039765,43.07146199999999],[-79.045567,43.072562],[-79.074459,43.077863],[-79.075367,43.08135499999999]],[[-79.075089,43.08049],[-79.074936,43.08003599999999],[-79.074913,43.080006],[-79.074867,43.079987],[-79.073959,43.07981099999999],[-79.073792,43.079739000000004],[-79.07325,43.07942599999999],[-79.072724,43.07908999999999],[-79.072433,43.07886899999998],[-79.07206,43.07867799999999],[-79.071884,43.078621],[-79.07177,43.078609],[-79.071632,43.07858999999999],[-79.071266,43.07859799999999],[-79.070786,43.078506],[-79.070389,43.078407],[-79.070007,43.078373],[-79.069664,43.078422999999994],[-79.069344,43.078498999999994],[-79.069153,43.07858999999999],[-79.068665,43.078987000000005],[-79.06852,43.07906],[-79.068359,43.07907499999999],[-79.068192,43.079043999999996],[-79.067986,43.078968],[-79.067749,43.07890299999999],[-79.067501,43.07886100000001],[-79.06729300000002,43.07884800000001],[-79.067116,43.07888799999999],[-79.06678,43.07901799999999],[-79.066596,43.079029],[-79.066299,43.079033],[-79.066055,43.07900199999999],[-79.06601,43.07899499999999],[-79.065826,43.078953],[-79.065636,43.078875999999994],[-79.065145,43.078641000000005],[-79.064949,43.078541],[-79.064835,43.07850599999999],[-79.064598,43.07851399999999],[-79.064153,43.07858600000001],[-79.063202,43.07844899999999],[-79.062492,43.078472],[-79.061646,43.078480000000006],[-79.061264,43.07852599999999],[-79.061028,43.078568],[-79.060811,43.078691],[-79.060692,43.078784999999996],[-79.060616,43.078861],[-79.060493,43.079025],[-79.060425,43.079204999999995],[-79.060417,43.079360999999984],[-79.06044,43.079487],[-79.060524,43.079659],[-79.060608,43.079764999999995],[-79.06073,43.07988],[-79.060852,43.079979],[-79.061066,43.080063],[-79.062126,43.08039900000001],[-79.062492,43.08056599999999],[-79.063232,43.080932999999995],[-79.063683,43.08120699999999],[-79.063972,43.08142899999999],[-79.06424,43.081545000000006],[-79.064321,43.081564],[-79.064682,43.081642],[-79.065262,43.081649999999996],[-79.06575,43.08163499999999],[-79.065996,43.08162500000001],[-79.066385,43.081778],[-79.066816,43.08200299999999],[-79.066878,43.08202099999999],[-79.067207,43.082156999999995],[-79.067345,43.082188],[-79.068196,43.08221],[-79.069328,43.08206899999999],[-79.069531,43.082075999999994],[-79.069695,43.08212699999999],[-79.070648,43.082916000000004],[-79.071533,43.08367500000001],[-79.071693,43.083766999999995],[-79.0718,43.083739999999985],[-79.071976,43.083560999999996],[-79.072021,43.083476999999995],[-79.072136,43.083401],[-79.072227,43.083270999999996],[-79.07225,43.08308],[-79.072258,43.08289700000001],[-79.072265,43.082724999999996],[-79.073303,43.08172999999999],[-79.073624,43.08143599999999],[-79.073814,43.081295999999995],[-79.073921,43.08123400000001],[-79.074203,43.08121899999998],[-79.074417,43.08119599999999],[-79.07473,43.08099399999998],[-79.074913,43.080898000000005],[-79.074997,43.080749999999995],[-79.075082,43.080541],[-79.075089,43.08049]],[[-79.070639,43.083427],[-79.070629,43.08339099999999],[-79.070584,43.08335000000001],[-79.07037,43.083220999999995],[-79.07024,43.083166999999996],[-79.070203,43.083173],[-79.070175,43.083189999999995],[-79.070141,43.083253],[-79.070133,43.0834],[-79.07013,43.083464],[-79.070156,43.08352099999999],[-79.070235,43.083586],[-79.070404,43.08368299999999],[-79.070447,43.08368099999999],[-79.070508,43.083679999999994],[-79.070633,43.08350999999999],[-79.07063600000001,43.083468],[-79.070639,43.083427]],[[-79.070033,43.08316899999999],[-79.069915,43.082965],[-79.069808,43.082837],[-79.069759,43.082799],[-79.069711,43.082792000000005],[-79.069659,43.082795],[-79.069614,43.082837000000005],[-79.069582,43.08295099999999],[-79.069596,43.083029999999994],[-79.069693,43.08322100000001],[-79.069759,43.083279999999995],[-79.069919,43.08327],[-79.069962,43.083259000000005],[-79.069992,43.08325299999999],[-79.070038,43.083214],[-79.070033,43.08316899999999]],[[-79.069305,43.083138],[-79.069267,43.083034999999995],[-79.069107,43.082851000000005],[-79.068993,43.082737],[-79.068878,43.08268399999998],[-79.068764,43.082668],[-79.068402,43.082743],[-79.068329,43.08275999999999],[-79.068314,43.082770999999994],[-79.068314,43.082798],[-79.068359,43.08284799999999],[-79.06846600000002,43.082909],[-79.06872600000001,43.08303799999999],[-79.068962,43.083244],[-79.069018,43.08327],[-79.069095,43.083279],[-79.069145,43.083279],[-79.069275,43.08319899999999],[-79.069305,43.083138]],[[-79.069221,43.083991999999995],[-79.069188,43.08389199999999],[-79.069202,43.083881],[-79.068583,43.083760999999996],[-79.068183,43.08364499999999],[-79.068071,43.083624],[-79.067994,43.08364599999999],[-79.067936,43.08372399999999],[-79.067962,43.08380300000001],[-79.068112,43.083960000000005],[-79.06823,43.084056999999994],[-79.06852,43.084248],[-79.068619,43.08428599999999],[-79.068802,43.084300999999996],[-79.069023,43.084281999999995],[-79.069107,43.08422100000001],[-79.069206,43.084132999999994],[-79.069221,43.08406099999999],[-79.069221,43.083991999999995]],[[-79.067872,43.08324199999999],[-79.067712,43.083159],[-79.067539,43.083040999999994],[-79.067435,43.082937],[-79.067151,43.082578],[-79.06712,43.08256299999999],[-79.067027,43.08254999999999],[-79.066853,43.082578],[-79.06672,43.082581],[-79.066669,43.08258300000001],[-79.066597,43.082584999999995],[-79.066431,43.08255699999999],[-79.066105,43.08254299999999],[-79.065988,43.082578],[-79.065918,43.082626],[-79.065905,43.082681],[-79.065924,43.082865999999996],[-79.065938,43.082998999999994],[-79.065974,43.08333899999999],[-79.066009,43.083462999999995],[-79.066193,43.083599],[-79.066327,43.08363],[-79.06641,43.083594999999995],[-79.06657,43.08342899999999],[-79.066756,43.083353],[-79.066971,43.08336700000001],[-79.067207,43.083435999999985],[-79.067371,43.083469999999984],[-79.067435,43.083484],[-79.067601,43.083484],[-79.067747,43.08346999999999],[-79.067851,43.083400999999995],[-79.06790300000002,43.083318],[-79.067872,43.08324199999999]],[[-79.067098,43.078147],[-79.067083,43.078103999999996],[-79.067062,43.07803],[-79.066708,43.077897],[-79.066475,43.077805],[-79.065964,43.077853000000005],[-79.06565100000002,43.07788500000001],[-79.065437,43.077934],[-79.065273,43.078029],[-79.065201,43.078136],[-79.06523,43.078250999999995],[-79.065333,43.078283000000006],[-79.065747,43.07821399999999],[-79.065943,43.078238],[-79.066032,43.078265999999985],[-79.066338,43.07834600000001],[-79.066582,43.07838100000001],[-79.066689,43.07836499999999],[-79.06691000000001,43.07830799999999],[-79.06703900000001,43.078250999999995],[-79.067101,43.07817099999998],[-79.067098,43.078147]],[[-79.06683,43.07740299999999],[-79.06679,43.07735],[-79.066709,43.077283],[-79.066542,43.07725599999999],[-79.065764,43.07721599999999],[-79.065747,43.077219],[-79.065523,43.077262999999995],[-79.065396,43.077315999999996],[-79.065335,43.07739699999999],[-79.065335,43.077497],[-79.065422,43.07757799999999],[-79.065624,43.077624],[-79.065691,43.07764499999999],[-79.065778,43.077638],[-79.065844,43.07759999999999],[-79.065912,43.077557],[-79.066046,43.07749],[-79.066126,43.07748999999999],[-79.06618,43.077483999999984],[-79.066207,43.077464],[-79.066267,43.07743000000001],[-79.066562,43.07744999999999],[-79.066763,43.077464],[-79.066823,43.077442999999995],[-79.06683,43.07740299999999]],[[-79.06662,43.078891999999996],[-79.066475,43.07879999999999],[-79.066059,43.07857099999999],[-79.066022,43.078556],[-79.06594800000002,43.07852699999999],[-79.065748,43.078476],[-79.065506,43.07842599999999],[-79.06518,43.078442999999986],[-79.065056,43.078449],[-79.065037,43.07847099999999],[-79.065048,43.07851799999999],[-79.065084,43.078533],[-79.065605,43.078671],[-79.065712,43.07875800000001],[-79.065758,43.07882699999999],[-79.06581900000002,43.078872999999994],[-79.065933,43.078896],[-79.066055,43.07889200000001],[-79.06613200000001,43.078888],[-79.066315,43.078934],[-79.066467,43.078953],[-79.06660500000001,43.078948999999994],[-79.06662,43.078891999999996]]]},"properties":{"name":"Niagara Riv"}},{"type":"Feature","geometry":{"type":"Polygon","coordinates":[[[-78.558308,43.20175700000001],[-78.558283,43.201835],[-78.558275,43.201861999999984],[-78.556668,43.20220400000001],[-78.555685,43.202473999999995],[-78.555097,43.202636],[-78.553586,43.20315599999999],[-78.552801,43.203524999999985],[-78.552196,43.203829000000006],[-78.550649,43.20458299999999],[-78.549167,43.205355],[-78.548401,43.205704],[-78.547646,43.206049],[-78.545998,43.206848],[-78.545582,43.20705300000001],[-78.544652,43.207514],[-78.544341,43.207677],[-78.543931,43.207893],[-78.543137,43.20830999999999],[-78.54234000000001,43.208670999999995],[-78.541757,43.20893699999999],[-78.541433,43.20904],[-78.541189,43.209095999999995],[-78.540363,43.209227000000006],[-78.538824,43.209429],[-78.537139,43.20961499999999],[-78.535379,43.209811],[-78.535372,43.209777],[-78.535351,43.20967699999999],[-78.535344,43.209644],[-78.537318,43.209399],[-78.537548,43.20937200000001],[-78.540744,43.20900999999999],[-78.541153,43.208943],[-78.541394,43.20887599999999],[-78.541787,43.20874499999999],[-78.54228,43.208525],[-78.543185,43.20809],[-78.543755,43.207795999999995],[-78.543919,43.207717999999986],[-78.545142,43.207145],[-78.545926,43.206767],[-78.54645100000002,43.206514],[-78.547877,43.20578899999999],[-78.54833,43.205565],[-78.550839,43.204327000000006],[-78.553556,43.203006],[-78.553726,43.202938999999986],[-78.554957,43.20254599999999],[-78.555699,43.20233799999999],[-78.555943,43.20226999999999],[-78.556666,43.202086],[-78.558053,43.201782],[-78.558317,43.201730999999995],[-78.558308,43.20175700000001]]]},"properties":{"name":null}},{"type":"Feature","geometry":{"type":"Polygon","coordinates":[[[-78.55213,43.317126],[-78.55212,43.317216],[-78.552068,43.317316999999996],[-78.552009,43.31739999999999],[-78.551951,43.317438],[-78.551873,43.31745899999999],[-78.551665,43.317459],[-78.551318,43.317423999999995],[-78.550947,43.31741699999999],[-78.550381,43.317526],[-78.550143,43.31757300000001],[-78.549893,43.317600999999996],[-78.549501,43.31762199999999],[-78.548509,43.317632],[-78.548335,43.317615],[-78.54811,43.317537999999985],[-78.548037,43.317542],[-78.54777,43.317628000000006],[-78.547558,43.317628],[-78.547489,43.317594],[-78.547454,43.317548999999985],[-78.547447,43.317485999999995],[-78.547468,43.317420999999996],[-78.547576,43.31725799999999],[-78.547649,43.317187999999994],[-78.547728,43.31715400000001],[-78.547888,43.31714999999999],[-78.548159,43.31720199999999],[-78.548319,43.31724199999999],[-78.548516,43.317291999999995],[-78.549043,43.317358],[-78.54913,43.317375],[-78.54922,43.317441],[-78.549272,43.317454999999995],[-78.549386,43.317438],[-78.549414,43.31741699999999],[-78.549445,43.31735499999999],[-78.549518,43.31732],[-78.550118,43.317212999999995],[-78.550784,43.31714],[-78.551162,43.317154],[-78.551318,43.317143],[-78.551565,43.316956],[-78.551742,43.316858999999994],[-78.551839,43.31685600000001],[-78.552002,43.316859],[-78.552071,43.316889999999994],[-78.55212,43.316965999999994],[-78.55213,43.317126]]]},"properties":{"name":null}},{"type":"Feature","geometry":{"type":"Polygon","coordinates":[[[-78.625898,43.260645999999994],[-78.625891,43.260710999999986],[-78.625863,43.260791],[-78.6258,43.260882],[-78.625767,43.260901999999994],[-78.625682,43.26092799999999],[-78.625509,43.260893],[-78.625004,43.26087499999998],[-78.624921,43.26088599999999],[-78.624838,43.260886],[-78.624782,43.260906000000006],[-78.624647,43.26093399999999],[-78.624592,43.26091699999999],[-78.624539,43.260871999999985],[-78.624501,43.26081200000001],[-78.624467,43.260701999999995],[-78.624467,43.260642999999995],[-78.624491,43.260588],[-78.624543,43.260539],[-78.624609,43.260445],[-78.624637,43.260341],[-78.624616,43.260071],[-78.624571,43.25995699999999],[-78.624488,43.259809000000004],[-78.624366,43.259589000000005],[-78.624141,43.25922499999999],[-78.624148,43.25915899999998],[-78.624182,43.259128],[-78.62422,43.259114],[-78.624387,43.25908999999999],[-78.624529,43.25909699999999],[-78.624574,43.259142000000004],[-78.624678,43.259401999999994],[-78.624719,43.259474],[-78.624789,43.259551],[-78.624921,43.25961699999999],[-78.625005,43.259713],[-78.625046,43.259717],[-78.625209,43.259656],[-78.625261,43.259662999999996],[-78.625323,43.259691],[-78.625386,43.25975],[-78.62551,43.260033],[-78.625628,43.26018899999999],[-78.625825,43.260383],[-78.625891,43.26053199999999],[-78.625898,43.260645999999994]]]},"properties":{"name":null}},{"type":"Feature","geometry":{"type":"Polygon","coordinates":[[[-78.623432,43.257739],[-78.623415,43.25778899999999],[-78.62331100000002,43.257971999999995],[-78.62316,43.25811299999998],[-78.622978,43.25826],[-78.622884,43.258363999999986],[-78.62283200000002,43.258471],[-78.622811,43.258738],[-78.622776,43.258814999999984],[-78.62271,43.258887],[-78.622608,43.258959000000004],[-78.62252,43.258991],[-78.622381,43.258995],[-78.621975,43.258953],[-78.621888,43.258931999999994],[-78.621802,43.25884899999999],[-78.621774,43.25879399999999],[-78.62177,43.258742000000005],[-78.621781,43.258662999999984],[-78.621833,43.258325999999975],[-78.621861,43.258236],[-78.62194,43.258052000000006],[-78.622027,43.257924],[-78.622197,43.25775699999999],[-78.622373,43.257659999999994],[-78.622471,43.257622],[-78.622631,43.257629],[-78.622794,43.25769799999999],[-78.622898,43.25770500000001],[-78.622932,43.257678],[-78.622939,43.25759399999999],[-78.623038,43.25753999999999],[-78.623078,43.257531],[-78.623168,43.257513],[-78.623345,43.25753199999999],[-78.623411,43.25760100000001],[-78.623432,43.257674],[-78.623432,43.257739]]]},"properties":{"name":null}},{"type":"Feature","geometry":{"type":"Polygon","coordinates":[[[-78.505644,43.214478999999976],[-78.505054,43.214679],[-78.504528,43.21481699999999],[-78.504506,43.214821],[-78.504244,43.214877],[-78.503975,43.21490499999999],[-78.500951,43.215044],[-78.50084,43.21504999999999],[-78.5,43.21507299999999],[-78.499811,43.215067000000005],[-78.499808,43.215019],[-78.49981,43.21495699999999],[-78.499987,43.214945],[-78.500925,43.214915],[-78.501187,43.21490699999998],[-78.502669,43.214844],[-78.503367,43.214800999999994],[-78.503908,43.214791],[-78.504457,43.214741],[-78.50473,43.21464199999999],[-78.505516,43.214385],[-78.505571,43.214366000000005],[-78.505585,43.21438799999999],[-78.505629,43.21445599999999],[-78.505644,43.214478999999976]]]},"properties":{"name":null}},{"type":"Feature","geometry":{"type":"Polygon","coordinates":[[[-78.601114,43.172422],[-78.601086,43.17254199999999],[-78.601055,43.172576],[-78.601012,43.172596999999996],[-78.60092,43.172611],[-78.600817,43.172611],[-78.600684,43.172610999999996],[-78.600554,43.172584],[-78.60041,43.17253],[-78.600327,43.17249999999999],[-78.60029,43.17246800000001],[-78.600281,43.172283],[-78.600404,43.17223299999999],[-78.600701,43.17211499999999],[-78.600778,43.172087999999995],[-78.600905,43.172045999999995],[-78.600961,43.172195],[-78.601026,43.172275],[-78.601078,43.172304000000004],[-78.601105,43.172319999999985],[-78.601119,43.172352],[-78.601114,43.172422]]]},"properties":{"name":null}},{"type":"Feature","geometry":{"type":"Polygon","coordinates":[[[-78.47596600000001,43.190377],[-78.475959,43.190417],[-78.475924,43.190491],[-78.475863,43.19053399999998],[-78.475056,43.19068599999999],[-78.474964,43.19068599999999],[-78.474907,43.19067600000001],[-78.474854,43.190647],[-78.474804,43.190597999999994],[-78.47474800000002,43.19051599999999],[-78.474698,43.190388999999996],[-78.474624,43.18983499999999],[-78.474567,43.18939799999998],[-78.474561,43.189113],[-78.474593,43.18886100000001],[-78.474839,43.18826800000001],[-78.475003,43.18805999999999],[-78.47497,43.18782099999999],[-78.47497,43.18763700000001],[-78.474981,43.18757399999999],[-78.474981,43.187541],[-78.475002,43.187495999999996],[-78.47505300000002,43.18747199999999],[-78.475076,43.187453999999995],[-78.475094,43.187362],[-78.475101,43.187052],[-78.475103,43.186978999999994],[-78.475085,43.18684699999999],[-78.47505500000001,43.186765999999984],[-78.475004,43.186707999999996],[-78.474876,43.186648999999996],[-78.474855,43.186588],[-78.474769,43.186486],[-78.474737,43.186464],[-78.474721,43.186426000000004],[-78.474721,43.18635599999999],[-78.474744,43.186321],[-78.474778,43.186296],[-78.474815,43.186283999999986],[-78.47488,43.18629],[-78.47494,43.186314999999986],[-78.475093,43.18643199999999],[-78.475185,43.186572000000005],[-78.475267,43.18665099999999],[-78.475351,43.186775],[-78.475455,43.18701999999999],[-78.475479,43.187105],[-78.475482,43.187115999999996],[-78.47548700000002,43.18728500000001],[-78.47544200000002,43.187567],[-78.475535,43.18816499999999],[-78.475742,43.18894699999999],[-78.475907,43.189967],[-78.47597,43.19035699999999],[-78.47596600000001,43.190377]]]},"properties":{"name":"Middleport Reservoir"}},{"type":"Feature","geometry":{"type":"Polygon","coordinates":[[[-78.475704,43.370677999999984],[-78.475684,43.37075899999999],[-78.475601,43.370856],[-78.475588,43.370895999999995],[-78.475581,43.37104899999999],[-78.475556,43.371078999999995],[-78.475538,43.371102],[-78.475476,43.37111099999999],[-78.475373,43.371068],[-78.475325,43.371067999999994],[-78.47527600000001,43.371081999999994],[-78.475245,43.371106],[-78.47521,43.371193],[-78.475218,43.371247],[-78.475185,43.37123699999999],[-78.475088,43.371207999999996],[-78.475056,43.371199],[-78.475059,43.371132999999986],[-78.475032,43.371069000000006],[-78.474823,43.370904],[-78.474813,43.370865],[-78.474827,43.37081799999999],[-78.474836,43.370793],[-78.475158,43.370605999999995],[-78.475328,43.370547],[-78.475448,43.370540000000005],[-78.475607,43.370566],[-78.475675,43.370594000000004],[-78.475694,43.370616999999996],[-78.475704,43.370677999999984]]]},"properties":{"name":"Golden Hill Crk"}},{"type":"Feature","geometry":{"type":"Polygon","coordinates":[[[-79.038734,43.14403299999999],[-79.038025,43.14396200000001],[-79.037329,43.143699],[-79.036591,43.143395],[-79.035551,43.14314399999999],[-79.035351,43.14309600000001],[-79.03496,43.143032999999996],[-79.034499,43.142997],[-79.032614,43.142983],[-79.029649,43.143004999999995],[-79.02800200000001,43.143005],[-79.026706,43.143034],[-79.025739,43.143076999999984],[-79.025489,43.14315499999999],[-79.023901,43.143658],[-79.022409,43.143927],[-79.02232100000002,43.143933000000004],[-79.022234,43.143937],[-79.022231,43.141600999999994],[-79.022262,43.141602000000006],[-79.022382,43.141603999999994],[-79.022402,43.141602999999996],[-79.022424,43.141604],[-79.022812,43.141606],[-79.022919,43.14159099999999],[-79.023011,43.14150600000001],[-79.023067,43.141365],[-79.023149,43.14079],[-79.02317,43.140562999999986],[-79.023135,43.140209],[-79.023028,43.13979],[-79.021939,43.137223999999996],[-79.021918,43.137153999999995],[-79.02201,43.137125],[-79.022045,43.137128],[-79.022088,43.13713199999999],[-79.022151,43.13721],[-79.022641,43.13805399999999],[-79.022926,43.13850099999999],[-79.023011,43.138472],[-79.02263400000001,43.13696099999999],[-79.022705,43.136933],[-79.02279,43.136932999999985],[-79.022857,43.13699],[-79.02444,43.14090399999999],[-79.024795,43.14134399999999],[-79.025207,43.141542],[-79.025633,43.141627],[-79.026498,43.141655],[-79.029798,43.141627],[-79.032923,43.141627],[-79.033044,43.141626],[-79.034094,43.14162000000001],[-79.035863,43.141647999999996],[-79.036886,43.14158299999999],[-79.037546,43.14149799999999],[-79.037985,43.141413],[-79.038298,43.141364],[-79.038569,43.14137099999999],[-79.038609,43.141903],[-79.038731,43.14350199999999],[-79.038772,43.144035],[-79.038734,43.14403299999999]]]},"properties":{"name":"Forebay Open Chl"}},{"type":"Feature","geometry":{"type":"Polygon","coordinates":[[[-78.823232,43.08898500000001],[-78.823207,43.089335],[-78.82318,43.089441],[-78.82307600000001,43.089575],[-78.822996,43.089634000000004],[-78.82294,43.08965799999999],[-78.82284,43.089653999999996],[-78.822725,43.08963],[-78.822656,43.089592],[-78.822614,43.089554],[-78.822569,43.08947100000001],[-78.822538,43.08944600000001],[-78.822486,43.089425999999996],[-78.822181,43.089439000000006],[-78.821983,43.08946],[-78.821719,43.089564],[-78.821681,43.089634],[-78.821647,43.089758],[-78.821518,43.089942],[-78.821418,43.09003599999999],[-78.821362,43.090063],[-78.821317,43.090073999999994],[-78.821216,43.090073999999994],[-78.820994,43.090101],[-78.820849,43.090140000000005],[-78.820797,43.090143],[-78.82051900000002,43.090077],[-78.820273,43.089952],[-78.820162,43.08987299999999],[-78.820079,43.089866],[-78.819784,43.089897],[-78.819701,43.08989700000001],[-78.819649,43.089862],[-78.819475,43.08979599999999],[-78.819437,43.089747999999986],[-78.81942,43.089699],[-78.819427,43.08964],[-78.819482,43.089568],[-78.819593,43.08947399999999],[-78.819905,43.089290000000005],[-78.819919,43.089256],[-78.819916,43.08922499999999],[-78.819669,43.088909],[-78.819662,43.088818999999994],[-78.819739,43.08873899999999],[-78.819822,43.08869399999999],[-78.819867,43.08869099999999],[-78.82003,43.088711999999994],[-78.820256,43.088708000000004],[-78.820268,43.08870399999999],[-78.820446,43.08864899999999],[-78.820939,43.088614],[-78.821046,43.08859700000001],[-78.821119,43.088566],[-78.821189,43.08852100000001],[-78.821373,43.088372],[-78.821418,43.088360999999985],[-78.821459,43.088367999999996],[-78.821837,43.088701],[-78.821896,43.088736],[-78.82199300000002,43.08873599999999],[-78.822028,43.08872199999999],[-78.822049,43.08867999999998],[-78.822014,43.088642],[-78.82190300000002,43.08859400000001],[-78.82181,43.088531],[-78.821702,43.08842],[-78.821556,43.08822299999999],[-78.821525,43.088167],[-78.821525,43.08814],[-78.821567,43.088083999999995],[-78.821806,43.08788299999999],[-78.821976,43.087731],[-78.822368,43.08741899999999],[-78.822552,43.08721400000001],[-78.822746,43.08708899999999],[-78.822978,43.087041000000006],[-78.823058,43.087041],[-78.823124,43.087061999999996],[-78.823159,43.087093],[-78.823187,43.08714500000001],[-78.823225,43.087352999999986],[-78.823239,43.088359999999994],[-78.823232,43.08898500000001]]]},"properties":{"name":null}},{"type":"Feature","geometry":{"type":"Polygon","coordinates":[[[-78.560552,43.20147099999999],[-78.559938,43.201528],[-78.559555,43.201598999999995],[-78.558336,43.201849],[-78.558275,43.201861999999984],[-78.558283,43.201835],[-78.558308,43.20175700000001],[-78.558317,43.201730999999995],[-78.558708,43.20165500000001],[-78.55944700000002,43.20151299999999],[-78.559886,43.20144299999999],[-78.560281,43.20138099999999],[-78.560552,43.20147099999999]]]},"properties":{"name":null}},{"type":"Feature","geometry":{"type":"Polygon","coordinates":[[[-78.602088,43.257108],[-78.602036,43.25731999999999],[-78.602028,43.25746699999999],[-78.602022,43.25760100000001],[-78.602005,43.25764199999998],[-78.60198,43.25766],[-78.601873,43.257663],[-78.60179,43.257611],[-78.601654,43.25748599999999],[-78.601599,43.25732699999999],[-78.601595,43.25718799999999],[-78.601578,43.257139999999985],[-78.601446,43.25701999999999],[-78.601231,43.256824],[-78.600971,43.256702999999995],[-78.600728,43.256564000000004],[-78.60068,43.25650199999999],[-78.60068,43.256384000000004],[-78.600693,43.25634600000001],[-78.600721,43.256315000000015],[-78.600804,43.256166],[-78.600926,43.256147999999996],[-78.60121,43.25615200000001],[-78.601229,43.256164],[-78.601232,43.256177],[-78.601242,43.256213999999986],[-78.60125800000002,43.256229],[-78.60137,43.256252],[-78.601407,43.256316999999996],[-78.601436,43.256367],[-78.601474,43.25640099999999],[-78.601522,43.25642599999999],[-78.601637,43.25645999999998],[-78.60179,43.256463999999994],[-78.601984,43.256485999999995],[-78.602018,43.25650499999999],[-78.60204200000001,43.256539999999994],[-78.602045,43.256583],[-78.601994,43.256776],[-78.602012,43.256932],[-78.602077,43.25703599999999],[-78.602088,43.257108]]]},"properties":{"name":null}},{"type":"Feature","geometry":{"type":"Polygon","coordinates":[[[-79.039316,43.141398],[-79.039089,43.14405299999999],[-79.039065,43.144052],[-79.03900600000001,43.144048],[-79.038926,43.144042999999996],[-79.03883000000002,43.144038],[-79.038772,43.144035],[-79.038731,43.14350199999999],[-79.038609,43.141903],[-79.038569,43.14137099999999],[-79.038713,43.14137499999999],[-79.038964,43.14138199999999],[-79.039146,43.141389999999994],[-79.039291,43.141397999999995],[-79.039316,43.141398]]]},"properties":{"name":null}},{"type":"Feature","geometry":{"type":"Polygon","coordinates":[[[-79.022234,43.143937],[-79.022208,43.14393599999999],[-79.022129,43.143937],[-79.022103,43.143936999999994],[-79.022094,43.141601],[-79.022128,43.141600999999994],[-79.022231,43.141600999999994],[-79.022234,43.143937]]]},"properties":{"name":null}},{"type":"Feature","geometry":{"type":"Polygon","coordinates":[[[-78.87997,43.021927999999996],[-78.879956,43.021972000000005],[-78.879942,43.022015999999994],[-78.87992000000001,43.02201],[-78.879788,43.021981999999994],[-78.877991,43.021841],[-78.877783,43.021831],[-78.877521,43.02179799999999],[-78.876964,43.021728],[-78.876745,43.021728],[-78.876344,43.021756999999994],[-78.876111,43.021786000000006],[-78.875964,43.021806000000005],[-78.875666,43.02188399999999],[-78.875651,43.02188699999999],[-78.875632,43.02189299999999],[-78.873921,43.02234],[-78.872662,43.022651999999994],[-78.872508,43.022708],[-78.872456,43.022726999999996],[-78.872297,43.02278400000001],[-78.872192,43.02281399999999],[-78.871234,43.02309400000001],[-78.871092,43.023136],[-78.87092,43.02320099999999],[-78.87083,43.023235],[-78.870211,43.023396],[-78.870116,43.023422],[-78.868967,43.02356700000001],[-78.868496,43.023598],[-78.868187,43.023577999999986],[-78.868019,43.02355699999998],[-78.86729,43.023466],[-78.867025,43.023433],[-78.866643,43.023337999999995],[-78.86653500000001,43.023324],[-78.866253,43.023326999999995],[-78.866096,43.02334799999999],[-78.865871,43.02337899999999],[-78.865129,43.023413999999995],[-78.864397,43.023409],[-78.864041,43.02338699999999],[-78.862591,43.02324599999999],[-78.862477,43.023238],[-78.861293,43.023162],[-78.86127,43.023159],[-78.861248,43.023159],[-78.861189,43.023155],[-78.861021,43.023140000000005],[-78.860952,43.023142],[-78.86046900000001,43.023116999999985],[-78.860372,43.023113],[-78.860303,43.023095999999995],[-78.860091,43.02301299999999],[-78.859835,43.022968],[-78.859681,43.022957999999996],[-78.85942500000002,43.022943],[-78.859082,43.022905],[-78.858967,43.022867000000005],[-78.858416,43.022777],[-78.858145,43.022715],[-78.858107,43.022707999999994],[-78.857705,43.022642],[-78.857318,43.022566999999995],[-78.857254,43.022556],[-78.856697,43.022380999999996],[-78.856461,43.022324],[-78.855896,43.022102000000004],[-78.855301,43.021824],[-78.855057,43.021655999999986],[-78.854897,43.02157199999999],[-78.854683,43.021502999999996],[-78.854523,43.021427],[-78.854309,43.021282],[-78.85383600000002,43.020795],[-78.853371,43.020305999999984],[-78.852798,43.019875],[-78.8526,43.01976],[-78.852257,43.01961499999999],[-78.852058,43.019539],[-78.85157,43.019386000000004],[-78.851158,43.019302],[-78.851006,43.019302],[-78.849202,43.01953999999999],[-78.849187,43.019542],[-78.848919,43.019594999999995],[-78.84881800000001,43.01959499999999],[-78.848714,43.01957800000001],[-78.848645,43.01954],[-78.848593,43.019533],[-78.848412,43.019553],[-78.848357,43.019571],[-78.848288,43.019656999999995],[-78.848242,43.01968500000001],[-78.848069,43.01972699999999],[-78.847909,43.01978199999999],[-78.847757,43.019809999999985],[-78.84742,43.019845000000004],[-78.846931,43.019869],[-78.846775,43.019858],[-78.846737,43.019837999999986],[-78.846664,43.01973699999999],[-78.846633,43.01970899999999],[-78.846449,43.01970899999999],[-78.846342,43.019775],[-78.846231,43.019788999999996],[-78.84544,43.019736999999985],[-78.845155,43.019675],[-78.84494,43.01957800000001],[-78.844173,43.0193],[-78.844111,43.01928500000001],[-78.843428,43.019119999999994],[-78.842512,43.019065],[-78.841812,43.01912000000001],[-78.841049,43.019223999999994],[-78.840334,43.019432],[-78.839758,43.01968899999999],[-78.838898,43.020183],[-78.83815600000001,43.020610999999995],[-78.836962,43.021483999999994],[-78.835915,43.022455],[-78.834465,43.023909999999994],[-78.833785,43.024673],[-78.832627,43.025817],[-78.832106,43.026469],[-78.831995,43.026718],[-78.831836,43.02721699999999],[-78.831628,43.02819699999999],[-78.8316,43.028377],[-78.831552,43.028575999999994],[-78.831454,43.028758999999994],[-78.831191,43.029195],[-78.830622,43.02983999999999],[-78.828763,43.030921],[-78.828069,43.031254],[-78.827735,43.03146400000001],[-78.827188,43.031809],[-78.826806,43.032135],[-78.82623700000002,43.032863],[-78.826113,43.03310499999999],[-78.825904,43.033618000000004],[-78.8258,43.034013],[-78.8258,43.034395],[-78.825898,43.03473399999999],[-78.826071,43.035109],[-78.8263,43.035705],[-78.826476,43.036026],[-78.826612,43.03627299999999],[-78.826754,43.036693],[-78.826779,43.03687599999999],[-78.826949,43.037566],[-78.827011,43.037968000000006],[-78.827016,43.038176],[-78.827042,43.039260000000006],[-78.827053,43.039364000000006],[-78.827101,43.03950299999998],[-78.827479,43.040103],[-78.827722,43.040532999999996],[-78.828326,43.041170999999984],[-78.828561,43.04138599999999],[-78.828853,43.041594],[-78.829422,43.04213499999999],[-78.829741,43.042480999999995],[-78.829991,43.042675],[-78.830365,43.043008000000015],[-78.83049,43.04313299999999],[-78.83058,43.043250999999984],[-78.830679,43.04344300000001],[-78.830698,43.043479],[-78.830788,43.04370099999999],[-78.831205,43.044401],[-78.831607,43.044976999999996],[-78.831789,43.045277],[-78.831832,43.045353999999996],[-78.831982,43.045622],[-78.832099,43.045808999999984],[-78.83228,43.046038],[-78.832442,43.046439],[-78.832613,43.04686299999999],[-78.83278600000001,43.047535],[-78.832814,43.047791],[-78.8328,43.048138],[-78.832647,43.04873400000001],[-78.832502,43.049088],[-78.832335,43.049393],[-78.832009,43.049906],[-78.831984,43.049947999999986],[-78.831711,43.050411999999994],[-78.83151,43.050655],[-78.831406,43.05074499999999],[-78.831168,43.05085299999999],[-78.830913,43.050953],[-78.830327,43.051207],[-78.830068,43.05131999999999],[-78.829535,43.051563],[-78.828953,43.051770999999995],[-78.82814900000001,43.051944000000006],[-78.827721,43.051954],[-78.827262,43.051965],[-78.826809,43.051965],[-78.826168,43.051964999999996],[-78.82589700000001,43.05194300000001],[-78.825662,43.05192399999999],[-78.824351,43.05177199999999],[-78.823172,43.051721999999984],[-78.822526,43.05169499999999],[-78.822261,43.05171],[-78.822026,43.05172300000001],[-78.821694,43.051742999999995],[-78.821402,43.051729],[-78.820868,43.051742999999995],[-78.819983,43.051778999999996],[-78.819009,43.05181900000001],[-78.816317,43.051791],[-78.815124,43.05182599999999],[-78.814271,43.05182599999999],[-78.813487,43.051875],[-78.813157,43.051956],[-78.81296,43.05200599999999],[-78.812217,43.052166],[-78.811017,43.052637],[-78.810992,43.05264699999999],[-78.809241,43.053344],[-78.808707,43.05362199999999],[-78.808421,43.05384599999999],[-78.807569,43.054516],[-78.807333,43.05483499999998],[-78.807084,43.05532000000001],[-78.80691,43.05575000000001],[-78.806827,43.056536],[-78.806827,43.05700699999999],[-78.806862,43.057319],[-78.80700700000001,43.057804],[-78.807049,43.05810900000001],[-78.807118,43.058373],[-78.807222,43.05867800000001],[-78.807347,43.058962],[-78.807417,43.059315],[-78.807451,43.06023299999999],[-78.807528,43.061175999999996],[-78.807534,43.061715],[-78.807535,43.061774],[-78.807431,43.062246],[-78.807329,43.06246],[-78.80719,43.06269600000001],[-78.806976,43.062962999999996],[-78.80659,43.063327],[-78.80584,43.063866999999995],[-78.805826,43.063877],[-78.80571,43.06395299999999],[-78.805319,43.064209],[-78.805189,43.064295],[-78.805003,43.06441699999999],[-78.804445,43.064783],[-78.804259,43.064904999999996],[-78.804037,43.065049999999985],[-78.803226,43.06554199999999],[-78.801956,43.066227999999995],[-78.801532,43.066381],[-78.800852,43.066573999999996],[-78.80020000000002,43.066635],[-78.799194,43.066579999999995],[-78.79773700000001,43.066462],[-78.797533,43.06645700000001],[-78.797472,43.06645499999999],[-78.795166,43.066399],[-78.793449,43.06638],[-78.792122,43.066429],[-78.79196,43.06644699999998],[-78.791824,43.066463],[-78.791504,43.066565999999995],[-78.790039,43.066749999999985],[-78.788925,43.066894999999995],[-78.788345,43.066928999999995],[-78.787727,43.066933000000006],[-78.787544,43.066929],[-78.787148,43.06688700000001],[-78.786339,43.066856],[-78.78620900000001,43.066837],[-78.786118,43.066803000000014],[-78.786041,43.066734],[-78.785789,43.066669],[-78.785221,43.066655999999995],[-78.785143,43.066646999999996],[-78.785035,43.066662999999984],[-78.784973,43.066677],[-78.784882,43.066677],[-78.784729,43.066692],[-78.78408800000001,43.066565999999995],[-78.783493,43.06640599999999],[-78.782669,43.066219000000004],[-78.782059,43.066064],[-78.781113,43.06587199999999],[-78.779999,43.06574999999999],[-78.778954,43.065717],[-78.777885,43.06575799999998],[-78.777069,43.065903],[-78.776566,43.06605499999999],[-78.775246,43.066649999999996],[-78.77459,43.06705899999999],[-78.773918,43.067634999999996],[-78.77359,43.06803500000001],[-78.772865,43.06872199999999],[-78.772408,43.06907699999999],[-78.771629,43.06949999999999],[-78.771118,43.069698],[-78.770783,43.06981899999999],[-78.770018,43.07008799999999],[-78.769512,43.070248],[-78.769102,43.070282999999996],[-78.768159,43.07042099999999],[-78.767084,43.07052499999999],[-78.764683,43.07059400000001],[-78.762824,43.07072600000001],[-78.76220700000002,43.07080899999999],[-78.761138,43.071101],[-78.760105,43.07128099999999],[-78.759522,43.071308999999985],[-78.758683,43.071253000000006],[-78.757829,43.071135],[-78.757045,43.070969],[-78.756359,43.07077499999999],[-78.755838,43.070559999999986],[-78.755688,43.070488],[-78.755436,43.07036599999999],[-78.754964,43.07017200000001],[-78.754423,43.06996399999999],[-78.754083,43.06981799999999],[-78.753577,43.06968599999998],[-78.752605,43.069631],[-78.751891,43.06962399999999],[-78.751357,43.06968599999999],[-78.750767,43.069734999999994],[-78.749893,43.069776999999995],[-78.749724,43.06979299999998],[-78.748832,43.06987800000001],[-78.748109,43.06990600000001],[-78.747252,43.06997],[-78.745993,43.07014900000001],[-78.74544200000001,43.070280999999994],[-78.744974,43.070487],[-78.744499,43.070756],[-78.74383700000001,43.071173],[-78.743398,43.071541999999994],[-78.742965,43.072029999999984],[-78.74254,43.072738],[-78.742472,43.07289699999999],[-78.74243,43.073049],[-78.742338,43.073622999999984],[-78.742139,43.074317999999984],[-78.742,43.07473000000001],[-78.741846,43.075123999999995],[-78.741598,43.075563],[-78.741293,43.075917000000004],[-78.74106,43.07615799999999],[-78.738853,43.07782100000001],[-78.73859,43.077997999999994],[-78.738449,43.07811099999999],[-78.738165,43.078416000000004],[-78.737574,43.079243999999996],[-78.737404,43.079634],[-78.737177,43.08031299999999],[-78.736975,43.080799],[-78.736805,43.081212],[-78.736677,43.081779],[-78.7365,43.082182],[-78.736263,43.082592999999996],[-78.735916,43.082968],[-78.735275,43.083591],[-78.734934,43.08405799999999],[-78.734772,43.084228],[-78.734268,43.08492899999999],[-78.734077,43.08551700000001],[-78.733885,43.08595999999999],[-78.733754,43.085939],[-78.733529,43.08590499999999],[-78.733361,43.085879],[-78.733231,43.085858999999985],[-78.733356,43.085528000000004],[-78.733678,43.08468],[-78.733721,43.084531],[-78.733729,43.084506],[-78.73373,43.084392],[-78.733606,43.08421899999999],[-78.734955,43.08318999999999],[-78.735168,43.08303099999999],[-78.735748,43.08247],[-78.736157,43.08179700000001],[-78.736377,43.081232000000014],[-78.7367,43.080285],[-78.737663,43.07825599999999],[-78.739949,43.076105999999996],[-78.741249,43.074854],[-78.741176,43.07433799999999],[-78.741517,43.07369099999999],[-78.742279,43.072207999999996],[-78.742508,43.071769999999994],[-78.743185,43.07095000000001],[-78.744015,43.070375999999996],[-78.744931,43.069921],[-78.745354,43.06978599999999],[-78.746197,43.069613999999994],[-78.747118,43.06943499999998],[-78.747656,43.06965499999999],[-78.751257,43.06925599999998],[-78.75374,43.069458999999995],[-78.755487,43.070077000000005],[-78.757653,43.070859999999996],[-78.759141,43.07092800000001],[-78.76,43.07087299999999],[-78.76104000000001,43.07071499999999],[-78.761922,43.07049399999999],[-78.763582,43.070337999999985],[-78.76532,43.070266999999994],[-78.765886,43.070226000000005],[-78.766995,43.07020399999999],[-78.768094,43.070103],[-78.768292,43.070139],[-78.769027,43.070026999999996],[-78.770784,43.069539],[-78.771057,43.069422],[-78.77237,43.068545],[-78.772811,43.06818299999998],[-78.773074,43.06781199999999],[-78.77389,43.06709799999999],[-78.774272,43.06681799999999],[-78.777644,43.065496],[-78.77858,43.06541500000001],[-78.782387,43.065870999999994],[-78.783669,43.066184],[-78.786085,43.06650799999999],[-78.78647,43.066559999999996],[-78.786851,43.066556999999996],[-78.789348,43.066442],[-78.790303,43.066343999999994],[-78.79671,43.066111],[-78.797482,43.06616],[-78.797505,43.066160999999994],[-78.798525,43.066176],[-78.799571,43.06643499999999],[-78.800759,43.066272],[-78.802051,43.065780999999994],[-78.804515,43.064426],[-78.806143,43.06318099999999],[-78.806817,43.06229700000001],[-78.807122,43.06113899999999],[-78.807076,43.060243],[-78.806912,43.059457],[-78.80648300000001,43.058572000000005],[-78.80505,43.057246],[-78.804403,43.055795999999994],[-78.804624,43.05518699999998],[-78.806821,43.053625999999994],[-78.80735,43.05355500000001],[-78.809565,43.05291],[-78.810304,43.052595999999994],[-78.810891,43.052446],[-78.813845,43.05166500000001],[-78.819542,43.05158999999999],[-78.821999,43.051561],[-78.822357,43.051557],[-78.826654,43.051672],[-78.82675500000002,43.05165],[-78.826785,43.051643],[-78.826881,43.05161999999999],[-78.827962,43.051616],[-78.828406,43.051457000000006],[-78.82914400000001,43.051356999999996],[-78.829637,43.051048],[-78.830415,43.05079299999998],[-78.83126,43.050245999999994],[-78.831612,43.049795],[-78.831965,43.04928999999999],[-78.832237,43.048700000000004],[-78.832332,43.048007],[-78.832119,43.046946999999996],[-78.831833,43.046161],[-78.831385,43.04535800000001],[-78.830517,43.04407999999999],[-78.829401,43.042677],[-78.827395,43.040618],[-78.826748,43.039547999999996],[-78.826491,43.038358],[-78.82654200000002,43.03759300000001],[-78.82598,43.036027999999995],[-78.825953,43.03595500000001],[-78.825366,43.03365600000001],[-78.825682,43.03310499999999],[-78.826475,43.031969],[-78.827438,43.031231999999996],[-78.828599,43.03052699999999],[-78.828805,43.030139],[-78.830189,43.02966200000001],[-78.830473,43.029157],[-78.830731,43.028867],[-78.831818,43.02614200000001],[-78.83267,43.02514299999999],[-78.833258,43.02429300000001],[-78.833346,43.024165],[-78.833619,43.02395],[-78.837366,43.02100399999999],[-78.83935,43.019453],[-78.840431,43.01918700000001],[-78.841745,43.018863],[-78.845478,43.019376],[-78.84611,43.01946099999999],[-78.849188,43.01933799999999],[-78.851249,43.019254],[-78.852669,43.01961899999999],[-78.856557,43.022055],[-78.857104,43.02215399999999],[-78.859677,43.02261200000001],[-78.86099300000001,43.02284699999999],[-78.8611,43.022865999999986],[-78.861257,43.022875],[-78.868756,43.023262],[-78.870859,43.02271899999999],[-78.872101,43.022403999999995],[-78.872168,43.022389],[-78.875553,43.02165599999999],[-78.87625,43.02155799999999],[-78.877453,43.021653999999984],[-78.878022,43.021703],[-78.879859,43.021855999999985],[-78.879957,43.02192],[-78.87997,43.021927999999996]],[[-78.807304,43.05392400000001],[-78.807281,43.053805],[-78.807205,43.05377899999999],[-78.80706,43.053785999999995],[-78.806908,43.05382099999999],[-78.806701,43.053912],[-78.806424,43.05405400000001],[-78.805983,43.05427799999999],[-78.80553300000001,43.054644999999994],[-78.805274,43.054903999999986],[-78.804986,43.05536699999999],[-78.80483900000002,43.05561799999999],[-78.80477,43.055897],[-78.804793,43.05607599999999],[-78.80492300000002,43.05646899999999],[-78.805047,43.05668699999998],[-78.805292,43.056951999999995],[-78.80551,43.05719199999999],[-78.806052,43.05771299999999],[-78.806124,43.05774],[-78.806183,43.05773899999999],[-78.806252,43.057716],[-78.806297,43.057659],[-78.806313,43.05761700000001],[-78.806267,43.057148],[-78.806251,43.05648000000001],[-78.806265,43.056252999999984],[-78.806285,43.056177000000005],[-78.806297,43.056019],[-78.806343,43.05579],[-78.806549,43.05533799999999],[-78.806694,43.05501799999999],[-78.807236,43.05414100000001],[-78.807297,43.05400000000001],[-78.807304,43.05392400000001]],[[-78.74531,43.06998699999999],[-78.745259,43.06997799999999],[-78.745164,43.069963],[-78.745123,43.070054000000006],[-78.745277,43.070063999999995],[-78.74531,43.06998699999999]]]},"properties":{"name":"Tonawanda Crk"}},{"type":"Feature","geometry":{"type":"Polygon","coordinates":[[[-78.89096900000001,43.034353],[-78.888759,43.03495599999999],[-78.887859,43.03475600000001],[-78.887749,43.034685999999994],[-78.887711,43.034662000000004],[-78.886759,43.034055999999985],[-78.886605,43.034068999999995],[-78.886144,43.034110000000005],[-78.885991,43.03412500000001],[-78.886009,43.034085999999995],[-78.885981,43.03399400000001],[-78.885846,43.03385899999998],[-78.885563,43.03376],[-78.885237,43.033646999999995],[-78.884961,43.033576],[-78.884734,43.03346999999999],[-78.88446500000002,43.03332100000001],[-78.884004,43.03312999999999],[-78.883824,43.033043],[-78.883664,43.032967],[-78.883353,43.032755],[-78.883299,43.03270299999999],[-78.883112,43.032520999999996],[-78.882765,43.032231],[-78.882666,43.032095999999996],[-78.882425,43.031863],[-78.882212,43.03172099999999],[-78.882035,43.031493999999995],[-78.881674,43.03090699999999],[-78.881327,43.030376],[-78.881249,43.030305],[-78.881065,43.03019199999999],[-78.881008,43.030029],[-78.880852,43.02966099999999],[-78.880576,43.029243],[-78.88039900000001,43.029157999999995],[-78.880383,43.029005],[-78.880342,43.02859899999999],[-78.880342,43.028344],[-78.8803,43.028152999999996],[-78.88030700000002,43.02804],[-78.880349,43.027962],[-78.88048,43.027899],[-78.880661,43.027840999999995],[-78.880753,43.027657],[-78.881086,43.02670899999999],[-78.881163,43.02667099999999],[-78.88126500000001,43.026621000000006],[-78.881295,43.026576999999996],[-78.881306,43.02651],[-78.881249,43.02632599999999],[-78.88115,43.026078],[-78.881129,43.025808999999995],[-78.881171,43.025569],[-78.881355,43.02526399999999],[-78.881505,43.024832999999994],[-78.881689,43.024231999999984],[-78.881685,43.02413000000001],[-78.881595,43.023965999999994],[-78.881545,43.02389999999999],[-78.881518,43.023844000000004],[-78.881504,43.023768],[-78.881504,43.023454],[-78.881487,43.02332799999999],[-78.881451,43.02316700000001],[-78.881392,43.023031],[-78.881288,43.022825999999995],[-78.881216,43.022733],[-78.881132,43.022645],[-78.880867,43.02246499999999],[-78.880822,43.022434],[-78.880148,43.022088],[-78.880001,43.02202699999999],[-78.879962,43.02201900000001],[-78.879942,43.022015999999994],[-78.879956,43.021972000000005],[-78.87997,43.021927999999996],[-78.880997,43.02250299999999],[-78.881378,43.022819999999996],[-78.88149,43.023230999999996],[-78.881673,43.023684999999986],[-78.881851,43.023962],[-78.881903,43.024044],[-78.88195,43.024117000000004],[-78.881974,43.024155],[-78.88503800000001,43.022456],[-78.885364,43.022418],[-78.886467,43.022311],[-78.887762,43.022187],[-78.890159,43.021956],[-78.889959,43.02455599999999],[-78.89010100000002,43.02519999999999],[-78.892059,43.034056],[-78.89096900000001,43.034353]],[[-78.889043,43.034365],[-78.888979,43.03399699999999],[-78.888844,43.03346599999999],[-78.888788,43.032978],[-78.888766,43.032630999999995],[-78.888717,43.032362],[-78.888508,43.031448000000005],[-78.888267,43.030896],[-78.887913,43.03035800000001],[-78.887616,43.029678],[-78.887431,43.029197],[-78.887415,43.02914199999999],[-78.887304,43.028744],[-78.887134,43.027454999999996],[-78.887049,43.026534999999996],[-78.886836,43.02537399999998],[-78.886803,43.02516700000001],[-78.886709,43.024567],[-78.886723,43.024383],[-78.88678,43.02415599999999],[-78.886794,43.02398599999999],[-78.886766,43.02378800000001],[-78.886692,43.023668],[-78.886539,43.02342000000001],[-78.886284,43.02326399999999],[-78.886101,43.023215],[-78.886015,43.023193],[-78.88567,43.023249],[-78.885037,43.02353299999999],[-78.884286,43.024015000000006],[-78.883535,43.024652],[-78.883238,43.025033999999984],[-78.883077,43.02532999999998],[-78.882969,43.025529999999996],[-78.882839,43.025857],[-78.882813,43.025925999999984],[-78.882544,43.02676799999999],[-78.882484,43.026947],[-78.882455,43.027171],[-78.882388,43.02765399999999],[-78.882388,43.02787899999999],[-78.882388,43.028262],[-78.88247300000002,43.028885],[-78.882643,43.029593],[-78.882884,43.030187999999995],[-78.883047,43.030677],[-78.883255,43.03100899999999],[-78.883666,43.03130699999999],[-78.883859,43.031431999999995],[-78.884453,43.031816],[-78.885473,43.032432],[-78.886103,43.032743999999994],[-78.886386,43.03289299999999],[-78.8865,43.032991999999986],[-78.887208,43.03347999999998],[-78.887664,43.03380799999999],[-78.888171,43.03417399999999],[-78.888341,43.03440799999999],[-78.888504,43.03458500000001],[-78.888759,43.03475399999999],[-78.888859,43.03476899999999],[-78.888965,43.03473299999999],[-78.889,43.034655],[-78.88905,43.034470999999996],[-78.889043,43.034365]]]},"properties":{"name":"Little Riv"}},{"type":"Feature","geometry":{"type":"Polygon","coordinates":[[[-78.575839,43.19970099999999],[-78.575456,43.19975800000001],[-78.575185,43.19978799999999],[-78.570878,43.20052200000001],[-78.569645,43.200764],[-78.567994,43.200931],[-78.567371,43.200984],[-78.567022,43.200987999999995],[-78.566194,43.20105800000001],[-78.565272,43.201072],[-78.564459,43.201103999999994],[-78.563774,43.20116399999999],[-78.562505,43.20131000000001],[-78.561594,43.201372000000006],[-78.560552,43.20147099999999],[-78.560281,43.20138099999999],[-78.560604,43.201329],[-78.561601,43.201225999999984],[-78.562366,43.20118699999999],[-78.562506,43.201162999999994],[-78.563399,43.20107],[-78.564517,43.200956],[-78.565301,43.20088899999998],[-78.566799,43.200716],[-78.567885,43.200641999999995],[-78.569913,43.200444],[-78.570959,43.200295999999994],[-78.572497,43.199996],[-78.572735,43.199962],[-78.572871,43.199943],[-78.57401300000001,43.19974899999999],[-78.574451,43.199689000000006],[-78.575699,43.199470999999996],[-78.57583,43.19946000000001],[-78.57583100000001,43.199508],[-78.575837,43.19965199999999],[-78.575839,43.19970099999999]]]},"properties":{"name":"East Branch Eighteenmile Crk"}}]}