{"type":"FeatureCollection","features":[{"type":"Feature","geometry":{"type":"Point","coordinates":[-78.947382,43.071721]},"properties":{"well_id":"PCBM-01","site":"102nd Street Landfill (Hooker/Olin)","well_role":"monitoring well","data_type":"per-chemical groundwater results","n_found":7,"chemicals_found":"2-Chlorotoluene; Arsenic; Chlorobenzene; alpha-BHC; beta-BHC; delta-BHC; gamma-BHC (lindane)","latest_year":2019,"latest_detect":2011,"coord_precision":"georeferenced_from_Fig1.2_~0.1mi","toc_latest":null,"toc_max":null,"program_number":"932022","chems":["Arsenic","Chlorobenzene","Lindane / BHC"],"src":"DEC"}},{"type":"Feature","geometry":{"type":"Point","coordinates":[-78.942938,43.072123]},"properties":{"well_id":"PCBM-02","site":"102nd Street Landfill (Hooker/Olin)","well_role":"monitoring well","data_type":"per-chemical groundwater results","n_found":5,"chemicals_found":"1,2,4-Trichlorobenzene; 2-Chlorotoluene; Arsenic; Chlorobenzene; beta-BHC","latest_year":2019,"latest_detect":2016,"coord_precision":"georeferenced_from_Fig1.2_~0.1mi","toc_latest":null,"toc_max":null,"program_number":"932022","chems":["Arsenic","Chlorobenzene","Lindane / BHC"],"src":"DEC"}},{"type":"Feature","geometry":{"type":"Point","coordinates":[-78.946485,43.073754]},"properties":{"well_id":"PCBM-03","site":"102nd Street Landfill (Hooker/Olin)","well_role":"monitoring well","data_type":"per-chemical groundwater results","n_found":8,"chemicals_found":"2-Chlorophenol; 2-Chlorotoluene; Arsenic; Phenol; alpha-BHC; beta-BHC; delta-BHC; gamma-BHC (lindane)","latest_year":2019,"latest_detect":2019,"coord_precision":"georeferenced_from_Fig1.2_~0.1mi","toc_latest":null,"toc_max":null,"program_number":"932022","chems":["Arsenic","Lindane / BHC"],"src":"DEC"}},{"type":"Feature","geometry":{"type":"Point","coordinates":[-78.94944,43.073165]},"properties":{"well_id":"PCM-01","site":"102nd Street Landfill (Hooker/Olin)","well_role":"monitoring well","data_type":"per-chemical groundwater results","n_found":9,"chemicals_found":"1,4-Dichlorobenzene; 2-Chlorotoluene; Arsenic; Benzene; Mercury; alpha-BHC; beta-BHC; delta-BHC; gamma-BHC (lindane)","latest_year":2019,"latest_detect":2011,"coord_precision":"georeferenced_from_Fig1.2_~0.1mi","toc_latest":null,"toc_max":null,"program_number":"932022","chems":["Benzene","Arsenic","Mercury","Lindane / BHC"],"src":"DEC"}},{"type":"Feature","geometry":{"type":"Point","coordinates":[-78.948817,43.072152]},"properties":{"well_id":"PCM-02","site":"102nd Street Landfill (Hooker/Olin)","well_role":"monitoring well","data_type":"per-chemical groundwater results","n_found":9,"chemicals_found":"1,4-Dichlorobenzene; 2-Chlorotoluene; Arsenic; Benzene; Chlorobenzene; alpha-BHC; beta-BHC; delta-BHC; gamma-BHC (lindane)","latest_year":2019,"latest_detect":2016,"coord_precision":"georeferenced_from_Fig1.2_~0.1mi","toc_latest":null,"toc_max":null,"program_number":"932022","chems":["Benzene","Arsenic","Chlorobenzene","Lindane / BHC"],"src":"DEC"}},{"type":"Feature","geometry":{"type":"Point","coordinates":[-78.947131,43.071728]},"properties":{"well_id":"PCM-03","site":"102nd Street Landfill (Hooker/Olin)","well_role":"monitoring well","data_type":"per-chemical groundwater results","n_found":17,"chemicals_found":"1,2,3-Trichlorobenzene; 1,2,4-Trichlorobenzene; 1,2-Dichlorobenzene; 1,4-Dichlorobenzene; 2,4-Dichlorophenol; 2,5-Dichlorophenol; 2-Chlorophenol; 2-Chlorotoluene; 4-Chlorophenol; Arsenic; Benzene; Chlorobenzene; Mercury; Phenol; alpha-BHC; beta-BHC; delta-BHC","latest_year":2019,"latest_detect":2019,"coord_precision":"georeferenced_from_Fig1.2_~0.1mi","toc_latest":null,"toc_max":null,"program_number":"932022","chems":["Benzene","Arsenic","Mercury","Chlorobenzene","Lindane / BHC"],"src":"DEC"}},{"type":"Feature","geometry":{"type":"Point","coordinates":[-78.945415,43.072128]},"properties":{"well_id":"PCM-04","site":"102nd Street Landfill (Hooker/Olin)","well_role":"monitoring well","data_type":"per-chemical groundwater results","n_found":15,"chemicals_found":"1,2-Dichlorobenzene; 1,4-Dichlorobenzene; 2,4-Dichlorophenol; 2,5-Dichlorophenol; 2-Chlorophenol; 2-Chlorotoluene; 4-Chlorophenol; Arsenic; Benzene; Chlorobenzene; Mercury; Phenol; alpha-BHC; beta-BHC; delta-BHC","latest_year":2019,"latest_detect":2019,"coord_precision":"georeferenced_from_Fig1.2_~0.1mi","toc_latest":null,"toc_max":null,"program_number":"932022","chems":["Benzene","Arsenic","Mercury","Chlorobenzene","Lindane / BHC"],"src":"DEC"}},{"type":"Feature","geometry":{"type":"Point","coordinates":[-78.942977,43.072164]},"properties":{"well_id":"PCM-05","site":"102nd Street Landfill (Hooker/Olin)","well_role":"monitoring well","data_type":"per-chemical groundwater results","n_found":10,"chemicals_found":"1,4-Dichlorobenzene; 2-Chlorophenol; 2-Chlorotoluene; 4-Chlorophenol; Arsenic; Benzene; Chlorobenzene; alpha-BHC; delta-BHC; gamma-BHC (lindane)","latest_year":2019,"latest_detect":2019,"coord_precision":"georeferenced_from_Fig1.2_~0.1mi","toc_latest":null,"toc_max":null,"program_number":"932022","chems":["Benzene","Arsenic","Chlorobenzene","Lindane / BHC"],"src":"DEC"}},{"type":"Feature","geometry":{"type":"Point","coordinates":[-78.943969,43.073284]},"properties":{"well_id":"PCM-06","site":"102nd Street Landfill (Hooker/Olin)","well_role":"monitoring well","data_type":"per-chemical groundwater results","n_found":1,"chemicals_found":"Arsenic","latest_year":2019,"latest_detect":2018,"coord_precision":"georeferenced_replacement_of_PCM-06R","toc_latest":null,"toc_max":null,"program_number":"932022","chems":["Arsenic"],"src":"DEC"}},{"type":"Feature","geometry":{"type":"Point","coordinates":[-78.943969,43.073284]},"properties":{"well_id":"PCM-06R","site":"102nd Street Landfill (Hooker/Olin)","well_role":"monitoring well","data_type":"per-chemical groundwater results","n_found":0,"chemicals_found":"","latest_year":2019,"latest_detect":null,"coord_precision":"georeferenced_from_Fig1.2_~0.1mi","toc_latest":null,"toc_max":null,"program_number":"932022","chems":[],"src":"DEC"}},{"type":"Feature","geometry":{"type":"Point","coordinates":[-78.945023,43.073718]},"properties":{"well_id":"PCM-07","site":"102nd Street Landfill (Hooker/Olin)","well_role":"monitoring well","data_type":"per-chemical groundwater results","n_found":6,"chemicals_found":"2-Chlorotoluene; Arsenic; Phenol; alpha-BHC; delta-BHC; gamma-BHC (lindane)","latest_year":2007,"latest_detect":2007,"coord_precision":"georeferenced_replacement_of_PCM-07R","toc_latest":null,"toc_max":null,"program_number":"932022","chems":["Arsenic","Lindane / BHC"],"src":"DEC"}},{"type":"Feature","geometry":{"type":"Point","coordinates":[-78.945023,43.073718]},"properties":{"well_id":"PCM-07R","site":"102nd Street Landfill (Hooker/Olin)","well_role":"monitoring well","data_type":"per-chemical groundwater results","n_found":8,"chemicals_found":"1,2,4-Trichlorobenzene; 2-Chlorotoluene; Arsenic; Chlorobenzene; alpha-BHC; beta-BHC; delta-BHC; gamma-BHC (lindane)","latest_year":2019,"latest_detect":2011,"coord_precision":"georeferenced_from_Fig1.2_~0.1mi","toc_latest":null,"toc_max":null,"program_number":"932022","chems":["Arsenic","Chlorobenzene","Lindane / BHC"],"src":"DEC"}},{"type":"Feature","geometry":{"type":"Point","coordinates":[-78.946486,43.073833]},"properties":{"well_id":"PCM-08","site":"102nd Street Landfill (Hooker/Olin)","well_role":"monitoring well","data_type":"per-chemical groundwater results","n_found":4,"chemicals_found":"2-Chlorotoluene; alpha-BHC; beta-BHC; delta-BHC","latest_year":2019,"latest_detect":2016,"coord_precision":"georeferenced_from_Fig1.2_~0.1mi","toc_latest":null,"toc_max":null,"program_number":"932022","chems":["Lindane / BHC"],"src":"DEC"}},{"type":"Feature","geometry":{"type":"Point","coordinates":[-78.947888,43.073956]},"properties":{"well_id":"PCM-09","site":"102nd Street Landfill (Hooker/Olin)","well_role":"monitoring well","data_type":"per-chemical groundwater results","n_found":3,"chemicals_found":"Arsenic; Mercury; beta-BHC","latest_year":2019,"latest_detect":2018,"coord_precision":"georeferenced_from_Fig1.2_~0.1mi","toc_latest":null,"toc_max":null,"program_number":"932022","chems":["Arsenic","Mercury","Lindane / BHC"],"src":"DEC"}},{"type":"Feature","geometry":{"type":"Point","coordinates":[-78.949925,43.073819]},"properties":{"well_id":"PCM-10","site":"102nd Street Landfill (Hooker/Olin)","well_role":"monitoring well","data_type":"per-chemical groundwater results","n_found":6,"chemicals_found":"2-Chlorotoluene; Arsenic; alpha-BHC; beta-BHC; delta-BHC; gamma-BHC (lindane)","latest_year":2019,"latest_detect":2019,"coord_precision":"georeferenced_from_Fig1.2_~0.1mi","toc_latest":null,"toc_max":null,"program_number":"932022","chems":["Arsenic","Lindane / BHC"],"src":"DEC"}},{"type":"Feature","geometry":{"type":"Point","coordinates":[-78.885714,43.035479]},"properties":{"well_id":"MW-16I","site":"Durez Inlet (Occidental/Glenn Springs)","well_role":"monitoring well","data_type":"per-chemical groundwater results","n_found":4,"chemicals_found":"1,4-Dichlorobenzene; Benzene; Chlorobenzene; Toluene","latest_year":2024,"latest_detect":2024,"coord_precision":"georeferenced_from_Fig2.1_aerial_~0.05mi","toc_latest":null,"toc_max":null,"program_number":"932018","chems":["Benzene","Toluene","Chlorobenzene"],"src":"DEC"}},{"type":"Feature","geometry":{"type":"Point","coordinates":[-78.886156,43.035665]},"properties":{"well_id":"MW-18I","site":"Durez Inlet (Occidental/Glenn Springs)","well_role":"monitoring well","data_type":"per-chemical groundwater results","n_found":2,"chemicals_found":"Chlorobenzene; Toluene","latest_year":2024,"latest_detect":2023,"coord_precision":"georeferenced_from_Fig2.1_aerial_~0.05mi","toc_latest":null,"toc_max":null,"program_number":"932018","chems":["Toluene","Chlorobenzene"],"src":"DEC"}},{"type":"Feature","geometry":{"type":"Point","coordinates":[-78.886415,43.035447]},"properties":{"well_id":"MW-19I","site":"Durez Inlet (Occidental/Glenn Springs)","well_role":"monitoring well","data_type":"per-chemical groundwater results","n_found":1,"chemicals_found":"Toluene","latest_year":2024,"latest_detect":2024,"coord_precision":"georeferenced_from_Fig2.1_aerial_~0.05mi","toc_latest":null,"toc_max":null,"program_number":"932018","chems":["Toluene"],"src":"DEC"}},{"type":"Feature","geometry":{"type":"Point","coordinates":[-78.886243,43.035307]},"properties":{"well_id":"MW-20I","site":"Durez Inlet (Occidental/Glenn Springs)","well_role":"monitoring well","data_type":"per-chemical groundwater results","n_found":4,"chemicals_found":"1,3-Dichlorobenzene; 1,4-Dichlorobenzene; Benzene; Chlorobenzene","latest_year":2024,"latest_detect":2024,"coord_precision":"georeferenced_from_Fig2.1_aerial_~0.05mi","toc_latest":null,"toc_max":null,"program_number":"932018","chems":["Benzene","Chlorobenzene"],"src":"DEC"}},{"type":"Feature","geometry":{"type":"Point","coordinates":[-78.886255,43.03532]},"properties":{"well_id":"MW-22I","site":"Durez Inlet (Occidental/Glenn Springs)","well_role":"monitoring well","data_type":"per-chemical groundwater results","n_found":6,"chemicals_found":"1,2-Dichlorobenzene; 1,3-Dichlorobenzene; 1,4-Dichlorobenzene; Benzene; Chlorobenzene; Toluene","latest_year":2024,"latest_detect":2024,"coord_precision":"georeferenced_from_Fig2.1_aerial_~0.05mi","toc_latest":null,"toc_max":null,"program_number":"932018","chems":["Benzene","Toluene","Chlorobenzene"],"src":"DEC"}},{"type":"Feature","geometry":{"type":"Point","coordinates":[-78.950235,43.077589]},"properties":{"well_id":"10105","site":"Love Canal (Occidental)","well_role":"monitoring well","data_type":"per-chemical groundwater results","n_found":3,"chemicals_found":"Acetone; Carbon disulfide; bis(2-Ethylhexyl)phthalate (DEHP)","latest_year":2019,"latest_detect":2019,"coord_precision":"georeferenced_from_Fig3.2_~0.15mi","toc_latest":null,"toc_max":null,"program_number":"932020","chems":[],"src":"DEC"}},{"type":"Feature","geometry":{"type":"Point","coordinates":[-78.950373,43.079957]},"properties":{"well_id":"10135","site":"Love Canal (Occidental)","well_role":"monitoring well","data_type":"per-chemical groundwater results","n_found":47,"chemicals_found":"1,1,2,2-Tetrachloroethane; 1,1,2-Trichloroethane; 1,1-Dichloroethane; 1,2,4-Trichlorobenzene; 1,2-Dichlorobenzene; 1,3-Dichlorobenzene; 1,4-Dichlorobenzene; 2,4,5-Trichlorophenol; 2,4-Dichlorophenol; 2,4-Dinitrotoluene; 2-Butanone (Methyl ethyl ketone) (MEK); 2-Chloronaphthalene; 2-Chlorophenol; 2-Methylphenol; 3&4-Methylphenol; 4-Chloro-3-methylphenol; 4-Methylphenol; Acetone; Aldrin; Benzene; Benzoic acid; Benzyl alcohol; Bromodichloromethane; Carbon disulfide; Chlorobenzene; Chloroform (Trichloromethane); Chloromethane (Methyl chloride); Endosulfan sulfate; Endrin; Ethylbenzene; Methylene chloride; Naphthalene; Phenol; Tetrachloroethene; Toluene; Trichloroethene; Vinyl chloride; Xylenes (total); alpha-BHC; beta-BHC; bis(2-Chloroethyl)ether; cis-1,2-Dichloroethene; cis-1,2-Dichloropropene; delta-BHC; gamma-BHC (lindane); gamma-Chlordane; trans-1,2-Dichloroethene","latest_year":2022,"latest_detect":2022,"coord_precision":"georeferenced_from_Fig3.2_~0.15mi","toc_latest":null,"toc_max":null,"program_number":"932020","chems":["Trichloroethene (TCE)","Tetrachloroethene (PCE)","Vinyl chloride","Benzene","Chloroform / THMs","Toluene","Xylene","Ethylbenzene","Chlorobenzene","Lindane / BHC","Naphthalene"],"src":"DEC"}},{"type":"Feature","geometry":{"type":"Point","coordinates":[-78.951136,43.080725]},"properties":{"well_id":"10147","site":"Love Canal (Occidental)","well_role":"monitoring well","data_type":"per-chemical groundwater results","n_found":3,"chemicals_found":"4,4'-DDD; Acetone; bis(2-Ethylhexyl)phthalate (DEHP)","latest_year":2019,"latest_detect":2017,"coord_precision":"georeferenced_from_Fig3.2_~0.15mi","toc_latest":null,"toc_max":null,"program_number":"932020","chems":["DDT / DDE / DDD"],"src":"DEC"}},{"type":"Feature","geometry":{"type":"Point","coordinates":[-78.951118,43.078964]},"properties":{"well_id":"10174A","site":"Love Canal (Occidental)","well_role":"monitoring well","data_type":"per-chemical groundwater results","n_found":1,"chemicals_found":"Acetone","latest_year":2019,"latest_detect":2019,"coord_precision":"georeferenced_from_Fig3.2_~0.15mi","toc_latest":null,"toc_max":null,"program_number":"932020","chems":[],"src":"DEC"}},{"type":"Feature","geometry":{"type":"Point","coordinates":[-78.951268,43.079892]},"properties":{"well_id":"10178A","site":"Love Canal (Occidental)","well_role":"monitoring well","data_type":"per-chemical groundwater results","n_found":1,"chemicals_found":"Acetone","latest_year":2022,"latest_detect":2019,"coord_precision":"georeferenced_from_Fig3.2_~0.15mi","toc_latest":null,"toc_max":null,"program_number":"932020","chems":[],"src":"DEC"}},{"type":"Feature","geometry":{"type":"Point","coordinates":[-78.951268,43.079892]},"properties":{"well_id":"10178B","site":"Love Canal (Occidental)","well_role":"monitoring well","data_type":"per-chemical groundwater results","n_found":5,"chemicals_found":"2-Butanone (Methyl ethyl ketone) (MEK); Carbon disulfide; alpha-BHC; delta-BHC; gamma-BHC (lindane)","latest_year":2022,"latest_detect":2022,"coord_precision":"georeferenced_nested_with_10178A","toc_latest":null,"toc_max":null,"program_number":"932020","chems":["Lindane / BHC"],"src":"DEC"}},{"type":"Feature","geometry":{"type":"Point","coordinates":[-78.949676,43.077383]},"properties":{"well_id":"10205","site":"Love Canal (Occidental)","well_role":"monitoring well","data_type":"per-chemical groundwater results","n_found":9,"chemicals_found":"2-Butanone (Methyl ethyl ketone) (MEK); 4,4'-DDE; 4,4'-DDT; Carbon disulfide; Dieldrin; Endosulfan II; alpha-BHC; delta-BHC; gamma-BHC (lindane)","latest_year":2022,"latest_detect":2022,"coord_precision":"georeferenced_from_Fig3.2_~0.15mi","toc_latest":null,"toc_max":null,"program_number":"932020","chems":["Lindane / BHC","DDT / DDE / DDD","Dieldrin"],"src":"DEC"}},{"type":"Feature","geometry":{"type":"Point","coordinates":[-78.950346,43.077592]},"properties":{"well_id":"10210A","site":"Love Canal (Occidental)","well_role":"monitoring well","data_type":"per-chemical groundwater results","n_found":13,"chemicals_found":"4,4'-DDE; 4,4'-DDT; Acetone; Bromomethane (Methyl bromide); Carbon disulfide; Ethylbenzene; Naphthalene; Toluene; Xylenes (total); alpha-BHC; alpha-Chlordane; delta-BHC; gamma-BHC (lindane)","latest_year":2022,"latest_detect":2022,"coord_precision":"georeferenced_from_Fig3.2_~0.15mi","toc_latest":null,"toc_max":null,"program_number":"932020","chems":["Toluene","Xylene","Ethylbenzene","Lindane / BHC","DDT / DDE / DDD","Naphthalene"],"src":"DEC"}},{"type":"Feature","geometry":{"type":"Point","coordinates":[-78.950434,43.077609]},"properties":{"well_id":"10210B","site":"Love Canal (Occidental)","well_role":"monitoring well","data_type":"per-chemical groundwater results","n_found":7,"chemicals_found":"Acetone; Carbon disulfide; Trichloroethene; Xylenes (total); alpha-BHC; delta-BHC; gamma-BHC (lindane)","latest_year":2022,"latest_detect":2022,"coord_precision":"georeferenced_from_Fig3.2_~0.15mi","toc_latest":null,"toc_max":null,"program_number":"932020","chems":["Trichloroethene (TCE)","Xylene","Lindane / BHC"],"src":"DEC"}},{"type":"Feature","geometry":{"type":"Point","coordinates":[-78.950523,43.077637]},"properties":{"well_id":"10210C","site":"Love Canal (Occidental)","well_role":"monitoring well","data_type":"per-chemical groundwater results","n_found":8,"chemicals_found":"4,4'-DDT; Acetone; Carbon disulfide; Endrin; Phenol; alpha-BHC; delta-BHC; gamma-BHC (lindane)","latest_year":2022,"latest_detect":2022,"coord_precision":"georeferenced_from_Fig3.2_~0.15mi","toc_latest":null,"toc_max":null,"program_number":"932020","chems":["Lindane / BHC","DDT / DDE / DDD"],"src":"DEC"}},{"type":"Feature","geometry":{"type":"Point","coordinates":[-78.951245,43.077889]},"properties":{"well_id":"10215","site":"Love Canal (Occidental)","well_role":"monitoring well","data_type":"per-chemical groundwater results","n_found":7,"chemicals_found":"4,4'-DDD; 4,4'-DDT; Acetone; Carbon disulfide; alpha-BHC; delta-BHC; gamma-BHC (lindane)","latest_year":2022,"latest_detect":2022,"coord_precision":"georeferenced_from_Fig3.2_~0.15mi","toc_latest":null,"toc_max":null,"program_number":"932020","chems":["Lindane / BHC","DDT / DDE / DDD"],"src":"DEC"}},{"type":"Feature","geometry":{"type":"Point","coordinates":[-78.950947,43.080963]},"properties":{"well_id":"10225A","site":"Love Canal (Occidental)","well_role":"monitoring well","data_type":"per-chemical groundwater results","n_found":12,"chemicals_found":"2-Butanone (Methyl ethyl ketone) (MEK); Acetone; Carbon disulfide; Diethyl phthalate; Ethylbenzene; Heptachlor epoxide; Naphthalene; Toluene; Xylenes (total); alpha-BHC; delta-BHC; gamma-BHC (lindane)","latest_year":2022,"latest_detect":2022,"coord_precision":"georeferenced_from_Fig3.2_~0.15mi","toc_latest":null,"toc_max":null,"program_number":"932020","chems":["Toluene","Xylene","Ethylbenzene","Lindane / BHC","Naphthalene"],"src":"DEC"}},{"type":"Feature","geometry":{"type":"Point","coordinates":[-78.951048,43.080989]},"properties":{"well_id":"10225B","site":"Love Canal (Occidental)","well_role":"monitoring well","data_type":"per-chemical groundwater results","n_found":12,"chemicals_found":"2-Butanone (Methyl ethyl ketone) (MEK); 4,4'-DDT; Acetone; Carbon disulfide; Endosulfan II; Endosulfan sulfate; Methoxychlor; Toluene; alpha-BHC; delta-BHC; gamma-BHC (lindane); gamma-Chlordane","latest_year":2022,"latest_detect":2022,"coord_precision":"georeferenced_from_Fig3.2_~0.15mi","toc_latest":null,"toc_max":null,"program_number":"932020","chems":["Toluene","Lindane / BHC","DDT / DDE / DDD"],"src":"DEC"}},{"type":"Feature","geometry":{"type":"Point","coordinates":[-78.951054,43.081313]},"properties":{"well_id":"10225C","site":"Love Canal (Occidental)","well_role":"monitoring well","data_type":"per-chemical groundwater results","n_found":9,"chemicals_found":"1,2,4-Trichlorobenzene; Acetone; Carbon disulfide; Chlorobenzene; Trichloroethene; alpha-BHC; cis-1,2-Dichloroethene; delta-BHC; gamma-BHC (lindane)","latest_year":2022,"latest_detect":2022,"coord_precision":"georeferenced_from_Fig3.2_~0.15mi","toc_latest":null,"toc_max":null,"program_number":"932020","chems":["Trichloroethene (TCE)","Chlorobenzene","Lindane / BHC"],"src":"DEC"}},{"type":"Feature","geometry":{"type":"Point","coordinates":[-78.951016,43.078471]},"properties":{"well_id":"10270","site":"Love Canal (Occidental)","well_role":"monitoring well","data_type":"per-chemical groundwater results","n_found":7,"chemicals_found":"Acetone; Carbon disulfide; Endosulfan II; Endosulfan sulfate; alpha-BHC; delta-BHC; gamma-BHC (lindane)","latest_year":2022,"latest_detect":2022,"coord_precision":"georeferenced_from_Fig3.2_~0.15mi","toc_latest":null,"toc_max":null,"program_number":"932020","chems":["Lindane / BHC"],"src":"DEC"}},{"type":"Feature","geometry":{"type":"Point","coordinates":[-78.951087,43.078697]},"properties":{"well_id":"10272","site":"Love Canal (Occidental)","well_role":"monitoring well","data_type":"per-chemical groundwater results","n_found":7,"chemicals_found":"Acetone; Carbon disulfide; Chloroform (Trichloromethane); alpha-BHC; beta-BHC; delta-BHC; gamma-BHC (lindane)","latest_year":2022,"latest_detect":2022,"coord_precision":"georeferenced_from_Fig3.2_~0.15mi","toc_latest":null,"toc_max":null,"program_number":"932020","chems":["Chloroform / THMs","Lindane / BHC"],"src":"DEC"}},{"type":"Feature","geometry":{"type":"Point","coordinates":[-78.951121,43.079707]},"properties":{"well_id":"10278","site":"Love Canal (Occidental)","well_role":"monitoring well","data_type":"per-chemical groundwater results","n_found":11,"chemicals_found":"2-Butanone (Methyl ethyl ketone) (MEK); 4,4'-DDT; Acetone; Carbon disulfide; Endosulfan II; Methoxychlor; Xylenes (total); alpha-BHC; beta-BHC; delta-BHC; gamma-BHC (lindane)","latest_year":2022,"latest_detect":2022,"coord_precision":"georeferenced_from_Fig3.2_~0.15mi","toc_latest":null,"toc_max":null,"program_number":"932020","chems":["Xylene","Lindane / BHC","DDT / DDE / DDD"],"src":"DEC"}},{"type":"Feature","geometry":{"type":"Point","coordinates":[-78.950937,43.085733]},"properties":{"well_id":"3257","site":"Love Canal (Occidental)","well_role":"monitoring well","data_type":"per-chemical groundwater results","n_found":4,"chemicals_found":"4,4'-DDT; Acetone; Carbon disulfide; delta-BHC","latest_year":2022,"latest_detect":2022,"coord_precision":"georeferenced_from_Fig3.2_~0.15mi","toc_latest":null,"toc_max":null,"program_number":"932020","chems":["Lindane / BHC","DDT / DDE / DDD"],"src":"DEC"}},{"type":"Feature","geometry":{"type":"Point","coordinates":[-78.952163,43.079112]},"properties":{"well_id":"5221","site":"Love Canal (Occidental)","well_role":"monitoring well","data_type":"per-chemical groundwater results","n_found":6,"chemicals_found":"4,4'-DDD; Acetone; Carbon disulfide; Endosulfan sulfate; Methoxychlor; delta-BHC","latest_year":2022,"latest_detect":2022,"coord_precision":"georeferenced_from_Fig3.2_~0.15mi","toc_latest":null,"toc_max":null,"program_number":"932020","chems":["Lindane / BHC","DDT / DDE / DDD"],"src":"DEC"}},{"type":"Feature","geometry":{"type":"Point","coordinates":[-78.948388,43.077655]},"properties":{"well_id":"6209","site":"Love Canal (Occidental)","well_role":"monitoring well","data_type":"per-chemical groundwater results","n_found":7,"chemicals_found":"Acetone; Carbon disulfide; Chloroform (Trichloromethane); Toluene; alpha-BHC; delta-BHC; gamma-BHC (lindane)","latest_year":2022,"latest_detect":2022,"coord_precision":"georeferenced_from_Fig3.2_~0.15mi","toc_latest":null,"toc_max":null,"program_number":"932020","chems":["Chloroform / THMs","Toluene","Lindane / BHC"],"src":"DEC"}},{"type":"Feature","geometry":{"type":"Point","coordinates":[-78.951007,43.08265]},"properties":{"well_id":"7115","site":"Love Canal (Occidental)","well_role":"monitoring well","data_type":"per-chemical groundwater results","n_found":5,"chemicals_found":"alpha-BHC; beta-BHC; bis(2-Ethylhexyl)phthalate (DEHP); delta-BHC; gamma-BHC (lindane)","latest_year":2022,"latest_detect":2022,"coord_precision":"georeferenced_from_Fig3.2_~0.15mi","toc_latest":null,"toc_max":null,"program_number":"932020","chems":["Lindane / BHC"],"src":"DEC"}},{"type":"Feature","geometry":{"type":"Point","coordinates":[-78.951034,43.083308]},"properties":{"well_id":"7120","site":"Love Canal (Occidental)","well_role":"monitoring well","data_type":"per-chemical groundwater results","n_found":0,"chemicals_found":"","latest_year":2019,"latest_detect":null,"coord_precision":"georeferenced_from_Fig3.2_~0.15mi","toc_latest":null,"toc_max":null,"program_number":"932020","chems":[],"src":"DEC"}},{"type":"Feature","geometry":{"type":"Point","coordinates":[-78.95108,43.083747]},"properties":{"well_id":"7125","site":"Love Canal (Occidental)","well_role":"monitoring well","data_type":"per-chemical groundwater results","n_found":0,"chemicals_found":"","latest_year":2022,"latest_detect":null,"coord_precision":"georeferenced_from_Fig3.2_~0.15mi","toc_latest":null,"toc_max":null,"program_number":"932020","chems":[],"src":"DEC"}},{"type":"Feature","geometry":{"type":"Point","coordinates":[-78.951106,43.084864]},"properties":{"well_id":"7130","site":"Love Canal (Occidental)","well_role":"monitoring well","data_type":"per-chemical groundwater results","n_found":3,"chemicals_found":"Acetone; Phenol; bis(2-Ethylhexyl)phthalate (DEHP)","latest_year":2022,"latest_detect":2019,"coord_precision":"georeferenced_from_Fig3.2_~0.15mi","toc_latest":null,"toc_max":null,"program_number":"932020","chems":[],"src":"DEC"}},{"type":"Feature","geometry":{"type":"Point","coordinates":[-78.951057,43.085191]},"properties":{"well_id":"7132","site":"Love Canal (Occidental)","well_role":"monitoring well","data_type":"per-chemical groundwater results","n_found":1,"chemicals_found":"Carbon disulfide","latest_year":2022,"latest_detect":2022,"coord_precision":"georeferenced_from_Fig3.2_~0.15mi","toc_latest":null,"toc_max":null,"program_number":"932020","chems":[],"src":"DEC"}},{"type":"Feature","geometry":{"type":"Point","coordinates":[-78.950873,43.085244]},"properties":{"well_id":"7155","site":"Love Canal (Occidental)","well_role":"monitoring well","data_type":"per-chemical groundwater results","n_found":3,"chemicals_found":"Acetone; Carbon disulfide; Toluene","latest_year":2019,"latest_detect":2019,"coord_precision":"georeferenced_from_Fig3.2_~0.15mi","toc_latest":null,"toc_max":null,"program_number":"932020","chems":["Toluene"],"src":"DEC"}},{"type":"Feature","geometry":{"type":"Point","coordinates":[-78.950102,43.08566]},"properties":{"well_id":"7161","site":"Love Canal (Occidental)","well_role":"monitoring well","data_type":"per-chemical groundwater results","n_found":2,"chemicals_found":"Acetone; Carbon disulfide","latest_year":2019,"latest_detect":2019,"coord_precision":"georeferenced_from_Fig3.2_~0.15mi","toc_latest":null,"toc_max":null,"program_number":"932020","chems":[],"src":"DEC"}},{"type":"Feature","geometry":{"type":"Point","coordinates":[-78.951086,43.084021]},"properties":{"well_id":"7205","site":"Love Canal (Occidental)","well_role":"monitoring well","data_type":"per-chemical groundwater results","n_found":8,"chemicals_found":"4-Methyl-2-pentanone (Methyl isobutyl ketone) (MIBK); Carbon disulfide; Diethyl phthalate; Methoxychlor; Toluene; alpha-BHC; delta-BHC; gamma-BHC (lindane)","latest_year":2022,"latest_detect":2022,"coord_precision":"georeferenced_from_Fig3.2_~0.15mi","toc_latest":null,"toc_max":null,"program_number":"932020","chems":["Toluene","Lindane / BHC"],"src":"DEC"}},{"type":"Feature","geometry":{"type":"Point","coordinates":[-78.948487,43.085777]},"properties":{"well_id":"8106","site":"Love Canal (Occidental)","well_role":"monitoring well","data_type":"per-chemical groundwater results","n_found":3,"chemicals_found":"Acetone; Chloromethane (Methyl chloride); bis(2-Ethylhexyl)phthalate (DEHP)","latest_year":2022,"latest_detect":2017,"coord_precision":"georeferenced_from_Fig3.2_~0.15mi","toc_latest":null,"toc_max":null,"program_number":"932020","chems":[],"src":"DEC"}},{"type":"Feature","geometry":{"type":"Point","coordinates":[-78.948916,43.085039]},"properties":{"well_id":"8110","site":"Love Canal (Occidental)","well_role":"monitoring well","data_type":"per-chemical groundwater results","n_found":4,"chemicals_found":"Acetone; Benzene; Toluene; Xylenes (total)","latest_year":2019,"latest_detect":2019,"coord_precision":"georeferenced_from_Fig3.2_~0.15mi","toc_latest":null,"toc_max":null,"program_number":"932020","chems":["Benzene","Toluene","Xylene"],"src":"DEC"}},{"type":"Feature","geometry":{"type":"Point","coordinates":[-78.948639,43.084359]},"properties":{"well_id":"8115","site":"Love Canal (Occidental)","well_role":"monitoring well","data_type":"per-chemical groundwater results","n_found":0,"chemicals_found":"","latest_year":2022,"latest_detect":null,"coord_precision":"georeferenced_from_Fig3.2_~0.15mi","toc_latest":null,"toc_max":null,"program_number":"932020","chems":[],"src":"DEC"}},{"type":"Feature","geometry":{"type":"Point","coordinates":[-78.948285,43.084155]},"properties":{"well_id":"8120","site":"Love Canal (Occidental)","well_role":"monitoring well","data_type":"per-chemical groundwater results","n_found":1,"chemicals_found":"bis(2-Ethylhexyl)phthalate (DEHP)","latest_year":2019,"latest_detect":2015,"coord_precision":"georeferenced_from_Fig3.2_~0.15mi","toc_latest":null,"toc_max":null,"program_number":"932020","chems":[],"src":"DEC"}},{"type":"Feature","geometry":{"type":"Point","coordinates":[-78.948253,43.083428]},"properties":{"well_id":"8125","site":"Love Canal (Occidental)","well_role":"monitoring well","data_type":"per-chemical groundwater results","n_found":0,"chemicals_found":"","latest_year":2022,"latest_detect":null,"coord_precision":"georeferenced_from_Fig3.2_~0.15mi","toc_latest":null,"toc_max":null,"program_number":"932020","chems":[],"src":"DEC"}},{"type":"Feature","geometry":{"type":"Point","coordinates":[-78.948232,43.082743]},"properties":{"well_id":"8130","site":"Love Canal (Occidental)","well_role":"monitoring well","data_type":"per-chemical groundwater results","n_found":0,"chemicals_found":"","latest_year":2019,"latest_detect":null,"coord_precision":"georeferenced_from_Fig3.2_~0.15mi","toc_latest":null,"toc_max":null,"program_number":"932020","chems":[],"src":"DEC"}},{"type":"Feature","geometry":{"type":"Point","coordinates":[-78.948204,43.081659]},"properties":{"well_id":"8140","site":"Love Canal (Occidental)","well_role":"monitoring well","data_type":"per-chemical groundwater results","n_found":7,"chemicals_found":"Acetone; Benzene; Carbon disulfide; Toluene; Xylenes (total); alpha-BHC; gamma-BHC (lindane)","latest_year":2019,"latest_detect":2019,"coord_precision":"georeferenced_from_Fig3.2_~0.15mi","toc_latest":null,"toc_max":null,"program_number":"932020","chems":["Benzene","Toluene","Xylene","Lindane / BHC"],"src":"DEC"}},{"type":"Feature","geometry":{"type":"Point","coordinates":[-78.947451,43.083978]},"properties":{"well_id":"8210","site":"Love Canal (Occidental)","well_role":"monitoring well","data_type":"per-chemical groundwater results","n_found":10,"chemicals_found":"4,4'-DDT; Acetone; Benzoic acid; Carbon disulfide; Hexachlorobenzene; Methoxychlor; Toluene; alpha-BHC; delta-BHC; gamma-BHC (lindane)","latest_year":2022,"latest_detect":2022,"coord_precision":"georeferenced_from_Fig3.2_~0.15mi","toc_latest":null,"toc_max":null,"program_number":"932020","chems":["Toluene","Lindane / BHC","DDT / DDE / DDD"],"src":"DEC"}},{"type":"Feature","geometry":{"type":"Point","coordinates":[-78.948194,43.081098]},"properties":{"well_id":"9105","site":"Love Canal (Occidental)","well_role":"monitoring well","data_type":"per-chemical groundwater results","n_found":0,"chemicals_found":"","latest_year":2022,"latest_detect":null,"coord_precision":"georeferenced_from_Fig3.2_~0.15mi","toc_latest":null,"toc_max":null,"program_number":"932020","chems":[],"src":"DEC"}},{"type":"Feature","geometry":{"type":"Point","coordinates":[-78.948185,43.080517]},"properties":{"well_id":"9110","site":"Love Canal (Occidental)","well_role":"monitoring well","data_type":"per-chemical groundwater results","n_found":1,"chemicals_found":"Acetone","latest_year":2019,"latest_detect":2017,"coord_precision":"georeferenced_from_Fig3.2_~0.15mi","toc_latest":null,"toc_max":null,"program_number":"932020","chems":[],"src":"DEC"}},{"type":"Feature","geometry":{"type":"Point","coordinates":[-78.948161,43.080146]},"properties":{"well_id":"9113","site":"Love Canal (Occidental)","well_role":"monitoring well","data_type":"per-chemical groundwater results","n_found":1,"chemicals_found":"Chloromethane (Methyl chloride)","latest_year":2022,"latest_detect":2016,"coord_precision":"georeferenced_from_Fig3.2_~0.15mi","toc_latest":null,"toc_max":null,"program_number":"932020","chems":[],"src":"DEC"}},{"type":"Feature","geometry":{"type":"Point","coordinates":[-78.948167,43.079781]},"properties":{"well_id":"9115","site":"Love Canal (Occidental)","well_role":"monitoring well","data_type":"per-chemical groundwater results","n_found":2,"chemicals_found":"Acetone; bis(2-Ethylhexyl)phthalate (DEHP)","latest_year":2019,"latest_detect":2019,"coord_precision":"georeferenced_from_Fig3.2_~0.15mi","toc_latest":null,"toc_max":null,"program_number":"932020","chems":[],"src":"DEC"}},{"type":"Feature","geometry":{"type":"Point","coordinates":[-78.948146,43.079425]},"properties":{"well_id":"9118","site":"Love Canal (Occidental)","well_role":"monitoring well","data_type":"per-chemical groundwater results","n_found":1,"chemicals_found":"Chloromethane (Methyl chloride)","latest_year":2022,"latest_detect":2016,"coord_precision":"georeferenced_from_Fig3.2_~0.15mi","toc_latest":null,"toc_max":null,"program_number":"932020","chems":[],"src":"DEC"}},{"type":"Feature","geometry":{"type":"Point","coordinates":[-78.948139,43.079077]},"properties":{"well_id":"9120","site":"Love Canal (Occidental)","well_role":"monitoring well","data_type":"per-chemical groundwater results","n_found":3,"chemicals_found":"Acetone; Carbon disulfide; Chloromethane (Methyl chloride)","latest_year":2019,"latest_detect":2019,"coord_precision":"georeferenced_from_Fig3.2_~0.15mi","toc_latest":null,"toc_max":null,"program_number":"932020","chems":[],"src":"DEC"}},{"type":"Feature","geometry":{"type":"Point","coordinates":[-78.948126,43.078387]},"properties":{"well_id":"9125","site":"Love Canal (Occidental)","well_role":"monitoring well","data_type":"per-chemical groundwater results","n_found":6,"chemicals_found":"Acetone; Bromomethane (Methyl bromide); Carbon disulfide; Chloromethane (Methyl chloride); Phenol; bis(2-Ethylhexyl)phthalate (DEHP)","latest_year":2019,"latest_detect":2019,"coord_precision":"georeferenced_from_Fig3.2_~0.15mi","toc_latest":null,"toc_max":null,"program_number":"932020","chems":[],"src":"DEC"}},{"type":"Feature","geometry":{"type":"Point","coordinates":[-78.948271,43.077637]},"properties":{"well_id":"9130","site":"Love Canal (Occidental)","well_role":"monitoring well","data_type":"per-chemical groundwater results","n_found":4,"chemicals_found":"Acetone; Carbon disulfide; Chloromethane (Methyl chloride); bis(2-Ethylhexyl)phthalate (DEHP)","latest_year":2019,"latest_detect":2019,"coord_precision":"georeferenced_from_Fig3.2_~0.15mi","toc_latest":null,"toc_max":null,"program_number":"932020","chems":[],"src":"DEC"}},{"type":"Feature","geometry":{"type":"Point","coordinates":[-78.949425,43.077355]},"properties":{"well_id":"9140","site":"Love Canal (Occidental)","well_role":"monitoring well","data_type":"per-chemical groundwater results","n_found":5,"chemicals_found":"2,4-Dimethylphenol; Acetone; Carbon disulfide; Di-n-octyl phthalate (DnOP); bis(2-Ethylhexyl)phthalate (DEHP)","latest_year":2019,"latest_detect":2019,"coord_precision":"georeferenced_from_Fig3.2_~0.15mi","toc_latest":null,"toc_max":null,"program_number":"932020","chems":[],"src":"DEC"}},{"type":"Feature","geometry":{"type":"Point","coordinates":[-78.947094,43.080547]},"properties":{"well_id":"9205","site":"Love Canal (Occidental)","well_role":"monitoring well","data_type":"per-chemical groundwater results","n_found":9,"chemicals_found":"4-Methylphenol; Carbon disulfide; Dieldrin; Heptachlor epoxide; Methoxychlor; Toluene; alpha-BHC; delta-BHC; gamma-BHC (lindane)","latest_year":2022,"latest_detect":2022,"coord_precision":"georeferenced_from_Fig3.2_~0.15mi","toc_latest":null,"toc_max":null,"program_number":"932020","chems":["Toluene","Lindane / BHC","Dieldrin"],"src":"DEC"}},{"type":"Feature","geometry":{"type":"Point","coordinates":[-78.948801,43.077375]},"properties":{"well_id":"9210","site":"Love Canal (Occidental)","well_role":"monitoring well","data_type":"per-chemical groundwater results","n_found":9,"chemicals_found":"4,4'-DDT; Acetone; Carbon disulfide; Dieldrin; Endosulfan sulfate; Methoxychlor; alpha-BHC; delta-BHC; gamma-BHC (lindane)","latest_year":2022,"latest_detect":2022,"coord_precision":"georeferenced_from_Fig3.2_~0.15mi","toc_latest":null,"toc_max":null,"program_number":"932020","chems":["Lindane / BHC","DDT / DDE / DDD","Dieldrin"],"src":"DEC"}},{"type":"Feature","geometry":{"type":"Point","coordinates":[-78.951485,43.085251]},"properties":{"well_id":"MW-01","site":"Love Canal (Occidental)","well_role":"monitoring well","data_type":"per-chemical groundwater results","n_found":4,"chemicals_found":"4,4'-DDD; Acetone; Carbon disulfide; delta-BHC","latest_year":2022,"latest_detect":2022,"coord_precision":"georeferenced_from_Fig3.2_~0.15mi","toc_latest":null,"toc_max":null,"program_number":"932020","chems":["Lindane / BHC","DDT / DDE / DDD"],"src":"DEC"}},{"type":"Feature","geometry":{"type":"Point","coordinates":[-78.951836,43.085668]},"properties":{"well_id":"MW-02","site":"Love Canal (Occidental)","well_role":"monitoring well","data_type":"per-chemical groundwater results","n_found":5,"chemicals_found":"4,4'-DDT; Acetone; Carbon disulfide; Toluene; delta-BHC","latest_year":2022,"latest_detect":2022,"coord_precision":"georeferenced_from_Fig3.2_~0.15mi","toc_latest":null,"toc_max":null,"program_number":"932020","chems":["Toluene","Lindane / BHC","DDT / DDE / DDD"],"src":"DEC"}},{"type":"Feature","geometry":{"type":"Point","coordinates":[-79.005921,43.076868]},"properties":{"well_id":"BPW237","site":"S-Area Landfill (Occidental Buffalo Ave Plant)","well_role":"river NAPL recovery well","data_type":"NAPL/APL hydraulic + bedrock monitoring (no per-chemical suite)","n_found":0,"chemicals_found":"","latest_year":2019,"latest_detect":null,"coord_precision":"georeferenced_from_figure_~0.15mi","toc_latest":null,"toc_max":null,"program_number":"932019A","chems":[],"src":"DEC"}},{"type":"Feature","geometry":{"type":"Point","coordinates":[-79.007218,43.07691]},"properties":{"well_id":"BPW238R","site":"S-Area Landfill (Occidental Buffalo Ave Plant)","well_role":"river NAPL recovery well","data_type":"NAPL/APL hydraulic + bedrock monitoring (no per-chemical suite)","n_found":0,"chemicals_found":"","latest_year":2019,"latest_detect":null,"coord_precision":"georeferenced_from_figure_~0.15mi","toc_latest":null,"toc_max":null,"program_number":"932019A","chems":[],"src":"DEC"}},{"type":"Feature","geometry":{"type":"Point","coordinates":[-79.007995,43.076973]},"properties":{"well_id":"BPW239","site":"S-Area Landfill (Occidental Buffalo Ave Plant)","well_role":"river NAPL recovery well","data_type":"NAPL/APL hydraulic + bedrock monitoring (no per-chemical suite)","n_found":0,"chemicals_found":"","latest_year":2019,"latest_detect":null,"coord_precision":"georeferenced_from_figure_~0.15mi","toc_latest":null,"toc_max":null,"program_number":"932019A","chems":[],"src":"DEC"}},{"type":"Feature","geometry":{"type":"Point","coordinates":[-79.005678,43.080305]},"properties":{"well_id":"BPW600","site":"S-Area Landfill (Occidental Buffalo Ave Plant)","well_role":"shallow bedrock APL purge well","data_type":"NAPL/APL hydraulic + bedrock monitoring (no per-chemical suite)","n_found":0,"chemicals_found":"","latest_year":2019,"latest_detect":null,"coord_precision":"georeferenced_from_figure_~0.15mi","toc_latest":null,"toc_max":null,"program_number":"932019A","chems":[],"src":"DEC"}},{"type":"Feature","geometry":{"type":"Point","coordinates":[-79.005937,43.079934]},"properties":{"well_id":"BPW601","site":"S-Area Landfill (Occidental Buffalo Ave Plant)","well_role":"shallow bedrock APL purge well","data_type":"NAPL/APL hydraulic + bedrock monitoring (no per-chemical suite)","n_found":0,"chemicals_found":"","latest_year":2019,"latest_detect":null,"coord_precision":"georeferenced_from_figure_~0.15mi","toc_latest":null,"toc_max":null,"program_number":"932019A","chems":[],"src":"DEC"}},{"type":"Feature","geometry":{"type":"Point","coordinates":[-79.006858,43.079479]},"properties":{"well_id":"BPW602","site":"S-Area Landfill (Occidental Buffalo Ave Plant)","well_role":"shallow bedrock APL purge well","data_type":"NAPL/APL hydraulic + bedrock monitoring (no per-chemical suite)","n_found":0,"chemicals_found":"","latest_year":2019,"latest_detect":null,"coord_precision":"georeferenced_from_figure_~0.15mi","toc_latest":null,"toc_max":null,"program_number":"932019A","chems":[],"src":"DEC"}},{"type":"Feature","geometry":{"type":"Point","coordinates":[-79.00737,43.079292]},"properties":{"well_id":"BPW603R","site":"S-Area Landfill (Occidental Buffalo Ave Plant)","well_role":"shallow bedrock APL purge well","data_type":"NAPL/APL hydraulic + bedrock monitoring (no per-chemical suite)","n_found":0,"chemicals_found":"","latest_year":2019,"latest_detect":null,"coord_precision":"georeferenced_from_figure_~0.15mi","toc_latest":null,"toc_max":null,"program_number":"932019A","chems":[],"src":"DEC"}},{"type":"Feature","geometry":{"type":"Point","coordinates":[-79.007657,43.079005]},"properties":{"well_id":"BPW604","site":"S-Area Landfill (Occidental Buffalo Ave Plant)","well_role":"bedrock purge/recovery well","data_type":"NAPL/APL hydraulic + bedrock monitoring (no per-chemical suite)","n_found":0,"chemicals_found":"","latest_year":2019,"latest_detect":null,"coord_precision":"georeferenced_from_figure_~0.15mi","toc_latest":null,"toc_max":null,"program_number":"932019A","chems":[],"src":"DEC"}},{"type":"Feature","geometry":{"type":"Point","coordinates":[-79.008193,43.078617]},"properties":{"well_id":"BPW605","site":"S-Area Landfill (Occidental Buffalo Ave Plant)","well_role":"shallow bedrock APL purge well","data_type":"NAPL/APL hydraulic + bedrock monitoring (no per-chemical suite)","n_found":0,"chemicals_found":"","latest_year":2019,"latest_detect":null,"coord_precision":"georeferenced_from_figure_~0.15mi","toc_latest":null,"toc_max":null,"program_number":"932019A","chems":[],"src":"DEC"}},{"type":"Feature","geometry":{"type":"Point","coordinates":[-79.008786,43.078426]},"properties":{"well_id":"BPW606","site":"S-Area Landfill (Occidental Buffalo Ave Plant)","well_role":"shallow bedrock APL purge well","data_type":"NAPL/APL hydraulic + bedrock monitoring (no per-chemical suite)","n_found":0,"chemicals_found":"","latest_year":2019,"latest_detect":null,"coord_precision":"georeferenced_from_figure_~0.15mi","toc_latest":null,"toc_max":null,"program_number":"932019A","chems":[],"src":"DEC"}},{"type":"Feature","geometry":{"type":"Point","coordinates":[-79.00902,43.078141]},"properties":{"well_id":"BPW607","site":"S-Area Landfill (Occidental Buffalo Ave Plant)","well_role":"shallow bedrock APL purge well","data_type":"NAPL/APL hydraulic + bedrock monitoring (no per-chemical suite)","n_found":0,"chemicals_found":"","latest_year":2019,"latest_detect":null,"coord_precision":"georeferenced_from_figure_~0.15mi","toc_latest":null,"toc_max":null,"program_number":"932019A","chems":[],"src":"DEC"}},{"type":"Feature","geometry":{"type":"Point","coordinates":[-79.007674,43.0768]},"properties":{"well_id":"BPW609","site":"S-Area Landfill (Occidental Buffalo Ave Plant)","well_role":"river NAPL recovery well","data_type":"NAPL/APL hydraulic + bedrock monitoring (no per-chemical suite)","n_found":0,"chemicals_found":"","latest_year":2019,"latest_detect":null,"coord_precision":"georeferenced_from_figure_~0.15mi","toc_latest":null,"toc_max":null,"program_number":"932019A","chems":[],"src":"DEC"}},{"type":"Feature","geometry":{"type":"Point","coordinates":[-79.007561,43.077048]},"properties":{"well_id":"BPW610R","site":"S-Area Landfill (Occidental Buffalo Ave Plant)","well_role":"river NAPL recovery well","data_type":"NAPL/APL hydraulic + bedrock monitoring (no per-chemical suite)","n_found":0,"chemicals_found":"","latest_year":2019,"latest_detect":null,"coord_precision":"georeferenced_from_figure_~0.15mi","toc_latest":null,"toc_max":null,"program_number":"932019A","chems":[],"src":"DEC"}},{"type":"Feature","geometry":{"type":"Point","coordinates":[-79.006187,43.077095]},"properties":{"well_id":"BPW611","site":"S-Area Landfill (Occidental Buffalo Ave Plant)","well_role":"river NAPL recovery well","data_type":"NAPL/APL hydraulic + bedrock monitoring (no per-chemical suite)","n_found":0,"chemicals_found":"","latest_year":2019,"latest_detect":null,"coord_precision":"georeferenced_from_figure_~0.15mi","toc_latest":null,"toc_max":null,"program_number":"932019A","chems":[],"src":"DEC"}},{"type":"Feature","geometry":{"type":"Point","coordinates":[-79.005829,43.076821]},"properties":{"well_id":"BPW611B","site":"S-Area Landfill (Occidental Buffalo Ave Plant)","well_role":"bedrock purge/recovery well","data_type":"NAPL/APL hydraulic + bedrock monitoring (no per-chemical suite)","n_found":0,"chemicals_found":"","latest_year":2019,"latest_detect":null,"coord_precision":"georeferenced_from_figure_~0.15mi","toc_latest":null,"toc_max":null,"program_number":"932019A","chems":[],"src":"DEC"}},{"type":"Feature","geometry":{"type":"Point","coordinates":[-79.005765,43.078089]},"properties":{"well_id":"BPW613","site":"S-Area Landfill (Occidental Buffalo Ave Plant)","well_role":"V-Area NAPL recovery well","data_type":"NAPL/APL hydraulic + bedrock monitoring (no per-chemical suite)","n_found":0,"chemicals_found":"","latest_year":2019,"latest_detect":null,"coord_precision":"georeferenced_from_figure_~0.15mi","toc_latest":null,"toc_max":null,"program_number":"932019A","chems":[],"src":"DEC"}},{"type":"Feature","geometry":{"type":"Point","coordinates":[-79.005794,43.078579]},"properties":{"well_id":"BPW614","site":"S-Area Landfill (Occidental Buffalo Ave Plant)","well_role":"bedrock purge/recovery well","data_type":"NAPL/APL hydraulic + bedrock monitoring (no per-chemical suite)","n_found":0,"chemicals_found":"","latest_year":2019,"latest_detect":null,"coord_precision":"georeferenced_from_figure_~0.15mi","toc_latest":null,"toc_max":null,"program_number":"932019A","chems":[],"src":"DEC"}},{"type":"Feature","geometry":{"type":"Point","coordinates":[-79.005529,43.079172]},"properties":{"well_id":"BPW615","site":"S-Area Landfill (Occidental Buffalo Ave Plant)","well_role":"V-Area NAPL recovery well","data_type":"NAPL/APL hydraulic + bedrock monitoring (no per-chemical suite)","n_found":0,"chemicals_found":"","latest_year":2019,"latest_detect":null,"coord_precision":"georeferenced_from_figure_~0.15mi","toc_latest":null,"toc_max":null,"program_number":"932019A","chems":[],"src":"DEC"}},{"type":"Feature","geometry":{"type":"Point","coordinates":[-79.006447,43.077773]},"properties":{"well_id":"BPW631I","site":"S-Area Landfill (Occidental Buffalo Ave Plant)","well_role":"intermediate bedrock APL purge well","data_type":"NAPL/APL hydraulic + bedrock monitoring (no per-chemical suite)","n_found":0,"chemicals_found":"","latest_year":2019,"latest_detect":null,"coord_precision":"georeferenced_from_figure_~0.15mi","toc_latest":null,"toc_max":null,"program_number":"932019A","chems":[],"src":"DEC"}},{"type":"Feature","geometry":{"type":"Point","coordinates":[-79.007508,43.076847]},"properties":{"well_id":"BPW632I","site":"S-Area Landfill (Occidental Buffalo Ave Plant)","well_role":"intermediate bedrock APL purge well","data_type":"NAPL/APL hydraulic + bedrock monitoring (no per-chemical suite)","n_found":0,"chemicals_found":"","latest_year":2019,"latest_detect":null,"coord_precision":"georeferenced_from_figure_~0.15mi","toc_latest":null,"toc_max":null,"program_number":"932019A","chems":[],"src":"DEC"}},{"type":"Feature","geometry":{"type":"Point","coordinates":[-79.005339,43.076666]},"properties":{"well_id":"BPW671","site":"S-Area Landfill (Occidental Buffalo Ave Plant)","well_role":"river NAPL recovery well","data_type":"NAPL/APL hydraulic + bedrock monitoring (no per-chemical suite)","n_found":0,"chemicals_found":"","latest_year":2019,"latest_detect":null,"coord_precision":"georeferenced_from_figure_~0.15mi","toc_latest":null,"toc_max":null,"program_number":"932019A","chems":[],"src":"DEC"}},{"type":"Feature","geometry":{"type":"Point","coordinates":[-79.003971,43.078837]},"properties":{"well_id":"BPW682","site":"S-Area Landfill (Occidental Buffalo Ave Plant)","well_role":"V-Area NAPL recovery well","data_type":"NAPL/APL hydraulic + bedrock monitoring (no per-chemical suite)","n_found":0,"chemicals_found":"","latest_year":2019,"latest_detect":null,"coord_precision":"georeferenced_from_figure_~0.15mi","toc_latest":null,"toc_max":null,"program_number":"932019A","chems":[],"src":"DEC"}},{"type":"Feature","geometry":{"type":"Point","coordinates":[-79.004449,43.078784]},"properties":{"well_id":"BPW683","site":"S-Area Landfill (Occidental Buffalo Ave Plant)","well_role":"V-Area NAPL recovery well","data_type":"NAPL/APL hydraulic + bedrock monitoring (no per-chemical suite)","n_found":0,"chemicals_found":"","latest_year":2019,"latest_detect":null,"coord_precision":"georeferenced_from_figure_~0.15mi","toc_latest":null,"toc_max":null,"program_number":"932019A","chems":[],"src":"DEC"}},{"type":"Feature","geometry":{"type":"Point","coordinates":[-79.007924,43.077575]},"properties":{"well_id":"BPW689I","site":"S-Area Landfill (Occidental Buffalo Ave Plant)","well_role":"intermediate bedrock APL purge well","data_type":"NAPL/APL hydraulic + bedrock monitoring (no per-chemical suite)","n_found":0,"chemicals_found":"","latest_year":2019,"latest_detect":null,"coord_precision":"georeferenced_from_figure_~0.15mi","toc_latest":null,"toc_max":null,"program_number":"932019A","chems":[],"src":"DEC"}},{"type":"Feature","geometry":{"type":"Point","coordinates":[-79.007699,43.078475]},"properties":{"well_id":"BPW698I","site":"S-Area Landfill (Occidental Buffalo Ave Plant)","well_role":"intermediate bedrock APL purge well","data_type":"NAPL/APL hydraulic + bedrock monitoring (no per-chemical suite)","n_found":0,"chemicals_found":"","latest_year":2019,"latest_detect":null,"coord_precision":"georeferenced_from_figure_~0.15mi","toc_latest":null,"toc_max":null,"program_number":"932019A","chems":[],"src":"DEC"}},{"type":"Feature","geometry":{"type":"Point","coordinates":[-79.008755,43.077148]},"properties":{"well_id":"OPW500","site":"S-Area Landfill (Occidental Buffalo Ave Plant)","well_role":"off-site overburden purge well","data_type":"NAPL/APL hydraulic + bedrock monitoring (no per-chemical suite)","n_found":0,"chemicals_found":"","latest_year":2019,"latest_detect":null,"coord_precision":"georeferenced_from_figure_~0.15mi","toc_latest":null,"toc_max":null,"program_number":"932019A","chems":[],"src":"DEC"}},{"type":"Feature","geometry":{"type":"Point","coordinates":[-79.008312,43.077071]},"properties":{"well_id":"OPW501","site":"S-Area Landfill (Occidental Buffalo Ave Plant)","well_role":"off-site overburden purge well","data_type":"NAPL/APL hydraulic + bedrock monitoring (no per-chemical suite)","n_found":0,"chemicals_found":"","latest_year":2019,"latest_detect":null,"coord_precision":"georeferenced_from_figure_~0.15mi","toc_latest":null,"toc_max":null,"program_number":"932019A","chems":[],"src":"DEC"}},{"type":"Feature","geometry":{"type":"Point","coordinates":[-79.00795,43.077017]},"properties":{"well_id":"OPW502","site":"S-Area Landfill (Occidental Buffalo Ave Plant)","well_role":"off-site overburden purge well","data_type":"NAPL/APL hydraulic + bedrock monitoring (no per-chemical suite)","n_found":0,"chemicals_found":"","latest_year":2019,"latest_detect":null,"coord_precision":"georeferenced_from_figure_~0.15mi","toc_latest":null,"toc_max":null,"program_number":"932019A","chems":[],"src":"DEC"}},{"type":"Feature","geometry":{"type":"Point","coordinates":[-79.007462,43.076971]},"properties":{"well_id":"OPW503","site":"S-Area Landfill (Occidental Buffalo Ave Plant)","well_role":"off-site overburden purge well","data_type":"NAPL/APL hydraulic + bedrock monitoring (no per-chemical suite)","n_found":0,"chemicals_found":"","latest_year":2019,"latest_detect":null,"coord_precision":"georeferenced_from_figure_~0.15mi","toc_latest":null,"toc_max":null,"program_number":"932019A","chems":[],"src":"DEC"}},{"type":"Feature","geometry":{"type":"Point","coordinates":[-79.006992,43.076971]},"properties":{"well_id":"OPW504","site":"S-Area Landfill (Occidental Buffalo Ave Plant)","well_role":"off-site overburden purge well","data_type":"NAPL/APL hydraulic + bedrock monitoring (no per-chemical suite)","n_found":0,"chemicals_found":"","latest_year":2019,"latest_detect":null,"coord_precision":"georeferenced_from_figure_~0.15mi","toc_latest":null,"toc_max":null,"program_number":"932019A","chems":[],"src":"DEC"}},{"type":"Feature","geometry":{"type":"Point","coordinates":[-79.006599,43.076909]},"properties":{"well_id":"OPW505","site":"S-Area Landfill (Occidental Buffalo Ave Plant)","well_role":"off-site overburden purge well","data_type":"NAPL/APL hydraulic + bedrock monitoring (no per-chemical suite)","n_found":0,"chemicals_found":"","latest_year":2019,"latest_detect":null,"coord_precision":"georeferenced_from_figure_~0.15mi","toc_latest":null,"toc_max":null,"program_number":"932019A","chems":[],"src":"DEC"}},{"type":"Feature","geometry":{"type":"Point","coordinates":[-79.006088,43.076832]},"properties":{"well_id":"OPW506","site":"S-Area Landfill (Occidental Buffalo Ave Plant)","well_role":"off-site overburden purge well","data_type":"NAPL/APL hydraulic + bedrock monitoring (no per-chemical suite)","n_found":0,"chemicals_found":"","latest_year":2019,"latest_detect":null,"coord_precision":"georeferenced_from_figure_~0.15mi","toc_latest":null,"toc_max":null,"program_number":"932019A","chems":[],"src":"DEC"}},{"type":"Feature","geometry":{"type":"Point","coordinates":[-79.005817,43.076867]},"properties":{"well_id":"OPW507","site":"S-Area Landfill (Occidental Buffalo Ave Plant)","well_role":"off-site overburden purge well","data_type":"NAPL/APL hydraulic + bedrock monitoring (no per-chemical suite)","n_found":0,"chemicals_found":"","latest_year":2019,"latest_detect":null,"coord_precision":"georeferenced_from_figure_~0.15mi","toc_latest":null,"toc_max":null,"program_number":"932019A","chems":[],"src":"DEC"}},{"type":"Feature","geometry":{"type":"Point","coordinates":[-79.005348,43.076835]},"properties":{"well_id":"OPW508","site":"S-Area Landfill (Occidental Buffalo Ave Plant)","well_role":"off-site overburden purge well","data_type":"NAPL/APL hydraulic + bedrock monitoring (no per-chemical suite)","n_found":0,"chemicals_found":"","latest_year":2019,"latest_detect":null,"coord_precision":"georeferenced_from_figure_~0.15mi","toc_latest":null,"toc_max":null,"program_number":"932019A","chems":[],"src":"DEC"}},{"type":"Feature","geometry":{"type":"Point","coordinates":[-79.006303,43.077418]},"properties":{"well_id":"OPW509","site":"S-Area Landfill (Occidental Buffalo Ave Plant)","well_role":"off-site overburden purge well","data_type":"NAPL/APL hydraulic + bedrock monitoring (no per-chemical suite)","n_found":0,"chemicals_found":"","latest_year":2019,"latest_detect":null,"coord_precision":"georeferenced_from_figure_~0.15mi","toc_latest":null,"toc_max":null,"program_number":"932019A","chems":[],"src":"DEC"}},{"type":"Feature","geometry":{"type":"Point","coordinates":[-79.00688,43.077407]},"properties":{"well_id":"OPW510","site":"S-Area Landfill (Occidental Buffalo Ave Plant)","well_role":"off-site overburden purge well","data_type":"NAPL/APL hydraulic + bedrock monitoring (no per-chemical suite)","n_found":0,"chemicals_found":"","latest_year":2019,"latest_detect":null,"coord_precision":"georeferenced_from_figure_~0.15mi","toc_latest":null,"toc_max":null,"program_number":"932019A","chems":[],"src":"DEC"}},{"type":"Feature","geometry":{"type":"Point","coordinates":[-79.007349,43.077549]},"properties":{"well_id":"OPW511","site":"S-Area Landfill (Occidental Buffalo Ave Plant)","well_role":"off-site overburden purge well","data_type":"NAPL/APL hydraulic + bedrock monitoring (no per-chemical suite)","n_found":0,"chemicals_found":"","latest_year":2019,"latest_detect":null,"coord_precision":"georeferenced_from_figure_~0.15mi","toc_latest":null,"toc_max":null,"program_number":"932019A","chems":[],"src":"DEC"}},{"type":"Feature","geometry":{"type":"Point","coordinates":[-79.007687,43.077586]},"properties":{"well_id":"OPW512","site":"S-Area Landfill (Occidental Buffalo Ave Plant)","well_role":"off-site overburden purge well","data_type":"NAPL/APL hydraulic + bedrock monitoring (no per-chemical suite)","n_found":0,"chemicals_found":"","latest_year":2019,"latest_detect":null,"coord_precision":"georeferenced_from_figure_~0.15mi","toc_latest":null,"toc_max":null,"program_number":"932019A","chems":[],"src":"DEC"}},{"type":"Feature","geometry":{"type":"Point","coordinates":[-79.007794,43.077487]},"properties":{"well_id":"OPW513","site":"S-Area Landfill (Occidental Buffalo Ave Plant)","well_role":"off-site overburden purge well","data_type":"NAPL/APL hydraulic + bedrock monitoring (no per-chemical suite)","n_found":0,"chemicals_found":"","latest_year":2019,"latest_detect":null,"coord_precision":"georeferenced_from_figure_~0.15mi","toc_latest":null,"toc_max":null,"program_number":"932019A","chems":[],"src":"DEC"}},{"type":"Feature","geometry":{"type":"Point","coordinates":[-79.008192,43.077542]},"properties":{"well_id":"OPW514","site":"S-Area Landfill (Occidental Buffalo Ave Plant)","well_role":"off-site overburden purge well","data_type":"NAPL/APL hydraulic + bedrock monitoring (no per-chemical suite)","n_found":0,"chemicals_found":"","latest_year":2019,"latest_detect":null,"coord_precision":"georeferenced_from_figure_~0.15mi","toc_latest":null,"toc_max":null,"program_number":"932019A","chems":[],"src":"DEC"}},{"type":"Feature","geometry":{"type":"Point","coordinates":[-79.008264,43.077562]},"properties":{"well_id":"OPW514O","site":"S-Area Landfill (Occidental Buffalo Ave Plant)","well_role":"overburden purge well","data_type":"NAPL/APL hydraulic + bedrock monitoring (no per-chemical suite)","n_found":0,"chemicals_found":"","latest_year":2019,"latest_detect":null,"coord_precision":"georeferenced_from_figure_~0.15mi","toc_latest":null,"toc_max":null,"program_number":"932019A","chems":[],"src":"DEC"}},{"type":"Feature","geometry":{"type":"Point","coordinates":[-79.008785,43.077648]},"properties":{"well_id":"OPW515","site":"S-Area Landfill (Occidental Buffalo Ave Plant)","well_role":"off-site overburden purge well","data_type":"NAPL/APL hydraulic + bedrock monitoring (no per-chemical suite)","n_found":0,"chemicals_found":"","latest_year":2019,"latest_detect":null,"coord_precision":"georeferenced_from_figure_~0.15mi","toc_latest":null,"toc_max":null,"program_number":"932019A","chems":[],"src":"DEC"}},{"type":"Feature","geometry":{"type":"Point","coordinates":[-79.008883,43.078069]},"properties":{"well_id":"OPW516","site":"S-Area Landfill (Occidental Buffalo Ave Plant)","well_role":"on-site overburden purge well","data_type":"NAPL/APL hydraulic + bedrock monitoring (no per-chemical suite)","n_found":0,"chemicals_found":"","latest_year":2019,"latest_detect":null,"coord_precision":"georeferenced_from_figure_~0.15mi","toc_latest":null,"toc_max":null,"program_number":"932019A","chems":[],"src":"DEC"}},{"type":"Feature","geometry":{"type":"Point","coordinates":[-79.008783,43.07795]},"properties":{"well_id":"OPW517","site":"S-Area Landfill (Occidental Buffalo Ave Plant)","well_role":"on-site overburden purge well","data_type":"NAPL/APL hydraulic + bedrock monitoring (no per-chemical suite)","n_found":0,"chemicals_found":"","latest_year":2019,"latest_detect":null,"coord_precision":"georeferenced_from_figure_~0.15mi","toc_latest":null,"toc_max":null,"program_number":"932019A","chems":[],"src":"DEC"}},{"type":"Feature","geometry":{"type":"Point","coordinates":[-79.008554,43.077978]},"properties":{"well_id":"OPW518","site":"S-Area Landfill (Occidental Buffalo Ave Plant)","well_role":"on-site overburden purge well","data_type":"NAPL/APL hydraulic + bedrock monitoring (no per-chemical suite)","n_found":0,"chemicals_found":"","latest_year":2019,"latest_detect":null,"coord_precision":"georeferenced_from_figure_~0.15mi","toc_latest":null,"toc_max":null,"program_number":"932019A","chems":[],"src":"DEC"}},{"type":"Feature","geometry":{"type":"Point","coordinates":[-79.008788,43.078256]},"properties":{"well_id":"OPW519","site":"S-Area Landfill (Occidental Buffalo Ave Plant)","well_role":"on-site overburden purge well","data_type":"NAPL/APL hydraulic + bedrock monitoring (no per-chemical suite)","n_found":0,"chemicals_found":"","latest_year":2019,"latest_detect":null,"coord_precision":"georeferenced_from_figure_~0.15mi","toc_latest":null,"toc_max":null,"program_number":"932019A","chems":[],"src":"DEC"}},{"type":"Feature","geometry":{"type":"Point","coordinates":[-79.006826,43.077876]},"properties":{"well_id":"OPW520","site":"S-Area Landfill (Occidental Buffalo Ave Plant)","well_role":"on-site overburden purge well","data_type":"NAPL/APL hydraulic + bedrock monitoring (no per-chemical suite)","n_found":0,"chemicals_found":"","latest_year":2019,"latest_detect":null,"coord_precision":"georeferenced_from_figure_~0.15mi","toc_latest":null,"toc_max":null,"program_number":"932019A","chems":[],"src":"DEC"}},{"type":"Feature","geometry":{"type":"Point","coordinates":[-79.007179,43.077882]},"properties":{"well_id":"OPW521","site":"S-Area Landfill (Occidental Buffalo Ave Plant)","well_role":"on-site overburden purge well","data_type":"NAPL/APL hydraulic + bedrock monitoring (no per-chemical suite)","n_found":0,"chemicals_found":"","latest_year":2019,"latest_detect":null,"coord_precision":"georeferenced_from_figure_~0.15mi","toc_latest":null,"toc_max":null,"program_number":"932019A","chems":[],"src":"DEC"}},{"type":"Feature","geometry":{"type":"Point","coordinates":[-79.007433,43.077884]},"properties":{"well_id":"OPW522","site":"S-Area Landfill (Occidental Buffalo Ave Plant)","well_role":"on-site overburden purge well","data_type":"NAPL/APL hydraulic + bedrock monitoring (no per-chemical suite)","n_found":0,"chemicals_found":"","latest_year":2019,"latest_detect":null,"coord_precision":"georeferenced_from_figure_~0.15mi","toc_latest":null,"toc_max":null,"program_number":"932019A","chems":[],"src":"DEC"}},{"type":"Feature","geometry":{"type":"Point","coordinates":[-79.003656,43.076581]},"properties":{"well_id":"OW202","site":"S-Area Landfill (Occidental Buffalo Ave Plant)","well_role":"intermediate/deep bedrock monitoring well","data_type":"NAPL/APL hydraulic + bedrock monitoring (no per-chemical suite)","n_found":0,"chemicals_found":"","latest_year":2019,"latest_detect":null,"coord_precision":"georeferenced_from_figure_~0.15mi","toc_latest":null,"toc_max":null,"program_number":"932019A","chems":[],"src":"DEC"}},{"type":"Feature","geometry":{"type":"Point","coordinates":[-79.01026,43.077292]},"properties":{"well_id":"OW206","site":"S-Area Landfill (Occidental Buffalo Ave Plant)","well_role":"intermediate/deep bedrock monitoring well","data_type":"NAPL/APL hydraulic + bedrock monitoring (no per-chemical suite)","n_found":0,"chemicals_found":"","latest_year":2019,"latest_detect":null,"coord_precision":"georeferenced_from_figure_~0.15mi","toc_latest":null,"toc_max":null,"program_number":"932019A","chems":[],"src":"DEC"}},{"type":"Feature","geometry":{"type":"Point","coordinates":[-79.006472,43.079374]},"properties":{"well_id":"OW210","site":"S-Area Landfill (Occidental Buffalo Ave Plant)","well_role":"intermediate/deep bedrock monitoring well","data_type":"NAPL/APL hydraulic + bedrock monitoring (no per-chemical suite)","n_found":0,"chemicals_found":"","latest_year":2019,"latest_detect":null,"coord_precision":"georeferenced_from_figure_~0.15mi","toc_latest":null,"toc_max":null,"program_number":"932019A","chems":[],"src":"DEC"}},{"type":"Feature","geometry":{"type":"Point","coordinates":[-79.008334,43.078833]},"properties":{"well_id":"OW212","site":"S-Area Landfill (Occidental Buffalo Ave Plant)","well_role":"intermediate/deep bedrock monitoring well","data_type":"NAPL/APL hydraulic + bedrock monitoring (no per-chemical suite)","n_found":0,"chemicals_found":"","latest_year":2019,"latest_detect":null,"coord_precision":"georeferenced_from_figure_~0.15mi","toc_latest":null,"toc_max":null,"program_number":"932019A","chems":[],"src":"DEC"}},{"type":"Feature","geometry":{"type":"Point","coordinates":[-79.009677,43.079315]},"properties":{"well_id":"OW214","site":"S-Area Landfill (Occidental Buffalo Ave Plant)","well_role":"intermediate/deep bedrock monitoring well","data_type":"NAPL/APL hydraulic + bedrock monitoring (no per-chemical suite)","n_found":0,"chemicals_found":"","latest_year":2019,"latest_detect":null,"coord_precision":"georeferenced_from_figure_~0.15mi","toc_latest":null,"toc_max":null,"program_number":"932019A","chems":[],"src":"DEC"}},{"type":"Feature","geometry":{"type":"Point","coordinates":[-79.008125,43.080878]},"properties":{"well_id":"OW217","site":"S-Area Landfill (Occidental Buffalo Ave Plant)","well_role":"intermediate/deep bedrock monitoring well","data_type":"NAPL/APL hydraulic + bedrock monitoring (no per-chemical suite)","n_found":0,"chemicals_found":"","latest_year":2019,"latest_detect":null,"coord_precision":"georeferenced_from_figure_~0.15mi","toc_latest":null,"toc_max":null,"program_number":"932019A","chems":[],"src":"DEC"}},{"type":"Feature","geometry":{"type":"Point","coordinates":[-79.006241,43.081634]},"properties":{"well_id":"OW218","site":"S-Area Landfill (Occidental Buffalo Ave Plant)","well_role":"intermediate/deep bedrock monitoring well","data_type":"NAPL/APL hydraulic + bedrock monitoring (no per-chemical suite)","n_found":0,"chemicals_found":"","latest_year":2019,"latest_detect":null,"coord_precision":"georeferenced_from_figure_~0.15mi","toc_latest":null,"toc_max":null,"program_number":"932019A","chems":[],"src":"DEC"}},{"type":"Feature","geometry":{"type":"Point","coordinates":[-79.010218,43.080141]},"properties":{"well_id":"OW219","site":"S-Area Landfill (Occidental Buffalo Ave Plant)","well_role":"intermediate/deep bedrock monitoring well","data_type":"NAPL/APL hydraulic + bedrock monitoring (no per-chemical suite)","n_found":0,"chemicals_found":"","latest_year":2019,"latest_detect":null,"coord_precision":"georeferenced_from_figure_~0.15mi","toc_latest":null,"toc_max":null,"program_number":"932019A","chems":[],"src":"DEC"}},{"type":"Feature","geometry":{"type":"Point","coordinates":[-79.011775,43.077742]},"properties":{"well_id":"OW222","site":"S-Area Landfill (Occidental Buffalo Ave Plant)","well_role":"shallow bedrock monitoring well","data_type":"NAPL/APL hydraulic + bedrock monitoring (no per-chemical suite)","n_found":0,"chemicals_found":"","latest_year":2019,"latest_detect":null,"coord_precision":"georeferenced_from_figure_~0.15mi","toc_latest":null,"toc_max":null,"program_number":"932019A","chems":[],"src":"DEC"}},{"type":"Feature","geometry":{"type":"Point","coordinates":[-79.010796,43.08082]},"properties":{"well_id":"OW223","site":"S-Area Landfill (Occidental Buffalo Ave Plant)","well_role":"shallow bedrock monitoring well","data_type":"NAPL/APL hydraulic + bedrock monitoring (no per-chemical suite)","n_found":0,"chemicals_found":"","latest_year":2019,"latest_detect":null,"coord_precision":"georeferenced_from_figure_~0.15mi","toc_latest":444.0,"toc_max":9418.0,"program_number":"932019A","chems":[],"src":"DEC"}},{"type":"Feature","geometry":{"type":"Point","coordinates":[-79.006437,43.08181]},"properties":{"well_id":"OW224","site":"S-Area Landfill (Occidental Buffalo Ave Plant)","well_role":"shallow bedrock monitoring well","data_type":"NAPL/APL hydraulic + bedrock monitoring (no per-chemical suite)","n_found":0,"chemicals_found":"","latest_year":2019,"latest_detect":null,"coord_precision":"georeferenced_from_figure_~0.15mi","toc_latest":2287.0,"toc_max":2287.0,"program_number":"932019A","chems":[],"src":"DEC"}},{"type":"Feature","geometry":{"type":"Point","coordinates":[-79.007384,43.079653]},"properties":{"well_id":"OW225","site":"S-Area Landfill (Occidental Buffalo Ave Plant)","well_role":"shallow bedrock monitoring well","data_type":"NAPL/APL hydraulic + bedrock monitoring (no per-chemical suite)","n_found":0,"chemicals_found":"","latest_year":2019,"latest_detect":null,"coord_precision":"georeferenced_from_figure_~0.15mi","toc_latest":181.0,"toc_max":811.0,"program_number":"932019A","chems":[],"src":"DEC"}},{"type":"Feature","geometry":{"type":"Point","coordinates":[-79.005941,43.079089]},"properties":{"well_id":"OW226","site":"S-Area Landfill (Occidental Buffalo Ave Plant)","well_role":"shallow bedrock monitoring well","data_type":"NAPL/APL hydraulic + bedrock monitoring (no per-chemical suite)","n_found":0,"chemicals_found":"","latest_year":2019,"latest_detect":null,"coord_precision":"georeferenced_from_figure_~0.15mi","toc_latest":2434.0,"toc_max":13267.0,"program_number":"932019A","chems":[],"src":"DEC"}},{"type":"Feature","geometry":{"type":"Point","coordinates":[-79.009063,43.077499]},"properties":{"well_id":"OW228","site":"S-Area Landfill (Occidental Buffalo Ave Plant)","well_role":"shallow bedrock monitoring well","data_type":"NAPL/APL hydraulic + bedrock monitoring (no per-chemical suite)","n_found":0,"chemicals_found":"","latest_year":2019,"latest_detect":null,"coord_precision":"georeferenced_from_figure_~0.15mi","toc_latest":null,"toc_max":null,"program_number":"932019A","chems":[],"src":"DEC"}},{"type":"Feature","geometry":{"type":"Point","coordinates":[-79.008667,43.078763]},"properties":{"well_id":"OW229","site":"S-Area Landfill (Occidental Buffalo Ave Plant)","well_role":"shallow bedrock monitoring well","data_type":"NAPL/APL hydraulic + bedrock monitoring (no per-chemical suite)","n_found":0,"chemicals_found":"","latest_year":2019,"latest_detect":null,"coord_precision":"georeferenced_from_figure_~0.15mi","toc_latest":null,"toc_max":null,"program_number":"932019A","chems":[],"src":"DEC"}},{"type":"Feature","geometry":{"type":"Point","coordinates":[-79.008427,43.079041]},"properties":{"well_id":"OW230","site":"S-Area Landfill (Occidental Buffalo Ave Plant)","well_role":"shallow bedrock monitoring well","data_type":"NAPL/APL hydraulic + bedrock monitoring (no per-chemical suite)","n_found":0,"chemicals_found":"","latest_year":2019,"latest_detect":null,"coord_precision":"georeferenced_from_figure_~0.15mi","toc_latest":411.0,"toc_max":957.0,"program_number":"932019A","chems":[],"src":"DEC"}},{"type":"Feature","geometry":{"type":"Point","coordinates":[-79.007772,43.079552]},"properties":{"well_id":"OW231","site":"S-Area Landfill (Occidental Buffalo Ave Plant)","well_role":"shallow bedrock monitoring well","data_type":"NAPL/APL hydraulic + bedrock monitoring (no per-chemical suite)","n_found":0,"chemicals_found":"","latest_year":2019,"latest_detect":null,"coord_precision":"georeferenced_from_figure_~0.15mi","toc_latest":227.0,"toc_max":1076.0,"program_number":"932019A","chems":[],"src":"DEC"}},{"type":"Feature","geometry":{"type":"Point","coordinates":[-79.007263,43.079901]},"properties":{"well_id":"OW232","site":"S-Area Landfill (Occidental Buffalo Ave Plant)","well_role":"shallow bedrock monitoring well","data_type":"NAPL/APL hydraulic + bedrock monitoring (no per-chemical suite)","n_found":0,"chemicals_found":"","latest_year":2019,"latest_detect":null,"coord_precision":"georeferenced_from_figure_~0.15mi","toc_latest":null,"toc_max":null,"program_number":"932019A","chems":[],"src":"DEC"}},{"type":"Feature","geometry":{"type":"Point","coordinates":[-79.006551,43.079632]},"properties":{"well_id":"OW233","site":"S-Area Landfill (Occidental Buffalo Ave Plant)","well_role":"shallow bedrock monitoring well","data_type":"NAPL/APL hydraulic + bedrock monitoring (no per-chemical suite)","n_found":0,"chemicals_found":"","latest_year":2019,"latest_detect":null,"coord_precision":"georeferenced_from_figure_~0.15mi","toc_latest":null,"toc_max":null,"program_number":"932019A","chems":[],"src":"DEC"}},{"type":"Feature","geometry":{"type":"Point","coordinates":[-79.005909,43.079509]},"properties":{"well_id":"OW234","site":"S-Area Landfill (Occidental Buffalo Ave Plant)","well_role":"shallow bedrock monitoring well","data_type":"NAPL/APL hydraulic + bedrock monitoring (no per-chemical suite)","n_found":0,"chemicals_found":"","latest_year":2019,"latest_detect":null,"coord_precision":"georeferenced_from_figure_~0.15mi","toc_latest":null,"toc_max":null,"program_number":"932019A","chems":[],"src":"DEC"}},{"type":"Feature","geometry":{"type":"Point","coordinates":[-79.005874,43.078712]},"properties":{"well_id":"OW235","site":"S-Area Landfill (Occidental Buffalo Ave Plant)","well_role":"shallow bedrock monitoring well","data_type":"NAPL/APL hydraulic + bedrock monitoring (no per-chemical suite)","n_found":0,"chemicals_found":"","latest_year":2019,"latest_detect":null,"coord_precision":"georeferenced_from_figure_~0.15mi","toc_latest":null,"toc_max":null,"program_number":"932019A","chems":[],"src":"DEC"}},{"type":"Feature","geometry":{"type":"Point","coordinates":[-79.005748,43.078171]},"properties":{"well_id":"OW236","site":"S-Area Landfill (Occidental Buffalo Ave Plant)","well_role":"shallow bedrock monitoring well","data_type":"NAPL/APL hydraulic + bedrock monitoring (no per-chemical suite)","n_found":0,"chemicals_found":"","latest_year":2019,"latest_detect":null,"coord_precision":"georeferenced_from_figure_~0.15mi","toc_latest":0.5,"toc_max":701.0,"program_number":"932019A","chems":[],"src":"DEC"}},{"type":"Feature","geometry":{"type":"Point","coordinates":[-79.009327,43.077083]},"properties":{"well_id":"OW240R","site":"S-Area Landfill (Occidental Buffalo Ave Plant)","well_role":"shallow bedrock monitoring well","data_type":"NAPL/APL hydraulic + bedrock monitoring (no per-chemical suite)","n_found":0,"chemicals_found":"","latest_year":2019,"latest_detect":null,"coord_precision":"georeferenced_from_figure_~0.15mi","toc_latest":99.0,"toc_max":247.0,"program_number":"932019A","chems":[],"src":"DEC"}},{"type":"Feature","geometry":{"type":"Point","coordinates":[-79.009001,43.07784]},"properties":{"well_id":"OW241","site":"S-Area Landfill (Occidental Buffalo Ave Plant)","well_role":"shallow bedrock monitoring well","data_type":"NAPL/APL hydraulic + bedrock monitoring (no per-chemical suite)","n_found":0,"chemicals_found":"","latest_year":2019,"latest_detect":null,"coord_precision":"georeferenced_from_figure_~0.15mi","toc_latest":44.02,"toc_max":1494.0,"program_number":"932019A","chems":[],"src":"DEC"}},{"type":"Feature","geometry":{"type":"Point","coordinates":[-79.009381,43.07807]},"properties":{"well_id":"OW242","site":"S-Area Landfill (Occidental Buffalo Ave Plant)","well_role":"shallow bedrock monitoring well","data_type":"NAPL/APL hydraulic + bedrock monitoring (no per-chemical suite)","n_found":0,"chemicals_found":"","latest_year":2019,"latest_detect":null,"coord_precision":"georeferenced_from_figure_~0.15mi","toc_latest":959.0,"toc_max":6432.0,"program_number":"932019A","chems":[],"src":"DEC"}},{"type":"Feature","geometry":{"type":"Point","coordinates":[-79.008779,43.078523]},"properties":{"well_id":"OW243","site":"S-Area Landfill (Occidental Buffalo Ave Plant)","well_role":"shallow bedrock monitoring well","data_type":"NAPL/APL hydraulic + bedrock monitoring (no per-chemical suite)","n_found":0,"chemicals_found":"","latest_year":2019,"latest_detect":null,"coord_precision":"georeferenced_from_figure_~0.15mi","toc_latest":212.0,"toc_max":27100.0,"program_number":"932019A","chems":[],"src":"DEC"}},{"type":"Feature","geometry":{"type":"Point","coordinates":[-79.007839,43.077475]},"properties":{"well_id":"OW244","site":"S-Area Landfill (Occidental Buffalo Ave Plant)","well_role":"shallow bedrock monitoring well","data_type":"NAPL/APL hydraulic + bedrock monitoring (no per-chemical suite)","n_found":0,"chemicals_found":"","latest_year":2019,"latest_detect":null,"coord_precision":"georeferenced_from_figure_~0.15mi","toc_latest":null,"toc_max":null,"program_number":"932019A","chems":[],"src":"DEC"}},{"type":"Feature","geometry":{"type":"Point","coordinates":[-79.007208,43.077343]},"properties":{"well_id":"OW245","site":"S-Area Landfill (Occidental Buffalo Ave Plant)","well_role":"shallow bedrock monitoring well","data_type":"NAPL/APL hydraulic + bedrock monitoring (no per-chemical suite)","n_found":0,"chemicals_found":"","latest_year":2019,"latest_detect":null,"coord_precision":"georeferenced_from_figure_~0.15mi","toc_latest":null,"toc_max":null,"program_number":"932019A","chems":[],"src":"DEC"}},{"type":"Feature","geometry":{"type":"Point","coordinates":[-79.002238,43.077519]},"properties":{"well_id":"OW260","site":"S-Area Landfill (Occidental Buffalo Ave Plant)","well_role":"overburden monitoring well","data_type":"NAPL/APL hydraulic + bedrock monitoring (no per-chemical suite)","n_found":0,"chemicals_found":"","latest_year":2019,"latest_detect":null,"coord_precision":"georeferenced_from_figure_~0.15mi","toc_latest":0.0,"toc_max":1.3,"program_number":"932019A","chems":[],"src":"DEC"}},{"type":"Feature","geometry":{"type":"Point","coordinates":[-79.003833,43.077369]},"properties":{"well_id":"OW262","site":"S-Area Landfill (Occidental Buffalo Ave Plant)","well_role":"overburden monitoring well","data_type":"NAPL/APL hydraulic + bedrock monitoring (no per-chemical suite)","n_found":0,"chemicals_found":"","latest_year":2019,"latest_detect":null,"coord_precision":"georeferenced_from_figure_~0.15mi","toc_latest":15.0,"toc_max":51.0,"program_number":"932019A","chems":[],"src":"DEC"}},{"type":"Feature","geometry":{"type":"Point","coordinates":[-79.005368,43.079191]},"properties":{"well_id":"OW278","site":"S-Area Landfill (Occidental Buffalo Ave Plant)","well_role":"overburden monitoring well","data_type":"NAPL/APL hydraulic + bedrock monitoring (no per-chemical suite)","n_found":0,"chemicals_found":"","latest_year":2019,"latest_detect":null,"coord_precision":"georeferenced_from_figure_~0.15mi","toc_latest":7.0,"toc_max":49.0,"program_number":"932019A","chems":[],"src":"DEC"}},{"type":"Feature","geometry":{"type":"Point","coordinates":[-79.005286,43.078982]},"properties":{"well_id":"OW282","site":"S-Area Landfill (Occidental Buffalo Ave Plant)","well_role":"overburden monitoring well","data_type":"NAPL/APL hydraulic + bedrock monitoring (no per-chemical suite)","n_found":0,"chemicals_found":"","latest_year":2019,"latest_detect":null,"coord_precision":"georeferenced_from_figure_~0.15mi","toc_latest":1.2,"toc_max":21.0,"program_number":"932019A","chems":[],"src":"DEC"}},{"type":"Feature","geometry":{"type":"Point","coordinates":[-79.004875,43.078356]},"properties":{"well_id":"OW290","site":"S-Area Landfill (Occidental Buffalo Ave Plant)","well_role":"overburden monitoring well","data_type":"NAPL/APL hydraulic + bedrock monitoring (no per-chemical suite)","n_found":0,"chemicals_found":"","latest_year":2019,"latest_detect":null,"coord_precision":"georeferenced_from_figure_~0.15mi","toc_latest":0.5,"toc_max":9.2,"program_number":"932019A","chems":[],"src":"DEC"}},{"type":"Feature","geometry":{"type":"Point","coordinates":[-79.004914,43.077712]},"properties":{"well_id":"OW292","site":"S-Area Landfill (Occidental Buffalo Ave Plant)","well_role":"overburden monitoring well","data_type":"NAPL/APL hydraulic + bedrock monitoring (no per-chemical suite)","n_found":0,"chemicals_found":"","latest_year":2019,"latest_detect":null,"coord_precision":"georeferenced_from_figure_~0.15mi","toc_latest":0.43,"toc_max":0.51,"program_number":"932019A","chems":[],"src":"DEC"}},{"type":"Feature","geometry":{"type":"Point","coordinates":[-79.004832,43.077499]},"properties":{"well_id":"OW293","site":"S-Area Landfill (Occidental Buffalo Ave Plant)","well_role":"overburden monitoring well","data_type":"NAPL/APL hydraulic + bedrock monitoring (no per-chemical suite)","n_found":0,"chemicals_found":"","latest_year":2019,"latest_detect":null,"coord_precision":"georeferenced_from_figure_~0.15mi","toc_latest":0.98,"toc_max":0.98,"program_number":"932019A","chems":[],"src":"DEC"}},{"type":"Feature","geometry":{"type":"Point","coordinates":[-79.006016,43.080022]},"properties":{"well_id":"OW312R","site":"S-Area Landfill (Occidental Buffalo Ave Plant)","well_role":"overburden monitoring well","data_type":"NAPL/APL hydraulic + bedrock monitoring (no per-chemical suite)","n_found":0,"chemicals_found":"","latest_year":2019,"latest_detect":null,"coord_precision":"georeferenced_from_figure_~0.15mi","toc_latest":0.0,"toc_max":0.11,"program_number":"932019A","chems":[],"src":"DEC"}},{"type":"Feature","geometry":{"type":"Point","coordinates":[-79.00675,43.079788]},"properties":{"well_id":"OW343","site":"S-Area Landfill (Occidental Buffalo Ave Plant)","well_role":"overburden monitoring well","data_type":"NAPL/APL hydraulic + bedrock monitoring (no per-chemical suite)","n_found":0,"chemicals_found":"","latest_year":2019,"latest_detect":null,"coord_precision":"georeferenced_from_figure_~0.15mi","toc_latest":null,"toc_max":null,"program_number":"932019A","chems":[],"src":"DEC"}},{"type":"Feature","geometry":{"type":"Point","coordinates":[-79.005729,43.078951]},"properties":{"well_id":"OW360R","site":"S-Area Landfill (Occidental Buffalo Ave Plant)","well_role":"overburden monitoring well","data_type":"NAPL/APL hydraulic + bedrock monitoring (no per-chemical suite)","n_found":0,"chemicals_found":"","latest_year":2019,"latest_detect":null,"coord_precision":"georeferenced_from_figure_~0.15mi","toc_latest":null,"toc_max":null,"program_number":"932019A","chems":[],"src":"DEC"}},{"type":"Feature","geometry":{"type":"Point","coordinates":[-79.014773,43.083365]},"properties":{"well_id":"OW405D","site":"S-Area Landfill (Occidental Buffalo Ave Plant)","well_role":"shallow bedrock monitoring well","data_type":"NAPL/APL hydraulic + bedrock monitoring (no per-chemical suite)","n_found":0,"chemicals_found":"","latest_year":2019,"latest_detect":null,"coord_precision":"georeferenced_from_figure_~0.15mi","toc_latest":16040.0,"toc_max":16040.0,"program_number":"932019A","chems":[],"src":"DEC"}},{"type":"Feature","geometry":{"type":"Point","coordinates":[-79.013494,43.083279]},"properties":{"well_id":"OW406D","site":"S-Area Landfill (Occidental Buffalo Ave Plant)","well_role":"shallow bedrock monitoring well","data_type":"NAPL/APL hydraulic + bedrock monitoring (no per-chemical suite)","n_found":0,"chemicals_found":"","latest_year":2019,"latest_detect":null,"coord_precision":"georeferenced_from_figure_~0.15mi","toc_latest":533.0,"toc_max":7350.0,"program_number":"932019A","chems":[],"src":"DEC"}},{"type":"Feature","geometry":{"type":"Point","coordinates":[-79.011604,43.084521]},"properties":{"well_id":"OW407D","site":"S-Area Landfill (Occidental Buffalo Ave Plant)","well_role":"shallow bedrock monitoring well","data_type":"NAPL/APL hydraulic + bedrock monitoring (no per-chemical suite)","n_found":0,"chemicals_found":"","latest_year":2019,"latest_detect":null,"coord_precision":"georeferenced_from_figure_~0.15mi","toc_latest":242.0,"toc_max":1065.0,"program_number":"932019A","chems":[],"src":"DEC"}},{"type":"Feature","geometry":{"type":"Point","coordinates":[-79.009636,43.083631]},"properties":{"well_id":"OW408D","site":"S-Area Landfill (Occidental Buffalo Ave Plant)","well_role":"shallow bedrock monitoring well","data_type":"NAPL/APL hydraulic + bedrock monitoring (no per-chemical suite)","n_found":0,"chemicals_found":"","latest_year":2019,"latest_detect":null,"coord_precision":"georeferenced_from_figure_~0.15mi","toc_latest":3278.0,"toc_max":4347.0,"program_number":"932019A","chems":[],"src":"DEC"}},{"type":"Feature","geometry":{"type":"Point","coordinates":[-79.008198,43.083916]},"properties":{"well_id":"OW409D","site":"S-Area Landfill (Occidental Buffalo Ave Plant)","well_role":"shallow bedrock monitoring well","data_type":"NAPL/APL hydraulic + bedrock monitoring (no per-chemical suite)","n_found":0,"chemicals_found":"","latest_year":2019,"latest_detect":null,"coord_precision":"georeferenced_from_figure_~0.15mi","toc_latest":36.2,"toc_max":134.0,"program_number":"932019A","chems":[],"src":"DEC"}},{"type":"Feature","geometry":{"type":"Point","coordinates":[-79.005149,43.083813]},"properties":{"well_id":"OW410D","site":"S-Area Landfill (Occidental Buffalo Ave Plant)","well_role":"shallow bedrock monitoring well","data_type":"NAPL/APL hydraulic + bedrock monitoring (no per-chemical suite)","n_found":0,"chemicals_found":"","latest_year":2019,"latest_detect":null,"coord_precision":"georeferenced_from_figure_~0.15mi","toc_latest":0.53,"toc_max":17.1,"program_number":"932019A","chems":[],"src":"DEC"}},{"type":"Feature","geometry":{"type":"Point","coordinates":[-79.004763,43.081635]},"properties":{"well_id":"OW411D","site":"S-Area Landfill (Occidental Buffalo Ave Plant)","well_role":"shallow bedrock monitoring well","data_type":"NAPL/APL hydraulic + bedrock monitoring (no per-chemical suite)","n_found":0,"chemicals_found":"","latest_year":2019,"latest_detect":null,"coord_precision":"georeferenced_from_figure_~0.15mi","toc_latest":230.0,"toc_max":2069.0,"program_number":"932019A","chems":[],"src":"DEC"}},{"type":"Feature","geometry":{"type":"Point","coordinates":[-79.006135,43.080007]},"properties":{"well_id":"OW412B","site":"S-Area Landfill (Occidental Buffalo Ave Plant)","well_role":"intermediate/deep bedrock monitoring well","data_type":"NAPL/APL hydraulic + bedrock monitoring (no per-chemical suite)","n_found":0,"chemicals_found":"","latest_year":2019,"latest_detect":null,"coord_precision":"georeferenced_from_figure_~0.15mi","toc_latest":null,"toc_max":null,"program_number":"932019A","chems":[],"src":"DEC"}},{"type":"Feature","geometry":{"type":"Point","coordinates":[-79.006134,43.080214]},"properties":{"well_id":"OW412C","site":"S-Area Landfill (Occidental Buffalo Ave Plant)","well_role":"intermediate/deep bedrock monitoring well","data_type":"NAPL/APL hydraulic + bedrock monitoring (no per-chemical suite)","n_found":0,"chemicals_found":"","latest_year":2019,"latest_detect":null,"coord_precision":"georeferenced_from_figure_~0.15mi","toc_latest":0.0,"toc_max":4.0,"program_number":"932019A","chems":[],"src":"DEC"}},{"type":"Feature","geometry":{"type":"Point","coordinates":[-79.006434,43.080413]},"properties":{"well_id":"OW412D","site":"S-Area Landfill (Occidental Buffalo Ave Plant)","well_role":"shallow bedrock monitoring well","data_type":"NAPL/APL hydraulic + bedrock monitoring (no per-chemical suite)","n_found":0,"chemicals_found":"","latest_year":2019,"latest_detect":null,"coord_precision":"georeferenced_from_figure_~0.15mi","toc_latest":1479.0,"toc_max":6857.0,"program_number":"932019A","chems":[],"src":"DEC"}},{"type":"Feature","geometry":{"type":"Point","coordinates":[-79.009661,43.078276]},"properties":{"well_id":"OW413B","site":"S-Area Landfill (Occidental Buffalo Ave Plant)","well_role":"intermediate/deep bedrock monitoring well","data_type":"NAPL/APL hydraulic + bedrock monitoring (no per-chemical suite)","n_found":0,"chemicals_found":"","latest_year":2019,"latest_detect":null,"coord_precision":"georeferenced_from_figure_~0.15mi","toc_latest":null,"toc_max":null,"program_number":"932019A","chems":[],"src":"DEC"}},{"type":"Feature","geometry":{"type":"Point","coordinates":[-79.009808,43.078336]},"properties":{"well_id":"OW413D","site":"S-Area Landfill (Occidental Buffalo Ave Plant)","well_role":"shallow bedrock monitoring well","data_type":"NAPL/APL hydraulic + bedrock monitoring (no per-chemical suite)","n_found":0,"chemicals_found":"","latest_year":2019,"latest_detect":null,"coord_precision":"georeferenced_from_figure_~0.15mi","toc_latest":null,"toc_max":null,"program_number":"932019A","chems":[],"src":"DEC"}},{"type":"Feature","geometry":{"type":"Point","coordinates":[-79.013046,43.078666]},"properties":{"well_id":"OW414D","site":"S-Area Landfill (Occidental Buffalo Ave Plant)","well_role":"shallow bedrock monitoring well","data_type":"NAPL/APL hydraulic + bedrock monitoring (no per-chemical suite)","n_found":0,"chemicals_found":"","latest_year":2019,"latest_detect":null,"coord_precision":"georeferenced_from_figure_~0.15mi","toc_latest":389.0,"toc_max":389.0,"program_number":"932019A","chems":[],"src":"DEC"}},{"type":"Feature","geometry":{"type":"Point","coordinates":[-79.015102,43.082741]},"properties":{"well_id":"OW417D","site":"S-Area Landfill (Occidental Buffalo Ave Plant)","well_role":"shallow bedrock monitoring well","data_type":"NAPL/APL hydraulic + bedrock monitoring (no per-chemical suite)","n_found":0,"chemicals_found":"","latest_year":2019,"latest_detect":null,"coord_precision":"georeferenced_from_figure_~0.15mi","toc_latest":49810.0,"toc_max":78560.0,"program_number":"932019A","chems":[],"src":"DEC"}},{"type":"Feature","geometry":{"type":"Point","coordinates":[-79.007739,43.078623]},"properties":{"well_id":"OW525","site":"S-Area Landfill (Occidental Buffalo Ave Plant)","well_role":"overburden monitoring well","data_type":"NAPL/APL hydraulic + bedrock monitoring (no per-chemical suite)","n_found":0,"chemicals_found":"","latest_year":2019,"latest_detect":null,"coord_precision":"georeferenced_from_figure_~0.15mi","toc_latest":null,"toc_max":null,"program_number":"932019A","chems":[],"src":"DEC"}},{"type":"Feature","geometry":{"type":"Point","coordinates":[-79.006565,43.07872]},"properties":{"well_id":"OW526","site":"S-Area Landfill (Occidental Buffalo Ave Plant)","well_role":"overburden monitoring well","data_type":"NAPL/APL hydraulic + bedrock monitoring (no per-chemical suite)","n_found":0,"chemicals_found":"","latest_year":2019,"latest_detect":null,"coord_precision":"georeferenced_from_figure_~0.15mi","toc_latest":null,"toc_max":null,"program_number":"932019A","chems":[],"src":"DEC"}},{"type":"Feature","geometry":{"type":"Point","coordinates":[-79.00845,43.078445]},"properties":{"well_id":"OW527R","site":"S-Area Landfill (Occidental Buffalo Ave Plant)","well_role":"overburden monitoring well","data_type":"NAPL/APL hydraulic + bedrock monitoring (no per-chemical suite)","n_found":0,"chemicals_found":"","latest_year":2019,"latest_detect":null,"coord_precision":"georeferenced_from_figure_~0.15mi","toc_latest":null,"toc_max":null,"program_number":"932019A","chems":[],"src":"DEC"}},{"type":"Feature","geometry":{"type":"Point","coordinates":[-79.006365,43.078357]},"properties":{"well_id":"OW529R","site":"S-Area Landfill (Occidental Buffalo Ave Plant)","well_role":"overburden monitoring well","data_type":"NAPL/APL hydraulic + bedrock monitoring (no per-chemical suite)","n_found":0,"chemicals_found":"","latest_year":2019,"latest_detect":null,"coord_precision":"georeferenced_from_figure_~0.15mi","toc_latest":null,"toc_max":null,"program_number":"932019A","chems":[],"src":"DEC"}},{"type":"Feature","geometry":{"type":"Point","coordinates":[-79.006288,43.078086]},"properties":{"well_id":"OW531R","site":"S-Area Landfill (Occidental Buffalo Ave Plant)","well_role":"overburden monitoring well","data_type":"NAPL/APL hydraulic + bedrock monitoring (no per-chemical suite)","n_found":0,"chemicals_found":"","latest_year":2019,"latest_detect":null,"coord_precision":"georeferenced_from_figure_~0.15mi","toc_latest":null,"toc_max":null,"program_number":"932019A","chems":[],"src":"DEC"}},{"type":"Feature","geometry":{"type":"Point","coordinates":[-79.008479,43.077353]},"properties":{"well_id":"OW532","site":"S-Area Landfill (Occidental Buffalo Ave Plant)","well_role":"overburden monitoring well","data_type":"NAPL/APL hydraulic + bedrock monitoring (no per-chemical suite)","n_found":0,"chemicals_found":"","latest_year":2019,"latest_detect":null,"coord_precision":"georeferenced_from_figure_~0.15mi","toc_latest":null,"toc_max":null,"program_number":"932019A","chems":[],"src":"DEC"}},{"type":"Feature","geometry":{"type":"Point","coordinates":[-79.006812,43.077159]},"properties":{"well_id":"OW533","site":"S-Area Landfill (Occidental Buffalo Ave Plant)","well_role":"overburden monitoring well","data_type":"NAPL/APL hydraulic + bedrock monitoring (no per-chemical suite)","n_found":0,"chemicals_found":"","latest_year":2019,"latest_detect":null,"coord_precision":"georeferenced_from_figure_~0.15mi","toc_latest":null,"toc_max":null,"program_number":"932019A","chems":[],"src":"DEC"}},{"type":"Feature","geometry":{"type":"Point","coordinates":[-79.006165,43.077111]},"properties":{"well_id":"OW534","site":"S-Area Landfill (Occidental Buffalo Ave Plant)","well_role":"overburden monitoring well","data_type":"NAPL/APL hydraulic + bedrock monitoring (no per-chemical suite)","n_found":0,"chemicals_found":"","latest_year":2019,"latest_detect":null,"coord_precision":"georeferenced_from_figure_~0.15mi","toc_latest":null,"toc_max":null,"program_number":"932019A","chems":[],"src":"DEC"}},{"type":"Feature","geometry":{"type":"Point","coordinates":[-79.009094,43.077464]},"properties":{"well_id":"OW535","site":"S-Area Landfill (Occidental Buffalo Ave Plant)","well_role":"overburden monitoring well","data_type":"NAPL/APL hydraulic + bedrock monitoring (no per-chemical suite)","n_found":0,"chemicals_found":"","latest_year":2019,"latest_detect":null,"coord_precision":"georeferenced_from_figure_~0.15mi","toc_latest":null,"toc_max":null,"program_number":"932019A","chems":[],"src":"DEC"}},{"type":"Feature","geometry":{"type":"Point","coordinates":[-79.007636,43.077226]},"properties":{"well_id":"OW536","site":"S-Area Landfill (Occidental Buffalo Ave Plant)","well_role":"overburden monitoring well","data_type":"NAPL/APL hydraulic + bedrock monitoring (no per-chemical suite)","n_found":0,"chemicals_found":"","latest_year":2019,"latest_detect":null,"coord_precision":"georeferenced_from_figure_~0.15mi","toc_latest":null,"toc_max":null,"program_number":"932019A","chems":[],"src":"DEC"}},{"type":"Feature","geometry":{"type":"Point","coordinates":[-79.008996,43.077794]},"properties":{"well_id":"OW537","site":"S-Area Landfill (Occidental Buffalo Ave Plant)","well_role":"overburden monitoring well","data_type":"NAPL/APL hydraulic + bedrock monitoring (no per-chemical suite)","n_found":0,"chemicals_found":"","latest_year":2019,"latest_detect":null,"coord_precision":"georeferenced_from_figure_~0.15mi","toc_latest":null,"toc_max":null,"program_number":"932019A","chems":[],"src":"DEC"}},{"type":"Feature","geometry":{"type":"Point","coordinates":[-79.008431,43.07774]},"properties":{"well_id":"OW538","site":"S-Area Landfill (Occidental Buffalo Ave Plant)","well_role":"overburden monitoring well","data_type":"NAPL/APL hydraulic + bedrock monitoring (no per-chemical suite)","n_found":0,"chemicals_found":"","latest_year":2019,"latest_detect":null,"coord_precision":"georeferenced_from_figure_~0.15mi","toc_latest":null,"toc_max":null,"program_number":"932019A","chems":[],"src":"DEC"}},{"type":"Feature","geometry":{"type":"Point","coordinates":[-79.009057,43.079]},"properties":{"well_id":"OW539R","site":"S-Area Landfill (Occidental Buffalo Ave Plant)","well_role":"overburden monitoring well","data_type":"NAPL/APL hydraulic + bedrock monitoring (no per-chemical suite)","n_found":0,"chemicals_found":"","latest_year":2019,"latest_detect":null,"coord_precision":"georeferenced_from_figure_~0.15mi","toc_latest":null,"toc_max":null,"program_number":"932019A","chems":[],"src":"DEC"}},{"type":"Feature","geometry":{"type":"Point","coordinates":[-79.008516,43.078907]},"properties":{"well_id":"OW540A","site":"S-Area Landfill (Occidental Buffalo Ave Plant)","well_role":"overburden monitoring well","data_type":"NAPL/APL hydraulic + bedrock monitoring (no per-chemical suite)","n_found":0,"chemicals_found":"","latest_year":2019,"latest_detect":null,"coord_precision":"georeferenced_from_figure_~0.15mi","toc_latest":null,"toc_max":null,"program_number":"932019A","chems":[],"src":"DEC"}},{"type":"Feature","geometry":{"type":"Point","coordinates":[-79.0078,43.079052]},"properties":{"well_id":"OW541","site":"S-Area Landfill (Occidental Buffalo Ave Plant)","well_role":"overburden monitoring well","data_type":"NAPL/APL hydraulic + bedrock monitoring (no per-chemical suite)","n_found":0,"chemicals_found":"","latest_year":2019,"latest_detect":null,"coord_precision":"georeferenced_from_figure_~0.15mi","toc_latest":null,"toc_max":null,"program_number":"932019A","chems":[],"src":"DEC"}},{"type":"Feature","geometry":{"type":"Point","coordinates":[-79.007817,43.078899]},"properties":{"well_id":"OW542","site":"S-Area Landfill (Occidental Buffalo Ave Plant)","well_role":"overburden monitoring well","data_type":"NAPL/APL hydraulic + bedrock monitoring (no per-chemical suite)","n_found":0,"chemicals_found":"","latest_year":2019,"latest_detect":null,"coord_precision":"georeferenced_from_figure_~0.15mi","toc_latest":null,"toc_max":null,"program_number":"932019A","chems":[],"src":"DEC"}},{"type":"Feature","geometry":{"type":"Point","coordinates":[-79.00777,43.07956]},"properties":{"well_id":"OW543","site":"S-Area Landfill (Occidental Buffalo Ave Plant)","well_role":"overburden monitoring well","data_type":"NAPL/APL hydraulic + bedrock monitoring (no per-chemical suite)","n_found":0,"chemicals_found":"","latest_year":2019,"latest_detect":null,"coord_precision":"georeferenced_from_figure_~0.15mi","toc_latest":null,"toc_max":null,"program_number":"932019A","chems":[],"src":"DEC"}},{"type":"Feature","geometry":{"type":"Point","coordinates":[-79.007225,43.079479]},"properties":{"well_id":"OW544","site":"S-Area Landfill (Occidental Buffalo Ave Plant)","well_role":"overburden monitoring well","data_type":"NAPL/APL hydraulic + bedrock monitoring (no per-chemical suite)","n_found":0,"chemicals_found":"","latest_year":2019,"latest_detect":null,"coord_precision":"georeferenced_from_figure_~0.15mi","toc_latest":null,"toc_max":null,"program_number":"932019A","chems":[],"src":"DEC"}},{"type":"Feature","geometry":{"type":"Point","coordinates":[-79.006452,43.079588]},"properties":{"well_id":"OW546","site":"S-Area Landfill (Occidental Buffalo Ave Plant)","well_role":"overburden monitoring well","data_type":"NAPL/APL hydraulic + bedrock monitoring (no per-chemical suite)","n_found":0,"chemicals_found":"","latest_year":2019,"latest_detect":null,"coord_precision":"georeferenced_from_figure_~0.15mi","toc_latest":null,"toc_max":null,"program_number":"932019A","chems":[],"src":"DEC"}},{"type":"Feature","geometry":{"type":"Point","coordinates":[-79.005533,43.078455]},"properties":{"well_id":"OW547","site":"S-Area Landfill (Occidental Buffalo Ave Plant)","well_role":"overburden monitoring well","data_type":"NAPL/APL hydraulic + bedrock monitoring (no per-chemical suite)","n_found":0,"chemicals_found":"","latest_year":2019,"latest_detect":null,"coord_precision":"georeferenced_from_figure_~0.15mi","toc_latest":null,"toc_max":null,"program_number":"932019A","chems":[],"src":"DEC"}},{"type":"Feature","geometry":{"type":"Point","coordinates":[-79.004799,43.08004]},"properties":{"well_id":"OW548","site":"S-Area Landfill (Occidental Buffalo Ave Plant)","well_role":"overburden monitoring well","data_type":"NAPL/APL hydraulic + bedrock monitoring (no per-chemical suite)","n_found":0,"chemicals_found":"","latest_year":2019,"latest_detect":null,"coord_precision":"georeferenced_from_figure_~0.15mi","toc_latest":0.0,"toc_max":1.0,"program_number":"932019A","chems":[],"src":"DEC"}},{"type":"Feature","geometry":{"type":"Point","coordinates":[-79.004266,43.079375]},"properties":{"well_id":"OW549","site":"S-Area Landfill (Occidental Buffalo Ave Plant)","well_role":"overburden monitoring well","data_type":"NAPL/APL hydraulic + bedrock monitoring (no per-chemical suite)","n_found":0,"chemicals_found":"","latest_year":2019,"latest_detect":null,"coord_precision":"georeferenced_from_figure_~0.15mi","toc_latest":0.0,"toc_max":2.2,"program_number":"932019A","chems":[],"src":"DEC"}},{"type":"Feature","geometry":{"type":"Point","coordinates":[-79.003447,43.079722]},"properties":{"well_id":"OW550","site":"S-Area Landfill (Occidental Buffalo Ave Plant)","well_role":"overburden monitoring well","data_type":"NAPL/APL hydraulic + bedrock monitoring (no per-chemical suite)","n_found":0,"chemicals_found":"","latest_year":2019,"latest_detect":null,"coord_precision":"georeferenced_from_figure_~0.15mi","toc_latest":0.0,"toc_max":0.0,"program_number":"932019A","chems":[],"src":"DEC"}},{"type":"Feature","geometry":{"type":"Point","coordinates":[-79.005697,43.077073]},"properties":{"well_id":"OW551","site":"S-Area Landfill (Occidental Buffalo Ave Plant)","well_role":"overburden monitoring well","data_type":"NAPL/APL hydraulic + bedrock monitoring (no per-chemical suite)","n_found":0,"chemicals_found":"","latest_year":2019,"latest_detect":null,"coord_precision":"georeferenced_from_figure_~0.15mi","toc_latest":null,"toc_max":null,"program_number":"932019A","chems":[],"src":"DEC"}},{"type":"Feature","geometry":{"type":"Point","coordinates":[-79.005066,43.077067]},"properties":{"well_id":"OW552","site":"S-Area Landfill (Occidental Buffalo Ave Plant)","well_role":"overburden monitoring well","data_type":"NAPL/APL hydraulic + bedrock monitoring (no per-chemical suite)","n_found":0,"chemicals_found":"","latest_year":2019,"latest_detect":null,"coord_precision":"georeferenced_from_figure_~0.15mi","toc_latest":null,"toc_max":null,"program_number":"932019A","chems":[],"src":"DEC"}},{"type":"Feature","geometry":{"type":"Point","coordinates":[-79.002217,43.078546]},"properties":{"well_id":"OW595","site":"S-Area Landfill (Occidental Buffalo Ave Plant)","well_role":"overburden monitoring well","data_type":"NAPL/APL hydraulic + bedrock monitoring (no per-chemical suite)","n_found":0,"chemicals_found":"","latest_year":2019,"latest_detect":null,"coord_precision":"georeferenced_from_figure_~0.15mi","toc_latest":62.0,"toc_max":5851.0,"program_number":"932019A","chems":[],"src":"DEC"}},{"type":"Feature","geometry":{"type":"Point","coordinates":[-79.002153,43.078191]},"properties":{"well_id":"OW596","site":"S-Area Landfill (Occidental Buffalo Ave Plant)","well_role":"overburden monitoring well","data_type":"NAPL/APL hydraulic + bedrock monitoring (no per-chemical suite)","n_found":0,"chemicals_found":"","latest_year":2019,"latest_detect":null,"coord_precision":"georeferenced_from_figure_~0.15mi","toc_latest":0.0,"toc_max":2.1,"program_number":"932019A","chems":[],"src":"DEC"}},{"type":"Feature","geometry":{"type":"Point","coordinates":[-79.002668,43.078291]},"properties":{"well_id":"OW597R","site":"S-Area Landfill (Occidental Buffalo Ave Plant)","well_role":"overburden monitoring well","data_type":"NAPL/APL hydraulic + bedrock monitoring (no per-chemical suite)","n_found":0,"chemicals_found":"","latest_year":2019,"latest_detect":null,"coord_precision":"georeferenced_from_figure_~0.15mi","toc_latest":0.11,"toc_max":186.0,"program_number":"932019A","chems":[],"src":"DEC"}},{"type":"Feature","geometry":{"type":"Point","coordinates":[-79.004812,43.077338]},"properties":{"well_id":"OW598","site":"S-Area Landfill (Occidental Buffalo Ave Plant)","well_role":"overburden monitoring well","data_type":"NAPL/APL hydraulic + bedrock monitoring (no per-chemical suite)","n_found":0,"chemicals_found":"","latest_year":2019,"latest_detect":null,"coord_precision":"georeferenced_from_figure_~0.15mi","toc_latest":1.1,"toc_max":24.0,"program_number":"932019A","chems":[],"src":"DEC"}},{"type":"Feature","geometry":{"type":"Point","coordinates":[-79.003853,43.077548]},"properties":{"well_id":"OW599","site":"S-Area Landfill (Occidental Buffalo Ave Plant)","well_role":"overburden monitoring well","data_type":"NAPL/APL hydraulic + bedrock monitoring (no per-chemical suite)","n_found":0,"chemicals_found":"","latest_year":2019,"latest_detect":null,"coord_precision":"georeferenced_from_figure_~0.15mi","toc_latest":2.1,"toc_max":2.9,"program_number":"932019A","chems":[],"src":"DEC"}},{"type":"Feature","geometry":{"type":"Point","coordinates":[-79.008877,43.077182]},"properties":{"well_id":"OW608","site":"S-Area Landfill (Occidental Buffalo Ave Plant)","well_role":"shallow bedrock monitoring well","data_type":"NAPL/APL hydraulic + bedrock monitoring (no per-chemical suite)","n_found":0,"chemicals_found":"","latest_year":2019,"latest_detect":null,"coord_precision":"georeferenced_from_figure_~0.15mi","toc_latest":null,"toc_max":null,"program_number":"932019A","chems":[],"src":"DEC"}},{"type":"Feature","geometry":{"type":"Point","coordinates":[-79.005504,43.077388]},"properties":{"well_id":"OW612","site":"S-Area Landfill (Occidental Buffalo Ave Plant)","well_role":"shallow bedrock monitoring well","data_type":"NAPL/APL hydraulic + bedrock monitoring (no per-chemical suite)","n_found":0,"chemicals_found":"","latest_year":2019,"latest_detect":null,"coord_precision":"georeferenced_from_figure_~0.15mi","toc_latest":null,"toc_max":null,"program_number":"932019A","chems":[],"src":"DEC"}},{"type":"Feature","geometry":{"type":"Point","coordinates":[-79.008488,43.076974]},"properties":{"well_id":"OW616","site":"S-Area Landfill (Occidental Buffalo Ave Plant)","well_role":"shallow bedrock monitoring well","data_type":"NAPL/APL hydraulic + bedrock monitoring (no per-chemical suite)","n_found":0,"chemicals_found":"","latest_year":2019,"latest_detect":null,"coord_precision":"georeferenced_from_figure_~0.15mi","toc_latest":408.0,"toc_max":1331.0,"program_number":"932019A","chems":[],"src":"DEC"}},{"type":"Feature","geometry":{"type":"Point","coordinates":[-79.00699,43.079078]},"properties":{"well_id":"OW617","site":"S-Area Landfill (Occidental Buffalo Ave Plant)","well_role":"shallow bedrock monitoring well","data_type":"NAPL/APL hydraulic + bedrock monitoring (no per-chemical suite)","n_found":0,"chemicals_found":"","latest_year":2019,"latest_detect":null,"coord_precision":"georeferenced_from_figure_~0.15mi","toc_latest":null,"toc_max":null,"program_number":"932019A","chems":[],"src":"DEC"}},{"type":"Feature","geometry":{"type":"Point","coordinates":[-79.009368,43.079242]},"properties":{"well_id":"OW618","site":"S-Area Landfill (Occidental Buffalo Ave Plant)","well_role":"shallow bedrock monitoring well","data_type":"NAPL/APL hydraulic + bedrock monitoring (no per-chemical suite)","n_found":0,"chemicals_found":"","latest_year":2019,"latest_detect":null,"coord_precision":"georeferenced_from_figure_~0.15mi","toc_latest":830.0,"toc_max":1356.0,"program_number":"932019A","chems":[],"src":"DEC"}},{"type":"Feature","geometry":{"type":"Point","coordinates":[-79.008311,43.08009]},"properties":{"well_id":"OW619","site":"S-Area Landfill (Occidental Buffalo Ave Plant)","well_role":"shallow bedrock monitoring well","data_type":"NAPL/APL hydraulic + bedrock monitoring (no per-chemical suite)","n_found":0,"chemicals_found":"","latest_year":2019,"latest_detect":null,"coord_precision":"georeferenced_from_figure_~0.15mi","toc_latest":349.0,"toc_max":2477.0,"program_number":"932019A","chems":[],"src":"DEC"}},{"type":"Feature","geometry":{"type":"Point","coordinates":[-79.010338,43.077774]},"properties":{"well_id":"OW620","site":"S-Area Landfill (Occidental Buffalo Ave Plant)","well_role":"shallow bedrock monitoring well","data_type":"NAPL/APL hydraulic + bedrock monitoring (no per-chemical suite)","n_found":0,"chemicals_found":"","latest_year":2019,"latest_detect":null,"coord_precision":"georeferenced_from_figure_~0.15mi","toc_latest":221.0,"toc_max":1127.0,"program_number":"932019A","chems":[],"src":"DEC"}},{"type":"Feature","geometry":{"type":"Point","coordinates":[-79.010465,43.078512]},"properties":{"well_id":"OW621","site":"S-Area Landfill (Occidental Buffalo Ave Plant)","well_role":"shallow bedrock monitoring well","data_type":"NAPL/APL hydraulic + bedrock monitoring (no per-chemical suite)","n_found":0,"chemicals_found":"","latest_year":2019,"latest_detect":null,"coord_precision":"georeferenced_from_figure_~0.15mi","toc_latest":33.0,"toc_max":16418.0,"program_number":"932019A","chems":[],"src":"DEC"}},{"type":"Feature","geometry":{"type":"Point","coordinates":[-79.008753,43.079559]},"properties":{"well_id":"OW622","site":"S-Area Landfill (Occidental Buffalo Ave Plant)","well_role":"shallow bedrock monitoring well","data_type":"NAPL/APL hydraulic + bedrock monitoring (no per-chemical suite)","n_found":0,"chemicals_found":"","latest_year":2019,"latest_detect":null,"coord_precision":"georeferenced_from_figure_~0.15mi","toc_latest":null,"toc_max":null,"program_number":"932019A","chems":[],"src":"DEC"}},{"type":"Feature","geometry":{"type":"Point","coordinates":[-79.007668,43.080121]},"properties":{"well_id":"OW623","site":"S-Area Landfill (Occidental Buffalo Ave Plant)","well_role":"shallow bedrock monitoring well","data_type":"NAPL/APL hydraulic + bedrock monitoring (no per-chemical suite)","n_found":0,"chemicals_found":"","latest_year":2019,"latest_detect":null,"coord_precision":"georeferenced_from_figure_~0.15mi","toc_latest":null,"toc_max":null,"program_number":"932019A","chems":[],"src":"DEC"}},{"type":"Feature","geometry":{"type":"Point","coordinates":[-79.007215,43.080616]},"properties":{"well_id":"OW624","site":"S-Area Landfill (Occidental Buffalo Ave Plant)","well_role":"shallow bedrock monitoring well","data_type":"NAPL/APL hydraulic + bedrock monitoring (no per-chemical suite)","n_found":0,"chemicals_found":"","latest_year":2019,"latest_detect":null,"coord_precision":"georeferenced_from_figure_~0.15mi","toc_latest":443.0,"toc_max":4806.0,"program_number":"932019A","chems":[],"src":"DEC"}},{"type":"Feature","geometry":{"type":"Point","coordinates":[-79.005881,43.080713]},"properties":{"well_id":"OW625","site":"S-Area Landfill (Occidental Buffalo Ave Plant)","well_role":"shallow bedrock monitoring well","data_type":"NAPL/APL hydraulic + bedrock monitoring (no per-chemical suite)","n_found":0,"chemicals_found":"","latest_year":2019,"latest_detect":null,"coord_precision":"georeferenced_from_figure_~0.15mi","toc_latest":null,"toc_max":null,"program_number":"932019A","chems":[],"src":"DEC"}},{"type":"Feature","geometry":{"type":"Point","coordinates":[-79.005488,43.081386]},"properties":{"well_id":"OW626","site":"S-Area Landfill (Occidental Buffalo Ave Plant)","well_role":"shallow bedrock monitoring well","data_type":"NAPL/APL hydraulic + bedrock monitoring (no per-chemical suite)","n_found":0,"chemicals_found":"","latest_year":2019,"latest_detect":null,"coord_precision":"georeferenced_from_figure_~0.15mi","toc_latest":1206.0,"toc_max":14168.0,"program_number":"932019A","chems":[],"src":"DEC"}},{"type":"Feature","geometry":{"type":"Point","coordinates":[-79.005562,43.080414]},"properties":{"well_id":"OW627R","site":"S-Area Landfill (Occidental Buffalo Ave Plant)","well_role":"shallow bedrock monitoring well","data_type":"NAPL/APL hydraulic + bedrock monitoring (no per-chemical suite)","n_found":0,"chemicals_found":"","latest_year":2019,"latest_detect":null,"coord_precision":"georeferenced_from_figure_~0.15mi","toc_latest":null,"toc_max":null,"program_number":"932019A","chems":[],"src":"DEC"}},{"type":"Feature","geometry":{"type":"Point","coordinates":[-79.003995,43.081177]},"properties":{"well_id":"OW628","site":"S-Area Landfill (Occidental Buffalo Ave Plant)","well_role":"shallow bedrock monitoring well","data_type":"NAPL/APL hydraulic + bedrock monitoring (no per-chemical suite)","n_found":0,"chemicals_found":"","latest_year":2019,"latest_detect":null,"coord_precision":"georeferenced_from_figure_~0.15mi","toc_latest":null,"toc_max":null,"program_number":"932019A","chems":[],"src":"DEC"}},{"type":"Feature","geometry":{"type":"Point","coordinates":[-79.006671,43.077837]},"properties":{"well_id":"OW629","site":"S-Area Landfill (Occidental Buffalo Ave Plant)","well_role":"intermediate/deep bedrock monitoring well","data_type":"NAPL/APL hydraulic + bedrock monitoring (no per-chemical suite)","n_found":0,"chemicals_found":"","latest_year":2019,"latest_detect":null,"coord_precision":"georeferenced_from_figure_~0.15mi","toc_latest":null,"toc_max":null,"program_number":"932019A","chems":[],"src":"DEC"}},{"type":"Feature","geometry":{"type":"Point","coordinates":[-79.006257,43.077713]},"properties":{"well_id":"OW630","site":"S-Area Landfill (Occidental Buffalo Ave Plant)","well_role":"intermediate/deep bedrock monitoring well","data_type":"NAPL/APL hydraulic + bedrock monitoring (no per-chemical suite)","n_found":0,"chemicals_found":"","latest_year":2019,"latest_detect":null,"coord_precision":"georeferenced_from_figure_~0.15mi","toc_latest":4604.0,"toc_max":15206.0,"program_number":"932019A","chems":[],"src":"DEC"}},{"type":"Feature","geometry":{"type":"Point","coordinates":[-79.007908,43.076985]},"properties":{"well_id":"OW633","site":"S-Area Landfill (Occidental Buffalo Ave Plant)","well_role":"intermediate/deep bedrock monitoring well","data_type":"NAPL/APL hydraulic + bedrock monitoring (no per-chemical suite)","n_found":0,"chemicals_found":"","latest_year":2019,"latest_detect":null,"coord_precision":"georeferenced_from_figure_~0.15mi","toc_latest":null,"toc_max":null,"program_number":"932019A","chems":[],"src":"DEC"}},{"type":"Feature","geometry":{"type":"Point","coordinates":[-79.006675,43.076888]},"properties":{"well_id":"OW636","site":"S-Area Landfill (Occidental Buffalo Ave Plant)","well_role":"intermediate/deep bedrock monitoring well","data_type":"NAPL/APL hydraulic + bedrock monitoring (no per-chemical suite)","n_found":0,"chemicals_found":"","latest_year":2019,"latest_detect":null,"coord_precision":"georeferenced_from_figure_~0.15mi","toc_latest":null,"toc_max":null,"program_number":"932019A","chems":[],"src":"DEC"}},{"type":"Feature","geometry":{"type":"Point","coordinates":[-79.009417,43.078613]},"properties":{"well_id":"OW638","site":"S-Area Landfill (Occidental Buffalo Ave Plant)","well_role":"intermediate/deep bedrock monitoring well","data_type":"NAPL/APL hydraulic + bedrock monitoring (no per-chemical suite)","n_found":0,"chemicals_found":"","latest_year":2019,"latest_detect":null,"coord_precision":"georeferenced_from_figure_~0.15mi","toc_latest":null,"toc_max":null,"program_number":"932019A","chems":[],"src":"DEC"}},{"type":"Feature","geometry":{"type":"Point","coordinates":[-79.006919,43.078552]},"properties":{"well_id":"OW640","site":"S-Area Landfill (Occidental Buffalo Ave Plant)","well_role":"intermediate/deep bedrock monitoring well","data_type":"NAPL/APL hydraulic + bedrock monitoring (no per-chemical suite)","n_found":0,"chemicals_found":"","latest_year":2019,"latest_detect":null,"coord_precision":"georeferenced_from_figure_~0.15mi","toc_latest":null,"toc_max":null,"program_number":"932019A","chems":[],"src":"DEC"}},{"type":"Feature","geometry":{"type":"Point","coordinates":[-79.006253,43.07795]},"properties":{"well_id":"OW641","site":"S-Area Landfill (Occidental Buffalo Ave Plant)","well_role":"intermediate/deep bedrock monitoring well","data_type":"NAPL/APL hydraulic + bedrock monitoring (no per-chemical suite)","n_found":0,"chemicals_found":"","latest_year":2019,"latest_detect":null,"coord_precision":"georeferenced_from_figure_~0.15mi","toc_latest":null,"toc_max":null,"program_number":"932019A","chems":[],"src":"DEC"}},{"type":"Feature","geometry":{"type":"Point","coordinates":[-79.009026,43.078579]},"properties":{"well_id":"OW643","site":"S-Area Landfill (Occidental Buffalo Ave Plant)","well_role":"intermediate/deep bedrock monitoring well","data_type":"NAPL/APL hydraulic + bedrock monitoring (no per-chemical suite)","n_found":0,"chemicals_found":"","latest_year":2019,"latest_detect":null,"coord_precision":"georeferenced_from_figure_~0.15mi","toc_latest":5991.0,"toc_max":11316.0,"program_number":"932019A","chems":[],"src":"DEC"}},{"type":"Feature","geometry":{"type":"Point","coordinates":[-79.006518,43.078466]},"properties":{"well_id":"OW645","site":"S-Area Landfill (Occidental Buffalo Ave Plant)","well_role":"intermediate/deep bedrock monitoring well","data_type":"NAPL/APL hydraulic + bedrock monitoring (no per-chemical suite)","n_found":0,"chemicals_found":"","latest_year":2019,"latest_detect":null,"coord_precision":"georeferenced_from_figure_~0.15mi","toc_latest":null,"toc_max":null,"program_number":"932019A","chems":[],"src":"DEC"}},{"type":"Feature","geometry":{"type":"Point","coordinates":[-79.007413,43.077771]},"properties":{"well_id":"OW646","site":"S-Area Landfill (Occidental Buffalo Ave Plant)","well_role":"intermediate/deep bedrock monitoring well","data_type":"NAPL/APL hydraulic + bedrock monitoring (no per-chemical suite)","n_found":0,"chemicals_found":"","latest_year":2019,"latest_detect":null,"coord_precision":"georeferenced_from_figure_~0.15mi","toc_latest":null,"toc_max":null,"program_number":"932019A","chems":[],"src":"DEC"}},{"type":"Feature","geometry":{"type":"Point","coordinates":[-79.004686,43.076702]},"properties":{"well_id":"OW648","site":"S-Area Landfill (Occidental Buffalo Ave Plant)","well_role":"shallow bedrock monitoring well","data_type":"NAPL/APL hydraulic + bedrock monitoring (no per-chemical suite)","n_found":0,"chemicals_found":"","latest_year":2019,"latest_detect":null,"coord_precision":"georeferenced_from_figure_~0.15mi","toc_latest":41.0,"toc_max":175.0,"program_number":"932019A","chems":[],"src":"DEC"}},{"type":"Feature","geometry":{"type":"Point","coordinates":[-79.011771,43.083575]},"properties":{"well_id":"OW667D","site":"S-Area Landfill (Occidental Buffalo Ave Plant)","well_role":"shallow bedrock monitoring well","data_type":"NAPL/APL hydraulic + bedrock monitoring (no per-chemical suite)","n_found":0,"chemicals_found":"","latest_year":2019,"latest_detect":null,"coord_precision":"georeferenced_from_figure_~0.15mi","toc_latest":8342.0,"toc_max":12688.0,"program_number":"932019A","chems":[],"src":"DEC"}},{"type":"Feature","geometry":{"type":"Point","coordinates":[-79.005047,43.078024]},"properties":{"well_id":"OW669","site":"S-Area Landfill (Occidental Buffalo Ave Plant)","well_role":"shallow bedrock monitoring well","data_type":"NAPL/APL hydraulic + bedrock monitoring (no per-chemical suite)","n_found":0,"chemicals_found":"","latest_year":2019,"latest_detect":null,"coord_precision":"georeferenced_from_figure_~0.15mi","toc_latest":null,"toc_max":null,"program_number":"932019A","chems":[],"src":"DEC"}},{"type":"Feature","geometry":{"type":"Point","coordinates":[-79.005587,43.079613]},"properties":{"well_id":"OW670","site":"S-Area Landfill (Occidental Buffalo Ave Plant)","well_role":"shallow bedrock monitoring well","data_type":"NAPL/APL hydraulic + bedrock monitoring (no per-chemical suite)","n_found":0,"chemicals_found":"","latest_year":2019,"latest_detect":null,"coord_precision":"georeferenced_from_figure_~0.15mi","toc_latest":17686.0,"toc_max":44273.0,"program_number":"932019A","chems":[],"src":"DEC"}},{"type":"Feature","geometry":{"type":"Point","coordinates":[-79.00374,43.07832]},"properties":{"well_id":"OW673R","site":"S-Area Landfill (Occidental Buffalo Ave Plant)","well_role":"shallow bedrock monitoring well","data_type":"NAPL/APL hydraulic + bedrock monitoring (no per-chemical suite)","n_found":0,"chemicals_found":"","latest_year":2019,"latest_detect":null,"coord_precision":"georeferenced_from_figure_~0.15mi","toc_latest":null,"toc_max":null,"program_number":"932019A","chems":[],"src":"DEC"}},{"type":"Feature","geometry":{"type":"Point","coordinates":[-79.004116,43.079306]},"properties":{"well_id":"OW674","site":"S-Area Landfill (Occidental Buffalo Ave Plant)","well_role":"shallow bedrock monitoring well","data_type":"NAPL/APL hydraulic + bedrock monitoring (no per-chemical suite)","n_found":0,"chemicals_found":"","latest_year":2019,"latest_detect":null,"coord_precision":"georeferenced_from_figure_~0.15mi","toc_latest":1524.0,"toc_max":26270.0,"program_number":"932019A","chems":[],"src":"DEC"}},{"type":"Feature","geometry":{"type":"Point","coordinates":[-79.002467,43.077688]},"properties":{"well_id":"OW675","site":"S-Area Landfill (Occidental Buffalo Ave Plant)","well_role":"intermediate/deep bedrock monitoring well","data_type":"NAPL/APL hydraulic + bedrock monitoring (no per-chemical suite)","n_found":0,"chemicals_found":"","latest_year":2019,"latest_detect":null,"coord_precision":"georeferenced_from_figure_~0.15mi","toc_latest":null,"toc_max":null,"program_number":"932019A","chems":[],"src":"DEC"}},{"type":"Feature","geometry":{"type":"Point","coordinates":[-79.002763,43.079033]},"properties":{"well_id":"OW679","site":"S-Area Landfill (Occidental Buffalo Ave Plant)","well_role":"intermediate/deep bedrock monitoring well","data_type":"NAPL/APL hydraulic + bedrock monitoring (no per-chemical suite)","n_found":0,"chemicals_found":"","latest_year":2019,"latest_detect":null,"coord_precision":"georeferenced_from_figure_~0.15mi","toc_latest":0.0,"toc_max":7.83,"program_number":"932019A","chems":[],"src":"DEC"}},{"type":"Feature","geometry":{"type":"Point","coordinates":[-79.002556,43.078387]},"properties":{"well_id":"OW680","site":"S-Area Landfill (Occidental Buffalo Ave Plant)","well_role":"intermediate/deep bedrock monitoring well","data_type":"NAPL/APL hydraulic + bedrock monitoring (no per-chemical suite)","n_found":0,"chemicals_found":"","latest_year":2019,"latest_detect":null,"coord_precision":"georeferenced_from_figure_~0.15mi","toc_latest":null,"toc_max":null,"program_number":"932019A","chems":[],"src":"DEC"}},{"type":"Feature","geometry":{"type":"Point","coordinates":[-79.005448,43.076616]},"properties":{"well_id":"OW684","site":"S-Area Landfill (Occidental Buffalo Ave Plant)","well_role":"intermediate/deep bedrock monitoring well","data_type":"NAPL/APL hydraulic + bedrock monitoring (no per-chemical suite)","n_found":0,"chemicals_found":"","latest_year":2019,"latest_detect":null,"coord_precision":"georeferenced_from_figure_~0.15mi","toc_latest":null,"toc_max":null,"program_number":"932019A","chems":[],"src":"DEC"}},{"type":"Feature","geometry":{"type":"Point","coordinates":[-79.004523,43.078697]},"properties":{"well_id":"OW685R","site":"S-Area Landfill (Occidental Buffalo Ave Plant)","well_role":"intermediate/deep bedrock monitoring well","data_type":"NAPL/APL hydraulic + bedrock monitoring (no per-chemical suite)","n_found":0,"chemicals_found":"","latest_year":2019,"latest_detect":null,"coord_precision":"georeferenced_from_figure_~0.15mi","toc_latest":172.0,"toc_max":632.0,"program_number":"932019A","chems":[],"src":"DEC"}},{"type":"Feature","geometry":{"type":"Point","coordinates":[-79.005597,43.079108]},"properties":{"well_id":"OW686","site":"S-Area Landfill (Occidental Buffalo Ave Plant)","well_role":"intermediate/deep bedrock monitoring well","data_type":"NAPL/APL hydraulic + bedrock monitoring (no per-chemical suite)","n_found":0,"chemicals_found":"","latest_year":2019,"latest_detect":null,"coord_precision":"georeferenced_from_figure_~0.15mi","toc_latest":null,"toc_max":null,"program_number":"932019A","chems":[],"src":"DEC"}},{"type":"Feature","geometry":{"type":"Point","coordinates":[-79.0057,43.079518]},"properties":{"well_id":"OW687","site":"S-Area Landfill (Occidental Buffalo Ave Plant)","well_role":"intermediate/deep bedrock monitoring well","data_type":"NAPL/APL hydraulic + bedrock monitoring (no per-chemical suite)","n_found":0,"chemicals_found":"","latest_year":2019,"latest_detect":null,"coord_precision":"georeferenced_from_figure_~0.15mi","toc_latest":68.0,"toc_max":277.0,"program_number":"932019A","chems":[],"src":"DEC"}},{"type":"Feature","geometry":{"type":"Point","coordinates":[-79.004357,43.079725]},"properties":{"well_id":"OW691","site":"S-Area Landfill (Occidental Buffalo Ave Plant)","well_role":"shallow bedrock monitoring well","data_type":"NAPL/APL hydraulic + bedrock monitoring (no per-chemical suite)","n_found":0,"chemicals_found":"","latest_year":2019,"latest_detect":null,"coord_precision":"georeferenced_from_figure_~0.15mi","toc_latest":null,"toc_max":null,"program_number":"932019A","chems":[],"src":"DEC"}},{"type":"Feature","geometry":{"type":"Point","coordinates":[-79.010045,43.077228]},"properties":{"well_id":"OW692","site":"S-Area Landfill (Occidental Buffalo Ave Plant)","well_role":"shallow bedrock monitoring well","data_type":"NAPL/APL hydraulic + bedrock monitoring (no per-chemical suite)","n_found":0,"chemicals_found":"","latest_year":2019,"latest_detect":null,"coord_precision":"georeferenced_from_figure_~0.15mi","toc_latest":null,"toc_max":null,"program_number":"932019A","chems":[],"src":"DEC"}},{"type":"Feature","geometry":{"type":"Point","coordinates":[-79.009516,43.077191]},"properties":{"well_id":"OW693","site":"S-Area Landfill (Occidental Buffalo Ave Plant)","well_role":"intermediate/deep bedrock monitoring well","data_type":"NAPL/APL hydraulic + bedrock monitoring (no per-chemical suite)","n_found":0,"chemicals_found":"","latest_year":2019,"latest_detect":null,"coord_precision":"georeferenced_from_figure_~0.15mi","toc_latest":0.0,"toc_max":30.0,"program_number":"932019A","chems":[],"src":"DEC"}},{"type":"Feature","geometry":{"type":"Point","coordinates":[-79.007397,43.078841]},"properties":{"well_id":"OW694","site":"S-Area Landfill (Occidental Buffalo Ave Plant)","well_role":"intermediate/deep bedrock monitoring well","data_type":"NAPL/APL hydraulic + bedrock monitoring (no per-chemical suite)","n_found":0,"chemicals_found":"","latest_year":2019,"latest_detect":null,"coord_precision":"georeferenced_from_figure_~0.15mi","toc_latest":148.0,"toc_max":181.0,"program_number":"932019A","chems":[],"src":"DEC"}},{"type":"Feature","geometry":{"type":"Point","coordinates":[-79.005544,43.078415]},"properties":{"well_id":"OW695","site":"S-Area Landfill (Occidental Buffalo Ave Plant)","well_role":"intermediate/deep bedrock monitoring well","data_type":"NAPL/APL hydraulic + bedrock monitoring (no per-chemical suite)","n_found":0,"chemicals_found":"","latest_year":2019,"latest_detect":null,"coord_precision":"georeferenced_from_figure_~0.15mi","toc_latest":null,"toc_max":null,"program_number":"932019A","chems":[],"src":"DEC"}},{"type":"Feature","geometry":{"type":"Point","coordinates":[-79.005983,43.076776]},"properties":{"well_id":"OW696","site":"S-Area Landfill (Occidental Buffalo Ave Plant)","well_role":"intermediate/deep bedrock monitoring well","data_type":"NAPL/APL hydraulic + bedrock monitoring (no per-chemical suite)","n_found":0,"chemicals_found":"","latest_year":2019,"latest_detect":null,"coord_precision":"georeferenced_from_figure_~0.15mi","toc_latest":null,"toc_max":null,"program_number":"932019A","chems":[],"src":"DEC"}},{"type":"Feature","geometry":{"type":"Point","coordinates":[-79.006603,43.078943]},"properties":{"well_id":"OW697","site":"S-Area Landfill (Occidental Buffalo Ave Plant)","well_role":"intermediate/deep bedrock monitoring well","data_type":"NAPL/APL hydraulic + bedrock monitoring (no per-chemical suite)","n_found":0,"chemicals_found":"","latest_year":2019,"latest_detect":null,"coord_precision":"georeferenced_from_figure_~0.15mi","toc_latest":null,"toc_max":null,"program_number":"932019A","chems":[],"src":"DEC"}},{"type":"Feature","geometry":{"type":"Point","coordinates":[-79.007962,43.078583]},"properties":{"well_id":"OW699","site":"S-Area Landfill (Occidental Buffalo Ave Plant)","well_role":"intermediate/deep bedrock monitoring well","data_type":"NAPL/APL hydraulic + bedrock monitoring (no per-chemical suite)","n_found":0,"chemicals_found":"","latest_year":2019,"latest_detect":null,"coord_precision":"georeferenced_from_figure_~0.15mi","toc_latest":null,"toc_max":null,"program_number":"932019A","chems":[],"src":"DEC"}},{"type":"Feature","geometry":{"type":"Point","coordinates":[-79.004437,43.076514]},"properties":{"well_id":"OW800","site":"S-Area Landfill (Occidental Buffalo Ave Plant)","well_role":"intermediate/deep bedrock monitoring well","data_type":"NAPL/APL hydraulic + bedrock monitoring (no per-chemical suite)","n_found":0,"chemicals_found":"","latest_year":2019,"latest_detect":null,"coord_precision":"georeferenced_from_figure_~0.15mi","toc_latest":0.0,"toc_max":6.95,"program_number":"932019A","chems":[],"src":"DEC"}},{"type":"Feature","geometry":{"type":"Point","coordinates":[-79.010446,43.079824]},"properties":{"well_id":"OW801","site":"S-Area Landfill (Occidental Buffalo Ave Plant)","well_role":"shallow bedrock monitoring well","data_type":"NAPL/APL hydraulic + bedrock monitoring (no per-chemical suite)","n_found":0,"chemicals_found":"","latest_year":2019,"latest_detect":null,"coord_precision":"georeferenced_from_figure_~0.15mi","toc_latest":null,"toc_max":null,"program_number":"932019A","chems":[],"src":"DEC"}},{"type":"Feature","geometry":{"type":"Point","coordinates":[-79.013389,43.081769]},"properties":{"well_id":"OW802","site":"S-Area Landfill (Occidental Buffalo Ave Plant)","well_role":"shallow bedrock monitoring well","data_type":"NAPL/APL hydraulic + bedrock monitoring (no per-chemical suite)","n_found":0,"chemicals_found":"","latest_year":2019,"latest_detect":null,"coord_precision":"georeferenced_from_figure_~0.15mi","toc_latest":null,"toc_max":null,"program_number":"932019A","chems":[],"src":"DEC"}},{"type":"Feature","geometry":{"type":"Point","coordinates":[-79.01037,43.082364]},"properties":{"well_id":"OW803","site":"S-Area Landfill (Occidental Buffalo Ave Plant)","well_role":"shallow bedrock monitoring well","data_type":"NAPL/APL hydraulic + bedrock monitoring (no per-chemical suite)","n_found":0,"chemicals_found":"","latest_year":2019,"latest_detect":null,"coord_precision":"georeferenced_from_figure_~0.15mi","toc_latest":null,"toc_max":null,"program_number":"932019A","chems":[],"src":"DEC"}},{"type":"Feature","geometry":{"type":"Point","coordinates":[-79.00728,43.083106]},"properties":{"well_id":"OW804","site":"S-Area Landfill (Occidental Buffalo Ave Plant)","well_role":"shallow bedrock monitoring well","data_type":"NAPL/APL hydraulic + bedrock monitoring (no per-chemical suite)","n_found":0,"chemicals_found":"","latest_year":2019,"latest_detect":null,"coord_precision":"georeferenced_from_figure_~0.15mi","toc_latest":null,"toc_max":null,"program_number":"932019A","chems":[],"src":"DEC"}},{"type":"Feature","geometry":{"type":"Point","coordinates":[-79.008358,43.081853]},"properties":{"well_id":"OW805","site":"S-Area Landfill (Occidental Buffalo Ave Plant)","well_role":"shallow bedrock monitoring well","data_type":"NAPL/APL hydraulic + bedrock monitoring (no per-chemical suite)","n_found":0,"chemicals_found":"","latest_year":2019,"latest_detect":null,"coord_precision":"georeferenced_from_figure_~0.15mi","toc_latest":69.0,"toc_max":5554.0,"program_number":"932019A","chems":[],"src":"DEC"}},{"type":"Feature","geometry":{"type":"Point","coordinates":[-79.006315,43.076795]},"properties":{"well_id":"OW806","site":"S-Area Landfill (Occidental Buffalo Ave Plant)","well_role":"shallow bedrock monitoring well","data_type":"NAPL/APL hydraulic + bedrock monitoring (no per-chemical suite)","n_found":0,"chemicals_found":"","latest_year":2019,"latest_detect":null,"coord_precision":"georeferenced_from_figure_~0.15mi","toc_latest":2840.0,"toc_max":32740.0,"program_number":"932019A","chems":[],"src":"DEC"}}]}