{"type":"FeatureCollection","features":[{"type":"Feature","geometry":{"type":"Point","coordinates":[-78.8516,43.3121]},"properties":{"well_id":"21NYBCH-NY255107-01","name":"WILSON-TUSCARORA STATE PARK BEACH - WT-4","site_type":"BEACH Program Site-Great Lake","n_found":2,"chemicals_found":"Escherichia coli; Fecal Coliform","latest_year":2003,"latest_detect":2003,"nearest_hazard":"DAL Specialties Inc.","nearest_m":5394.3,"source_db":"STORET","chems":[],"src":"WQP"}},{"type":"Feature","geometry":{"type":"Point","coordinates":[-78.8514,43.3122]},"properties":{"well_id":"21NYBCH-NY255107-02","name":"WILSON-TUSCARORA STATE PARK BEACH - WT-3","site_type":"BEACH Program Site-Great Lake","n_found":2,"chemicals_found":"Escherichia coli; Fecal Coliform","latest_year":2019,"latest_detect":2019,"nearest_hazard":"DAL Specialties Inc.","nearest_m":5409.4,"source_db":"STORET","chems":[],"src":"WQP"}},{"type":"Feature","geometry":{"type":"Point","coordinates":[-78.71305,43.3394]},"properties":{"well_id":"21NYBCH-NY346072-01","name":"KRULL PARK (OLCOTT BEACH) - SHALLOW","site_type":"BEACH Program Site-Great Lake","n_found":3,"chemicals_found":"Enterococcus; Escherichia coli; Fecal Coliform","latest_year":2025,"latest_detect":2025,"nearest_hazard":"Noury Chemicals","nearest_m":3016.7,"source_db":"STORET","chems":[],"src":"WQP"}},{"type":"Feature","geometry":{"type":"Point","coordinates":[-78.713149,43.339553]},"properties":{"well_id":"21NYBCH-NY346072-02","name":"KRULL PARK (OLCOTT BEACH) - DEEP","site_type":"BEACH Program Site-Great Lake","n_found":1,"chemicals_found":"Escherichia coli","latest_year":2025,"latest_detect":2025,"nearest_hazard":"Noury Chemicals","nearest_m":3034.2,"source_db":"STORET","chems":[],"src":"WQP"}},{"type":"Feature","geometry":{"type":"Point","coordinates":[-78.713127,43.339467]},"properties":{"well_id":"21NYBCH-NY346072-03","name":"KRULL PARK (OLCOTT BEACH) - RIGHT","site_type":"BEACH Program Site-Great Lake","n_found":1,"chemicals_found":"Escherichia coli","latest_year":2012,"latest_detect":2012,"nearest_hazard":"Noury Chemicals","nearest_m":3024.5,"source_db":"STORET","chems":[],"src":"WQP"}},{"type":"Feature","geometry":{"type":"Point","coordinates":[-78.560583,43.367828]},"properties":{"well_id":"21NYBCH-NY441137-01","name":"CAMP KENAN","site_type":"BEACH Program Site-Great Lake","n_found":1,"chemicals_found":"Escherichia coli","latest_year":2025,"latest_detect":2025,"nearest_hazard":"Barker Chemical","nearest_m":4623.4,"source_db":"STORET","chems":[],"src":"WQP"}},{"type":"Feature","geometry":{"type":"Point","coordinates":[-79.063056,43.261111]},"properties":{"well_id":"21NYDECA-01010001","name":"NIAGARA RIVER in Fort Niagara","site_type":"River/Stream","n_found":46,"chemicals_found":"Alkalinity, Carbonate as CaCO3; Aluminum; Ammonia as NH3; Cadmium; Calcium; Chloride; Chlorodibromomethane; Chloroform; Chloromethane; Copper; Dichlorobromomethane; Dissolved oxygen (DO); Fecal Coliform; Fluoride; Hardness, Ca, Mg; Inorganic nitrogen (nitrate and nitrite) as N; Iron; Kjeldahl nitrogen; Lead; Magnesium; Manganese; Mercury; Methylene chloride; Nickel; Nitrate; Nitrite; Organic carbon; Orthophosphate as P; Petroleum phenols; Phosphate-phosphorus as P; Potassium; Sodium; Specific conductance; Sulfate as SO4; Temperature, water; Tetrachloroethylene; Total Coliform; Total dissolved solids; Total solids; Total suspended solids; Total volatile solids; Trichloroethylene; Turbidity; Vinyl chloride; Zinc; pH","latest_year":2007,"latest_detect":2007,"nearest_hazard":"Fort Niagara (FUDS - 3 sub-sites)","nearest_m":1071.8,"source_db":"STORET","chems":["Tetrachloroethene (PCE)","Vinyl chloride","Lead","Mercury","Cadmium","Chloroform / THMs"],"src":"WQP"}},{"type":"Feature","geometry":{"type":"Point","coordinates":[-78.9625,43.091944]},"properties":{"well_id":"21NYDECA-01012101B","name":"CAYUGA CREEK In Niagara Falls","site_type":"River/Stream","n_found":34,"chemicals_found":"Alkalinity, Carbonate as CaCO3; Aluminum; Ammonia as NH3; Cadmium; Calcium; Chloride; Copper; Dissolved oxygen (DO); Fecal Coliform; Fluoride; Hardness, Ca, Mg; Inorganic nitrogen (nitrate and nitrite) as N; Iron; Kjeldahl nitrogen; Lead; Magnesium; Manganese; Nickel; Nitrate; Nitrite; Phosphate-phosphorus as P; Potassium; Sodium; Specific conductance; Sulfate as SO4; Temperature, water; Total Coliform; Total dissolved solids; Total solids; Total suspended solids; Total volatile solids; Turbidity; Zinc; pH","latest_year":2001,"latest_detect":2001,"nearest_hazard":"Charles Gibson Site","nearest_m":157.6,"source_db":"STORET","chems":["Lead","Cadmium"],"src":"WQP"}},{"type":"Feature","geometry":{"type":"Point","coordinates":[-78.636389,43.093333]},"properties":{"well_id":"21NYDECA-01021020","name":"TONAWANDA CREEK IN Rapids","site_type":"River/Stream","n_found":36,"chemicals_found":"Alkalinity, Carbonate as CaCO3; Aluminum; Ammonia as NH3; Cadmium; Calcium; Chloride; Copper; Dissolved oxygen (DO); Fecal Coliform; Fluoride; Hardness, Ca, Mg; Inorganic nitrogen (nitrate and nitrite) as N; Iron; Kjeldahl nitrogen; Lead; Magnesium; Manganese; Mercury; Nickel; Nitrate; Nitrite; Orthophosphate as P; Phosphate-phosphorus as P; Potassium; Sodium; Specific conductance; Sulfate as SO4; Temperature, water; Total Coliform; Total dissolved solids; Total solids; Total suspended solids; Total volatile solids; Turbidity; Zinc; pH","latest_year":2006,"latest_detect":2006,"nearest_hazard":"6157 South Transit Road Site","nearest_m":5620.5,"source_db":"STORET","chems":["Lead","Mercury","Cadmium"],"src":"WQP"}},{"type":"Feature","geometry":{"type":"Point","coordinates":[-78.667222,43.100278]},"properties":{"well_id":"21NYDECA-01022303","name":"MUD CREEK IN RAYMOND","site_type":"River/Stream","n_found":36,"chemicals_found":"Alkalinity, Carbonate as CaCO3; Aluminum; Ammonia as NH3; Cadmium; Calcium; Chloride; Copper; Dissolved oxygen (DO); Fecal Coliform; Fluoride; Hardness, Ca, Mg; Inorganic nitrogen (nitrate and nitrite) as N; Iron; Kjeldahl nitrogen; Lead; Magnesium; Manganese; Mercury; Nickel; Nitrate; Nitrite; Orthophosphate as P; Phosphate-phosphorus as P; Potassium; Sodium; Specific conductance; Sulfate as SO4; Temperature, water; Total Coliform; Total dissolved solids; Total solids; Total suspended solids; Total volatile solids; Turbidity; Zinc; pH","latest_year":2006,"latest_detect":2006,"nearest_hazard":"6157 South Transit Road Site","nearest_m":3263.5,"source_db":"STORET","chems":["Lead","Mercury","Cadmium"],"src":"WQP"}},{"type":"Feature","geometry":{"type":"Point","coordinates":[-78.711667,43.277778]},"properties":{"well_id":"21NYDECA-03011205","name":"EIGHTEENMILE CREEK IN NEWFANE","site_type":"River/Stream","n_found":34,"chemicals_found":"Alkalinity, Carbonate as CaCO3; Aluminum; Ammonia as NH3; Cadmium; Calcium; Chloride; Copper; Dissolved oxygen (DO); Fecal Coliform; Fluoride; Hardness, Ca, Mg; Inorganic nitrogen (nitrate and nitrite) as N; Iron; Kjeldahl nitrogen; Lead; Magnesium; Manganese; Nickel; Nitrate; Nitrite; Phosphate-phosphorus as P; Potassium; Sodium; Specific conductance; Sulfate as SO4; Temperature, water; Total Coliform; Total dissolved solids; Total solids; Total suspended solids; Total volatile solids; Turbidity; Zinc; pH","latest_year":2001,"latest_detect":2001,"nearest_hazard":"Noury Chemicals","nearest_m":3834.6,"source_db":"STORET","chems":["Lead","Cadmium"],"src":"WQP"}},{"type":"Feature","geometry":{"type":"Point","coordinates":[-79.063056,43.261111]},"properties":{"well_id":"21NYDECA_WQX-01010001","name":"NIAGARA R. IN FT.NIAGARA","site_type":"River/Stream","n_found":52,"chemicals_found":"1,2-Dichloroethane; Alkalinity, total; Aluminum; Ammonia-nitrogen; Arsenic; Cadmium; Calcium; Chloride; Chlorodibromomethane; Chloroform; Chloromethane; Copper; Dichlorobromomethane; Dissolved oxygen (DO); Fecal Coliform; Fluoride; Hardness, Ca, Mg; Hardness, Calcium; Hardness, carbonate; Inorganic nitrogen (nitrate and nitrite) ***retired***use Nitrate + Nitrite; Iron; Kjeldahl nitrogen; Lead; Magnesium; Manganese; Mercury; Methylene chloride; Nickel; Nitrate; Nitrite; Nitrogen; Organic carbon; Orthophosphate; Phenols; Phosphorus; Potassium; Silver; Sodium; Specific conductance; Sulfate; Temperature, water; Tetrachloroethylene; Total Coliform; Total dissolved solids; Total solids; Total suspended solids; Total volatile solids; Trichloroethylene; Turbidity; Vinyl chloride; Zinc; p-Bromofluorobenzene","latest_year":2013,"latest_detect":2013,"nearest_hazard":"Fort Niagara (FUDS - 3 sub-sites)","nearest_m":1071.8,"source_db":"STORET","chems":["Tetrachloroethene (PCE)","Vinyl chloride","Arsenic","Lead","Mercury","Cadmium","Chloroform / THMs","1,2-Dichloroethane"],"src":"WQP"}},{"type":"Feature","geometry":{"type":"Point","coordinates":[-79.007,43.2577]},"properties":{"well_id":"21NYDECA_WQX-03011601","name":"Foourmile Creek","site_type":"River/Stream","n_found":38,"chemicals_found":"Alkalinity, total; Aluminum; Ammonia-nitrogen; Arsenic; Cadmium; Calcium; Chloride; Copper; Dissolved oxygen (DO); Fecal Coliform; Fluoride; Hardness, Ca, Mg; Inorganic nitrogen (nitrate and nitrite) ***retired***use Nitrate + Nitrite; Iron; Kjeldahl nitrogen; Lead; Magnesium; Manganese; Mercury; Nickel; Nitrate; Nitrite; Organic carbon; Orthophosphate; Phosphorus; Potassium; Silver; Sodium; Specific conductance; Sulfate; Temperature, water; Total Coliform; Total dissolved solids; Total solids; Total suspended solids; Total volatile solids; Turbidity; Zinc","latest_year":2011,"latest_detect":2011,"nearest_hazard":"Air Force Plant No. 68 (AFPLT 68)","nearest_m":1086.0,"source_db":"STORET","chems":["Arsenic","Lead","Mercury","Cadmium"],"src":"WQP"}},{"type":"Feature","geometry":{"type":"Point","coordinates":[-78.638021,43.095496]},"properties":{"well_id":"21NYDECA_WQX-375","name":"01-TONA-19.4","site_type":"River/Stream","n_found":13,"chemicals_found":"Atrazine; Benzeneacetic acid, .alpha.-methyl-4-(2-methylpropyl)-; Caffeine; Carbamazepine; Gemfibrozil; N,N-Diethyl-m-toluamide; Naproxen; Perfluorobutanoic acid; Perfluorohexanoic acid; Phenytoin; Sucralose; Sulfamethoxazole; Trimethoprim","latest_year":2021,"latest_detect":2021,"nearest_hazard":"6157 South Transit Road Site","nearest_m":5371.9,"source_db":"STORET","chems":["PFAS (PFOA/PFOS)","Atrazine"],"src":"WQP"}},{"type":"Feature","geometry":{"type":"Point","coordinates":[-78.71185,43.27785]},"properties":{"well_id":"21NYDECA_WQX-728","name":"03-EMIL-5.1","site_type":"River/Stream","n_found":23,"chemicals_found":"4,4'-Isopropylidenediphenol; Acetaminophen; Atrazine; Benzeneacetic acid, .alpha.-methyl-4-(2-methylpropyl)-; Caffeine; Carbamazepine; Diclofenac; Ethinyl estradiol; Gemfibrozil; Hydrocodone; Meprobamate; N,N-Diethyl-m-toluamide; Naproxen; Perfluorobutanesulfonic acid; Perfluorobutanoic acid; Perfluoroheptanoic acid; Perfluorohexanoic acid; Perfluorooctane sulfonic acid; Perfluorooctanoic acid; Perfluorovaleric acid; Phenytoin; Sucralose; Sulfamethoxazole","latest_year":2021,"latest_detect":2021,"nearest_hazard":"Noury Chemicals","nearest_m":3826.8,"source_db":"STORET","chems":["PFAS (PFOA/PFOS)","Atrazine"],"src":"WQP"}},{"type":"Feature","geometry":{"type":"Point","coordinates":[-79.051793,43.228233]},"properties":{"well_id":"21NYDECA_WQX-79","name":"01-NIAG-2.6","site_type":"River/Stream","n_found":3,"chemicals_found":"Perfluorohexanoic acid; Perfluorooctane sulfonic acid; Perfluorooctanoic acid","latest_year":2021,"latest_detect":2021,"nearest_hazard":"Youngstown Cold Storage","nearest_m":1884.5,"source_db":"STORET","chems":["PFAS (PFOA/PFOS)"],"src":"WQP"}},{"type":"Feature","geometry":{"type":"Point","coordinates":[-79.053206,43.214337]},"properties":{"well_id":"21NYDECA_WQX-84","name":"01-NIAG-3.4","site_type":"River/Stream","n_found":2,"chemicals_found":"Perfluorohexanoic acid; Perfluorooctane sulfonic acid","latest_year":2021,"latest_detect":2021,"nearest_hazard":"Youngstown Cold Storage","nearest_m":3428.4,"source_db":"STORET","chems":["PFAS (PFOA/PFOS)"],"src":"WQP"}},{"type":"Feature","geometry":{"type":"Point","coordinates":[-78.916952,43.181362]},"properties":{"well_id":"21NYDECA_WQX-BONDL_080190_DH","name":"BOND LAKE DEEP HOLE","site_type":"Lake","n_found":16,"chemicals_found":"Alkalinity, total; Ammonia-nitrogen; Apparent color; Calcium; Chlorophyll a; Depth, Secchi disk depth; Inorganic nitrogen (nitrate and nitrite) ***retired***use Nitrate + Nitrite; Kjeldahl nitrogen; Magnesium; Nitrogen; Organic carbon; Phosphorus; Potassium; Sodium; Specific conductance; True color","latest_year":2015,"latest_detect":2015,"nearest_hazard":"Nike Battery NF-16","nearest_m":5544.9,"source_db":"STORET","chems":[],"src":"WQP"}},{"type":"Feature","geometry":{"type":"Point","coordinates":[-79.02356,43.096161]},"properties":{"well_id":"21NYDECA_WQX-HYDEPARKL_100001_DH","name":"HYDE PARK LAKE DEEP HOLE","site_type":"Lake","n_found":13,"chemicals_found":"Alkalinity, total; Ammonia-nitrogen; Apparent color; Calcium; Chlorophyll a; Depth, Secchi disk depth; Inorganic nitrogen (nitrate and nitrite) ***retired***use Nitrate + Nitrite; Magnesium; Nitrogen; Phosphorus; Potassium; Sodium; Specific conductance","latest_year":2005,"latest_detect":2005,"nearest_hazard":"NFSS Vicinity Property Anomaly CC (City of Niagara Falls)","nearest_m":317.2,"source_db":"STORET","chems":[],"src":"WQP"}},{"type":"Feature","geometry":{"type":"Point","coordinates":[-79.034351,43.215234]},"properties":{"well_id":"21NYDECA_WQX-JOEDAVISNEP_100191_P","name":"JOE DAVIS NE PARK POND  AT JD SP","site_type":"Lake","n_found":1,"chemicals_found":"Phosphorus","latest_year":2015,"latest_detect":2015,"nearest_hazard":"Youngstown Cold Storage","nearest_m":3477.5,"source_db":"STORET","chems":[],"src":"WQP"}},{"type":"Feature","geometry":{"type":"Point","coordinates":[-79.0446,43.213503]},"properties":{"well_id":"21NYDECA_WQX-JOEDAVISP_100191_P","name":"JOSEPH DAVIS POND (WESTERN POND NEAR PARKING AREA) AT JD SP","site_type":"Lake","n_found":1,"chemicals_found":"Phosphorus","latest_year":2015,"latest_detect":2015,"nearest_hazard":"Youngstown Cold Storage","nearest_m":3502.8,"source_db":"STORET","chems":[],"src":"WQP"}},{"type":"Feature","geometry":{"type":"Point","coordinates":[-79.034482,43.213486]},"properties":{"well_id":"21NYDECA_WQX-JOEDAVISSEP_100191_P","name":"JOE DAVIS SE PARK POND  AT JD SP","site_type":"Lake","n_found":1,"chemicals_found":"Phosphorus","latest_year":2015,"latest_detect":2015,"nearest_hazard":"Youngstown Cold Storage","nearest_m":3659.1,"source_db":"STORET","chems":[],"src":"WQP"}},{"type":"Feature","geometry":{"type":"Point","coordinates":[-78.902979,43.091912]},"properties":{"well_id":"21NYDECA_WQX-OPPEHEIMPKP_100001_O","name":"OPPENHEIM PARK POND NEAR OUTLET","site_type":"Lake","n_found":8,"chemicals_found":"Alkalinity, total; Ammonia-nitrogen; Chlorophyll a; Inorganic nitrogen (nitrate and nitrite) ***retired***use Nitrate + Nitrite; Kjeldahl nitrogen; Organic carbon; Phosphorus; True color","latest_year":2015,"latest_detect":2015,"nearest_hazard":"Safety-Kleen Corp Niagara Falls","nearest_m":321.9,"source_db":"STORET","chems":[],"src":"WQP"}},{"type":"Feature","geometry":{"type":"Point","coordinates":[-79.002585,43.307234]},"properties":{"well_id":"EPA_GLNPO-ON22N","name":"ON22N","site_type":"Great Lake","n_found":3,"chemicals_found":"Depth, Secchi disk depth; Temperature, water; Wave height","latest_year":2023,"latest_detect":2023,"nearest_hazard":"Air Force Plant No. 68 (AFPLT 68)","nearest_m":5434.3,"source_db":"STORET","chems":[],"src":"WQP"}},{"type":"Feature","geometry":{"type":"Point","coordinates":[-79.128201,43.439259]},"properties":{"well_id":"EPA_GLNPO-ON24N","name":"CSMI 2018 station 24","site_type":"Great Lake","n_found":2,"chemicals_found":"Temperature, water; Wave height","latest_year":2018,"latest_detect":2018,"nearest_hazard":"Fort Niagara (FUDS - 3 sub-sites)","nearest_m":20510.0,"source_db":"STORET","chems":[],"src":"WQP"}},{"type":"Feature","geometry":{"type":"Point","coordinates":[-78.774414,43.596605]},"properties":{"well_id":"EPA_GLNPO-ON33M","name":"ON33M","site_type":"Great Lake","n_found":67,"chemicals_found":"Actual Number of Individuals Measured; Alkalinity, total; Ammonia-nitrogen; Area scanned; Beam Attenuation (Seabird); Biomass; Biomass, mysid; Biovolume per individual; Calcium; Cell Volume; Chamber area; Chloride; Chlorophyll a; Chlorophyll a (probe relative fluorescence); Conductivity; Count; Dead centric diatoms; Dead pennate diatoms; Density; Depth; Depth, Secchi disk depth; Diameter; Diatom conversion factor; Dissolved oxygen (DO); Individuals examined, actual number; Individuals examined, embryos; Individuals examined, no gravid; Inorganic nitrogen (nitrate and nitrite) ***retired***use Nitrate + Nitrite; Irradiance (Seabird); Kjeldahl nitrogen; Length; Length evaluation, subset; Length, total; Live centric diatoms; Live pennate diatoms; Magnesium; Manganese; Micrometer Conversion Factor, crustaceans; Micrometer Conversion Factor, rotifers; Micrometer units; Nitrate + Nitrite; Nitrogen; Number of individuals***retired***use Individuals examined, actual number; Number of valves; Organic carbon; Orthophosphate; Phosphorus; Potassium; SPAR; Silica; Sodium; Specific conductance; Split Count; Subsample_A; Subsample_B; Temperature, water; Total Nitrogen, mixed forms; Total Phosphorus, mixed forms; Total hardness; Total suspended solids; Transmittance, Horizontal; Turbidity; Utermohl concentration factor; Volume settled; Wave height; Width; relative biovolume","latest_year":2023,"latest_detect":2023,"nearest_hazard":"Noury Chemicals","nearest_m":32002.8,"source_db":"STORET","chems":[],"src":"WQP"}},{"type":"Feature","geometry":{"type":"Point","coordinates":[-78.759292,43.461225]},"properties":{"well_id":"EPA_GLNPO-ON34N","name":"CSMI 2018 station 34","site_type":"Great Lake","n_found":1,"chemicals_found":"Temperature, water","latest_year":2018,"latest_detect":2018,"nearest_hazard":"Noury Chemicals","nearest_m":17003.7,"source_db":"STORET","chems":[],"src":"WQP"}},{"type":"Feature","geometry":{"type":"Point","coordinates":[-78.729483,43.37445]},"properties":{"well_id":"EPA_GLNPO-ON3528N","name":"ON3528N","site_type":"Great Lake","n_found":3,"chemicals_found":"Depth, Secchi disk depth; Temperature, water; Wave height","latest_year":2023,"latest_detect":2023,"nearest_hazard":"Noury Chemicals","nearest_m":7067.2,"source_db":"STORET","chems":[],"src":"WQP"}},{"type":"Feature","geometry":{"type":"Point","coordinates":[-78.7292,43.361875]},"properties":{"well_id":"EPA_GLNPO-ON35N","name":"CSMI 2018 station 35","site_type":"Great Lake","n_found":1,"chemicals_found":"Temperature, water","latest_year":2018,"latest_detect":2018,"nearest_hazard":"Noury Chemicals","nearest_m":5703.7,"source_db":"STORET","chems":[],"src":"WQP"}},{"type":"Feature","geometry":{"type":"Point","coordinates":[-78.675574,43.352269]},"properties":{"well_id":"EPA_GLNPO-ON67B","name":"ON67B","site_type":"Great Lake","n_found":23,"chemicals_found":"Alkalinity, total; Beam Attenuation (Seabird); Chloride; Chlorophyll a; Chlorophyll a (probe relative fluorescence); Conductivity; Count; Density; Depth, Secchi disk depth; Dissolved oxygen (DO); Inorganic nitrogen (nitrate and nitrite) ***retired***use Nitrate + Nitrite; Irradiance (Seabird); Nitrate + Nitrite; Nitrogen; Orthophosphate; Phosphorus; SPAR; Silica; Specific conductance; Temperature, water; Transmittance, Horizontal; Turbidity; Wave height","latest_year":2023,"latest_detect":2023,"nearest_hazard":"AKZO Chemicals Inc.","nearest_m":5158.3,"source_db":"STORET","chems":[],"src":"WQP"}},{"type":"Feature","geometry":{"type":"Point","coordinates":[-78.849999,43.318061]},"properties":{"well_id":"EPA_GLNPO-ON69B","name":"ON69B","site_type":"Great Lake","n_found":23,"chemicals_found":"Alkalinity, total; Beam Attenuation (Seabird); Chloride; Chlorophyll a; Chlorophyll a (probe relative fluorescence); Conductivity; Count; Density; Depth, Secchi disk depth; Dissolved oxygen (DO); Inorganic nitrogen (nitrate and nitrite) ***retired***use Nitrate + Nitrite; Irradiance (Seabird); Nitrate + Nitrite; Nitrogen; Orthophosphate; Phosphorus; SPAR; Silica; Specific conductance; Temperature, water; Transmittance, Horizontal; Turbidity; Wave height","latest_year":2023,"latest_detect":2023,"nearest_hazard":"DAL Specialties Inc.","nearest_m":6067.3,"source_db":"STORET","chems":[],"src":"WQP"}},{"type":"Feature","geometry":{"type":"Point","coordinates":[-78.868008,43.32705]},"properties":{"well_id":"EPA_GLNPO-ON93AN","name":"CSMI 2018 station 93A","site_type":"Great Lake","n_found":1,"chemicals_found":"Temperature, water","latest_year":2018,"latest_detect":2018,"nearest_hazard":"DAL Specialties Inc.","nearest_m":6856.8,"source_db":"STORET","chems":[],"src":"WQP"}},{"type":"Feature","geometry":{"type":"Point","coordinates":[-78.7163,43.33387]},"properties":{"well_id":"MAMIN_WQX-EIG","name":"Eighteen Mile Creek","site_type":"River/Stream","n_found":5,"chemicals_found":"Conductivity; Mercury; Polychlorinated biphenyls; Temperature, water; Total suspended solids","latest_year":2008,"latest_detect":2008,"nearest_hazard":"Noury Chemicals","nearest_m":2436.1,"source_db":"STORET","chems":["Mercury","PCBs"],"src":"WQP"}},{"type":"Feature","geometry":{"type":"Point","coordinates":[-78.85675,43.30812]},"properties":{"well_id":"MAMIN_WQX-TWE","name":"Twelve Mile Creek","site_type":"River/Stream","n_found":5,"chemicals_found":"Conductivity; Mercury; Polychlorinated biphenyls; Temperature, water; Total suspended solids","latest_year":2008,"latest_detect":2008,"nearest_hazard":"DAL Specialties Inc.","nearest_m":4864.1,"source_db":"STORET","chems":["Mercury","PCBs"],"src":"WQP"}},{"type":"Feature","geometry":{"type":"Point","coordinates":[-78.51,43.12]},"properties":{"well_id":"NARS-OWW04440-0383","name":"Mud Creek","site_type":"River/Stream","n_found":15,"chemicals_found":"Ammonia-nitrogen as N; Calcium; Carbon; Chloride; Magnesium; Nitrate as N; Organic carbon; Potassium; Silica; Sodium; Sulfate as S; Total suspended solids; True color; Turbidity; pH","latest_year":2004,"latest_detect":2004,"nearest_hazard":"Royalton Town Landfill","nearest_m":9168.7,"source_db":"STORET","chems":[],"src":"WQP"}},{"type":"Feature","geometry":{"type":"Point","coordinates":[-78.70219,43.35843]},"properties":{"well_id":"NARS_WQX-NCCAGL10-1183","name":"NCCAGL10-1183","site_type":"Other-Surface Water","n_found":12,"chemicals_found":"Ammonia; Chlorophyll a; Conductivity; Dissolved oxygen (DO); Inorganic nitrogen (nitrate and nitrite) ***retired***use Nitrate + Nitrite; Inorganic phosphorus; Light attenuation coefficient; Light, photosynthetic active radiation (PAR); Light, photosynthetic active radiation at depth (PAR); Nitrogen; Phosphorus; Temperature","latest_year":2010,"latest_detect":2010,"nearest_hazard":"AKZO Chemicals Inc.","nearest_m":5141.3,"source_db":"STORET","chems":[],"src":"WQP"}},{"type":"Feature","geometry":{"type":"Point","coordinates":[-78.889,43.31196]},"properties":{"well_id":"NARS_WQX-NCCAGL10-1187","name":"NCCAGL10-1187","site_type":"Other-Surface Water","n_found":13,"chemicals_found":"Ammonia; Chlorophyll a; Conductivity; Depth, Secchi disk depth; Dissolved oxygen (DO); Inorganic nitrogen (nitrate and nitrite) ***retired***use Nitrate + Nitrite; Inorganic phosphorus; Light attenuation coefficient; Light, photosynthetic active radiation (PAR); Light, photosynthetic active radiation at depth (PAR); Nitrogen; Phosphorus; Temperature","latest_year":2010,"latest_detect":2010,"nearest_hazard":"DAL Specialties Inc.","nearest_m":5415.6,"source_db":"STORET","chems":[],"src":"WQP"}},{"type":"Feature","geometry":{"type":"Point","coordinates":[-78.809,43.3345]},"properties":{"well_id":"NARS_WQX-NCCAGL10-1197","name":"NCCAGL10-1197","site_type":"Other-Surface Water","n_found":13,"chemicals_found":"Ammonia; Chlorophyll a; Conductivity; Depth, Secchi disk depth; Dissolved oxygen (DO); Inorganic nitrogen (nitrate and nitrite) ***retired***use Nitrate + Nitrite; Inorganic phosphorus; Light attenuation coefficient; Light, photosynthetic active radiation (PAR); Light, photosynthetic active radiation at depth (PAR); Nitrogen; Phosphorus; Temperature","latest_year":2010,"latest_detect":2010,"nearest_hazard":"Noury Chemicals","nearest_m":8324.2,"source_db":"STORET","chems":[],"src":"WQP"}},{"type":"Feature","geometry":{"type":"Point","coordinates":[-78.59543,43.38011]},"properties":{"well_id":"NARS_WQX-NCCAGL10-1200","name":"NCCAGL10-1200","site_type":"Other-Surface Water","n_found":13,"chemicals_found":"Ammonia; Chlorophyll a; Conductivity; Depth, Secchi disk depth; Dissolved oxygen (DO); Inorganic nitrogen (nitrate and nitrite) ***retired***use Nitrate + Nitrite; Inorganic phosphorus; Light attenuation coefficient; Light, photosynthetic active radiation (PAR); Light, photosynthetic active radiation at depth (PAR); Nitrogen; Phosphorus; Temperature","latest_year":2010,"latest_detect":2010,"nearest_hazard":"Barker Chemical","nearest_m":6569.8,"source_db":"STORET","chems":[],"src":"WQP"}},{"type":"Feature","geometry":{"type":"Point","coordinates":[-79.04195,43.2921]},"properties":{"well_id":"NARS_WQX-NCCAGL10-1216","name":"NCCAGL10-1216","site_type":"Other-Surface Water","n_found":13,"chemicals_found":"Ammonia; Chlorophyll a; Conductivity; Depth, Secchi disk depth; Dissolved oxygen (DO); Inorganic nitrogen (nitrate and nitrite) ***retired***use Nitrate + Nitrite; Inorganic phosphorus; Light attenuation coefficient; Light, photosynthetic active radiation (PAR); Light, photosynthetic active radiation at depth (PAR); Nitrogen; Phosphorus; Temperature","latest_year":2010,"latest_detect":2010,"nearest_hazard":"Fort Niagara (FUDS - 3 sub-sites)","nearest_m":3237.7,"source_db":"STORET","chems":[],"src":"WQP"}},{"type":"Feature","geometry":{"type":"Point","coordinates":[-78.96755,43.31064]},"properties":{"well_id":"NARS_WQX-NCCAGL10-1220","name":"NCCAGL10-1220","site_type":"Other-Surface Water","n_found":13,"chemicals_found":"Ammonia; Chlorophyll a; Conductivity; Depth, Secchi disk depth; Dissolved oxygen (DO); Inorganic nitrogen (nitrate and nitrite) ***retired***use Nitrate + Nitrite; Inorganic phosphorus; Light attenuation coefficient; Light, photosynthetic active radiation (PAR); Light, photosynthetic active radiation at depth (PAR); Nitrogen; Phosphorus; Temperature","latest_year":2010,"latest_detect":2010,"nearest_hazard":"Air Force Plant No. 68 (AFPLT 68)","nearest_m":7054.5,"source_db":"STORET","chems":[],"src":"WQP"}},{"type":"Feature","geometry":{"type":"Point","coordinates":[-78.702812,43.358201]},"properties":{"well_id":"NARS_WQX-NGL_NY-10013","name":"NGL_NY-10013","site_type":"Ocean","n_found":19,"chemicals_found":"Absorbance at 280 nm; Ammonia; Chloride; Chlorophyll a; Conductivity; Depth, Secchi disk depth; Dissolved oxygen (DO); Inorganic nitrogen***retired***use Inorganic nitrogen (NO2, NO3, & NH3); Light, photosynthetic active radiation (PAR); Light, photosynthetic active radiation at depth (PAR); Light, transmissivity; Nitrate; Nitrite; Orthophosphate; Specific conductance; Sulfate; Temperature; Total Nitrogen, mixed forms; Total Phosphorus, mixed forms","latest_year":2015,"latest_detect":2015,"nearest_hazard":"AKZO Chemicals Inc.","nearest_m":5111.5,"source_db":"STORET","chems":[],"src":"WQP"}},{"type":"Feature","geometry":{"type":"Point","coordinates":[-78.88906,43.31225]},"properties":{"well_id":"NARS_WQX-NGL_NY-10017","name":"NGL_NY-10017","site_type":"Ocean","n_found":20,"chemicals_found":"Absorbance at 280 nm; Ammonia; Chloride; Chlorophyll a; Conductivity; Depth, Secchi disk depth; Dissolved oxygen (DO); Enterococcus; Inorganic nitrogen***retired***use Inorganic nitrogen (NO2, NO3, & NH3); Light, photosynthetic active radiation (PAR); Light, photosynthetic active radiation at depth (PAR); Light, transmissivity; Nitrate; Nitrite; Orthophosphate; Specific conductance; Sulfate; Temperature; Total Nitrogen, mixed forms; Total Phosphorus, mixed forms","latest_year":2015,"latest_detect":2015,"nearest_hazard":"DAL Specialties Inc.","nearest_m":5447.8,"source_db":"STORET","chems":[],"src":"WQP"}},{"type":"Feature","geometry":{"type":"Point","coordinates":[-78.80944,43.33467]},"properties":{"well_id":"NARS_WQX-NGL_NY-10027","name":"NGL_NY-10027","site_type":"Ocean","n_found":19,"chemicals_found":"Absorbance at 280 nm; Ammonia; Chloride; Chlorophyll a; Conductivity; Depth, Secchi disk depth; Dissolved oxygen (DO); Inorganic nitrogen***retired***use Inorganic nitrogen (NO2, NO3, & NH3); Light, photosynthetic active radiation (PAR); Light, photosynthetic active radiation at depth (PAR); Light, transmissivity; Nitrate; Nitrite; Orthophosphate; Specific conductance; Sulfate; Temperature; Total Nitrogen, mixed forms; Total Phosphorus, mixed forms","latest_year":2015,"latest_detect":2015,"nearest_hazard":"Noury Chemicals","nearest_m":8363.9,"source_db":"STORET","chems":[],"src":"WQP"}},{"type":"Feature","geometry":{"type":"Point","coordinates":[-78.595295,43.380023]},"properties":{"well_id":"NARS_WQX-NGL_NY-10030","name":"NGL_NY-10030","site_type":"Ocean","n_found":19,"chemicals_found":"Absorbance at 280 nm; Ammonia; Chloride; Chlorophyll a; Conductivity; Depth, Secchi disk depth; Dissolved oxygen (DO); Inorganic nitrogen***retired***use Inorganic nitrogen (NO2, NO3, & NH3); Light, photosynthetic active radiation (PAR); Light, photosynthetic active radiation at depth (PAR); Light, transmissivity; Nitrate; Nitrite; Orthophosphate; Specific conductance; Sulfate; Temperature; Total Nitrogen, mixed forms; Total Phosphorus, mixed forms","latest_year":2015,"latest_detect":2015,"nearest_hazard":"Barker Chemical","nearest_m":6556.5,"source_db":"STORET","chems":[],"src":"WQP"}},{"type":"Feature","geometry":{"type":"Point","coordinates":[-78.793722,43.348356]},"properties":{"well_id":"NARS_WQX-NGL_NY-10095","name":"NGL_NY-10095","site_type":"Ocean","n_found":19,"chemicals_found":"Absorbance at 280 nm; Ammonia; Chloride; Chlorophyll a; Conductivity; Depth, Secchi disk depth; Dissolved oxygen (DO); Inorganic nitrogen***retired***use Inorganic nitrogen (NO2, NO3, & NH3); Light, photosynthetic active radiation (PAR); Light, photosynthetic active radiation at depth (PAR); Light, transmissivity; Nitrate; Nitrite; Orthophosphate; Specific conductance; Sulfate; Temperature; Total Nitrogen, mixed forms; Total Phosphorus, mixed forms","latest_year":2015,"latest_detect":2015,"nearest_hazard":"Noury Chemicals","nearest_m":7815.5,"source_db":"STORET","chems":[],"src":"WQP"}},{"type":"Feature","geometry":{"type":"Point","coordinates":[-78.59714,43.36682]},"properties":{"well_id":"NARS_WQX-NGL_NY-10099","name":"NGL_NY-10099","site_type":"Ocean","n_found":19,"chemicals_found":"Absorbance at 280 nm; Ammonia; Chloride; Chlorophyll a; Conductivity; Depth, Secchi disk depth; Dissolved oxygen (DO); Inorganic nitrogen***retired***use Inorganic nitrogen (NO2, NO3, & NH3); Light, photosynthetic active radiation (PAR); Light, photosynthetic active radiation at depth (PAR); Light, transmissivity; Nitrate; Nitrite; Orthophosphate; Specific conductance; Sulfate; Temperature; Total Nitrogen, mixed forms; Total Phosphorus, mixed forms","latest_year":2015,"latest_detect":2015,"nearest_hazard":"Barker Chemical","nearest_m":5332.4,"source_db":"STORET","chems":[],"src":"WQP"}},{"type":"Feature","geometry":{"type":"Point","coordinates":[-79.068205,43.305517]},"properties":{"well_id":"NARS_WQX-NGL_NY-10113","name":"NGL_NY-10113","site_type":"Ocean","n_found":20,"chemicals_found":"Absorbance at 280 nm; Ammonia; Chloride; Chlorophyll a; Conductivity; Depth, Secchi disk depth; Dissolved oxygen (DO); Enterococcus; Inorganic nitrogen***retired***use Inorganic nitrogen (NO2, NO3, & NH3); Light, photosynthetic active radiation (PAR); Light, photosynthetic active radiation at depth (PAR); Light, transmissivity; Nitrate; Nitrite; Orthophosphate; Specific conductance; Sulfate; Temperature; Total Nitrogen, mixed forms; Total Phosphorus, mixed forms","latest_year":2015,"latest_detect":2015,"nearest_hazard":"Fort Niagara (FUDS - 3 sub-sites)","nearest_m":4877.9,"source_db":"STORET","chems":[],"src":"WQP"}},{"type":"Feature","geometry":{"type":"Point","coordinates":[-78.512015,43.123117]},"properties":{"well_id":"NARS_WQX-OWW04440-0383","name":"MUD CREEK","site_type":"River/Stream","n_found":27,"chemicals_found":"Alkalinity, total; Ammonium; Bicarbonate; Calcium; Carbonate; Chloride; Conductivity; Gran acid neutralizing capacity; Hydrogen; Hydroxide; Inorganic carbon; Ionic strength; Magnesium; Nitrate; Nitrogen; Organic anions; Organic carbon; Phosphorus; Potassium; Silica; Sodium; Sulfate; Sum of anions; Sum of cations; Total suspended solids; True color; Turbidity","latest_year":2004,"latest_detect":2004,"nearest_hazard":"Royalton Town Landfill","nearest_m":8858.0,"source_db":"STORET","chems":[],"src":"WQP"}},{"type":"Feature","geometry":{"type":"Point","coordinates":[-78.636167,43.0935]},"properties":{"well_id":"USGS-04218000","name":"TONAWANDA CREEK AT RAPIDS NY","site_type":"Stream","n_found":89,"chemicals_found":".beta.-Sitosterol; 1,3,4,6,7,8-Hexahydro-4,6,6,7,8,8-hexamethylcyclopenta[g]-2-benzopyran; 2,4,5-T; 2,4-D; 2-Chloro-4-isopropylamino-6-amino-s-triazine; 2-Hydroxyatrazine; 3-Methylindole; 5-Tolyltriazole; Acidity, (H+); Alachlor; Alachlor ESA; Alkalinity; Ammonia and ammonium; Anthraquinone; Atrazine; Barban; Barometric pressure; Benzo[a]pyrene; Bicarbonate; Caffeine; Calcium; Camphor; Carbazole; Carbon dioxide; Chloride; Chlorophyll a; Cholesterol; Color; Coprosterol; Cotinine; Cyanazine; Decafluorobiphenyl; Fluoranthene; Fluoride; Hardness, Ca, Mg; Hardness, non-carbonate; Height, gage; Indole; Inorganic nitrogen (nitrate and nitrite); Iron; Isophorone; Kjeldahl nitrogen; MBAS; Magnesium; Manganese; Metalaxyl; Metochlor ESA; Metolachlor; Metolachlor OA; N,N-Diethyl-m-toluamide; Nitrate; Nitrite; Nitrogen, mixed forms (NH3), (NH4), organic, (NO2) and (NO3); Number of sampling points; Organic Nitrogen; Orthophosphate; Oxygen; Phenanthrene; Pheophytin a; Phosphorus; Potassium; Prometon; Pyrene; S-Ethyl dipropylthiocarbamate; Sediment; Silica; Simazine; Sodium; Sodium adsorption ratio [(Na)/(sq root of 1/2 Ca + Mg)]; Sodium, percent total cations; Specific conductance; Stream flow; Stream flow, instantaneous; Stream width measure; Sulfate; Suspended Sediment Concentration (SSC); Suspended Sediment Discharge; Temperature, air; Temperature, water; Terbuthylazine; Total dissolved solids; Total solids; Total volatile solids; Transparency, tube with disk; Tris(1,3-dichloro-2-propyl)phosphate; Tris(2-butoxyethyl) phosphate; Tris(2-chloroethyl) phosphate; Turbidity; pH","latest_year":2019,"latest_detect":2019,"nearest_hazard":"6157 South Transit Road Site","nearest_m":5624.1,"source_db":"NWIS","chems":["Benzo(a)pyrene","Atrazine"],"src":"WQP"}},{"type":"Feature","geometry":{"type":"Point","coordinates":[-78.518081,43.120336]},"properties":{"well_id":"USGS-04218035","name":"MUD CREEK AT WOLCOTTSVILLE NY","site_type":"Stream","n_found":26,"chemicals_found":"Acidity, (H+); Alkalinity; Bicarbonate; Calcium; Carbon dioxide; Chloride; Color; Fluoride; Hardness, Ca, Mg; Hardness, non-carbonate; Iron; Magnesium; Manganese; Nitrate; Potassium; Silica; Sodium; Sodium adsorption ratio [(Na)/(sq root of 1/2 Ca + Mg)]; Sodium, percent total cations; Specific conductance; Stream flow; Sulfate; Temperature, water; Total dissolved solids; Total volatile solids; pH","latest_year":1964,"latest_detect":1964,"nearest_hazard":"Royalton Town Landfill","nearest_m":9266.9,"source_db":"NWIS","chems":[],"src":"WQP"}},{"type":"Feature","geometry":{"type":"Point","coordinates":[-78.739444,43.052222]},"properties":{"well_id":"USGS-04218200","name":"RANSOM CREEK NEAR WENDELVILLE NY","site_type":"Stream","n_found":28,"chemicals_found":"Acidity, (H+); Alkalinity; Ammonia and ammonium; Bicarbonate; Calcium; Carbon dioxide; Chloride; Fluoride; Hardness, Ca, Mg; Hardness, non-carbonate; Height, gage; Iron; Magnesium; Manganese; Nitrate; Nitrite; Potassium; Silica; Sodium; Sodium adsorption ratio [(Na)/(sq root of 1/2 Ca + Mg)]; Sodium, percent total cations; Specific conductance; Stream flow; Sulfate; Temperature, air; Temperature, water; Total dissolved solids; pH","latest_year":1972,"latest_detect":1972,"nearest_hazard":"Botanical Gardens","nearest_m":7374.6,"source_db":"NWIS","chems":[],"src":"WQP"}},{"type":"Feature","geometry":{"type":"Point","coordinates":[-78.733644,43.08478]},"properties":{"well_id":"USGS-04218590","name":"ERIE(BARGE)CANAL AT PENDLETON NY","site_type":"Stream","n_found":24,"chemicals_found":"Acidity, (H+); Alkalinity; Bicarbonate; Calcium; Carbon dioxide; Chloride; Color; Fluoride; Hardness, Ca, Mg; Hardness, non-carbonate; Iron; Magnesium; Nitrate; Potassium; Silica; Sodium; Sodium adsorption ratio [(Na)/(sq root of 1/2 Ca + Mg)]; Sodium, percent total cations; Specific conductance; Sulfate; Temperature, water; Total dissolved solids; Total volatile solids; pH","latest_year":1960,"latest_detect":1960,"nearest_hazard":"6157 South Transit Road Site","nearest_m":5478.3,"source_db":"NWIS","chems":[],"src":"WQP"}},{"type":"Feature","geometry":{"type":"Point","coordinates":[-78.730033,43.123113]},"properties":{"well_id":"USGS-04218592","name":"DONNER BROOK NEAR LOCKPORT, N.Y.","site_type":"Stream","n_found":44,"chemicals_found":"Acidity, (H+); Alkalinity; Ammonia and ammonium; Arsenic; Bicarbonate; Calcium; Carbon dioxide; Carbonate; Chloride; Copper; Fecal Coliform; Fecal Streptococcus Group Bacteria; Hardness, Ca, Mg; Hardness, non-carbonate; Inorganic nitrogen (nitrate and nitrite); Iron; Kjeldahl nitrogen; MBAS; Magnesium; Manganese; Nitrate; Nitrite; Nitrogen, mixed forms (NH3), (NH4), organic, (NO2) and (NO3); Organic Nitrogen; Orthophosphate; Oxygen; Phosphate-phosphorus; Phosphorus; Potassium; Sodium; Sodium adsorption ratio [(Na)/(sq root of 1/2 Ca + Mg)]; Sodium, percent total cations; Specific conductance; Stream flow, instantaneous; Sulfate; Temperature, air; Temperature, water; Total Coliform; Total dissolved solids; Total solids; Total suspended solids; Turbidity; Zinc; pH","latest_year":1978,"latest_detect":1978,"nearest_hazard":"6157 South Transit Road Site","nearest_m":3105.5,"source_db":"NWIS","chems":["Arsenic"],"src":"WQP"}},{"type":"Feature","geometry":{"type":"Point","coordinates":[-78.7367,43.115891]},"properties":{"well_id":"USGS-04218595","name":"ERIE(BARGE)CANAL NEAR PENDLETON NY","site_type":"Stream","n_found":4,"chemicals_found":"Arsenic; Copper; Lead; Mercury","latest_year":1974,"latest_detect":1974,"nearest_hazard":"6157 South Transit Road Site","nearest_m":3743.3,"source_db":"NWIS","chems":["Arsenic","Lead","Mercury"],"src":"WQP"}},{"type":"Feature","geometry":{"type":"Point","coordinates":[-78.693088,43.17089]},"properties":{"well_id":"USGS-04218600","name":"ERIE(BARGE)CANAL AT LOCK 35 AT LOCKPORT NY","site_type":"Stream","n_found":23,"chemicals_found":"Acidity, (H+); Alkalinity; Bicarbonate; Calcium; Carbon dioxide; Chemical oxygen demand; Chloride; Color; Fluoride; Hardness, Ca, Mg; Hardness, non-carbonate; Iron; Magnesium; Nitrate; Potassium; Silica; Sodium; Sodium adsorption ratio [(Na)/(sq root of 1/2 Ca + Mg)]; Sodium, percent total cations; Specific conductance; Sulfate; Total dissolved solids; pH","latest_year":1962,"latest_detect":1962,"nearest_hazard":"Richmond Avenue Project","nearest_m":91.4,"source_db":"NWIS","chems":[],"src":"WQP"}},{"type":"Feature","geometry":{"type":"Point","coordinates":[-78.576139,43.199502]},"properties":{"well_id":"USGS-04218610","name":"ERIE(BARGE)CANAL AT GASPORT NY","site_type":"Stream","n_found":31,"chemicals_found":"Acidity, (H+); Alkalinity; Ammonia and ammonium; Bicarbonate; Calcium; Carbon dioxide; Chloride; Color; Fluoride; Hardness, Ca, Mg; Hardness, non-carbonate; Height, gage; Magnesium; Mercury; Nitrate; Nitrite; Oxygen; Potassium; Silica; Sodium; Sodium adsorption ratio [(Na)/(sq root of 1/2 Ca + Mg)]; Sodium, percent total cations; Specific conductance; Stream flow; Sulfate; Temperature, air; Temperature, water; Total Coliform; Total dissolved solids; Total volatile solids; pH","latest_year":1970,"latest_detect":1970,"nearest_hazard":"Lockport Town Landfill","nearest_m":4535.8,"source_db":"NWIS","chems":["Mercury"],"src":"WQP"}},{"type":"Feature","geometry":{"type":"Point","coordinates":[-78.999117,43.069514]},"properties":{"well_id":"USGS-04219354","name":"NI 863","site_type":"Facility: Diversion","n_found":61,"chemicals_found":"Acidity, (H+); Alkalinity; Aluminum; Ammonia and ammonium; Arsenic; Barium; Bicarbonate; Boron; Calcium; Carbon; Carbon dioxide; Carbonate; Chloride; Chromium; Cobalt; Copper; Cyanide; Fluoride; Germanium; Hardness, Ca, Mg; Hardness, non-carbonate; Inorganic carbon; Inorganic nitrogen (nitrate and nitrite); Iron; Kjeldahl nitrogen; Lead; Lithium; MBAS; Magnesium; Manganese; Mercury; Molybdenum; Nickel; Nitrate; Nitrite; Nitrogen, mixed forms (NH3), (NH4), organic, (NO2) and (NO3); Organic Nitrogen; Organic carbon; Phenols; Phosphorus; Potassium; Rubidium; Selenium; Silica; Silvex; Sodium; Sodium adsorption ratio [(Na)/(sq root of 1/2 Ca + Mg)]; Sodium, percent total cations; Specific conductance; Strontium; Sulfate; Temperature, air; Temperature, water; Titanium; Total Coliform; Total dissolved solids; Total volatile solids; Vanadium; Zinc; Zirconium; pH","latest_year":1975,"latest_detect":1975,"nearest_hazard":"Buffalo Avenue","nearest_m":742.4,"source_db":"NWIS","chems":["Arsenic","Lead","Mercury","Chromium","Cyanide"],"src":"WQP"}},{"type":"Feature","geometry":{"type":"Point","coordinates":[-79.005043,43.0745]},"properties":{"well_id":"USGS-04219355","name":"NIAGARA R(TONAWANDA CHANNEL) AT NIAGARA FALLS NY","site_type":"Stream","n_found":5,"chemicals_found":"Arsenic; Copper; Lead; Mercury; Stream flow, instantaneous","latest_year":1974,"latest_detect":1974,"nearest_hazard":"Occidental Chemical Buffalo Avenue, S-Area","nearest_m":432.6,"source_db":"NWIS","chems":["Arsenic","Lead","Mercury"],"src":"WQP"}},{"type":"Feature","geometry":{"type":"Point","coordinates":[-79.046556,43.162306]},"properties":{"well_id":"USGS-04219501","name":"NIAGARA RIVER AT LEWISTON NY","site_type":"Stream","n_found":156,"chemicals_found":"1,2,3,4,6,7,8,9-Octachlorodibenzo-p-dioxin; 1,2,3,4,6,7,8,9-Octachlorodibenzofuran; 1,2,3,4,6,7,8-Heptachlorodibenzo-p-dioxin; 1,2,3,4,6,7,8-Heptachlorodibenzofuran; 1,2,3,4,7,8,9-Heptachlorodibenzofuran; 1,2,3,7,8,9-Hexachlorodibenzo-p-dioxin; 1,2,3,7,8-Pentachlorodibenzo-p-dioxin; 1,2,3,7,8-Pentachlorodibenzofuran; 1,3,4,6,7,8-Hexahydro-4,6,6,7,8,8-hexamethylcyclopenta[g]-2-benzopyran; 2,2',5,5'-Tetrachlorobiphenyl; 2,2'-Dichlorobiphenyl; 2,3',4,4',5-Pentachlorobiphenyl; 2,3,7,8,-Tetrachlorodibenzo-p-dioxin; 2,4',5-Trichlorobiphenyl; 2,4,6-Tribromophenol; 2,4-D; 2-Chloro-4,6-diamino-s-triazine; 2-Chloro-4-isopropylamino-6-amino-s-triazine; 2-Fluorobiphenyl; 2-Hydroxyatrazine; 3,3'-Dichlorobiphenyl; 3-Methylindole; 4-Nonylphenols; Acetaminophen; Acidity, (H+); Alkalinity; Aluminum; Ammonia and ammonium; Antimony; Arsenic; Atrazine; Barium; Barometric pressure; Benzo(b)fluoranthene; Benzophenone; Boron; Butachlor ESA; Cadmium; Caffeine; Calcium; Carbamazepine; Carbendazim; Carbon dioxide; Chloride; Chlorophyll; Chlorophyll a; Cholesterol; Cloud cover; Cobalt; Copper; Coprosterol; Cotinine; Decafluorobiphenyl; Dechlorometolachlor; Deethylhydroxyatrazine; Depth; Depth of water column; Desisopropyl atrazine; Di-n-octyl phthalate; Diethyl phthalate; Dimethachlor sulfonic acid; Dimethenamid; Fexofenadine; Fipronil Sulfone; Fluoranthene; Fluoride; Hardness, Ca, Mg; Hardness, non-carbonate; Hydroxymetolachlor; Indole; Inorganic nitrogen (nitrate and nitrite); Iron; Isophorone; Isoxaflutole acid metabolite RPA 203328; Lead; Lithium; Magnesium; Manganese; Mercury; Metaxalone; Metformin; Methocarbamol; Methylmercury(1+); Metochlor ESA; Metolachlor; Metribuzin DA; Molybdenum; N,N-Diethyl-m-toluamide; N-Nitrosodi-n-propylamine; Naphthalene; Nickel; Nicotine; Nitrate; Nitrite; Nitrobenzene; Nitrogen, mixed forms (NH3), (NH4), organic, (NO2) and (NO3); Number of sampling points; Organic Nitrogen; Organic carbon; Orthophosphate; Oxygen; PFOA ion; Pentachlorophenol; Perfluorobutanesulfonate; Perfluorobutanoate; Perfluoroheptanoate; Perfluorohexanesulfonate; Perfluorohexanoate; Perfluorooctanesulfonate; Perfluoropentanoate; Phenanthrene; Phenol; Pheophytin a; Phosphorus; Phycocyanins; Potassium; Propiconazole; Sample time, elapsed; Sediment; Selenium; Silica; Simazine; Sodium; Sodium adsorption ratio [(Na)/(sq root of 1/2 Ca + Mg)]; Sodium, percent total cations; Specific conductance; Stigmastan-3.beta.-ol; Stream flow, instantaneous; Stream width measure; Strontium; Sulfamethoxazole; Sulfate; Sulfometuron methyl; Sulfosulfuron; Suspended Sediment Concentration (SSC); Suspended Sediment Discharge; Tebuconazole; Tebuthiuron; Temperature, water; Tetrachloroethylene; Thallium; Tolyl triazole; Total dissolved solids; Total suspended solids; Tramadol; Tribromomethane; Tributyl phosphate; Trihalomethanes; Tris(2-butoxyethyl) phosphate; Turbidity; Uranium; Vanadium; Zinc; o-Fluorophenol; p-Cresol; pH","latest_year":2024,"latest_detect":2024,"nearest_hazard":"Stauffer Chemical - Art Park Site","nearest_m":236.7,"source_db":"NWIS","chems":["Tetrachloroethene (PCE)","Arsenic","Lead","Mercury","PFAS (PFOA/PFOS)","PCBs","Dioxins / furans","Cadmium","Chloroform / THMs","Atrazine","Naphthalene","Uranium"],"src":"WQP"}},{"type":"Feature","geometry":{"type":"Point","coordinates":[-79.064214,43.269499]},"properties":{"well_id":"USGS-04219640","name":"NIAGARA RIVER (LAKE ONTARIO) AT FORT NIAGARA NY","site_type":"Stream","n_found":84,"chemicals_found":"Acidity, (H+); Alkalinity; Aluminum; Ammonia and ammonium; Arsenic; Barium; Barometric pressure; Beryllium; Bicarbonate; Biomass, periphyton; Biomass/chlorophyll ratio; Cadmium; Calcium; Carbon; Carbon dioxide; Carbonate; Chloride; Chloroform; Chlorophyll a; Chlorophyll a, uncorrected for pheophytin; Chlorophyll b; Chromium; Cobalt; Copper; Depth; Fecal Coliform; Fecal Streptococcus Group Bacteria; Fluoride; Hardness, Ca, Mg; Hardness, non-carbonate; Height, gage; Inorganic carbon; Inorganic nitrogen (nitrate and nitrite); Iron; Kjeldahl nitrogen; Lead; Lithium; MBAS; Magnesium; Manganese; Mercury; Molybdenum; Nickel; Nitrate; Nitrite; Nitrogen, mixed forms (NH3), (NH4), organic, (NO2) and (NO3); Organic Nitrogen; Organic carbon; Orthophosphate; Oxygen; Phenol; Phenols; Phosphate-phosphorus; Phosphorus; Phytoplankton; Potassium; Potassium-40; Selenium; Silica; Silver; Sodium; Sodium adsorption ratio [(Na)/(sq root of 1/2 Ca + Mg)]; Sodium plus potassium; Sodium, percent total cations; Specific conductance; Stream flow; Stream flow, instantaneous; Strontium; Sulfate; Suspended Sediment Concentration (SSC); Suspended Sediment Discharge; Temperature, air; Temperature, water; Total Coliform; Total dissolved solids; Total fixed solids; Total solids; Total suspended solids; Total volatile solids; Trichloroethylene; Trihalomethanes; Turbidity; Zinc; pH","latest_year":1995,"latest_detect":1995,"nearest_hazard":"Fort Niagara (FUDS - 3 sub-sites)","nearest_m":1305.9,"source_db":"NWIS","chems":["Arsenic","Lead","Mercury","Chromium","Cadmium","Chloroform / THMs"],"src":"WQP"}},{"type":"Feature","geometry":{"type":"Point","coordinates":[-79.026434,43.208944]},"properties":{"well_id":"USGS-04219644","name":"FOURMILE CREEK NEAR LEWISTON NY","site_type":"Stream","n_found":24,"chemicals_found":"Acidity, (H+); Alkalinity; Bicarbonate; Calcium; Carbon dioxide; Chloride; Color; Fluoride; Hardness, Ca, Mg; Hardness, non-carbonate; Iron; Magnesium; Nitrate; Potassium; Silica; Sodium; Sodium adsorption ratio [(Na)/(sq root of 1/2 Ca + Mg)]; Sodium, percent total cations; Specific conductance; Sulfate; Temperature, water; Total dissolved solids; Total volatile solids; pH","latest_year":1948,"latest_detect":1948,"nearest_hazard":"J.& T. Salvage","nearest_m":3484.8,"source_db":"NWIS","chems":[],"src":"WQP"}},{"type":"Feature","geometry":{"type":"Point","coordinates":[-79.00699,43.25811]},"properties":{"well_id":"USGS-04219649","name":"FOURMILE CREEK EAST OF YOUNGSTOWN NY","site_type":"Stream","n_found":24,"chemicals_found":"Acidity, (H+); Alkalinity; Bicarbonate; Calcium; Carbon dioxide; Chloride; Color; Fluoride; Hardness, Ca, Mg; Hardness, non-carbonate; Iron; Magnesium; Nitrate; Potassium; Silica; Sodium; Sodium adsorption ratio [(Na)/(sq root of 1/2 Ca + Mg)]; Sodium, percent total cations; Specific conductance; Sulfate; Temperature, water; Total dissolved solids; Total volatile solids; pH","latest_year":1961,"latest_detect":1961,"nearest_hazard":"Air Force Plant No. 68 (AFPLT 68)","nearest_m":1077.0,"source_db":"NWIS","chems":[],"src":"WQP"}},{"type":"Feature","geometry":{"type":"Point","coordinates":[-79.004212,43.269777]},"properties":{"well_id":"USGS-04219650","name":"FOURMILE CREEK NORTHEAST OF YOUNGSTOWN NY","site_type":"Stream","n_found":49,"chemicals_found":"2,4,5-T; 2-Chloro-4-isopropylamino-6-amino-s-triazine; 2-Hydroxyatrazine; 4-Bromo-3,5-dimethylphenyl N-Methylcarbamate; Acidity, (H+); Alachlor; Alachlor ESA; Alkalinity; Atrazine; Azinphos-methyl; Barban; Bicarbonate; Calcium; Carbaryl; Carbon dioxide; Carbonate; Chloride; Chlorpyrifos; Chlorthal-dimethyl; Color; Cyanazine; Diazinon; Diuron; Endosulfan sulfate; Fluoride; Hardness, Ca, Mg; Hardness, non-carbonate; Iron; Magnesium; Metochlor ESA; Metolachlor; Metolachlor OA; Napropamide; Nitrate; Potassium; Prometon; Silica; Simazine; Sodium; Sodium adsorption ratio [(Na)/(sq root of 1/2 Ca + Mg)]; Sodium, percent total cations; Specific conductance; Stream flow, instantaneous; Sulfate; Temperature, water; Terbuthylazine; Total dissolved solids; Total volatile solids; pH","latest_year":2001,"latest_detect":2001,"nearest_hazard":"Air Force Plant No. 68 (AFPLT 68)","nearest_m":1680.0,"source_db":"NWIS","chems":["Atrazine"],"src":"WQP"}},{"type":"Feature","geometry":{"type":"Point","coordinates":[-78.957543,43.271444]},"properties":{"well_id":"USGS-04219670","name":"SIXMILE CREEK NEAR RAMSONVILLE NY","site_type":"Stream","n_found":24,"chemicals_found":"Acidity, (H+); Alkalinity; Bicarbonate; Calcium; Carbon dioxide; Chloride; Color; Fluoride; Hardness, Ca, Mg; Hardness, non-carbonate; Iron; Magnesium; Nitrate; Potassium; Silica; Sodium; Sodium adsorption ratio [(Na)/(sq root of 1/2 Ca + Mg)]; Sodium, percent total cations; Specific conductance; Sulfate; Temperature, water; Total dissolved solids; Total volatile solids; pH","latest_year":1961,"latest_detect":1961,"nearest_hazard":"Bell Test Center - Air Force Plant #38","nearest_m":3514.5,"source_db":"NWIS","chems":[],"src":"WQP"}},{"type":"Feature","geometry":{"type":"Point","coordinates":[-78.853929,43.312]},"properties":{"well_id":"USGS-04219702","name":"LAKE ONTARIO AT ROOSEVELT BEACH NY","site_type":"Lake, Reservoir, Impoundment","n_found":74,"chemicals_found":"1,2,3,4,6,7,8,9-Octachlorodibenzo-p-dioxin; 1,2,3,4,6,7,8,9-Octachlorodibenzofuran; 1,2,3,4,6,7,8-Heptachlorodibenzo-p-dioxin; 1,2,3,4,6,7,8-Heptachlorodibenzofuran; 1,2,3,4,7,8,9-Heptachlorodibenzofuran; 1,2,3,4,7,8-Hexachlorodibenzo-p-dioxin; 1,2,3,4,7,8-Hexachlorodibenzofuran; 1,2,3,6,7,8-Hexachlorodibenzo-p-dioxin; 1,2,3,7,8,9-Hexachlorodibenzo-p-dioxin; 1,2,3,7,8-Pentachlorodibenzo-p-dioxin; 1,2,3,7,8-Pentachlorodibenzofuran; 2,3,4,6,7,8-Hexachlorodibenzofuran; 2,3,4,7,8-Pentachlorodibenzofuran; Acetamide, 2-(diethylamino)-N-(2,6-dimethylphenyl)-; Acidity, (H+); Alkalinity; Ammonia and ammonium; Arsenic; Atrazine; Bicarbonate; Boron; Calcium; Carbon dioxide; Chloride; Chlorophyll; Chlorophyll a; Cholesterol; Color; Copper; Cotinine; Fluoride; Hardness, Ca, Mg; Hardness, non-carbonate; Inorganic nitrogen (nitrate and nitrite); Iron; Lead; Light, photosynthetic active radiation (PAR); Magnesium; Manganese; Metformin; Methocarbamol; Molybdenum; Nickel; Nitrate; Nitrite; Nitrogen, mixed forms (NH3), (NH4), organic, (NO2) and (NO3); Organic Nitrogen; Orthophosphate; Oxygen; PFOA ion; Perfluorobutanesulfonate; Perfluorobutanoate; Perfluoroheptanoate; Perfluorohexanesulfonate; Perfluorohexanoate; Perfluorooctanesulfonate; Perfluoropentanoate; Pheophytin a; Phosphorus; Phycocyanins; Potassium; Silica; Sodium; Sodium adsorption ratio [(Na)/(sq root of 1/2 Ca + Mg)]; Sodium, percent total cations; Specific conductance; Sulfamethoxazole; Sulfate; Temperature, water; Total dissolved solids; Total suspended solids; Total volatile solids; Turbidity; pH","latest_year":2023,"latest_detect":2023,"nearest_hazard":"DAL Specialties Inc.","nearest_m":5335.6,"source_db":"NWIS","chems":["Arsenic","Lead","PFAS (PFOA/PFOS)","Dioxins / furans","Atrazine"],"src":"WQP"}},{"type":"Feature","geometry":{"type":"Point","coordinates":[-78.833306,43.308556]},"properties":{"well_id":"USGS-04219720","name":"EAST BRANCH TWELVEMILE CREEK AT WILSON NY","site_type":"Stream","n_found":103,"chemicals_found":"1,2,3,4,6,7,8,9-Octachlorodibenzo-p-dioxin; 1,2,3,4,6,7,8,9-Octachlorodibenzofuran; 1,2,3,4,6,7,8-Heptachlorodibenzo-p-dioxin; 1,2,3,4,6,7,8-Heptachlorodibenzofuran; 1,2,3,4,7,8,9-Heptachlorodibenzofuran; 1,2,3,7,8,9-Hexachlorodibenzo-p-dioxin; 1,2,3,7,8,9-Hexachlorodibenzofuran; 1,2,3,7,8-Pentachlorodibenzo-p-dioxin; 1,2,3,7,8-Pentachlorodibenzofuran; 2,4-D; 2-Chloro-4,6-diamino-s-triazine; 2-Chloro-4-isopropylamino-6-amino-s-triazine; 2-Hydroxyatrazine; Acetamide, 2-(diethylamino)-N-(2,6-dimethylphenyl)-; Acetochlor OA; Acidity, (H+); Alkalinity; Aluminum; Ammonia and ammonium; Antimony; Arsenic; Atrazine; Azoxystrobin; Barium; Barometric pressure; Bentazon; Boron; Butachlor ESA; Caffeine; Calcium; Carbon dioxide; Chloride; Chlorophyll; Chlorophyll a; Cholesterol; Cobalt; Copper; Cotinine; Dechlorometolachlor; Deethylhydroxyatrazine; Desmethylnorflurazon; Dimethachlor sulfonic acid; Fluoride; Hardness, Ca, Mg; Height, gage; Hydroxymetolachlor; Imidacloprid; Inorganic nitrogen (nitrate and nitrite); Iron; Lead; Lithium; Magnesium; Manganese; Metformin; Metochlor ESA; Metolachlor; Metolachlor OA; Metribuzin DA; Molybdenum; Nickel; Nitrate; Nitrite; Nitrogen, mixed forms (NH3), (NH4), organic, (NO2) and (NO3); Organic Nitrogen; Orthophosphate; Oxygen; PFOA ion; Perfluorobutanesulfonate; Perfluorobutanoate; Perfluoroheptanoate; Perfluorohexanesulfonate; Perfluorohexanoate; Perfluorononanoate; Perfluorooctanesulfonate; Perfluoropentanoate; Pheophytin a; Phosphorus; Phycocyanins; Potassium; Prometon; Pyraclostrobin; Sediment; Selenium; Silica; Simazine; Sodium; Sodium adsorption ratio [(Na)/(sq root of 1/2 Ca + Mg)]; Sodium, percent total cations; Specific conductance; Stream flow, instantaneous; Strontium; Sulfate; Suspended Sediment Concentration (SSC); Suspended Sediment Discharge; Temperature, water; Total dissolved solids; Total suspended solids; Tramadol; Turbidity; Uranium; Vanadium; Zinc; pH","latest_year":2023,"latest_detect":2023,"nearest_hazard":"DAL Specialties Inc.","nearest_m":5628.6,"source_db":"NWIS","chems":["Arsenic","Lead","PFAS (PFOA/PFOS)","Dioxins / furans","Atrazine","Uranium"],"src":"WQP"}},{"type":"Feature","geometry":{"type":"Point","coordinates":[-78.757259,43.327]},"properties":{"well_id":"USGS-04219726","name":"LAKE ONTARIO TRIB NO 150 NEAR WILSON NY","site_type":"Stream","n_found":16,"chemicals_found":"2-Chloro-4-isopropylamino-6-amino-s-triazine; 4-Bromo-3,5-dimethylphenyl N-Methylcarbamate; Alachlor; Atrazine; Azinphos-methyl; Carbaryl; Chlorpyrifos; Chlorthal-dimethyl; Cyanazine; Dieldrin; Metolachlor; Simazine; Stream flow, instantaneous; Terbacil; Terbuthylazine; p,p'-DDE","latest_year":1997,"latest_detect":1997,"nearest_hazard":"Noury Chemicals","nearest_m":4093.9,"source_db":"NWIS","chems":["Atrazine","DDT / DDE / DDD","Dieldrin"],"src":"WQP"}},{"type":"Feature","geometry":{"type":"Point","coordinates":[-78.727257,43.286723]},"properties":{"well_id":"USGS-04219729","name":"HOPKINS CREEK AT NEWFANE NY","site_type":"Stream","n_found":24,"chemicals_found":"Acidity, (H+); Alkalinity; Bicarbonate; Calcium; Carbon dioxide; Chloride; Color; Fluoride; Hardness, Ca, Mg; Hardness, non-carbonate; Iron; Magnesium; Nitrate; Potassium; Silica; Sodium; Sodium adsorption ratio [(Na)/(sq root of 1/2 Ca + Mg)]; Sodium, percent total cations; Specific conductance; Sulfate; Temperature, water; Total dissolved solids; Total volatile solids; pH","latest_year":1961,"latest_detect":1961,"nearest_hazard":"Noury Chemicals","nearest_m":3132.2,"source_db":"NWIS","chems":[],"src":"WQP"}},{"type":"Feature","geometry":{"type":"Point","coordinates":[-78.7092,43.193946]},"properties":{"well_id":"USGS-04219735","name":"EIGHTEENMILE CREEK AT LOCKPORT NY","site_type":"Stream","n_found":45,"chemicals_found":"Acidity, (H+); Alkalinity; Aluminum; Ammonia and ammonium; Aroclor 1254; Barium; Biochemical oxygen demand, standard conditions; Boron; Carbon dioxide; Chemical oxygen demand, (high level); Chemical oxygen demand, (low level); Chloride; Chromium; Cobalt; Color; Copper; Hardness, Ca, Mg; Height, gage; Iron; Kjeldahl nitrogen; Lead; Lithium; MBAS; Manganese; Molybdenum; Nickel; Nitrate; Nitrite; Organic Nitrogen; Oxygen; Phosphorus; Rubidium; Specific conductance; Stream flow; Strontium; Sulfate; Temperature, air; Temperature, water; Total Coliform; Total dissolved solids; Total solids; Total suspended solids; Turbidity; Zinc; pH","latest_year":1971,"latest_detect":1971,"nearest_hazard":"Vanchlor Company, Inc.","nearest_m":1045.1,"source_db":"NWIS","chems":["Lead","PCBs","Chromium"],"src":"WQP"}},{"type":"Feature","geometry":{"type":"Point","coordinates":[-78.57614,43.23728]},"properties":{"well_id":"USGS-04219752","name":"EAST BRANCH EIGHTEENMILE CREEK AT HARTLAND NY","site_type":"Stream","n_found":25,"chemicals_found":"Acidity, (H+); Alkalinity; Bicarbonate; Calcium; Carbon dioxide; Chloride; Color; Fluoride; Hardness, Ca, Mg; Hardness, non-carbonate; Iron; Magnesium; Manganese; Nitrate; Potassium; Silica; Sodium; Sodium adsorption ratio [(Na)/(sq root of 1/2 Ca + Mg)]; Sodium, percent total cations; Specific conductance; Sulfate; Temperature, water; Total dissolved solids; Total volatile solids; pH","latest_year":1961,"latest_detect":1961,"nearest_hazard":"Hartland Town Landfill","nearest_m":4544.9,"source_db":"NWIS","chems":[],"src":"WQP"}},{"type":"Feature","geometry":{"type":"Point","coordinates":[-78.697533,43.252557]},"properties":{"well_id":"USGS-04219765","name":"EIGHTEENMILE CREEK NEAR NEWFANE NY","site_type":"Stream","n_found":91,"chemicals_found":"2,4-D; Acidity, (H+); Alkalinity; Alpha particle; Aluminum; Ammonia and ammonium; Arsenic; Barium; Barometric pressure; Beta particle; Bicarbonate; Biochemical oxygen demand, standard conditions; Boron; Cadmium; Calcium; Carbon; Carbon dioxide; Chemical oxygen demand, (low level); Chloride; Chlorodibromomethane; Chloroform; Chlorophyll a, uncorrected for pheophytin; Chlorophyll b; Chromium; Copper; Cyanide; Diazinon; Dichlorobromomethane; Dieldrin; Fecal Coliform; Fecal Streptococcus Group Bacteria; Fixed dissolved solids; Fluoride; Hardness, Ca, Mg; Hardness, non-carbonate; Inorganic carbon; Inorganic nitrogen (nitrate and nitrite); Iron; Kjeldahl nitrogen; Lead; Lithium; MBAS; Magnesium; Malathion; Manganese; Mercury; Methylene chloride; Molybdenum; Nickel; Nitrate; Nitrite; Nitrogen, mixed forms (NH3), (NH4), organic, (NO2) and (NO3); Oil and Grease; Organic Nitrogen; Organic carbon; Orthophosphate; Oxygen; Phosphate-phosphorus; Phosphorus; Polychlorinated biphenyls; Potassium; Selenium; Silica; Silvex; Sodium; Sodium adsorption ratio [(Na)/(sq root of 1/2 Ca + Mg)]; Sodium, percent total cations; Specific conductance; Stream flow, instantaneous; Strontium; Sulfate; Suspended Sediment Concentration (SSC); Suspended Sediment Discharge; Temperature, air; Temperature, water; Tetrachloroethylene; Total Coliform; Total dissolved solids; Total fixed solids; Total solids; Total suspended solids; Total volatile solids; Trichloroethylene; Trihalomethanes; Turbidity; Vanadium; Zinc; p,p'-DDD; p,p'-DDE; p,p'-DDT; pH","latest_year":1990,"latest_detect":1990,"nearest_hazard":"Eighteenmile Creek Sediments","nearest_m":4338.8,"source_db":"NWIS","chems":["Tetrachloroethene (PCE)","Arsenic","Lead","Mercury","PCBs","Chromium","Cadmium","Chloroform / THMs","DDT / DDE / DDD","Dieldrin","Cyanide"],"src":"WQP"}},{"type":"Feature","geometry":{"type":"Point","coordinates":[-78.697861,43.252556]},"properties":{"well_id":"USGS-04219767","name":"EIGHTEENMILE CREEK AT NEWFANE NY","site_type":"Stream","n_found":75,"chemicals_found":".beta.-Sitosterol; 1,3,4,6,7,8-Hexahydro-4,6,6,7,8,8-hexamethylcyclopenta[g]-2-benzopyran; 1-(3,4-dichlorophenyl)-3-methyl urea; 2,4-D; 2-Chloro-4,6-diamino-s-triazine; 2-Chloro-4-isopropylamino-6-amino-s-triazine; 2-Hydroxyatrazine; 2-Isopropyl-6-methyl-4-pyrimidinol; Acetamide, 2-(diethylamino)-N-(2,6-dimethylphenyl)-; Acidity, (H+); Acyclovir; Anthraquinone; Atrazine; Bentazon; Benzo[a]pyrene; Benzophenone; Bupropion; Butachlor ESA; Caffeine; Carbamazepine; Carbendazim; Cholesterol; Citalopram; Coprosterol; Cotinine; Decafluorobiphenyl; Dechlorometolachlor; Deethylhydroxyatrazine; Desisopropyl atrazine; Desmethylvenlafaxine; Diltiazem; Dimethachlor sulfonic acid; Ethanamine, 2-(diphenylmethoxy)-N,N-dimethyl-; Famotidine; Fexofenadine; Fluconazole; Fluoranthene; Hydroxymetolachlor; Imidacloprid; Meprobamate; Metalaxyl; Metformin; Methocarbamol; Metochlor ESA; Metolachlor; Metoprolol; N,N-Diethyl-m-toluamide; Organic carbon; Oxygen; Pentachlorophenol; Phenanthrene; Prometon; Propazine; Propiconazole; Propranol; Pseudoephedrine/Ephedrine mix; Pyrene; Simazine; Sitagliptin; Specific conductance; Stigmastan-3.beta.-ol; Sulfamethoxazole; Sulfometuron methyl; Temperature, water; Tolyl triazole; Total solids; Tramadol; Triamterene; Triethyl citrate; Trimethoprim; Tris(1,3-dichloro-2-propyl)phosphate; Tris(2-butoxyethyl) phosphate; Tris(2-chloroethyl) phosphate; Venlafaxine; pH","latest_year":2019,"latest_detect":2019,"nearest_hazard":"Eighteenmile Creek Sediments","nearest_m":4328.4,"source_db":"NWIS","chems":["Benzo(a)pyrene","Atrazine"],"src":"WQP"}},{"type":"Feature","geometry":{"type":"Point","coordinates":[-78.715417,43.313806]},"properties":{"well_id":"USGS-04219768","name":"EIGHTEENMILE CREEK AT BURT NY","site_type":"Stream","n_found":146,"chemicals_found":"1,2,3,4,6,7,8,9-Octachlorodibenzo-p-dioxin; 1,2,3,4,6,7,8,9-Octachlorodibenzofuran; 1,2,3,4,6,7,8-Heptachlorodibenzo-p-dioxin; 1,2,3,4,6,7,8-Heptachlorodibenzofuran; 1,2,3,4,7,8,9-Heptachlorodibenzofuran; 1,2,3,4,7,8-Hexachlorodibenzofuran; 1,2,3,6,7,8-Hexachlorodibenzo-p-dioxin; 1,2,3,6,7,8-Hexachlorodibenzofuran; 1,2,3,7,8,9-Hexachlorodibenzo-p-dioxin; 1,2,3,7,8,9-Hexachlorodibenzofuran; 1,2,3,7,8-Pentachlorodibenzofuran; 1-(3,4-dichlorophenyl)-3-methyl urea; 2,3,4,6,7,8-Hexachlorodibenzofuran; 2,3,4,7,8-Pentachlorodibenzofuran; 2-Chloro-4,6-diamino-s-triazine; 2-Chloro-4-isopropylamino-6-amino-s-triazine; 2-Hydroxyatrazine; 2-Isopropyl-6-methyl-4-pyrimidinol; Acetamide, 2-(diethylamino)-N-(2,6-dimethylphenyl)-; Acetaminophen; Acetochlor OA; Acidity, (H+); Acyclovir; Alkalinity; Aluminum; Ammonia and ammonium; Antimony; Arsenic; Atenolol; Atrazine; Azoxystrobin; Barium; Barometric pressure; Beryllium; Boron; Bupropion; Butachlor ESA; Cadmium; Caffeine; Calcium; Carbamazepine; Carbaryl; Carbendazim; Carbon dioxide; Carisoprodol; Chloride; Chlorophyll; Chlorophyll a; Cholesterol; Chromium; Citalopram; Cloud cover; Cobalt; Copper; Cotinine; Dechlorometolachlor; Deethylhydroxyatrazine; Desmethylvenlafaxine; Dextromethorphan; Diltiazem; Dimethachlor sulfonic acid; Ethanamine, 2-(diphenylmethoxy)-N,N-dimethyl-; Famotidine; Fexofenadine; Fluconazole; Fluoride; Hardness, Ca, Mg; Hardness, non-carbonate; Height, gage; Hydrocodone; Hydroxymetolachlor; Imazethapyr; Imidacloprid; Inorganic nitrogen (nitrate and nitrite); Iron; Lead; Lithium; Magnesium; Manganese; Meprobamate; Mercury; Metformin; Methadone; Methocarbamol; Methoxyfenozide; Methylmercury(1+); Metochlor ESA; Metolachlor; Metolachlor OA; Metoprolol; Molybdenum; Morphinan-6-one, 4,5-epoxy-14-hydroxy-3-methoxy-17-methyl-, (5.alpha.)-; Myclobutanil; Nickel; Nicotine; Nitrate; Nitrite; Nitrogen, mixed forms (NH3), (NH4), organic, (NO2) and (NO3); Number of sampling points; Organic Nitrogen; Organic carbon; Orthophosphate; Oxygen; PFOA ion; Perfluorobutanesulfonate; Perfluorobutanoate; Perfluoroheptanoate; Perfluorohexanesulfonate; Perfluorohexanoate; Perfluorononanoate; Perfluorooctanesulfonate; Perfluoropentanoate; Pheophytin a; Phosphorus; Phycocyanins; Prometon; Pseudoephedrine/Ephedrine mix; Ranitidine; Sediment; Selenium; Sitagliptin; Sodium; Sodium adsorption ratio [(Na)/(sq root of 1/2 Ca + Mg)]; Specific conductance; Stream flow; Stream flow, instantaneous; Stream width measure; Strontium; Sulfamethoxazole; Sulfate; Suspended Sediment Concentration (SSC); Suspended Sediment Discharge; Temperature, water; Thiabendazole; Tolyl triazole; Total dissolved solids; Total suspended solids; Tramadol; Triamterene; Trimethoprim; Turbidity; Uranium; Vanadium; Venlafaxine; Zinc; pH","latest_year":2023,"latest_detect":2023,"nearest_hazard":"Noury Chemicals","nearest_m":396.9,"source_db":"NWIS","chems":["Arsenic","Lead","Mercury","PFAS (PFOA/PFOS)","Dioxins / furans","Chromium","Cadmium","Atrazine","Uranium"],"src":"WQP"}},{"type":"Feature","geometry":{"type":"Point","coordinates":[-78.65325,43.346056]},"properties":{"well_id":"USGS-04219775","name":"KEG CREEK NEAR OLCOTT NY","site_type":"Stream","n_found":70,"chemicals_found":"1,2-Benzenedicarboxamide, N2-[1,1-dimethyl-2-(methylsulfonyl)ethyl]-3-iodo-N1-[2-methyl-4-[1,2,2,2-tetrafluoro-1-(trifluoromethyl)ethyl]phenyl]-; 2-Chloro-4,6-diamino-s-triazine; 2-Chloro-4-isopropylamino-6-amino-s-triazine; 2-Hydroxyatrazine; Acidity, (H+); Aluminum; Ammonia and ammonium; Antimony; Arsenic; Atrazine; Barium; Boron; Butachlor ESA; Calcium; Chloride; Chlorophyll; Cholesterol; Chromium; Cobalt; Copper; Dechlorometolachlor; Deethylhydroxyatrazine; Dimethachlor sulfonic acid; Fluoride; Hardness, Ca, Mg; Height, gage; Imazethapyr; Imidacloprid; Inorganic nitrogen (nitrate and nitrite); Iron; Lead; Lithium; Magnesium; Manganese; Metformin; Methoxyfenozide; Metochlor ESA; Metolachlor; Metolachlor OA; Molybdenum; Nickel; Nicotine; Nitrate; Nitrite; Nitrogen, mixed forms (NH3), (NH4), organic, (NO2) and (NO3); Organic Nitrogen; Orthophosphate; Oxygen; Phosphorus; Potassium; Sediment; Selenium; Silica; Sodium; Sodium adsorption ratio [(Na)/(sq root of 1/2 Ca + Mg)]; Sodium, percent total cations; Specific conductance; Stream flow, instantaneous; Strontium; Sulfate; Suspended Sediment Concentration (SSC); Suspended Sediment Discharge; Temperature, water; Total dissolved solids; Total suspended solids; Turbidity; Uranium; Vanadium; Zinc; pH","latest_year":2018,"latest_detect":2018,"nearest_hazard":"AKZO Chemicals Inc.","nearest_m":5812.3,"source_db":"NWIS","chems":["Arsenic","Lead","Chromium","Atrazine","Uranium"],"src":"WQP"}},{"type":"Feature","geometry":{"type":"Point","coordinates":[-78.605031,43.337279]},"properties":{"well_id":"USGS-04219783","name":"FISH CREEK AT HOSMER ROAD NEAR SOMERSET NY","site_type":"Stream","n_found":24,"chemicals_found":"Acidity, (H+); Alkalinity; Bicarbonate; Calcium; Carbon dioxide; Chloride; Color; Fluoride; Hardness, Ca, Mg; Hardness, non-carbonate; Iron; Magnesium; Nitrate; Potassium; Silica; Sodium; Sodium adsorption ratio [(Na)/(sq root of 1/2 Ca + Mg)]; Sodium, percent total cations; Specific conductance; Sulfate; Temperature, water; Total dissolved solids; Total volatile solids; pH","latest_year":1961,"latest_detect":1961,"nearest_hazard":"Barker Chemical","nearest_m":3695.8,"source_db":"NWIS","chems":[],"src":"WQP"}},{"type":"Feature","geometry":{"type":"Point","coordinates":[-78.554751,43.331723]},"properties":{"well_id":"USGS-04219802","name":"GOLDEN HILL CREEK AT BARKER NY","site_type":"Stream","n_found":24,"chemicals_found":"Acidity, (H+); Alkalinity; Bicarbonate; Calcium; Carbon dioxide; Chloride; Color; Fluoride; Hardness, Ca, Mg; Hardness, non-carbonate; Iron; Magnesium; Nitrate; Potassium; Silica; Sodium; Sodium adsorption ratio [(Na)/(sq root of 1/2 Ca + Mg)]; Sodium, percent total cations; Specific conductance; Sulfate; Temperature, water; Total dissolved solids; Total volatile solids; pH","latest_year":1961,"latest_detect":1961,"nearest_hazard":"Barker Chemical","nearest_m":850.3,"source_db":"NWIS","chems":[],"src":"WQP"}},{"type":"Feature","geometry":{"type":"Point","coordinates":[-78.48836,43.368112]},"properties":{"well_id":"USGS-04219807","name":"GOLDEN HILL CREEK AT THIRTY MILE POINT NY","site_type":"Stream","n_found":23,"chemicals_found":"Acidity, (H+); Alkalinity; Bicarbonate; Calcium; Carbon dioxide; Chloride; Color; Fluoride; Hardness, Ca, Mg; Hardness, non-carbonate; Iron; Magnesium; Nitrate; Potassium; Silica; Sodium; Sodium adsorption ratio [(Na)/(sq root of 1/2 Ca + Mg)]; Sodium, percent total cations; Sulfate; Temperature, water; Total dissolved solids; Total volatile solids; pH","latest_year":1961,"latest_detect":1961,"nearest_hazard":"Barker Chemical","nearest_m":7573.6,"source_db":"NWIS","chems":[],"src":"WQP"}},{"type":"Feature","geometry":{"type":"Point","coordinates":[-78.46586,43.328113]},"properties":{"well_id":"USGS-04219815","name":"MARSH CREEK AT MILLERS NY","site_type":"Stream","n_found":24,"chemicals_found":"Acidity, (H+); Alkalinity; Bicarbonate; Calcium; Carbon dioxide; Chloride; Color; Fluoride; Hardness, Ca, Mg; Hardness, non-carbonate; Iron; Magnesium; Nitrate; Potassium; Silica; Sodium; Sodium adsorption ratio [(Na)/(sq root of 1/2 Ca + Mg)]; Sodium, percent total cations; Specific conductance; Sulfate; Temperature, water; Total dissolved solids; Total volatile solids; pH","latest_year":1961,"latest_detect":1961,"nearest_hazard":"Barker Chemical","nearest_m":7805.3,"source_db":"NWIS","chems":[],"src":"WQP"}},{"type":"Feature","geometry":{"type":"Point","coordinates":[-78.886149,43.026168]},"properties":{"well_id":"USGS-430134078531101","name":"NI   4","site_type":"Facility: Water-distribution system","n_found":40,"chemicals_found":"Acidity, (H+); Alkalinity; Aluminum; Arsenic; Barium; Bicarbonate; Boron; Calcium; Carbon dioxide; Chloride; Copper; Fluoride; Hardness, Ca, Mg; Hardness, non-carbonate; Iron; Kjeldahl nitrogen; Lead; Lithium; MBAS; Magnesium; Manganese; Molybdenum; Nitrate; Organic Nitrogen; Organic carbon; Phenols; Phosphorus; Potassium; Rubidium; Selenium; Silica; Sodium; Sodium adsorption ratio [(Na)/(sq root of 1/2 Ca + Mg)]; Sodium, percent total cations; Specific conductance; Strontium; Sulfate; Titanium; Total dissolved solids; pH","latest_year":1972,"latest_detect":1972,"nearest_hazard":"Bridge Street Landing","nearest_m":245.8,"source_db":"NWIS","chems":["Arsenic","Lead"],"src":"WQP"}},{"type":"Feature","geometry":{"type":"Point","coordinates":[-78.828091,43.036724]},"properties":{"well_id":"USGS-430212078494201","name":"NI  53","site_type":"Well","n_found":6,"chemicals_found":"Acidity, (H+); Copper; Iron; Specific conductance; Temperature, water; pH","latest_year":1982,"latest_detect":1982,"nearest_hazard":"Botanical Gardens","nearest_m":395.6,"source_db":"NWIS","chems":[],"src":"WQP"}},{"type":"Feature","geometry":{"type":"Point","coordinates":[-78.842814,43.040335]},"properties":{"well_id":"USGS-430225078503501","name":"NI  15","site_type":"Well","n_found":7,"chemicals_found":"Acidity, (H+); Copper; Dibutyl phthalate; Iron; Specific conductance; Temperature, water; pH","latest_year":1982,"latest_detect":1982,"nearest_hazard":"Holiday Park","nearest_m":125.9,"source_db":"NWIS","chems":[],"src":"WQP"}},{"type":"Feature","geometry":{"type":"Point","coordinates":[-78.842814,43.040335]},"properties":{"well_id":"USGS-430225078503511","name":"HOLIDAY PARK 72","site_type":"Lake, Reservoir, Impoundment","n_found":6,"chemicals_found":"Acidity, (H+); Copper; Iron; Specific conductance; Temperature, water; pH","latest_year":1982,"latest_detect":1982,"nearest_hazard":"Holiday Park","nearest_m":125.9,"source_db":"NWIS","chems":[],"src":"WQP"}},{"type":"Feature","geometry":{"type":"Point","coordinates":[-78.886427,43.045612]},"properties":{"well_id":"USGS-430244078531201","name":"NI  18","site_type":"Well","n_found":7,"chemicals_found":"Acidity, (H+); Chromium; Copper; Iron; Specific conductance; Temperature, water; pH","latest_year":1982,"latest_detect":1982,"nearest_hazard":"Roblin Steel","nearest_m":185.1,"source_db":"NWIS","chems":["Chromium"],"src":"WQP"}},{"type":"Feature","geometry":{"type":"Point","coordinates":[-78.86337,43.047557]},"properties":{"well_id":"USGS-430251078514901","name":"NI  21","site_type":"Well","n_found":6,"chemicals_found":"Chloride; Depth; Hardness, Ca, Mg; Specific conductance; Sulfate; pH","latest_year":1963,"latest_detect":1963,"nearest_hazard":"Durez Div. - Occidental Chemical Corp.","nearest_m":291.6,"source_db":"NWIS","chems":[],"src":"WQP"}},{"type":"Feature","geometry":{"type":"Point","coordinates":[-78.897538,43.053945]},"properties":{"well_id":"USGS-430314078535201","name":"NI  27","site_type":"Well","n_found":24,"chemicals_found":"1,1,1-Trichloroethane; 1,1-Dichloroethane; 2,4-Dimethylphenol; Acidity, (H+); Arsenic; Cadmium; Chlorinated naphthalenes; Chromium; Copper; Di(2-ethoxylhexyl) phthalate; Dibutyl phthalate; Ethylbenzene; Iron; Lead; Mercury; Nickel; Phenol; Specific conductance; Temperature, water; Tetrachloroethylene; Toluene; Trichloroethylene; pH; trans-1,2-Dichloroethylene","latest_year":1982,"latest_detect":1982,"nearest_hazard":"Gratwick - Riverside Park","nearest_m":264.9,"source_db":"NWIS","chems":["Tetrachloroethene (PCE)","Arsenic","Lead","Mercury","Chromium","Cadmium","Toluene","Ethylbenzene","Naphthalene"],"src":"WQP"}},{"type":"Feature","geometry":{"type":"Point","coordinates":[-78.904205,43.058112]},"properties":{"well_id":"USGS-430329078541601","name":"NI  29","site_type":"Well","n_found":16,"chemicals_found":"Acidity, (H+); Arsenic; Benzidine; Cadmium; Chromium; Copper; Dibutyl phthalate; Diethyl phthalate; Ethylbenzene; Lead; Methylene chloride; Nickel; Specific conductance; Toluene; Zinc; pH","latest_year":1982,"latest_detect":1982,"nearest_hazard":"Gratwick - Riverside Park","nearest_m":448.8,"source_db":"NWIS","chems":["Arsenic","Lead","Chromium","Cadmium","Toluene","Ethylbenzene"],"src":"WQP"}},{"type":"Feature","geometry":{"type":"Point","coordinates":[-78.835592,43.058668]},"properties":{"well_id":"USGS-430331078500901","name":"NI  31","site_type":"Well","n_found":12,"chemicals_found":"Acidity, (H+); Arsenic; Cadmium; Chromium; Copper; Lead; Methylene chloride; Nickel; Specific conductance; Toluene; Zinc; pH","latest_year":1982,"latest_detect":1982,"nearest_hazard":"Wurlitzer","nearest_m":619.5,"source_db":"NWIS","chems":["Arsenic","Lead","Chromium","Cadmium","Toluene"],"src":"WQP"}},{"type":"Feature","geometry":{"type":"Point","coordinates":[-78.90615,43.065056]},"properties":{"well_id":"USGS-430354078542306","name":"NI  37","site_type":"Well","n_found":8,"chemicals_found":"Acidity, (H+); Benzene; Di(2-ethoxylhexyl) phthalate; Dibutyl phthalate; Diethyl phthalate; Specific conductance; Temperature, water; pH","latest_year":1982,"latest_detect":1982,"nearest_hazard":"Niagara Co. Refuse Disp.-Wheatfield","nearest_m":134.2,"source_db":"NWIS","chems":["Benzene"],"src":"WQP"}},{"type":"Feature","geometry":{"type":"Point","coordinates":[-78.921984,43.067834]},"properties":{"well_id":"USGS-430404078552001","name":"NI 867","site_type":"Well","n_found":14,"chemicals_found":"Alkalinity; Calcium; Chloride; Hardness, Ca, Mg; Hardness, non-carbonate; Iron; Magnesium; Potassium; Sodium; Sodium adsorption ratio [(Na)/(sq root of 1/2 Ca + Mg)]; Sodium, percent total cations; Specific conductance; Sulfate; Total dissolved solids","latest_year":2002,"latest_detect":2002,"nearest_hazard":"River Road Park","nearest_m":1084.9,"source_db":"NWIS","chems":[],"src":"WQP"}},{"type":"Feature","geometry":{"type":"Point","coordinates":[-78.921984,43.067834]},"properties":{"well_id":"USGS-430404078552003","name":"NI1036","site_type":"Land: Soil hole","n_found":13,"chemicals_found":"Alkalinity; Calcium; Chloride; Hardness, Ca, Mg; Hardness, non-carbonate; Magnesium; Potassium; Sodium; Sodium adsorption ratio [(Na)/(sq root of 1/2 Ca + Mg)]; Sodium, percent total cations; Specific conductance; Sulfate; Total dissolved solids","latest_year":2002,"latest_detect":2002,"nearest_hazard":"River Road Park","nearest_m":1084.9,"source_db":"NWIS","chems":[],"src":"WQP"}},{"type":"Feature","geometry":{"type":"Point","coordinates":[-78.860593,43.06839]},"properties":{"well_id":"USGS-430406078513901","name":"NI  44","site_type":"Well","n_found":15,"chemicals_found":"Acidity, (H+); Arsenic; Cadmium; Copper; Di(2-ethoxylhexyl) phthalate; Dibutyl phthalate; Diethyl phthalate; Iron; Lead; Mercury; Nickel; Specific conductance; Temperature, water; p-Dichlorobenzene; pH","latest_year":1982,"latest_detect":1982,"nearest_hazard":"Niagara Sanitation Company","nearest_m":166.8,"source_db":"NWIS","chems":["Arsenic","Lead","Mercury","Cadmium"],"src":"WQP"}},{"type":"Feature","geometry":{"type":"Point","coordinates":[-78.997542,43.070056]},"properties":{"well_id":"USGS-430412078595223","name":"BUFFALO AVE 83","site_type":"Stream","n_found":0,"chemicals_found":"","latest_year":1982,"latest_detect":null,"nearest_hazard":"Buffalo Avenue","nearest_m":639.9,"source_db":"NWIS","chems":[],"src":"WQP"}},{"type":"Feature","geometry":{"type":"Point","coordinates":[-78.864759,43.070335]},"properties":{"well_id":"USGS-430413078515401","name":"NI  50","site_type":"Well","n_found":19,"chemicals_found":"Bicarbonate; Calcium; Chloride; Color; Depth; Fluoride; Hardness, Ca, Mg; Iron; Magnesium; Nitrate; Potassium; Silica; Sodium; Sodium adsorption ratio [(Na)/(sq root of 1/2 Ca + Mg)]; Sodium, percent total cations; Specific conductance; Sulfate; Total dissolved solids; pH","latest_year":1960,"latest_detect":1960,"nearest_hazard":"Niagara Sanitation Company","nearest_m":466.8,"source_db":"NWIS","chems":[],"src":"WQP"}},{"type":"Feature","geometry":{"type":"Point","coordinates":[-78.94504,43.071167]},"properties":{"well_id":"USGS-430416078564301","name":"NI  56","site_type":"Well","n_found":6,"chemicals_found":"Acidity, (H+); Di(2-ethoxylhexyl) phthalate; Diethyl phthalate; Specific conductance; Temperature, water; pH","latest_year":1982,"latest_detect":1982,"nearest_hazard":"Niagara River Site (Belden Site)","nearest_m":35.3,"source_db":"NWIS","chems":[],"src":"WQP"}},{"type":"Feature","geometry":{"type":"Point","coordinates":[-78.978375,43.072278]},"properties":{"well_id":"USGS-430420078584301","name":"NI  62","site_type":"Well","n_found":15,"chemicals_found":"1,2,4-Trichlorobenzene; 1,3-Dichlorobenzene; Cadmium; Chromium; Copper; Di(2-ethoxylhexyl) phthalate; Dibutyl phthalate; Diethyl phthalate; Dimethyl phthalate; Iron; Lead; Naphthalene; Phenol; Zinc; o-Dichlorobenzene","latest_year":1983,"latest_detect":1983,"nearest_hazard":"Cayuga Island","nearest_m":214.2,"source_db":"NWIS","chems":["Lead","Chromium","Cadmium","Naphthalene"],"src":"WQP"}},{"type":"Feature","geometry":{"type":"Point","coordinates":[-78.950318,43.075334]},"properties":{"well_id":"USGS-430431078570201","name":"NI  73","site_type":"Well: Test hole not completed as a well","n_found":12,"chemicals_found":"Arsenic; Cadmium; Chromium; Copper; Dibutyl phthalate; Diethyl phthalate; Lead; Methylene chloride; Mirex; Nickel; Toluene; Zinc","latest_year":1982,"latest_detect":1982,"nearest_hazard":"Griffon Park","nearest_m":106.2,"source_db":"NWIS","chems":["Arsenic","Lead","Chromium","Cadmium","Toluene"],"src":"WQP"}},{"type":"Feature","geometry":{"type":"Point","coordinates":[-78.953096,43.07589]},"properties":{"well_id":"USGS-430433078571202","name":"NI  79","site_type":"Well","n_found":7,"chemicals_found":"Acidity, (H+); Copper; Iron; Mercury; Specific conductance; Temperature, water; pH","latest_year":1982,"latest_detect":1982,"nearest_hazard":"Griffon Park","nearest_m":185.9,"source_db":"NWIS","chems":["Mercury"],"src":"WQP"}},{"type":"Feature","geometry":{"type":"Point","coordinates":[-78.866148,43.077557]},"properties":{"well_id":"USGS-430439078515901","name":"NI  83","site_type":"Well","n_found":13,"chemicals_found":"Acidity, (H+); Arsenic; Cadmium; Chromium; Copper; Ethylbenzene; Lead; Methylene chloride; Nickel; Specific conductance; Toluene; Zinc; pH","latest_year":1982,"latest_detect":1982,"nearest_hazard":"Niagara Sanitation Company","nearest_m":1064.9,"source_db":"NWIS","chems":["Arsenic","Lead","Chromium","Cadmium","Toluene","Ethylbenzene"],"src":"WQP"}},{"type":"Feature","geometry":{"type":"Point","coordinates":[-79.020599,43.077834]},"properties":{"well_id":"USGS-430440079020306","name":"NI  87","site_type":"Well","n_found":25,"chemicals_found":"1,1,2,2-Tetrachloroethane; Acidity, (H+); Antimony; Arsenic; Benzene; Cadmium; Chloroform; Chromium; Copper; Di(2-ethoxylhexyl) phthalate; Dibutyl phthalate; Diethyl phthalate; Ethylbenzene; Lead; Mercury; Methylene chloride; Nickel; Specific conductance; Temperature, water; Tetrachloroethylene; Toluene; Trichloroethylene; Trihalomethanes; Zinc; pH","latest_year":1983,"latest_detect":1983,"nearest_hazard":"Robert Moses Parkway","nearest_m":116.3,"source_db":"NWIS","chems":["Tetrachloroethene (PCE)","Benzene","Arsenic","Lead","Mercury","Chromium","Cadmium","Chloroform / THMs","Toluene","Ethylbenzene"],"src":"WQP"}},{"type":"Feature","geometry":{"type":"Point","coordinates":[-79.031988,43.078389]},"properties":{"well_id":"USGS-430442079015605","name":"NI  92","site_type":"Well","n_found":27,"chemicals_found":"1,1,2,2-Tetrachloroethane; Acidity, (H+); Antimony; Arsenic; Benzene; Butyl benzyl phthalate; Cadmium; Chlorobenzene; Chloroform; Chromium; Copper; Dibutyl phthalate; Heptachlor; Lead; Mercury; Methylene chloride; Nickel; Specific conductance; Temperature, water; Tetrachloroethylene; Toluene; Trichloroethylene; Trihalomethanes; Zinc; gamma-HCH (Lindane); pH; trans-1,2-Dichloroethylene","latest_year":1983,"latest_detect":1983,"nearest_hazard":"Carborundum Corp, Bldg. 82,30,32","nearest_m":355.1,"source_db":"NWIS","chems":["Tetrachloroethene (PCE)","Benzene","Arsenic","Lead","Mercury","Chromium","Cadmium","Chloroform / THMs","Toluene","Chlorobenzene","Lindane / BHC"],"src":"WQP"}},{"type":"Feature","geometry":{"type":"Point","coordinates":[-79.028932,43.078667]},"properties":{"well_id":"USGS-430443079014504","name":"NI  94","site_type":"Well","n_found":28,"chemicals_found":"1,1,2,2-Tetrachloroethane; 1,2,4-Trichlorobenzene; 1,3-Dichlorobenzene; Arsenic; Beryllium; Cadmium; Chlorobenzene; Chloroform; Chromium; Copper; Cyanide; Di(2-ethoxylhexyl) phthalate; Dibutyl phthalate; Diethyl phthalate; Lead; Mercury; Methylene chloride; Nickel; Phenol; Selenium; Tetrachloroethylene; Toluene; Trichloroethylene; Trihalomethanes; Zinc; o-Dichlorobenzene; p-Dichlorobenzene; trans-1,2-Dichloroethylene","latest_year":1983,"latest_detect":1983,"nearest_hazard":"Olin Corporation - Disposal Well","nearest_m":336.6,"source_db":"NWIS","chems":["Tetrachloroethene (PCE)","Arsenic","Lead","Mercury","Chromium","Cadmium","Chloroform / THMs","Toluene","Chlorobenzene","Cyanide"],"src":"WQP"}},{"type":"Feature","geometry":{"type":"Point","coordinates":[-79.022821,43.078945]},"properties":{"well_id":"USGS-430444079012302","name":"NI  98","site_type":"Well","n_found":23,"chemicals_found":"1,1,2,2-Tetrachloroethane; Antimony; Arsenic; Cadmium; Chlorobenzene; Chloroform; Chromium; Copper; Cyanide; Di(2-ethoxylhexyl) phthalate; Dibenz[a,h]anthracene; Diethyl phthalate; Lead; Mercury; Naphthalene; Nickel; Selenium; Tetrachloroethylene; Toluene; Trichloroethylene; Trihalomethanes; Zinc; trans-1,2-Dichloroethylene","latest_year":1983,"latest_detect":1983,"nearest_hazard":"Robert Moses Parkway","nearest_m":111.9,"source_db":"NWIS","chems":["Tetrachloroethene (PCE)","Arsenic","Lead","Mercury","Chromium","Cadmium","Chloroform / THMs","Toluene","Chlorobenzene","Cyanide","Naphthalene"],"src":"WQP"}},{"type":"Feature","geometry":{"type":"Point","coordinates":[-79.026432,43.078945]},"properties":{"well_id":"USGS-430444079013603","name":"NI  99","site_type":"Well","n_found":27,"chemicals_found":"1,1,2,2-Tetrachloroethane; 1,2,4-Trichlorobenzene; 1,3-Dichlorobenzene; Arsenic; Benzene; Cadmium; Chlorobenzene; Chloroform; Chromium; Copper; Cyanide; Dichlorobromomethane; Diethyl phthalate; Hexachlorobutadiene; Hexachloroethane; Lead; Mercury; Methylene chloride; Nickel; Tetrachloroethylene; Toluene; Trichloroethylene; Trihalomethanes; Zinc; gamma-HCH (Lindane); o-Dichlorobenzene; trans-1,2-Dichloroethylene","latest_year":1983,"latest_detect":1983,"nearest_hazard":"Olin Corporation - Disposal Well","nearest_m":239.3,"source_db":"NWIS","chems":["Tetrachloroethene (PCE)","Benzene","Arsenic","Lead","Mercury","Chromium","Cadmium","Chloroform / THMs","Toluene","Chlorobenzene","Lindane / BHC","Cyanide"],"src":"WQP"}},{"type":"Feature","geometry":{"type":"Point","coordinates":[-79.050322,43.079222]},"properties":{"well_id":"USGS-430445079030201","name":"NI 105","site_type":"Well","n_found":6,"chemicals_found":"Acidity, (H+); Copper; Iron; Specific conductance; Temperature, water; pH","latest_year":1983,"latest_detect":1983,"nearest_hazard":"1001 Buffalo Avenue","nearest_m":312.5,"source_db":"NWIS","chems":[],"src":"WQP"}},{"type":"Feature","geometry":{"type":"Point","coordinates":[-79.031432,43.082278]},"properties":{"well_id":"USGS-430456079015402","name":"NI 122","site_type":"Well","n_found":19,"chemicals_found":"Bicarbonate; Calcium; Chloride; Color; Depth; Fluoride; Hardness, Ca, Mg; Iron; Magnesium; Nitrate; Potassium; Silica; Sodium; Sodium adsorption ratio [(Na)/(sq root of 1/2 Ca + Mg)]; Sodium, percent total cations; Specific conductance; Sulfate; Total dissolved solids; pH","latest_year":1951,"latest_detect":1951,"nearest_hazard":"Olin Corporation Parking Lot","nearest_m":187.1,"source_db":"NWIS","chems":[],"src":"WQP"}},{"type":"Feature","geometry":{"type":"Point","coordinates":[-78.888372,43.085334]},"properties":{"well_id":"USGS-430507078531901","name":"NI 134","site_type":"Well","n_found":1,"chemicals_found":"Chloride","latest_year":1960,"latest_detect":1960,"nearest_hazard":"Safety-Kleen Corp Niagara Falls","nearest_m":1074.4,"source_db":"NWIS","chems":[],"src":"WQP"}},{"type":"Feature","geometry":{"type":"Point","coordinates":[-79.030321,43.085611]},"properties":{"well_id":"USGS-430508079015001","name":"NI 138","site_type":"Well","n_found":14,"chemicals_found":"Antimony; Arsenic; Cadmium; Copper; Depth; Lead; Mercury; Nickel; Silver; Tetrachloroethylene; Toluene; Trichloroethylene; Zinc; trans-1,2-Dichloroethylene","latest_year":1983,"latest_detect":1983,"nearest_hazard":"Olin Corporation Parking Lot","nearest_m":227.9,"source_db":"NWIS","chems":["Tetrachloroethene (PCE)","Arsenic","Lead","Mercury","Cadmium","Toluene"],"src":"WQP"}},{"type":"Feature","geometry":{"type":"Point","coordinates":[-79.062545,43.085611]},"properties":{"well_id":"USGS-430508079034601","name":"NI 139","site_type":"Well","n_found":1,"chemicals_found":"Temperature, water","latest_year":1961,"latest_detect":1961,"nearest_hazard":"The Nest","nearest_m":197.4,"source_db":"NWIS","chems":[],"src":"WQP"}},{"type":"Feature","geometry":{"type":"Point","coordinates":[-79.030044,43.085889]},"properties":{"well_id":"USGS-430509079014901","name":"NI 140","site_type":"Well","n_found":17,"chemicals_found":"Acidity, (H+); Arsenic; Cadmium; Chromium; Copper; Cyanide; Depth; Lead; Mercury; Nickel; Selenium; Silver; Specific conductance; Temperature, water; Toluene; Zinc; pH","latest_year":1983,"latest_detect":1983,"nearest_hazard":"Olin Corporation Parking Lot","nearest_m":257.0,"source_db":"NWIS","chems":["Arsenic","Lead","Mercury","Chromium","Cadmium","Toluene","Cyanide"],"src":"WQP"}},{"type":"Feature","geometry":{"type":"Point","coordinates":[-78.785312,43.086446]},"properties":{"well_id":"USGS-430511078470801","name":"NI 143","site_type":"Well","n_found":6,"chemicals_found":"Chloride; Depth; Hardness, Ca, Mg; Specific conductance; Sulfate; pH","latest_year":1963,"latest_detect":1963,"nearest_hazard":"Frontier Chemical - Pendleton","nearest_m":2942.5,"source_db":"NWIS","chems":[],"src":"WQP"}},{"type":"Feature","geometry":{"type":"Point","coordinates":[-79.044489,43.087556]},"properties":{"well_id":"USGS-430515079024101","name":"NI 155","site_type":"Well","n_found":15,"chemicals_found":"Acidity, (H+); Arsenic; Cadmium; Chromium; Copper; Depth; Lead; Mercury; Nickel; Selenium; Silver; Temperature, water; Toluene; Zinc; pH","latest_year":1983,"latest_detect":1983,"nearest_hazard":"Silbergeld Junk Yard","nearest_m":341.2,"source_db":"NWIS","chems":["Arsenic","Lead","Mercury","Chromium","Cadmium","Toluene"],"src":"WQP"}},{"type":"Feature","geometry":{"type":"Point","coordinates":[-78.821425,43.08839]},"properties":{"well_id":"USGS-430518078491804","name":"FRONTIER CHEMICAL 67 (04)","site_type":"Stream","n_found":9,"chemicals_found":"Acidity, (H+); Cadmium; Copper; Iron; Nickel; Specific conductance; Temperature, water; Zinc; pH","latest_year":1982,"latest_detect":1982,"nearest_hazard":"Frontier Chemical - Pendleton","nearest_m":95.8,"source_db":"NWIS","chems":["Cadmium"],"src":"WQP"}},{"type":"Feature","geometry":{"type":"Point","coordinates":[-78.821425,43.08839]},"properties":{"well_id":"USGS-430518078491805","name":"FRONTIER CHEMICAL 67 (05)","site_type":"Stream","n_found":9,"chemicals_found":"Acidity, (H+); Cadmium; Copper; Iron; Nickel; Specific conductance; Temperature, water; Zinc; pH","latest_year":1982,"latest_detect":1982,"nearest_hazard":"Frontier Chemical - Pendleton","nearest_m":95.8,"source_db":"NWIS","chems":["Cadmium"],"src":"WQP"}},{"type":"Feature","geometry":{"type":"Point","coordinates":[-78.821425,43.08839]},"properties":{"well_id":"USGS-430518078491809","name":"FRONTIER CHEMICAL","site_type":"Stream","n_found":0,"chemicals_found":"","latest_year":1982,"latest_detect":null,"nearest_hazard":"Frontier Chemical - Pendleton","nearest_m":95.8,"source_db":"NWIS","chems":[],"src":"WQP"}},{"type":"Feature","geometry":{"type":"Point","coordinates":[-78.994765,43.088667]},"properties":{"well_id":"USGS-430519078594201","name":"NI 163","site_type":"Well","n_found":13,"chemicals_found":"Arsenic; Cadmium; Chromium; Copper; Cyanide; Depth; Di(2-ethoxylhexyl) phthalate; Lead; Mercury; Nickel; Selenium; Silver; Zinc","latest_year":1983,"latest_detect":1983,"nearest_hazard":"64th Street South","nearest_m":160.8,"source_db":"NWIS","chems":["Arsenic","Lead","Mercury","Chromium","Cadmium","Cyanide"],"src":"WQP"}},{"type":"Feature","geometry":{"type":"Point","coordinates":[-78.865037,43.088946]},"properties":{"well_id":"USGS-430520078515501","name":"NI 165","site_type":"Well: Test hole not completed as a well","n_found":13,"chemicals_found":"Antimony; Arsenic; Cadmium; Chromium; Copper; Lead; Mercury; Nickel; Selenium; Silver; Tetrachloroethylene; Toluene; Zinc","latest_year":1983,"latest_detect":1983,"nearest_hazard":"Ward Road","nearest_m":2210.3,"source_db":"NWIS","chems":["Tetrachloroethene (PCE)","Arsenic","Lead","Mercury","Chromium","Cadmium","Toluene"],"src":"WQP"}},{"type":"Feature","geometry":{"type":"Point","coordinates":[-78.930873,43.088945]},"properties":{"well_id":"USGS-430520078555201","name":"NI1071","site_type":"Well","n_found":24,"chemicals_found":"Alkalinity; Ammonia and ammonium; Bromide; Calcium; Chloride; Fluoride; Hardness, Ca, Mg; Iron; Kjeldahl nitrogen; Magnesium; Manganese; Organic Nitrogen; Organic carbon; Orthophosphate; Potassium; Silica; Sodium; Sodium adsorption ratio [(Na)/(sq root of 1/2 Ca + Mg)]; Sodium, percent total cations; Specific conductance; Sulfate; Total dissolved solids; Tritium; pH","latest_year":1998,"latest_detect":1998,"nearest_hazard":"Kozdranski Property","nearest_m":1512.9,"source_db":"NWIS","chems":["Tritium"],"src":"WQP"}},{"type":"Feature","geometry":{"type":"Point","coordinates":[-78.90615,43.089501]},"properties":{"well_id":"USGS-430522078542301","name":"NI 167","site_type":"Well","n_found":17,"chemicals_found":"Acidity, (H+); Arsenic; Cadmium; Chloroform; Chromium; Copper; Dibutyl phthalate; Diethyl phthalate; Ethylbenzene; Lead; Methylene chloride; Nickel; Specific conductance; Toluene; Trihalomethanes; Zinc; pH","latest_year":1982,"latest_detect":1982,"nearest_hazard":"Safety-Kleen Corp Niagara Falls","nearest_m":551.6,"source_db":"NWIS","chems":["Arsenic","Lead","Chromium","Cadmium","Chloroform / THMs","Toluene","Ethylbenzene"],"src":"WQP"}},{"type":"Feature","geometry":{"type":"Point","coordinates":[-78.994765,43.089778]},"properties":{"well_id":"USGS-430523078594203","name":"GREAT LAKES (03) CARBON NO.22","site_type":"Stream","n_found":0,"chemicals_found":"","latest_year":1982,"latest_detect":null,"nearest_hazard":"6100-6200 Niagara Falls Boulevard","nearest_m":162.4,"source_db":"NWIS","chems":[],"src":"WQP"}},{"type":"Feature","geometry":{"type":"Point","coordinates":[-78.994765,43.089778]},"properties":{"well_id":"USGS-430523078594204","name":"GREAT LAKES (04) CARBON NO.22","site_type":"Stream","n_found":3,"chemicals_found":"Anthracene; Fluoranthene; Pyrene","latest_year":1982,"latest_detect":1982,"nearest_hazard":"6100-6200 Niagara Falls Boulevard","nearest_m":162.4,"source_db":"NWIS","chems":[],"src":"WQP"}},{"type":"Feature","geometry":{"type":"Point","coordinates":[-78.994765,43.089778]},"properties":{"well_id":"USGS-430523078594225","name":"NI 169","site_type":"Well","n_found":0,"chemicals_found":"","latest_year":1982,"latest_detect":null,"nearest_hazard":"6100-6200 Niagara Falls Boulevard","nearest_m":162.4,"source_db":"NWIS","chems":[],"src":"WQP"}},{"type":"Feature","geometry":{"type":"Point","coordinates":[-79.061989,43.090889]},"properties":{"well_id":"USGS-430527079034401","name":"NI 174","site_type":"Well: Test hole not completed as a well","n_found":12,"chemicals_found":".alpha.-Endosulfan; Arsenic; Cadmium; Copper; Heptachlor; Lead; Mercury; Nickel; Selenium; Silver; Tetrachloroethylene; Zinc","latest_year":1982,"latest_detect":1982,"nearest_hazard":"Niagara Falls Former MGP","nearest_m":425.7,"source_db":"NWIS","chems":["Tetrachloroethene (PCE)","Arsenic","Lead","Mercury","Cadmium"],"src":"WQP"}},{"type":"Feature","geometry":{"type":"Point","coordinates":[-78.901706,43.091167]},"properties":{"well_id":"USGS-430528078540701","name":"NI 873","site_type":"Well","n_found":17,"chemicals_found":"Acidity, (H+); Arsenic; Cadmium; Chromium; Copper; Dibutyl phthalate; Ethylbenzene; Lead; Methylene chloride; Nickel; Pentachlorophenol; Phenol; Specific conductance; Temperature, water; Toluene; Zinc; pH","latest_year":1982,"latest_detect":1982,"nearest_hazard":"Safety-Kleen Corp Niagara Falls","nearest_m":192.5,"source_db":"NWIS","chems":["Arsenic","Lead","Chromium","Cadmium","Toluene","Ethylbenzene"],"src":"WQP"}},{"type":"Feature","geometry":{"type":"Point","coordinates":[-78.925873,43.091723]},"properties":{"well_id":"USGS-430530078553401","name":"NI1090","site_type":"Well","n_found":13,"chemicals_found":"Calcium; Chloride; Fluoride; Hardness, Ca, Mg; Magnesium; Organic carbon; Potassium; Sodium; Sodium adsorption ratio [(Na)/(sq root of 1/2 Ca + Mg)]; Sodium, percent total cations; Specific conductance; Sulfate; pH","latest_year":1998,"latest_detect":1998,"nearest_hazard":"Bell Aerospace - Textron","nearest_m":1233.1,"source_db":"NWIS","chems":[],"src":"WQP"}},{"type":"Feature","geometry":{"type":"Point","coordinates":[-78.92504,43.09339]},"properties":{"well_id":"USGS-430536078553101","name":"NI1070","site_type":"Well","n_found":23,"chemicals_found":"Alkalinity; Ammonia and ammonium; Bromide; Calcium; Chloride; Fluoride; Hardness, Ca, Mg; Iron; Kjeldahl nitrogen; Magnesium; Manganese; Organic carbon; Phosphorus; Potassium; Silica; Sodium; Sodium adsorption ratio [(Na)/(sq root of 1/2 Ca + Mg)]; Sodium, percent total cations; Specific conductance; Sulfate; Total dissolved solids; Tritium; pH","latest_year":1998,"latest_detect":1998,"nearest_hazard":"Bell Aerospace - Textron","nearest_m":1066.1,"source_db":"NWIS","chems":["Tritium"],"src":"WQP"}},{"type":"Feature","geometry":{"type":"Point","coordinates":[-78.926429,43.095056]},"properties":{"well_id":"USGS-430542078553601","name":"NI1089","site_type":"Well","n_found":13,"chemicals_found":"Calcium; Chloride; Fluoride; Hardness, Ca, Mg; Magnesium; Organic carbon; Potassium; Sodium; Sodium adsorption ratio [(Na)/(sq root of 1/2 Ca + Mg)]; Sodium, percent total cations; Specific conductance; Sulfate; pH","latest_year":1998,"latest_detect":1998,"nearest_hazard":"Bell Aerospace - Textron","nearest_m":860.6,"source_db":"NWIS","chems":[],"src":"WQP"}},{"type":"Feature","geometry":{"type":"Point","coordinates":[-78.916706,43.095334]},"properties":{"well_id":"USGS-430543078550101","name":"NI1087","site_type":"Well","n_found":13,"chemicals_found":"Calcium; Chloride; Fluoride; Hardness, Ca, Mg; Magnesium; Organic carbon; Potassium; Sodium; Sodium adsorption ratio [(Na)/(sq root of 1/2 Ca + Mg)]; Sodium, percent total cations; Specific conductance; Sulfate; pH","latest_year":1998,"latest_detect":1998,"nearest_hazard":"Bell Aerospace - Textron","nearest_m":1250.9,"source_db":"NWIS","chems":[],"src":"WQP"}},{"type":"Feature","geometry":{"type":"Point","coordinates":[-78.866427,43.095612]},"properties":{"well_id":"USGS-430544078520001","name":"NI 865","site_type":"Well","n_found":14,"chemicals_found":"Alkalinity; Calcium; Chloride; Hardness, Ca, Mg; Hardness, non-carbonate; Iron; Magnesium; Potassium; Sodium; Sodium adsorption ratio [(Na)/(sq root of 1/2 Ca + Mg)]; Sodium, percent total cations; Specific conductance; Sulfate; Total dissolved solids","latest_year":2002,"latest_detect":2002,"nearest_hazard":"Ward Road","nearest_m":1899.3,"source_db":"NWIS","chems":[],"src":"WQP"}},{"type":"Feature","geometry":{"type":"Point","coordinates":[-78.866427,43.095612]},"properties":{"well_id":"USGS-430544078520003","name":"NI1015","site_type":"Land: Soil hole","n_found":13,"chemicals_found":"Alkalinity; Calcium; Chloride; Hardness, Ca, Mg; Hardness, non-carbonate; Magnesium; Potassium; Sodium; Sodium adsorption ratio [(Na)/(sq root of 1/2 Ca + Mg)]; Sodium, percent total cations; Specific conductance; Sulfate; Total dissolved solids","latest_year":2002,"latest_detect":2002,"nearest_hazard":"Ward Road","nearest_m":1899.3,"source_db":"NWIS","chems":[],"src":"WQP"}},{"type":"Feature","geometry":{"type":"Point","coordinates":[-78.935318,43.096445]},"properties":{"well_id":"USGS-430547078560801","name":"NI1069","site_type":"Well","n_found":20,"chemicals_found":"Alkalinity; Ammonia and ammonium; Bromide; Calcium; Chloride; Fluoride; Hardness, Ca, Mg; Iron; Magnesium; Manganese; Organic carbon; Potassium; Silica; Sodium; Sodium adsorption ratio [(Na)/(sq root of 1/2 Ca + Mg)]; Sodium, percent total cations; Specific conductance; Sulfate; Total dissolved solids; pH","latest_year":1995,"latest_detect":1995,"nearest_hazard":"Bell Aerospace - Textron","nearest_m":894.0,"source_db":"NWIS","chems":[],"src":"WQP"}},{"type":"Feature","geometry":{"type":"Point","coordinates":[-78.925318,43.097556]},"properties":{"well_id":"USGS-430551078553201","name":"NI1081","site_type":"Well","n_found":13,"chemicals_found":"Calcium; Chloride; Fluoride; Hardness, Ca, Mg; Magnesium; Organic carbon; Potassium; Sodium; Sodium adsorption ratio [(Na)/(sq root of 1/2 Ca + Mg)]; Sodium, percent total cations; Specific conductance; Sulfate; pH","latest_year":1998,"latest_detect":1998,"nearest_hazard":"Bell Aerospace - Textron","nearest_m":620.0,"source_db":"NWIS","chems":[],"src":"WQP"}},{"type":"Feature","geometry":{"type":"Point","coordinates":[-78.761978,43.097835]},"properties":{"well_id":"USGS-430552078454401","name":"NI 202","site_type":"Well","n_found":6,"chemicals_found":"Chloride; Depth; Hardness, Ca, Mg; Specific conductance; Sulfate; pH","latest_year":1963,"latest_detect":1963,"nearest_hazard":"Frontier Chemical - Pendleton","nearest_m":4973.2,"source_db":"NWIS","chems":[],"src":"WQP"}},{"type":"Feature","geometry":{"type":"Point","coordinates":[-78.931707,43.097834]},"properties":{"well_id":"USGS-430552078555501","name":"NI1080","site_type":"Well","n_found":13,"chemicals_found":"Calcium; Chloride; Fluoride; Hardness, Ca, Mg; Magnesium; Organic carbon; Potassium; Sodium; Sodium adsorption ratio [(Na)/(sq root of 1/2 Ca + Mg)]; Sodium, percent total cations; Specific conductance; Sulfate; pH","latest_year":1998,"latest_detect":1998,"nearest_hazard":"Bell Aerospace - Textron","nearest_m":602.5,"source_db":"NWIS","chems":[],"src":"WQP"}},{"type":"Feature","geometry":{"type":"Point","coordinates":[-78.926429,43.098667]},"properties":{"well_id":"USGS-430555078553601","name":"NI1067","site_type":"Well","n_found":26,"chemicals_found":"Alkalinity; Ammonia and ammonium; Bromide; Calcium; Chloride; Fluoride; Hardness, Ca, Mg; Inorganic nitrogen (nitrate and nitrite); Iron; Kjeldahl nitrogen; Magnesium; Manganese; Nitrate; Nitrogen, mixed forms (NH3), (NH4), organic, (NO2) and (NO3); Organic Nitrogen; Organic carbon; Potassium; Silica; Sodium; Sodium adsorption ratio [(Na)/(sq root of 1/2 Ca + Mg)]; Sodium, percent total cations; Specific conductance; Sulfate; Total dissolved solids; Tritium; pH","latest_year":1998,"latest_detect":1998,"nearest_hazard":"Bell Aerospace - Textron","nearest_m":471.9,"source_db":"NWIS","chems":["Tritium"],"src":"WQP"}},{"type":"Feature","geometry":{"type":"Point","coordinates":[-78.888927,43.099223]},"properties":{"well_id":"USGS-430557078532101","name":"NI 208","site_type":"Well","n_found":1,"chemicals_found":"Chloride","latest_year":1960,"latest_detect":1960,"nearest_hazard":"Ward Road","nearest_m":213.8,"source_db":"NWIS","chems":[],"src":"WQP"}},{"type":"Feature","geometry":{"type":"Point","coordinates":[-78.942541,43.099223]},"properties":{"well_id":"USGS-430557078563401","name":"NI 210","site_type":"Well","n_found":14,"chemicals_found":"Antimony; Arsenic; Cadmium; Chromium; Copper; Dibutyl phthalate; Diethyl phthalate; Ethylbenzene; Lead; Methylene chloride; Nickel; Toluene; Zinc; trans-1,2-Dichloroethylene","latest_year":1982,"latest_detect":1982,"nearest_hazard":"Carborundum-Abrasive Division","nearest_m":939.9,"source_db":"NWIS","chems":["Arsenic","Lead","Chromium","Cadmium","Toluene","Ethylbenzene"],"src":"WQP"}},{"type":"Feature","geometry":{"type":"Point","coordinates":[-78.921429,43.099501]},"properties":{"well_id":"USGS-430558078551801","name":"NI1084","site_type":"Well","n_found":13,"chemicals_found":"Calcium; Chloride; Fluoride; Hardness, Ca, Mg; Magnesium; Organic carbon; Potassium; Sodium; Sodium adsorption ratio [(Na)/(sq root of 1/2 Ca + Mg)]; Sodium, percent total cations; Specific conductance; Sulfate; pH","latest_year":1998,"latest_detect":1998,"nearest_hazard":"Bell Aerospace - Textron","nearest_m":665.3,"source_db":"NWIS","chems":[],"src":"WQP"}},{"type":"Feature","geometry":{"type":"Point","coordinates":[-78.927262,43.099501]},"properties":{"well_id":"USGS-430558078553901","name":"NI1065","site_type":"Well","n_found":24,"chemicals_found":"Alkalinity; Ammonia and ammonium; Bromide; Calcium; Chloride; Fluoride; Hardness, Ca, Mg; Iron; Kjeldahl nitrogen; Magnesium; Manganese; Organic Nitrogen; Organic carbon; Orthophosphate; Phosphorus; Potassium; Silica; Sodium; Sodium adsorption ratio [(Na)/(sq root of 1/2 Ca + Mg)]; Sodium, percent total cations; Specific conductance; Sulfate; Total dissolved solids; pH","latest_year":1998,"latest_detect":1998,"nearest_hazard":"Bell Aerospace - Textron","nearest_m":363.5,"source_db":"NWIS","chems":[],"src":"WQP"}},{"type":"Feature","geometry":{"type":"Point","coordinates":[-78.929485,43.099501]},"properties":{"well_id":"USGS-430558078554701","name":"NI1066","site_type":"Well","n_found":24,"chemicals_found":"Alkalinity; Ammonia and ammonium; Bromide; Calcium; Chloride; Fluoride; Hardness, Ca, Mg; Iron; Kjeldahl nitrogen; Magnesium; Manganese; Organic Nitrogen; Organic carbon; Orthophosphate; Phosphorus; Potassium; Silica; Sodium; Sodium adsorption ratio [(Na)/(sq root of 1/2 Ca + Mg)]; Sodium, percent total cations; Specific conductance; Sulfate; Total dissolved solids; pH","latest_year":1998,"latest_detect":1998,"nearest_hazard":"Bell Aerospace - Textron","nearest_m":364.0,"source_db":"NWIS","chems":[],"src":"WQP"}},{"type":"Feature","geometry":{"type":"Point","coordinates":[-78.925595,43.099778]},"properties":{"well_id":"USGS-430559078553301","name":"NI1068","site_type":"Well","n_found":22,"chemicals_found":"Alkalinity; Ammonia and ammonium; Bromide; Calcium; Chloride; Fluoride; Hardness, Ca, Mg; Iron; Kjeldahl nitrogen; Magnesium; Manganese; Organic Nitrogen; Organic carbon; Potassium; Silica; Sodium; Sodium adsorption ratio [(Na)/(sq root of 1/2 Ca + Mg)]; Sodium, percent total cations; Specific conductance; Sulfate; Total dissolved solids; pH","latest_year":1998,"latest_detect":1998,"nearest_hazard":"Bell Aerospace - Textron","nearest_m":392.5,"source_db":"NWIS","chems":[],"src":"WQP"}},{"type":"Feature","geometry":{"type":"Point","coordinates":[-78.926429,43.100334]},"properties":{"well_id":"USGS-430601078553601","name":"NI1082","site_type":"Well","n_found":13,"chemicals_found":"Calcium; Chloride; Fluoride; Hardness, Ca, Mg; Magnesium; Organic carbon; Potassium; Sodium; Sodium adsorption ratio [(Na)/(sq root of 1/2 Ca + Mg)]; Sodium, percent total cations; Specific conductance; Sulfate; pH","latest_year":1998,"latest_detect":1998,"nearest_hazard":"Bell Aerospace - Textron","nearest_m":303.7,"source_db":"NWIS","chems":[],"src":"WQP"}},{"type":"Feature","geometry":{"type":"Point","coordinates":[-78.926429,43.100334]},"properties":{"well_id":"USGS-430601078553602","name":"NI1083","site_type":"Well","n_found":13,"chemicals_found":"Calcium; Chloride; Fluoride; Hardness, Ca, Mg; Magnesium; Organic carbon; Potassium; Sodium; Sodium adsorption ratio [(Na)/(sq root of 1/2 Ca + Mg)]; Sodium, percent total cations; Specific conductance; Sulfate; pH","latest_year":1998,"latest_detect":1998,"nearest_hazard":"Bell Aerospace - Textron","nearest_m":303.7,"source_db":"NWIS","chems":[],"src":"WQP"}},{"type":"Feature","geometry":{"type":"Point","coordinates":[-78.928096,43.100612]},"properties":{"well_id":"USGS-430602078554201","name":"NI1073","site_type":"Well","n_found":13,"chemicals_found":"Calcium; Chloride; Fluoride; Hardness, Ca, Mg; Magnesium; Organic carbon; Potassium; Sodium; Sodium adsorption ratio [(Na)/(sq root of 1/2 Ca + Mg)]; Sodium, percent total cations; Specific conductance; Sulfate; pH","latest_year":1998,"latest_detect":1998,"nearest_hazard":"Bell Aerospace - Textron","nearest_m":229.9,"source_db":"NWIS","chems":[],"src":"WQP"}},{"type":"Feature","geometry":{"type":"Point","coordinates":[-78.958652,43.100612]},"properties":{"well_id":"USGS-430602078573201","name":"OLD CREEK BED(01) DIBACCO 1 95","site_type":"Stream","n_found":8,"chemicals_found":"Acidity, (H+); Copper; Iron; Lead; Mercury; Specific conductance; Temperature, water; pH","latest_year":1982,"latest_detect":1982,"nearest_hazard":"Dibacco Site - Old Creek Bed #1","nearest_m":45.9,"source_db":"NWIS","chems":["Lead","Mercury"],"src":"WQP"}},{"type":"Feature","geometry":{"type":"Point","coordinates":[-78.958652,43.100612]},"properties":{"well_id":"USGS-430602078573202","name":"OLD CREEK BED(02) DIBACCO 1 95","site_type":"Stream","n_found":4,"chemicals_found":"Acidity, (H+); Specific conductance; Temperature, water; pH","latest_year":1982,"latest_detect":1982,"nearest_hazard":"Dibacco Site - Old Creek Bed #1","nearest_m":45.9,"source_db":"NWIS","chems":[],"src":"WQP"}},{"type":"Feature","geometry":{"type":"Point","coordinates":[-78.958652,43.100612]},"properties":{"well_id":"USGS-430602078573203","name":"OLD CK BED DIBACCO 1 95","site_type":"Stream","n_found":7,"chemicals_found":"Acidity, (H+); Copper; Iron; Lead; Specific conductance; Temperature, water; pH","latest_year":1982,"latest_detect":1982,"nearest_hazard":"Dibacco Site - Old Creek Bed #1","nearest_m":45.9,"source_db":"NWIS","chems":["Lead"],"src":"WQP"}},{"type":"Feature","geometry":{"type":"Point","coordinates":[-78.958652,43.100612]},"properties":{"well_id":"USGS-430602078573204","name":"OLD CRK BED DIBACCO 1 95","site_type":"Stream","n_found":7,"chemicals_found":"Acidity, (H+); Copper; Iron; Lead; Specific conductance; Temperature, water; pH","latest_year":1982,"latest_detect":1982,"nearest_hazard":"Dibacco Site - Old Creek Bed #1","nearest_m":45.9,"source_db":"NWIS","chems":["Lead"],"src":"WQP"}},{"type":"Feature","geometry":{"type":"Point","coordinates":[-78.92754,43.101445]},"properties":{"well_id":"USGS-430605078554001","name":"NI1075","site_type":"Well","n_found":13,"chemicals_found":"Calcium; Chloride; Fluoride; Hardness, Ca, Mg; Magnesium; Organic carbon; Potassium; Sodium; Sodium adsorption ratio [(Na)/(sq root of 1/2 Ca + Mg)]; Sodium, percent total cations; Specific conductance; Sulfate; pH","latest_year":1998,"latest_detect":1998,"nearest_hazard":"Bell Aerospace - Textron","nearest_m":151.8,"source_db":"NWIS","chems":[],"src":"WQP"}},{"type":"Feature","geometry":{"type":"Point","coordinates":[-78.927818,43.101445]},"properties":{"well_id":"USGS-430605078554101","name":"NI1074","site_type":"Well","n_found":13,"chemicals_found":"Calcium; Chloride; Fluoride; Hardness, Ca, Mg; Magnesium; Organic carbon; Potassium; Sodium; Sodium adsorption ratio [(Na)/(sq root of 1/2 Ca + Mg)]; Sodium, percent total cations; Specific conductance; Sulfate; pH","latest_year":1998,"latest_detect":1998,"nearest_hazard":"Bell Aerospace - Textron","nearest_m":143.3,"source_db":"NWIS","chems":[],"src":"WQP"}},{"type":"Feature","geometry":{"type":"Point","coordinates":[-78.928651,43.101723]},"properties":{"well_id":"USGS-430606078554401","name":"NI1088","site_type":"Well","n_found":13,"chemicals_found":"Calcium; Chloride; Fluoride; Hardness, Ca, Mg; Magnesium; Organic carbon; Potassium; Sodium; Sodium adsorption ratio [(Na)/(sq root of 1/2 Ca + Mg)]; Sodium, percent total cations; Specific conductance; Sulfate; pH","latest_year":1998,"latest_detect":1998,"nearest_hazard":"Bell Aerospace - Textron","nearest_m":108.1,"source_db":"NWIS","chems":[],"src":"WQP"}},{"type":"Feature","geometry":{"type":"Point","coordinates":[-78.927262,43.102278]},"properties":{"well_id":"USGS-430608078553901","name":"NI1086","site_type":"Well","n_found":13,"chemicals_found":"Calcium; Chloride; Fluoride; Hardness, Ca, Mg; Magnesium; Organic carbon; Potassium; Sodium; Sodium adsorption ratio [(Na)/(sq root of 1/2 Ca + Mg)]; Sodium, percent total cations; Specific conductance; Sulfate; pH","latest_year":1998,"latest_detect":1998,"nearest_hazard":"Bell Aerospace - Textron","nearest_m":99.6,"source_db":"NWIS","chems":[],"src":"WQP"}},{"type":"Feature","geometry":{"type":"Point","coordinates":[-78.928096,43.102278]},"properties":{"well_id":"USGS-430608078554201","name":"NI1077","site_type":"Well","n_found":13,"chemicals_found":"Calcium; Chloride; Fluoride; Hardness, Ca, Mg; Magnesium; Organic carbon; Potassium; Sodium; Sodium adsorption ratio [(Na)/(sq root of 1/2 Ca + Mg)]; Sodium, percent total cations; Specific conductance; Sulfate; pH","latest_year":1998,"latest_detect":1998,"nearest_hazard":"Bell Aerospace - Textron","nearest_m":48.8,"source_db":"NWIS","chems":[],"src":"WQP"}},{"type":"Feature","geometry":{"type":"Point","coordinates":[-78.895039,43.102556]},"properties":{"well_id":"USGS-430609078534301","name":"NI 229","site_type":"Well","n_found":1,"chemicals_found":"Chloride","latest_year":1960,"latest_detect":1960,"nearest_hazard":"Ward Road","nearest_m":725.1,"source_db":"NWIS","chems":[],"src":"WQP"}},{"type":"Feature","geometry":{"type":"Point","coordinates":[-78.927262,43.102556]},"properties":{"well_id":"USGS-430609078553901","name":"NI1076","site_type":"Well","n_found":13,"chemicals_found":"Calcium; Chloride; Fluoride; Hardness, Ca, Mg; Magnesium; Organic carbon; Potassium; Sodium; Sodium adsorption ratio [(Na)/(sq root of 1/2 Ca + Mg)]; Sodium, percent total cations; Specific conductance; Sulfate; pH","latest_year":1998,"latest_detect":1998,"nearest_hazard":"Bell Aerospace - Textron","nearest_m":90.4,"source_db":"NWIS","chems":[],"src":"WQP"}},{"type":"Feature","geometry":{"type":"Point","coordinates":[-78.928929,43.102556]},"properties":{"well_id":"USGS-430609078554501","name":"NI1079","site_type":"Well","n_found":13,"chemicals_found":"Calcium; Chloride; Fluoride; Hardness, Ca, Mg; Magnesium; Organic carbon; Potassium; Sodium; Sodium adsorption ratio [(Na)/(sq root of 1/2 Ca + Mg)]; Sodium, percent total cations; Specific conductance; Sulfate; pH","latest_year":1998,"latest_detect":1998,"nearest_hazard":"Bell Aerospace - Textron","nearest_m":48.0,"source_db":"NWIS","chems":[],"src":"WQP"}},{"type":"Feature","geometry":{"type":"Point","coordinates":[-78.927818,43.103112]},"properties":{"well_id":"USGS-430611078554101","name":"NI1064","site_type":"Well","n_found":24,"chemicals_found":"Alkalinity; Ammonia and ammonium; Bromide; Calcium; Chloride; Fluoride; Hardness, Ca, Mg; Iron; Kjeldahl nitrogen; Magnesium; Manganese; Organic Nitrogen; Organic carbon; Phosphorus; Potassium; Silica; Sodium; Sodium adsorption ratio [(Na)/(sq root of 1/2 Ca + Mg)]; Sodium, percent total cations; Specific conductance; Sulfate; Total dissolved solids; Tritium; pH","latest_year":1998,"latest_detect":1998,"nearest_hazard":"Bell Aerospace - Textron","nearest_m":65.9,"source_db":"NWIS","chems":["Tritium"],"src":"WQP"}},{"type":"Feature","geometry":{"type":"Point","coordinates":[-78.928651,43.103112]},"properties":{"well_id":"USGS-430611078554401","name":"NI1078","site_type":"Well","n_found":13,"chemicals_found":"Calcium; Chloride; Fluoride; Hardness, Ca, Mg; Magnesium; Organic carbon; Potassium; Sodium; Sodium adsorption ratio [(Na)/(sq root of 1/2 Ca + Mg)]; Sodium, percent total cations; Specific conductance; Sulfate; pH","latest_year":1998,"latest_detect":1998,"nearest_hazard":"Bell Aerospace - Textron","nearest_m":54.2,"source_db":"NWIS","chems":[],"src":"WQP"}},{"type":"Feature","geometry":{"type":"Point","coordinates":[-78.909762,43.103667]},"properties":{"well_id":"USGS-430613078543601","name":"NI 235","site_type":"Well","n_found":1,"chemicals_found":"Chloride","latest_year":1960,"latest_detect":1960,"nearest_hazard":"Bell Aerospace - Textron","nearest_m":1518.0,"source_db":"NWIS","chems":[],"src":"WQP"}},{"type":"Feature","geometry":{"type":"Point","coordinates":[-78.926707,43.103667]},"properties":{"well_id":"USGS-430613078553701","name":"NI1085","site_type":"Well","n_found":13,"chemicals_found":"Calcium; Chloride; Fluoride; Hardness, Ca, Mg; Magnesium; Organic carbon; Potassium; Sodium; Sodium adsorption ratio [(Na)/(sq root of 1/2 Ca + Mg)]; Sodium, percent total cations; Specific conductance; Sulfate; pH","latest_year":1998,"latest_detect":1998,"nearest_hazard":"Bell Aerospace - Textron","nearest_m":174.2,"source_db":"NWIS","chems":[],"src":"WQP"}},{"type":"Feature","geometry":{"type":"Point","coordinates":[-79.052822,43.105055]},"properties":{"well_id":"USGS-430618079031101","name":"NI 239","site_type":"Well","n_found":1,"chemicals_found":"Temperature, water","latest_year":1961,"latest_detect":1961,"nearest_hazard":"Building #40","nearest_m":148.6,"source_db":"NWIS","chems":[],"src":"WQP"}},{"type":"Feature","geometry":{"type":"Point","coordinates":[-78.576416,43.108669]},"properties":{"well_id":"USGS-430631078343601","name":"NI 255","site_type":"Well","n_found":21,"chemicals_found":"Bicarbonate; Calcium; Chloride; Color; Depth; Fluoride; Hardness, Ca, Mg; Iron; Magnesium; Manganese; Nitrate; Potassium; Silica; Sodium; Sodium adsorption ratio [(Na)/(sq root of 1/2 Ca + Mg)]; Sodium, percent total cations; Specific conductance; Sulfate; Temperature, water; Total dissolved solids; pH","latest_year":1963,"latest_detect":1963,"nearest_hazard":"6157 South Transit Road Site","nearest_m":9539.7,"source_db":"NWIS","chems":[],"src":"WQP"}},{"type":"Feature","geometry":{"type":"Point","coordinates":[-79.00421,43.111722]},"properties":{"well_id":"USGS-430642079001601","name":"NI 265","site_type":"Well","n_found":8,"chemicals_found":"Acidity, (H+); Chromium; Copper; Iron; Mercury; Specific conductance; Temperature, water; pH","latest_year":1982,"latest_detect":1982,"nearest_hazard":"New Road","nearest_m":48.1,"source_db":"NWIS","chems":["Mercury","Chromium"],"src":"WQP"}},{"type":"Feature","geometry":{"type":"Point","coordinates":[-79.027822,43.120055]},"properties":{"well_id":"USGS-430712079014101","name":"NI 318","site_type":"Well","n_found":5,"chemicals_found":"Acidity, (H+); Dibutyl phthalate; Specific conductance; Temperature, water; pH","latest_year":1982,"latest_detect":1982,"nearest_hazard":"GrafTech Intl. Hlds. Inc. (formerly Union Carbide)","nearest_m":240.7,"source_db":"NWIS","chems":[],"src":"WQP"}},{"type":"Feature","geometry":{"type":"Point","coordinates":[-79.057267,43.120055]},"properties":{"well_id":"USGS-430712079032701","name":"NI 319","site_type":"Well","n_found":9,"chemicals_found":"Bicarbonate; Chloride; Depth; Hardness, Ca, Mg; Specific conductance; Sulfate; Temperature, water; Total dissolved solids; pH","latest_year":1961,"latest_detect":1961,"nearest_hazard":"Whirlpool Site","nearest_m":898.1,"source_db":"NWIS","chems":[],"src":"WQP"}},{"type":"Feature","geometry":{"type":"Point","coordinates":[-78.841,43.127778]},"properties":{"well_id":"USGS-430739078502701","name":"Local number, Ni-869, at Shawnee NY","site_type":"Well","n_found":14,"chemicals_found":"Alkalinity; Calcium; Chloride; Hardness, Ca, Mg; Hardness, non-carbonate; Iron; Magnesium; Potassium; Sodium; Sodium adsorption ratio [(Na)/(sq root of 1/2 Ca + Mg)]; Sodium, percent total cations; Specific conductance; Sulfate; Total dissolved solids","latest_year":2002,"latest_detect":2002,"nearest_hazard":"Lockport Air Force Station","nearest_m":1556.6,"source_db":"NWIS","chems":[],"src":"WQP"}},{"type":"Feature","geometry":{"type":"Point","coordinates":[-78.840593,43.127557]},"properties":{"well_id":"USGS-430739078502702","name":"NI1050","site_type":"Land: Soil hole","n_found":13,"chemicals_found":"Alkalinity; Calcium; Chloride; Hardness, Ca, Mg; Hardness, non-carbonate; Iron; Magnesium; Potassium; Sodium; Sodium adsorption ratio [(Na)/(sq root of 1/2 Ca + Mg)]; Specific conductance; Sulfate; Total dissolved solids","latest_year":2002,"latest_detect":2002,"nearest_hazard":"Lockport Air Force Station","nearest_m":1559.4,"source_db":"NWIS","chems":[],"src":"WQP"}},{"type":"Feature","geometry":{"type":"Point","coordinates":[-79.027822,43.127555]},"properties":{"well_id":"USGS-430739079014101","name":"NI 372","site_type":"Well","n_found":3,"chemicals_found":"Chloride; Depth; Specific conductance","latest_year":1960,"latest_detect":1960,"nearest_hazard":"SKW Newco Inc.","nearest_m":314.0,"source_db":"NWIS","chems":[],"src":"WQP"}},{"type":"Feature","geometry":{"type":"Point","coordinates":[-79.016155,43.128111]},"properties":{"well_id":"USGS-430741079005903","name":"NI 377","site_type":"Well","n_found":1,"chemicals_found":"Temperature, water","latest_year":1958,"latest_detect":1958,"nearest_hazard":"Witmer Road Drive In","nearest_m":409.4,"source_db":"NWIS","chems":[],"src":"WQP"}},{"type":"Feature","geometry":{"type":"Point","coordinates":[-79.027544,43.128111]},"properties":{"well_id":"USGS-430741079014001","name":"NI 378","site_type":"Well","n_found":3,"chemicals_found":"Chloride; Depth; Specific conductance","latest_year":1960,"latest_detect":1960,"nearest_hazard":"SKW Newco Inc.","nearest_m":379.7,"source_db":"NWIS","chems":[],"src":"WQP"}},{"type":"Feature","geometry":{"type":"Point","coordinates":[-78.69781,43.134224]},"properties":{"well_id":"USGS-430803078415301","name":"NI 417","site_type":"Well","n_found":1,"chemicals_found":"Chloride","latest_year":1961,"latest_detect":1961,"nearest_hazard":"6157 South Transit Road Site","nearest_m":1291.4,"source_db":"NWIS","chems":[],"src":"WQP"}},{"type":"Feature","geometry":{"type":"Point","coordinates":[-78.998099,43.135889]},"properties":{"well_id":"USGS-430809078595401","name":"NI 431","site_type":"Well","n_found":3,"chemicals_found":"Chloride; Depth; Specific conductance","latest_year":1960,"latest_detect":1960,"nearest_hazard":"4435-4445 Military Road Site","nearest_m":1042.9,"source_db":"NWIS","chems":[],"src":"WQP"}},{"type":"Feature","geometry":{"type":"Point","coordinates":[-79.00921,43.137278]},"properties":{"well_id":"USGS-430814079003401","name":"NI 451","site_type":"Well","n_found":9,"chemicals_found":"Bicarbonate; Chloride; Depth; Hardness, Ca, Mg; Specific conductance; Sulfate; Temperature, water; Total dissolved solids; pH","latest_year":1962,"latest_detect":1962,"nearest_hazard":"Witmer Road Drive In","nearest_m":872.4,"source_db":"NWIS","chems":[],"src":"WQP"}},{"type":"Feature","geometry":{"type":"Point","coordinates":[-79.013933,43.137278]},"properties":{"well_id":"USGS-430814079005101","name":"NI 454","site_type":"Well","n_found":9,"chemicals_found":"Bicarbonate; Chloride; Depth; Hardness, Ca, Mg; Specific conductance; Sulfate; Temperature, water; Total dissolved solids; pH","latest_year":1962,"latest_detect":1962,"nearest_hazard":"Witmer Road Drive In","nearest_m":872.8,"source_db":"NWIS","chems":[],"src":"WQP"}},{"type":"Feature","geometry":{"type":"Point","coordinates":[-79.011155,43.137555]},"properties":{"well_id":"USGS-430815079004101","name":"NI 460","site_type":"Well","n_found":9,"chemicals_found":"Bicarbonate; Chloride; Depth; Hardness, Ca, Mg; Specific conductance; Sulfate; Temperature, water; Total dissolved solids; pH","latest_year":1962,"latest_detect":1962,"nearest_hazard":"Witmer Road Drive In","nearest_m":882.7,"source_db":"NWIS","chems":[],"src":"WQP"}},{"type":"Feature","geometry":{"type":"Point","coordinates":[-78.683087,43.138669]},"properties":{"well_id":"USGS-430819078410001","name":"NI 466","site_type":"Well","n_found":1,"chemicals_found":"Chloride","latest_year":1961,"latest_detect":1961,"nearest_hazard":"6157 South Transit Road Site","nearest_m":1836.5,"source_db":"NWIS","chems":[],"src":"WQP"}},{"type":"Feature","geometry":{"type":"Point","coordinates":[-78.836472,43.139167]},"properties":{"well_id":"USGS-430821078501701","name":"NI 470","site_type":"Well","n_found":22,"chemicals_found":"Bicarbonate; Calcium; Chloride; Color; Depth; Fluoride; Hardness, Ca, Mg; Iron; Magnesium; Manganese; Nitrate; Potassium; Silica; Sodium; Sodium adsorption ratio [(Na)/(sq root of 1/2 Ca + Mg)]; Sodium plus potassium; Sodium, percent total cations; Specific conductance; Sulfate; Temperature, water; Total dissolved solids; pH","latest_year":1968,"latest_detect":1968,"nearest_hazard":"Lockport Air Force Station","nearest_m":489.0,"source_db":"NWIS","chems":[],"src":"WQP"}},{"type":"Feature","geometry":{"type":"Point","coordinates":[-78.940597,43.140056]},"properties":{"well_id":"USGS-430824078562701","name":"NI 479","site_type":"Well","n_found":1,"chemicals_found":"Chloride","latest_year":1960,"latest_detect":1960,"nearest_hazard":"Carborundum Specialty Products","nearest_m":1167.2,"source_db":"NWIS","chems":[],"src":"WQP"}},{"type":"Feature","geometry":{"type":"Point","coordinates":[-78.684754,43.141446]},"properties":{"well_id":"USGS-430829078410601","name":"NI 489","site_type":"Well","n_found":1,"chemicals_found":"Chloride","latest_year":1961,"latest_detect":1961,"nearest_hazard":"6157 South Transit Road Site","nearest_m":2082.4,"source_db":"NWIS","chems":[],"src":"WQP"}},{"type":"Feature","geometry":{"type":"Point","coordinates":[-78.836472,43.141917]},"properties":{"well_id":"USGS-430832078501701","name":"NI 494","site_type":"Well","n_found":18,"chemicals_found":"Bicarbonate; Calcium; Chloride; Color; Depth; Fluoride; Hardness, Ca, Mg; Iron; Magnesium; Manganese; Nitrate; Silica; Sodium plus potassium; Specific conductance; Sulfate; Temperature, water; Total dissolved solids; pH","latest_year":1965,"latest_detect":1965,"nearest_hazard":"Lockport Air Force Station","nearest_m":557.8,"source_db":"NWIS","chems":[],"src":"WQP"}},{"type":"Feature","geometry":{"type":"Point","coordinates":[-78.863094,43.142834]},"properties":{"well_id":"USGS-430834078514801","name":"NI 496","site_type":"Well","n_found":1,"chemicals_found":"Temperature, water","latest_year":1961,"latest_detect":1961,"nearest_hazard":"Lockport Air Force Station","nearest_m":2679.5,"source_db":"NWIS","chems":[],"src":"WQP"}},{"type":"Feature","geometry":{"type":"Point","coordinates":[-78.913651,43.143667]},"properties":{"well_id":"USGS-430837078545001","name":"NI 506","site_type":"Well","n_found":1,"chemicals_found":"Chloride","latest_year":1960,"latest_detect":1960,"nearest_hazard":"Lockport Road - Struzik Property","nearest_m":2635.8,"source_db":"NWIS","chems":[],"src":"WQP"}},{"type":"Feature","geometry":{"type":"Point","coordinates":[-78.894484,43.146167]},"properties":{"well_id":"USGS-430846078534101","name":"NI 531","site_type":"Well","n_found":1,"chemicals_found":"Chloride","latest_year":1960,"latest_detect":1960,"nearest_hazard":"Lockport Road - Struzik Property","nearest_m":3606.7,"source_db":"NWIS","chems":[],"src":"WQP"}},{"type":"Feature","geometry":{"type":"Point","coordinates":[-78.785035,43.146446]},"properties":{"well_id":"USGS-430847078470701","name":"NI 533","site_type":"Well","n_found":1,"chemicals_found":"Chloride","latest_year":1961,"latest_detect":1961,"nearest_hazard":"Lockport Junction Road","nearest_m":2473.8,"source_db":"NWIS","chems":[],"src":"WQP"}},{"type":"Feature","geometry":{"type":"Point","coordinates":[-78.769757,43.147279]},"properties":{"well_id":"USGS-430850078461201","name":"NI 538","site_type":"Well","n_found":1,"chemicals_found":"Chloride","latest_year":1961,"latest_detect":1961,"nearest_hazard":"Lockport Junction Road","nearest_m":1404.6,"source_db":"NWIS","chems":[],"src":"WQP"}},{"type":"Feature","geometry":{"type":"Point","coordinates":[-78.76809,43.147835]},"properties":{"well_id":"USGS-430852078460601","name":"NI 544","site_type":"Well","n_found":1,"chemicals_found":"Chloride","latest_year":1961,"latest_detect":1961,"nearest_hazard":"Lockport Junction Road","nearest_m":1267.7,"source_db":"NWIS","chems":[],"src":"WQP"}},{"type":"Feature","geometry":{"type":"Point","coordinates":[-78.785869,43.147835]},"properties":{"well_id":"USGS-430852078471001","name":"NI 545","site_type":"Well","n_found":1,"chemicals_found":"Chloride","latest_year":1961,"latest_detect":1961,"nearest_hazard":"Lockport Junction Road","nearest_m":2470.9,"source_db":"NWIS","chems":[],"src":"WQP"}},{"type":"Feature","geometry":{"type":"Point","coordinates":[-79.034767,43.148111]},"properties":{"well_id":"USGS-430853079020601","name":"NI 547","site_type":"Well","n_found":3,"chemicals_found":"Chloride; Depth; Specific conductance","latest_year":1960,"latest_detect":1960,"nearest_hazard":"Stauffer Chemical Plant-PASNY Site","nearest_m":418.5,"source_db":"NWIS","chems":[],"src":"WQP"}},{"type":"Feature","geometry":{"type":"Point","coordinates":[-78.976987,43.151444]},"properties":{"well_id":"USGS-430905078583801","name":"NI 555","site_type":"Well","n_found":9,"chemicals_found":"Bicarbonate; Chloride; Depth; Hardness, Ca, Mg; Specific conductance; Sulfate; Temperature, water; Total dissolved solids; pH","latest_year":1962,"latest_detect":1962,"nearest_hazard":"Lockport Air Force Station (Site 02 - HTRW)","nearest_m":557.6,"source_db":"NWIS","chems":[],"src":"WQP"}},{"type":"Feature","geometry":{"type":"Point","coordinates":[-78.977265,43.152]},"properties":{"well_id":"USGS-430907078583901","name":"NI 557","site_type":"Well","n_found":9,"chemicals_found":"Bicarbonate; Chloride; Depth; Hardness, Ca, Mg; Specific conductance; Sulfate; Temperature, water; Total dissolved solids; pH","latest_year":1962,"latest_detect":1962,"nearest_hazard":"Lockport Air Force Station (Site 02 - HTRW)","nearest_m":617.1,"source_db":"NWIS","chems":[],"src":"WQP"}},{"type":"Feature","geometry":{"type":"Point","coordinates":[-78.973376,43.153111]},"properties":{"well_id":"USGS-430911078582501","name":"NI 566","site_type":"Well","n_found":4,"chemicals_found":"Chloride; Depth; Specific conductance; Temperature, water","latest_year":1960,"latest_detect":1960,"nearest_hazard":"Nike Battery NF-16","nearest_m":441.4,"source_db":"NWIS","chems":[],"src":"WQP"}},{"type":"Feature","geometry":{"type":"Point","coordinates":[-78.702532,43.155057]},"properties":{"well_id":"USGS-430918078421000","name":"NI   7","site_type":"Stream","n_found":54,"chemicals_found":"Acidity, (H+); Alkalinity; Aluminum; Arsenic; Barium; Bicarbonate; Boron; Cadmium; Calcium; Carbon; Carbon dioxide; Chloride; Chromium; Cobalt; Copper; Cyanide; Fluoride; Gallium; Hardness, Ca, Mg; Hardness, non-carbonate; Inorganic carbon; Inorganic nitrogen (nitrate and nitrite); Iron; Kjeldahl nitrogen; Lead; MBAS; Magnesium; Manganese; Mercury; Molybdenum; Nickel; Nitrate; Nitrite; Nitrogen, mixed forms (NH3), (NH4), organic, (NO2) and (NO3); Organic carbon; Phenols; Phosphorus; Potassium; Selenium; Silica; Silvex; Sodium; Sodium adsorption ratio [(Na)/(sq root of 1/2 Ca + Mg)]; Sodium, percent total cations; Specific conductance; Strontium; Sulfate; Tin; Titanium; Total dissolved solids; Vanadium; Zinc; Zirconium; pH","latest_year":1974,"latest_detect":1974,"nearest_hazard":"Diamond Shamrock","nearest_m":794.9,"source_db":"NWIS","chems":["Arsenic","Lead","Mercury","Chromium","Cadmium","Cyanide"],"src":"WQP"}},{"type":"Feature","geometry":{"type":"Point","coordinates":[-78.623085,43.155335]},"properties":{"well_id":"USGS-430919078372401","name":"NI 576","site_type":"Well","n_found":1,"chemicals_found":"Chloride","latest_year":1961,"latest_detect":1961,"nearest_hazard":"Lockport Town Landfill","nearest_m":4135.9,"source_db":"NWIS","chems":[],"src":"WQP"}},{"type":"Feature","geometry":{"type":"Point","coordinates":[-79.024767,43.155333]},"properties":{"well_id":"USGS-430919079013001","name":"NI 580","site_type":"Well","n_found":9,"chemicals_found":"Bicarbonate; Chloride; Depth; Hardness, Ca, Mg; Specific conductance; Sulfate; Temperature, water; Total dissolved solids; pH","latest_year":1962,"latest_detect":1962,"nearest_hazard":"Mt. St. Mary's Hospital","nearest_m":610.3,"source_db":"NWIS","chems":[],"src":"WQP"}},{"type":"Feature","geometry":{"type":"Point","coordinates":[-78.491136,43.155614]},"properties":{"well_id":"USGS-430920078292901","name":"NI 581","site_type":"Well","n_found":1,"chemicals_found":"Chloride","latest_year":1961,"latest_detect":1961,"nearest_hazard":"Royalton Town Landfill","nearest_m":5077.8,"source_db":"NWIS","chems":[],"src":"WQP"}},{"type":"Feature","geometry":{"type":"Point","coordinates":[-78.691139,43.157194]},"properties":{"well_id":"USGS-430926078412801","name":"NI1240","site_type":"Well","n_found":50,"chemicals_found":"Acidity, (H+); Alkalinity; Ammonia and ammonium; Argon; Arsenic; Barium; Beta particle; Boron; Calcium; Carbon dioxide; Chloride; Cobalt; Fluoride; Hardness, Ca, Mg; Hardness, non-carbonate; Hydrogen sulfide; Inorganic nitrogen (nitrate and nitrite); Iron; Kjeldahl nitrogen; Lead; Lithium; Magnesium; Manganese; Methane; Molybdenum; Nickel; Nitrate; Nitrogen; Nitrogen, mixed forms (NH3), (NH4), organic, (NO2) and (NO3); Organic Nitrogen; Organic carbon; Orthophosphate; Oxygen; Potassium; Radon-222; Salinity; Selenium; Silica; Sodium; Sodium adsorption ratio [(Na)/(sq root of 1/2 Ca + Mg)]; Sodium, percent total cations; Specific conductance; Strontium; Sulfate; Temperature, water; Total dissolved solids; Uranium; Zinc; p-Bromofluorobenzene; pH","latest_year":2011,"latest_detect":2011,"nearest_hazard":"NYSEG - Lockport State Road MGP","nearest_m":1124.6,"source_db":"NWIS","chems":["Arsenic","Lead","Uranium","Radium / Radon"],"src":"WQP"}},{"type":"Feature","geometry":{"type":"Point","coordinates":[-79.001988,43.1595]},"properties":{"well_id":"USGS-430934079000801","name":"NI 600","site_type":"Well","n_found":9,"chemicals_found":"Bicarbonate; Chloride; Depth; Hardness, Ca, Mg; Specific conductance; Sulfate; Temperature, water; Total dissolved solids; pH","latest_year":1962,"latest_detect":1962,"nearest_hazard":"PASNY Upper Mountain Rd. site","nearest_m":242.3,"source_db":"NWIS","chems":[],"src":"WQP"}},{"type":"Feature","geometry":{"type":"Point","coordinates":[-78.839204,43.16089]},"properties":{"well_id":"USGS-430939078502201","name":"NI 606","site_type":"Well","n_found":16,"chemicals_found":"Bicarbonate; Calcium; Chloride; Color; Depth; Fluoride; Hardness, Ca, Mg; Iron; Magnesium; Nitrate; Silica; Sodium plus potassium; Specific conductance; Sulfate; Total dissolved solids; pH","latest_year":1960,"latest_detect":1960,"nearest_hazard":"Lockport Air Force Station","nearest_m":2482.2,"source_db":"NWIS","chems":[],"src":"WQP"}},{"type":"Feature","geometry":{"type":"Point","coordinates":[-78.995321,43.161167]},"properties":{"well_id":"USGS-430940078594401","name":"NI 608","site_type":"Well","n_found":8,"chemicals_found":"Bicarbonate; Chloride; Depth; Hardness, Ca, Mg; Specific conductance; Sulfate; Total dissolved solids; pH","latest_year":1962,"latest_detect":1962,"nearest_hazard":"PASNY Upper Mountain Rd. site","nearest_m":521.8,"source_db":"NWIS","chems":[],"src":"WQP"}},{"type":"Feature","geometry":{"type":"Point","coordinates":[-78.551971,43.161725]},"properties":{"well_id":"USGS-430942078330801","name":"NI 610","site_type":"Well","n_found":1,"chemicals_found":"Chloride","latest_year":1961,"latest_detect":1961,"nearest_hazard":"Royalton Town Landfill","nearest_m":6639.8,"source_db":"NWIS","chems":[],"src":"WQP"}},{"type":"Feature","geometry":{"type":"Point","coordinates":[-78.995599,43.162]},"properties":{"well_id":"USGS-430943078594501","name":"NI 615","site_type":"Well","n_found":8,"chemicals_found":"Bicarbonate; Chloride; Depth; Hardness, Ca, Mg; Specific conductance; Sulfate; Total dissolved solids; pH","latest_year":1962,"latest_detect":1962,"nearest_hazard":"PASNY Upper Mountain Rd. site","nearest_m":497.5,"source_db":"NWIS","chems":[],"src":"WQP"}},{"type":"Feature","geometry":{"type":"Point","coordinates":[-78.835871,43.162834]},"properties":{"well_id":"USGS-430946078501001","name":"NI 618","site_type":"Well","n_found":16,"chemicals_found":"Bicarbonate; Calcium; Chloride; Color; Depth; Fluoride; Hardness, Ca, Mg; Iron; Magnesium; Nitrate; Silica; Sodium plus potassium; Specific conductance; Sulfate; Total dissolved solids; pH","latest_year":1960,"latest_detect":1960,"nearest_hazard":"Lockport Air Force Station","nearest_m":2631.4,"source_db":"NWIS","chems":[],"src":"WQP"}},{"type":"Feature","geometry":{"type":"Point","coordinates":[-78.941986,43.163111]},"properties":{"well_id":"USGS-430947078563201","name":"NI 621","site_type":"Well","n_found":3,"chemicals_found":"Chloride; Depth; Specific conductance","latest_year":1960,"latest_detect":1960,"nearest_hazard":"Nike Battery NF-16","nearest_m":2704.1,"source_db":"NWIS","chems":[],"src":"WQP"}},{"type":"Feature","geometry":{"type":"Point","coordinates":[-78.995877,43.163389]},"properties":{"well_id":"USGS-430948078594601","name":"NI 624","site_type":"Well","n_found":9,"chemicals_found":"Bicarbonate; Chloride; Depth; Hardness, Ca, Mg; Specific conductance; Sulfate; Temperature, water; Total dissolved solids; pH","latest_year":1962,"latest_detect":1962,"nearest_hazard":"PASNY Upper Mountain Rd. site","nearest_m":510.5,"source_db":"NWIS","chems":[],"src":"WQP"}},{"type":"Feature","geometry":{"type":"Point","coordinates":[-78.552527,43.163669]},"properties":{"well_id":"USGS-430949078331001","name":"NI 625","site_type":"Well","n_found":1,"chemicals_found":"Chloride","latest_year":1961,"latest_detect":1961,"nearest_hazard":"Royalton Town Landfill","nearest_m":6533.2,"source_db":"NWIS","chems":[],"src":"WQP"}},{"type":"Feature","geometry":{"type":"Point","coordinates":[-78.544194,43.16478]},"properties":{"well_id":"USGS-430953078324001","name":"NI 630","site_type":"Well","n_found":1,"chemicals_found":"Chloride","latest_year":1961,"latest_detect":1961,"nearest_hazard":"Royalton Town Landfill","nearest_m":5943.3,"source_db":"NWIS","chems":[],"src":"WQP"}},{"type":"Feature","geometry":{"type":"Point","coordinates":[-78.884761,43.165334]},"properties":{"well_id":"USGS-430955078530601","name":"NI 632","site_type":"Well","n_found":1,"chemicals_found":"Chloride","latest_year":1960,"latest_detect":1960,"nearest_hazard":"Lockport Air Force Station","nearest_m":5267.4,"source_db":"NWIS","chems":[],"src":"WQP"}},{"type":"Feature","geometry":{"type":"Point","coordinates":[-79.047823,43.167277]},"properties":{"well_id":"USGS-431002079025301","name":"NI 645","site_type":"Well","n_found":8,"chemicals_found":"Bicarbonate; Chloride; Depth; Hardness, Ca, Mg; Specific conductance; Sulfate; Total dissolved solids; pH","latest_year":1960,"latest_detect":1960,"nearest_hazard":"Stauffer Chemical - Art Park Site","nearest_m":409.3,"source_db":"NWIS","chems":[],"src":"WQP"}},{"type":"Feature","geometry":{"type":"Point","coordinates":[-78.915596,43.171722]},"properties":{"well_id":"USGS-431018078545701","name":"NI 666","site_type":"Well","n_found":1,"chemicals_found":"Chloride","latest_year":1960,"latest_detect":1960,"nearest_hazard":"Nike Battery NF-16","nearest_m":5039.6,"source_db":"NWIS","chems":[],"src":"WQP"}},{"type":"Feature","geometry":{"type":"Point","coordinates":[-78.930597,43.172]},"properties":{"well_id":"USGS-431019078555101","name":"NI 668","site_type":"Well","n_found":1,"chemicals_found":"Chloride","latest_year":1960,"latest_detect":1960,"nearest_hazard":"Nike Battery NF-16","nearest_m":4030.0,"source_db":"NWIS","chems":[],"src":"WQP"}},{"type":"Feature","geometry":{"type":"Point","coordinates":[-78.93643,43.172556]},"properties":{"well_id":"USGS-431021078561201","name":"NI 670","site_type":"Well","n_found":2,"chemicals_found":"Chloride; Temperature, water","latest_year":1961,"latest_detect":1961,"nearest_hazard":"Nike Battery NF-16","nearest_m":3705.6,"source_db":"NWIS","chems":[],"src":"WQP"}},{"type":"Feature","geometry":{"type":"Point","coordinates":[-78.988654,43.173667]},"properties":{"well_id":"USGS-431025078592001","name":"NI 674","site_type":"Well","n_found":3,"chemicals_found":"Chloride; Depth; Specific conductance","latest_year":1960,"latest_detect":1960,"nearest_hazard":"Modern Disposal Services, Inc.","nearest_m":844.4,"source_db":"NWIS","chems":[],"src":"WQP"}},{"type":"Feature","geometry":{"type":"Point","coordinates":[-78.988377,43.175333]},"properties":{"well_id":"USGS-431031078591901","name":"NI 680","site_type":"Well","n_found":8,"chemicals_found":"Bicarbonate; Chloride; Depth; Hardness, Ca, Mg; Specific conductance; Sulfate; Total dissolved solids; pH","latest_year":1960,"latest_detect":1960,"nearest_hazard":"Modern Disposal Services, Inc.","nearest_m":658.0,"source_db":"NWIS","chems":[],"src":"WQP"}},{"type":"Feature","geometry":{"type":"Point","coordinates":[-78.893095,43.177278]},"properties":{"well_id":"USGS-431038078533601","name":"NI 684","site_type":"Well","n_found":6,"chemicals_found":"Bicarbonate; Chloride; Depth; Hardness, Ca, Mg; Sulfate; pH","latest_year":1960,"latest_detect":1960,"nearest_hazard":"Carborundum Specialty Products","nearest_m":6587.2,"source_db":"NWIS","chems":[],"src":"WQP"}},{"type":"Feature","geometry":{"type":"Point","coordinates":[-78.985599,43.177555]},"properties":{"well_id":"USGS-431039078590901","name":"NI 687","site_type":"Well","n_found":8,"chemicals_found":"Bicarbonate; Chloride; Depth; Hardness, Ca, Mg; Specific conductance; Sulfate; Total dissolved solids; pH","latest_year":1960,"latest_detect":1960,"nearest_hazard":"Modern Disposal Services, Inc.","nearest_m":420.5,"source_db":"NWIS","chems":[],"src":"WQP"}},{"type":"Feature","geometry":{"type":"Point","coordinates":[-78.990877,43.177555]},"properties":{"well_id":"USGS-431039078592801","name":"NI 688","site_type":"Well","n_found":8,"chemicals_found":"Bicarbonate; Chloride; Depth; Hardness, Ca, Mg; Specific conductance; Sulfate; Total dissolved solids; pH","latest_year":1960,"latest_detect":1960,"nearest_hazard":"Modern Disposal Services, Inc.","nearest_m":507.0,"source_db":"NWIS","chems":[],"src":"WQP"}},{"type":"Feature","geometry":{"type":"Point","coordinates":[-78.984765,43.177833]},"properties":{"well_id":"USGS-431040078590601","name":"NI 690","site_type":"Well","n_found":3,"chemicals_found":"Chloride; Depth; Specific conductance","latest_year":1960,"latest_detect":1960,"nearest_hazard":"Modern Disposal Services, Inc.","nearest_m":417.1,"source_db":"NWIS","chems":[],"src":"WQP"}},{"type":"Feature","geometry":{"type":"Point","coordinates":[-78.905874,43.180056]},"properties":{"well_id":"USGS-431048078542201","name":"NI 700","site_type":"Well","n_found":6,"chemicals_found":"Bicarbonate; Chloride; Depth; Hardness, Ca, Mg; Sulfate; pH","latest_year":1960,"latest_detect":1960,"nearest_hazard":"Nike Battery NF-16","nearest_m":6192.0,"source_db":"NWIS","chems":[],"src":"WQP"}},{"type":"Feature","geometry":{"type":"Point","coordinates":[-78.986154,43.182]},"properties":{"well_id":"USGS-431055078591101","name":"NI 707","site_type":"Well","n_found":4,"chemicals_found":"Acidity, (H+); Specific conductance; Temperature, water; pH","latest_year":1982,"latest_detect":1982,"nearest_hazard":"Modern Disposal Services, Inc.","nearest_m":118.5,"source_db":"NWIS","chems":[],"src":"WQP"}},{"type":"Feature","geometry":{"type":"Point","coordinates":[-78.929486,43.187]},"properties":{"well_id":"USGS-431113078554701","name":"NI 728","site_type":"Well","n_found":6,"chemicals_found":"Bicarbonate; Chloride; Depth; Hardness, Ca, Mg; Sulfate; pH","latest_year":1960,"latest_detect":1960,"nearest_hazard":"Lewiston Town Landfill","nearest_m":4421.2,"source_db":"NWIS","chems":[],"src":"WQP"}},{"type":"Feature","geometry":{"type":"Point","coordinates":[-78.641697,43.190613]},"properties":{"well_id":"USGS-431126078383101","name":"NI 735","site_type":"Well","n_found":8,"chemicals_found":"Bicarbonate; Chloride; Depth; Hardness, Ca, Mg; Specific conductance; Sulfate; Total dissolved solids; pH","latest_year":1961,"latest_detect":1961,"nearest_hazard":"Lockport Town Landfill","nearest_m":884.0,"source_db":"NWIS","chems":[],"src":"WQP"}},{"type":"Feature","geometry":{"type":"Point","coordinates":[-78.511415,43.19228]},"properties":{"well_id":"USGS-431132078304201","name":"NI 740","site_type":"Well","n_found":2,"chemicals_found":"Chloride; Temperature, water","latest_year":1961,"latest_detect":1961,"nearest_hazard":"Royalton Town Landfill","nearest_m":1953.3,"source_db":"NWIS","chems":[],"src":"WQP"}},{"type":"Feature","geometry":{"type":"Point","coordinates":[-78.503915,43.193114]},"properties":{"well_id":"USGS-431135078301501","name":"NI 742","site_type":"Well","n_found":1,"chemicals_found":"Chloride","latest_year":1961,"latest_detect":1961,"nearest_hazard":"Royalton Town Landfill","nearest_m":1402.4,"source_db":"NWIS","chems":[],"src":"WQP"}},{"type":"Feature","geometry":{"type":"Point","coordinates":[-78.508359,43.193114]},"properties":{"well_id":"USGS-431135078303101","name":"NI 743","site_type":"Well","n_found":8,"chemicals_found":"Bicarbonate; Chloride; Depth; Hardness, Ca, Mg; Specific conductance; Sulfate; Total dissolved solids; pH","latest_year":1961,"latest_detect":1961,"nearest_hazard":"Royalton Town Landfill","nearest_m":1693.4,"source_db":"NWIS","chems":[],"src":"WQP"}},{"type":"Feature","geometry":{"type":"Point","coordinates":[-78.585306,43.193669]},"properties":{"well_id":"USGS-431137078350801","name":"NI 745","site_type":"Well","n_found":8,"chemicals_found":"Bicarbonate; Chloride; Depth; Hardness, Ca, Mg; Specific conductance; Sulfate; Total dissolved solids; pH","latest_year":1961,"latest_detect":1961,"nearest_hazard":"Lockport Town Landfill","nearest_m":3719.8,"source_db":"NWIS","chems":[],"src":"WQP"}},{"type":"Feature","geometry":{"type":"Point","coordinates":[-78.984766,43.195055]},"properties":{"well_id":"USGS-431142078590601","name":"NI 750","site_type":"Well","n_found":19,"chemicals_found":"Bicarbonate; Calcium; Chloride; Color; Depth; Fluoride; Hardness, Ca, Mg; Iron; Magnesium; Nitrate; Potassium; Silica; Sodium; Sodium adsorption ratio [(Na)/(sq root of 1/2 Ca + Mg)]; Sodium, percent total cations; Specific conductance; Sulfate; Total dissolved solids; pH","latest_year":1948,"latest_detect":1948,"nearest_hazard":"Modern Disposal Services, Inc.","nearest_m":1552.9,"source_db":"NWIS","chems":[],"src":"WQP"}},{"type":"Feature","geometry":{"type":"Point","coordinates":[-78.91143,43.195889]},"properties":{"well_id":"USGS-431145078544201","name":"NI 753","site_type":"Well","n_found":1,"chemicals_found":"Chloride","latest_year":1960,"latest_detect":1960,"nearest_hazard":"Balmer Road School","nearest_m":5368.1,"source_db":"NWIS","chems":[],"src":"WQP"}},{"type":"Feature","geometry":{"type":"Point","coordinates":[-78.675309,43.197279]},"properties":{"well_id":"USGS-431150078403201","name":"NI 756","site_type":"Well","n_found":1,"chemicals_found":"Chloride","latest_year":1961,"latest_detect":1961,"nearest_hazard":"Former Flintkote Site Investigation","nearest_m":2043.5,"source_db":"NWIS","chems":[],"src":"WQP"}},{"type":"Feature","geometry":{"type":"Point","coordinates":[-78.915596,43.198667]},"properties":{"well_id":"USGS-431155078545701","name":"NI 764","site_type":"Well","n_found":1,"chemicals_found":"Chloride","latest_year":1960,"latest_detect":1960,"nearest_hazard":"Balmer Road School","nearest_m":4921.4,"source_db":"NWIS","chems":[],"src":"WQP"}},{"type":"Feature","geometry":{"type":"Point","coordinates":[-78.674754,43.198946]},"properties":{"well_id":"USGS-431156078403001","name":"NI 765","site_type":"Well","n_found":1,"chemicals_found":"Chloride","latest_year":1961,"latest_detect":1961,"nearest_hazard":"Former Flintkote Site Investigation","nearest_m":2223.5,"source_db":"NWIS","chems":[],"src":"WQP"}},{"type":"Feature","geometry":{"type":"Point","coordinates":[-78.894762,43.200889]},"properties":{"well_id":"USGS-431203078534201","name":"NI 769","site_type":"Well","n_found":6,"chemicals_found":"Bicarbonate; Chloride; Depth; Hardness, Ca, Mg; Sulfate; pH","latest_year":1960,"latest_detect":1960,"nearest_hazard":"Youngstown Test Annex","nearest_m":6317.9,"source_db":"NWIS","chems":[],"src":"WQP"}},{"type":"Feature","geometry":{"type":"Point","coordinates":[-78.9981,43.208388]},"properties":{"well_id":"USGS-431230078595401","name":"NI 783","site_type":"Well","n_found":1,"chemicals_found":"Temperature, water","latest_year":1960,"latest_detect":1960,"nearest_hazard":"Niagara Falls Storage Site","nearest_m":1370.3,"source_db":"NWIS","chems":[],"src":"WQP"}},{"type":"Feature","geometry":{"type":"Point","coordinates":[-78.998655,43.210333]},"properties":{"well_id":"USGS-431237078595601","name":"NI 787","site_type":"Well","n_found":19,"chemicals_found":"Bicarbonate; Calcium; Chloride; Color; Depth; Fluoride; Hardness, Ca, Mg; Iron; Magnesium; Nitrate; Potassium; Silica; Sodium; Sodium adsorption ratio [(Na)/(sq root of 1/2 Ca + Mg)]; Sodium, percent total cations; Specific conductance; Sulfate; Total dissolved solids; pH","latest_year":1948,"latest_detect":1948,"nearest_hazard":"Niagara Falls Storage Site","nearest_m":1328.4,"source_db":"NWIS","chems":[],"src":"WQP"}},{"type":"Feature","geometry":{"type":"Point","coordinates":[-78.915041,43.210889]},"properties":{"well_id":"USGS-431239078545501","name":"NI 789","site_type":"Well","n_found":1,"chemicals_found":"Chloride","latest_year":1960,"latest_detect":1960,"nearest_hazard":"Youngstown Test Annex","nearest_m":4337.9,"source_db":"NWIS","chems":[],"src":"WQP"}},{"type":"Feature","geometry":{"type":"Point","coordinates":[-78.89754,43.212834]},"properties":{"well_id":"USGS-431246078535201","name":"NI 798","site_type":"Well","n_found":6,"chemicals_found":"Bicarbonate; Chloride; Depth; Hardness, Ca, Mg; Sulfate; pH","latest_year":1960,"latest_detect":1960,"nearest_hazard":"Youngstown Test Annex","nearest_m":5558.6,"source_db":"NWIS","chems":[],"src":"WQP"}},{"type":"Feature","geometry":{"type":"Point","coordinates":[-78.991711,43.229777]},"properties":{"well_id":"USGS-431347078593101","name":"NI 811","site_type":"Well","n_found":1,"chemicals_found":"Temperature, water","latest_year":1960,"latest_detect":1960,"nearest_hazard":"J.& T. Salvage","nearest_m":432.6,"source_db":"NWIS","chems":[],"src":"WQP"}},{"type":"Feature","geometry":{"type":"Point","coordinates":[-78.995322,43.231444]},"properties":{"well_id":"USGS-431353078594401","name":"NI 813","site_type":"Well","n_found":20,"chemicals_found":"Bicarbonate; Calcium; Chloride; Color; Depth; Fluoride; Hardness, Ca, Mg; Iron; Magnesium; Nitrate; Potassium; Silica; Sodium; Sodium adsorption ratio [(Na)/(sq root of 1/2 Ca + Mg)]; Sodium, percent total cations; Specific conductance; Sulfate; Temperature, water; Total dissolved solids; pH","latest_year":1960,"latest_detect":1960,"nearest_hazard":"J.& T. Salvage","nearest_m":98.2,"source_db":"NWIS","chems":[],"src":"WQP"}},{"type":"Feature","geometry":{"type":"Point","coordinates":[-79.004489,43.242555]},"properties":{"well_id":"USGS-431433079001701","name":"NI 824","site_type":"Well","n_found":1,"chemicals_found":"Temperature, water","latest_year":1960,"latest_detect":1960,"nearest_hazard":"J.& T. Salvage","nearest_m":1394.3,"source_db":"NWIS","chems":[],"src":"WQP"}},{"type":"Feature","geometry":{"type":"Point","coordinates":[-78.852539,43.243111]},"properties":{"well_id":"USGS-431435078511001","name":"NI 826","site_type":"Well","n_found":1,"chemicals_found":"Chloride","latest_year":1961,"latest_detect":1961,"nearest_hazard":"DAL Specialties Inc.","nearest_m":2827.6,"source_db":"NWIS","chems":[],"src":"WQP"}},{"type":"Feature","geometry":{"type":"Point","coordinates":[-78.849483,43.243389]},"properties":{"well_id":"USGS-431436078505901","name":"NI 827","site_type":"Well","n_found":1,"chemicals_found":"Chloride","latest_year":1961,"latest_detect":1961,"nearest_hazard":"DAL Specialties Inc.","nearest_m":2930.7,"source_db":"NWIS","chems":[],"src":"WQP"}},{"type":"Feature","geometry":{"type":"Point","coordinates":[-78.970278,43.250694]},"properties":{"well_id":"USGS-431459078581201","name":"NI1221","site_type":"Well","n_found":43,"chemicals_found":"Acidity, (H+); Alkalinity; Alpha particle; Ammonia and ammonium; Argon; Arsenic; Barium; Beta particle; Boron; Calcium; Carbon dioxide; Chloride; Copper; Fluoride; Hardness, Ca, Mg; Heterotrophic bacteria; Iron; Kjeldahl nitrogen; Lithium; Magnesium; Manganese; Methane; Molybdenum; Nitrogen; Organic Nitrogen; Organic carbon; Orthophosphate; Oxygen; Potassium; Radon-222; Selenium; Silica; Sodium; Sodium adsorption ratio [(Na)/(sq root of 1/2 Ca + Mg)]; Sodium, percent total cations; Specific conductance; Strontium; Sulfate; Temperature, water; Total dissolved solids; Uranium; p-Bromofluorobenzene; pH","latest_year":2011,"latest_detect":2011,"nearest_hazard":"Bell Test Center - Air Force Plant #38","nearest_m":1210.7,"source_db":"NWIS","chems":["Arsenic","Uranium","Radium / Radon"],"src":"WQP"}},{"type":"Feature","geometry":{"type":"Point","coordinates":[-79.022472,43.255917]},"properties":{"well_id":"USGS-431500079010001","name":"NI1093","site_type":"Well","n_found":53,"chemicals_found":"2,4,5-T; Acidity, (H+); Alkalinity; Aluminum; Ammonia and ammonium; Antimony; Arsenic; Barban; Barium; Boron; Calcium; Carbon dioxide; Chloride; Chromium; Cobalt; Color; Copper; Escherichia coli; Fluoride; Hardness, Ca, Mg; Hardness, non-carbonate; Heterotrophic bacteria; Iron; Kjeldahl nitrogen; Lead; Lithium; Magnesium; Manganese; Molybdenum; Nickel; Organic Nitrogen; Orthophosphate; Oxygen; Potassium; Radon-222; Selenium; Siduron; Silica; Silver; Sodium; Sodium adsorption ratio [(Na)/(sq root of 1/2 Ca + Mg)]; Sodium, percent total cations; Specific conductance; Strontium; Sulfate; Temperature, water; Toluene; Total Coliform; Total dissolved solids; Uranium; Zinc; p-Bromofluorobenzene; pH","latest_year":2006,"latest_detect":2006,"nearest_hazard":"Air Force Plant No. 68 (AFPLT 68)","nearest_m":496.0,"source_db":"NWIS","chems":["Arsenic","Lead","Chromium","Toluene","Uranium","Radium / Radon"],"src":"WQP"}},{"type":"Feature","geometry":{"type":"Point","coordinates":[-78.703139,43.26125]},"properties":{"well_id":"USGS-431546078421101","name":"NI1203","site_type":"Well","n_found":55,"chemicals_found":"2,4,5-T; 2-Chloro-N-(2-ethyl-6-methylphenyl)acetamide; Acidity, (H+); Alachlor; Alkalinity; Ammonia and ammonium; Arsenic; Atrazine; Barban; Barium; Boron; Cadmium; Calcium; Carbon dioxide; Chloride; Cobalt; Color; Copper; Fluoride; Hardness, Ca, Mg; Hardness, non-carbonate; Heterotrophic bacteria; Hydroxyalachlor; Iron; Kjeldahl nitrogen; Lead; Linuron; Lithium; Magnesium; Manganese; Metolachlor; Molybdenum; Nickel; Nitrite; Organic Nitrogen; Organic carbon; Orthophosphate; Oxygen; Potassium; Propachlor; Radon-222; Silica; Simazine; Sodium; Sodium adsorption ratio [(Na)/(sq root of 1/2 Ca + Mg)]; Sodium, percent total cations; Specific conductance; Strontium; Sulfate; Temperature, water; Total dissolved solids; Uranium; Zinc; p-Bromofluorobenzene; pH","latest_year":2006,"latest_detect":2006,"nearest_hazard":"Eighteenmile Creek Sediments","nearest_m":5113.3,"source_db":"NWIS","chems":["Arsenic","Lead","Cadmium","Atrazine","Uranium","Radium / Radon"],"src":"WQP"}},{"type":"Feature","geometry":{"type":"Point","coordinates":[-79.019444,43.273611]},"properties":{"well_id":"USGS-431625079011001","name":"D1-V2, Niagara River along East Embayment, NY","site_type":"Lake, Reservoir, Impoundment","n_found":20,"chemicals_found":"Acidity, (H+); Ammonia and ammonium; Biomass, plankton; Biomass/chlorophyll ratio; Chlorophyll; Chlorophyll a; Inorganic nitrogen (nitrate and nitrite); Nitrate; Nitrite; Nitrogen, mixed forms (NH3), (NH4), organic, (NO2) and (NO3); Organic Nitrogen; Oxygen; Pheophytin a; Phosphorus; Phycocyanins; Specific conductance; Temperature, water; Total dissolved solids; Turbidity; pH","latest_year":2018,"latest_detect":2018,"nearest_hazard":"Air Force Plant No. 68 (AFPLT 68)","nearest_m":1512.7,"source_db":"NWIS","chems":[],"src":"WQP"}},{"type":"Feature","geometry":{"type":"Point","coordinates":[-79.019444,43.273889]},"properties":{"well_id":"USGS-431626079011001","name":"D2-V2, Niagara River along East Embayment, NY","site_type":"Lake, Reservoir, Impoundment","n_found":20,"chemicals_found":"Acidity, (H+); Ammonia and ammonium; Biomass, plankton; Biomass/chlorophyll ratio; Chlorophyll; Chlorophyll a; Inorganic nitrogen (nitrate and nitrite); Nitrate; Nitrite; Nitrogen, mixed forms (NH3), (NH4), organic, (NO2) and (NO3); Organic Nitrogen; Oxygen; Pheophytin a; Phosphorus; Phycocyanins; Specific conductance; Temperature, water; Total dissolved solids; Turbidity; pH","latest_year":2018,"latest_detect":2018,"nearest_hazard":"Air Force Plant No. 68 (AFPLT 68)","nearest_m":1543.6,"source_db":"NWIS","chems":[],"src":"WQP"}},{"type":"Feature","geometry":{"type":"Point","coordinates":[-79.019722,43.274444]},"properties":{"well_id":"USGS-431628079011101","name":"D3-V2, Niagara River along East Embayment, NY","site_type":"Lake, Reservoir, Impoundment","n_found":20,"chemicals_found":"Acidity, (H+); Ammonia and ammonium; Biomass, plankton; Biomass/chlorophyll ratio; Chlorophyll; Chlorophyll a; Inorganic nitrogen (nitrate and nitrite); Nitrate; Nitrite; Nitrogen, mixed forms (NH3), (NH4), organic, (NO2) and (NO3); Organic Nitrogen; Oxygen; Pheophytin a; Phosphorus; Phycocyanins; Specific conductance; Temperature, water; Total dissolved solids; Turbidity; pH","latest_year":2018,"latest_detect":2018,"nearest_hazard":"Air Force Plant No. 68 (AFPLT 68)","nearest_m":1604.8,"source_db":"NWIS","chems":[],"src":"WQP"}},{"type":"Feature","geometry":{"type":"Point","coordinates":[-79.019722,43.274444]},"properties":{"well_id":"USGS-431628079011102","name":"D3-V10, Niagara River along East Embayment, NY","site_type":"Lake, Reservoir, Impoundment","n_found":20,"chemicals_found":"Acidity, (H+); Ammonia and ammonium; Biomass, plankton; Biomass/chlorophyll ratio; Chlorophyll; Chlorophyll a; Inorganic nitrogen (nitrate and nitrite); Nitrate; Nitrite; Nitrogen, mixed forms (NH3), (NH4), organic, (NO2) and (NO3); Organic Nitrogen; Oxygen; Pheophytin a; Phosphorus; Phycocyanins; Specific conductance; Temperature, water; Total dissolved solids; Turbidity; pH","latest_year":2018,"latest_detect":2018,"nearest_hazard":"Air Force Plant No. 68 (AFPLT 68)","nearest_m":1604.8,"source_db":"NWIS","chems":[],"src":"WQP"}},{"type":"Feature","geometry":{"type":"Point","coordinates":[-79.02,43.275]},"properties":{"well_id":"USGS-431630079011201","name":"D4-V2, Niagara River along East Embayment, NY","site_type":"Lake, Reservoir, Impoundment","n_found":20,"chemicals_found":"Acidity, (H+); Ammonia and ammonium; Biomass, plankton; Biomass/chlorophyll ratio; Chlorophyll; Chlorophyll a; Inorganic nitrogen (nitrate and nitrite); Nitrate; Nitrite; Nitrogen, mixed forms (NH3), (NH4), organic, (NO2) and (NO3); Organic Nitrogen; Oxygen; Pheophytin a; Phosphorus; Phycocyanins; Specific conductance; Temperature, water; Total dissolved solids; Turbidity; pH","latest_year":2018,"latest_detect":2018,"nearest_hazard":"Air Force Plant No. 68 (AFPLT 68)","nearest_m":1666.3,"source_db":"NWIS","chems":[],"src":"WQP"}},{"type":"Feature","geometry":{"type":"Point","coordinates":[-79.02,43.275]},"properties":{"well_id":"USGS-431630079011202","name":"D4-V10, Niagara River along East Embayment, NY","site_type":"Lake, Reservoir, Impoundment","n_found":20,"chemicals_found":"Acidity, (H+); Ammonia and ammonium; Biomass, plankton; Biomass/chlorophyll ratio; Chlorophyll; Chlorophyll a; Inorganic nitrogen (nitrate and nitrite); Nitrate; Nitrite; Nitrogen, mixed forms (NH3), (NH4), organic, (NO2) and (NO3); Organic Nitrogen; Oxygen; Pheophytin a; Phosphorus; Phycocyanins; Specific conductance; Temperature, water; Total dissolved solids; Turbidity; pH","latest_year":2018,"latest_detect":2018,"nearest_hazard":"Air Force Plant No. 68 (AFPLT 68)","nearest_m":1666.3,"source_db":"NWIS","chems":[],"src":"WQP"}},{"type":"Feature","geometry":{"type":"Point","coordinates":[-78.723368,43.276167]},"properties":{"well_id":"USGS-431634078432501","name":"NI 845","site_type":"Well","n_found":8,"chemicals_found":"Bicarbonate; Chloride; Depth; Hardness, Ca, Mg; Specific conductance; Sulfate; Total dissolved solids; pH","latest_year":1961,"latest_detect":1961,"nearest_hazard":"Noury Chemicals","nearest_m":4137.0,"source_db":"NWIS","chems":[],"src":"WQP"}},{"type":"Feature","geometry":{"type":"Point","coordinates":[-79.020556,43.276389]},"properties":{"well_id":"USGS-431635079011401","name":"D5-V2, Niagara River along East Embayment, NY","site_type":"Lake, Reservoir, Impoundment","n_found":19,"chemicals_found":"Acidity, (H+); Ammonia and ammonium; Biomass, plankton; Biomass/chlorophyll ratio; Chlorophyll; Chlorophyll a; Inorganic nitrogen (nitrate and nitrite); Nitrate; Nitrite; Nitrogen, mixed forms (NH3), (NH4), organic, (NO2) and (NO3); Organic Nitrogen; Oxygen; Pheophytin a; Phosphorus; Specific conductance; Temperature, water; Total dissolved solids; Turbidity; pH","latest_year":2018,"latest_detect":2018,"nearest_hazard":"Air Force Plant No. 68 (AFPLT 68)","nearest_m":1821.2,"source_db":"NWIS","chems":[],"src":"WQP"}},{"type":"Feature","geometry":{"type":"Point","coordinates":[-79.020556,43.276389]},"properties":{"well_id":"USGS-431635079011402","name":"D5-V10, Niagara River along East Embayment, NY","site_type":"Lake, Reservoir, Impoundment","n_found":20,"chemicals_found":"Acidity, (H+); Ammonia and ammonium; Biomass, plankton; Biomass/chlorophyll ratio; Chlorophyll; Chlorophyll a; Inorganic nitrogen (nitrate and nitrite); Nitrate; Nitrite; Nitrogen, mixed forms (NH3), (NH4), organic, (NO2) and (NO3); Organic Nitrogen; Oxygen; Pheophytin a; Phosphorus; Phycocyanins; Specific conductance; Temperature, water; Total dissolved solids; Turbidity; pH","latest_year":2018,"latest_detect":2018,"nearest_hazard":"Air Force Plant No. 68 (AFPLT 68)","nearest_m":1821.2,"source_db":"NWIS","chems":[],"src":"WQP"}},{"type":"Feature","geometry":{"type":"Point","coordinates":[-79.021111,43.277778]},"properties":{"well_id":"USGS-431640079011601","name":"D6-V2, Niagara River along East Embayment, NY","site_type":"Lake, Reservoir, Impoundment","n_found":19,"chemicals_found":"Acidity, (H+); Ammonia and ammonium; Biomass, plankton; Biomass/chlorophyll ratio; Chlorophyll; Chlorophyll a; Inorganic nitrogen (nitrate and nitrite); Nitrate; Nitrite; Nitrogen, mixed forms (NH3), (NH4), organic, (NO2) and (NO3); Organic Nitrogen; Oxygen; Pheophytin a; Phosphorus; Specific conductance; Temperature, water; Total dissolved solids; Turbidity; pH","latest_year":2018,"latest_detect":2018,"nearest_hazard":"Air Force Plant No. 68 (AFPLT 68)","nearest_m":1977.0,"source_db":"NWIS","chems":[],"src":"WQP"}},{"type":"Feature","geometry":{"type":"Point","coordinates":[-79.021111,43.277778]},"properties":{"well_id":"USGS-431640079011602","name":"D6-V10, Niagara River along East Embayment, NY","site_type":"Lake, Reservoir, Impoundment","n_found":16,"chemicals_found":"Acidity, (H+); Ammonia and ammonium; Chlorophyll; Inorganic nitrogen (nitrate and nitrite); Nitrate; Nitrite; Nitrogen, mixed forms (NH3), (NH4), organic, (NO2) and (NO3); Organic Nitrogen; Oxygen; Phosphorus; Phycocyanins; Specific conductance; Temperature, water; Total dissolved solids; Turbidity; pH","latest_year":2018,"latest_detect":2018,"nearest_hazard":"Air Force Plant No. 68 (AFPLT 68)","nearest_m":1977.0,"source_db":"NWIS","chems":[],"src":"WQP"}},{"type":"Feature","geometry":{"type":"Point","coordinates":[-79.021111,43.277778]},"properties":{"well_id":"USGS-431640079011603","name":"D6-V20, Niagara River along East Embayment, NY","site_type":"Lake, Reservoir, Impoundment","n_found":21,"chemicals_found":"Acidity, (H+); Ammonia and ammonium; Biomass, phytoplankton; Biomass, plankton; Biomass/chlorophyll ratio; Chlorophyll; Chlorophyll a; Inorganic nitrogen (nitrate and nitrite); Nitrate; Nitrite; Nitrogen, mixed forms (NH3), (NH4), organic, (NO2) and (NO3); Organic Nitrogen; Oxygen; Pheophytin a; Phosphorus; Phycocyanins; Specific conductance; Temperature, water; Total dissolved solids; Turbidity; pH","latest_year":2018,"latest_detect":2018,"nearest_hazard":"Air Force Plant No. 68 (AFPLT 68)","nearest_m":1977.0,"source_db":"NWIS","chems":[],"src":"WQP"}},{"type":"Feature","geometry":{"type":"Point","coordinates":[-78.987583,43.278]},"properties":{"well_id":"USGS-431641078591501","name":"LAKE ONTARIO AT FOURMILE CREEK STATE PARK, NY","site_type":"Lake, Reservoir, Impoundment","n_found":58,"chemicals_found":"1,2,3,4,6,7,8,9-Octachlorodibenzo-p-dioxin; 1,2,3,4,6,7,8,9-Octachlorodibenzofuran; 1,2,3,4,6,7,8-Heptachlorodibenzo-p-dioxin; 1,2,3,4,6,7,8-Heptachlorodibenzofuran; 1,2,3,4,7,8,9-Heptachlorodibenzofuran; 1,2,3,4,7,8-Hexachlorodibenzo-p-dioxin; 1,2,3,4,7,8-Hexachlorodibenzofuran; 1,2,3,7,8,9-Hexachlorodibenzo-p-dioxin; 1,2,3,7,8,9-Hexachlorodibenzofuran; 1,2,3,7,8-Pentachlorodibenzofuran; 2,3,4,7,8-Pentachlorodibenzofuran; 2,3,7,8-Tetrachlorodibenzofuran; Acidity, (H+); Alkalinity; Ammonia and ammonium; Arsenic; Atrazine; Boron; Caffeine; Carbon dioxide; Chloride; Chlorophyll; Chlorophyll a; Cholesterol; Copper; Desmethylvenlafaxine; Inorganic nitrogen (nitrate and nitrite); Iron; Light, photosynthetic active radiation (PAR); Manganese; Metformin; Methocarbamol; Molybdenum; Nickel; Nitrate; Nitrite; Nitrogen, mixed forms (NH3), (NH4), organic, (NO2) and (NO3); Organic Nitrogen; Orthophosphate; Oxygen; PFOA ion; Perfluorobutanesulfonate; Perfluorobutanoate; Perfluoroheptanoate; Perfluorohexanesulfonate; Perfluorohexanoate; Perfluorooctanesulfonate; Perfluoropentanoate; Pheophytin a; Phosphorus; Phycocyanins; Sodium; Specific conductance; Temperature, water; Tolyl triazole; Total suspended solids; Turbidity; pH","latest_year":2023,"latest_detect":2023,"nearest_hazard":"Air Force Plant No. 68 (AFPLT 68)","nearest_m":3305.1,"source_db":"NWIS","chems":["Arsenic","PFAS (PFOA/PFOS)","Dioxins / furans","Atrazine"],"src":"WQP"}},{"type":"Feature","geometry":{"type":"Point","coordinates":[-79.021389,43.278889]},"properties":{"well_id":"USGS-431644079011701","name":"D7-V2, Niagara River along East Embayment, NY","site_type":"Lake, Reservoir, Impoundment","n_found":20,"chemicals_found":"Acidity, (H+); Ammonia and ammonium; Biomass, plankton; Biomass/chlorophyll ratio; Chlorophyll; Chlorophyll a; Inorganic nitrogen (nitrate and nitrite); Nitrate; Nitrite; Nitrogen, mixed forms (NH3), (NH4), organic, (NO2) and (NO3); Organic Nitrogen; Oxygen; Pheophytin a; Phosphorus; Phycocyanins; Specific conductance; Temperature, water; Total dissolved solids; Turbidity; pH","latest_year":2018,"latest_detect":2018,"nearest_hazard":"Air Force Plant No. 68 (AFPLT 68)","nearest_m":2101.4,"source_db":"NWIS","chems":[],"src":"WQP"}},{"type":"Feature","geometry":{"type":"Point","coordinates":[-79.021389,43.278889]},"properties":{"well_id":"USGS-431644079011702","name":"D7-V10, Niagara River along East Embayment, NY","site_type":"Lake, Reservoir, Impoundment","n_found":16,"chemicals_found":"Acidity, (H+); Ammonia and ammonium; Chlorophyll; Inorganic nitrogen (nitrate and nitrite); Nitrate; Nitrite; Nitrogen, mixed forms (NH3), (NH4), organic, (NO2) and (NO3); Organic Nitrogen; Oxygen; Phosphorus; Phycocyanins; Specific conductance; Temperature, water; Total dissolved solids; Turbidity; pH","latest_year":2018,"latest_detect":2018,"nearest_hazard":"Air Force Plant No. 68 (AFPLT 68)","nearest_m":2101.4,"source_db":"NWIS","chems":[],"src":"WQP"}},{"type":"Feature","geometry":{"type":"Point","coordinates":[-79.021389,43.278889]},"properties":{"well_id":"USGS-431644079011703","name":"D7-V20, Niagara River along East Embayment, NY","site_type":"Lake, Reservoir, Impoundment","n_found":20,"chemicals_found":"Acidity, (H+); Ammonia and ammonium; Biomass, plankton; Biomass/chlorophyll ratio; Chlorophyll; Chlorophyll a; Inorganic nitrogen (nitrate and nitrite); Nitrate; Nitrite; Nitrogen, mixed forms (NH3), (NH4), organic, (NO2) and (NO3); Organic Nitrogen; Oxygen; Pheophytin a; Phosphorus; Phycocyanins; Specific conductance; Temperature, water; Total dissolved solids; Turbidity; pH","latest_year":2018,"latest_detect":2018,"nearest_hazard":"Air Force Plant No. 68 (AFPLT 68)","nearest_m":2101.4,"source_db":"NWIS","chems":[],"src":"WQP"}},{"type":"Feature","geometry":{"type":"Point","coordinates":[-79.0225,43.281667]},"properties":{"well_id":"USGS-431654079012101","name":"D8-V2, Niagara River along East Embayment, NY","site_type":"Lake, Reservoir, Impoundment","n_found":21,"chemicals_found":"Acidity, (H+); Ammonia and ammonium; Biomass, phytoplankton; Biomass, plankton; Biomass/chlorophyll ratio; Chlorophyll; Chlorophyll a; Inorganic nitrogen (nitrate and nitrite); Nitrate; Nitrite; Nitrogen, mixed forms (NH3), (NH4), organic, (NO2) and (NO3); Organic Nitrogen; Oxygen; Pheophytin a; Phosphorus; Phycocyanins; Specific conductance; Temperature, water; Total dissolved solids; Turbidity; pH","latest_year":2018,"latest_detect":2018,"nearest_hazard":"Air Force Plant No. 68 (AFPLT 68)","nearest_m":2415.5,"source_db":"NWIS","chems":[],"src":"WQP"}},{"type":"Feature","geometry":{"type":"Point","coordinates":[-79.0225,43.281667]},"properties":{"well_id":"USGS-431654079012102","name":"D8-V10, Niagara River along East Embayment, NY","site_type":"Lake, Reservoir, Impoundment","n_found":16,"chemicals_found":"Acidity, (H+); Ammonia and ammonium; Chlorophyll; Inorganic nitrogen (nitrate and nitrite); Nitrate; Nitrite; Nitrogen, mixed forms (NH3), (NH4), organic, (NO2) and (NO3); Organic Nitrogen; Oxygen; Phosphorus; Phycocyanins; Specific conductance; Temperature, water; Total dissolved solids; Turbidity; pH","latest_year":2018,"latest_detect":2018,"nearest_hazard":"Air Force Plant No. 68 (AFPLT 68)","nearest_m":2415.5,"source_db":"NWIS","chems":[],"src":"WQP"}},{"type":"Feature","geometry":{"type":"Point","coordinates":[-79.0225,43.281667]},"properties":{"well_id":"USGS-431654079012103","name":"D8-V20, Niagara River along East Embayment, NY","site_type":"Lake, Reservoir, Impoundment","n_found":21,"chemicals_found":"Acidity, (H+); Ammonia and ammonium; Biomass, phytoplankton; Biomass, plankton; Biomass/chlorophyll ratio; Chlorophyll; Chlorophyll a; Inorganic nitrogen (nitrate and nitrite); Nitrate; Nitrite; Nitrogen, mixed forms (NH3), (NH4), organic, (NO2) and (NO3); Organic Nitrogen; Oxygen; Pheophytin a; Phosphorus; Phycocyanins; Specific conductance; Temperature, water; Total dissolved solids; Turbidity; pH","latest_year":2018,"latest_detect":2018,"nearest_hazard":"Air Force Plant No. 68 (AFPLT 68)","nearest_m":2415.5,"source_db":"NWIS","chems":[],"src":"WQP"}},{"type":"Feature","geometry":{"type":"Point","coordinates":[-79.024722,43.286944]},"properties":{"well_id":"USGS-431713079012901","name":"D9-V2, Niagara River along East Embayment, NY","site_type":"Lake, Reservoir, Impoundment","n_found":18,"chemicals_found":"Acidity, (H+); Ammonia and ammonium; Biomass, plankton; Biomass/chlorophyll ratio; Chlorophyll a; Inorganic nitrogen (nitrate and nitrite); Nitrate; Nitrite; Nitrogen, mixed forms (NH3), (NH4), organic, (NO2) and (NO3); Organic Nitrogen; Oxygen; Pheophytin a; Phosphorus; Specific conductance; Temperature, water; Total dissolved solids; Turbidity; pH","latest_year":2016,"latest_detect":2016,"nearest_hazard":"Air Force Plant No. 68 (AFPLT 68)","nearest_m":3017.7,"source_db":"NWIS","chems":[],"src":"WQP"}},{"type":"Feature","geometry":{"type":"Point","coordinates":[-79.024722,43.286944]},"properties":{"well_id":"USGS-431713079012902","name":"D9-V10, Niagara River along East Embayment, NY","site_type":"Lake, Reservoir, Impoundment","n_found":14,"chemicals_found":"Acidity, (H+); Ammonia and ammonium; Inorganic nitrogen (nitrate and nitrite); Nitrate; Nitrite; Nitrogen, mixed forms (NH3), (NH4), organic, (NO2) and (NO3); Organic Nitrogen; Oxygen; Phosphorus; Specific conductance; Temperature, water; Total dissolved solids; Turbidity; pH","latest_year":2016,"latest_detect":2016,"nearest_hazard":"Air Force Plant No. 68 (AFPLT 68)","nearest_m":3017.7,"source_db":"NWIS","chems":[],"src":"WQP"}},{"type":"Feature","geometry":{"type":"Point","coordinates":[-79.024722,43.286944]},"properties":{"well_id":"USGS-431713079012903","name":"D9-V20, Niagara River along East Embayment, NY","site_type":"Lake, Reservoir, Impoundment","n_found":14,"chemicals_found":"Acidity, (H+); Ammonia and ammonium; Inorganic nitrogen (nitrate and nitrite); Nitrate; Nitrite; Nitrogen, mixed forms (NH3), (NH4), organic, (NO2) and (NO3); Organic Nitrogen; Oxygen; Phosphorus; Specific conductance; Temperature, water; Total dissolved solids; Turbidity; pH","latest_year":2016,"latest_detect":2016,"nearest_hazard":"Air Force Plant No. 68 (AFPLT 68)","nearest_m":3017.7,"source_db":"NWIS","chems":[],"src":"WQP"}},{"type":"Feature","geometry":{"type":"Point","coordinates":[-79.024722,43.286944]},"properties":{"well_id":"USGS-431713079012904","name":"D9-V30, Niagara River along East Embayment, NY","site_type":"Lake, Reservoir, Impoundment","n_found":18,"chemicals_found":"Acidity, (H+); Ammonia and ammonium; Biomass, plankton; Biomass/chlorophyll ratio; Chlorophyll a; Inorganic nitrogen (nitrate and nitrite); Nitrate; Nitrite; Nitrogen, mixed forms (NH3), (NH4), organic, (NO2) and (NO3); Organic Nitrogen; Oxygen; Pheophytin a; Phosphorus; Specific conductance; Temperature, water; Total dissolved solids; Turbidity; pH","latest_year":2016,"latest_detect":2016,"nearest_hazard":"Air Force Plant No. 68 (AFPLT 68)","nearest_m":3017.7,"source_db":"NWIS","chems":[],"src":"WQP"}},{"type":"Feature","geometry":{"type":"Point","coordinates":[-78.715019,43.306131]},"properties":{"well_id":"USGS-431822078425401","name":"EIGHTEENMILE CREEK ABOVE DRAKE RD AT BURT NY","site_type":"Stream","n_found":72,"chemicals_found":".beta.-Sitosterol; 1,3,4,6,7,8-Hexahydro-4,6,6,7,8,8-hexamethylcyclopenta[g]-2-benzopyran; 1-(3,4-dichlorophenyl)-3-methyl urea; 2,4-D; 2-Chloro-4,6-diamino-s-triazine; 2-Chloro-4-isopropylamino-6-amino-s-triazine; 2-Hydroxyatrazine; 2-Isopropyl-6-methyl-4-pyrimidinol; Acetamide, 2-(diethylamino)-N-(2,6-dimethylphenyl)-; Acidity, (H+); Acyclovir; Anthraquinone; Atrazine; Azoxystrobin; Bentazon; Benzophenone; Bupropion; Butachlor ESA; Caffeine; Carbamazepine; Carbaryl; Carbendazim; Chlorpyrifos; Citalopram; Cotinine; Decafluorobiphenyl; Dechlorometolachlor; Deethylhydroxyatrazine; Desisopropyl atrazine; Desmethylvenlafaxine; Diltiazem; Dimethachlor sulfonic acid; Ethanamine, 2-(diphenylmethoxy)-N,N-dimethyl-; Famotidine; Fexofenadine; Fluconazole; Fluoranthene; Hydroxymetolachlor; Imidacloprid; Indole; Meprobamate; Metformin; Methocarbamol; Methoxyfenozide; Metochlor ESA; Metolachlor; Metoprolol; Metribuzin DA; N,N-Diethyl-m-toluamide; Organic carbon; Oxygen; Phenanthrene; Prometon; Propazine; Pseudoephedrine/Ephedrine mix; Pyrene; Sitagliptin; Specific conductance; Sulfamethoxazole; Sulfometuron methyl; Temperature, water; Tolyl triazole; Total solids; Tramadol; Triamterene; Triethyl citrate; Trimethoprim; Tris(1,3-dichloro-2-propyl)phosphate; Tris(2-butoxyethyl) phosphate; Tris(2-chloroethyl) phosphate; Venlafaxine; pH","latest_year":2019,"latest_detect":2019,"nearest_hazard":"Noury Chemicals","nearest_m":758.4,"source_db":"NWIS","chems":["Atrazine"],"src":"WQP"}},{"type":"Feature","geometry":{"type":"Point","coordinates":[-78.721833,43.338972]},"properties":{"well_id":"USGS-432020078431901","name":"LAKE ONTARIO AT OLCOTT, NY","site_type":"Lake, Reservoir, Impoundment","n_found":58,"chemicals_found":"1,2,3,4,6,7,8,9-Octachlorodibenzo-p-dioxin; 1,2,3,4,6,7,8,9-Octachlorodibenzofuran; 1,2,3,4,6,7,8-Heptachlorodibenzo-p-dioxin; 1,2,3,4,6,7,8-Heptachlorodibenzofuran; 1,2,3,4,7,8,9-Heptachlorodibenzofuran; 1,2,3,6,7,8-Hexachlorodibenzo-p-dioxin; 1,2,3,7,8,9-Hexachlorodibenzo-p-dioxin; 1,2,3,7,8,9-Hexachlorodibenzofuran; 1,2,3,7,8-Pentachlorodibenzofuran; Acetamide, 2-(diethylamino)-N-(2,6-dimethylphenyl)-; Acidity, (H+); Alkalinity; Ammonia and ammonium; Arsenic; Atrazine; Boron; Caffeine; Carbon dioxide; Chloride; Chlorophyll; Chlorophyll a; Copper; Desmethylvenlafaxine; Fexofenadine; Inorganic nitrogen (nitrate and nitrite); Iron; Light, photosynthetic active radiation (PAR); Manganese; Metformin; Methocarbamol; Molybdenum; Nickel; Nitrate; Nitrite; Nitrogen, mixed forms (NH3), (NH4), organic, (NO2) and (NO3); Organic Nitrogen; Orthophosphate; Oxygen; PFOA ion; Perfluorobutanesulfonate; Perfluorobutanoate; Perfluoroheptanoate; Perfluorohexanesulfonate; Perfluorohexanoate; Perfluorononanoate; Perfluorooctanesulfonate; Perfluoropentanoate; Pheophytin a; Phosphorus; Phycocyanins; Sodium; Specific conductance; Sulfamethoxazole; Temperature, water; Total suspended solids; Turbidity; Venlafaxine; pH","latest_year":2023,"latest_detect":2023,"nearest_hazard":"Noury Chemicals","nearest_m":3092.3,"source_db":"NWIS","chems":["Arsenic","PFAS (PFOA/PFOS)","Dioxins / furans","Atrazine"],"src":"WQP"}},{"type":"Feature","geometry":{"type":"Point","coordinates":[-78.692222,43.342222]},"properties":{"well_id":"USGS-432032078413201","name":"C1-V2, Eighteenmile Creek East Embayment, NY","site_type":"Lake, Reservoir, Impoundment","n_found":20,"chemicals_found":"Acidity, (H+); Ammonia and ammonium; Biomass, plankton; Biomass/chlorophyll ratio; Chlorophyll; Chlorophyll a; Inorganic nitrogen (nitrate and nitrite); Nitrate; Nitrite; Nitrogen, mixed forms (NH3), (NH4), organic, (NO2) and (NO3); Organic Nitrogen; Oxygen; Pheophytin a; Phosphorus; Phycocyanins; Specific conductance; Temperature, water; Total dissolved solids; Turbidity; pH","latest_year":2018,"latest_detect":2018,"nearest_hazard":"AKZO Chemicals Inc.","nearest_m":3558.4,"source_db":"NWIS","chems":[],"src":"WQP"}},{"type":"Feature","geometry":{"type":"Point","coordinates":[-78.6925,43.342778]},"properties":{"well_id":"USGS-432034078413301","name":"C2-V2, Eighteenmile Creek East Embayment, NY","site_type":"Lake, Reservoir, Impoundment","n_found":20,"chemicals_found":"Acidity, (H+); Ammonia and ammonium; Biomass, plankton; Biomass/chlorophyll ratio; Chlorophyll; Chlorophyll a; Inorganic nitrogen (nitrate and nitrite); Nitrate; Nitrite; Nitrogen, mixed forms (NH3), (NH4), organic, (NO2) and (NO3); Organic Nitrogen; Oxygen; Pheophytin a; Phosphorus; Phycocyanins; Specific conductance; Temperature, water; Total dissolved solids; Turbidity; pH","latest_year":2018,"latest_detect":2018,"nearest_hazard":"AKZO Chemicals Inc.","nearest_m":3608.1,"source_db":"NWIS","chems":[],"src":"WQP"}},{"type":"Feature","geometry":{"type":"Point","coordinates":[-78.692222,43.343056]},"properties":{"well_id":"USGS-432034078413302","name":"C3-V10, Eighteenmile Creek East Embayment, NY","site_type":"Lake, Reservoir, Impoundment","n_found":15,"chemicals_found":"Acidity, (H+); Biomass, plankton; Chlorophyll a; Inorganic nitrogen (nitrate and nitrite); Nitrate; Nitrite; Nitrogen, mixed forms (NH3), (NH4), organic, (NO2) and (NO3); Oxygen; Pheophytin a; Phosphorus; Specific conductance; Temperature, water; Total dissolved solids; Turbidity; pH","latest_year":2016,"latest_detect":2016,"nearest_hazard":"AKZO Chemicals Inc.","nearest_m":3644.9,"source_db":"NWIS","chems":[],"src":"WQP"}},{"type":"Feature","geometry":{"type":"Point","coordinates":[-78.692222,43.343056]},"properties":{"well_id":"USGS-432035078413301","name":"C3-V2, Eighteenmile Creek East Embayment, NY","site_type":"Lake, Reservoir, Impoundment","n_found":20,"chemicals_found":"Acidity, (H+); Ammonia and ammonium; Biomass, plankton; Biomass/chlorophyll ratio; Chlorophyll; Chlorophyll a; Inorganic nitrogen (nitrate and nitrite); Nitrate; Nitrite; Nitrogen, mixed forms (NH3), (NH4), organic, (NO2) and (NO3); Organic Nitrogen; Oxygen; Pheophytin a; Phosphorus; Phycocyanins; Specific conductance; Temperature, water; Total dissolved solids; Turbidity; pH","latest_year":2018,"latest_detect":2018,"nearest_hazard":"AKZO Chemicals Inc.","nearest_m":3644.9,"source_db":"NWIS","chems":[],"src":"WQP"}},{"type":"Feature","geometry":{"type":"Point","coordinates":[-78.6925,43.343056]},"properties":{"well_id":"USGS-432035078413302","name":"C3-V10, Eighteenmile Creek along East Embayment NY","site_type":"Lake, Reservoir, Impoundment","n_found":20,"chemicals_found":"Acidity, (H+); Ammonia and ammonium; Biomass, plankton; Biomass/chlorophyll ratio; Chlorophyll; Chlorophyll a; Inorganic nitrogen (nitrate and nitrite); Nitrate; Nitrite; Nitrogen, mixed forms (NH3), (NH4), organic, (NO2) and (NO3); Organic Nitrogen; Oxygen; Pheophytin a; Phosphorus; Phycocyanins; Specific conductance; Temperature, water; Total dissolved solids; Turbidity; pH","latest_year":2018,"latest_detect":2018,"nearest_hazard":"AKZO Chemicals Inc.","nearest_m":3637.0,"source_db":"NWIS","chems":[],"src":"WQP"}},{"type":"Feature","geometry":{"type":"Point","coordinates":[-78.692778,43.343333]},"properties":{"well_id":"USGS-432036078413401","name":"C4-V2, Eighteenmile Creek East Embayment, NY","site_type":"Lake, Reservoir, Impoundment","n_found":20,"chemicals_found":"Acidity, (H+); Ammonia and ammonium; Biomass, plankton; Biomass/chlorophyll ratio; Chlorophyll; Chlorophyll a; Inorganic nitrogen (nitrate and nitrite); Nitrate; Nitrite; Nitrogen, mixed forms (NH3), (NH4), organic, (NO2) and (NO3); Organic Nitrogen; Oxygen; Pheophytin a; Phosphorus; Phycocyanins; Specific conductance; Temperature, water; Total dissolved solids; Turbidity; pH","latest_year":2018,"latest_detect":2018,"nearest_hazard":"AKZO Chemicals Inc.","nearest_m":3658.3,"source_db":"NWIS","chems":[],"src":"WQP"}},{"type":"Feature","geometry":{"type":"Point","coordinates":[-78.692778,43.343333]},"properties":{"well_id":"USGS-432036078413402","name":"C4-V10, Eighteenmile Creek East Embayment, NY","site_type":"Lake, Reservoir, Impoundment","n_found":20,"chemicals_found":"Acidity, (H+); Ammonia and ammonium; Biomass, plankton; Biomass/chlorophyll ratio; Chlorophyll; Chlorophyll a; Inorganic nitrogen (nitrate and nitrite); Nitrate; Nitrite; Nitrogen, mixed forms (NH3), (NH4), organic, (NO2) and (NO3); Organic Nitrogen; Oxygen; Pheophytin a; Phosphorus; Phycocyanins; Specific conductance; Temperature, water; Total dissolved solids; Turbidity; pH","latest_year":2018,"latest_detect":2018,"nearest_hazard":"AKZO Chemicals Inc.","nearest_m":3658.3,"source_db":"NWIS","chems":[],"src":"WQP"}},{"type":"Feature","geometry":{"type":"Point","coordinates":[-78.693333,43.344722]},"properties":{"well_id":"USGS-432041078413601","name":"C5-V2, Eighteenmile Creek East Embayment, NY","site_type":"Lake, Reservoir, Impoundment","n_found":20,"chemicals_found":"Acidity, (H+); Ammonia and ammonium; Biomass, plankton; Biomass/chlorophyll ratio; Chlorophyll; Chlorophyll a; Inorganic nitrogen (nitrate and nitrite); Nitrate; Nitrite; Nitrogen, mixed forms (NH3), (NH4), organic, (NO2) and (NO3); Organic Nitrogen; Oxygen; Pheophytin a; Phosphorus; Phycocyanins; Specific conductance; Temperature, water; Total dissolved solids; Turbidity; pH","latest_year":2018,"latest_detect":2018,"nearest_hazard":"AKZO Chemicals Inc.","nearest_m":3789.4,"source_db":"NWIS","chems":[],"src":"WQP"}},{"type":"Feature","geometry":{"type":"Point","coordinates":[-78.693333,43.344722]},"properties":{"well_id":"USGS-432041078413602","name":"C5-V10, Eighteenmile Creek East Embayment, NY","site_type":"Lake, Reservoir, Impoundment","n_found":20,"chemicals_found":"Acidity, (H+); Ammonia and ammonium; Biomass, plankton; Biomass/chlorophyll ratio; Chlorophyll; Chlorophyll a; Inorganic nitrogen (nitrate and nitrite); Nitrate; Nitrite; Nitrogen, mixed forms (NH3), (NH4), organic, (NO2) and (NO3); Organic Nitrogen; Oxygen; Pheophytin a; Phosphorus; Phycocyanins; Specific conductance; Temperature, water; Total dissolved solids; Turbidity; pH","latest_year":2018,"latest_detect":2018,"nearest_hazard":"AKZO Chemicals Inc.","nearest_m":3789.4,"source_db":"NWIS","chems":[],"src":"WQP"}},{"type":"Feature","geometry":{"type":"Point","coordinates":[-78.693889,43.346111]},"properties":{"well_id":"USGS-432046078413801","name":"C6-V2, Eighteenmile Creek East Embayment, NY","site_type":"Lake, Reservoir, Impoundment","n_found":20,"chemicals_found":"Acidity, (H+); Ammonia and ammonium; Biomass, plankton; Biomass/chlorophyll ratio; Chlorophyll; Chlorophyll a; Inorganic nitrogen (nitrate and nitrite); Nitrate; Nitrite; Nitrogen, mixed forms (NH3), (NH4), organic, (NO2) and (NO3); Organic Nitrogen; Oxygen; Pheophytin a; Phosphorus; Phycocyanins; Specific conductance; Temperature, water; Total dissolved solids; Turbidity; pH","latest_year":2018,"latest_detect":2018,"nearest_hazard":"AKZO Chemicals Inc.","nearest_m":3922.7,"source_db":"NWIS","chems":[],"src":"WQP"}},{"type":"Feature","geometry":{"type":"Point","coordinates":[-78.693889,43.346111]},"properties":{"well_id":"USGS-432046078413802","name":"C6-V10, Eighteenmile Creek East Embayment, NY","site_type":"Lake, Reservoir, Impoundment","n_found":16,"chemicals_found":"Acidity, (H+); Ammonia and ammonium; Chlorophyll; Inorganic nitrogen (nitrate and nitrite); Nitrate; Nitrite; Nitrogen, mixed forms (NH3), (NH4), organic, (NO2) and (NO3); Organic Nitrogen; Oxygen; Phosphorus; Phycocyanins; Specific conductance; Temperature, water; Total dissolved solids; Turbidity; pH","latest_year":2018,"latest_detect":2018,"nearest_hazard":"AKZO Chemicals Inc.","nearest_m":3922.7,"source_db":"NWIS","chems":[],"src":"WQP"}},{"type":"Feature","geometry":{"type":"Point","coordinates":[-78.693889,43.346111]},"properties":{"well_id":"USGS-432046078413803","name":"C6-V20, Eighteenmile Creek East Embayment, NY","site_type":"Lake, Reservoir, Impoundment","n_found":19,"chemicals_found":"Acidity, (H+); Ammonia and ammonium; Biomass, plankton; Biomass/chlorophyll ratio; Chlorophyll; Chlorophyll a; Inorganic nitrogen (nitrate and nitrite); Nitrate; Nitrite; Nitrogen, mixed forms (NH3), (NH4), organic, (NO2) and (NO3); Organic Nitrogen; Oxygen; Pheophytin a; Phosphorus; Specific conductance; Temperature, water; Total dissolved solids; Turbidity; pH","latest_year":2018,"latest_detect":2018,"nearest_hazard":"AKZO Chemicals Inc.","nearest_m":3922.7,"source_db":"NWIS","chems":[],"src":"WQP"}},{"type":"Feature","geometry":{"type":"Point","coordinates":[-78.694722,43.3475]},"properties":{"well_id":"USGS-432051078414101","name":"C7-V2, Eighteenmile Creek East Embayment, NY","site_type":"Lake, Reservoir, Impoundment","n_found":19,"chemicals_found":"Acidity, (H+); Ammonia and ammonium; Biomass, plankton; Biomass/chlorophyll ratio; Chlorophyll; Chlorophyll a; Inorganic nitrogen (nitrate and nitrite); Nitrate; Nitrite; Nitrogen, mixed forms (NH3), (NH4), organic, (NO2) and (NO3); Organic Nitrogen; Oxygen; Pheophytin a; Phosphorus; Specific conductance; Temperature, water; Total dissolved solids; Turbidity; pH","latest_year":2018,"latest_detect":2018,"nearest_hazard":"AKZO Chemicals Inc.","nearest_m":4051.9,"source_db":"NWIS","chems":[],"src":"WQP"}},{"type":"Feature","geometry":{"type":"Point","coordinates":[-78.694722,43.3475]},"properties":{"well_id":"USGS-432051078414102","name":"C7-V10, Eighteenmile Creek East Embayment, NY","site_type":"Lake, Reservoir, Impoundment","n_found":16,"chemicals_found":"Acidity, (H+); Ammonia and ammonium; Chlorophyll; Inorganic nitrogen (nitrate and nitrite); Nitrate; Nitrite; Nitrogen, mixed forms (NH3), (NH4), organic, (NO2) and (NO3); Organic Nitrogen; Oxygen; Phosphorus; Phycocyanins; Specific conductance; Temperature, water; Total dissolved solids; Turbidity; pH","latest_year":2018,"latest_detect":2018,"nearest_hazard":"AKZO Chemicals Inc.","nearest_m":4051.9,"source_db":"NWIS","chems":[],"src":"WQP"}},{"type":"Feature","geometry":{"type":"Point","coordinates":[-78.694722,43.3475]},"properties":{"well_id":"USGS-432051078414103","name":"C7-V20, Eighteenmile Creek East Embayment, NY","site_type":"Lake, Reservoir, Impoundment","n_found":20,"chemicals_found":"Acidity, (H+); Ammonia and ammonium; Biomass, plankton; Biomass/chlorophyll ratio; Chlorophyll; Chlorophyll a; Inorganic nitrogen (nitrate and nitrite); Nitrate; Nitrite; Nitrogen, mixed forms (NH3), (NH4), organic, (NO2) and (NO3); Organic Nitrogen; Oxygen; Pheophytin a; Phosphorus; Phycocyanins; Specific conductance; Temperature, water; Total dissolved solids; Turbidity; pH","latest_year":2018,"latest_detect":2018,"nearest_hazard":"AKZO Chemicals Inc.","nearest_m":4051.9,"source_db":"NWIS","chems":[],"src":"WQP"}},{"type":"Feature","geometry":{"type":"Point","coordinates":[-78.695833,43.349972]},"properties":{"well_id":"USGS-432060078414501","name":"C8-V2, Eighteenmile Creek East Embayment, NY","site_type":"Lake, Reservoir, Impoundment","n_found":20,"chemicals_found":"Acidity, (H+); Ammonia and ammonium; Biomass, plankton; Biomass/chlorophyll ratio; Chlorophyll; Chlorophyll a; Inorganic nitrogen (nitrate and nitrite); Nitrate; Nitrite; Nitrogen, mixed forms (NH3), (NH4), organic, (NO2) and (NO3); Organic Nitrogen; Oxygen; Pheophytin a; Phosphorus; Phycocyanins; Specific conductance; Temperature, water; Total dissolved solids; Turbidity; pH","latest_year":2018,"latest_detect":2018,"nearest_hazard":"AKZO Chemicals Inc.","nearest_m":4295.5,"source_db":"NWIS","chems":[],"src":"WQP"}},{"type":"Feature","geometry":{"type":"Point","coordinates":[-78.695833,43.349972]},"properties":{"well_id":"USGS-432060078414502","name":"C8-V10, Eighteenmile Creek East Embayment, NY","site_type":"Lake, Reservoir, Impoundment","n_found":16,"chemicals_found":"Acidity, (H+); Ammonia and ammonium; Chlorophyll; Inorganic nitrogen (nitrate and nitrite); Nitrate; Nitrite; Nitrogen, mixed forms (NH3), (NH4), organic, (NO2) and (NO3); Organic Nitrogen; Oxygen; Phosphorus; Phycocyanins; Specific conductance; Temperature, water; Total dissolved solids; Turbidity; pH","latest_year":2018,"latest_detect":2018,"nearest_hazard":"AKZO Chemicals Inc.","nearest_m":4295.5,"source_db":"NWIS","chems":[],"src":"WQP"}},{"type":"Feature","geometry":{"type":"Point","coordinates":[-78.695833,43.349972]},"properties":{"well_id":"USGS-432060078414503","name":"C8-V20, Eighteenmile Creek East Embayment, NY","site_type":"Lake, Reservoir, Impoundment","n_found":15,"chemicals_found":"Acidity, (H+); Ammonia and ammonium; Chlorophyll; Inorganic nitrogen (nitrate and nitrite); Nitrate; Nitrite; Nitrogen, mixed forms (NH3), (NH4), organic, (NO2) and (NO3); Organic Nitrogen; Oxygen; Phosphorus; Specific conductance; Temperature, water; Total dissolved solids; Turbidity; pH","latest_year":2018,"latest_detect":2018,"nearest_hazard":"AKZO Chemicals Inc.","nearest_m":4295.5,"source_db":"NWIS","chems":[],"src":"WQP"}},{"type":"Feature","geometry":{"type":"Point","coordinates":[-78.695833,43.349972]},"properties":{"well_id":"USGS-432060078414504","name":"C8-V30, Eighteenmile Creek East Embayment, NY","site_type":"Lake, Reservoir, Impoundment","n_found":20,"chemicals_found":"Acidity, (H+); Ammonia and ammonium; Biomass, plankton; Biomass/chlorophyll ratio; Chlorophyll; Chlorophyll a; Inorganic nitrogen (nitrate and nitrite); Nitrate; Nitrite; Nitrogen, mixed forms (NH3), (NH4), organic, (NO2) and (NO3); Organic Nitrogen; Oxygen; Pheophytin a; Phosphorus; Phycocyanins; Specific conductance; Temperature, water; Total dissolved solids; Turbidity; pH","latest_year":2018,"latest_detect":2018,"nearest_hazard":"AKZO Chemicals Inc.","nearest_m":4295.5,"source_db":"NWIS","chems":[],"src":"WQP"}},{"type":"Feature","geometry":{"type":"Point","coordinates":[-78.698056,43.355278]},"properties":{"well_id":"USGS-432119078415301","name":"C9-V2, Eighteenmile Creek East Embayment, NY","site_type":"Lake, Reservoir, Impoundment","n_found":20,"chemicals_found":"Acidity, (H+); Ammonia and ammonium; Biomass, plankton; Biomass/chlorophyll ratio; Chlorophyll; Chlorophyll a; Inorganic nitrogen (nitrate and nitrite); Nitrate; Nitrite; Nitrogen, mixed forms (NH3), (NH4), organic, (NO2) and (NO3); Organic Nitrogen; Oxygen; Pheophytin a; Phosphorus; Phycocyanins; Specific conductance; Temperature, water; Total dissolved solids; Turbidity; pH","latest_year":2018,"latest_detect":2018,"nearest_hazard":"AKZO Chemicals Inc.","nearest_m":4837.5,"source_db":"NWIS","chems":[],"src":"WQP"}},{"type":"Feature","geometry":{"type":"Point","coordinates":[-78.698056,43.355278]},"properties":{"well_id":"USGS-432119078415302","name":"C9-V10, Eighteenmile Creek East Embayment, NY","site_type":"Lake, Reservoir, Impoundment","n_found":16,"chemicals_found":"Acidity, (H+); Ammonia and ammonium; Chlorophyll; Inorganic nitrogen (nitrate and nitrite); Nitrate; Nitrite; Nitrogen, mixed forms (NH3), (NH4), organic, (NO2) and (NO3); Organic Nitrogen; Oxygen; Phosphorus; Phycocyanins; Specific conductance; Temperature, water; Total dissolved solids; Turbidity; pH","latest_year":2018,"latest_detect":2018,"nearest_hazard":"AKZO Chemicals Inc.","nearest_m":4837.5,"source_db":"NWIS","chems":[],"src":"WQP"}},{"type":"Feature","geometry":{"type":"Point","coordinates":[-78.698056,43.355278]},"properties":{"well_id":"USGS-432119078415303","name":"C9-V20, Eighteenmile Creek East Embayment, NY","site_type":"Lake, Reservoir, Impoundment","n_found":16,"chemicals_found":"Acidity, (H+); Ammonia and ammonium; Chlorophyll; Inorganic nitrogen (nitrate and nitrite); Nitrate; Nitrite; Nitrogen, mixed forms (NH3), (NH4), organic, (NO2) and (NO3); Organic Nitrogen; Oxygen; Phosphorus; Phycocyanins; Specific conductance; Temperature, water; Total dissolved solids; Turbidity; pH","latest_year":2018,"latest_detect":2018,"nearest_hazard":"AKZO Chemicals Inc.","nearest_m":4837.5,"source_db":"NWIS","chems":[],"src":"WQP"}},{"type":"Feature","geometry":{"type":"Point","coordinates":[-78.698056,43.355278]},"properties":{"well_id":"USGS-432119078415304","name":"C9-V30, Eighteenmile Creek East Embayment, NY","site_type":"Lake, Reservoir, Impoundment","n_found":16,"chemicals_found":"Acidity, (H+); Ammonia and ammonium; Chlorophyll; Inorganic nitrogen (nitrate and nitrite); Nitrate; Nitrite; Nitrogen, mixed forms (NH3), (NH4), organic, (NO2) and (NO3); Organic Nitrogen; Oxygen; Phosphorus; Phycocyanins; Specific conductance; Temperature, water; Total dissolved solids; Turbidity; pH","latest_year":2018,"latest_detect":2018,"nearest_hazard":"AKZO Chemicals Inc.","nearest_m":4837.5,"source_db":"NWIS","chems":[],"src":"WQP"}},{"type":"Feature","geometry":{"type":"Point","coordinates":[-78.698056,43.355278]},"properties":{"well_id":"USGS-432119078415305","name":"C9-V40, Eighteenmile Creek East Embayment, NY","site_type":"Lake, Reservoir, Impoundment","n_found":20,"chemicals_found":"Acidity, (H+); Ammonia and ammonium; Biomass, plankton; Biomass/chlorophyll ratio; Chlorophyll; Chlorophyll a; Inorganic nitrogen (nitrate and nitrite); Nitrate; Nitrite; Nitrogen, mixed forms (NH3), (NH4), organic, (NO2) and (NO3); Organic Nitrogen; Oxygen; Pheophytin a; Phosphorus; Phycocyanins; Specific conductance; Temperature, water; Total dissolved solids; Turbidity; pH","latest_year":2018,"latest_detect":2018,"nearest_hazard":"AKZO Chemicals Inc.","nearest_m":4837.5,"source_db":"NWIS","chems":[],"src":"WQP"}},{"type":"Feature","geometry":{"type":"Point","coordinates":[-78.698056,43.355278]},"properties":{"well_id":"USGS-432119078415306","name":"C9-V50, Eighteenmile Creek along East Embayment NY","site_type":"Lake, Reservoir, Impoundment","n_found":18,"chemicals_found":"Acidity, (H+); Ammonia and ammonium; Biomass, plankton; Biomass/chlorophyll ratio; Chlorophyll a; Inorganic nitrogen (nitrate and nitrite); Nitrate; Nitrite; Nitrogen, mixed forms (NH3), (NH4), organic, (NO2) and (NO3); Organic Nitrogen; Oxygen; Pheophytin a; Phosphorus; Specific conductance; Temperature, water; Total dissolved solids; Turbidity; pH","latest_year":2016,"latest_detect":2016,"nearest_hazard":"AKZO Chemicals Inc.","nearest_m":4837.5,"source_db":"NWIS","chems":[],"src":"WQP"}}]}